textid	target	model	tokenizer	predicted	prob	excitement	nervousness	fear	joy	pride	neutral	surprise	sadness	confusion	embarrassment	anger	disgust
0	joy	../Syntropy_Result_Finals/Models/Model_Unsliced_Go_Emotion	../Syntropy_Result_Finals/Models/Model_Unsliced_Go_Emotion	excitement	0.650566041469574	0.650566041469574	0.2248380184173584	0.032595016062259674	0.03203258290886879	0.016274303197860718	0.01418900303542614	0.010228701867163181	0.007802972570061684	0.0041111973114311695	0.003956628497689962	0.0017909870948642492	0.0016145107802003622
1	neutral	../Syntropy_Result_Finals/Models/Model_Unsliced_Go_Emotion	../Syntropy_Result_Finals/Models/Model_Unsliced_Go_Emotion	neutral	0.8972316384315491	0.015273443423211575	0.001094228122383356	0.0005520581034943461	0.0662713497877121	0.008489953354001045	0.8972316384315491	0.0007781340391375124	0.003509106347337365	0.0012971862452104688	0.000807580363471061	0.003663417650386691	0.0010318676941096783
2	joy	../Syntropy_Result_Finals/Models/Model_Unsliced_Go_Emotion	../Syntropy_Result_Finals/Models/Model_Unsliced_Go_Emotion	joy	0.9203896522521973	0.04554745927453041	0.0005674688145518303	0.0003459737345110625	0.9203896522521973	0.003773452714085579	0.0214921236038208	0.0031389473006129265	0.001298877876251936	0.002047564135864377	0.00032125759753398597	0.00039479651604779065	0.0006823755684308708
3	neutral	../Syntropy_Result_Finals/Models/Model_Unsliced_Go_Emotion	../Syntropy_Result_Finals/Models/Model_Unsliced_Go_Emotion	joy	0.7719385623931885	0.1751387119293213	0.0006927117356099188	0.0004198723181616515	0.7719385623931885	0.00431995652616024	0.04014682397246361	0.0031362527515739202	0.0011717755114659667	0.0015850827330723405	0.00033761683152988553	0.00046551728155463934	0.000647157256025821
4	joy	../Syntropy_Result_Finals/Models/Model_Unsliced_Go_Emotion	../Syntropy_Result_Finals/Models/Model_Unsliced_Go_Emotion	joy	0.8678743839263916	0.01406953576952219	0.0026200960855931044	0.0012400972191244364	0.8678743839263916	0.011864686384797096	0.036771003156900406	0.0013896129094064236	0.059615910053253174	0.0019998052157461643	0.0008024967391975224	0.0005567021435126662	0.001195632852613926
5	nervousness	../Syntropy_Result_Finals/Models/Model_Unsliced_Go_Emotion	../Syntropy_Result_Finals/Models/Model_Unsliced_Go_Emotion	sadness	0.949776291847229	0.0005467324517667294	0.005866873078048229	0.0030094056855887175	0.004235685802996159	0.0009213326848112047	0.019235704094171524	0.0003257616772316396	0.949776291847229	0.001591876964084804	0.0025808655191212893	0.006001465022563934	0.0059080119244754314
6	pride	../Syntropy_Result_Finals/Models/Model_Unsliced_Go_Emotion	../Syntropy_Result_Finals/Models/Model_Unsliced_Go_Emotion	neutral	0.8992019295692444	0.05862126499414444	0.0018439479172229767	0.0007085410179570317	0.02356812357902527	0.005315340124070644	0.8992019295692444	0.004271349869668484	0.001674972241744399	0.0025848583318293095	0.0006782101118005812	0.0009377530077472329	0.000593636417761445
7	pride	../Syntropy_Result_Finals/Models/Model_Unsliced_Go_Emotion	../Syntropy_Result_Finals/Models/Model_Unsliced_Go_Emotion	pride	0.8080392479896545	0.035267412662506104	0.0061879837885499	0.001993686193600297	0.04916781559586525	0.8080392479896545	0.03639871999621391	0.014716194942593575	0.014492829330265522	0.0047561912797391415	0.01845150627195835	0.00655759684741497	0.003970851190388203
8	pride	../Syntropy_Result_Finals/Models/Model_Unsliced_Go_Emotion	../Syntropy_Result_Finals/Models/Model_Unsliced_Go_Emotion	sadness	0.4219709038734436	0.019093293696641922	0.010784195736050606	0.004678464960306883	0.36511170864105225	0.007118536625057459	0.13443230092525482	0.002019293373450637	0.4219709038734436	0.003156027989462018	0.006885947659611702	0.007870478555560112	0.01687881536781788
9	joy	../Syntropy_Result_Finals/Models/Model_Unsliced_Go_Emotion	../Syntropy_Result_Finals/Models/Model_Unsliced_Go_Emotion	neutral	0.8920348882675171	0.01508492510765791	0.0020316520240157843	0.0008431631722487509	0.049781251698732376	0.020015474408864975	0.8920348882675171	0.0018757376819849014	0.01120989304035902	0.002512022154405713	0.001408756128512323	0.002329134149476886	0.0008732220740057528
10	joy	../Syntropy_Result_Finals/Models/Model_Unsliced_Go_Emotion	../Syntropy_Result_Finals/Models/Model_Unsliced_Go_Emotion	joy	0.7303001880645752	0.07055601477622986	0.0008887497242540121	0.0004486043762881309	0.7303001880645752	0.006047395523637533	0.18132272362709045	0.002568398369476199	0.0029247114434838295	0.0015151109546422958	0.0007212517666630447	0.0010748791974037886	0.0016319724963977933
11	joy	../Syntropy_Result_Finals/Models/Model_Unsliced_Go_Emotion	../Syntropy_Result_Finals/Models/Model_Unsliced_Go_Emotion	excitement	0.4905245006084442	0.4905245006084442	0.0007550854352302849	0.0004153256886638701	0.47055739164352417	0.009213661774992943	0.020398903638124466	0.004404759034514427	0.000978705007582903	0.0010989372385665774	0.00040561455534771085	0.0006221887888386846	0.0006249278667382896
12	pride	../Syntropy_Result_Finals/Models/Model_Unsliced_Go_Emotion	../Syntropy_Result_Finals/Models/Model_Unsliced_Go_Emotion	joy	0.8008372783660889	0.05965122953057289	0.0009559303871355951	0.0004858373140450567	0.8008372783660889	0.023707717657089233	0.1035294160246849	0.0015805563889443874	0.005766386166214943	0.0013022477505728602	0.0006581837660633028	0.0007682244176976383	0.0007571037276647985
13	excitement	../Syntropy_Result_Finals/Models/Model_Unsliced_Go_Emotion	../Syntropy_Result_Finals/Models/Model_Unsliced_Go_Emotion	joy	0.4386744499206543	0.4077078700065613	0.0016579094808548689	0.0005884263082407415	0.4386744499206543	0.05051540583372116	0.0843680202960968	0.00970379076898098	0.0016583838732913136	0.001597049878910184	0.0011981913121417165	0.0012659599306061864	0.0010645831935107708
14	excitement	../Syntropy_Result_Finals/Models/Model_Unsliced_Go_Emotion	../Syntropy_Result_Finals/Models/Model_Unsliced_Go_Emotion	joy	0.6896542310714722	0.13041003048419952	0.0009783027926459908	0.0005549787892960012	0.6896542310714722	0.01564224250614643	0.1547103226184845	0.0019795948173850775	0.0022920884657651186	0.0011227336945012212	0.0006715605850331485	0.0010534750763326883	0.0009305450366809964
15	pride	../Syntropy_Result_Finals/Models/Model_Unsliced_Go_Emotion	../Syntropy_Result_Finals/Models/Model_Unsliced_Go_Emotion	joy	0.8793201446533203	0.04869914799928665	0.00044086104026064277	0.00026087291189469397	0.8793201446533203	0.005159772001206875	0.060504648834466934	0.001380019006319344	0.0014082570560276508	0.0013158359797671437	0.000356645614374429	0.0005032162880524993	0.0006504988996312022
16	neutral	../Syntropy_Result_Finals/Models/Model_Unsliced_Go_Emotion	../Syntropy_Result_Finals/Models/Model_Unsliced_Go_Emotion	joy	0.49803829193115234	0.3010502755641937	0.0009225495741702616	0.0005213965778239071	0.49803829193115234	0.02801346965134144	0.16054177284240723	0.004177659749984741	0.0016132195014506578	0.0014813378220424056	0.0007173732155933976	0.001917763613164425	0.0010049387346953154
17	sadness	../Syntropy_Result_Finals/Models/Model_Unsliced_Go_Emotion	../Syntropy_Result_Finals/Models/Model_Unsliced_Go_Emotion	sadness	0.9222066402435303	0.0006360039697028697	0.017344189807772636	0.009177184663712978	0.003225769614800811	0.0009722191607579589	0.03791341558098793	0.0003883848839905113	0.9222066402435303	0.0017559953266754746	0.001757291262038052	0.0017341254279017448	0.002888759598135948
18	nervousness	../Syntropy_Result_Finals/Models/Model_Unsliced_Go_Emotion	../Syntropy_Result_Finals/Models/Model_Unsliced_Go_Emotion	neutral	0.9286405444145203	0.0030560798477381468	0.004460766911506653	0.0022306812461465597	0.00473406258970499	0.004572357516735792	0.9286405444145203	0.00133663194719702	0.03676655888557434	0.0022623699624091387	0.006693119648844004	0.00282128038816154	0.0024256447795778513
19	joy	../Syntropy_Result_Finals/Models/Model_Unsliced_Go_Emotion	../Syntropy_Result_Finals/Models/Model_Unsliced_Go_Emotion	neutral	0.8935912251472473	0.02263607084751129	0.006979330908507109	0.004543865565210581	0.018481586128473282	0.009636652655899525	0.8935912251472473	0.005628042388707399	0.02974858693778515	0.0012540512252599	0.0024815371725708246	0.002453208900988102	0.0025658118538558483
20	excitement	../Syntropy_Result_Finals/Models/Model_Unsliced_Go_Emotion	../Syntropy_Result_Finals/Models/Model_Unsliced_Go_Emotion	neutral	0.3140193223953247	0.28635069727897644	0.00550021231174469	0.002136883093044162	0.21436238288879395	0.14243970811367035	0.3140193223953247	0.015137078240513802	0.008718748576939106	0.002320782979950309	0.003792190458625555	0.0030711572617292404	0.002150881104171276
21	joy	../Syntropy_Result_Finals/Models/Model_Unsliced_Go_Emotion	../Syntropy_Result_Finals/Models/Model_Unsliced_Go_Emotion	joy	0.5308640003204346	0.1674177348613739	0.001871721469797194	0.000734382716473192	0.5308640003204346	0.03398888558149338	0.24821509420871735	0.006031027529388666	0.005302105564624071	0.0019337236881256104	0.001177242724224925	0.0012420951388776302	0.001221961691044271
22	surprise	../Syntropy_Result_Finals/Models/Model_Unsliced_Go_Emotion	../Syntropy_Result_Finals/Models/Model_Unsliced_Go_Emotion	anger	0.5461836457252502	0.0011324952356517315	0.000998742296360433	0.0011543671134859324	0.00412655808031559	0.0014873569598421454	0.35411691665649414	0.000861019769217819	0.021433867514133453	0.003033302491530776	0.007139367982745171	0.5461836457252502	0.05833238735795021
23	joy	../Syntropy_Result_Finals/Models/Model_Unsliced_Go_Emotion	../Syntropy_Result_Finals/Models/Model_Unsliced_Go_Emotion	joy	0.8177552223205566	0.0073976218700408936	0.003212789073586464	0.0011150555219501257	0.8177552223205566	0.009767473675310612	0.047385334968566895	0.0014194672694429755	0.10349809378385544	0.0037116874009370804	0.002037075813859701	0.0007097454508766532	0.001990471500903368
24	joy	../Syntropy_Result_Finals/Models/Model_Unsliced_Go_Emotion	../Syntropy_Result_Finals/Models/Model_Unsliced_Go_Emotion	joy	0.679578959941864	0.06242866814136505	0.0011659511364996433	0.0005203324253670871	0.679578959941864	0.05460323765873909	0.18922670185565948	0.0023981831036508083	0.0026838916819542646	0.001824830425903201	0.0016217705560848117	0.0022432433906942606	0.0017042583785951138
25	excitement	../Syntropy_Result_Finals/Models/Model_Unsliced_Go_Emotion	../Syntropy_Result_Finals/Models/Model_Unsliced_Go_Emotion	joy	0.7772449254989624	0.1813044250011444	0.0007336211856454611	0.00033286536927334964	0.7772449254989624	0.00860605202615261	0.023988671600818634	0.003991983365267515	0.0010362176690250635	0.001202294952236116	0.0004399126919452101	0.000451202125987038	0.000667754968162626
26	disgust	../Syntropy_Result_Finals/Models/Model_Unsliced_Go_Emotion	../Syntropy_Result_Finals/Models/Model_Unsliced_Go_Emotion	sadness	0.9196019172668457	0.0005576732219196856	0.01760966144502163	0.01429728139191866	0.0027396902441978455	0.0008101946441456676	0.021814731881022453	0.0005391755839809775	0.9196019172668457	0.0014135307865217328	0.0037074193824082613	0.00320309866219759	0.013705657795071602
27	excitement	../Syntropy_Result_Finals/Models/Model_Unsliced_Go_Emotion	../Syntropy_Result_Finals/Models/Model_Unsliced_Go_Emotion	neutral	0.49240583181381226	0.031289342790842056	0.005395935382694006	0.0022879804018884897	0.250754177570343	0.1426525115966797	0.49240583181381226	0.00415404187515378	0.05037397891283035	0.006417717784643173	0.006007434334605932	0.006153630558401346	0.0021074325777590275
28	confusion	../Syntropy_Result_Finals/Models/Model_Unsliced_Go_Emotion	../Syntropy_Result_Finals/Models/Model_Unsliced_Go_Emotion	confusion	0.5088841319084167	0.012777131050825119	0.13988915085792542	0.07587459683418274	0.004337490536272526	0.003215831471607089	0.028116734698414803	0.1802382916212082	0.018637092784047127	0.5088841319084167	0.024073932319879532	0.0015574282733723521	0.002398095093667507
29	joy	../Syntropy_Result_Finals/Models/Model_Unsliced_Go_Emotion	../Syntropy_Result_Finals/Models/Model_Unsliced_Go_Emotion	joy	0.5355632305145264	0.09696580469608307	0.000762000388931483	0.0003998679749201983	0.5355632305145264	0.014276959002017975	0.3411507308483124	0.003476138459518552	0.0020154074300080538	0.0015414925292134285	0.0008974890224635601	0.0012767763109877706	0.0016741729341447353
30	excitement	../Syntropy_Result_Finals/Models/Model_Unsliced_Go_Emotion	../Syntropy_Result_Finals/Models/Model_Unsliced_Go_Emotion	neutral	0.680161714553833	0.07855616509914398	0.011607035994529724	0.003134265774860978	0.09404264390468597	0.013586742803454399	0.680161714553833	0.06769594550132751	0.01714124158024788	0.02457534521818161	0.006261893548071384	0.0015380959957838058	0.0016989082796499133
31	pride	../Syntropy_Result_Finals/Models/Model_Unsliced_Go_Emotion	../Syntropy_Result_Finals/Models/Model_Unsliced_Go_Emotion	joy	0.9441508650779724	0.024084197357296944	0.00043697553337551653	0.0002648762019816786	0.9441508650779724	0.0030141808092594147	0.021867258474230766	0.0015974147245287895	0.001143256202340126	0.001776161720044911	0.0003133216523565352	0.0005420555244199932	0.000809504184871912
32	nervousness	../Syntropy_Result_Finals/Models/Model_Unsliced_Go_Emotion	../Syntropy_Result_Finals/Models/Model_Unsliced_Go_Emotion	nervousness	0.8098345994949341	0.012559914030134678	0.8098345994949341	0.13179636001586914	0.004348883405327797	0.0038327863439917564	0.008759060874581337	0.003492728341370821	0.013027534820139408	0.00356096588075161	0.004733660724014044	0.0019445617217570543	0.002109064254909754
33	pride	../Syntropy_Result_Finals/Models/Model_Unsliced_Go_Emotion	../Syntropy_Result_Finals/Models/Model_Unsliced_Go_Emotion	neutral	0.942677915096283	0.020225074142217636	0.0009495473932474852	0.0007613752968609333	0.00782763585448265	0.0016188878798857331	0.942677915096283	0.0028837304562330246	0.0005796971381641924	0.02132601849734783	0.00038335283170454204	0.0004009683325421065	0.00036576451384462416
34	pride	../Syntropy_Result_Finals/Models/Model_Unsliced_Go_Emotion	../Syntropy_Result_Finals/Models/Model_Unsliced_Go_Emotion	neutral	0.9468775391578674	0.003110942430794239	0.003573100082576275	0.0024451252538710833	0.005103772506117821	0.003427767427638173	0.9468775391578674	0.003875810420140624	0.018504269421100616	0.002486771671101451	0.00648127868771553	0.00169284176081419	0.0024207006208598614
35	anger	../Syntropy_Result_Finals/Models/Model_Unsliced_Go_Emotion	../Syntropy_Result_Finals/Models/Model_Unsliced_Go_Emotion	anger	0.9114943742752075	0.0007329200743697584	0.0009424343588761985	0.0014084565918892622	0.001691373297944665	0.0008642537286505103	0.023242294788360596	0.0011944862781092525	0.007700273301452398	0.008160325698554516	0.0034583257511258125	0.9114943742752075	0.03911057859659195
36	pride	../Syntropy_Result_Finals/Models/Model_Unsliced_Go_Emotion	../Syntropy_Result_Finals/Models/Model_Unsliced_Go_Emotion	neutral	0.8895382285118103	0.02369987592101097	0.0013400594471022487	0.0009144087671302259	0.04122396558523178	0.025575509294867516	0.8895382285118103	0.00162005634047091	0.005130625329911709	0.0020841280929744244	0.0011425722623243928	0.006489099934697151	0.001241485239006579
37	neutral	../Syntropy_Result_Finals/Models/Model_Unsliced_Go_Emotion	../Syntropy_Result_Finals/Models/Model_Unsliced_Go_Emotion	excitement	0.5711409449577332	0.5711409449577332	0.0010004930663853884	0.0005591923836618662	0.3967451751232147	0.0045699793845415115	0.01612057536840439	0.005628297571092844	0.000602171930950135	0.0018113082041963935	0.00035711174132302403	0.0007707668701186776	0.0006940366001799703
38	nervousness	../Syntropy_Result_Finals/Models/Model_Unsliced_Go_Emotion	../Syntropy_Result_Finals/Models/Model_Unsliced_Go_Emotion	anger	0.749057948589325	0.0019678862299770117	0.004427919164299965	0.002256600186228752	0.008600653149187565	0.003139057895168662	0.10280679911375046	0.001197962323203683	0.05561956390738487	0.010217050090432167	0.011347965337336063	0.749057948589325	0.04936058446764946
39	anger	../Syntropy_Result_Finals/Models/Model_Unsliced_Go_Emotion	../Syntropy_Result_Finals/Models/Model_Unsliced_Go_Emotion	neutral	0.6503537893295288	0.12398570030927658	0.01587989181280136	0.004698487929999828	0.11670029908418655	0.0050415825098752975	0.6503537893295288	0.008614916354417801	0.008121224120259285	0.05980861559510231	0.002035381505265832	0.002215372398495674	0.002544801915064454
40	neutral	../Syntropy_Result_Finals/Models/Model_Unsliced_Go_Emotion	../Syntropy_Result_Finals/Models/Model_Unsliced_Go_Emotion	joy	0.9464485049247742	0.021545762196183205	0.000377315009245649	0.00025651633040979505	0.9464485049247742	0.004855422768741846	0.021579887717962265	0.0007675795932300389	0.0013967856066301465	0.001121578854508698	0.00026571692433208227	0.0006380293634720147	0.000746923906262964
41	neutral	../Syntropy_Result_Finals/Models/Model_Unsliced_Go_Emotion	../Syntropy_Result_Finals/Models/Model_Unsliced_Go_Emotion	joy	0.5665259957313538	0.01768305152654648	0.0013821447500959039	0.0009055824484676123	0.5665259957313538	0.031303323805332184	0.33811816573143005	0.001719114719890058	0.030529478564858437	0.00502382917329669	0.0014441165840253234	0.003792745526880026	0.0015724069671705365
42	surprise	../Syntropy_Result_Finals/Models/Model_Unsliced_Go_Emotion	../Syntropy_Result_Finals/Models/Model_Unsliced_Go_Emotion	neutral	0.8932456374168396	0.0048390841111540794	0.010479984804987907	0.004823208786547184	0.010746537707746029	0.0032703992910683155	0.8932456374168396	0.002434319816529751	0.06376150250434875	0.0018127079820260406	0.0016757406992837787	0.0012627555988729	0.001648093806579709
43	joy	../Syntropy_Result_Finals/Models/Model_Unsliced_Go_Emotion	../Syntropy_Result_Finals/Models/Model_Unsliced_Go_Emotion	neutral	0.842889130115509	0.0027511108200997114	0.012912021018564701	0.010405744425952435	0.005264122039079666	0.00397469149902463	0.842889130115509	0.002698397496715188	0.10224755853414536	0.0015131925465539098	0.007078885566443205	0.0032241118606179953	0.00504104420542717
44	joy	../Syntropy_Result_Finals/Models/Model_Unsliced_Go_Emotion	../Syntropy_Result_Finals/Models/Model_Unsliced_Go_Emotion	joy	0.9523506164550781	0.020094208419322968	0.0017738451715558767	0.0009450542856939137	0.9523506164550781	0.006012710276991129	0.006155050825327635	0.002660220954567194	0.0023210507351905107	0.004076279699802399	0.0010422872146591544	0.0009784386493265629	0.0015902866143733263
45	neutral	../Syntropy_Result_Finals/Models/Model_Unsliced_Go_Emotion	../Syntropy_Result_Finals/Models/Model_Unsliced_Go_Emotion	excitement	0.9455999732017517	0.9455999732017517	0.0015007160836830735	0.0008592619560658932	0.02593793347477913	0.0031382557936012745	0.009055491536855698	0.010919123888015747	0.00036598293809220195	0.0014354046434164047	0.0003303181438241154	0.0005694739520549774	0.0002880948595702648
46	nervousness	../Syntropy_Result_Finals/Models/Model_Unsliced_Go_Emotion	../Syntropy_Result_Finals/Models/Model_Unsliced_Go_Emotion	pride	0.8354488611221313	0.029916774481534958	0.006675623822957277	0.0022915408480912447	0.03458619490265846	0.8354488611221313	0.02469215728342533	0.01934114843606949	0.012437944300472736	0.00498066795989871	0.01821894384920597	0.00704868882894516	0.00436146417632699
47	excitement	../Syntropy_Result_Finals/Models/Model_Unsliced_Go_Emotion	../Syntropy_Result_Finals/Models/Model_Unsliced_Go_Emotion	excitement	0.9577207565307617	0.9577207565307617	0.002142996294423938	0.0013851302210241556	0.01778794266283512	0.003020554780960083	0.010622000321745872	0.003471780102699995	0.0005197295686230063	0.001330734696239233	0.00043489577365107834	0.0011315717129036784	0.00043185247341170907
48	nervousness	../Syntropy_Result_Finals/Models/Model_Unsliced_Go_Emotion	../Syntropy_Result_Finals/Models/Model_Unsliced_Go_Emotion	excitement	0.9250582456588745	0.9250582456588745	0.0014433214673772454	0.0007938143680803478	0.05773620679974556	0.0028876671567559242	0.005780117120593786	0.003148473333567381	0.00050453218864277	0.0012161689810454845	0.0003035013796761632	0.0007394363055936992	0.00038859067717567086
49	joy	../Syntropy_Result_Finals/Models/Model_Unsliced_Go_Emotion	../Syntropy_Result_Finals/Models/Model_Unsliced_Go_Emotion	joy	0.6207470893859863	0.2998978793621063	0.0008108203765004873	0.00046252182801254094	0.6207470893859863	0.014491965994238853	0.05334613472223282	0.005988732445985079	0.00096277886768803	0.001306378748267889	0.0003834612434729934	0.000917397323064506	0.0006848901975899935
50	excitement	../Syntropy_Result_Finals/Models/Model_Unsliced_Go_Emotion	../Syntropy_Result_Finals/Models/Model_Unsliced_Go_Emotion	joy	0.4029829800128937	0.3758426904678345	0.004070559050887823	0.00097127805929631	0.4029829800128937	0.11577195674180984	0.03762812167406082	0.04341956600546837	0.0070557002909481525	0.005818855483084917	0.0038813811261206865	0.0013888046378269792	0.00116801168769598
51	confusion	../Syntropy_Result_Finals/Models/Model_Unsliced_Go_Emotion	../Syntropy_Result_Finals/Models/Model_Unsliced_Go_Emotion	embarrassment	0.9555066823959351	0.0011150146601721644	0.003478046739473939	0.002263569738715887	0.0008865534910000861	0.0027995773125439882	0.010483318008482456	0.0027836356312036514	0.004601245746016502	0.0025713087525218725	0.9555066823959351	0.0024464637972414494	0.011064541526138783
52	excitement	../Syntropy_Result_Finals/Models/Model_Unsliced_Go_Emotion	../Syntropy_Result_Finals/Models/Model_Unsliced_Go_Emotion	joy	0.5074541568756104	0.42716073989868164	0.0010792025132104754	0.0004571308963932097	0.5074541568756104	0.02134520560503006	0.02867255173623562	0.00928131677210331	0.0010954790050163865	0.0010683609871193767	0.000632577168289572	0.0008973375661298633	0.0008559066336601973
53	neutral	../Syntropy_Result_Finals/Models/Model_Unsliced_Go_Emotion	../Syntropy_Result_Finals/Models/Model_Unsliced_Go_Emotion	joy	0.8043647408485413	0.13082009553909302	0.0005174441612325609	0.00032292833202518523	0.8043647408485413	0.006337205413728952	0.0513436384499073	0.0020734919235110283	0.0014951297780498862	0.001178955426439643	0.00029496848583221436	0.0005539841367863119	0.0006974779535084963
54	pride	../Syntropy_Result_Finals/Models/Model_Unsliced_Go_Emotion	../Syntropy_Result_Finals/Models/Model_Unsliced_Go_Emotion	joy	0.8364396095275879	0.08234165608882904	0.000519465422257781	0.0003464777546469122	0.8364396095275879	0.0037805414758622646	0.06973651796579361	0.0021099946461617947	0.0011842274107038975	0.0015759627567604184	0.00031633247272111475	0.000747501093428582	0.0009016713593155146
55	pride	../Syntropy_Result_Finals/Models/Model_Unsliced_Go_Emotion	../Syntropy_Result_Finals/Models/Model_Unsliced_Go_Emotion	joy	0.6442121267318726	0.10970992594957352	0.000770126876886934	0.00043304270366206765	0.6442121267318726	0.027441198006272316	0.2084345668554306	0.0019661816768348217	0.0024153138510882854	0.0014514834620058537	0.0007334077381528914	0.0015264982357621193	0.0009060380980372429
56	neutral	../Syntropy_Result_Finals/Models/Model_Unsliced_Go_Emotion	../Syntropy_Result_Finals/Models/Model_Unsliced_Go_Emotion	joy	0.9431337118148804	0.029931778088212013	0.0003962185001000762	0.0002394239854766056	0.9431337118148804	0.005890703294426203	0.015176663175225258	0.0014545756857842207	0.0011131202336400747	0.0011270326795056462	0.00032741675386205316	0.00045402400428429246	0.0007553951581940055
57	joy	../Syntropy_Result_Finals/Models/Model_Unsliced_Go_Emotion	../Syntropy_Result_Finals/Models/Model_Unsliced_Go_Emotion	joy	0.8948654532432556	0.07222781330347061	0.0006988951936364174	0.00035633708466775715	0.8948654532432556	0.014113319106400013	0.010572616010904312	0.002821666421368718	0.0016638444503769279	0.0010347882052883506	0.0004008797986898571	0.0005599739379249513	0.0006845153402537107
58	surprise	../Syntropy_Result_Finals/Models/Model_Unsliced_Go_Emotion	../Syntropy_Result_Finals/Models/Model_Unsliced_Go_Emotion	joy	0.7909120321273804	0.1471208930015564	0.0004805108474101871	0.0002585149195510894	0.7909120321273804	0.006278394255787134	0.04827049374580383	0.0026816874742507935	0.0009271072340197861	0.001513218623585999	0.0003274067712482065	0.0005898691597394645	0.0006399074336513877
59	sadness	../Syntropy_Result_Finals/Models/Model_Unsliced_Go_Emotion	../Syntropy_Result_Finals/Models/Model_Unsliced_Go_Emotion	sadness	0.8352071642875671	0.0011775492457672954	0.055435437709093094	0.029247932136058807	0.004237791057676077	0.0013905296800658107	0.053015030920505524	0.0011547524482011795	0.8352071642875671	0.0034486870281398296	0.004247831646353006	0.002432020381093025	0.009005296975374222
60	surprise	../Syntropy_Result_Finals/Models/Model_Unsliced_Go_Emotion	../Syntropy_Result_Finals/Models/Model_Unsliced_Go_Emotion	neutral	0.5552378296852112	0.2509367763996124	0.004596949554979801	0.0013703422155231237	0.10485627502202988	0.015791762620210648	0.5552378296852112	0.049148079007864	0.003927785437554121	0.009511901997029781	0.002000657841563225	0.0013854220742359757	0.0012362885754555464
61	neutral	../Syntropy_Result_Finals/Models/Model_Unsliced_Go_Emotion	../Syntropy_Result_Finals/Models/Model_Unsliced_Go_Emotion	joy	0.8071131706237793	0.05923552066087723	0.0005128594930283725	0.00031276606023311615	0.8071131706237793	0.009016262367367744	0.11794670671224594	0.0016128348652273417	0.0012962247710675001	0.0011969830375164747	0.0003832868533208966	0.0006463748286478221	0.0007271249196492136
62	sadness	../Syntropy_Result_Finals/Models/Model_Unsliced_Go_Emotion	../Syntropy_Result_Finals/Models/Model_Unsliced_Go_Emotion	nervousness	0.7695270776748657	0.018013926222920418	0.7695270776748657	0.0757291242480278	0.008512012660503387	0.005981577094644308	0.006045391783118248	0.0035505606792867184	0.09506578743457794	0.004835888743400574	0.007472947705537081	0.002364815678447485	0.0029008486308157444
63	pride	../Syntropy_Result_Finals/Models/Model_Unsliced_Go_Emotion	../Syntropy_Result_Finals/Models/Model_Unsliced_Go_Emotion	joy	0.5772756934165955	0.2532678246498108	0.0009398238616995513	0.000524254865013063	0.5772756934165955	0.03390610218048096	0.1221717894077301	0.005451109725981951	0.0015673674643039703	0.0016160850645974278	0.000990702654235065	0.0012324143899604678	0.0010568335419520736
64	neutral	../Syntropy_Result_Finals/Models/Model_Unsliced_Go_Emotion	../Syntropy_Result_Finals/Models/Model_Unsliced_Go_Emotion	neutral	0.9470812082290649	0.002375737065449357	0.0015568990493193269	0.0008798765484243631	0.017616858705878258	0.004046349320560694	0.9470812082290649	0.0004060325154569	0.020870648324489594	0.0016879972536116838	0.0010649451287463307	0.0016603675903752446	0.0007531461305916309
65	neutral	../Syntropy_Result_Finals/Models/Model_Unsliced_Go_Emotion	../Syntropy_Result_Finals/Models/Model_Unsliced_Go_Emotion	joy	0.8843701481819153	0.024475136771798134	0.003290049498900771	0.0036701911594718695	0.8843701481819153	0.0048767211847007275	0.06219930574297905	0.0011985478922724724	0.009867861866950989	0.0016521523939445615	0.0005829016445204616	0.0013383615296334028	0.0024787108413875103
66	excitement	../Syntropy_Result_Finals/Models/Model_Unsliced_Go_Emotion	../Syntropy_Result_Finals/Models/Model_Unsliced_Go_Emotion	joy	0.9593789577484131	0.0210430845618248	0.0004784695920534432	0.0003353455394972116	0.9593789577484131	0.003226892789825797	0.009540805593132973	0.0012407769681885839	0.001427504583261907	0.001683344948105514	0.00029495469061657786	0.0005260568577796221	0.0008237514994107187
67	surprise	../Syntropy_Result_Finals/Models/Model_Unsliced_Go_Emotion	../Syntropy_Result_Finals/Models/Model_Unsliced_Go_Emotion	nervousness	0.79743891954422	0.02320418320596218	0.79743891954422	0.07178147882223129	0.005894816946238279	0.006282491143792868	0.023751072585582733	0.014914413914084435	0.03195906803011894	0.007176403421908617	0.013085341081023216	0.002743456279858947	0.0017682283651083708
68	surprise	../Syntropy_Result_Finals/Models/Model_Unsliced_Go_Emotion	../Syntropy_Result_Finals/Models/Model_Unsliced_Go_Emotion	neutral	0.36858248710632324	0.03340689465403557	0.01764087565243244	0.004931209608912468	0.3560054302215576	0.03680882602930069	0.36858248710632324	0.004775699228048325	0.16363824903964996	0.005060861352831125	0.00571074802428484	0.0015480031725019217	0.0018907098565250635
69	excitement	../Syntropy_Result_Finals/Models/Model_Unsliced_Go_Emotion	../Syntropy_Result_Finals/Models/Model_Unsliced_Go_Emotion	neutral	0.8915309906005859	0.006906118243932724	0.001021000323817134	0.0005572030204348266	0.06889672577381134	0.012497472576797009	0.8915309906005859	0.0006207855767570436	0.012182946316897869	0.0018796208314597607	0.0010565025731921196	0.0020310389809310436	0.0008196421549655497
70	fear	../Syntropy_Result_Finals/Models/Model_Unsliced_Go_Emotion	../Syntropy_Result_Finals/Models/Model_Unsliced_Go_Emotion	nervousness	0.7624615430831909	0.007191839162260294	0.7624615430831909	0.13666515052318573	0.0038726627826690674	0.0022406328935176134	0.012711282819509506	0.0031825166661292315	0.04936431720852852	0.006893770303577185	0.009167724289000034	0.002061032224446535	0.004187596030533314
71	joy	../Syntropy_Result_Finals/Models/Model_Unsliced_Go_Emotion	../Syntropy_Result_Finals/Models/Model_Unsliced_Go_Emotion	joy	0.8852666616439819	0.08063410967588425	0.00043003776227124035	0.0002958951226901263	0.8852666616439819	0.003888507606461644	0.024337787181138992	0.0015011477516964078	0.0009248217684216797	0.0012197000905871391	0.0002456685760989785	0.0005387990386225283	0.0007168066222220659
72	joy	../Syntropy_Result_Finals/Models/Model_Unsliced_Go_Emotion	../Syntropy_Result_Finals/Models/Model_Unsliced_Go_Emotion	joy	0.9263414144515991	0.015607881359755993	0.0004689954803325236	0.0003585473750717938	0.9263414144515991	0.019130170345306396	0.026831770315766335	0.0014792894944548607	0.00593050429597497	0.0017073102062568069	0.0007334287511184812	0.0006244354881346226	0.0007861757185310125
73	excitement	../Syntropy_Result_Finals/Models/Model_Unsliced_Go_Emotion	../Syntropy_Result_Finals/Models/Model_Unsliced_Go_Emotion	joy	0.8091858625411987	0.08130986988544464	0.0008502095006406307	0.000456012727227062	0.8091858625411987	0.005763548891991377	0.09576122462749481	0.0017259311862289906	0.0015072787646204233	0.0015415990492329001	0.00037705295835621655	0.0007125145057216287	0.000808904180303216
74	sadness	../Syntropy_Result_Finals/Models/Model_Unsliced_Go_Emotion	../Syntropy_Result_Finals/Models/Model_Unsliced_Go_Emotion	embarrassment	0.4376218020915985	0.004547934513539076	0.03847404941916466	0.05190234258770943	0.004752971697598696	0.005323187913745642	0.18382804095745087	0.00643192371353507	0.08238697797060013	0.006701888982206583	0.4376218020915985	0.024417050182819366	0.15361188352108002
75	nervousness	../Syntropy_Result_Finals/Models/Model_Unsliced_Go_Emotion	../Syntropy_Result_Finals/Models/Model_Unsliced_Go_Emotion	sadness	0.2564101815223694	0.021820466965436935	0.10631514340639114	0.037838347256183624	0.02713887393474579	0.008256501518189907	0.2441420704126358	0.0034199797082692385	0.2564101815223694	0.018168332055211067	0.02119714953005314	0.2089562863111496	0.04633671045303345
76	joy	../Syntropy_Result_Finals/Models/Model_Unsliced_Go_Emotion	../Syntropy_Result_Finals/Models/Model_Unsliced_Go_Emotion	joy	0.9452269077301025	0.02557608112692833	0.00046382221626117826	0.0002973377995658666	0.9452269077301025	0.005460785236209631	0.017114264890551567	0.0011674572015181184	0.0021363808773458004	0.0014097075909376144	0.00025446308427490294	0.0003495830751489848	0.0005431950557976961
77	neutral	../Syntropy_Result_Finals/Models/Model_Unsliced_Go_Emotion	../Syntropy_Result_Finals/Models/Model_Unsliced_Go_Emotion	neutral	0.5888274312019348	0.015566451475024223	0.0022558923810720444	0.0013266450259834528	0.33621734380722046	0.018355904147028923	0.5888274312019348	0.0012905846815556288	0.024834319949150085	0.00649008946493268	0.0010432398412376642	0.0026407528202980757	0.0011513754725456238
78	pride	../Syntropy_Result_Finals/Models/Model_Unsliced_Go_Emotion	../Syntropy_Result_Finals/Models/Model_Unsliced_Go_Emotion	pride	0.8044809103012085	0.04027329012751579	0.006504430901259184	0.0021818033419549465	0.044245973229408264	0.8044809103012085	0.041559990495443344	0.014368818141520023	0.013952186331152916	0.00510052964091301	0.01545216329395771	0.008084245026111603	0.0037957255262881517
79	nervousness	../Syntropy_Result_Finals/Models/Model_Unsliced_Go_Emotion	../Syntropy_Result_Finals/Models/Model_Unsliced_Go_Emotion	nervousness	0.7647987604141235	0.02554863691329956	0.7647987604141235	0.11349144577980042	0.0060345628298819065	0.00684146024286747	0.04639659449458122	0.0051710777916014194	0.01511502917855978	0.004183391109108925	0.0075724306516349316	0.002517255023121834	0.002329350681975484
80	excitement	../Syntropy_Result_Finals/Models/Model_Unsliced_Go_Emotion	../Syntropy_Result_Finals/Models/Model_Unsliced_Go_Emotion	joy	0.7690446972846985	0.13317467272281647	0.00047693063970655203	0.00031907507218420506	0.7690446972846985	0.00502361124381423	0.08446187525987625	0.0021909077186137438	0.0008089740294963121	0.001352307153865695	0.00046809465857222676	0.0012265595141798258	0.0014523497084155679
81	pride	../Syntropy_Result_Finals/Models/Model_Unsliced_Go_Emotion	../Syntropy_Result_Finals/Models/Model_Unsliced_Go_Emotion	joy	0.9616920948028564	0.017966222018003464	0.0009362772689200938	0.0005965011077933013	0.9616920948028564	0.004700567107647657	0.00573163153603673	0.0016016365261748433	0.0018660823116078973	0.002832365920767188	0.0004587728180922568	0.0006626516696996987	0.0009552763658575714
82	neutral	../Syntropy_Result_Finals/Models/Model_Unsliced_Go_Emotion	../Syntropy_Result_Finals/Models/Model_Unsliced_Go_Emotion	joy	0.9193289279937744	0.04922551289200783	0.0005620669689960778	0.0002820598310790956	0.9193289279937744	0.007446614094078541	0.014592344872653484	0.0020575569942593575	0.0035574391949921846	0.001202101120725274	0.00045337629853747785	0.0005274898721836507	0.000764566648285836
83	excitement	../Syntropy_Result_Finals/Models/Model_Unsliced_Go_Emotion	../Syntropy_Result_Finals/Models/Model_Unsliced_Go_Emotion	neutral	0.6431687474250793	0.02819412387907505	0.0005655415006913245	0.00032457581255584955	0.3036602735519409	0.01137081254273653	0.6431687474250793	0.0011339748743921518	0.0034275450743734837	0.003539785509929061	0.0006212380831129849	0.002928701462224126	0.0010646238224580884
84	fear	../Syntropy_Result_Finals/Models/Model_Unsliced_Go_Emotion	../Syntropy_Result_Finals/Models/Model_Unsliced_Go_Emotion	neutral	0.9004242420196533	0.003435852937400341	0.0010035576997324824	0.0007266022730618715	0.03211231529712677	0.008675622753798962	0.9004242420196533	0.0008642681641504169	0.030960967764258385	0.004689129535108805	0.0021896502003073692	0.012965470552444458	0.0019523848313838243
85	joy	../Syntropy_Result_Finals/Models/Model_Unsliced_Go_Emotion	../Syntropy_Result_Finals/Models/Model_Unsliced_Go_Emotion	joy	0.9599799513816833	0.013294022530317307	0.00039887294406071305	0.00032723351614549756	0.9599799513816833	0.0049543497152626514	0.01480205450206995	0.0006759701063856483	0.003094495041295886	0.0011435053311288357	0.0002525846939533949	0.00045796390622854233	0.000619086145889014
86	joy	../Syntropy_Result_Finals/Models/Model_Unsliced_Go_Emotion	../Syntropy_Result_Finals/Models/Model_Unsliced_Go_Emotion	joy	0.9239816665649414	0.023347845301032066	0.0003130513650830835	0.00030177144799381495	0.9239816665649414	0.0034772458020597696	0.04329651966691017	0.0007448006072081625	0.0014630545629188418	0.001248310785740614	0.00025580398505553603	0.0007646844023838639	0.0008053618366830051
87	joy	../Syntropy_Result_Finals/Models/Model_Unsliced_Go_Emotion	../Syntropy_Result_Finals/Models/Model_Unsliced_Go_Emotion	joy	0.9405063986778259	0.013070561923086643	0.0004279482236597687	0.00030756081105209887	0.9405063986778259	0.00837057363241911	0.02957783453166485	0.0008387150010094047	0.003880901727825403	0.0014746589586138725	0.00038058310747146606	0.0005339024937711656	0.0006303992122411728
88	pride	../Syntropy_Result_Finals/Models/Model_Unsliced_Go_Emotion	../Syntropy_Result_Finals/Models/Model_Unsliced_Go_Emotion	joy	0.9621399641036987	0.013796688988804817	0.00030622855410911143	0.00027185745420865715	0.9621399641036987	0.006216659676283598	0.011574295349419117	0.0012888166820630431	0.0016115618636831641	0.0013421167386695743	0.0003259335062466562	0.0004598626692313701	0.0006660333019681275
89	pride	../Syntropy_Result_Finals/Models/Model_Unsliced_Go_Emotion	../Syntropy_Result_Finals/Models/Model_Unsliced_Go_Emotion	joy	0.9706661105155945	0.011855377815663815	0.00047739731962792575	0.00040706637082621455	0.9706661105155945	0.002820969559252262	0.007296346127986908	0.001040576957166195	0.0019640126265585423	0.0017286731163039804	0.0002774420427158475	0.0005716875311918557	0.0008942838758230209
90	neutral	../Syntropy_Result_Finals/Models/Model_Unsliced_Go_Emotion	../Syntropy_Result_Finals/Models/Model_Unsliced_Go_Emotion	excitement	0.9282451272010803	0.9282451272010803	0.00139952905010432	0.0008917599334381521	0.038477472960948944	0.0033407146111130714	0.020626932382583618	0.003135336097329855	0.0005382184754125774	0.0014354956801980734	0.00032663551974110305	0.0011309029068797827	0.000451901723863557
91	pride	../Syntropy_Result_Finals/Models/Model_Unsliced_Go_Emotion	../Syntropy_Result_Finals/Models/Model_Unsliced_Go_Emotion	joy	0.883699357509613	0.024310465902090073	0.0004035495512653142	0.00026301498292014003	0.883699357509613	0.019283881410956383	0.0637972503900528	0.0015389337204396725	0.0020542924758046865	0.0016891149571165442	0.0008741348865441978	0.000991593929938972	0.0010944498935714364
92	joy	../Syntropy_Result_Finals/Models/Model_Unsliced_Go_Emotion	../Syntropy_Result_Finals/Models/Model_Unsliced_Go_Emotion	sadness	0.7813180088996887	0.0021287999115884304	0.08114610612392426	0.03204118460416794	0.00712793180719018	0.002170519670471549	0.07075393199920654	0.001217981451191008	0.7813180088996887	0.0028902185149490833	0.005885068327188492	0.004582318942993879	0.008737861178815365
93	joy	../Syntropy_Result_Finals/Models/Model_Unsliced_Go_Emotion	../Syntropy_Result_Finals/Models/Model_Unsliced_Go_Emotion	joy	0.9549832940101624	0.008987910114228725	0.00038101489190012217	0.0003654514148365706	0.9549832940101624	0.003276146249845624	0.024356408044695854	0.0007734094397164881	0.0027716238982975483	0.0020465245470404625	0.0002980441495310515	0.0008325698436237872	0.0009276099735870957
94	pride	../Syntropy_Result_Finals/Models/Model_Unsliced_Go_Emotion	../Syntropy_Result_Finals/Models/Model_Unsliced_Go_Emotion	joy	0.6454823613166809	0.2801758944988251	0.0007606318104080856	0.00038077568751759827	0.6454823613166809	0.007173105608671904	0.054878249764442444	0.006694511044770479	0.0007462506764568388	0.0018603154458105564	0.0004270845092833042	0.0006834097439423203	0.0007375400746241212
95	pride	../Syntropy_Result_Finals/Models/Model_Unsliced_Go_Emotion	../Syntropy_Result_Finals/Models/Model_Unsliced_Go_Emotion	excitement	0.5371295809745789	0.5371295809745789	0.0020728108938783407	0.0007554977783001959	0.14569301903247833	0.025147171691060066	0.07026217877864838	0.20978711545467377	0.0012693589087575674	0.0034522656351327896	0.0016988749848678708	0.0015156383160501719	0.001216470031067729
96	neutral	../Syntropy_Result_Finals/Models/Model_Unsliced_Go_Emotion	../Syntropy_Result_Finals/Models/Model_Unsliced_Go_Emotion	joy	0.882512092590332	0.07219716161489487	0.0004636254452634603	0.00030352629255503416	0.882512092590332	0.006591209210455418	0.03264170140028	0.0015017598634585738	0.0007655381341464818	0.0010865782387554646	0.0003849108761642128	0.0006566689698956907	0.0008952369098551571
97	excitement	../Syntropy_Result_Finals/Models/Model_Unsliced_Go_Emotion	../Syntropy_Result_Finals/Models/Model_Unsliced_Go_Emotion	neutral	0.9528293013572693	0.006234512664377689	0.0007864907383918762	0.0007594528142362833	0.01524423062801361	0.008887083269655704	0.9528293013572693	0.0006528524681925774	0.006067764945328236	0.0015387891326099634	0.0009523560293018818	0.005008738022297621	0.001038431073538959
98	pride	../Syntropy_Result_Finals/Models/Model_Unsliced_Go_Emotion	../Syntropy_Result_Finals/Models/Model_Unsliced_Go_Emotion	pride	0.4878021478652954	0.07411088794469833	0.002763223135843873	0.0012653751764446497	0.3475468158721924	0.4878021478652954	0.052301596850156784	0.006544551812112331	0.009490033611655235	0.004107063170522451	0.006606611888855696	0.004376449156552553	0.0030853424686938524
99	disgust	../Syntropy_Result_Finals/Models/Model_Unsliced_Go_Emotion	../Syntropy_Result_Finals/Models/Model_Unsliced_Go_Emotion	sadness	0.6864345669746399	0.0018452417571097612	0.009580194018781185	0.005374016705900431	0.018047405406832695	0.004384929779917002	0.17538759112358093	0.0011663943296298385	0.6864345669746399	0.005362301133573055	0.01836472563445568	0.01915551908314228	0.05489717423915863
100	neutral	../Syntropy_Result_Finals/Models/Model_Unsliced_Go_Emotion	../Syntropy_Result_Finals/Models/Model_Unsliced_Go_Emotion	joy	0.9595355987548828	0.00785748939961195	0.0003091608814429492	0.0002500027185305953	0.9595355987548828	0.005942866671830416	0.019378837198019028	0.0008857075008563697	0.002492764964699745	0.0014999040868133307	0.00037411515950225294	0.0006496027926914394	0.0008238819427788258
101	surprise	../Syntropy_Result_Finals/Models/Model_Unsliced_Go_Emotion	../Syntropy_Result_Finals/Models/Model_Unsliced_Go_Emotion	neutral	0.7728717923164368	0.023989027366042137	0.004336942918598652	0.0020243790931999683	0.12515629827976227	0.00979399774223566	0.7728717923164368	0.0014742257772013545	0.053260453045368195	0.001233160961419344	0.0016465793596580625	0.0015529070515185595	0.0026603592559695244
102	pride	../Syntropy_Result_Finals/Models/Model_Unsliced_Go_Emotion	../Syntropy_Result_Finals/Models/Model_Unsliced_Go_Emotion	joy	0.9484691619873047	0.021331332623958588	0.00042236733133904636	0.00030104187317192554	0.9484691619873047	0.004341788589954376	0.01887321099638939	0.0011877574725076556	0.002375915879383683	0.0014683123445138335	0.0002579603169579059	0.00040589008131064475	0.0005651991232298315
103	joy	../Syntropy_Result_Finals/Models/Model_Unsliced_Go_Emotion	../Syntropy_Result_Finals/Models/Model_Unsliced_Go_Emotion	joy	0.4835659861564636	0.06429193168878555	0.0009311353205703199	0.0004984091501682997	0.4835659861564636	0.007957862690091133	0.4315282106399536	0.002324681496247649	0.0025172862224280834	0.0014889613958075643	0.0009658799390308559	0.0016339424764737487	0.0022956770844757557
104	surprise	../Syntropy_Result_Finals/Models/Model_Unsliced_Go_Emotion	../Syntropy_Result_Finals/Models/Model_Unsliced_Go_Emotion	excitement	0.7041574120521545	0.7041574120521545	0.0013132089516147971	0.0006039787549525499	0.24594424664974213	0.006722084246575832	0.012793506495654583	0.024686941877007484	0.0006567760719917715	0.001656321925111115	0.0004944691900163889	0.0004869573167525232	0.00048413360491394997
105	sadness	../Syntropy_Result_Finals/Models/Model_Unsliced_Go_Emotion	../Syntropy_Result_Finals/Models/Model_Unsliced_Go_Emotion	sadness	0.9387459754943848	0.0004198621027171612	0.012457223609089851	0.0073509011417627335	0.002213218482211232	0.0006855158717371523	0.02391711436212063	0.0005821402301080525	0.9387459754943848	0.0061375838704407215	0.002666006563231349	0.0014645741321146488	0.0033598707523196936
106	nervousness	../Syntropy_Result_Finals/Models/Model_Unsliced_Go_Emotion	../Syntropy_Result_Finals/Models/Model_Unsliced_Go_Emotion	nervousness	0.806545615196228	0.011288846842944622	0.806545615196228	0.11596765369176865	0.00531244371086359	0.0043515716679394245	0.015935592353343964	0.0033257361501455307	0.02538261003792286	0.004598385654389858	0.00344554940238595	0.0019478031899780035	0.0018981089815497398
107	pride	../Syntropy_Result_Finals/Models/Model_Unsliced_Go_Emotion	../Syntropy_Result_Finals/Models/Model_Unsliced_Go_Emotion	neutral	0.7876943945884705	0.06273705512285233	0.002644524211063981	0.0009804898872971535	0.06740999966859818	0.05087944492697716	0.7876943945884705	0.006375074852257967	0.009570080786943436	0.0028031039983034134	0.0023805745877325535	0.0051221358589828014	0.001403049100190401
108	pride	../Syntropy_Result_Finals/Models/Model_Unsliced_Go_Emotion	../Syntropy_Result_Finals/Models/Model_Unsliced_Go_Emotion	neutral	0.8510193228721619	0.042066313326358795	0.0011560432612895966	0.000578031875193119	0.07717228680849075	0.013423689641058445	0.8510193228721619	0.004661381244659424	0.0035655840765684843	0.0011913100024685264	0.0017517710803076625	0.0018426927272230387	0.0015716386260464787
109	excitement	../Syntropy_Result_Finals/Models/Model_Unsliced_Go_Emotion	../Syntropy_Result_Finals/Models/Model_Unsliced_Go_Emotion	surprise	0.6952092051506042	0.2512766718864441	0.0021362637635320425	0.0009270263253711164	0.022752298042178154	0.004605240188539028	0.016368206590414047	0.6952092051506042	0.0006891643861308694	0.0035606620367616415	0.0013706344179809093	0.0005679241730831563	0.0005367143312469125
110	neutral	../Syntropy_Result_Finals/Models/Model_Unsliced_Go_Emotion	../Syntropy_Result_Finals/Models/Model_Unsliced_Go_Emotion	joy	0.5880497097969055	0.024228645488619804	0.0015446697361767292	0.0009100454044528306	0.5880497097969055	0.07200542092323303	0.2683263123035431	0.0026062733959406614	0.03167295828461647	0.003241627011448145	0.0030024899169802666	0.002764815231785178	0.0016470254631713033
111	neutral	../Syntropy_Result_Finals/Models/Model_Unsliced_Go_Emotion	../Syntropy_Result_Finals/Models/Model_Unsliced_Go_Emotion	neutral	0.9486629366874695	0.0017296831356361508	0.003954878076910973	0.004044740926474333	0.0023796199820935726	0.0024793182965368032	0.9486629366874695	0.0007624368299730122	0.02564176172018051	0.0008695739088580012	0.0035448039416223764	0.002683900762349367	0.0032462659291923046
112	joy	../Syntropy_Result_Finals/Models/Model_Unsliced_Go_Emotion	../Syntropy_Result_Finals/Models/Model_Unsliced_Go_Emotion	joy	0.9644132256507874	0.013169916346669197	0.00043043395271524787	0.0003301279211882502	0.9644132256507874	0.003390488214790821	0.012259812094271183	0.001078313565813005	0.001847895560786128	0.0016036279266700149	0.0002648062363732606	0.00045440756366588175	0.0007568611181341112
113	neutral	../Syntropy_Result_Finals/Models/Model_Unsliced_Go_Emotion	../Syntropy_Result_Finals/Models/Model_Unsliced_Go_Emotion	excitement	0.517436683177948	0.517436683177948	0.002277013845741749	0.0008988796616904438	0.3445786237716675	0.030358290299773216	0.08436747640371323	0.013306700624525547	0.0016858720919117332	0.0011169937206432223	0.0008730156114324927	0.0020864231046289206	0.0010140039958059788
114	joy	../Syntropy_Result_Finals/Models/Model_Unsliced_Go_Emotion	../Syntropy_Result_Finals/Models/Model_Unsliced_Go_Emotion	joy	0.9176034927368164	0.022208301350474358	0.000315958313876763	0.00026825800887309015	0.9176034927368164	0.0035770738031715155	0.05099666491150856	0.0009651046711951494	0.001179720857180655	0.0013654438080266118	0.00025116436881944537	0.0005662603070959449	0.0007024557562544942
115	neutral	../Syntropy_Result_Finals/Models/Model_Unsliced_Go_Emotion	../Syntropy_Result_Finals/Models/Model_Unsliced_Go_Emotion	neutral	0.6975443959236145	0.0545307993888855	0.0013911762507632375	0.0006799651891924441	0.20879368484020233	0.022574489936232567	0.6975443959236145	0.0013666749000549316	0.005008891224861145	0.0023564330767840147	0.0008485181606374681	0.0037624677643179893	0.001142506254836917
116	excitement	../Syntropy_Result_Finals/Models/Model_Unsliced_Go_Emotion	../Syntropy_Result_Finals/Models/Model_Unsliced_Go_Emotion	excitement	0.9523718953132629	0.9523718953132629	0.0019411792745813727	0.0012403575237840414	0.022227127104997635	0.0033582979813218117	0.012050471268594265	0.0032167809549719095	0.0005295084556564689	0.0012321993708610535	0.00034605475957505405	0.0010523811215534806	0.0004336202400736511
117	excitement	../Syntropy_Result_Finals/Models/Model_Unsliced_Go_Emotion	../Syntropy_Result_Finals/Models/Model_Unsliced_Go_Emotion	joy	0.49325114488601685	0.3916958272457123	0.0030465484596788883	0.0013549657305702567	0.49325114488601685	0.022469529882073402	0.0688738003373146	0.008181431330740452	0.005125798285007477	0.00420945230871439	0.00037835349212400615	0.0008546037133783102	0.0005585594917647541
118	neutral	../Syntropy_Result_Finals/Models/Model_Unsliced_Go_Emotion	../Syntropy_Result_Finals/Models/Model_Unsliced_Go_Emotion	joy	0.9627572894096375	0.01929399184882641	0.0003006843908224255	0.00020631568622775376	0.9627572894096375	0.0036970723886042833	0.008611278608441353	0.0011704927310347557	0.001515373820438981	0.0013314704410731792	0.00025477391318418086	0.00035049376310780644	0.0005108006298542023
119	neutral	../Syntropy_Result_Finals/Models/Model_Unsliced_Go_Emotion	../Syntropy_Result_Finals/Models/Model_Unsliced_Go_Emotion	joy	0.9544306397438049	0.02314816415309906	0.00042866647709161043	0.00027933926321566105	0.9544306397438049	0.0026908114086836576	0.012819715775549412	0.0011814339086413383	0.0013713475782424212	0.001768470392562449	0.0002885986468754709	0.0006872059893794358	0.0009057158604264259
120	joy	../Syntropy_Result_Finals/Models/Model_Unsliced_Go_Emotion	../Syntropy_Result_Finals/Models/Model_Unsliced_Go_Emotion	excitement	0.6571225523948669	0.6571225523948669	0.0014101681299507618	0.0006270486046560109	0.29616352915763855	0.011397101916372776	0.01706528849899769	0.012716695666313171	0.0008752864669077098	0.0012214018497616053	0.0004375868884380907	0.00048244858044199646	0.00048086728202179074
121	sadness	../Syntropy_Result_Finals/Models/Model_Unsliced_Go_Emotion	../Syntropy_Result_Finals/Models/Model_Unsliced_Go_Emotion	neutral	0.8908934593200684	0.0008357710903510451	0.003235054900869727	0.0033999427687376738	0.001381408073939383	0.00128887256141752	0.8908934593200684	0.0011942887213081121	0.0774134173989296	0.009538895450532436	0.005384490359574556	0.0021064849570393562	0.0033278302289545536
122	excitement	../Syntropy_Result_Finals/Models/Model_Unsliced_Go_Emotion	../Syntropy_Result_Finals/Models/Model_Unsliced_Go_Emotion	joy	0.9719026684761047	0.009123547002673149	0.00038886335096322	0.00033271368010900915	0.9719026684761047	0.0031200761441141367	0.008811869658529758	0.0008613717509433627	0.0023228011559695005	0.0015778560191392899	0.00027876521926373243	0.0005338245537132025	0.0007456360035575926
123	excitement	../Syntropy_Result_Finals/Models/Model_Unsliced_Go_Emotion	../Syntropy_Result_Finals/Models/Model_Unsliced_Go_Emotion	pride	0.6417166590690613	0.11386221647262573	0.004055961966514587	0.001469608279876411	0.1484687179327011	0.6417166590690613	0.04677943140268326	0.014980857260525227	0.009271178394556046	0.003959910944104195	0.008554965257644653	0.00390690378844738	0.002973556751385331
124	pride	../Syntropy_Result_Finals/Models/Model_Unsliced_Go_Emotion	../Syntropy_Result_Finals/Models/Model_Unsliced_Go_Emotion	pride	0.4836566150188446	0.09821435809135437	0.006049616262316704	0.0014078225940465927	0.2249366044998169	0.4836566150188446	0.11734021455049515	0.013874989002943039	0.02619757689535618	0.005361554678529501	0.013109979219734669	0.00528354337438941	0.004567060153931379
125	pride	../Syntropy_Result_Finals/Models/Model_Unsliced_Go_Emotion	../Syntropy_Result_Finals/Models/Model_Unsliced_Go_Emotion	pride	0.6298590898513794	0.06950675696134567	0.0038815957959741354	0.0015209857374429703	0.2017926126718521	0.6298590898513794	0.051357049494981766	0.009321494959294796	0.012425266206264496	0.0042351833544671535	0.008345481008291245	0.004880843218415976	0.0028736568056046963
126	neutral	../Syntropy_Result_Finals/Models/Model_Unsliced_Go_Emotion	../Syntropy_Result_Finals/Models/Model_Unsliced_Go_Emotion	joy	0.9644576907157898	0.008721156045794487	0.00039293046575039625	0.00035926103009842336	0.9644576907157898	0.0039948890917003155	0.015989115461707115	0.0006793951033614576	0.0021807735320180655	0.0014926373260095716	0.00027639465406537056	0.0006243184907361865	0.0008314292645081878
127	neutral	../Syntropy_Result_Finals/Models/Model_Unsliced_Go_Emotion	../Syntropy_Result_Finals/Models/Model_Unsliced_Go_Emotion	neutral	0.7531979084014893	0.0065152607858181	0.003891369793564081	0.0027353395707905293	0.05581548064947128	0.010022741742432117	0.7531979084014893	0.0008702101767994463	0.15506263077259064	0.0038916943594813347	0.0013206250732764602	0.005016467999666929	0.0016602732939645648
128	joy	../Syntropy_Result_Finals/Models/Model_Unsliced_Go_Emotion	../Syntropy_Result_Finals/Models/Model_Unsliced_Go_Emotion	joy	0.9606345891952515	0.013054510578513145	0.00045364510151557624	0.0003257548378314823	0.9606345891952515	0.007137955166399479	0.0111184511333704	0.0009586646337993443	0.003887102473527193	0.0012315603671595454	0.0003079356101807207	0.0003544595674611628	0.0005354344611987472
129	pride	../Syntropy_Result_Finals/Models/Model_Unsliced_Go_Emotion	../Syntropy_Result_Finals/Models/Model_Unsliced_Go_Emotion	neutral	0.9162731766700745	0.016130518168210983	0.002346384571865201	0.0008995982934720814	0.030657006427645683	0.011941036209464073	0.9162731766700745	0.0008483118726871908	0.015877461060881615	0.0016036455053836107	0.000906647474039346	0.001839905045926571	0.0006762970588169992
130	neutral	../Syntropy_Result_Finals/Models/Model_Unsliced_Go_Emotion	../Syntropy_Result_Finals/Models/Model_Unsliced_Go_Emotion	joy	0.9693838953971863	0.008953445591032505	0.0003792484931182116	0.000338689424097538	0.9693838953971863	0.0034614948090165854	0.011577054858207703	0.0008539959671907127	0.0016572289168834686	0.0015976798022165895	0.0002984688035212457	0.0006105354987084866	0.0008883464615792036
131	anger	../Syntropy_Result_Finals/Models/Model_Unsliced_Go_Emotion	../Syntropy_Result_Finals/Models/Model_Unsliced_Go_Emotion	fear	0.6797958016395569	0.004030637908726931	0.0871407687664032	0.6797958016395569	0.002896931255236268	0.0015613307477906346	0.1506645232439041	0.003235312644392252	0.04074788838624954	0.0035730234812945127	0.003068709746003151	0.014472133480012417	0.008812987245619297
132	joy	../Syntropy_Result_Finals/Models/Model_Unsliced_Go_Emotion	../Syntropy_Result_Finals/Models/Model_Unsliced_Go_Emotion	joy	0.9348489046096802	0.04193258285522461	0.000361999700544402	0.0003036852285731584	0.9348489046096802	0.0062813106924295425	0.011505166068673134	0.0012562243500724435	0.0013266107998788357	0.0010328370844945312	0.0001932853483594954	0.0004517551860772073	0.0005055400542914867
133	joy	../Syntropy_Result_Finals/Models/Model_Unsliced_Go_Emotion	../Syntropy_Result_Finals/Models/Model_Unsliced_Go_Emotion	joy	0.9455022215843201	0.011800753884017467	0.0006466797203756869	0.0004736548289656639	0.9455022215843201	0.004986559506505728	0.02509954757988453	0.000675498740747571	0.00789584033191204	0.0015195721061900258	0.0003390930942259729	0.0004717324336525053	0.0005889316089451313
134	joy	../Syntropy_Result_Finals/Models/Model_Unsliced_Go_Emotion	../Syntropy_Result_Finals/Models/Model_Unsliced_Go_Emotion	joy	0.890993058681488	0.01999121904373169	0.0006076080026105046	0.00039595182170160115	0.890993058681488	0.01938074454665184	0.05561715364456177	0.0010579993249848485	0.008467067033052444	0.0014943515416234732	0.0006264392868615687	0.0007025405066087842	0.0006659593782387674
135	pride	../Syntropy_Result_Finals/Models/Model_Unsliced_Go_Emotion	../Syntropy_Result_Finals/Models/Model_Unsliced_Go_Emotion	joy	0.9488375186920166	0.022862274199724197	0.0004880294145550579	0.0002230074896942824	0.9488375186920166	0.005666998215019703	0.015897536650300026	0.0015206558164209127	0.0015166252851486206	0.001352400635369122	0.00045439283712767065	0.0003745254944078624	0.0008060352993197739
136	joy	../Syntropy_Result_Finals/Models/Model_Unsliced_Go_Emotion	../Syntropy_Result_Finals/Models/Model_Unsliced_Go_Emotion	joy	0.8175743222236633	0.010886650532484055	0.0032199390698224306	0.0010299697751179338	0.8175743222236633	0.007817471399903297	0.06690952926874161	0.000872704666107893	0.08459573239088058	0.002258620923385024	0.0014653843827545643	0.001431640237569809	0.0019380142912268639
137	pride	../Syntropy_Result_Finals/Models/Model_Unsliced_Go_Emotion	../Syntropy_Result_Finals/Models/Model_Unsliced_Go_Emotion	joy	0.9429049491882324	0.03173227608203888	0.0006497951690107584	0.0004952122108079493	0.9429049491882324	0.005122480448335409	0.012666689231991768	0.001803574850782752	0.0014452884206548333	0.0018731786403805017	0.0002567349001765251	0.0004472649306990206	0.0006025818292982876
138	pride	../Syntropy_Result_Finals/Models/Model_Unsliced_Go_Emotion	../Syntropy_Result_Finals/Models/Model_Unsliced_Go_Emotion	pride	0.8376200795173645	0.030435465276241302	0.006776592694222927	0.001996956067159772	0.036477115005254745	0.8376200795173645	0.01905394345521927	0.01541120745241642	0.018417838960886	0.004784271586686373	0.02003883756697178	0.005177729297429323	0.0038099982775747776
139	neutral	../Syntropy_Result_Finals/Models/Model_Unsliced_Go_Emotion	../Syntropy_Result_Finals/Models/Model_Unsliced_Go_Emotion	sadness	0.866283655166626	0.0016448780661448836	0.0060084424912929535	0.0023548041936010122	0.03855213522911072	0.0023242069873958826	0.07296478748321533	0.0008735598530620337	0.866283655166626	0.004187494516372681	0.0018276675837114453	0.0008923090645112097	0.00208610063418746
140	pride	../Syntropy_Result_Finals/Models/Model_Unsliced_Go_Emotion	../Syntropy_Result_Finals/Models/Model_Unsliced_Go_Emotion	neutral	0.7074852585792542	0.04079066589474678	0.005017781630158424	0.001957029104232788	0.1677173227071762	0.02895791083574295	0.7074852585792542	0.005645889788866043	0.030281128361821175	0.00301368348300457	0.004140562377870083	0.002150779590010643	0.0028420144226402044
141	pride	../Syntropy_Result_Finals/Models/Model_Unsliced_Go_Emotion	../Syntropy_Result_Finals/Models/Model_Unsliced_Go_Emotion	pride	0.5218791961669922	0.10913122445344925	0.003514277283102274	0.0012715640477836132	0.26045721769332886	0.5218791961669922	0.06766118854284286	0.00932263396680355	0.010781470686197281	0.0034771114587783813	0.0064751566387712955	0.003476965706795454	0.002551975194364786
142	fear	../Syntropy_Result_Finals/Models/Model_Unsliced_Go_Emotion	../Syntropy_Result_Finals/Models/Model_Unsliced_Go_Emotion	fear	0.3491840958595276	0.005448999814689159	0.17770780622959137	0.3491840958595276	0.007238388527184725	0.004223190248012543	0.31195688247680664	0.006476434879004955	0.11537942290306091	0.00631660595536232	0.004678966943174601	0.005845129024237394	0.00554405665025115
143	joy	../Syntropy_Result_Finals/Models/Model_Unsliced_Go_Emotion	../Syntropy_Result_Finals/Models/Model_Unsliced_Go_Emotion	neutral	0.9056336283683777	0.003430833574384451	0.005794862285256386	0.0024818519596010447	0.007498025428503752	0.005420501343905926	0.9056336283683777	0.0012542150216177106	0.062430452555418015	0.00154267274774611	0.0017486624419689178	0.0017559677362442017	0.0010083799716085196
144	excitement	../Syntropy_Result_Finals/Models/Model_Unsliced_Go_Emotion	../Syntropy_Result_Finals/Models/Model_Unsliced_Go_Emotion	joy	0.8666447401046753	0.025409644469618797	0.0005734646110795438	0.00026159637491218746	0.8666447401046753	0.005954931024461985	0.093350350856781	0.0014061655383557081	0.0025019843596965075	0.002057817066088319	0.0005089390324428678	0.0005625868798233569	0.000767732213716954
145	neutral	../Syntropy_Result_Finals/Models/Model_Unsliced_Go_Emotion	../Syntropy_Result_Finals/Models/Model_Unsliced_Go_Emotion	joy	0.929685115814209	0.035871099680662155	0.00036630488466471434	0.0002490724727977067	0.929685115814209	0.004149248823523521	0.02425561100244522	0.0013727863552048802	0.0008971967617981136	0.0018175531877204776	0.00026278558652848005	0.00047362816985696554	0.0005995849496684968
146	neutral	../Syntropy_Result_Finals/Models/Model_Unsliced_Go_Emotion	../Syntropy_Result_Finals/Models/Model_Unsliced_Go_Emotion	neutral	0.9485681653022766	0.006393111776560545	0.0034022682812064886	0.0021250038407742977	0.005448165815323591	0.008195245638489723	0.9485681653022766	0.002840181579813361	0.013708775863051414	0.0017662085592746735	0.0031824863981455564	0.0023615285754203796	0.0020088523160666227
147	pride	../Syntropy_Result_Finals/Models/Model_Unsliced_Go_Emotion	../Syntropy_Result_Finals/Models/Model_Unsliced_Go_Emotion	pride	0.7229822278022766	0.04384663701057434	0.004921294283121824	0.0018262945814058185	0.11797527223825455	0.7229822278022766	0.05087228864431381	0.009789645671844482	0.022608192637562752	0.004960625432431698	0.012620753608644009	0.0044786082580685616	0.0031181825324892998
148	pride	../Syntropy_Result_Finals/Models/Model_Unsliced_Go_Emotion	../Syntropy_Result_Finals/Models/Model_Unsliced_Go_Emotion	joy	0.8986013531684875	0.03124372661113739	0.0004616121295839548	0.0002391056768829003	0.8986013531684875	0.0073907822370529175	0.05290810763835907	0.0015651367139071226	0.0046708108857274055	0.0011358120245859027	0.0005251398542895913	0.00048344224342145026	0.0007749621872790158
149	joy	../Syntropy_Result_Finals/Models/Model_Unsliced_Go_Emotion	../Syntropy_Result_Finals/Models/Model_Unsliced_Go_Emotion	joy	0.9519949555397034	0.013392630964517593	0.0011600240832194686	0.0006150177796371281	0.9519949555397034	0.008748036809265614	0.012360540218651295	0.0025674079079180956	0.0021486894693225622	0.003977742046117783	0.0011450117453932762	0.0006980285397730768	0.0011918554082512856
150	neutral	../Syntropy_Result_Finals/Models/Model_Unsliced_Go_Emotion	../Syntropy_Result_Finals/Models/Model_Unsliced_Go_Emotion	joy	0.8779605031013489	0.01830454170703888	0.00048439984675496817	0.00028550170827656984	0.8779605031013489	0.0038275320548564196	0.0926065668463707	0.0009450537618249655	0.001459068851545453	0.001709516393020749	0.00040535605512559414	0.0008806190453469753	0.0011314060539007187
151	joy	../Syntropy_Result_Finals/Models/Model_Unsliced_Go_Emotion	../Syntropy_Result_Finals/Models/Model_Unsliced_Go_Emotion	neutral	0.733984112739563	0.0017326417146250606	0.004626682959496975	0.005305616185069084	0.002825180534273386	0.0033921892754733562	0.733984112739563	0.0006633595330640674	0.22793543338775635	0.0030457626562565565	0.0037953073624521494	0.009348617866635323	0.0033451365306973457
152	excitement	../Syntropy_Result_Finals/Models/Model_Unsliced_Go_Emotion	../Syntropy_Result_Finals/Models/Model_Unsliced_Go_Emotion	joy	0.7810059189796448	0.0845407024025917	0.0005464041023515165	0.00033272604923695326	0.7810059189796448	0.011011902242898941	0.11576400697231293	0.0016631083562970161	0.0020812908187508583	0.0012730540474876761	0.0004190980107523501	0.0006319124368019402	0.0007297637057490647
153	joy	../Syntropy_Result_Finals/Models/Model_Unsliced_Go_Emotion	../Syntropy_Result_Finals/Models/Model_Unsliced_Go_Emotion	joy	0.9515432119369507	0.015491168014705181	0.0004388412635307759	0.000381282065063715	0.9515432119369507	0.0027199527248740196	0.023283790796995163	0.0010426396038383245	0.0015295788180083036	0.0016428972594439983	0.00026662799064069986	0.0006628251285292208	0.0009972047992050648
154	excitement	../Syntropy_Result_Finals/Models/Model_Unsliced_Go_Emotion	../Syntropy_Result_Finals/Models/Model_Unsliced_Go_Emotion	joy	0.850101113319397	0.08353197574615479	0.0004809337551705539	0.00027593321283347905	0.850101113319397	0.00705926725640893	0.05089358985424042	0.0031367072369903326	0.0008060003165155649	0.0013863863423466682	0.0003601113858167082	0.0010221499251201749	0.0009458491113036871
155	surprise	../Syntropy_Result_Finals/Models/Model_Unsliced_Go_Emotion	../Syntropy_Result_Finals/Models/Model_Unsliced_Go_Emotion	excitement	0.6704884767532349	0.6704884767532349	0.001163313863798976	0.0005051710759289563	0.28580644726753235	0.007623358629643917	0.02676980383694172	0.003943532705307007	0.0009320743847638369	0.0012055430561304092	0.00036187469959259033	0.0007106120465323329	0.0004897743347100914
156	joy	../Syntropy_Result_Finals/Models/Model_Unsliced_Go_Emotion	../Syntropy_Result_Finals/Models/Model_Unsliced_Go_Emotion	neutral	0.8750903606414795	0.003087657270953059	0.0029100144747644663	0.0018162103369832039	0.011713330633938313	0.0016468589892610908	0.8750903606414795	0.0008306569652631879	0.018418414518237114	0.002434168942272663	0.002128998748958111	0.06796038150787354	0.01196303404867649
157	nervousness	../Syntropy_Result_Finals/Models/Model_Unsliced_Go_Emotion	../Syntropy_Result_Finals/Models/Model_Unsliced_Go_Emotion	confusion	0.8862311244010925	0.004637214355170727	0.01990535669028759	0.0093108294531703	0.0035824424121528864	0.0020390895660966635	0.04515969753265381	0.005503124091774225	0.014065035618841648	0.8862311244010925	0.004647350404411554	0.0025567326229065657	0.002361955353990197
158	pride	../Syntropy_Result_Finals/Models/Model_Unsliced_Go_Emotion	../Syntropy_Result_Finals/Models/Model_Unsliced_Go_Emotion	joy	0.852777898311615	0.054200027137994766	0.0005319026531651616	0.0003688473952934146	0.852777898311615	0.029701875522732735	0.05481550842523575	0.0017016332130879164	0.0016184889245778322	0.0012330875033512712	0.0008077420643530786	0.0012170119443908334	0.001025855541229248
159	joy	../Syntropy_Result_Finals/Models/Model_Unsliced_Go_Emotion	../Syntropy_Result_Finals/Models/Model_Unsliced_Go_Emotion	joy	0.8582398891448975	0.07354244589805603	0.00046104370267130435	0.00027766491984948516	0.8582398891448975	0.005888482090085745	0.056500524282455444	0.001106537994928658	0.0008982352446764708	0.0009106448851525784	0.00028259886312298477	0.0010174224153161049	0.0008745593368075788
160	disgust	../Syntropy_Result_Finals/Models/Model_Unsliced_Go_Emotion	../Syntropy_Result_Finals/Models/Model_Unsliced_Go_Emotion	sadness	0.5958302617073059	0.009197143837809563	0.03260981664061546	0.017089758068323135	0.02509867213666439	0.00988671462982893	0.17649200558662415	0.0019161684904247522	0.5958302617073059	0.01511271670460701	0.01777498610317707	0.08101807534694672	0.017973642796278
161	neutral	../Syntropy_Result_Finals/Models/Model_Unsliced_Go_Emotion	../Syntropy_Result_Finals/Models/Model_Unsliced_Go_Emotion	joy	0.7243800163269043	0.0607633963227272	0.0010327824857085943	0.00039432424819096923	0.7243800163269043	0.016289474442601204	0.18692514300346375	0.0023191655054688454	0.0029838471673429012	0.0011851668823510408	0.0012618298642337322	0.0010125061962753534	0.0014523830031976104
162	surprise	../Syntropy_Result_Finals/Models/Model_Unsliced_Go_Emotion	../Syntropy_Result_Finals/Models/Model_Unsliced_Go_Emotion	excitement	0.4941207766532898	0.4941207766532898	0.0018714760662987828	0.0008944671717472374	0.46391594409942627	0.00681428425014019	0.017206918448209763	0.010358930565416813	0.000875701371114701	0.0024895076639950275	0.0004393978160806	0.0004879421612713486	0.0005246144719421864
163	joy	../Syntropy_Result_Finals/Models/Model_Unsliced_Go_Emotion	../Syntropy_Result_Finals/Models/Model_Unsliced_Go_Emotion	joy	0.5689030289649963	0.09173571318387985	0.0022409704979509115	0.001058465102687478	0.5689030289649963	0.2293371856212616	0.0856209397315979	0.004971181973814964	0.00605553574860096	0.002744844648987055	0.0029582290444523096	0.002491697669029236	0.0018821958219632506
164	excitement	../Syntropy_Result_Finals/Models/Model_Unsliced_Go_Emotion	../Syntropy_Result_Finals/Models/Model_Unsliced_Go_Emotion	joy	0.6247007846832275	0.15803098678588867	0.0013826615177094936	0.0005827610148116946	0.6247007846832275	0.02322356030344963	0.1824740320444107	0.002091993810608983	0.0031088811811059713	0.001355182146653533	0.0007032980211079121	0.0013065389357507229	0.001039339229464531
165	confusion	../Syntropy_Result_Finals/Models/Model_Unsliced_Go_Emotion	../Syntropy_Result_Finals/Models/Model_Unsliced_Go_Emotion	neutral	0.7362470626831055	0.024861440062522888	0.014662756584584713	0.004797976464033127	0.034745749086141586	0.0062077846378088	0.7362470626831055	0.003530758200213313	0.02629019133746624	0.12596894800662994	0.0037727386225014925	0.014442428015172482	0.004472254775464535
166	confusion	../Syntropy_Result_Finals/Models/Model_Unsliced_Go_Emotion	../Syntropy_Result_Finals/Models/Model_Unsliced_Go_Emotion	confusion	0.8391287326812744	0.0007219726103357971	0.0015979366144165397	0.0018509689252823591	0.001258651609532535	0.0008493269560858607	0.11847403645515442	0.00343773583881557	0.007379903923720121	0.8391287326812744	0.0038020729552954435	0.016572456806898117	0.004926168359816074
167	anger	../Syntropy_Result_Finals/Models/Model_Unsliced_Go_Emotion	../Syntropy_Result_Finals/Models/Model_Unsliced_Go_Emotion	anger	0.3962862193584442	0.0012730042217299342	0.017420519143342972	0.035593245178461075	0.004147822503000498	0.0020841152872890234	0.045756641775369644	0.0017746574012562633	0.30391165614128113	0.013971187174320221	0.01698615774512291	0.3962862193584442	0.16079477965831757
168	joy	../Syntropy_Result_Finals/Models/Model_Unsliced_Go_Emotion	../Syntropy_Result_Finals/Models/Model_Unsliced_Go_Emotion	sadness	0.6792098879814148	0.002842225832864642	0.05542178824543953	0.09165727347135544	0.0035265316255390644	0.0024374176282435656	0.0783989354968071	0.0019819627050310373	0.6792098879814148	0.00313415820710361	0.006433818954974413	0.04494842514395714	0.03000763989984989
169	neutral	../Syntropy_Result_Finals/Models/Model_Unsliced_Go_Emotion	../Syntropy_Result_Finals/Models/Model_Unsliced_Go_Emotion	joy	0.9690845608711243	0.0071691288612782955	0.00033156448625959456	0.0002606803900562227	0.9690845608711243	0.004378736950457096	0.011643783189356327	0.0012109339004382491	0.0021018218249082565	0.0017113693756982684	0.00044324141344986856	0.0006877990090288222	0.0009763706475496292
170	neutral	../Syntropy_Result_Finals/Models/Model_Unsliced_Go_Emotion	../Syntropy_Result_Finals/Models/Model_Unsliced_Go_Emotion	fear	0.6825076937675476	0.006725854706019163	0.22174052894115448	0.6825076937675476	0.00353108998388052	0.0018899607239291072	0.04767069220542908	0.0038369079120457172	0.015918860211968422	0.007642178330570459	0.002249405486509204	0.003942966461181641	0.0023438818752765656
171	pride	../Syntropy_Result_Finals/Models/Model_Unsliced_Go_Emotion	../Syntropy_Result_Finals/Models/Model_Unsliced_Go_Emotion	neutral	0.46323880553245544	0.0672413632273674	0.0011089848121628165	0.0005416250787675381	0.4214399755001068	0.033753201365470886	0.46323880553245544	0.003494245931506157	0.0031111249700188637	0.0023202805314213037	0.0010872980346903205	0.0015159347094595432	0.0011472804471850395
172	pride	../Syntropy_Result_Finals/Models/Model_Unsliced_Go_Emotion	../Syntropy_Result_Finals/Models/Model_Unsliced_Go_Emotion	neutral	0.64250248670578	0.07310128211975098	0.0025945657398551702	0.000950125337112695	0.21018898487091064	0.052428774535655975	0.64250248670578	0.002229025587439537	0.008141311816871166	0.0018501118756830692	0.002038322389125824	0.0027860405389219522	0.0011889678426086903
173	excitement	../Syntropy_Result_Finals/Models/Model_Unsliced_Go_Emotion	../Syntropy_Result_Finals/Models/Model_Unsliced_Go_Emotion	neutral	0.8433071374893188	0.010413591749966145	0.012444096617400646	0.004528570920228958	0.022173045203089714	0.018430521711707115	0.8433071374893188	0.001618511276319623	0.07416988909244537	0.003553319489583373	0.0034864952322095633	0.004048910457640886	0.0018258478958159685
174	pride	../Syntropy_Result_Finals/Models/Model_Unsliced_Go_Emotion	../Syntropy_Result_Finals/Models/Model_Unsliced_Go_Emotion	neutral	0.5561767220497131	0.029349016025662422	0.0015599679900333285	0.000588144117500633	0.37231841683387756	0.02494930475950241	0.5561767220497131	0.0023192926310002804	0.003967174328863621	0.0022869769018143415	0.002267803531140089	0.002267176518216729	0.001950055011548102
175	pride	../Syntropy_Result_Finals/Models/Model_Unsliced_Go_Emotion	../Syntropy_Result_Finals/Models/Model_Unsliced_Go_Emotion	joy	0.9306653738021851	0.01937679946422577	0.0007690468919463456	0.000540916109457612	0.9306653738021851	0.0026012042071670294	0.03763466328382492	0.001156926155090332	0.002827773569151759	0.0021761178504675627	0.0004297659615986049	0.0006947736255824566	0.0011265588691458106
176	confusion	../Syntropy_Result_Finals/Models/Model_Unsliced_Go_Emotion	../Syntropy_Result_Finals/Models/Model_Unsliced_Go_Emotion	sadness	0.5990061163902283	0.008964557200670242	0.13199332356452942	0.037386205047369	0.018154701218008995	0.007280449848622084	0.06900006532669067	0.0014244718477129936	0.5990061163902283	0.00791557040065527	0.012316595762968063	0.08807337284088135	0.018484530970454216
177	neutral	../Syntropy_Result_Finals/Models/Model_Unsliced_Go_Emotion	../Syntropy_Result_Finals/Models/Model_Unsliced_Go_Emotion	joy	0.5215440988540649	0.12224084138870239	0.00232536974363029	0.0007451380952261388	0.5215440988540649	0.016514852643013	0.32190242409706116	0.005393604747951031	0.003394355997443199	0.002006318187341094	0.0016306850593537092	0.0009899125434458256	0.0013124120887368917
178	disgust	../Syntropy_Result_Finals/Models/Model_Unsliced_Go_Emotion	../Syntropy_Result_Finals/Models/Model_Unsliced_Go_Emotion	sadness	0.7936220765113831	0.001774287666194141	0.0391387939453125	0.03723300248384476	0.004439616575837135	0.003057821886613965	0.06498720496892929	0.0014986158348619938	0.7936220765113831	0.001549411448650062	0.015685968101024628	0.014799901284277439	0.02221323736011982
179	joy	../Syntropy_Result_Finals/Models/Model_Unsliced_Go_Emotion	../Syntropy_Result_Finals/Models/Model_Unsliced_Go_Emotion	joy	0.9669436812400818	0.014579513110220432	0.0003892336681019515	0.0002794322499539703	0.9669436812400818	0.003664920339360833	0.008672649040818214	0.0010432866401970387	0.0013563167303800583	0.001210819580592215	0.0003137178428005427	0.0005957121029496193	0.0009506342466920614
180	excitement	../Syntropy_Result_Finals/Models/Model_Unsliced_Go_Emotion	../Syntropy_Result_Finals/Models/Model_Unsliced_Go_Emotion	pride	0.45642930269241333	0.13224457204341888	0.0035396215971559286	0.0012957724975422025	0.32137253880500793	0.45642930269241333	0.051773153245449066	0.009724917821586132	0.007032363209873438	0.0032344150822609663	0.00728895328938961	0.0030433672945946455	0.0030210171826183796
181	neutral	../Syntropy_Result_Finals/Models/Model_Unsliced_Go_Emotion	../Syntropy_Result_Finals/Models/Model_Unsliced_Go_Emotion	joy	0.9428646564483643	0.01975507289171219	0.0006972860428504646	0.0003942232870031148	0.9428646564483643	0.003259700257331133	0.025503607466816902	0.0017068511806428432	0.0014040136011317372	0.002154300222173333	0.0004842645430471748	0.0006063091568648815	0.0011698288144543767
182	pride	../Syntropy_Result_Finals/Models/Model_Unsliced_Go_Emotion	../Syntropy_Result_Finals/Models/Model_Unsliced_Go_Emotion	joy	0.7558007836341858	0.1305287927389145	0.0007546509150415659	0.00033517577685415745	0.7558007836341858	0.02125069685280323	0.08355464041233063	0.0024906250182539225	0.0013423669151961803	0.0012857315596193075	0.0006593733560293913	0.0009978736052289605	0.0009992896812036633
183	excitement	../Syntropy_Result_Finals/Models/Model_Unsliced_Go_Emotion	../Syntropy_Result_Finals/Models/Model_Unsliced_Go_Emotion	joy	0.8803043961524963	0.0406947061419487	0.000571305223274976	0.00024473716621287167	0.8803043961524963	0.004792084917426109	0.06642553955316544	0.0015037237899377942	0.0013971859589219093	0.0014311290578916669	0.0005187048227526248	0.0009367496822960675	0.0011796870967373252
184	excitement	../Syntropy_Result_Finals/Models/Model_Unsliced_Go_Emotion	../Syntropy_Result_Finals/Models/Model_Unsliced_Go_Emotion	joy	0.9309553503990173	0.03242757171392441	0.0005807005218230188	0.00039430116885341704	0.9309553503990173	0.002918971236795187	0.026601772755384445	0.0010515775065869093	0.0018757833167910576	0.0016094897873699665	0.00025171972811222076	0.000566503091249615	0.000766330340411514
185	embarrassment	../Syntropy_Result_Finals/Models/Model_Unsliced_Go_Emotion	../Syntropy_Result_Finals/Models/Model_Unsliced_Go_Emotion	nervousness	0.43551668524742126	0.016910869628190994	0.43551668524742126	0.16958504915237427	0.005977237597107887	0.004417368210852146	0.25955164432525635	0.02416280098259449	0.033881157636642456	0.017560573294758797	0.022530265152454376	0.003896630136296153	0.006009717937558889
186	surprise	../Syntropy_Result_Finals/Models/Model_Unsliced_Go_Emotion	../Syntropy_Result_Finals/Models/Model_Unsliced_Go_Emotion	joy	0.8076009750366211	0.07563556730747223	0.0005256964941509068	0.0003137944149784744	0.8076009750366211	0.02647208422422409	0.08155444264411926	0.002157597104087472	0.0015962329925969243	0.0013795070117339492	0.0007284182938747108	0.001082712085917592	0.0009528947412036359
187	excitement	../Syntropy_Result_Finals/Models/Model_Unsliced_Go_Emotion	../Syntropy_Result_Finals/Models/Model_Unsliced_Go_Emotion	joy	0.8902734518051147	0.0680454820394516	0.0005678965244442225	0.00029636986437253654	0.8902734518051147	0.003937551751732826	0.028584910556674004	0.0034909818787127733	0.0009046342456713319	0.0021223407238721848	0.0004210712795611471	0.0005403000395745039	0.0008150700596161187
188	nervousness	../Syntropy_Result_Finals/Models/Model_Unsliced_Go_Emotion	../Syntropy_Result_Finals/Models/Model_Unsliced_Go_Emotion	nervousness	0.35195502638816833	0.2956470847129822	0.35195502638816833	0.025059185922145844	0.23553116619586945	0.02338244579732418	0.01656871847808361	0.009610340930521488	0.026486782357096672	0.00616818992421031	0.005548573564738035	0.0014151243958622217	0.0026274174451828003
189	nervousness	../Syntropy_Result_Finals/Models/Model_Unsliced_Go_Emotion	../Syntropy_Result_Finals/Models/Model_Unsliced_Go_Emotion	neutral	0.7061721086502075	0.006915506906807423	0.039863310754299164	0.031246567144989967	0.006183727644383907	0.006354952696710825	0.7061721086502075	0.007890412583947182	0.17744049429893494	0.0032381401397287846	0.005902473349124193	0.004665261600166559	0.004127028398215771
190	joy	../Syntropy_Result_Finals/Models/Model_Unsliced_Go_Emotion	../Syntropy_Result_Finals/Models/Model_Unsliced_Go_Emotion	joy	0.8892656564712524	0.04722199589014053	0.0004337170103099197	0.0002463611599523574	0.8892656564712524	0.005101692397147417	0.05150387063622475	0.0016984246904030442	0.0014016301138326526	0.0015563147608190775	0.0003755360667128116	0.0004965720581822097	0.0006981493788771331
191	pride	../Syntropy_Result_Finals/Models/Model_Unsliced_Go_Emotion	../Syntropy_Result_Finals/Models/Model_Unsliced_Go_Emotion	neutral	0.4285591244697571	0.012442121282219887	0.017411084845662117	0.007372299674898386	0.07141370326280594	0.009039852768182755	0.4285591244697571	0.002023851266130805	0.4049566984176636	0.0034407256171107292	0.009811526164412498	0.013349154032766819	0.020179903134703636
192	neutral	../Syntropy_Result_Finals/Models/Model_Unsliced_Go_Emotion	../Syntropy_Result_Finals/Models/Model_Unsliced_Go_Emotion	joy	0.779830813407898	0.02123681828379631	0.0014660974266007543	0.0007504965178668499	0.779830813407898	0.00419391505420208	0.17755569517612457	0.0021886429749429226	0.0036264583468437195	0.005067105405032635	0.0006598017062060535	0.0016279425472021103	0.0017961449921131134
193	pride	../Syntropy_Result_Finals/Models/Model_Unsliced_Go_Emotion	../Syntropy_Result_Finals/Models/Model_Unsliced_Go_Emotion	joy	0.6436150074005127	0.05266803503036499	0.003978434484452009	0.000987181905657053	0.6436150074005127	0.0093699274584651	0.24483133852481842	0.009574389085173607	0.00852925144135952	0.022590193897485733	0.0017407648265361786	0.0008994645322673023	0.0012159429024904966
194	neutral	../Syntropy_Result_Finals/Models/Model_Unsliced_Go_Emotion	../Syntropy_Result_Finals/Models/Model_Unsliced_Go_Emotion	fear	0.8461066484451294	0.0028536508325487375	0.0908602625131607	0.8461066484451294	0.0029983422718942165	0.0013138935901224613	0.025105059146881104	0.0021062863525003195	0.01598421297967434	0.0020433233585208654	0.0018286944832652807	0.0029213023371994495	0.005878306459635496
195	neutral	../Syntropy_Result_Finals/Models/Model_Unsliced_Go_Emotion	../Syntropy_Result_Finals/Models/Model_Unsliced_Go_Emotion	joy	0.9376265406608582	0.01125994510948658	0.0006489802035503089	0.00032257710699923337	0.9376265406608582	0.004959251265972853	0.03185683861374855	0.0009898695861920714	0.003579827956855297	0.0023856156039983034	0.0006888023344799876	0.003473843215033412	0.0022078321781009436
196	neutral	../Syntropy_Result_Finals/Models/Model_Unsliced_Go_Emotion	../Syntropy_Result_Finals/Models/Model_Unsliced_Go_Emotion	joy	0.7677793502807617	0.011183081194758415	0.001004583202302456	0.0005009767482988536	0.7677793502807617	0.005208057817071676	0.19947054982185364	0.0011812063166871667	0.007817564532160759	0.0026423726230859756	0.0010600874666124582	0.0005737034371122718	0.0015784685965627432
197	joy	../Syntropy_Result_Finals/Models/Model_Unsliced_Go_Emotion	../Syntropy_Result_Finals/Models/Model_Unsliced_Go_Emotion	joy	0.8474989533424377	0.04915449023246765	0.0016141589730978012	0.000803092319983989	0.8474989533424377	0.013003150932490826	0.07070016860961914	0.0034763903822749853	0.009204650297760963	0.002860716311261058	0.0004278878041077405	0.0006495225825347006	0.0006068216171115637
198	neutral	../Syntropy_Result_Finals/Models/Model_Unsliced_Go_Emotion	../Syntropy_Result_Finals/Models/Model_Unsliced_Go_Emotion	joy	0.9612096548080444	0.019770829007029533	0.0005602631717920303	0.0004444047517608851	0.9612096548080444	0.0026045776903629303	0.0075567252933979034	0.0019034636206924915	0.0012243756791576743	0.002301356755197048	0.00036902102874591947	0.0007771588279865682	0.0012781943660229445
199	excitement	../Syntropy_Result_Finals/Models/Model_Unsliced_Go_Emotion	../Syntropy_Result_Finals/Models/Model_Unsliced_Go_Emotion	joy	0.9618360996246338	0.020980793982744217	0.00045402313116937876	0.0003330123727209866	0.9618360996246338	0.002539572538807988	0.0071251350454986095	0.0015908199129626155	0.001480208826251328	0.0019352236995473504	0.0003024514007847756	0.0005846048588864505	0.0008381273364648223
200	excitement	../Syntropy_Result_Finals/Models/Model_Unsliced_Go_Emotion	../Syntropy_Result_Finals/Models/Model_Unsliced_Go_Emotion	joy	0.9011443853378296	0.015579735860228539	0.00047911907313391566	0.0002552980440668762	0.9011443853378296	0.0036986065097153187	0.07176041603088379	0.0008786275866441429	0.002461799653246999	0.002125357510522008	0.0003653625608421862	0.000519793713465333	0.0007315287366509438
201	neutral	../Syntropy_Result_Finals/Models/Model_Unsliced_Go_Emotion	../Syntropy_Result_Finals/Models/Model_Unsliced_Go_Emotion	nervousness	0.6997869610786438	0.0619073323905468	0.6997869610786438	0.06382305920124054	0.020258955657482147	0.008475905284285545	0.042454179376363754	0.0031206293497234583	0.05102236196398735	0.011692644096910954	0.01649012789130211	0.013168063014745712	0.007799792103469372
202	excitement	../Syntropy_Result_Finals/Models/Model_Unsliced_Go_Emotion	../Syntropy_Result_Finals/Models/Model_Unsliced_Go_Emotion	joy	0.9468976259231567	0.03126442804932594	0.0005198175203986466	0.00036752785672433674	0.9468976259231567	0.00351764727383852	0.01095491461455822	0.0017148115439340472	0.0010883624199777842	0.0017102794954553246	0.0003544759820215404	0.0005941107519902289	0.0010160664096474648
203	joy	../Syntropy_Result_Finals/Models/Model_Unsliced_Go_Emotion	../Syntropy_Result_Finals/Models/Model_Unsliced_Go_Emotion	joy	0.9648311734199524	0.00916234403848648	0.00033062478178180754	0.00023284577764570713	0.9648311734199524	0.0048450892791152	0.013528327457606792	0.0016294902889057994	0.0017262357287108898	0.0015645226230844855	0.0005237678415142	0.0005882891127839684	0.0010373087134212255
204	excitement	../Syntropy_Result_Finals/Models/Model_Unsliced_Go_Emotion	../Syntropy_Result_Finals/Models/Model_Unsliced_Go_Emotion	excitement	0.9589303731918335	0.9589303731918335	0.0018156968289986253	0.001193739240989089	0.017482005059719086	0.0030992559622973204	0.010058946907520294	0.003690090961754322	0.00047194978105835617	0.0013166964054107666	0.00039296361501328647	0.001159997540526092	0.00038836858584545553
205	excitement	../Syntropy_Result_Finals/Models/Model_Unsliced_Go_Emotion	../Syntropy_Result_Finals/Models/Model_Unsliced_Go_Emotion	excitement	0.9497861862182617	0.9497861862182617	0.0017399564385414124	0.0009697744972072542	0.0291152261197567	0.003037867834791541	0.008837483823299408	0.003217178164049983	0.0004855540464632213	0.0012100744061172009	0.0003417881380300969	0.0008848944562487304	0.00037392808008007705
206	neutral	../Syntropy_Result_Finals/Models/Model_Unsliced_Go_Emotion	../Syntropy_Result_Finals/Models/Model_Unsliced_Go_Emotion	joy	0.9134166836738586	0.007561400067061186	0.0012887754710391164	0.0006156644667498767	0.9134166836738586	0.004564062692224979	0.021455178037285805	0.0011539972620084882	0.04431234300136566	0.0023561532143503428	0.0007503182860091329	0.0009439265704713762	0.0015816480154171586
207	joy	../Syntropy_Result_Finals/Models/Model_Unsliced_Go_Emotion	../Syntropy_Result_Finals/Models/Model_Unsliced_Go_Emotion	neutral	0.9285203814506531	0.017944252118468285	0.001239699311554432	0.0005126707255840302	0.037270933389663696	0.007142367772758007	0.9285203814506531	0.0012274457840248942	0.00253930501639843	0.0015641608042642474	0.0007082674419507384	0.0008322031353600323	0.0004983716062270105
208	joy	../Syntropy_Result_Finals/Models/Model_Unsliced_Go_Emotion	../Syntropy_Result_Finals/Models/Model_Unsliced_Go_Emotion	joy	0.9316821694374084	0.014666211791336536	0.0010060836793854833	0.000548537471331656	0.9316821694374084	0.0035757827572524548	0.03803237900137901	0.0015817220555618405	0.0025453881826251745	0.002994376001879573	0.0005594721878878772	0.0011147466721013188	0.0016931889113038778
209	pride	../Syntropy_Result_Finals/Models/Model_Unsliced_Go_Emotion	../Syntropy_Result_Finals/Models/Model_Unsliced_Go_Emotion	joy	0.9514930248260498	0.02454887516796589	0.0004383859341032803	0.00026740258908830583	0.9514930248260498	0.0045893252827227116	0.013260550796985626	0.0014148728223517537	0.0010449968976899981	0.0013280470157042146	0.0003325024154037237	0.00047473545419052243	0.0008073062053881586
210	pride	../Syntropy_Result_Finals/Models/Model_Unsliced_Go_Emotion	../Syntropy_Result_Finals/Models/Model_Unsliced_Go_Emotion	excitement	0.653200089931488	0.653200089931488	0.0020753161516040564	0.0006683423416689038	0.26450109481811523	0.03509572148323059	0.029193883761763573	0.009727408178150654	0.0018974492559209466	0.0011892524780705571	0.0006983372149989009	0.001080102869309485	0.0006730064051225781
211	pride	../Syntropy_Result_Finals/Models/Model_Unsliced_Go_Emotion	../Syntropy_Result_Finals/Models/Model_Unsliced_Go_Emotion	pride	0.817896842956543	0.049244388937950134	0.00662795826792717	0.0022819226142019033	0.04340037703514099	0.817896842956543	0.024086739867925644	0.01639087311923504	0.011642372235655785	0.0041655502282083035	0.013622194528579712	0.006835808977484703	0.003805001964792609
212	pride	../Syntropy_Result_Finals/Models/Model_Unsliced_Go_Emotion	../Syntropy_Result_Finals/Models/Model_Unsliced_Go_Emotion	pride	0.7651147246360779	0.03624564781785011	0.005668319761753082	0.0020020981319248676	0.05570594593882561	0.7651147246360779	0.06612077355384827	0.01550280675292015	0.01659245230257511	0.004924580920487642	0.019671186804771423	0.008099693804979324	0.004351775161921978
213	neutral	../Syntropy_Result_Finals/Models/Model_Unsliced_Go_Emotion	../Syntropy_Result_Finals/Models/Model_Unsliced_Go_Emotion	neutral	0.880220890045166	0.013537485152482986	0.002325876848772168	0.001150169875472784	0.07421453297138214	0.012552921660244465	0.880220890045166	0.0015445208409801126	0.007870587520301342	0.0022032468114048243	0.0008978233672678471	0.0026822718791663647	0.0007996631320565939
214	pride	../Syntropy_Result_Finals/Models/Model_Unsliced_Go_Emotion	../Syntropy_Result_Finals/Models/Model_Unsliced_Go_Emotion	pride	0.8292407393455505	0.028850261121988297	0.00811255443841219	0.0023469035513699055	0.027631865814328194	0.8292407393455505	0.02554764598608017	0.016877124086022377	0.022894123569130898	0.0044880211353302	0.023163219913840294	0.006590715609490871	0.004256865009665489
215	fear	../Syntropy_Result_Finals/Models/Model_Unsliced_Go_Emotion	../Syntropy_Result_Finals/Models/Model_Unsliced_Go_Emotion	nervousness	0.8103736042976379	0.031555913388729095	0.8103736042976379	0.04367811977863312	0.007954543456435204	0.005172073841094971	0.010917644947767258	0.0044492618180811405	0.019087499007582664	0.05615995079278946	0.006862112320959568	0.0014780111378058791	0.002311311662197113
216	joy	../Syntropy_Result_Finals/Models/Model_Unsliced_Go_Emotion	../Syntropy_Result_Finals/Models/Model_Unsliced_Go_Emotion	joy	0.9617547392845154	0.014444025233387947	0.00044015859020873904	0.000353017239831388	0.9617547392845154	0.003355087013915181	0.014054984785616398	0.0009497045539319515	0.0013432082487270236	0.0015404277946799994	0.000274955527856946	0.0006143459468148649	0.0008753716247156262
217	pride	../Syntropy_Result_Finals/Models/Model_Unsliced_Go_Emotion	../Syntropy_Result_Finals/Models/Model_Unsliced_Go_Emotion	joy	0.9611917734146118	0.017216209322214127	0.00032178961555473506	0.00023318754392676055	0.9611917734146118	0.006131039932370186	0.009578335098922253	0.0013409191742539406	0.0015881528379395604	0.0011496017687022686	0.0003236581105738878	0.0003576464660000056	0.0005676774890162051
218	joy	../Syntropy_Result_Finals/Models/Model_Unsliced_Go_Emotion	../Syntropy_Result_Finals/Models/Model_Unsliced_Go_Emotion	joy	0.8906466960906982	0.0824752002954483	0.0004706575709860772	0.0003023351891897619	0.8906466960906982	0.007997367531061172	0.01266653835773468	0.0017199624562636018	0.0012678774073719978	0.0011851884191855788	0.00026454374892637134	0.0004595509672071785	0.0005441340035758913
219	neutral	../Syntropy_Result_Finals/Models/Model_Unsliced_Go_Emotion	../Syntropy_Result_Finals/Models/Model_Unsliced_Go_Emotion	joy	0.9674294590950012	0.013030498288571835	0.0005124532035551965	0.0004301148874219507	0.9674294590950012	0.0030125987250357866	0.008864562027156353	0.001260699238628149	0.0012421509018167853	0.0019585611298680305	0.00032580236438661814	0.0007506246329285204	0.0011824184330180287
220	joy	../Syntropy_Result_Finals/Models/Model_Unsliced_Go_Emotion	../Syntropy_Result_Finals/Models/Model_Unsliced_Go_Emotion	neutral	0.9634286761283875	0.0015377476811408997	0.002309792209416628	0.0008649108931422234	0.00630301795899868	0.0017670029774308205	0.9634286761283875	0.0006910384399816394	0.013798840343952179	0.0017712300177663565	0.0049782986752688885	0.0007734264363534749	0.0017760863993316889
221	excitement	../Syntropy_Result_Finals/Models/Model_Unsliced_Go_Emotion	../Syntropy_Result_Finals/Models/Model_Unsliced_Go_Emotion	joy	0.9486432075500488	0.021114792674779892	0.00047955839545466006	0.0002670213580131531	0.9486432075500488	0.003571226494386792	0.01962258480489254	0.0015883231535553932	0.00185765337664634	0.0013807034119963646	0.0003758323728106916	0.0003656450717244297	0.000733554654289037
222	fear	../Syntropy_Result_Finals/Models/Model_Unsliced_Go_Emotion	../Syntropy_Result_Finals/Models/Model_Unsliced_Go_Emotion	nervousness	0.8004430532455444	0.030805811285972595	0.8004430532455444	0.10506395250558853	0.0052567399106919765	0.005101293791085482	0.022000115364789963	0.004013155121356249	0.011370302177965641	0.0066206203773617744	0.004972628317773342	0.002328688744455576	0.002023703418672085
223	embarrassment	../Syntropy_Result_Finals/Models/Model_Unsliced_Go_Emotion	../Syntropy_Result_Finals/Models/Model_Unsliced_Go_Emotion	embarrassment	0.9324331283569336	0.002274730708450079	0.010977321304380894	0.004723016172647476	0.0015447058249264956	0.0036649778485298157	0.01660025678575039	0.003346310695633292	0.007354035507887602	0.0032097480725497007	0.9324331283569336	0.0019358290592208505	0.011935913003981113
224	excitement	../Syntropy_Result_Finals/Models/Model_Unsliced_Go_Emotion	../Syntropy_Result_Finals/Models/Model_Unsliced_Go_Emotion	excitement	0.8604114651679993	0.8604114651679993	0.0012011064682155848	0.0006288799922913313	0.11507072299718857	0.00400122394785285	0.01277871523052454	0.002645115600898862	0.0005669419770129025	0.0010721334256231785	0.00032189703779295087	0.0008245673379860818	0.0004772910033352673
225	embarrassment	../Syntropy_Result_Finals/Models/Model_Unsliced_Go_Emotion	../Syntropy_Result_Finals/Models/Model_Unsliced_Go_Emotion	neutral	0.5799422264099121	0.0032627310138195753	0.04674271121621132	0.0354032889008522	0.003360401140525937	0.0031654525082558393	0.5799422264099121	0.040263399481773376	0.07353313267230988	0.13694147765636444	0.06521513313055038	0.0027536123525351286	0.00941644236445427
226	excitement	../Syntropy_Result_Finals/Models/Model_Unsliced_Go_Emotion	../Syntropy_Result_Finals/Models/Model_Unsliced_Go_Emotion	joy	0.9420152902603149	0.019828297197818756	0.0004492191656026989	0.00024467764887958765	0.9420152902603149	0.004249156452715397	0.026640621945261955	0.0016519664786756039	0.002095150528475642	0.001502940314821899	0.0003377293760422617	0.00035339093301445246	0.0006316952058114111
227	neutral	../Syntropy_Result_Finals/Models/Model_Unsliced_Go_Emotion	../Syntropy_Result_Finals/Models/Model_Unsliced_Go_Emotion	neutral	0.8442243933677673	0.0047710309736430645	0.002145809354260564	0.0009599701152183115	0.08875627815723419	0.006069307681173086	0.8442243933677673	0.0008520223782397807	0.04428287595510483	0.0033444969449192286	0.001427336479537189	0.0018705696566030383	0.0012958509614691138
228	pride	../Syntropy_Result_Finals/Models/Model_Unsliced_Go_Emotion	../Syntropy_Result_Finals/Models/Model_Unsliced_Go_Emotion	neutral	0.8903927206993103	0.006902542896568775	0.0026413598097860813	0.0015783827984705567	0.03130092844367027	0.01877918280661106	0.8903927206993103	0.0016312551451846957	0.03350314870476723	0.0029702589381486177	0.0024781590327620506	0.006337984465062618	0.0014839416835457087
229	excitement	../Syntropy_Result_Finals/Models/Model_Unsliced_Go_Emotion	../Syntropy_Result_Finals/Models/Model_Unsliced_Go_Emotion	joy	0.9454934597015381	0.025998903438448906	0.00035027554258704185	0.00022645737044513226	0.9454934597015381	0.008599230088293552	0.013632260262966156	0.0017467814031988382	0.0013121792580932379	0.0012521905591711402	0.0003707464784383774	0.0003929978993255645	0.0006245608092285693
230	neutral	../Syntropy_Result_Finals/Models/Model_Unsliced_Go_Emotion	../Syntropy_Result_Finals/Models/Model_Unsliced_Go_Emotion	joy	0.45647290349006653	0.03946708142757416	0.0015029446221888065	0.0007147648721002042	0.45647290349006653	0.03662474453449249	0.4449722468852997	0.0018020455026999116	0.011201663874089718	0.002190534956753254	0.0012735070195049047	0.0025429364759474993	0.0012345584109425545
231	excitement	../Syntropy_Result_Finals/Models/Model_Unsliced_Go_Emotion	../Syntropy_Result_Finals/Models/Model_Unsliced_Go_Emotion	neutral	0.9018557667732239	0.0020514605566859245	0.0033650111872702837	0.002013998106122017	0.005580536555498838	0.005117043852806091	0.9018557667732239	0.000612350762821734	0.06500822305679321	0.0023444450926035643	0.003147176466882229	0.0067583476193249226	0.0021455606911331415
232	excitement	../Syntropy_Result_Finals/Models/Model_Unsliced_Go_Emotion	../Syntropy_Result_Finals/Models/Model_Unsliced_Go_Emotion	joy	0.9593150615692139	0.019953470677137375	0.0004088938585482538	0.0002893617784138769	0.9593150615692139	0.004050704650580883	0.009592059999704361	0.001980220666155219	0.0011281403712928295	0.0015243059024214745	0.00034625991247594357	0.0005287235253490508	0.0008829093421809375
233	neutral	../Syntropy_Result_Finals/Models/Model_Unsliced_Go_Emotion	../Syntropy_Result_Finals/Models/Model_Unsliced_Go_Emotion	joy	0.8850773572921753	0.03359444811940193	0.0005327979451976717	0.00032630018540658057	0.8850773572921753	0.010941863991320133	0.0638439953327179	0.001377710490487516	0.0010452180868014693	0.0014630727237090468	0.000413312140153721	0.0006199158960953355	0.0007640604162588716
234	pride	../Syntropy_Result_Finals/Models/Model_Unsliced_Go_Emotion	../Syntropy_Result_Finals/Models/Model_Unsliced_Go_Emotion	excitement	0.5379719734191895	0.5379719734191895	0.003523595165461302	0.001187690650112927	0.1589033454656601	0.2340725064277649	0.03685580566525459	0.014093332923948765	0.0036568257492035627	0.0021233446896076202	0.0032486661802977324	0.002621184568852186	0.0017416640184819698
235	joy	../Syntropy_Result_Finals/Models/Model_Unsliced_Go_Emotion	../Syntropy_Result_Finals/Models/Model_Unsliced_Go_Emotion	joy	0.9537301063537598	0.02505100704729557	0.0003242187958676368	0.00024605143698863685	0.9537301063537598	0.005065187346190214	0.0104826083406806	0.0013680695556104183	0.0008745901868678629	0.0011608668137341738	0.0003026906051672995	0.0005582032026723027	0.0008365442045032978
236	joy	../Syntropy_Result_Finals/Models/Model_Unsliced_Go_Emotion	../Syntropy_Result_Finals/Models/Model_Unsliced_Go_Emotion	neutral	0.9323909878730774	0.0027762893587350845	0.002762655494734645	0.0013022659113630652	0.009391075000166893	0.003928503021597862	0.9323909878730774	0.0006075940909795463	0.0389530211687088	0.0008759942138567567	0.0019772646483033895	0.003368050092831254	0.001666260533966124
237	joy	../Syntropy_Result_Finals/Models/Model_Unsliced_Go_Emotion	../Syntropy_Result_Finals/Models/Model_Unsliced_Go_Emotion	neutral	0.6392573714256287	0.02123182639479637	0.0012859167763963342	0.0006009972421452403	0.3187139332294464	0.005197582766413689	0.6392573714256287	0.0010079487692564726	0.007451455108821392	0.002035674639046192	0.0006237498018890619	0.0012196552706882358	0.0013738241977989674
238	joy	../Syntropy_Result_Finals/Models/Model_Unsliced_Go_Emotion	../Syntropy_Result_Finals/Models/Model_Unsliced_Go_Emotion	joy	0.9496662020683289	0.00856838934123516	0.0005038809031248093	0.0003256004420109093	0.9496662020683289	0.0034686012659221888	0.027524715289473534	0.0008006017305888236	0.0057775708846747875	0.0018891219515353441	0.0003342048148624599	0.0004485936660785228	0.000692478904966265
239	neutral	../Syntropy_Result_Finals/Models/Model_Unsliced_Go_Emotion	../Syntropy_Result_Finals/Models/Model_Unsliced_Go_Emotion	joy	0.9644964337348938	0.01265596691519022	0.00035218161065131426	0.0002653839183039963	0.9644964337348938	0.00332399713806808	0.013382945209741592	0.0010388446971774101	0.001507920096628368	0.0014518732205033302	0.00025822638417594135	0.0005011086468584836	0.0007652199128642678
240	excitement	../Syntropy_Result_Finals/Models/Model_Unsliced_Go_Emotion	../Syntropy_Result_Finals/Models/Model_Unsliced_Go_Emotion	joy	0.6322450041770935	0.338795930147171	0.0015023901360109448	0.0008080668048933148	0.6322450041770935	0.005020426120609045	0.010686632245779037	0.005577147472649813	0.0009870416251942515	0.002094219671562314	0.0004409083048813045	0.0008319340995512903	0.0010103248059749603
241	neutral	../Syntropy_Result_Finals/Models/Model_Unsliced_Go_Emotion	../Syntropy_Result_Finals/Models/Model_Unsliced_Go_Emotion	joy	0.9561978578567505	0.01935349777340889	0.00037933100247755647	0.00028569073765538633	0.9561978578567505	0.0037731630727648735	0.014885093085467815	0.0010146733839064837	0.001382086076773703	0.0013516431208699942	0.0002399886434432119	0.0004632677009794861	0.0006737526273354888
242	excitement	../Syntropy_Result_Finals/Models/Model_Unsliced_Go_Emotion	../Syntropy_Result_Finals/Models/Model_Unsliced_Go_Emotion	neutral	0.7964001297950745	0.002778757829219103	0.0021812499035149813	0.0009386500460095704	0.029011500999331474	0.003971220459789038	0.7964001297950745	0.0005318184266798198	0.15427137911319733	0.002057119505479932	0.0022673180792480707	0.0035456963814795017	0.002045178320258856
243	neutral	../Syntropy_Result_Finals/Models/Model_Unsliced_Go_Emotion	../Syntropy_Result_Finals/Models/Model_Unsliced_Go_Emotion	joy	0.8765416145324707	0.029524704441428185	0.0004422215570230037	0.0003348626778461039	0.8765416145324707	0.00929992739111185	0.07730884104967117	0.0010282263392582536	0.002066847635433078	0.0016482038190588355	0.00033615066786296666	0.0008399028447456658	0.000628541805781424
244	neutral	../Syntropy_Result_Finals/Models/Model_Unsliced_Go_Emotion	../Syntropy_Result_Finals/Models/Model_Unsliced_Go_Emotion	joy	0.9418125152587891	0.014368118718266487	0.0005796197219751775	0.0003256190975662321	0.9418125152587891	0.0029974132776260376	0.03283548727631569	0.0010350344236940145	0.0017271265387535095	0.0018006394384428859	0.00043904638732783496	0.0007672147476114333	0.0013122068485245109
245	joy	../Syntropy_Result_Finals/Models/Model_Unsliced_Go_Emotion	../Syntropy_Result_Finals/Models/Model_Unsliced_Go_Emotion	neutral	0.6772596836090088	0.013235325925052166	0.0014754171716049314	0.0005431308527477086	0.2832101583480835	0.00386885111220181	0.6772596836090088	0.0012182375648990273	0.010353143326938152	0.003243310609832406	0.001425961614586413	0.0015043012099340558	0.002662514103576541
246	excitement	../Syntropy_Result_Finals/Models/Model_Unsliced_Go_Emotion	../Syntropy_Result_Finals/Models/Model_Unsliced_Go_Emotion	joy	0.916157066822052	0.05462048947811127	0.0005235973512753844	0.00034429971128702164	0.916157066822052	0.00294883968308568	0.01958148181438446	0.001453713863156736	0.0011548680486157537	0.0014577816473320127	0.0003053251130040735	0.0005858656950294971	0.0008667134097777307
247	joy	../Syntropy_Result_Finals/Models/Model_Unsliced_Go_Emotion	../Syntropy_Result_Finals/Models/Model_Unsliced_Go_Emotion	neutral	0.9440315961837769	0.012589600868523121	0.0011933846399188042	0.0006079610320739448	0.025620464235544205	0.006376844830811024	0.9440315961837769	0.001229253364726901	0.002956701908260584	0.002693100133910775	0.0004355057026259601	0.0017699366435408592	0.0004956182674504817
248	joy	../Syntropy_Result_Finals/Models/Model_Unsliced_Go_Emotion	../Syntropy_Result_Finals/Models/Model_Unsliced_Go_Emotion	joy	0.9627594351768494	0.01983313262462616	0.00045513015356846154	0.00035095951170660555	0.9627594351768494	0.0027174120768904686	0.008257933892309666	0.0012104616034775972	0.0012503141770139337	0.001462805550545454	0.00025923456996679306	0.0005500784027390182	0.0008931744960136712
249	joy	../Syntropy_Result_Finals/Models/Model_Unsliced_Go_Emotion	../Syntropy_Result_Finals/Models/Model_Unsliced_Go_Emotion	joy	0.9199063181877136	0.04920719563961029	0.00046450438094325364	0.0003167067770846188	0.9199063181877136	0.005091710947453976	0.019595539197325706	0.0015253041638061404	0.001301707117818296	0.0012836414389312267	0.00030165145290084183	0.0003822922590188682	0.0006233796011656523
250	neutral	../Syntropy_Result_Finals/Models/Model_Unsliced_Go_Emotion	../Syntropy_Result_Finals/Models/Model_Unsliced_Go_Emotion	joy	0.9150539040565491	0.04742418974637985	0.0006780901458114386	0.0005048501188866794	0.9150539040565491	0.002685750601813197	0.026715295389294624	0.00127788248937577	0.0010281458962708712	0.0016638507368043065	0.0003299164236523211	0.0011744825169444084	0.0014636770356446505
251	disgust	../Syntropy_Result_Finals/Models/Model_Unsliced_Go_Emotion	../Syntropy_Result_Finals/Models/Model_Unsliced_Go_Emotion	anger	0.48804935812950134	0.0037620675284415483	0.01627330295741558	0.012510327622294426	0.012306317687034607	0.004339642357081175	0.0844762921333313	0.0013207346200942993	0.31635233759880066	0.012003130279481411	0.007664392236620188	0.48804935812950134	0.04094202071428299
252	pride	../Syntropy_Result_Finals/Models/Model_Unsliced_Go_Emotion	../Syntropy_Result_Finals/Models/Model_Unsliced_Go_Emotion	joy	0.9327315092086792	0.03212536498904228	0.0014946457231417298	0.0007794241537339985	0.9327315092086792	0.003425832837820053	0.009546235203742981	0.0035846226383000612	0.003362779738381505	0.010573054663836956	0.0006482143653556705	0.0006961717735975981	0.00103210739325732
253	joy	../Syntropy_Result_Finals/Models/Model_Unsliced_Go_Emotion	../Syntropy_Result_Finals/Models/Model_Unsliced_Go_Emotion	joy	0.9560911655426025	0.013441142626106739	0.0004490062710829079	0.0002780637296382338	0.9560911655426025	0.0033000437542796135	0.019758354872465134	0.001187493558973074	0.0017891074530780315	0.0019990415312349796	0.0003469223156571388	0.0005399512592703104	0.0008197246352210641
254	joy	../Syntropy_Result_Finals/Models/Model_Unsliced_Go_Emotion	../Syntropy_Result_Finals/Models/Model_Unsliced_Go_Emotion	neutral	0.7347071766853333	0.030370835214853287	0.0014576036483049393	0.0005410732119344175	0.2055833637714386	0.013729395344853401	0.7347071766853333	0.001407983829267323	0.006519217509776354	0.0015197519678622484	0.0014642012538388371	0.0013276651734486222	0.001371694845147431
255	nervousness	../Syntropy_Result_Finals/Models/Model_Unsliced_Go_Emotion	../Syntropy_Result_Finals/Models/Model_Unsliced_Go_Emotion	nervousness	0.8488428592681885	0.03438021242618561	0.8488428592681885	0.05158505216240883	0.006356756202876568	0.008985107764601707	0.011689038015902042	0.005125680938363075	0.014414741657674313	0.003074914449825883	0.011569664813578129	0.0019103942904621363	0.0020656506530940533
256	joy	../Syntropy_Result_Finals/Models/Model_Unsliced_Go_Emotion	../Syntropy_Result_Finals/Models/Model_Unsliced_Go_Emotion	joy	0.9460912346839905	0.010761968791484833	0.0005820764345116913	0.00036530019133351743	0.9460912346839905	0.003025397891178727	0.030803753063082695	0.0010010303230956197	0.0027783445548266172	0.0021548992954194546	0.00044521287782117724	0.0006988242384977639	0.001291932538151741
257	excitement	../Syntropy_Result_Finals/Models/Model_Unsliced_Go_Emotion	../Syntropy_Result_Finals/Models/Model_Unsliced_Go_Emotion	joy	0.9713861346244812	0.010441486723721027	0.0003669585566967726	0.0003145941882394254	0.9713861346244812	0.002749386243522167	0.009311500005424023	0.0008955905213952065	0.0013119784416630864	0.0013857644516974688	0.0002785449323710054	0.0006118942983448505	0.0009461521985940635
258	pride	../Syntropy_Result_Finals/Models/Model_Unsliced_Go_Emotion	../Syntropy_Result_Finals/Models/Model_Unsliced_Go_Emotion	sadness	0.5572633743286133	0.0015500440495088696	0.004711837042123079	0.00364030827768147	0.008124876767396927	0.003345688572153449	0.4111160337924957	0.0007323094177991152	0.5572633743286133	0.002198444679379463	0.0018217909382656217	0.0030186150688678026	0.002476638648658991
259	excitement	../Syntropy_Result_Finals/Models/Model_Unsliced_Go_Emotion	../Syntropy_Result_Finals/Models/Model_Unsliced_Go_Emotion	pride	0.7954670190811157	0.05466557666659355	0.00564215425401926	0.0018441237043589354	0.05956120043992996	0.7954670190811157	0.03061562217772007	0.014619856141507626	0.011270634829998016	0.004008251708000898	0.012734905816614628	0.005926758516579866	0.003643955569714308
260	neutral	../Syntropy_Result_Finals/Models/Model_Unsliced_Go_Emotion	../Syntropy_Result_Finals/Models/Model_Unsliced_Go_Emotion	neutral	0.7563859224319458	0.01619049161672592	0.003627476980909705	0.0010645395377650857	0.17927168309688568	0.01542634516954422	0.7563859224319458	0.0038646769244223833	0.015624433755874634	0.0023118804674595594	0.0032109329476952553	0.0010707448236644268	0.0019508864497765899
261	neutral	../Syntropy_Result_Finals/Models/Model_Unsliced_Go_Emotion	../Syntropy_Result_Finals/Models/Model_Unsliced_Go_Emotion	joy	0.967009961605072	0.010040506720542908	0.00035796535667032003	0.00028113549342378974	0.967009961605072	0.003595091635361314	0.013065382838249207	0.0009736290667206049	0.0016825479688122869	0.0014687682269141078	0.0002954851370304823	0.0004924859968014061	0.0007371438550762832
262	excitement	../Syntropy_Result_Finals/Models/Model_Unsliced_Go_Emotion	../Syntropy_Result_Finals/Models/Model_Unsliced_Go_Emotion	joy	0.9624839425086975	0.018431631848216057	0.0007096114568412304	0.00044121831888332963	0.9624839425086975	0.004570005927234888	0.006508628372102976	0.001592462183907628	0.001170251052826643	0.0022564937826246023	0.00044783263001590967	0.0005644945194944739	0.0008234294946305454
263	neutral	../Syntropy_Result_Finals/Models/Model_Unsliced_Go_Emotion	../Syntropy_Result_Finals/Models/Model_Unsliced_Go_Emotion	neutral	0.6393049359321594	0.01333340909332037	0.005578378681093454	0.0027773219626396894	0.11969853192567825	0.04374267905950546	0.6393049359321594	0.0032184915617108345	0.1560630202293396	0.0054213800467550755	0.003409049939364195	0.005587141960859299	0.0018656516913324594
264	excitement	../Syntropy_Result_Finals/Models/Model_Unsliced_Go_Emotion	../Syntropy_Result_Finals/Models/Model_Unsliced_Go_Emotion	joy	0.9453970193862915	0.024390116333961487	0.0004933018353767693	0.00029691701638512313	0.9453970193862915	0.0037370137870311737	0.01977129466831684	0.0015180649934336543	0.0010887098032981157	0.0016951009165495634	0.0003030140942428261	0.000513311882968992	0.0007961627561599016
265	excitement	../Syntropy_Result_Finals/Models/Model_Unsliced_Go_Emotion	../Syntropy_Result_Finals/Models/Model_Unsliced_Go_Emotion	sadness	0.6207305788993835	0.006392023526132107	0.006864570081233978	0.0025462645571678877	0.27046093344688416	0.005583453923463821	0.06628555804491043	0.0011445898562669754	0.6207305788993835	0.0050323642790317535	0.0033675874583423138	0.0053205969743430614	0.006271545309573412
266	neutral	../Syntropy_Result_Finals/Models/Model_Unsliced_Go_Emotion	../Syntropy_Result_Finals/Models/Model_Unsliced_Go_Emotion	joy	0.891950249671936	0.017439967021346092	0.00038463567034341395	0.0002577274281065911	0.891950249671936	0.003988280892372131	0.08017408102750778	0.0007842546328902245	0.0016969060525298119	0.001320378971286118	0.0003299261734355241	0.0007628183229826391	0.000910836854018271
267	joy	../Syntropy_Result_Finals/Models/Model_Unsliced_Go_Emotion	../Syntropy_Result_Finals/Models/Model_Unsliced_Go_Emotion	excitement	0.9517513513565063	0.9517513513565063	0.0021162841003388166	0.0012084806803613901	0.028482723981142044	0.003243754617869854	0.006104269530624151	0.0041036843322217464	0.00043745714356191456	0.0011379641946405172	0.00043788368930108845	0.0006332996999844909	0.00034276104997843504
268	neutral	../Syntropy_Result_Finals/Models/Model_Unsliced_Go_Emotion	../Syntropy_Result_Finals/Models/Model_Unsliced_Go_Emotion	joy	0.9451419115066528	0.026351626962423325	0.0005656482535414398	0.000387000065529719	0.9451419115066528	0.002508958801627159	0.018539205193519592	0.0012587140081450343	0.0012369295582175255	0.0020379084162414074	0.00028264604043215513	0.00074763159500435	0.0009419064153917134
269	joy	../Syntropy_Result_Finals/Models/Model_Unsliced_Go_Emotion	../Syntropy_Result_Finals/Models/Model_Unsliced_Go_Emotion	joy	0.5486428141593933	0.16714735329151154	0.00792380329221487	0.0029676274862140417	0.5486428141593933	0.007077373564243317	0.2335127294063568	0.003054636064916849	0.013149077072739601	0.004646619316190481	0.0018498650752007961	0.003467096481472254	0.006560849957168102
270	neutral	../Syntropy_Result_Finals/Models/Model_Unsliced_Go_Emotion	../Syntropy_Result_Finals/Models/Model_Unsliced_Go_Emotion	neutral	0.7660670876502991	0.01679934561252594	0.002802408766001463	0.0009100328315980732	0.18660184741020203	0.00899875070899725	0.7660670876502991	0.0009580170153640211	0.007979829795658588	0.0029072961769998074	0.0012659780913963914	0.002872253768146038	0.0018371391342952847
271	neutral	../Syntropy_Result_Finals/Models/Model_Unsliced_Go_Emotion	../Syntropy_Result_Finals/Models/Model_Unsliced_Go_Emotion	neutral	0.6121739149093628	0.027313798666000366	0.0008260446484200656	0.0004420800833031535	0.32820433378219604	0.021292299032211304	0.6121739149093628	0.001221913262270391	0.0029219791758805513	0.002312319353222847	0.0009039813885465264	0.0014646048657596111	0.0009227250702679157
272	pride	../Syntropy_Result_Finals/Models/Model_Unsliced_Go_Emotion	../Syntropy_Result_Finals/Models/Model_Unsliced_Go_Emotion	excitement	0.8940016031265259	0.8940016031265259	0.0013601476093754172	0.0008311109850183129	0.07997971773147583	0.0031621241942048073	0.014617674052715302	0.0028603356331586838	0.00047354440903291106	0.0012703610118478537	0.0003368788748048246	0.0006832602084614336	0.0004232433275319636
273	joy	../Syntropy_Result_Finals/Models/Model_Unsliced_Go_Emotion	../Syntropy_Result_Finals/Models/Model_Unsliced_Go_Emotion	joy	0.6976754069328308	0.020182622596621513	0.0009687785059213638	0.00039222341729328036	0.6976754069328308	0.003500142600387335	0.2667025327682495	0.0012178013566881418	0.003903215052559972	0.002434177091345191	0.0008301580674014986	0.0006851803045719862	0.0015077488496899605
274	neutral	../Syntropy_Result_Finals/Models/Model_Unsliced_Go_Emotion	../Syntropy_Result_Finals/Models/Model_Unsliced_Go_Emotion	joy	0.5983059406280518	0.1725575029850006	0.0009213766315951943	0.0004752058594021946	0.5983059406280518	0.015701375901699066	0.20215190947055817	0.0027405291330069304	0.003269730368629098	0.0013584623811766505	0.0006167354295030236	0.0009764544665813446	0.0009247874259017408
275	excitement	../Syntropy_Result_Finals/Models/Model_Unsliced_Go_Emotion	../Syntropy_Result_Finals/Models/Model_Unsliced_Go_Emotion	neutral	0.5132902264595032	0.09862504154443741	0.007155290804803371	0.006043204106390476	0.20907478034496307	0.029704440385103226	0.5132902264595032	0.0037254863418638706	0.07004033774137497	0.003837941912934184	0.0021386384032666683	0.04887459799647331	0.007489953190088272
276	neutral	../Syntropy_Result_Finals/Models/Model_Unsliced_Go_Emotion	../Syntropy_Result_Finals/Models/Model_Unsliced_Go_Emotion	joy	0.804533839225769	0.011579180136322975	0.0011292124399915338	0.0005389676080085337	0.804533839225769	0.008065716363489628	0.13912732899188995	0.0011300420155748725	0.02847510389983654	0.002546834060922265	0.0008553738589398563	0.0006104412022978067	0.0014079650864005089
277	neutral	../Syntropy_Result_Finals/Models/Model_Unsliced_Go_Emotion	../Syntropy_Result_Finals/Models/Model_Unsliced_Go_Emotion	neutral	0.9676782488822937	0.00807997491210699	0.0006342217093333602	0.00031872137333266437	0.013037054799497128	0.001925258431583643	0.9676782488822937	0.00072694499976933	0.002087315544486046	0.0009077120339497924	0.0012894775718450546	0.0017436192138120532	0.0015715246554464102
278	joy	../Syntropy_Result_Finals/Models/Model_Unsliced_Go_Emotion	../Syntropy_Result_Finals/Models/Model_Unsliced_Go_Emotion	excitement	0.7216048240661621	0.7216048240661621	0.0018448774935677648	0.001116918632760644	0.21306177973747253	0.005771730560809374	0.046109165996313095	0.005910314153879881	0.0009340107208117843	0.0017569996416568756	0.0004357875732239336	0.0007399541209451854	0.00071360869333148
279	excitement	../Syntropy_Result_Finals/Models/Model_Unsliced_Go_Emotion	../Syntropy_Result_Finals/Models/Model_Unsliced_Go_Emotion	neutral	0.8763685822486877	0.038111016154289246	0.004239723552018404	0.0018362842965871096	0.043589577078819275	0.012250350788235664	0.8763685822486877	0.0022615038324147463	0.009778942912817001	0.0011878651566803455	0.0032707129139453173	0.00422200420871377	0.0028834212571382523
280	neutral	../Syntropy_Result_Finals/Models/Model_Unsliced_Go_Emotion	../Syntropy_Result_Finals/Models/Model_Unsliced_Go_Emotion	joy	0.7796164155006409	0.06312105804681778	0.0016948261763900518	0.0009494754485785961	0.7796164155006409	0.006725011393427849	0.1355711817741394	0.003547754604369402	0.0034419414587318897	0.003328399732708931	0.0006555317668244243	0.0005144088645465672	0.0008340234053321183
281	pride	../Syntropy_Result_Finals/Models/Model_Unsliced_Go_Emotion	../Syntropy_Result_Finals/Models/Model_Unsliced_Go_Emotion	pride	0.7116661071777344	0.06734071671962738	0.004143343307077885	0.0015923210885375738	0.1270141452550888	0.7116661071777344	0.044538192451000214	0.010176819749176502	0.011839463375508785	0.0039527234621346	0.010216821916401386	0.0045997449196875095	0.002919606165960431
282	pride	../Syntropy_Result_Finals/Models/Model_Unsliced_Go_Emotion	../Syntropy_Result_Finals/Models/Model_Unsliced_Go_Emotion	joy	0.8641895055770874	0.020436108112335205	0.00036969539360143244	0.00032733214902691543	0.8641895055770874	0.017293326556682587	0.08899476379156113	0.0009305360727012157	0.0025754659436643124	0.0015944454353302717	0.0005647898651659489	0.001683735055848956	0.0010402986081317067
283	pride	../Syntropy_Result_Finals/Models/Model_Unsliced_Go_Emotion	../Syntropy_Result_Finals/Models/Model_Unsliced_Go_Emotion	joy	0.8427173495292664	0.017848649993538857	0.0010682413121685386	0.0008025097195059061	0.8427173495292664	0.02792799472808838	0.08282583951950073	0.0010123956017196178	0.018412036821246147	0.002613381715491414	0.0009235614561475813	0.0025438193697482347	0.0013042556820437312
284	joy	../Syntropy_Result_Finals/Models/Model_Unsliced_Go_Emotion	../Syntropy_Result_Finals/Models/Model_Unsliced_Go_Emotion	joy	0.8586306571960449	0.008422872051596642	0.005491754971444607	0.0021871239878237247	0.8586306571960449	0.0130428746342659	0.014568233862519264	0.002220303751528263	0.08343738317489624	0.007300125900655985	0.0017264951020479202	0.0012169028632342815	0.0017553357174620032
285	joy	../Syntropy_Result_Finals/Models/Model_Unsliced_Go_Emotion	../Syntropy_Result_Finals/Models/Model_Unsliced_Go_Emotion	joy	0.9572317004203796	0.018172750249505043	0.0003445558832027018	0.0002932882634922862	0.9572317004203796	0.00471210852265358	0.013716837391257286	0.0009491634555160999	0.001978774555027485	0.0012218562187626958	0.0002425490674795583	0.0005124840536154807	0.000623933388851583
286	joy	../Syntropy_Result_Finals/Models/Model_Unsliced_Go_Emotion	../Syntropy_Result_Finals/Models/Model_Unsliced_Go_Emotion	joy	0.9617010951042175	0.01294862199574709	0.0015320570673793554	0.0008511675987392664	0.9617010951042175	0.00777911813929677	0.00346874026581645	0.0022312100045382977	0.002909495495259762	0.0037822870071977377	0.0008597237756475806	0.0007509915740229189	0.0011854602489620447
287	excitement	../Syntropy_Result_Finals/Models/Model_Unsliced_Go_Emotion	../Syntropy_Result_Finals/Models/Model_Unsliced_Go_Emotion	joy	0.8209642171859741	0.12152809649705887	0.0007560030207969248	0.00047880641068331897	0.8209642171859741	0.005849306005984545	0.044831208884716034	0.0013579986989498138	0.001171611831523478	0.0014078501844778657	0.000272096338449046	0.0006652921438217163	0.0007175179198384285
288	joy	../Syntropy_Result_Finals/Models/Model_Unsliced_Go_Emotion	../Syntropy_Result_Finals/Models/Model_Unsliced_Go_Emotion	neutral	0.8862635493278503	0.004299475811421871	0.0008305591181851923	0.0003964358475059271	0.08629664778709412	0.007757319137454033	0.8862635493278503	0.0005432440084405243	0.006480360869318247	0.0026133570354431868	0.0014827032573521137	0.0019526045070961118	0.0010837627341970801
289	surprise	../Syntropy_Result_Finals/Models/Model_Unsliced_Go_Emotion	../Syntropy_Result_Finals/Models/Model_Unsliced_Go_Emotion	neutral	0.8197054266929626	0.0012956148711964488	0.01877971552312374	0.015344412997364998	0.0014926621224731207	0.002238671062514186	0.8197054266929626	0.005148795899003744	0.08868346363306046	0.02764054946601391	0.012453808449208736	0.0018867283361032605	0.0053301649168133736
290	excitement	../Syntropy_Result_Finals/Models/Model_Unsliced_Go_Emotion	../Syntropy_Result_Finals/Models/Model_Unsliced_Go_Emotion	excitement	0.3584423065185547	0.3584423065185547	0.003159500425681472	0.0010339462896808982	0.24218033254146576	0.12788346409797668	0.23521274328231812	0.018271585926413536	0.003972108941525221	0.002508465899154544	0.0027031521312892437	0.0029608046170324087	0.0016716266982257366
291	pride	../Syntropy_Result_Finals/Models/Model_Unsliced_Go_Emotion	../Syntropy_Result_Finals/Models/Model_Unsliced_Go_Emotion	neutral	0.41800957918167114	0.16966530680656433	0.00166603724937886	0.000674495764542371	0.34587568044662476	0.048126596957445145	0.41800957918167114	0.00708800507709384	0.00242532673291862	0.0018275402253493667	0.0015443522715941072	0.0018739175284281373	0.001223194063641131
292	pride	../Syntropy_Result_Finals/Models/Model_Unsliced_Go_Emotion	../Syntropy_Result_Finals/Models/Model_Unsliced_Go_Emotion	joy	0.9689652323722839	0.012119408696889877	0.0003464612236712128	0.0002779735950753093	0.9689652323722839	0.0035512885078787804	0.009053600952029228	0.0011334309820085764	0.0016411417163908482	0.0014605396427214146	0.0002864475245587528	0.0004465468227863312	0.0007179268868640065
293	excitement	../Syntropy_Result_Finals/Models/Model_Unsliced_Go_Emotion	../Syntropy_Result_Finals/Models/Model_Unsliced_Go_Emotion	joy	0.9439064860343933	0.01601642556488514	0.0008113807998597622	0.00039236052543856204	0.9439064860343933	0.0034171012230217457	0.027668729424476624	0.001293154782615602	0.002872657962143421	0.0018539323937147856	0.00043525570072233677	0.0004935500328429043	0.0008389853755943477
294	joy	../Syntropy_Result_Finals/Models/Model_Unsliced_Go_Emotion	../Syntropy_Result_Finals/Models/Model_Unsliced_Go_Emotion	joy	0.9662624001502991	0.00980913545936346	0.0003698484506458044	0.0003199916973244399	0.9662624001502991	0.0038468465209007263	0.012681973166763783	0.0008524665609002113	0.002555673476308584	0.0017699889140203595	0.00031522635254077613	0.0005769823910668492	0.0006393593503162265
295	pride	../Syntropy_Result_Finals/Models/Model_Unsliced_Go_Emotion	../Syntropy_Result_Finals/Models/Model_Unsliced_Go_Emotion	pride	0.7859430909156799	0.062386974692344666	0.004884382244199514	0.00172119727358222	0.06721145659685135	0.7859430909156799	0.029799768701195717	0.014906949363648891	0.010539952665567398	0.0034139498602598906	0.011268431320786476	0.004583907779306173	0.0033399707172065973
296	confusion	../Syntropy_Result_Finals/Models/Model_Unsliced_Go_Emotion	../Syntropy_Result_Finals/Models/Model_Unsliced_Go_Emotion	neutral	0.7334770560264587	0.03303475305438042	0.011292055249214172	0.0045060827396810055	0.1226244866847992	0.011452112346887589	0.7334770560264587	0.002773646730929613	0.058311112225055695	0.015279971063137054	0.0014960812404751778	0.0036716018803417683	0.002081055659800768
297	nervousness	../Syntropy_Result_Finals/Models/Model_Unsliced_Go_Emotion	../Syntropy_Result_Finals/Models/Model_Unsliced_Go_Emotion	sadness	0.8844140768051147	0.0007061880314722657	0.0472443588078022	0.023540308699011803	0.002194895874708891	0.00119037926197052	0.01881815865635872	0.0008951443014666438	0.8844140768051147	0.003020165953785181	0.007071875035762787	0.002752945525571704	0.008151563815772533
298	pride	../Syntropy_Result_Finals/Models/Model_Unsliced_Go_Emotion	../Syntropy_Result_Finals/Models/Model_Unsliced_Go_Emotion	joy	0.823351263999939	0.033562496304512024	0.00046657619532197714	0.0003748721501324326	0.823351263999939	0.01894283853471279	0.11571326106786728	0.000827585463412106	0.002015938749536872	0.0013041817583143711	0.0005169824580661952	0.0018502549501135945	0.0010737410048022866
299	excitement	../Syntropy_Result_Finals/Models/Model_Unsliced_Go_Emotion	../Syntropy_Result_Finals/Models/Model_Unsliced_Go_Emotion	pride	0.6262215971946716	0.08077610284090042	0.004103402607142925	0.0014163726009428501	0.2007502317428589	0.6262215971946716	0.04237726330757141	0.01062832772731781	0.013083026744425297	0.004152853041887283	0.010329199023544788	0.003181718522682786	0.002979939803481102
300	joy	../Syntropy_Result_Finals/Models/Model_Unsliced_Go_Emotion	../Syntropy_Result_Finals/Models/Model_Unsliced_Go_Emotion	sadness	0.41961923241615295	0.01824093610048294	0.019148293882608414	0.006270005367696285	0.19436794519424438	0.014968675561249256	0.3152368664741516	0.001604040153324604	0.41961923241615295	0.004850581753998995	0.0019535841420292854	0.0016469350084662437	0.002092920709401369
301	neutral	../Syntropy_Result_Finals/Models/Model_Unsliced_Go_Emotion	../Syntropy_Result_Finals/Models/Model_Unsliced_Go_Emotion	neutral	0.8119992613792419	0.009285717271268368	0.03618839755654335	0.03409478813409805	0.03126182034611702	0.005214120261371136	0.8119992613792419	0.0014233639230951667	0.05556437745690346	0.0059653897769749165	0.0016884577926248312	0.004143404308706522	0.0031708895694464445
302	nervousness	../Syntropy_Result_Finals/Models/Model_Unsliced_Go_Emotion	../Syntropy_Result_Finals/Models/Model_Unsliced_Go_Emotion	sadness	0.38636189699172974	0.0074667781591415405	0.03870563581585884	0.015671784058213234	0.027141032740473747	0.006462031975388527	0.08169960230588913	0.0017248304793611169	0.38636189699172974	0.0192357636988163	0.020607078447937965	0.34189900755882263	0.0530245266854763
303	anger	../Syntropy_Result_Finals/Models/Model_Unsliced_Go_Emotion	../Syntropy_Result_Finals/Models/Model_Unsliced_Go_Emotion	disgust	0.6296141147613525	0.0016523090889677405	0.0025037648156285286	0.006600578315556049	0.00472753681242466	0.0016720866551622748	0.22691874206066132	0.0033621483016759157	0.00903644785284996	0.003235170617699623	0.09255581349134445	0.018121274188160896	0.6296141147613525
304	nervousness	../Syntropy_Result_Finals/Models/Model_Unsliced_Go_Emotion	../Syntropy_Result_Finals/Models/Model_Unsliced_Go_Emotion	neutral	0.8361324667930603	0.005214329343289137	0.008055927231907845	0.0032057100906968117	0.012664278969168663	0.006044126581400633	0.8361324667930603	0.0012989422539249063	0.10938309133052826	0.002770601073279977	0.008076149970293045	0.004507950507104397	0.0026463873218744993
305	pride	../Syntropy_Result_Finals/Models/Model_Unsliced_Go_Emotion	../Syntropy_Result_Finals/Models/Model_Unsliced_Go_Emotion	excitement	0.9307111501693726	0.9307111501693726	0.0024652297142893076	0.001172914868220687	0.045466769486665726	0.0039261397905647755	0.009988929145038128	0.002981075318530202	0.0006336908554658294	0.0011572379153221846	0.0004212809435557574	0.0006719081429764628	0.00040374568197876215
306	sadness	../Syntropy_Result_Finals/Models/Model_Unsliced_Go_Emotion	../Syntropy_Result_Finals/Models/Model_Unsliced_Go_Emotion	sadness	0.7940895557403564	0.002255373867228627	0.10895654559135437	0.029825463891029358	0.00373736466281116	0.0027890512719750404	0.03604637086391449	0.0009695973712950945	0.7940895557403564	0.002963379258289933	0.007622456643730402	0.004591303877532482	0.006153442896902561
307	anger	../Syntropy_Result_Finals/Models/Model_Unsliced_Go_Emotion	../Syntropy_Result_Finals/Models/Model_Unsliced_Go_Emotion	neutral	0.43009454011917114	0.0057748472318053246	0.004416077397763729	0.00711411889642477	0.0056447540409862995	0.006488892249763012	0.43009454011917114	0.0091130081564188	0.04621361941099167	0.0032638031989336014	0.014513181522488594	0.3945808708667755	0.07278218120336533
308	fear	../Syntropy_Result_Finals/Models/Model_Unsliced_Go_Emotion	../Syntropy_Result_Finals/Models/Model_Unsliced_Go_Emotion	neutral	0.5508634448051453	0.0016973090823739767	0.03090639039874077	0.016640786081552505	0.004292584490031004	0.0019556356128305197	0.5508634448051453	0.0019199767848476768	0.36081257462501526	0.022834867238998413	0.0037715155631303787	0.0017099083634093404	0.0025949750561267138
309	neutral	../Syntropy_Result_Finals/Models/Model_Unsliced_Go_Emotion	../Syntropy_Result_Finals/Models/Model_Unsliced_Go_Emotion	sadness	0.5799874067306519	0.003516446566209197	0.015939360484480858	0.003042281838133931	0.06156011298298836	0.006004722323268652	0.2917172610759735	0.001753409975208342	0.5799874067306519	0.004240038804709911	0.016473058611154556	0.0027660573832690716	0.01299984659999609
310	excitement	../Syntropy_Result_Finals/Models/Model_Unsliced_Go_Emotion	../Syntropy_Result_Finals/Models/Model_Unsliced_Go_Emotion	neutral	0.5070806741714478	0.0014375835889950395	0.01612265221774578	0.009514681994915009	0.004609592724591494	0.002398046897724271	0.5070806741714478	0.0008017031359486282	0.4431804418563843	0.007082774769514799	0.002743706339970231	0.0028974630404263735	0.002130651380866766
311	pride	../Syntropy_Result_Finals/Models/Model_Unsliced_Go_Emotion	../Syntropy_Result_Finals/Models/Model_Unsliced_Go_Emotion	neutral	0.3224209249019623	0.10057822614908218	0.004599218722432852	0.0016843879129737616	0.21175919473171234	0.3150413930416107	0.3224209249019623	0.009244677610695362	0.01249590516090393	0.004147503990679979	0.007477723993360996	0.007390038575977087	0.003160702995955944
312	excitement	../Syntropy_Result_Finals/Models/Model_Unsliced_Go_Emotion	../Syntropy_Result_Finals/Models/Model_Unsliced_Go_Emotion	joy	0.48746198415756226	0.260680615901947	0.0009954351698979735	0.0005333622684702277	0.48746198415756226	0.020627066493034363	0.21782542765140533	0.004667677916586399	0.0015005299355834723	0.0016860900213941932	0.0009314230410382152	0.001680106041021645	0.001410254742950201
313	neutral	../Syntropy_Result_Finals/Models/Model_Unsliced_Go_Emotion	../Syntropy_Result_Finals/Models/Model_Unsliced_Go_Emotion	joy	0.7558329701423645	0.04427153989672661	0.0007117854547686875	0.0002969931811094284	0.7558329701423645	0.00419446500018239	0.18571265041828156	0.001720226602628827	0.0019044869113713503	0.0024006704334169626	0.000583682325668633	0.0010313793318346143	0.0013391684042289853
314	joy	../Syntropy_Result_Finals/Models/Model_Unsliced_Go_Emotion	../Syntropy_Result_Finals/Models/Model_Unsliced_Go_Emotion	joy	0.9540533423423767	0.022779148072004318	0.00041614641668275	0.00030793322366662323	0.9540533423423767	0.0023891637101769447	0.014289394952356815	0.001132195582613349	0.001316164736635983	0.0015561961336061358	0.00025147019186988473	0.0006180626223795116	0.0008908300660550594
315	excitement	../Syntropy_Result_Finals/Models/Model_Unsliced_Go_Emotion	../Syntropy_Result_Finals/Models/Model_Unsliced_Go_Emotion	joy	0.9262220859527588	0.04509897157549858	0.00040369119960814714	0.0002712543064262718	0.9262220859527588	0.0029424726963043213	0.019518258050084114	0.0009873410454019904	0.0015490185469388962	0.0010359296575188637	0.00029277405701577663	0.0006590489647351205	0.0010191908804699779
316	embarrassment	../Syntropy_Result_Finals/Models/Model_Unsliced_Go_Emotion	../Syntropy_Result_Finals/Models/Model_Unsliced_Go_Emotion	nervousness	0.707608699798584	0.13279710710048676	0.707608699798584	0.06123848631978035	0.012759608216583729	0.011659561656415462	0.03472496196627617	0.006765366531908512	0.01234470121562481	0.005000543314963579	0.007547316141426563	0.003557902527973056	0.003995710518211126
317	confusion	../Syntropy_Result_Finals/Models/Model_Unsliced_Go_Emotion	../Syntropy_Result_Finals/Models/Model_Unsliced_Go_Emotion	nervousness	0.7604681849479675	0.012552538886666298	0.7604681849479675	0.1286299228668213	0.005162619519978762	0.0031295360531657934	0.01756719872355461	0.005565360188484192	0.0275459922850132	0.03090658225119114	0.004164517391473055	0.0017808404518291354	0.002526727970689535
318	nervousness	../Syntropy_Result_Finals/Models/Model_Unsliced_Go_Emotion	../Syntropy_Result_Finals/Models/Model_Unsliced_Go_Emotion	joy	0.9388221502304077	0.02001965418457985	0.00038076352211646736	0.00020090141333639622	0.9388221502304077	0.008048108778893948	0.0256612841039896	0.0011718369787558913	0.0024060660507529974	0.000977216404862702	0.00040879155858419836	0.0008850244339555502	0.0010182815603911877
319	excitement	../Syntropy_Result_Finals/Models/Model_Unsliced_Go_Emotion	../Syntropy_Result_Finals/Models/Model_Unsliced_Go_Emotion	excitement	0.5054080486297607	0.5054080486297607	0.0009335787617601454	0.0004435839655343443	0.460683137178421	0.006128231529146433	0.019333329051733017	0.0033618484158068895	0.0008064286084845662	0.001400986686348915	0.00033380952663719654	0.0006145888473838568	0.0005523975123651326
320	joy	../Syntropy_Result_Finals/Models/Model_Unsliced_Go_Emotion	../Syntropy_Result_Finals/Models/Model_Unsliced_Go_Emotion	excitement	0.9432543516159058	0.9432543516159058	0.002159138908609748	0.0013748288620263338	0.023535123094916344	0.00328420614823699	0.01853700913488865	0.003329766681417823	0.0005740878987126052	0.0016840482130646706	0.00036888098111376166	0.0014385668328031898	0.00046000038855709136
321	surprise	../Syntropy_Result_Finals/Models/Model_Unsliced_Go_Emotion	../Syntropy_Result_Finals/Models/Model_Unsliced_Go_Emotion	excitement	0.7198693156242371	0.7198693156242371	0.0012471879599615932	0.000694085203576833	0.22362232208251953	0.004111201036721468	0.023487532511353493	0.021760597825050354	0.0005684435600414872	0.002698068041354418	0.0006447882624343038	0.0005261366022750735	0.0007704371819272637
322	confusion	../Syntropy_Result_Finals/Models/Model_Unsliced_Go_Emotion	../Syntropy_Result_Finals/Models/Model_Unsliced_Go_Emotion	neutral	0.5655350685119629	0.001413753954693675	0.01585369184613228	0.010735935531556606	0.0034857920836657286	0.0026881734374910593	0.5655350685119629	0.0007751125958748162	0.38398271799087524	0.008230283856391907	0.002635437995195389	0.0024040634743869305	0.0022599524818360806
323	pride	../Syntropy_Result_Finals/Models/Model_Unsliced_Go_Emotion	../Syntropy_Result_Finals/Models/Model_Unsliced_Go_Emotion	joy	0.7857864499092102	0.1812397837638855	0.000525919662322849	0.00027986374334432185	0.7857864499092102	0.01021280325949192	0.015382140874862671	0.002745342208072543	0.0010221918346360326	0.001181429484859109	0.00036719764466397464	0.0005894566420465708	0.0006675197510048747
324	excitement	../Syntropy_Result_Finals/Models/Model_Unsliced_Go_Emotion	../Syntropy_Result_Finals/Models/Model_Unsliced_Go_Emotion	excitement	0.8605339527130127	0.8605339527130127	0.0016178375808522105	0.0007209205650724471	0.11023508012294769	0.0043319473043084145	0.014852350577712059	0.004465936683118343	0.0007391557446680963	0.001311699510551989	0.00032333971466869116	0.0005296524032019079	0.0003381454444024712
325	nervousness	../Syntropy_Result_Finals/Models/Model_Unsliced_Go_Emotion	../Syntropy_Result_Finals/Models/Model_Unsliced_Go_Emotion	nervousness	0.8012797236442566	0.05483340471982956	0.8012797236442566	0.07868257164955139	0.007338037248700857	0.009168545715510845	0.015039541758596897	0.006204334553331137	0.012227502651512623	0.003065992146730423	0.007312675006687641	0.0024623796343803406	0.0023852891754359007
326	nervousness	../Syntropy_Result_Finals/Models/Model_Unsliced_Go_Emotion	../Syntropy_Result_Finals/Models/Model_Unsliced_Go_Emotion	nervousness	0.8635178804397583	0.03637828305363655	0.8635178804397583	0.037235621362924576	0.009600159712135792	0.009631467051804066	0.00937157217413187	0.005438466090708971	0.01476647425442934	0.00435494864359498	0.0068510123528540134	0.0012691379524767399	0.0015849964693188667
327	joy	../Syntropy_Result_Finals/Models/Model_Unsliced_Go_Emotion	../Syntropy_Result_Finals/Models/Model_Unsliced_Go_Emotion	joy	0.9349358081817627	0.025831587612628937	0.00038663853774778545	0.0002559215936344117	0.9349358081817627	0.0027238165494054556	0.03053193911910057	0.000976871233433485	0.0015375013463199139	0.0012109350645914674	0.00025892152916640043	0.0005390103324316442	0.0008110454073175788
328	confusion	../Syntropy_Result_Finals/Models/Model_Unsliced_Go_Emotion	../Syntropy_Result_Finals/Models/Model_Unsliced_Go_Emotion	sadness	0.46134164929389954	0.0019178896909579635	0.03434113785624504	0.02336885780096054	0.002643971936777234	0.0026931294705718756	0.44844183325767517	0.0015968543011695147	0.46134164929389954	0.005018628668040037	0.007056295871734619	0.005087325815111399	0.00649225665256381
329	nervousness	../Syntropy_Result_Finals/Models/Model_Unsliced_Go_Emotion	../Syntropy_Result_Finals/Models/Model_Unsliced_Go_Emotion	sadness	0.6450305581092834	0.004597322084009647	0.05317709222435951	0.022053135558962822	0.014875783585011959	0.005342207849025726	0.11005264520645142	0.0016971739241853356	0.6450305581092834	0.010169854387640953	0.01643386110663414	0.09342402964830399	0.023146454244852066
330	excitement	../Syntropy_Result_Finals/Models/Model_Unsliced_Go_Emotion	../Syntropy_Result_Finals/Models/Model_Unsliced_Go_Emotion	excitement	0.5144067406654358	0.5144067406654358	0.0008011301979422569	0.00039631203981116414	0.44157874584198	0.007201633416116238	0.025861524045467377	0.006175729911774397	0.0007990513695403934	0.0013073015725240111	0.0003669139405246824	0.0005612431559711695	0.0005436889478005469
331	pride	../Syntropy_Result_Finals/Models/Model_Unsliced_Go_Emotion	../Syntropy_Result_Finals/Models/Model_Unsliced_Go_Emotion	joy	0.8883665800094604	0.07661604881286621	0.00048827403225004673	0.0002802929957397282	0.8883665800094604	0.005917276255786419	0.022509856149554253	0.0019968876149505377	0.0008019970846362412	0.0011615401599556208	0.0003327238082420081	0.0006358462851494551	0.0008926563314162195
332	neutral	../Syntropy_Result_Finals/Models/Model_Unsliced_Go_Emotion	../Syntropy_Result_Finals/Models/Model_Unsliced_Go_Emotion	neutral	0.6901676654815674	0.007453633937984705	0.01204591989517212	0.0036882227286696434	0.1356578916311264	0.014361693523824215	0.6901676654815674	0.0044213952496647835	0.11367177218198776	0.004212556406855583	0.008108253590762615	0.0015584275824949145	0.004652529954910278
333	excitement	../Syntropy_Result_Finals/Models/Model_Unsliced_Go_Emotion	../Syntropy_Result_Finals/Models/Model_Unsliced_Go_Emotion	joy	0.9079132676124573	0.022225523367524147	0.0005712411366403103	0.00025339756393805146	0.9079132676124573	0.011504529975354671	0.04843079671263695	0.0012964856578037143	0.00391833670437336	0.0011144623858854175	0.0007729544886387885	0.0008695772266946733	0.0011294472496956587
334	neutral	../Syntropy_Result_Finals/Models/Model_Unsliced_Go_Emotion	../Syntropy_Result_Finals/Models/Model_Unsliced_Go_Emotion	joy	0.9095996618270874	0.020342258736491203	0.0004353951953817159	0.0002657227742020041	0.9095996618270874	0.005106881260871887	0.05902470648288727	0.0008977787801995873	0.0017705612117424607	0.001142472610808909	0.0002903923741541803	0.0004709206405095756	0.0006532675470225513
335	neutral	../Syntropy_Result_Finals/Models/Model_Unsliced_Go_Emotion	../Syntropy_Result_Finals/Models/Model_Unsliced_Go_Emotion	joy	0.9357606172561646	0.013778675347566605	0.0005584398750215769	0.0003155409649480134	0.9357606172561646	0.004806990269571543	0.037774693220853806	0.0006668939022347331	0.00367613579146564	0.0011252216063439846	0.00034856307320296764	0.00047484503011219203	0.0007133980980142951
336	joy	../Syntropy_Result_Finals/Models/Model_Unsliced_Go_Emotion	../Syntropy_Result_Finals/Models/Model_Unsliced_Go_Emotion	joy	0.8248736262321472	0.014309524558484554	0.0009266457636840641	0.00041158930980600417	0.8248736262321472	0.01575614884495735	0.1281079351902008	0.0012319450033828616	0.009272146970033646	0.0019570470321923494	0.000983952428214252	0.0011070325272157788	0.0010624765418469906
337	pride	../Syntropy_Result_Finals/Models/Model_Unsliced_Go_Emotion	../Syntropy_Result_Finals/Models/Model_Unsliced_Go_Emotion	surprise	0.5541747808456421	0.3234151005744934	0.03759713098406792	0.00811031460762024	0.028948117047548294	0.0071325283497571945	0.01818985678255558	0.5541747808456421	0.0017367925029248	0.013593885116279125	0.005613424349576235	0.0006182710058055818	0.0008697729208506644
338	neutral	../Syntropy_Result_Finals/Models/Model_Unsliced_Go_Emotion	../Syntropy_Result_Finals/Models/Model_Unsliced_Go_Emotion	joy	0.851203978061676	0.08347005397081375	0.0006983718485571444	0.00040076053119264543	0.851203978061676	0.01437669899314642	0.0437014177441597	0.0019722760189324617	0.000849466712679714	0.001051594503223896	0.00041612220229581	0.0009328672313131392	0.0009264116524718702
339	neutral	../Syntropy_Result_Finals/Models/Model_Unsliced_Go_Emotion	../Syntropy_Result_Finals/Models/Model_Unsliced_Go_Emotion	joy	0.7558227777481079	0.21724337339401245	0.0007941146614030004	0.0004887189716100693	0.7558227777481079	0.0034598151687532663	0.015161913819611073	0.0023901918902993202	0.0009855518583208323	0.001848745159804821	0.0003191182913724333	0.0006432890077121556	0.0008424100815318525
340	excitement	../Syntropy_Result_Finals/Models/Model_Unsliced_Go_Emotion	../Syntropy_Result_Finals/Models/Model_Unsliced_Go_Emotion	joy	0.7066468596458435	0.1649794727563858	0.0011528993491083384	0.0004962759558111429	0.7066468596458435	0.027286579832434654	0.09008269757032394	0.0034702324774116278	0.001606299658305943	0.001259051263332367	0.0007104629767127335	0.001353721832856536	0.0009554162970744073
341	excitement	../Syntropy_Result_Finals/Models/Model_Unsliced_Go_Emotion	../Syntropy_Result_Finals/Models/Model_Unsliced_Go_Emotion	joy	0.758230447769165	0.18590793013572693	0.0013642716221511364	0.0006816142704337835	0.758230447769165	0.021121645346283913	0.025204667821526527	0.002830216661095619	0.0014378076884895563	0.0014960534172132611	0.0005869853193871677	0.0005563462618738413	0.0005819943035021424
342	pride	../Syntropy_Result_Finals/Models/Model_Unsliced_Go_Emotion	../Syntropy_Result_Finals/Models/Model_Unsliced_Go_Emotion	joy	0.8527781963348389	0.10682263970375061	0.0007175897480919957	0.0003767113375943154	0.8527781963348389	0.010583439841866493	0.02275923825800419	0.0020697303116321564	0.001042171847075224	0.0013972586020827293	0.00040692315087653697	0.0004944307147525251	0.0005515394732356071
343	excitement	../Syntropy_Result_Finals/Models/Model_Unsliced_Go_Emotion	../Syntropy_Result_Finals/Models/Model_Unsliced_Go_Emotion	joy	0.5264495611190796	0.4342045485973358	0.0008887184085324407	0.0004461224307306111	0.5264495611190796	0.011083610355854034	0.01792125031352043	0.005344829987734556	0.0008925022557377815	0.0011512776836752892	0.0003948149678763002	0.0005949090118519962	0.0006278454093262553
344	joy	../Syntropy_Result_Finals/Models/Model_Unsliced_Go_Emotion	../Syntropy_Result_Finals/Models/Model_Unsliced_Go_Emotion	excitement	0.5312672853469849	0.5312672853469849	0.0007062688819132745	0.00041400251211598516	0.42340993881225586	0.007372376974672079	0.02830331213772297	0.004698189441114664	0.0006601907080039382	0.0010863362113013864	0.0003795019583776593	0.0008787998231127858	0.0008238524897024035
345	joy	../Syntropy_Result_Finals/Models/Model_Unsliced_Go_Emotion	../Syntropy_Result_Finals/Models/Model_Unsliced_Go_Emotion	joy	0.9105349779129028	0.02728760614991188	0.00041049072751775384	0.00029877154156565666	0.9105349779129028	0.003022383200004697	0.052687451243400574	0.0011172493686899543	0.0015608281828463078	0.001406166236847639	0.0002579334832262248	0.000649208901450038	0.0007670322665944695
346	neutral	../Syntropy_Result_Finals/Models/Model_Unsliced_Go_Emotion	../Syntropy_Result_Finals/Models/Model_Unsliced_Go_Emotion	joy	0.5812053680419922	0.02318638004362583	0.0008538008551113307	0.00042342740925960243	0.5812053680419922	0.013378958217799664	0.36852526664733887	0.0007295208633877337	0.005774869117885828	0.0017892244504764676	0.0010873747523874044	0.0015809823526069522	0.001464824192225933
347	excitement	../Syntropy_Result_Finals/Models/Model_Unsliced_Go_Emotion	../Syntropy_Result_Finals/Models/Model_Unsliced_Go_Emotion	joy	0.6457242965698242	0.2671005427837372	0.0007158119697123766	0.0003550575638655573	0.6457242965698242	0.013277748599648476	0.06460568308830261	0.0033867426682263613	0.0013495340244844556	0.0014123168075457215	0.0004409934626892209	0.000917423574719578	0.0007137975771911442
348	joy	../Syntropy_Result_Finals/Models/Model_Unsliced_Go_Emotion	../Syntropy_Result_Finals/Models/Model_Unsliced_Go_Emotion	joy	0.9709547758102417	0.010533908382058144	0.0005350743304006755	0.00031417052377946675	0.9709547758102417	0.005061126779764891	0.004979749210178852	0.0012747920118272305	0.002836498897522688	0.0014954321086406708	0.0005284553626552224	0.0005133114173077047	0.0009726439020596445
349	surprise	../Syntropy_Result_Finals/Models/Model_Unsliced_Go_Emotion	../Syntropy_Result_Finals/Models/Model_Unsliced_Go_Emotion	excitement	0.6353272199630737	0.6353272199630737	0.0018572247354313731	0.0007661728886887431	0.31808459758758545	0.0083838552236557	0.021400300785899162	0.010105629451572895	0.0014665084891021252	0.0012400458799675107	0.0003833142400253564	0.0004712778318207711	0.000513803621288389
350	joy	../Syntropy_Result_Finals/Models/Model_Unsliced_Go_Emotion	../Syntropy_Result_Finals/Models/Model_Unsliced_Go_Emotion	neutral	0.6234867572784424	0.034655097872018814	0.0020916496869176626	0.0009406900499016047	0.2892240583896637	0.030052997171878815	0.6234867572784424	0.0010208050953224301	0.013175412081182003	0.0021121560130268335	0.0008475497015751898	0.0015368445310741663	0.0008559556445106864
351	joy	../Syntropy_Result_Finals/Models/Model_Unsliced_Go_Emotion	../Syntropy_Result_Finals/Models/Model_Unsliced_Go_Emotion	joy	0.9564152359962463	0.017663853242993355	0.000301656051306054	0.00026516913203522563	0.9564152359962463	0.0031416499987244606	0.016881391406059265	0.0011029484448954463	0.001418862957507372	0.0014399614883586764	0.00022797679412178695	0.0005109604680910707	0.0006303006084635854
352	joy	../Syntropy_Result_Finals/Models/Model_Unsliced_Go_Emotion	../Syntropy_Result_Finals/Models/Model_Unsliced_Go_Emotion	joy	0.9531949758529663	0.023505128920078278	0.0004142169782426208	0.00031006912468001246	0.9531949758529663	0.0030230663251131773	0.01387242041528225	0.0014363330556079745	0.001033486914820969	0.0014474651543423533	0.0002678252349141985	0.0005676983273588121	0.0009271903545595706
353	joy	../Syntropy_Result_Finals/Models/Model_Unsliced_Go_Emotion	../Syntropy_Result_Finals/Models/Model_Unsliced_Go_Emotion	joy	0.6286082863807678	0.024325743317604065	0.0013567028800025582	0.0008280706242658198	0.6286082863807678	0.013998862355947495	0.30973881483078003	0.0011989623308181763	0.013504977338016033	0.003346644341945648	0.0007071689469739795	0.001377319684252143	0.0010085621615871787
354	pride	../Syntropy_Result_Finals/Models/Model_Unsliced_Go_Emotion	../Syntropy_Result_Finals/Models/Model_Unsliced_Go_Emotion	joy	0.8938148617744446	0.08337687700986862	0.0009878326673060656	0.0005890352185815573	0.8938148617744446	0.006193256005644798	0.0077402968890964985	0.0024506228510290384	0.0010798429138958454	0.0021301433444023132	0.0004004129150416702	0.0005329204141162336	0.0007039502961561084
355	neutral	../Syntropy_Result_Finals/Models/Model_Unsliced_Go_Emotion	../Syntropy_Result_Finals/Models/Model_Unsliced_Go_Emotion	joy	0.7680225372314453	0.020377200096845627	0.001391436904668808	0.00047842462663538754	0.7680225372314453	0.008598053827881813	0.18626585602760315	0.0008801351068541408	0.008231931366026402	0.001842921948991716	0.0011172541417181492	0.001012221910059452	0.0017820610664784908
356	neutral	../Syntropy_Result_Finals/Models/Model_Unsliced_Go_Emotion	../Syntropy_Result_Finals/Models/Model_Unsliced_Go_Emotion	joy	0.9097427725791931	0.04801732674241066	0.0006124912761151791	0.00033336030901409686	0.9097427725791931	0.004094948526471853	0.03173871710896492	0.0012154843425378203	0.001255523064173758	0.001057928311638534	0.0003206589026376605	0.0006686780252493918	0.0009421296999789774
357	sadness	../Syntropy_Result_Finals/Models/Model_Unsliced_Go_Emotion	../Syntropy_Result_Finals/Models/Model_Unsliced_Go_Emotion	sadness	0.9400360584259033	0.0005751246935687959	0.006768696941435337	0.003621096722781658	0.0038628270849585533	0.000996209098957479	0.035000648349523544	0.0003527421213220805	0.9400360584259033	0.001855773851275444	0.0016190028982236981	0.002913446631282568	0.0023982941638678312
358	fear	../Syntropy_Result_Finals/Models/Model_Unsliced_Go_Emotion	../Syntropy_Result_Finals/Models/Model_Unsliced_Go_Emotion	confusion	0.6131533980369568	0.005403521005064249	0.10746452957391739	0.03783735632896423	0.008675279095768929	0.004672563634812832	0.026009337976574898	0.00739746680483222	0.1336641162633896	0.6131533980369568	0.019187085330486298	0.027003541588783264	0.009531842544674873
359	pride	../Syntropy_Result_Finals/Models/Model_Unsliced_Go_Emotion	../Syntropy_Result_Finals/Models/Model_Unsliced_Go_Emotion	neutral	0.42204970121383667	0.19531290233135223	0.0011233382392674685	0.0005651759565807879	0.35631340742111206	0.008765979669988155	0.42204970121383667	0.0064057051204144955	0.0014027293073013425	0.0025762792211025953	0.001022495562210679	0.0018432331271469593	0.002618984319269657
360	excitement	../Syntropy_Result_Finals/Models/Model_Unsliced_Go_Emotion	../Syntropy_Result_Finals/Models/Model_Unsliced_Go_Emotion	joy	0.6131064891815186	0.11512947827577591	0.0009733742335811257	0.0005157375708222389	0.6131064891815186	0.005732003133744001	0.2538940906524658	0.0035533499903976917	0.0012422834988683462	0.003730997210368514	0.0005652338732033968	0.000767212943173945	0.000789761368650943
361	excitement	../Syntropy_Result_Finals/Models/Model_Unsliced_Go_Emotion	../Syntropy_Result_Finals/Models/Model_Unsliced_Go_Emotion	joy	0.7455270290374756	0.21248313784599304	0.0008047871524468064	0.0003691891033668071	0.7455270290374756	0.011976419016718864	0.019577285274863243	0.004943786654621363	0.0009705493575893342	0.001427675480954349	0.0006428201450034976	0.0005548861809074879	0.0007224292494356632
362	joy	../Syntropy_Result_Finals/Models/Model_Unsliced_Go_Emotion	../Syntropy_Result_Finals/Models/Model_Unsliced_Go_Emotion	joy	0.9557810425758362	0.02663864754140377	0.00039426598232239485	0.000278987834462896	0.9557810425758362	0.0034131992142647505	0.008174961432814598	0.0013705192832276225	0.001356785069219768	0.001266074599698186	0.0002499338297639042	0.00040597503539174795	0.0006696321070194244
363	neutral	../Syntropy_Result_Finals/Models/Model_Unsliced_Go_Emotion	../Syntropy_Result_Finals/Models/Model_Unsliced_Go_Emotion	joy	0.969304621219635	0.010283420793712139	0.00034022374893538654	0.0002561247383709997	0.969304621219635	0.004419730044901371	0.009152558632194996	0.001034983666613698	0.002471434883773327	0.001308172126300633	0.0003166952810715884	0.00042680924525484443	0.0006852704100310802
364	neutral	../Syntropy_Result_Finals/Models/Model_Unsliced_Go_Emotion	../Syntropy_Result_Finals/Models/Model_Unsliced_Go_Emotion	joy	0.9235585927963257	0.015112153254449368	0.0005368459387682378	0.0003409888595342636	0.9235585927963257	0.005553422961384058	0.04889630153775215	0.0011897244257852435	0.0010495681781321764	0.0018934624968096614	0.0004081614315509796	0.0006507036741822958	0.0008100269478745759
365	excitement	../Syntropy_Result_Finals/Models/Model_Unsliced_Go_Emotion	../Syntropy_Result_Finals/Models/Model_Unsliced_Go_Emotion	neutral	0.6622592806816101	0.0616532638669014	0.004167105536907911	0.001362839830107987	0.23147651553153992	0.017971131950616837	0.6622592806816101	0.008934855461120605	0.005807443056255579	0.0027605723589658737	0.0012701853411272168	0.0011730741243809462	0.0011637770803645253
366	excitement	../Syntropy_Result_Finals/Models/Model_Unsliced_Go_Emotion	../Syntropy_Result_Finals/Models/Model_Unsliced_Go_Emotion	joy	0.9014078974723816	0.028258204460144043	0.0003340254188515246	0.0002481153642293066	0.9014078974723816	0.013116701506078243	0.050902631133794785	0.0012734687188640237	0.0012103409972041845	0.0011905115097761154	0.0004104390391148627	0.0008257777080871165	0.0008218458970077336
367	pride	../Syntropy_Result_Finals/Models/Model_Unsliced_Go_Emotion	../Syntropy_Result_Finals/Models/Model_Unsliced_Go_Emotion	pride	0.6292266845703125	0.09144763648509979	0.003445159876719117	0.0014271424151957035	0.2045619785785675	0.6292266845703125	0.03074442408978939	0.011661607772111893	0.007790302392095327	0.0036570681259036064	0.008804239332675934	0.003648178419098258	0.0035855781752616167
368	neutral	../Syntropy_Result_Finals/Models/Model_Unsliced_Go_Emotion	../Syntropy_Result_Finals/Models/Model_Unsliced_Go_Emotion	joy	0.9626380801200867	0.019640518352389336	0.0003630855062510818	0.0002696006267797202	0.9626380801200867	0.0034893411211669445	0.008363324217498302	0.001095926621928811	0.0016424445202574134	0.001277506467886269	0.0002432751061860472	0.0003909022198058665	0.0005860448000021279
369	neutral	../Syntropy_Result_Finals/Models/Model_Unsliced_Go_Emotion	../Syntropy_Result_Finals/Models/Model_Unsliced_Go_Emotion	joy	0.9227095246315002	0.018548915162682533	0.0007953385938890278	0.0004554355691652745	0.9227095246315002	0.004479887895286083	0.04449326545000076	0.0016087854746729136	0.001399446395225823	0.002520101610571146	0.0005483101704157889	0.000988733139820397	0.001452162628993392
370	excitement	../Syntropy_Result_Finals/Models/Model_Unsliced_Go_Emotion	../Syntropy_Result_Finals/Models/Model_Unsliced_Go_Emotion	joy	0.9474944472312927	0.03108787164092064	0.0004559105436783284	0.000292508106213063	0.9474944472312927	0.003747815266251564	0.011029270477592945	0.001857423223555088	0.001100903027690947	0.0014529452892020345	0.0002977339318022132	0.00042185926577076316	0.0007614272180944681
371	sadness	../Syntropy_Result_Finals/Models/Model_Unsliced_Go_Emotion	../Syntropy_Result_Finals/Models/Model_Unsliced_Go_Emotion	disgust	0.614223837852478	0.0008728428510949016	0.007122213486582041	0.018718121573328972	0.0034468357916921377	0.0016155196353793144	0.06922775506973267	0.0015578212914988399	0.10501734912395477	0.007536444813013077	0.028836838901042938	0.14182445406913757	0.614223837852478
372	pride	../Syntropy_Result_Finals/Models/Model_Unsliced_Go_Emotion	../Syntropy_Result_Finals/Models/Model_Unsliced_Go_Emotion	neutral	0.4605979323387146	0.10141049325466156	0.0021352930925786495	0.0007118458743207157	0.40849992632865906	0.01595507189631462	0.4605979323387146	0.0030982999596744776	0.0021000986453145742	0.001905781333334744	0.0011875666677951813	0.0012195290764793754	0.001178211416117847
373	fear	../Syntropy_Result_Finals/Models/Model_Unsliced_Go_Emotion	../Syntropy_Result_Finals/Models/Model_Unsliced_Go_Emotion	nervousness	0.8514177203178406	0.029328759759664536	0.8514177203178406	0.07439947128295898	0.004672492388635874	0.00606248714029789	0.0035919270012527704	0.005516126286238432	0.0073667545802891254	0.007636303082108498	0.007257106248289347	0.0013671558117493987	0.0013836838770657778
374	excitement	../Syntropy_Result_Finals/Models/Model_Unsliced_Go_Emotion	../Syntropy_Result_Finals/Models/Model_Unsliced_Go_Emotion	joy	0.9664081335067749	0.014215942472219467	0.00036983241443522274	0.00030172712286002934	0.9664081335067749	0.004086255095899105	0.009122316725552082	0.000934181734919548	0.001958788139745593	0.001325394376181066	0.0002538028929848224	0.00040265804273076355	0.000620997860096395
375	neutral	../Syntropy_Result_Finals/Models/Model_Unsliced_Go_Emotion	../Syntropy_Result_Finals/Models/Model_Unsliced_Go_Emotion	joy	0.5806687474250793	0.021654093638062477	0.0010879194596782327	0.0006438652635551989	0.5806687474250793	0.01772194914519787	0.3646903932094574	0.001401797286234796	0.0038080259691923857	0.0016628110315650702	0.0014330896083265543	0.003088947618380189	0.0021384120918810368
376	pride	../Syntropy_Result_Finals/Models/Model_Unsliced_Go_Emotion	../Syntropy_Result_Finals/Models/Model_Unsliced_Go_Emotion	pride	0.8166611790657043	0.05536700412631035	0.0051802461966872215	0.0017700371099635959	0.05546020343899727	0.8166611790657043	0.018799712881445885	0.013072699308395386	0.009666346944868565	0.003891939530149102	0.012246677652001381	0.004489230457693338	0.0033946908079087734
377	anger	../Syntropy_Result_Finals/Models/Model_Unsliced_Go_Emotion	../Syntropy_Result_Finals/Models/Model_Unsliced_Go_Emotion	sadness	0.9081501960754395	0.0004267931799404323	0.01727687567472458	0.011468577198684216	0.0018284564139321446	0.0013605088461190462	0.01348115224391222	0.0009943468030542135	0.9081501960754395	0.004609203431755304	0.027579013258218765	0.004157743416726589	0.008667225018143654
378	nervousness	../Syntropy_Result_Finals/Models/Model_Unsliced_Go_Emotion	../Syntropy_Result_Finals/Models/Model_Unsliced_Go_Emotion	pride	0.6966878175735474	0.10584136843681335	0.005973761435598135	0.0017204037867486477	0.09340748190879822	0.6966878175735474	0.04938181862235069	0.013655096292495728	0.009360317140817642	0.0035034003667533398	0.011437567882239819	0.005657556466758251	0.0033734857570379972
379	pride	../Syntropy_Result_Finals/Models/Model_Unsliced_Go_Emotion	../Syntropy_Result_Finals/Models/Model_Unsliced_Go_Emotion	joy	0.4869750738143921	0.03289075568318367	0.002604783745482564	0.001083390205167234	0.4869750738143921	0.025792047381401062	0.43524619936943054	0.0016515838215127587	0.006520578637719154	0.002092970535159111	0.0012193075381219387	0.002551534678786993	0.0013717308174818754
380	pride	../Syntropy_Result_Finals/Models/Model_Unsliced_Go_Emotion	../Syntropy_Result_Finals/Models/Model_Unsliced_Go_Emotion	joy	0.8227594494819641	0.03303246200084686	0.0009416360990144312	0.00038312567630782723	0.8227594494819641	0.022100895643234253	0.11121563613414764	0.0013661867706105113	0.0040383427403867245	0.0012623498914763331	0.0008367556147277355	0.000973183021415025	0.0010899750050157309
381	pride	../Syntropy_Result_Finals/Models/Model_Unsliced_Go_Emotion	../Syntropy_Result_Finals/Models/Model_Unsliced_Go_Emotion	joy	0.9618691802024841	0.018783660605549812	0.00046074303099885583	0.00033854879438877106	0.9618691802024841	0.003277854062616825	0.008815656416118145	0.0015416850801557302	0.0010074207093566656	0.0019871701952069998	0.00037206464912742376	0.0006040853331796825	0.0009419841226190329
382	neutral	../Syntropy_Result_Finals/Models/Model_Unsliced_Go_Emotion	../Syntropy_Result_Finals/Models/Model_Unsliced_Go_Emotion	joy	0.9354552626609802	0.04243414103984833	0.00040732210618443787	0.000290717143798247	0.9354552626609802	0.003716043895110488	0.012141793966293335	0.0016731834039092064	0.0009642697405070066	0.001430787960998714	0.00026708096265792847	0.0004923552041873336	0.0007270805654115975
383	neutral	../Syntropy_Result_Finals/Models/Model_Unsliced_Go_Emotion	../Syntropy_Result_Finals/Models/Model_Unsliced_Go_Emotion	joy	0.9626433849334717	0.019194629043340683	0.0004215831868350506	0.00029806772363372147	0.9626433849334717	0.003334240522235632	0.008595201186835766	0.0012139905011281371	0.0012608976103365421	0.0014525906881317496	0.00028057166491635144	0.00048352964222431183	0.0008213342516683042
384	excitement	../Syntropy_Result_Finals/Models/Model_Unsliced_Go_Emotion	../Syntropy_Result_Finals/Models/Model_Unsliced_Go_Emotion	joy	0.948477566242218	0.028254903852939606	0.000496103020850569	0.0003835923853330314	0.948477566242218	0.0035366422962397337	0.012592722661793232	0.0016128048300743103	0.0009451128426007926	0.0017978588584810495	0.00030460936250165105	0.0006511323153972626	0.0009469257784076035
385	pride	../Syntropy_Result_Finals/Models/Model_Unsliced_Go_Emotion	../Syntropy_Result_Finals/Models/Model_Unsliced_Go_Emotion	excitement	0.8966745138168335	0.8966745138168335	0.001353199128061533	0.0006445749313570559	0.08503785729408264	0.0036930376663804054	0.006487144157290459	0.003146782051771879	0.0005211925599724054	0.0010685877641662955	0.0003397625114303082	0.0006479622097685933	0.0003853668749798089
386	pride	../Syntropy_Result_Finals/Models/Model_Unsliced_Go_Emotion	../Syntropy_Result_Finals/Models/Model_Unsliced_Go_Emotion	joy	0.6355237364768982	0.2084655463695526	0.0011813414748758078	0.0005441521643660963	0.6355237364768982	0.017051640897989273	0.12916569411754608	0.002031410811468959	0.0015964515041559935	0.00104240991640836	0.0006337606464512646	0.0015733991749584675	0.0011904463171958923
387	neutral	../Syntropy_Result_Finals/Models/Model_Unsliced_Go_Emotion	../Syntropy_Result_Finals/Models/Model_Unsliced_Go_Emotion	neutral	0.8899946808815002	0.004651604685932398	0.00493938522413373	0.003150278702378273	0.022961996495723724	0.0056896205060184	0.8899946808815002	0.000991049804724753	0.05738320201635361	0.003230482805520296	0.002497185720130801	0.0029956114012748003	0.0015149404061958194
388	pride	../Syntropy_Result_Finals/Models/Model_Unsliced_Go_Emotion	../Syntropy_Result_Finals/Models/Model_Unsliced_Go_Emotion	joy	0.44619208574295044	0.1287856549024582	0.0022810783702880144	0.0007961460505612195	0.44619208574295044	0.13234204053878784	0.26964980363845825	0.0071962131187319756	0.004267606418579817	0.0027222675271332264	0.002050015376880765	0.0022146161645650864	0.0015025627799332142
389	excitement	../Syntropy_Result_Finals/Models/Model_Unsliced_Go_Emotion	../Syntropy_Result_Finals/Models/Model_Unsliced_Go_Emotion	pride	0.49048513174057007	0.2335217148065567	0.0037939047906547785	0.0013834957499057055	0.20454418659210205	0.49048513174057007	0.032861627638339996	0.013658229261636734	0.005522911436855793	0.0030462434515357018	0.005319260060787201	0.0033405106514692307	0.002522778930142522
390	excitement	../Syntropy_Result_Finals/Models/Model_Unsliced_Go_Emotion	../Syntropy_Result_Finals/Models/Model_Unsliced_Go_Emotion	joy	0.5770154595375061	0.08607429265975952	0.0019677772652357817	0.0007699289708398283	0.5770154595375061	0.11702190339565277	0.18952247500419617	0.0073847584426403046	0.007602271158248186	0.0030580011662095785	0.003735736245289445	0.003363807685673237	0.0024836088996380568
391	surprise	../Syntropy_Result_Finals/Models/Model_Unsliced_Go_Emotion	../Syntropy_Result_Finals/Models/Model_Unsliced_Go_Emotion	joy	0.7343490123748779	0.2222226858139038	0.0006008404889144003	0.00038514973130077124	0.7343490123748779	0.005421868525445461	0.030884888023138046	0.0023878926876932383	0.0007934741443023086	0.0014349065022543073	0.00026985607109963894	0.0006503360345959663	0.0005991496727801859
392	embarrassment	../Syntropy_Result_Finals/Models/Model_Unsliced_Go_Emotion	../Syntropy_Result_Finals/Models/Model_Unsliced_Go_Emotion	neutral	0.7994609475135803	0.0025959231425076723	0.008515488356351852	0.009656676091253757	0.006432368420064449	0.004883704707026482	0.7994609475135803	0.0059983436949551105	0.05724694952368736	0.0019287702161818743	0.04514693096280098	0.006513630505651236	0.0516202412545681
393	excitement	../Syntropy_Result_Finals/Models/Model_Unsliced_Go_Emotion	../Syntropy_Result_Finals/Models/Model_Unsliced_Go_Emotion	joy	0.7456457614898682	0.02305026166141033	0.0006335144280456007	0.00032680219737812877	0.7456457614898682	0.005350490566343069	0.21062526106834412	0.0011828301940113306	0.003516126424074173	0.002032490214332938	0.0006296541541814804	0.00333136273548007	0.003675473388284445
394	sadness	../Syntropy_Result_Finals/Models/Model_Unsliced_Go_Emotion	../Syntropy_Result_Finals/Models/Model_Unsliced_Go_Emotion	confusion	0.8842576146125793	0.0008639307343401015	0.0047725350596010685	0.004197780508548021	0.0016590863233432174	0.0009714114712551236	0.046513330191373825	0.004209673032164574	0.015055814757943153	0.8842576146125793	0.012368299067020416	0.018123114481568336	0.0070073953829705715
395	joy	../Syntropy_Result_Finals/Models/Model_Unsliced_Go_Emotion	../Syntropy_Result_Finals/Models/Model_Unsliced_Go_Emotion	neutral	0.4222399592399597	0.04670799523591995	0.021449696272611618	0.005376182962208986	0.12899264693260193	0.04689699783921242	0.4222399592399597	0.003076492575928569	0.2930772304534912	0.0028001221362501383	0.007489317562431097	0.01503339596092701	0.00686002429574728
396	nervousness	../Syntropy_Result_Finals/Models/Model_Unsliced_Go_Emotion	../Syntropy_Result_Finals/Models/Model_Unsliced_Go_Emotion	neutral	0.5782160758972168	0.0012012829538434744	0.009562317281961441	0.005032294895499945	0.004417833872139454	0.003122302470728755	0.5782160758972168	0.0006497272988781333	0.3694717586040497	0.005557852331548929	0.008497142232954502	0.004394562914967537	0.009876895695924759
397	sadness	../Syntropy_Result_Finals/Models/Model_Unsliced_Go_Emotion	../Syntropy_Result_Finals/Models/Model_Unsliced_Go_Emotion	sadness	0.7360726594924927	0.000685530249029398	0.011454313062131405	0.01635596714913845	0.002373891184106469	0.0019502121722325683	0.14262890815734863	0.0005479077226482332	0.7360726594924927	0.0034398415591567755	0.007045812904834747	0.050771016627550125	0.026674028486013412
398	pride	../Syntropy_Result_Finals/Models/Model_Unsliced_Go_Emotion	../Syntropy_Result_Finals/Models/Model_Unsliced_Go_Emotion	pride	0.7830231785774231	0.05413559451699257	0.004150352906435728	0.0014337403699755669	0.08803198486566544	0.7830231785774231	0.02361265756189823	0.010972009971737862	0.011264009401202202	0.0037452587857842445	0.012222320772707462	0.00400592852383852	0.00340304896235466
399	nervousness	../Syntropy_Result_Finals/Models/Model_Unsliced_Go_Emotion	../Syntropy_Result_Finals/Models/Model_Unsliced_Go_Emotion	anger	0.5224741697311401	0.0028081543277949095	0.012073338031768799	0.010381405241787434	0.007649441249668598	0.0036399022210389376	0.14400212466716766	0.0011715643340721726	0.21110518276691437	0.012845337390899658	0.013066890649497509	0.5224741697311401	0.05878249555826187
400	joy	../Syntropy_Result_Finals/Models/Model_Unsliced_Go_Emotion	../Syntropy_Result_Finals/Models/Model_Unsliced_Go_Emotion	joy	0.7368444800376892	0.07612747699022293	0.0008219563751481473	0.00046226760605350137	0.7368444800376892	0.03655387461185455	0.1368168443441391	0.003686448559165001	0.0036564941983669996	0.0018955148989334702	0.0010835147695615888	0.0009978136513382196	0.001053300336934626
401	pride	../Syntropy_Result_Finals/Models/Model_Unsliced_Go_Emotion	../Syntropy_Result_Finals/Models/Model_Unsliced_Go_Emotion	joy	0.9422606825828552	0.025727419182658195	0.00033555174013599753	0.0002371666778344661	0.9422606825828552	0.007054089102894068	0.01892106793820858	0.0011645026970654726	0.0019185106502845883	0.0010965168476104736	0.00033452463685534894	0.00041879358468577266	0.0005311871645972133
402	joy	../Syntropy_Result_Finals/Models/Model_Unsliced_Go_Emotion	../Syntropy_Result_Finals/Models/Model_Unsliced_Go_Emotion	joy	0.9047566652297974	0.06525526940822601	0.0006857941043563187	0.00036796447238884866	0.9047566652297974	0.0052360533736646175	0.01241594273597002	0.004251507576555014	0.0018070207443088293	0.003884699195623398	0.0003383590083103627	0.0004593846679199487	0.0005414089537225664
403	anger	../Syntropy_Result_Finals/Models/Model_Unsliced_Go_Emotion	../Syntropy_Result_Finals/Models/Model_Unsliced_Go_Emotion	nervousness	0.8833923935890198	0.016896288841962814	0.8833923935890198	0.04634453356266022	0.00508049177005887	0.005487111862748861	0.007067640777677298	0.002809902187436819	0.01763332262635231	0.005966920405626297	0.006377045530825853	0.0015421196585521102	0.001402208348736167
404	nervousness	../Syntropy_Result_Finals/Models/Model_Unsliced_Go_Emotion	../Syntropy_Result_Finals/Models/Model_Unsliced_Go_Emotion	neutral	0.9122822880744934	0.007832832634449005	0.017454534769058228	0.014121141284704208	0.0019592514727264643	0.0024660585913807154	0.9122822880744934	0.0014625565381720662	0.020951105281710625	0.01626613549888134	0.0018916891422122717	0.001934656291268766	0.0013777873245999217
405	neutral	../Syntropy_Result_Finals/Models/Model_Unsliced_Go_Emotion	../Syntropy_Result_Finals/Models/Model_Unsliced_Go_Emotion	neutral	0.5122849941253662	0.017114942893385887	0.007069295737892389	0.002866541501134634	0.19081981480121613	0.022414803504943848	0.5122849941253662	0.0015078538563102484	0.23373904824256897	0.004805092234164476	0.002205886645242572	0.003129867371171713	0.002041876083239913
406	pride	../Syntropy_Result_Finals/Models/Model_Unsliced_Go_Emotion	../Syntropy_Result_Finals/Models/Model_Unsliced_Go_Emotion	pride	0.6800297498703003	0.07996222376823425	0.003569210646674037	0.0014880684902891517	0.17271769046783447	0.6800297498703003	0.023678762838244438	0.009871932677924633	0.009561902843415737	0.003737683640792966	0.008618023246526718	0.0035967514850199223	0.0031679468229413033
407	excitement	../Syntropy_Result_Finals/Models/Model_Unsliced_Go_Emotion	../Syntropy_Result_Finals/Models/Model_Unsliced_Go_Emotion	joy	0.7982282042503357	0.0767478421330452	0.000769512786064297	0.0004082410305272788	0.7982282042503357	0.05092216283082962	0.06349211931228638	0.00292192492634058	0.0018722027307376266	0.0014476287178695202	0.0009827183093875647	0.001116880215704441	0.0010905801318585873
408	nervousness	../Syntropy_Result_Finals/Models/Model_Unsliced_Go_Emotion	../Syntropy_Result_Finals/Models/Model_Unsliced_Go_Emotion	joy	0.9659146666526794	0.016772516071796417	0.0003832325746770948	0.00028813473181799054	0.9659146666526794	0.0033802553080022335	0.007611622102558613	0.0011299590114504099	0.0014754474395886064	0.0015727421268820763	0.00027233516448177397	0.0004846828815061599	0.0007143971743062139
409	excitement	../Syntropy_Result_Finals/Models/Model_Unsliced_Go_Emotion	../Syntropy_Result_Finals/Models/Model_Unsliced_Go_Emotion	joy	0.9678667783737183	0.014331423677504063	0.00037162916851229966	0.00027107869391329587	0.9678667783737183	0.003465794026851654	0.008294387720525265	0.001203681342303753	0.00117552001029253	0.0014367790427058935	0.0003189333074260503	0.00047543476102873683	0.0007885658415034413
410	joy	../Syntropy_Result_Finals/Models/Model_Unsliced_Go_Emotion	../Syntropy_Result_Finals/Models/Model_Unsliced_Go_Emotion	joy	0.6545516848564148	0.12357018887996674	0.0006068928050808609	0.00044260022696107626	0.6545516848564148	0.013705299235880375	0.19740533828735352	0.0038896610494703054	0.0014931604964658618	0.0020575551316142082	0.0004658723482862115	0.00110189663246274	0.0007098910282365978
411	joy	../Syntropy_Result_Finals/Models/Model_Unsliced_Go_Emotion	../Syntropy_Result_Finals/Models/Model_Unsliced_Go_Emotion	joy	0.7918131351470947	0.03150090202689171	0.0005124011659063399	0.0002608450304251164	0.7918131351470947	0.004352675750851631	0.16429784893989563	0.0012965017231181264	0.0017156172543764114	0.001827535917982459	0.0003896507259923965	0.0009390036575496197	0.0010938347550109029
412	joy	../Syntropy_Result_Finals/Models/Model_Unsliced_Go_Emotion	../Syntropy_Result_Finals/Models/Model_Unsliced_Go_Emotion	neutral	0.9019348621368408	0.012680552899837494	0.001188805210404098	0.0006131583941169083	0.04511893540620804	0.018793372437357903	0.9019348621368408	0.0014224363258108497	0.00892772525548935	0.002089735586196184	0.0011764520313590765	0.005166808608919382	0.0008871188038028777
413	neutral	../Syntropy_Result_Finals/Models/Model_Unsliced_Go_Emotion	../Syntropy_Result_Finals/Models/Model_Unsliced_Go_Emotion	neutral	0.47230905294418335	0.13116751611232758	0.0013566188281401992	0.0008927725721150637	0.35889673233032227	0.017498109489679337	0.47230905294418335	0.005508298519998789	0.003145338734611869	0.0025331045035272837	0.0010576266795396805	0.0036356784403324127	0.001999213360249996
414	neutral	../Syntropy_Result_Finals/Models/Model_Unsliced_Go_Emotion	../Syntropy_Result_Finals/Models/Model_Unsliced_Go_Emotion	neutral	0.970128059387207	0.0027177229057997465	0.0006277451175265014	0.0004337999562267214	0.008774097077548504	0.003299331059679389	0.970128059387207	0.00044211215572431684	0.006720578297972679	0.0020284538622945547	0.0005295074079185724	0.0036324707325547934	0.000666165491566062
415	joy	../Syntropy_Result_Finals/Models/Model_Unsliced_Go_Emotion	../Syntropy_Result_Finals/Models/Model_Unsliced_Go_Emotion	sadness	0.8736730217933655	0.0011702505871653557	0.00494981836527586	0.0019531174330040812	0.032921627163887024	0.002368737244978547	0.07423308491706848	0.0005274128634482622	0.8736730217933655	0.003651535604149103	0.0014688803348690271	0.0012976403813809156	0.001784962834790349
416	joy	../Syntropy_Result_Finals/Models/Model_Unsliced_Go_Emotion	../Syntropy_Result_Finals/Models/Model_Unsliced_Go_Emotion	joy	0.9579953551292419	0.012641159817576408	0.00036665736115537584	0.0002760624629445374	0.9579953551292419	0.0044191800989210606	0.018352825194597244	0.0009311806061305106	0.0020608347840607166	0.00153420923743397	0.00027930247597396374	0.0004955442855134606	0.0006477231509052217
417	pride	../Syntropy_Result_Finals/Models/Model_Unsliced_Go_Emotion	../Syntropy_Result_Finals/Models/Model_Unsliced_Go_Emotion	neutral	0.9704306125640869	0.0017233941471204162	0.0008093173964880407	0.0005677256849594414	0.00501863332465291	0.0027924058958888054	0.9704306125640869	0.00047151229227893054	0.011324888095259666	0.001950820442289114	0.0009383371798321605	0.0033540441654622555	0.0006183565710671246
418	surprise	../Syntropy_Result_Finals/Models/Model_Unsliced_Go_Emotion	../Syntropy_Result_Finals/Models/Model_Unsliced_Go_Emotion	neutral	0.9857059717178345	0.0027979786973446608	0.0003641943621914834	0.00017749451217241585	0.005537040065973997	0.0016058209585025907	0.9857059717178345	0.0003683747781906277	0.0014504878781735897	0.0007611027103848755	0.0002984087623190135	0.0005904981517232955	0.0003425953909754753
419	pride	../Syntropy_Result_Finals/Models/Model_Unsliced_Go_Emotion	../Syntropy_Result_Finals/Models/Model_Unsliced_Go_Emotion	joy	0.581920862197876	0.09185457229614258	0.0016173463081941009	0.0007678955444134772	0.581920862197876	0.05524354428052902	0.2558087110519409	0.002384840976446867	0.0038698846474289894	0.001986724091693759	0.0013335556723177433	0.0018232082948088646	0.0013888993998989463
420	neutral	../Syntropy_Result_Finals/Models/Model_Unsliced_Go_Emotion	../Syntropy_Result_Finals/Models/Model_Unsliced_Go_Emotion	neutral	0.590185284614563	0.046372175216674805	0.0009958642767742276	0.00044244894525036216	0.34034091234207153	0.012244243174791336	0.590185284614563	0.0018614494474604726	0.0015975236892700195	0.0018686867551878095	0.0006805253797210753	0.002328580943867564	0.0010823477059602737
421	nervousness	../Syntropy_Result_Finals/Models/Model_Unsliced_Go_Emotion	../Syntropy_Result_Finals/Models/Model_Unsliced_Go_Emotion	joy	0.898093581199646	0.04332339018583298	0.0004894640296697617	0.00032841842039488256	0.898093581199646	0.005757143720984459	0.046585217118263245	0.0014274201821535826	0.0013007987290620804	0.001405953662469983	0.0002673192066140473	0.00042107628541998565	0.0006001990986987948
422	pride	../Syntropy_Result_Finals/Models/Model_Unsliced_Go_Emotion	../Syntropy_Result_Finals/Models/Model_Unsliced_Go_Emotion	joy	0.6615212559700012	0.008431543596088886	0.0023882160894572735	0.0009739717934280634	0.6615212559700012	0.008271215483546257	0.12077297270298004	0.0011766478419303894	0.1878279745578766	0.0036077997647225857	0.0015205580275505781	0.0014623906463384628	0.00204546214081347
423	pride	../Syntropy_Result_Finals/Models/Model_Unsliced_Go_Emotion	../Syntropy_Result_Finals/Models/Model_Unsliced_Go_Emotion	joy	0.9637327790260315	0.01989573985338211	0.0004325651389081031	0.0003257563803344965	0.9637327790260315	0.0031066657975316048	0.006385419052094221	0.0014860567171126604	0.0012467307969927788	0.001584086799994111	0.0003166771784890443	0.000533689686562866	0.0009538917802274227
424	joy	../Syntropy_Result_Finals/Models/Model_Unsliced_Go_Emotion	../Syntropy_Result_Finals/Models/Model_Unsliced_Go_Emotion	joy	0.43756651878356934	0.08622939884662628	0.0035970653407275677	0.001368755241855979	0.43756651878356934	0.2278663069009781	0.19808149337768555	0.013047471642494202	0.018550707027316093	0.003691336838528514	0.004903761204332113	0.0030789170414209366	0.0020183559972792864
425	pride	../Syntropy_Result_Finals/Models/Model_Unsliced_Go_Emotion	../Syntropy_Result_Finals/Models/Model_Unsliced_Go_Emotion	joy	0.7794378995895386	0.0778379961848259	0.0005701806512661278	0.00037542256177403033	0.7794378995895386	0.025733603164553642	0.10839643329381943	0.0017649473156780005	0.0017115268856287003	0.0016291640931740403	0.0005325904348865151	0.0011156544787809253	0.0008947133319452405
426	excitement	../Syntropy_Result_Finals/Models/Model_Unsliced_Go_Emotion	../Syntropy_Result_Finals/Models/Model_Unsliced_Go_Emotion	pride	0.8241474628448486	0.03651973605155945	0.006738203577697277	0.002156758913770318	0.036456577479839325	0.8241474628448486	0.029202397912740707	0.016948997974395752	0.014322152361273766	0.004902231972664595	0.017086589708924294	0.00752695556730032	0.003991922363638878
427	nervousness	../Syntropy_Result_Finals/Models/Model_Unsliced_Go_Emotion	../Syntropy_Result_Finals/Models/Model_Unsliced_Go_Emotion	sadness	0.8060568571090698	0.006163862533867359	0.09800364077091217	0.018505016341805458	0.018849633634090424	0.004422021564096212	0.03313446789979935	0.001613882603123784	0.8060568571090698	0.004659807775169611	0.004559921100735664	0.0013237926177680492	0.002706989413127303
428	joy	../Syntropy_Result_Finals/Models/Model_Unsliced_Go_Emotion	../Syntropy_Result_Finals/Models/Model_Unsliced_Go_Emotion	joy	0.9539012908935547	0.02253154292702675	0.0003219725622329861	0.00023263003095053136	0.9539012908935547	0.0037944114301353693	0.013891988433897495	0.0015367220621556044	0.001107285963371396	0.0014520608820021152	0.00027237983886152506	0.0003852553491014987	0.000572443415876478
429	joy	../Syntropy_Result_Finals/Models/Model_Unsliced_Go_Emotion	../Syntropy_Result_Finals/Models/Model_Unsliced_Go_Emotion	joy	0.9601551294326782	0.012349334545433521	0.00038767571095377207	0.00031694635981693864	0.9601551294326782	0.003987784497439861	0.016567226499319077	0.0006933654076419771	0.0029417122714221478	0.001199415186420083	0.0002694862487260252	0.0004695869283750653	0.000662373669911176
430	excitement	../Syntropy_Result_Finals/Models/Model_Unsliced_Go_Emotion	../Syntropy_Result_Finals/Models/Model_Unsliced_Go_Emotion	neutral	0.9884360432624817	0.0023866668343544006	0.000285154499579221	0.00019904600048903376	0.0025390652008354664	0.0009204448433592916	0.9884360432624817	0.00029175422969274223	0.001504903775639832	0.0007040274795144796	0.00029776032897643745	0.001990127842873335	0.0004448913678061217
431	neutral	../Syntropy_Result_Finals/Models/Model_Unsliced_Go_Emotion	../Syntropy_Result_Finals/Models/Model_Unsliced_Go_Emotion	pride	0.8325236439704895	0.03397930786013603	0.00719871511682868	0.002117304829880595	0.035536009818315506	0.8325236439704895	0.0214040856808424	0.016187218949198723	0.01754184439778328	0.004765028599649668	0.018178418278694153	0.006680186837911606	0.0038883278612047434
432	pride	../Syntropy_Result_Finals/Models/Model_Unsliced_Go_Emotion	../Syntropy_Result_Finals/Models/Model_Unsliced_Go_Emotion	neutral	0.8290990591049194	0.01596662402153015	0.0010692375944927335	0.00043929662206210196	0.1309392899274826	0.00933464802801609	0.8290990591049194	0.0007136215572245419	0.007835675962269306	0.0014692922122776508	0.0007327006314881146	0.0014763600192964077	0.000924338644836098
433	pride	../Syntropy_Result_Finals/Models/Model_Unsliced_Go_Emotion	../Syntropy_Result_Finals/Models/Model_Unsliced_Go_Emotion	excitement	0.454723060131073	0.454723060131073	0.0009613842703402042	0.00046961044427007437	0.399871826171875	0.012629959732294083	0.10935745388269424	0.014250882901251316	0.0013743556337431073	0.002737320028245449	0.0009027343476191163	0.0015020176069810987	0.0012194133596494794
434	joy	../Syntropy_Result_Finals/Models/Model_Unsliced_Go_Emotion	../Syntropy_Result_Finals/Models/Model_Unsliced_Go_Emotion	joy	0.9388622045516968	0.010515926405787468	0.0006198248593136668	0.0005277384188957512	0.9388622045516968	0.007280085235834122	0.027526335790753365	0.000837663421407342	0.010362878441810608	0.0016395444981753826	0.0003964857605751604	0.0006518405862152576	0.0007793810218572617
435	disgust	../Syntropy_Result_Finals/Models/Model_Unsliced_Go_Emotion	../Syntropy_Result_Finals/Models/Model_Unsliced_Go_Emotion	disgust	0.5490224361419678	0.002060383791103959	0.034070104360580444	0.20379357039928436	0.00417349673807621	0.0022287885658442974	0.031393710523843765	0.002016368554905057	0.10631539672613144	0.0028930366970598698	0.03161483630537987	0.030417874455451965	0.5490224361419678
436	nervousness	../Syntropy_Result_Finals/Models/Model_Unsliced_Go_Emotion	../Syntropy_Result_Finals/Models/Model_Unsliced_Go_Emotion	joy	0.8695945143699646	0.03854547441005707	0.00044613287900574505	0.00026068190345540643	0.8695945143699646	0.005066581070423126	0.07892260700464249	0.0017574026715010405	0.0021114107221364975	0.0014939846005290747	0.00034297394449822605	0.0007275855168700218	0.000730617088265717
437	neutral	../Syntropy_Result_Finals/Models/Model_Unsliced_Go_Emotion	../Syntropy_Result_Finals/Models/Model_Unsliced_Go_Emotion	neutral	0.6606793403625488	0.02654142677783966	0.00149667973164469	0.0006573246791958809	0.2901023030281067	0.009425493888556957	0.6606793403625488	0.0015284246765077114	0.0034490455873310566	0.002595973899587989	0.0006982299964874983	0.0017640831647440791	0.0010616632644087076
438	excitement	../Syntropy_Result_Finals/Models/Model_Unsliced_Go_Emotion	../Syntropy_Result_Finals/Models/Model_Unsliced_Go_Emotion	pride	0.722104549407959	0.06266877055168152	0.005659404676407576	0.001984842587262392	0.08790674805641174	0.722104549407959	0.06533286720514297	0.012854062020778656	0.010733171366155148	0.004748119506984949	0.013985724188387394	0.008264445699751377	0.0037572451401501894
439	excitement	../Syntropy_Result_Finals/Models/Model_Unsliced_Go_Emotion	../Syntropy_Result_Finals/Models/Model_Unsliced_Go_Emotion	joy	0.5917031764984131	0.10885234922170639	0.0011635790579020977	0.000566893897484988	0.5917031764984131	0.007811460178345442	0.27310821413993835	0.0038481249939650297	0.002624550135806203	0.001821459154598415	0.0008248744998127222	0.003880857490003109	0.0037943231873214245
440	disgust	../Syntropy_Result_Finals/Models/Model_Unsliced_Go_Emotion	../Syntropy_Result_Finals/Models/Model_Unsliced_Go_Emotion	sadness	0.81895512342453	0.0011469008168205619	0.04827629402279854	0.05144002288579941	0.004288764670491219	0.0016116631450131536	0.03627876937389374	0.0008389153517782688	0.81895512342453	0.0030444543808698654	0.004329105839133263	0.018429875373840332	0.01136003341525793
441	pride	../Syntropy_Result_Finals/Models/Model_Unsliced_Go_Emotion	../Syntropy_Result_Finals/Models/Model_Unsliced_Go_Emotion	joy	0.7844442129135132	0.017413856461644173	0.0034293746575713158	0.0012203161604702473	0.7844442129135132	0.00591692328453064	0.14438164234161377	0.0009970777900889516	0.03265776112675667	0.004936484154313803	0.0018576710717752576	0.0007882417994551361	0.001956421881914139
442	surprise	../Syntropy_Result_Finals/Models/Model_Unsliced_Go_Emotion	../Syntropy_Result_Finals/Models/Model_Unsliced_Go_Emotion	excitement	0.4129112660884857	0.4129112660884857	0.001974872313439846	0.001110516139306128	0.2780395746231079	0.0068715354427695274	0.28579163551330566	0.003419568995013833	0.002112989081069827	0.0028589912690222263	0.0008869289304129779	0.001733858254738152	0.00228830985724926
443	joy	../Syntropy_Result_Finals/Models/Model_Unsliced_Go_Emotion	../Syntropy_Result_Finals/Models/Model_Unsliced_Go_Emotion	joy	0.9207311868667603	0.02669627033174038	0.00041650887578725815	0.0003456632257439196	0.9207311868667603	0.010354594327509403	0.034113891422748566	0.0008599890861660242	0.00321035273373127	0.0012366941664367914	0.0005288508837111294	0.000687221996486187	0.0008186870836652815
444	excitement	../Syntropy_Result_Finals/Models/Model_Unsliced_Go_Emotion	../Syntropy_Result_Finals/Models/Model_Unsliced_Go_Emotion	pride	0.4627748131752014	0.15184980630874634	0.0032122621778398752	0.001119568245485425	0.3106546700000763	0.4627748131752014	0.037728987634181976	0.010474573820829391	0.008143444545567036	0.0030439666006714106	0.0059252106584608555	0.0026774085126817226	0.0023952757474035025
445	neutral	../Syntropy_Result_Finals/Models/Model_Unsliced_Go_Emotion	../Syntropy_Result_Finals/Models/Model_Unsliced_Go_Emotion	joy	0.5271252393722534	0.13096483051776886	0.000938722922001034	0.00048627908108755946	0.5271252393722534	0.0263717919588089	0.30309852957725525	0.002893307479098439	0.0027300319634377956	0.002157262759283185	0.0007639343966729939	0.0015924698673188686	0.0008775565656833351
446	excitement	../Syntropy_Result_Finals/Models/Model_Unsliced_Go_Emotion	../Syntropy_Result_Finals/Models/Model_Unsliced_Go_Emotion	neutral	0.6196562051773071	0.012295442633330822	0.0010155006311833858	0.0005083077121526003	0.3336554169654846	0.006457448471337557	0.6196562051773071	0.0010341075249016285	0.01852482371032238	0.0017245508497580886	0.0009084945195354521	0.001847878796979785	0.0023718886077404022
447	neutral	../Syntropy_Result_Finals/Models/Model_Unsliced_Go_Emotion	../Syntropy_Result_Finals/Models/Model_Unsliced_Go_Emotion	neutral	0.5392628908157349	0.023022493347525597	0.025312179699540138	0.006336477119475603	0.13562564551830292	0.030353475362062454	0.5392628908157349	0.002204247284680605	0.22321178019046783	0.0039656683802604675	0.0036022954154759645	0.004993540234863758	0.00210927939042449
448	joy	../Syntropy_Result_Finals/Models/Model_Unsliced_Go_Emotion	../Syntropy_Result_Finals/Models/Model_Unsliced_Go_Emotion	neutral	0.5421699285507202	0.06552772223949432	0.020538238808512688	0.006234322674572468	0.20707669854164124	0.02738307975232601	0.5421699285507202	0.04137319698929787	0.06680711358785629	0.007820741273462772	0.006559673696756363	0.003746510948985815	0.0047627706080675125
449	joy	../Syntropy_Result_Finals/Models/Model_Unsliced_Go_Emotion	../Syntropy_Result_Finals/Models/Model_Unsliced_Go_Emotion	neutral	0.49772289395332336	0.021723322570323944	0.000783079769462347	0.0003686169220600277	0.46215930581092834	0.00819464772939682	0.49772289395332336	0.0012239665957167745	0.0026496234349906445	0.0021354896016418934	0.0008531741332262754	0.0010957669001072645	0.0010901273926720023
450	joy	../Syntropy_Result_Finals/Models/Model_Unsliced_Go_Emotion	../Syntropy_Result_Finals/Models/Model_Unsliced_Go_Emotion	joy	0.8162554502487183	0.016127534210681915	0.0006936272839084268	0.0004692968213930726	0.8162554502487183	0.01700408384203911	0.1335848867893219	0.001224924111738801	0.009675819426774979	0.002494181040674448	0.0006951660034246743	0.000932876137085259	0.0008421474485658109
451	neutral	../Syntropy_Result_Finals/Models/Model_Unsliced_Go_Emotion	../Syntropy_Result_Finals/Models/Model_Unsliced_Go_Emotion	joy	0.9263216257095337	0.03819651156663895	0.0004919959465041757	0.00038250081706792116	0.9263216257095337	0.003414347069337964	0.025092272087931633	0.0010466765379533172	0.000941919453907758	0.0012138377642259002	0.00030927028274163604	0.0010767383500933647	0.001512265531346202
452	joy	../Syntropy_Result_Finals/Models/Model_Unsliced_Go_Emotion	../Syntropy_Result_Finals/Models/Model_Unsliced_Go_Emotion	neutral	0.6563571095466614	0.03501889854669571	0.0014918759698048234	0.0007077957270666957	0.25460195541381836	0.03454801067709923	0.6563571095466614	0.0024171904660761356	0.005886014085263014	0.0021020632702857256	0.0017436816124245524	0.0032833681907504797	0.0018419960979372263
453	joy	../Syntropy_Result_Finals/Models/Model_Unsliced_Go_Emotion	../Syntropy_Result_Finals/Models/Model_Unsliced_Go_Emotion	joy	0.8593559861183167	0.0831986516714096	0.0004718062118627131	0.0003388448094483465	0.8593559861183167	0.0029906730633229017	0.04775601252913475	0.0012666888069361448	0.000938529206905514	0.0013314971001818776	0.0003376329259481281	0.0008352838340215385	0.0011784249218180776
454	anger	../Syntropy_Result_Finals/Models/Model_Unsliced_Go_Emotion	../Syntropy_Result_Finals/Models/Model_Unsliced_Go_Emotion	nervousness	0.46846500039100647	0.0038967435248196125	0.46846500039100647	0.38509872555732727	0.003406237345188856	0.0022983092349022627	0.039398327469825745	0.0025801972951740026	0.07801231741905212	0.006090822163969278	0.003046496072784066	0.0041258144192397594	0.00358105031773448
455	disgust	../Syntropy_Result_Finals/Models/Model_Unsliced_Go_Emotion	../Syntropy_Result_Finals/Models/Model_Unsliced_Go_Emotion	neutral	0.41676005721092224	0.00163971574511379	0.0019350944785401225	0.0020744968205690384	0.008419671095907688	0.0031760740093886852	0.41676005721092224	0.0014931070618331432	0.07368163764476776	0.002220995258539915	0.022535979747772217	0.12067937105894089	0.3453838527202606
456	surprise	../Syntropy_Result_Finals/Models/Model_Unsliced_Go_Emotion	../Syntropy_Result_Finals/Models/Model_Unsliced_Go_Emotion	joy	0.4899132549762726	0.2544737756252289	0.0011026145657524467	0.0005942370626144111	0.4899132549762726	0.034191761165857315	0.2077169269323349	0.005007680505514145	0.0016155610792338848	0.0019688857719302177	0.000820535293314606	0.0016773899551481009	0.0009173352154903114
457	excitement	../Syntropy_Result_Finals/Models/Model_Unsliced_Go_Emotion	../Syntropy_Result_Finals/Models/Model_Unsliced_Go_Emotion	neutral	0.7522199153900146	0.05369469150900841	0.002817982342094183	0.001162691623903811	0.10926283150911331	0.055403150618076324	0.7522199153900146	0.004299467895179987	0.008959129452705383	0.001965076895430684	0.0031132129952311516	0.004781413823366165	0.0023203932214528322
458	sadness	../Syntropy_Result_Finals/Models/Model_Unsliced_Go_Emotion	../Syntropy_Result_Finals/Models/Model_Unsliced_Go_Emotion	neutral	0.9149199724197388	0.006484944839030504	0.010991008020937443	0.008717729710042477	0.005727331154048443	0.004668083041906357	0.9149199724197388	0.004712614230811596	0.02077154442667961	0.0020814903546124697	0.007261765655130148	0.008456471376121044	0.005206994712352753
459	joy	../Syntropy_Result_Finals/Models/Model_Unsliced_Go_Emotion	../Syntropy_Result_Finals/Models/Model_Unsliced_Go_Emotion	joy	0.8270679712295532	0.02460687793791294	0.0007400137255899608	0.00048304820666089654	0.8270679712295532	0.010227047838270664	0.1250762790441513	0.0006939935265108943	0.007485557813197374	0.0016947444528341293	0.00043517688754945993	0.0007474811282008886	0.0007417589658871293
460	excitement	../Syntropy_Result_Finals/Models/Model_Unsliced_Go_Emotion	../Syntropy_Result_Finals/Models/Model_Unsliced_Go_Emotion	joy	0.9403185248374939	0.03519562631845474	0.0004123469698242843	0.0002841877576429397	0.9403185248374939	0.004079630132764578	0.01400709431618452	0.0016576447524130344	0.0008202755707316101	0.0017020170344039798	0.00025222700787708163	0.0005570821813307703	0.0007132636965252459
461	surprise	../Syntropy_Result_Finals/Models/Model_Unsliced_Go_Emotion	../Syntropy_Result_Finals/Models/Model_Unsliced_Go_Emotion	joy	0.7463334798812866	0.12216083705425262	0.0005488666356541216	0.00034697193768806756	0.7463334798812866	0.006304016336798668	0.11655259132385254	0.00223067170009017	0.0013450292171910405	0.0010629529133439064	0.0004949470749124885	0.0010823853081092238	0.0015372176421806216
462	joy	../Syntropy_Result_Finals/Models/Model_Unsliced_Go_Emotion	../Syntropy_Result_Finals/Models/Model_Unsliced_Go_Emotion	joy	0.7921411395072937	0.059311650693416595	0.00047843626816757023	0.0002668655652087182	0.7921411395072937	0.006505088414996862	0.13421136140823364	0.0018064065370708704	0.0017006151610985398	0.001560349715873599	0.00043276898213662207	0.0006647194386459887	0.0009206888498738408
463	joy	../Syntropy_Result_Finals/Models/Model_Unsliced_Go_Emotion	../Syntropy_Result_Finals/Models/Model_Unsliced_Go_Emotion	joy	0.9574014544487	0.022321097552776337	0.0003988210519310087	0.00027937229606322944	0.9574014544487	0.0031968990806490183	0.01103659812361002	0.0013384227640926838	0.0012350424658507109	0.001374680083245039	0.00028640846721827984	0.00039923866279423237	0.0007320140721276402
464	pride	../Syntropy_Result_Finals/Models/Model_Unsliced_Go_Emotion	../Syntropy_Result_Finals/Models/Model_Unsliced_Go_Emotion	joy	0.940142035484314	0.025968829169869423	0.00038547805161215365	0.00026216331752948463	0.940142035484314	0.0029432724695652723	0.02522142231464386	0.0010239988332614303	0.0012832540087401867	0.0013349649962037802	0.0002183548640459776	0.000533142825588584	0.0006831595674157143
465	excitement	../Syntropy_Result_Finals/Models/Model_Unsliced_Go_Emotion	../Syntropy_Result_Finals/Models/Model_Unsliced_Go_Emotion	fear	0.5069645047187805	0.004457494243979454	0.19304651021957397	0.5069645047187805	0.00435252208262682	0.002977259922772646	0.2061809003353119	0.0033615981228649616	0.06141532585024834	0.005665171891450882	0.003275638446211815	0.0038766958750784397	0.004426419734954834
466	surprise	../Syntropy_Result_Finals/Models/Model_Unsliced_Go_Emotion	../Syntropy_Result_Finals/Models/Model_Unsliced_Go_Emotion	neutral	0.9569628238677979	0.0010202372213825583	0.0024808011949062347	0.0010671645868569613	0.0029269324149936438	0.0014078508829697967	0.9569628238677979	0.0015257857739925385	0.02004757523536682	0.007625434547662735	0.00289415311999619	0.0007981435628607869	0.0012432275107130408
467	surprise	../Syntropy_Result_Finals/Models/Model_Unsliced_Go_Emotion	../Syntropy_Result_Finals/Models/Model_Unsliced_Go_Emotion	joy	0.9249207377433777	0.021635310724377632	0.00047125513083301485	0.00031079238397069275	0.9249207377433777	0.0024387743324041367	0.0435112863779068	0.0012267009587958455	0.0012749450979754329	0.0022048160899430513	0.00033402512781322	0.0007276691612787545	0.000943727616686374
468	joy	../Syntropy_Result_Finals/Models/Model_Unsliced_Go_Emotion	../Syntropy_Result_Finals/Models/Model_Unsliced_Go_Emotion	joy	0.8822031617164612	0.058851152658462524	0.00046828779159113765	0.0002649320231284946	0.8822031617164612	0.004342664498835802	0.04799219220876694	0.0016635953215882182	0.0009611041750758886	0.001392483594827354	0.0003849257482215762	0.0005988994962535799	0.0008766230894252658
469	joy	../Syntropy_Result_Finals/Models/Model_Unsliced_Go_Emotion	../Syntropy_Result_Finals/Models/Model_Unsliced_Go_Emotion	joy	0.8741792440414429	0.033252790570259094	0.0003265869163442403	0.00021480850409716368	0.8741792440414429	0.0038114720955491066	0.08281892538070679	0.0011004253756254911	0.0011603549355641007	0.0014172124210745096	0.00028377960552461445	0.0006580817862413824	0.0007764158071950078
470	surprise	../Syntropy_Result_Finals/Models/Model_Unsliced_Go_Emotion	../Syntropy_Result_Finals/Models/Model_Unsliced_Go_Emotion	neutral	0.8305980563163757	0.0010265444871038198	0.008928637020289898	0.006089541595429182	0.0017718881135806441	0.003458721563220024	0.8305980563163757	0.0013462837086990476	0.09717896580696106	0.004657739773392677	0.030515601858496666	0.0028704821597784758	0.011557633057236671
471	neutral	../Syntropy_Result_Finals/Models/Model_Unsliced_Go_Emotion	../Syntropy_Result_Finals/Models/Model_Unsliced_Go_Emotion	joy	0.817571759223938	0.02886919118463993	0.001064575626514852	0.0006842729053460062	0.817571759223938	0.005388658959418535	0.13888725638389587	0.0010809190571308136	0.0017082394333556294	0.0021699019707739353	0.00037043390329927206	0.0011907834559679031	0.0010141036473214626
472	joy	../Syntropy_Result_Finals/Models/Model_Unsliced_Go_Emotion	../Syntropy_Result_Finals/Models/Model_Unsliced_Go_Emotion	neutral	0.5537197589874268	0.06223715841770172	0.0019245139556005597	0.0007602419937029481	0.3639536201953888	0.00799539964646101	0.5537197589874268	0.0014355832245200872	0.0026984293945133686	0.0017149661434814334	0.000869676296133548	0.0011791044380515814	0.0015115374699234962
473	embarrassment	../Syntropy_Result_Finals/Models/Model_Unsliced_Go_Emotion	../Syntropy_Result_Finals/Models/Model_Unsliced_Go_Emotion	fear	0.6187692284584045	0.0024235660675913095	0.09999198466539383	0.6187692284584045	0.0029216185212135315	0.0017097535310313106	0.015692979097366333	0.0016863569617271423	0.08177974075078964	0.002800557529553771	0.03220042213797569	0.010615615174174309	0.12940818071365356
474	joy	../Syntropy_Result_Finals/Models/Model_Unsliced_Go_Emotion	../Syntropy_Result_Finals/Models/Model_Unsliced_Go_Emotion	joy	0.9581860303878784	0.014771250076591969	0.0003452993114478886	0.00029172305949032307	0.9581860303878784	0.003909175284206867	0.01675567403435707	0.000754302367568016	0.002443926874548197	0.0011927059385925531	0.0002734224544838071	0.00047075451584532857	0.0006057427381165326
475	joy	../Syntropy_Result_Finals/Models/Model_Unsliced_Go_Emotion	../Syntropy_Result_Finals/Models/Model_Unsliced_Go_Emotion	joy	0.5507711172103882	0.31436267495155334	0.0008037033840082586	0.00036096497206017375	0.5507711172103882	0.007848558016121387	0.11621146649122238	0.0045606037601828575	0.0008962787105701864	0.001777013996616006	0.000587468093726784	0.0008822339004836977	0.0009379605180583894
476	joy	../Syntropy_Result_Finals/Models/Model_Unsliced_Go_Emotion	../Syntropy_Result_Finals/Models/Model_Unsliced_Go_Emotion	joy	0.9204487800598145	0.04358644038438797	0.0003218156925868243	0.00020194773969706148	0.9204487800598145	0.0033052079379558563	0.026341069489717484	0.001718468964099884	0.0008605612674728036	0.001601525698788464	0.0002589553769212216	0.0006403692532330751	0.0007147454307414591
477	excitement	../Syntropy_Result_Finals/Models/Model_Unsliced_Go_Emotion	../Syntropy_Result_Finals/Models/Model_Unsliced_Go_Emotion	joy	0.9574646353721619	0.010925253853201866	0.0003655197215266526	0.0002514198422431946	0.9574646353721619	0.0028320930432528257	0.022575652226805687	0.000855698948726058	0.0016383747570216656	0.0013307644985616207	0.00031656515784561634	0.0005475371144711971	0.00089641084196046
478	excitement	../Syntropy_Result_Finals/Models/Model_Unsliced_Go_Emotion	../Syntropy_Result_Finals/Models/Model_Unsliced_Go_Emotion	joy	0.9528168439865112	0.015832651406526566	0.0004676428798120469	0.0002712628338485956	0.9528168439865112	0.0037390918005257845	0.02073439583182335	0.0011962337885051966	0.0012504953192546964	0.001709070522338152	0.0003737870720215142	0.0006562980124726892	0.0009522992768324912
479	neutral	../Syntropy_Result_Finals/Models/Model_Unsliced_Go_Emotion	../Syntropy_Result_Finals/Models/Model_Unsliced_Go_Emotion	joy	0.7422744035720825	0.06584810465574265	0.000792628270573914	0.0003522694460116327	0.7422744035720825	0.02507130056619644	0.15718765556812286	0.0014994406374171376	0.0016951349098235369	0.00152068049646914	0.000780034635681659	0.0015739822993054986	0.0014043611008673906
480	pride	../Syntropy_Result_Finals/Models/Model_Unsliced_Go_Emotion	../Syntropy_Result_Finals/Models/Model_Unsliced_Go_Emotion	joy	0.9190797209739685	0.0252714604139328	0.0003748803574126214	0.00024596770526841283	0.9190797209739685	0.011464564129710197	0.03781452029943466	0.0010246054735034704	0.0018537298310548067	0.001145403366535902	0.00043474588892422616	0.0005812848103232682	0.0007090162253007293
481	joy	../Syntropy_Result_Finals/Models/Model_Unsliced_Go_Emotion	../Syntropy_Result_Finals/Models/Model_Unsliced_Go_Emotion	joy	0.845805287361145	0.047159068286418915	0.0005351452273316681	0.000316826713969931	0.845805287361145	0.01528286375105381	0.08495031297206879	0.0011075393995270133	0.0014495960203930736	0.0010599177330732346	0.000598884595092386	0.0008204406476579607	0.0009141567279584706
482	pride	../Syntropy_Result_Finals/Models/Model_Unsliced_Go_Emotion	../Syntropy_Result_Finals/Models/Model_Unsliced_Go_Emotion	pride	0.8224579691886902	0.0295712910592556	0.007204436231404543	0.0023367921821773052	0.04221178963780403	0.8224579691886902	0.028556425124406815	0.013195229694247246	0.02124495804309845	0.00507903378456831	0.01655947044491768	0.00776203628629446	0.003820650279521942
483	neutral	../Syntropy_Result_Finals/Models/Model_Unsliced_Go_Emotion	../Syntropy_Result_Finals/Models/Model_Unsliced_Go_Emotion	joy	0.9349082112312317	0.020107675343751907	0.0004350544768385589	0.000302653934340924	0.9349082112312317	0.003281953511759639	0.035260606557130814	0.001105551142245531	0.0009468829375691712	0.00170943234115839	0.00036060248385183513	0.0006508798687718809	0.0009304771083407104
484	pride	../Syntropy_Result_Finals/Models/Model_Unsliced_Go_Emotion	../Syntropy_Result_Finals/Models/Model_Unsliced_Go_Emotion	joy	0.8286798000335693	0.03394421562552452	0.0006341500557027757	0.00047764458577148616	0.8286798000335693	0.04878599941730499	0.07516718655824661	0.0023919567465782166	0.004222328308969736	0.0022190569434314966	0.0011276343138888478	0.001279097399674356	0.0010709092020988464
485	surprise	../Syntropy_Result_Finals/Models/Model_Unsliced_Go_Emotion	../Syntropy_Result_Finals/Models/Model_Unsliced_Go_Emotion	joy	0.41005071997642517	0.20672744512557983	0.0010944379027932882	0.00046452830429188907	0.41005071997642517	0.012383660301566124	0.35145509243011475	0.008496745489537716	0.0022656291257590055	0.0021122435573488474	0.001125166192650795	0.0023022338282316923	0.0015220741042867303
486	pride	../Syntropy_Result_Finals/Models/Model_Unsliced_Go_Emotion	../Syntropy_Result_Finals/Models/Model_Unsliced_Go_Emotion	joy	0.9215177893638611	0.028178177773952484	0.00032924412516877055	0.0002674520656000823	0.9215177893638611	0.003120132489129901	0.04087634012103081	0.001224322011694312	0.0011732649290934205	0.0014999090926721692	0.0002270080876769498	0.0006998145836405456	0.0008865175186656415
487	pride	../Syntropy_Result_Finals/Models/Model_Unsliced_Go_Emotion	../Syntropy_Result_Finals/Models/Model_Unsliced_Go_Emotion	joy	0.9382559657096863	0.011531535536050797	0.001031391555443406	0.0003574386646505445	0.9382559657096863	0.008302099071443081	0.026307204738259315	0.0010666507296264172	0.008932418189942837	0.002008431823924184	0.000864337373059243	0.0004359789891168475	0.0009065493359230459
488	nervousness	../Syntropy_Result_Finals/Models/Model_Unsliced_Go_Emotion	../Syntropy_Result_Finals/Models/Model_Unsliced_Go_Emotion	nervousness	0.840763509273529	0.05293931066989899	0.840763509273529	0.04354230687022209	0.007714820560067892	0.009504398331046104	0.006604126654565334	0.008180412463843822	0.007465382572263479	0.008796454407274723	0.011135981418192387	0.0017854906618595123	0.0015677278861403465
489	neutral	../Syntropy_Result_Finals/Models/Model_Unsliced_Go_Emotion	../Syntropy_Result_Finals/Models/Model_Unsliced_Go_Emotion	joy	0.6603216528892517	0.08447548002004623	0.0010702068684622645	0.0004778585280291736	0.6603216528892517	0.019325846806168556	0.22339102625846863	0.00372866028919816	0.002337905578315258	0.001733450684696436	0.0010078756604343653	0.0010235145455226302	0.0011065865401178598
490	nervousness	../Syntropy_Result_Finals/Models/Model_Unsliced_Go_Emotion	../Syntropy_Result_Finals/Models/Model_Unsliced_Go_Emotion	neutral	0.5374011993408203	0.005656609311699867	0.05695364251732826	0.029217446222901344	0.008645640686154366	0.004978225100785494	0.5374011993408203	0.0031693626660853624	0.33552008867263794	0.011495482176542282	0.002956424141302705	0.001753547927364707	0.0022523882798850536
491	pride	../Syntropy_Result_Finals/Models/Model_Unsliced_Go_Emotion	../Syntropy_Result_Finals/Models/Model_Unsliced_Go_Emotion	sadness	0.7989532351493835	0.0018279176438227296	0.0030625583603978157	0.002276228042319417	0.0344395786523819	0.004235746804624796	0.1458503007888794	0.0006362181156873703	0.7989532351493835	0.0029340311884880066	0.0011605812469497323	0.0029227249324321747	0.0017009687144309282
492	joy	../Syntropy_Result_Finals/Models/Model_Unsliced_Go_Emotion	../Syntropy_Result_Finals/Models/Model_Unsliced_Go_Emotion	joy	0.9479840993881226	0.026914583519101143	0.0003584516525734216	0.000284067151369527	0.9479840993881226	0.00263556488789618	0.016547849401831627	0.0013251315103843808	0.0010078767081722617	0.0014643633039668202	0.00026711562532000244	0.00042792188469320536	0.0007829871610738337
493	joy	../Syntropy_Result_Finals/Models/Model_Unsliced_Go_Emotion	../Syntropy_Result_Finals/Models/Model_Unsliced_Go_Emotion	joy	0.9173568487167358	0.0339096263051033	0.00031509381369687617	0.00020350096747279167	0.9173568487167358	0.003212456591427326	0.039259396493434906	0.0015697648050263524	0.001210391172207892	0.001562155899591744	0.0002536277170293033	0.0005196534912101924	0.0006275652558542788
494	joy	../Syntropy_Result_Finals/Models/Model_Unsliced_Go_Emotion	../Syntropy_Result_Finals/Models/Model_Unsliced_Go_Emotion	joy	0.9539766907691956	0.020995846018195152	0.00031024657073430717	0.00024218780163209885	0.9539766907691956	0.0032292199321091175	0.015611282549798489	0.0014252981636673212	0.0009786891750991344	0.001627697958610952	0.00030172913102433085	0.0005081005510874093	0.0007930368883535266
495	joy	../Syntropy_Result_Finals/Models/Model_Unsliced_Go_Emotion	../Syntropy_Result_Finals/Models/Model_Unsliced_Go_Emotion	joy	0.9193731546401978	0.04852835088968277	0.00046047268551774323	0.0002907237794715911	0.9193731546401978	0.0027402217965573072	0.022944899275898933	0.0013474185252562165	0.0010241336422041059	0.001596304471604526	0.0002886426809709519	0.0005608357605524361	0.0008448007865808904
496	joy	../Syntropy_Result_Finals/Models/Model_Unsliced_Go_Emotion	../Syntropy_Result_Finals/Models/Model_Unsliced_Go_Emotion	joy	0.9338247179985046	0.03930230438709259	0.00040251866448670626	0.0002652690454851836	0.9338247179985046	0.005763579159975052	0.014993371441960335	0.0016967352712526917	0.0013107291888445616	0.0011425591073930264	0.0002945695596281439	0.0003856659459415823	0.0006179615738801658
497	joy	../Syntropy_Result_Finals/Models/Model_Unsliced_Go_Emotion	../Syntropy_Result_Finals/Models/Model_Unsliced_Go_Emotion	joy	0.6667493581771851	0.04639304429292679	0.0009971115505322814	0.0005630788509733975	0.6667493581771851	0.04585466906428337	0.22194688022136688	0.0030015180818736553	0.007363674696534872	0.0025988088455051184	0.001698314561508596	0.001503213308751583	0.001330290688201785
498	disgust	../Syntropy_Result_Finals/Models/Model_Unsliced_Go_Emotion	../Syntropy_Result_Finals/Models/Model_Unsliced_Go_Emotion	sadness	0.9078375697135925	0.000592955737374723	0.01891268976032734	0.00764118367806077	0.0029223987367004156	0.0010009011020883918	0.052236370742321014	0.0004759215225931257	0.9078375697135925	0.0024587856605648994	0.0025644677225500345	0.0010559405200183392	0.002300797263160348
499	joy	../Syntropy_Result_Finals/Models/Model_Unsliced_Go_Emotion	../Syntropy_Result_Finals/Models/Model_Unsliced_Go_Emotion	neutral	0.3884817361831665	0.24644754827022552	0.0008688497473485768	0.0004451182030607015	0.33420395851135254	0.012112191878259182	0.3884817361831665	0.009365563280880451	0.0011011019814759493	0.0026068775914609432	0.0008961116545833647	0.001849259133450687	0.0016216197982430458
500	pride	../Syntropy_Result_Finals/Models/Model_Unsliced_Go_Emotion	../Syntropy_Result_Finals/Models/Model_Unsliced_Go_Emotion	neutral	0.6474119424819946	0.06910566240549088	0.006217549089342356	0.0015807494055479765	0.1732967346906662	0.04785681515932083	0.6474119424819946	0.01799624040722847	0.02391381375491619	0.004504899028688669	0.004205670207738876	0.0016529285348951817	0.0022570565342903137
501	joy	../Syntropy_Result_Finals/Models/Model_Unsliced_Go_Emotion	../Syntropy_Result_Finals/Models/Model_Unsliced_Go_Emotion	joy	0.9186267256736755	0.045591820031404495	0.000378853059373796	0.00023469394363928586	0.9186267256736755	0.0036133918911218643	0.026493936777114868	0.001338376197963953	0.000888079172000289	0.0012316989013925195	0.00024785168352536857	0.0005943336873315275	0.0007603011326864362
502	pride	../Syntropy_Result_Finals/Models/Model_Unsliced_Go_Emotion	../Syntropy_Result_Finals/Models/Model_Unsliced_Go_Emotion	neutral	0.5487583875656128	0.20481134951114655	0.0015656951582059264	0.0009656266192905605	0.18707303702831268	0.03859962522983551	0.5487583875656128	0.007247454486787319	0.003257893258705735	0.0018651499412953854	0.001440508058294654	0.0030225373338907957	0.0013926583342254162
503	neutral	../Syntropy_Result_Finals/Models/Model_Unsliced_Go_Emotion	../Syntropy_Result_Finals/Models/Model_Unsliced_Go_Emotion	joy	0.669192373752594	0.02432483248412609	0.00047536470810882747	0.00037791102658957243	0.669192373752594	0.005786818452179432	0.29128095507621765	0.0009337537339888513	0.003412994323298335	0.00146509800106287	0.00046748548629693687	0.0010474533773958683	0.0012349969474598765
504	pride	../Syntropy_Result_Finals/Models/Model_Unsliced_Go_Emotion	../Syntropy_Result_Finals/Models/Model_Unsliced_Go_Emotion	neutral	0.820525050163269	0.03494272753596306	0.019279979169368744	0.0029791342094540596	0.06721386313438416	0.013419107533991337	0.820525050163269	0.004916394595056772	0.02346087619662285	0.004519221838563681	0.003992890007793903	0.001489853486418724	0.0032608353067189455
505	pride	../Syntropy_Result_Finals/Models/Model_Unsliced_Go_Emotion	../Syntropy_Result_Finals/Models/Model_Unsliced_Go_Emotion	pride	0.30735382437705994	0.1267765313386917	0.23262597620487213	0.0625201091170311	0.04240768402814865	0.30735382437705994	0.044673435389995575	0.03478369116783142	0.09372961521148682	0.007861442863941193	0.0374036468565464	0.005775004159659147	0.00408916687592864
506	neutral	../Syntropy_Result_Finals/Models/Model_Unsliced_Go_Emotion	../Syntropy_Result_Finals/Models/Model_Unsliced_Go_Emotion	excitement	0.9240228533744812	0.9240228533744812	0.002118657110258937	0.0011562048457562923	0.039878930896520615	0.0041616507805883884	0.0218405369669199	0.002584134927019477	0.0006487057544291019	0.001455599209293723	0.0004471990396268666	0.0011896449141204357	0.0004960204241797328
507	fear	../Syntropy_Result_Finals/Models/Model_Unsliced_Go_Emotion	../Syntropy_Result_Finals/Models/Model_Unsliced_Go_Emotion	sadness	0.9536846280097961	0.00035718223080039024	0.010377262718975544	0.00652208412066102	0.0016034642467275262	0.0006819748086854815	0.012607521377503872	0.0005311587592586875	0.9536846280097961	0.0023806062527000904	0.006815401837229729	0.0009729235898703337	0.003465888323262334
508	sadness	../Syntropy_Result_Finals/Models/Model_Unsliced_Go_Emotion	../Syntropy_Result_Finals/Models/Model_Unsliced_Go_Emotion	joy	0.8288668990135193	0.12878406047821045	0.001110693090595305	0.0004759208532050252	0.8288668990135193	0.005551768466830254	0.025662897154688835	0.0029088614974170923	0.0026569743640720844	0.0016932582948356867	0.0005644449847750366	0.0005661564064212143	0.0011581366416066885
509	pride	../Syntropy_Result_Finals/Models/Model_Unsliced_Go_Emotion	../Syntropy_Result_Finals/Models/Model_Unsliced_Go_Emotion	neutral	0.5692532062530518	0.03942441940307617	0.002504421630874276	0.0010530216386541724	0.34774452447891235	0.022571589797735214	0.5692532062530518	0.0013895983574911952	0.009779633022844791	0.002070601098239422	0.0012714032782241702	0.0016563116805627942	0.0012812529457733035
510	surprise	../Syntropy_Result_Finals/Models/Model_Unsliced_Go_Emotion	../Syntropy_Result_Finals/Models/Model_Unsliced_Go_Emotion	joy	0.9288652539253235	0.03008474037051201	0.00033755245385691524	0.00023921970569062978	0.9288652539253235	0.0028742733411490917	0.03221680223941803	0.001270912354812026	0.0008883311529643834	0.0017099003307521343	0.0002590178628452122	0.0005435756756924093	0.0007104785763658583
511	nervousness	../Syntropy_Result_Finals/Models/Model_Unsliced_Go_Emotion	../Syntropy_Result_Finals/Models/Model_Unsliced_Go_Emotion	neutral	0.4719320833683014	0.0056000626645982265	0.037405651062726974	0.020276637747883797	0.010969342663884163	0.004407145082950592	0.4719320833683014	0.003654003608971834	0.16821619868278503	0.025274954736232758	0.03431046009063721	0.13837605714797974	0.07957737892866135
512	anger	../Syntropy_Result_Finals/Models/Model_Unsliced_Go_Emotion	../Syntropy_Result_Finals/Models/Model_Unsliced_Go_Emotion	anger	0.5032406449317932	0.010962209664285183	0.01069195382297039	0.005238300655037165	0.042405419051647186	0.00779408123344183	0.2927846312522888	0.004772243555635214	0.07787732779979706	0.015175331383943558	0.009594961069524288	0.5032406449317932	0.01946296915411949
513	pride	../Syntropy_Result_Finals/Models/Model_Unsliced_Go_Emotion	../Syntropy_Result_Finals/Models/Model_Unsliced_Go_Emotion	neutral	0.8458371162414551	0.01293994951993227	0.0028021871112287045	0.0015603749779984355	0.054584894329309464	0.029938777908682823	0.8458371162414551	0.0018098499858751893	0.03696014732122421	0.0030110133811831474	0.0026583278086036444	0.006246174219995737	0.001651256112381816
514	neutral	../Syntropy_Result_Finals/Models/Model_Unsliced_Go_Emotion	../Syntropy_Result_Finals/Models/Model_Unsliced_Go_Emotion	joy	0.8283239603042603	0.047309935092926025	0.0009861901635304093	0.0005954255466349423	0.8283239603042603	0.005508584901690483	0.1092330664396286	0.0015575033612549305	0.002622817410156131	0.0016458313912153244	0.0004076603800058365	0.0007737986743450165	0.0010352719109505415
515	pride	../Syntropy_Result_Finals/Models/Model_Unsliced_Go_Emotion	../Syntropy_Result_Finals/Models/Model_Unsliced_Go_Emotion	joy	0.9639914631843567	0.015893928706645966	0.0010536308400332928	0.0006270390585996211	0.9639914631843567	0.005539828911423683	0.004512516316026449	0.0015977087896317244	0.001811871537938714	0.002856364008039236	0.0005186014459468424	0.0006569082615897059	0.0009402493014931679
516	excitement	../Syntropy_Result_Finals/Models/Model_Unsliced_Go_Emotion	../Syntropy_Result_Finals/Models/Model_Unsliced_Go_Emotion	neutral	0.7168408036231995	0.008643806912004948	0.0019964086823165417	0.0013149615842849016	0.18586347997188568	0.022056641057133675	0.7168408036231995	0.0015540722524747252	0.048396896570920944	0.005451112519949675	0.0022122012451291084	0.0038748367223888636	0.0017947939923033118
517	joy	../Syntropy_Result_Finals/Models/Model_Unsliced_Go_Emotion	../Syntropy_Result_Finals/Models/Model_Unsliced_Go_Emotion	disgust	0.4297668933868408	0.00042242996278218925	0.004502418916672468	0.03524336218833923	0.0017026810673996806	0.001112244906835258	0.3336451053619385	0.001004272373393178	0.07839136570692062	0.003980538807809353	0.021799178794026375	0.0884295105934143	0.4297668933868408
518	pride	../Syntropy_Result_Finals/Models/Model_Unsliced_Go_Emotion	../Syntropy_Result_Finals/Models/Model_Unsliced_Go_Emotion	joy	0.8110373616218567	0.02023185044527054	0.0004363587941043079	0.0003468488866928965	0.8110373616218567	0.010703997686505318	0.14859645068645477	0.0006446754559874535	0.0031956173479557037	0.0014766044914722443	0.0005617406568489969	0.0015013981610536575	0.0012670838041231036
519	joy	../Syntropy_Result_Finals/Models/Model_Unsliced_Go_Emotion	../Syntropy_Result_Finals/Models/Model_Unsliced_Go_Emotion	neutral	0.9437466859817505	0.012400572188198566	0.0007332046516239643	0.0004859105101786554	0.029443472623825073	0.0042451852932572365	0.9437466859817505	0.0007012202404439449	0.0029259640723466873	0.0009646767284721136	0.0007845808286219835	0.0022416221909224987	0.0013269841438159347
520	neutral	../Syntropy_Result_Finals/Models/Model_Unsliced_Go_Emotion	../Syntropy_Result_Finals/Models/Model_Unsliced_Go_Emotion	neutral	0.920369565486908	0.007692940998822451	0.001605481025762856	0.00114790431689471	0.01853318139910698	0.011804057285189629	0.920369565486908	0.0010737297125160694	0.022034062072634697	0.0032914066687226295	0.0011968318140134215	0.010218537412583828	0.0010323890019208193
521	neutral	../Syntropy_Result_Finals/Models/Model_Unsliced_Go_Emotion	../Syntropy_Result_Finals/Models/Model_Unsliced_Go_Emotion	joy	0.9256863594055176	0.006966971792280674	0.0004993180627934635	0.00043489952804520726	0.9256863594055176	0.0062784659676253796	0.04610550403594971	0.0007361603202298284	0.008766569197177887	0.0018777423538267612	0.0005876375362277031	0.001035642228089273	0.001024693832732737
522	pride	../Syntropy_Result_Finals/Models/Model_Unsliced_Go_Emotion	../Syntropy_Result_Finals/Models/Model_Unsliced_Go_Emotion	joy	0.4759416878223419	0.011218373663723469	0.0029542369302362204	0.0022275636438280344	0.4759416878223419	0.021059120073914528	0.17844079434871674	0.0012845838209614158	0.29079529643058777	0.006219562143087387	0.0019897976890206337	0.005126676056534052	0.0027421878185123205
523	neutral	../Syntropy_Result_Finals/Models/Model_Unsliced_Go_Emotion	../Syntropy_Result_Finals/Models/Model_Unsliced_Go_Emotion	excitement	0.8961191177368164	0.8961191177368164	0.0014959399122744799	0.0006794812506996095	0.08286464959383011	0.003789976006373763	0.008637218736112118	0.003314486239105463	0.0005064010620117188	0.0010769456857815385	0.00039774953620508313	0.0006970324320718646	0.00042101385770365596
524	nervousness	../Syntropy_Result_Finals/Models/Model_Unsliced_Go_Emotion	../Syntropy_Result_Finals/Models/Model_Unsliced_Go_Emotion	nervousness	0.6643353700637817	0.09563363343477249	0.6643353700637817	0.10211300849914551	0.01401137001812458	0.009261833503842354	0.05586547404527664	0.006199738942086697	0.02196531929075718	0.012380902655422688	0.010925768874585629	0.003299538977444172	0.0040080854669213295
525	nervousness	../Syntropy_Result_Finals/Models/Model_Unsliced_Go_Emotion	../Syntropy_Result_Finals/Models/Model_Unsliced_Go_Emotion	sadness	0.8643180131912231	0.0011273386189714074	0.04989044740796089	0.025920690968632698	0.0038958832155913115	0.001503125298768282	0.03995569422841072	0.0006108599482104182	0.8643180131912231	0.003647350473329425	0.002235020976513624	0.0029201433062553406	0.003975511994212866
526	excitement	../Syntropy_Result_Finals/Models/Model_Unsliced_Go_Emotion	../Syntropy_Result_Finals/Models/Model_Unsliced_Go_Emotion	joy	0.6841959953308105	0.06805200129747391	0.0011202479945495725	0.00042987026972696185	0.6841959953308105	0.00972079113125801	0.22856993973255157	0.0017101424746215343	0.001644412986934185	0.0016973462188616395	0.0006408085464499891	0.0012555727735161781	0.0009628890547901392
527	nervousness	../Syntropy_Result_Finals/Models/Model_Unsliced_Go_Emotion	../Syntropy_Result_Finals/Models/Model_Unsliced_Go_Emotion	sadness	0.44205379486083984	0.0055979108437895775	0.02717975154519081	0.015728868544101715	0.021777605637907982	0.007424776908010244	0.25598040223121643	0.0014249521773308516	0.44205379486083984	0.012162288650870323	0.010075196623802185	0.17704878747463226	0.02354566380381584
528	neutral	../Syntropy_Result_Finals/Models/Model_Unsliced_Go_Emotion	../Syntropy_Result_Finals/Models/Model_Unsliced_Go_Emotion	joy	0.9406144618988037	0.024728136137127876	0.0003670798323582858	0.00028850234230048954	0.9406144618988037	0.004110060632228851	0.02494833990931511	0.0006954839918762445	0.0015615809243172407	0.001227314816787839	0.00025928401737473905	0.0005234645213931799	0.0006764173158444464
529	surprise	../Syntropy_Result_Finals/Models/Model_Unsliced_Go_Emotion	../Syntropy_Result_Finals/Models/Model_Unsliced_Go_Emotion	neutral	0.8921233415603638	0.011075395159423351	0.0025191488675773144	0.002282902132719755	0.03475548326969147	0.012752321548759937	0.8921233415603638	0.0019133525202050805	0.02766118384897709	0.0059868874959647655	0.001040646922774613	0.0068390402011573315	0.0010502701625227928
530	neutral	../Syntropy_Result_Finals/Models/Model_Unsliced_Go_Emotion	../Syntropy_Result_Finals/Models/Model_Unsliced_Go_Emotion	joy	0.9486077427864075	0.01043359749019146	0.0003105351934209466	0.0002835442719515413	0.9486077427864075	0.005067938938736916	0.028593752533197403	0.0006327904411591589	0.0029593845829367638	0.0015345568535849452	0.00026086519937962294	0.0006637059850618243	0.0006515655550174415
531	joy	../Syntropy_Result_Finals/Models/Model_Unsliced_Go_Emotion	../Syntropy_Result_Finals/Models/Model_Unsliced_Go_Emotion	joy	0.8928327560424805	0.015814414247870445	0.0003616644535213709	0.00023379590129479766	0.8928327560424805	0.003992185462266207	0.0789809376001358	0.0008396633784286678	0.0036042111460119486	0.0014173637609928846	0.0003586703387554735	0.000599183957092464	0.0009652335429564118
532	joy	../Syntropy_Result_Finals/Models/Model_Unsliced_Go_Emotion	../Syntropy_Result_Finals/Models/Model_Unsliced_Go_Emotion	joy	0.9618509411811829	0.01288482453674078	0.0004187564190942794	0.0002338173071620986	0.9618509411811829	0.0028637871146202087	0.015551865100860596	0.0011032478651031852	0.002085581421852112	0.0013520047068595886	0.00028335314709693193	0.0005409096484072506	0.0008308039396069944
533	excitement	../Syntropy_Result_Finals/Models/Model_Unsliced_Go_Emotion	../Syntropy_Result_Finals/Models/Model_Unsliced_Go_Emotion	fear	0.278555691242218	0.01735580526292324	0.06494873017072678	0.278555691242218	0.04759981483221054	0.006573278456926346	0.07710256427526474	0.0060885255225002766	0.07060882449150085	0.01268239039927721	0.009045174345374107	0.1318388730287552	0.27760040760040283
534	surprise	../Syntropy_Result_Finals/Models/Model_Unsliced_Go_Emotion	../Syntropy_Result_Finals/Models/Model_Unsliced_Go_Emotion	excitement	0.9465761780738831	0.9465761780738831	0.002204021206125617	0.0012027811026200652	0.022416086867451668	0.004700889810919762	0.013754668645560741	0.005799528677016497	0.0005114550585858524	0.001234588329680264	0.00037730782059952617	0.0008974629454314709	0.00032493725302629173
535	pride	../Syntropy_Result_Finals/Models/Model_Unsliced_Go_Emotion	../Syntropy_Result_Finals/Models/Model_Unsliced_Go_Emotion	excitement	0.6140780448913574	0.6140780448913574	0.009711002930998802	0.004049509298056364	0.16358143091201782	0.014864636585116386	0.16760991513729095	0.007294867653399706	0.008144674822688103	0.003873297944664955	0.000918725912924856	0.004214003216475248	0.0016599748050794005
536	excitement	../Syntropy_Result_Finals/Models/Model_Unsliced_Go_Emotion	../Syntropy_Result_Finals/Models/Model_Unsliced_Go_Emotion	excitement	0.9465202689170837	0.9465202689170837	0.0016334314132109284	0.0008112140349112451	0.0331147238612175	0.004484114702790976	0.006731241475790739	0.003988121170550585	0.00046990052214823663	0.0008891109027899802	0.00035640745772980154	0.00067014095839113	0.000331311923218891
537	neutral	../Syntropy_Result_Finals/Models/Model_Unsliced_Go_Emotion	../Syntropy_Result_Finals/Models/Model_Unsliced_Go_Emotion	joy	0.47900253534317017	0.02097485214471817	0.003250368870794773	0.0012277772184461355	0.47900253534317017	0.016545766964554787	0.4500058889389038	0.001335283974185586	0.020371029153466225	0.0028007524088025093	0.0015255325706675649	0.0015870073111727834	0.0013732517836615443
538	excitement	../Syntropy_Result_Finals/Models/Model_Unsliced_Go_Emotion	../Syntropy_Result_Finals/Models/Model_Unsliced_Go_Emotion	joy	0.5003488659858704	0.01746048592031002	0.007958109490573406	0.0017306352965533733	0.5003488659858704	0.018056057393550873	0.27362510561943054	0.001984210452064872	0.1648702621459961	0.004056710284203291	0.0047570508904755116	0.0020952264312654734	0.0030572719406336546
539	excitement	../Syntropy_Result_Finals/Models/Model_Unsliced_Go_Emotion	../Syntropy_Result_Finals/Models/Model_Unsliced_Go_Emotion	neutral	0.8423423767089844	0.007375309243798256	0.004312773235142231	0.0029978062957525253	0.04824519157409668	0.00822363793849945	0.8423423767089844	0.0030762196984142065	0.07157060503959656	0.0036284164525568485	0.002469069557264447	0.003780119586735964	0.0019785058684647083
540	nervousness	../Syntropy_Result_Finals/Models/Model_Unsliced_Go_Emotion	../Syntropy_Result_Finals/Models/Model_Unsliced_Go_Emotion	fear	0.5315596461296082	0.006222703959792852	0.29134586453437805	0.5315596461296082	0.007705790922045708	0.002866873750463128	0.06739597022533417	0.004352729767560959	0.06438806653022766	0.005861859302967787	0.003927693702280521	0.004531994927674532	0.009840861894190311
541	excitement	../Syntropy_Result_Finals/Models/Model_Unsliced_Go_Emotion	../Syntropy_Result_Finals/Models/Model_Unsliced_Go_Emotion	excitement	0.943952739238739	0.943952739238739	0.0017610189970582724	0.001071764389052987	0.02697030082345009	0.0035022394731640816	0.012526599690318108	0.0070837209932506084	0.0003574955917429179	0.0014232844114303589	0.0003238007193431258	0.0006880272994749248	0.00033913415973074734
542	neutral	../Syntropy_Result_Finals/Models/Model_Unsliced_Go_Emotion	../Syntropy_Result_Finals/Models/Model_Unsliced_Go_Emotion	neutral	0.7089518308639526	0.016571925953030586	0.0013047812972217798	0.0005540491547435522	0.25199246406555176	0.005541455931961536	0.7089518308639526	0.0013949678977951407	0.005841097794473171	0.001764344866387546	0.0014892426552250981	0.0017842140514403582	0.002809553872793913
543	pride	../Syntropy_Result_Finals/Models/Model_Unsliced_Go_Emotion	../Syntropy_Result_Finals/Models/Model_Unsliced_Go_Emotion	neutral	0.7098427414894104	0.12309538573026657	0.002403391757979989	0.0012389967450872064	0.10593719780445099	0.02385830692946911	0.7098427414894104	0.01751949079334736	0.0047627342864871025	0.0027411170303821564	0.0022263997234404087	0.0037318174727261066	0.0026423283852636814
544	pride	../Syntropy_Result_Finals/Models/Model_Unsliced_Go_Emotion	../Syntropy_Result_Finals/Models/Model_Unsliced_Go_Emotion	joy	0.9254565238952637	0.0228155218064785	0.0008365585817955434	0.0004989877343177795	0.9254565238952637	0.00861907098442316	0.030593570321798325	0.0017100919503718615	0.006354362238198519	0.0014624205650761724	0.0006405011517927051	0.0004056692705489695	0.0006066671339794993
545	neutral	../Syntropy_Result_Finals/Models/Model_Unsliced_Go_Emotion	../Syntropy_Result_Finals/Models/Model_Unsliced_Go_Emotion	joy	0.8983372449874878	0.011606432497501373	0.0006539361202158034	0.00043101186747662723	0.8983372449874878	0.0043287198059260845	0.0777965784072876	0.0008698496385477483	0.002060774713754654	0.0018815685762092471	0.0004816876898985356	0.0006380978738889098	0.000914073025342077
546	surprise	../Syntropy_Result_Finals/Models/Model_Unsliced_Go_Emotion	../Syntropy_Result_Finals/Models/Model_Unsliced_Go_Emotion	neutral	0.844378650188446	0.00753657054156065	0.004260331392288208	0.002184184966608882	0.04400010406970978	0.014861674048006535	0.844378650188446	0.001290766871534288	0.06856610625982285	0.005251999478787184	0.0022517794277518988	0.003958472050726414	0.0014594036620110273
547	pride	../Syntropy_Result_Finals/Models/Model_Unsliced_Go_Emotion	../Syntropy_Result_Finals/Models/Model_Unsliced_Go_Emotion	pride	0.7506124973297119	0.07765263319015503	0.004907108377665281	0.0016427852679044008	0.0836329236626625	0.7506124973297119	0.03533994033932686	0.014646951109170914	0.00898629892617464	0.0036833069752901793	0.010352402925491333	0.005315649323165417	0.003227605251595378
548	neutral	../Syntropy_Result_Finals/Models/Model_Unsliced_Go_Emotion	../Syntropy_Result_Finals/Models/Model_Unsliced_Go_Emotion	neutral	0.9692996144294739	0.002375674666836858	0.0009527494548819959	0.00038185479934327304	0.01304355263710022	0.0028386192861944437	0.9692996144294739	0.00032252390519715846	0.007498662453144789	0.0010817961301654577	0.0008525779121555388	0.0008139899000525475	0.0005383126554079354
549	embarrassment	../Syntropy_Result_Finals/Models/Model_Unsliced_Go_Emotion	../Syntropy_Result_Finals/Models/Model_Unsliced_Go_Emotion	embarrassment	0.9480652213096619	0.0022188739385455847	0.012364814057946205	0.004386542364954948	0.0016305785393342376	0.00525234779343009	0.005716297775506973	0.0033095020335167646	0.006186134181916714	0.0034315469674766064	0.9480652213096619	0.0018929532961919904	0.005545191001147032
550	sadness	../Syntropy_Result_Finals/Models/Model_Unsliced_Go_Emotion	../Syntropy_Result_Finals/Models/Model_Unsliced_Go_Emotion	neutral	0.6539865136146545	0.00188430433627218	0.004484889097511768	0.003919534385204315	0.004151263274252415	0.004450256936252117	0.6539865136146545	0.0008928096503950655	0.27174854278564453	0.003930370789021254	0.006928157526999712	0.03602023422718048	0.007603177335113287
551	excitement	../Syntropy_Result_Finals/Models/Model_Unsliced_Go_Emotion	../Syntropy_Result_Finals/Models/Model_Unsliced_Go_Emotion	sadness	0.7826595902442932	0.0005690433899872005	0.016725068911910057	0.04000652953982353	0.0034585234243422747	0.0013669603504240513	0.05111820995807648	0.0005537670804187655	0.7826595902442932	0.0021786231081932783	0.014597940258681774	0.009751943871378899	0.07701375335454941
552	surprise	../Syntropy_Result_Finals/Models/Model_Unsliced_Go_Emotion	../Syntropy_Result_Finals/Models/Model_Unsliced_Go_Emotion	excitement	0.8340067267417908	0.8340067267417908	0.00238422816619277	0.0011439197696745396	0.10825606435537338	0.0052077495492994785	0.039655715227127075	0.0053665549494326115	0.0007643687422387302	0.0014297675807029009	0.0005347424885258079	0.0006513999542221427	0.0005987606709823012
553	joy	../Syntropy_Result_Finals/Models/Model_Unsliced_Go_Emotion	../Syntropy_Result_Finals/Models/Model_Unsliced_Go_Emotion	excitement	0.49312931299209595	0.49312931299209595	0.0010820974130183458	0.0005451284232549369	0.3642367720603943	0.014552092179656029	0.110011987388134	0.009835035540163517	0.0010511227883398533	0.0018564456840977073	0.0006943772314116359	0.0016217125812545419	0.0013838177546858788
554	excitement	../Syntropy_Result_Finals/Models/Model_Unsliced_Go_Emotion	../Syntropy_Result_Finals/Models/Model_Unsliced_Go_Emotion	pride	0.6240198016166687	0.08390890061855316	0.004446279723197222	0.0016181385144591331	0.20024506747722626	0.6240198016166687	0.04386705532670021	0.009218825027346611	0.013504842296242714	0.003964328207075596	0.006818109657615423	0.005626711528748274	0.002761951880529523
555	excitement	../Syntropy_Result_Finals/Models/Model_Unsliced_Go_Emotion	../Syntropy_Result_Finals/Models/Model_Unsliced_Go_Emotion	joy	0.6733027100563049	0.1115390732884407	0.000951286347117275	0.0006685795378871262	0.6733027100563049	0.033268481492996216	0.16823066771030426	0.003087591379880905	0.0030093956738710403	0.0020964026916772127	0.0007144717965275049	0.0020051428582519293	0.0011261431500315666
556	joy	../Syntropy_Result_Finals/Models/Model_Unsliced_Go_Emotion	../Syntropy_Result_Finals/Models/Model_Unsliced_Go_Emotion	joy	0.938338577747345	0.013338781893253326	0.00040293653728440404	0.0003373107756488025	0.938338577747345	0.0055653415620327	0.03393687680363655	0.0007229506736621261	0.004056538455188274	0.0016530468128621578	0.00031114526791498065	0.0006332187331281602	0.0007033252040855587
557	joy	../Syntropy_Result_Finals/Models/Model_Unsliced_Go_Emotion	../Syntropy_Result_Finals/Models/Model_Unsliced_Go_Emotion	confusion	0.9445827603340149	0.0006777659291401505	0.002128038788214326	0.002143335761502385	0.0009121924522332847	0.0005252549890428782	0.03396869823336601	0.002089541405439377	0.004336103331297636	0.9445827603340149	0.0018435724778100848	0.005328977946192026	0.0014637495623901486
558	neutral	../Syntropy_Result_Finals/Models/Model_Unsliced_Go_Emotion	../Syntropy_Result_Finals/Models/Model_Unsliced_Go_Emotion	joy	0.9527593851089478	0.0220965389162302	0.00035845045931637287	0.00026875760522671044	0.9527593851089478	0.006001773755997419	0.013859746046364307	0.000897530117072165	0.0010608409065753222	0.0011829356662929058	0.00027295685140416026	0.0005299762706272304	0.0007111408631317317
559	fear	../Syntropy_Result_Finals/Models/Model_Unsliced_Go_Emotion	../Syntropy_Result_Finals/Models/Model_Unsliced_Go_Emotion	neutral	0.8704462051391602	0.0011386568658053875	0.0019580242224037647	0.0014464040286839008	0.002094077644869685	0.002047198126092553	0.8704462051391602	0.000455138593679294	0.057460445910692215	0.0015924636973068118	0.005060735624283552	0.044067155569791794	0.01223362609744072
560	neutral	../Syntropy_Result_Finals/Models/Model_Unsliced_Go_Emotion	../Syntropy_Result_Finals/Models/Model_Unsliced_Go_Emotion	joy	0.6898962259292603	0.012691599316895008	0.0025977545883506536	0.0010879089822992682	0.6898962259292603	0.012908193282783031	0.19199523329734802	0.0010444024810567498	0.07680253684520721	0.0029595906380563974	0.002122500678524375	0.0027987498324364424	0.003095383523032069
561	joy	../Syntropy_Result_Finals/Models/Model_Unsliced_Go_Emotion	../Syntropy_Result_Finals/Models/Model_Unsliced_Go_Emotion	neutral	0.3741038739681244	0.007820725440979004	0.004688912536948919	0.0032765930518507957	0.2311234176158905	0.010725097730755806	0.3741038739681244	0.00076627655653283	0.35626527667045593	0.0051494440995156765	0.001503648585639894	0.0025523146614432335	0.0020244766492396593
562	neutral	../Syntropy_Result_Finals/Models/Model_Unsliced_Go_Emotion	../Syntropy_Result_Finals/Models/Model_Unsliced_Go_Emotion	joy	0.8919958472251892	0.019126366823911667	0.0007470592390745878	0.00043926876969635487	0.8919958472251892	0.009489856660366058	0.07077792286872864	0.0011651163222268224	0.002787215169519186	0.0018264278769493103	0.0004512159212026745	0.0005538866971619427	0.0006398091791197658
563	neutral	../Syntropy_Result_Finals/Models/Model_Unsliced_Go_Emotion	../Syntropy_Result_Finals/Models/Model_Unsliced_Go_Emotion	joy	0.9456525444984436	0.018529200926423073	0.0004910813295282423	0.0003048764483537525	0.9456525444984436	0.003945103380829096	0.02458929643034935	0.001054444583132863	0.002979569137096405	0.0011132200015708804	0.00035373083665035665	0.0003491982351988554	0.000637770805042237
564	joy	../Syntropy_Result_Finals/Models/Model_Unsliced_Go_Emotion	../Syntropy_Result_Finals/Models/Model_Unsliced_Go_Emotion	joy	0.9690647721290588	0.008621829561889172	0.00044370474643073976	0.00030746051925234497	0.9690647721290588	0.003087226301431656	0.011081596836447716	0.0010605445131659508	0.0024632581043988466	0.0017443102551624179	0.00037764786975458264	0.0006952243857085705	0.0010524202371016145
565	neutral	../Syntropy_Result_Finals/Models/Model_Unsliced_Go_Emotion	../Syntropy_Result_Finals/Models/Model_Unsliced_Go_Emotion	joy	0.5358169674873352	0.015044224448502064	0.009574608877301216	0.0019688857719302177	0.5358169674873352	0.021164029836654663	0.1625290811061859	0.0014345768140628934	0.22139354050159454	0.003790326416492462	0.011347781866788864	0.005059852730482817	0.01087613869458437
566	joy	../Syntropy_Result_Finals/Models/Model_Unsliced_Go_Emotion	../Syntropy_Result_Finals/Models/Model_Unsliced_Go_Emotion	neutral	0.541231095790863	0.15346388518810272	0.0022919485345482826	0.001014480832964182	0.27115947008132935	0.005975653417408466	0.541231095790863	0.00855443999171257	0.003407273907214403	0.005340702831745148	0.002485171426087618	0.0015006789471954107	0.0035752456169575453
567	excitement	../Syntropy_Result_Finals/Models/Model_Unsliced_Go_Emotion	../Syntropy_Result_Finals/Models/Model_Unsliced_Go_Emotion	joy	0.7228841185569763	0.19645889103412628	0.0016892477869987488	0.0006181088974699378	0.7228841185569763	0.017366601154208183	0.05173914507031441	0.0033827093429863453	0.0025166478008031845	0.0015925639308989048	0.0004590202879626304	0.0006074312841519713	0.0006856087129563093
568	fear	../Syntropy_Result_Finals/Models/Model_Unsliced_Go_Emotion	../Syntropy_Result_Finals/Models/Model_Unsliced_Go_Emotion	anger	0.576404333114624	0.004635881166905165	0.028637215495109558	0.017345372587442398	0.015142912045121193	0.003994687460362911	0.16062119603157043	0.00231003575026989	0.14006055891513824	0.02020152658224106	0.006842882838100195	0.576404333114624	0.023803425952792168
569	joy	../Syntropy_Result_Finals/Models/Model_Unsliced_Go_Emotion	../Syntropy_Result_Finals/Models/Model_Unsliced_Go_Emotion	neutral	0.9526152610778809	0.007097082212567329	0.0018061455339193344	0.0007879456388764083	0.022009922191500664	0.0034263620618730783	0.9526152610778809	0.001136869192123413	0.005626295693218708	0.002443235833197832	0.0010244437726214528	0.0009822545107454062	0.0010441610356792808
570	pride	../Syntropy_Result_Finals/Models/Model_Unsliced_Go_Emotion	../Syntropy_Result_Finals/Models/Model_Unsliced_Go_Emotion	neutral	0.9823908805847168	0.0009969547390937805	0.0013597267679870129	0.0009638964547775686	0.0011600323487073183	0.0015587761299684644	0.9823908805847168	0.0004502092197071761	0.007042299024760723	0.0008277524029836059	0.0013445655349642038	0.0011493634665384889	0.0007556970813311636
571	excitement	../Syntropy_Result_Finals/Models/Model_Unsliced_Go_Emotion	../Syntropy_Result_Finals/Models/Model_Unsliced_Go_Emotion	joy	0.8141950964927673	0.1401798129081726	0.0006797667592763901	0.00038618710823357105	0.8141950964927673	0.005799528677016497	0.032989129424095154	0.0017499786335974932	0.0011064920108765364	0.0012720467057079077	0.0002463550481479615	0.0007409194367937744	0.0006546081276610494
572	excitement	../Syntropy_Result_Finals/Models/Model_Unsliced_Go_Emotion	../Syntropy_Result_Finals/Models/Model_Unsliced_Go_Emotion	joy	0.8419218063354492	0.0622146837413311	0.0005877731600776315	0.00027198114548809826	0.8419218063354492	0.010013164021074772	0.07855014503002167	0.0018429193878546357	0.0014730150578543544	0.0012304491829127073	0.0004882358480244875	0.0006829090998508036	0.000722923781722784
573	neutral	../Syntropy_Result_Finals/Models/Model_Unsliced_Go_Emotion	../Syntropy_Result_Finals/Models/Model_Unsliced_Go_Emotion	neutral	0.6509442925453186	0.020453423261642456	0.001234443043358624	0.0007000892655923963	0.2976321280002594	0.016532637178897858	0.6509442925453186	0.002011761534959078	0.0039435382932424545	0.0026848362758755684	0.0008353766170330346	0.0020502929110080004	0.000977063667960465
574	joy	../Syntropy_Result_Finals/Models/Model_Unsliced_Go_Emotion	../Syntropy_Result_Finals/Models/Model_Unsliced_Go_Emotion	nervousness	0.7505733966827393	0.008958587422966957	0.7505733966827393	0.10938332974910736	0.006680951453745365	0.0047342609614133835	0.04103606939315796	0.0039901831187307835	0.059035103768110275	0.006329763680696487	0.004483730066567659	0.0023540924303233624	0.002440448384732008
575	excitement	../Syntropy_Result_Finals/Models/Model_Unsliced_Go_Emotion	../Syntropy_Result_Finals/Models/Model_Unsliced_Go_Emotion	joy	0.9154965281486511	0.05341222509741783	0.000654250499792397	0.00033943861490115523	0.9154965281486511	0.006187930703163147	0.018509645015001297	0.0011022503022104502	0.0016025585355237126	0.0009741157409735024	0.0003029184590559453	0.0006157152238301933	0.000802374619524926
576	neutral	../Syntropy_Result_Finals/Models/Model_Unsliced_Go_Emotion	../Syntropy_Result_Finals/Models/Model_Unsliced_Go_Emotion	joy	0.9443421363830566	0.005888843908905983	0.0010882389033213258	0.0006177494069561362	0.9443421363830566	0.012119500897824764	0.01999508962035179	0.0013561155647039413	0.008922955021262169	0.002664912259206176	0.0010297822300344706	0.0006972006522119045	0.0012775346403941512
577	pride	../Syntropy_Result_Finals/Models/Model_Unsliced_Go_Emotion	../Syntropy_Result_Finals/Models/Model_Unsliced_Go_Emotion	joy	0.9533421993255615	0.01614409126341343	0.00028564006788656116	0.00026289085508324206	0.9533421993255615	0.006137378513813019	0.018817385658621788	0.0009386889287270606	0.00169192417524755	0.0010726540349423885	0.00027700740611180663	0.0004648170433938503	0.0005652257823385298
578	joy	../Syntropy_Result_Finals/Models/Model_Unsliced_Go_Emotion	../Syntropy_Result_Finals/Models/Model_Unsliced_Go_Emotion	joy	0.9278580546379089	0.053842488676309586	0.00038306997157633305	0.00026147242169827223	0.9278580546379089	0.002935058204457164	0.009302681311964989	0.0016955528408288956	0.0010380782186985016	0.001405954360961914	0.00022551167057827115	0.0004490328428801149	0.0006030520889908075
579	nervousness	../Syntropy_Result_Finals/Models/Model_Unsliced_Go_Emotion	../Syntropy_Result_Finals/Models/Model_Unsliced_Go_Emotion	sadness	0.780976414680481	0.0024241693317890167	0.045147016644477844	0.025829555466771126	0.008220717310905457	0.002271725796163082	0.03606005385518074	0.0023777340538799763	0.780976414680481	0.08006138354539871	0.004697441589087248	0.004614780656993389	0.007319079712033272
580	neutral	../Syntropy_Result_Finals/Models/Model_Unsliced_Go_Emotion	../Syntropy_Result_Finals/Models/Model_Unsliced_Go_Emotion	joy	0.9648495316505432	0.008952847681939602	0.000324579537846148	0.00029612239450216293	0.9648495316505432	0.0034593844320625067	0.014989981427788734	0.000665835861582309	0.003430761629715562	0.001502334256656468	0.0002466021105647087	0.0006021676235832274	0.0006798607646487653
581	excitement	../Syntropy_Result_Finals/Models/Model_Unsliced_Go_Emotion	../Syntropy_Result_Finals/Models/Model_Unsliced_Go_Emotion	neutral	0.551546037197113	0.020019302144646645	0.005468952469527721	0.0024635917507112026	0.19170063734054565	0.045865606516599655	0.551546037197113	0.0019788567442446947	0.16312819719314575	0.007081721443682909	0.003185753710567951	0.005584873259067535	0.0019763936288654804
582	joy	../Syntropy_Result_Finals/Models/Model_Unsliced_Go_Emotion	../Syntropy_Result_Finals/Models/Model_Unsliced_Go_Emotion	joy	0.7401208281517029	0.02085946500301361	0.00037331326166167855	0.00023458294162992388	0.7401208281517029	0.00447044475004077	0.22660398483276367	0.0008479660609737039	0.0021391594782471657	0.0018554615089669824	0.00033571128733456135	0.001272941124625504	0.0008861536625772715
583	sadness	../Syntropy_Result_Finals/Models/Model_Unsliced_Go_Emotion	../Syntropy_Result_Finals/Models/Model_Unsliced_Go_Emotion	sadness	0.9682019948959351	0.0002285388472955674	0.004320615436881781	0.0036372824106365442	0.0014544205041602254	0.0005170840886421502	0.01614118181169033	0.0003184039087500423	0.9682019948959351	0.0010118894279003143	0.001024041324853897	0.0008512532222084701	0.0022934800945222378
584	anger	../Syntropy_Result_Finals/Models/Model_Unsliced_Go_Emotion	../Syntropy_Result_Finals/Models/Model_Unsliced_Go_Emotion	sadness	0.8751153945922852	0.0004252703511156142	0.003697518492117524	0.0023803384974598885	0.002703079953789711	0.001128962030634284	0.10639646649360657	0.00028288172325119376	0.8751153945922852	0.001333357417024672	0.0016170209273695946	0.0025346451438963413	0.002385158324614167
585	excitement	../Syntropy_Result_Finals/Models/Model_Unsliced_Go_Emotion	../Syntropy_Result_Finals/Models/Model_Unsliced_Go_Emotion	excitement	0.928852915763855	0.928852915763855	0.0022582849487662315	0.0009724834817461669	0.0497722327709198	0.004844361450523138	0.0070106773637235165	0.002626586938276887	0.0007017982425168157	0.0008554239757359028	0.00047940705553628504	0.0011147760087624192	0.0005111000500619411
586	neutral	../Syntropy_Result_Finals/Models/Model_Unsliced_Go_Emotion	../Syntropy_Result_Finals/Models/Model_Unsliced_Go_Emotion	neutral	0.49891453981399536	0.013792354613542557	0.0013744905591011047	0.0006663777166977525	0.4647696912288666	0.008690006099641323	0.49891453981399536	0.0006605625967495143	0.004460264928638935	0.002952808979898691	0.0008369056740775704	0.001651550643146038	0.0012304515112191439
587	pride	../Syntropy_Result_Finals/Models/Model_Unsliced_Go_Emotion	../Syntropy_Result_Finals/Models/Model_Unsliced_Go_Emotion	neutral	0.6736564636230469	0.004112813156098127	0.010255708359181881	0.005144724156707525	0.019614318385720253	0.010446486063301563	0.6736564636230469	0.0009941097814589739	0.26300862431526184	0.003672393737360835	0.004213032312691212	0.0027080466970801353	0.0021733397152274847
588	excitement	../Syntropy_Result_Finals/Models/Model_Unsliced_Go_Emotion	../Syntropy_Result_Finals/Models/Model_Unsliced_Go_Emotion	joy	0.9021295309066772	0.010477676056325436	0.0006641774089075625	0.0004056491598021239	0.9021295309066772	0.009395715780556202	0.059793516993522644	0.0007964699761942029	0.010920211672782898	0.001893099513836205	0.0006617930484935641	0.0017859665676951408	0.0010762157617136836
589	pride	../Syntropy_Result_Finals/Models/Model_Unsliced_Go_Emotion	../Syntropy_Result_Finals/Models/Model_Unsliced_Go_Emotion	neutral	0.7066497206687927	0.15298642218112946	0.00214862497523427	0.001073026447556913	0.11323287338018417	0.00482193985953927	0.7066497206687927	0.01053351629525423	0.0015930394874885678	0.003404702991247177	0.0011269903043285012	0.0008167776977643371	0.0016123634995892644
590	anger	../Syntropy_Result_Finals/Models/Model_Unsliced_Go_Emotion	../Syntropy_Result_Finals/Models/Model_Unsliced_Go_Emotion	fear	0.7819011807441711	0.002440486568957567	0.09658023715019226	0.7819011807441711	0.0026516686193645	0.0015258360654115677	0.018029214814305305	0.0023648831993341446	0.06407061964273453	0.0017493971390649676	0.003908213693648577	0.006548909470438957	0.018229328095912933
591	joy	../Syntropy_Result_Finals/Models/Model_Unsliced_Go_Emotion	../Syntropy_Result_Finals/Models/Model_Unsliced_Go_Emotion	neutral	0.6844399571418762	0.001913901069201529	0.0395253524184227	0.02146136946976185	0.0035735720302909613	0.003906827419996262	0.6844399571418762	0.004190804436802864	0.20656602084636688	0.006157311610877514	0.020147472620010376	0.001823120517656207	0.0062942421063780785
592	surprise	../Syntropy_Result_Finals/Models/Model_Unsliced_Go_Emotion	../Syntropy_Result_Finals/Models/Model_Unsliced_Go_Emotion	surprise	0.6254249215126038	0.05844123288989067	0.03029635362327099	0.15077538788318634	0.01396462693810463	0.0037628121208399534	0.02126476727426052	0.6254249215126038	0.006117305718362331	0.01457637082785368	0.021444153040647507	0.004462707322090864	0.04946932569146156
593	joy	../Syntropy_Result_Finals/Models/Model_Unsliced_Go_Emotion	../Syntropy_Result_Finals/Models/Model_Unsliced_Go_Emotion	neutral	0.63846355676651	0.0158944521099329	0.0013365809572860599	0.0005519877886399627	0.30418020486831665	0.02226511389017105	0.63846355676651	0.0021362535189837217	0.00701637240126729	0.0033259105402976274	0.0018044780008494854	0.0016088483389467	0.001416211947798729
594	joy	../Syntropy_Result_Finals/Models/Model_Unsliced_Go_Emotion	../Syntropy_Result_Finals/Models/Model_Unsliced_Go_Emotion	joy	0.8089531064033508	0.016831859946250916	0.00053023686632514	0.0002970999921672046	0.8089531064033508	0.009490309283137321	0.1560826152563095	0.0011572274379432201	0.0028954478912055492	0.0017926977016031742	0.0004614829085767269	0.0008331143762916327	0.0006748464656993747
595	joy	../Syntropy_Result_Finals/Models/Model_Unsliced_Go_Emotion	../Syntropy_Result_Finals/Models/Model_Unsliced_Go_Emotion	joy	0.8887430429458618	0.04720750451087952	0.0004296313563827425	0.0002603695902507752	0.8887430429458618	0.012324604205787182	0.04506158083677292	0.002069370122626424	0.0010520042851567268	0.0012562028132379055	0.000401442579459399	0.000513319973833859	0.0006809645565226674
596	neutral	../Syntropy_Result_Finals/Models/Model_Unsliced_Go_Emotion	../Syntropy_Result_Finals/Models/Model_Unsliced_Go_Emotion	joy	0.49355947971343994	0.01270902156829834	0.0010161463869735599	0.0005510886549018323	0.49355947971343994	0.010304311290383339	0.4698264002799988	0.0009186580427922308	0.004923907108604908	0.0026829473208636045	0.0008454693015664816	0.0015438059344887733	0.0011188066564500332
597	surprise	../Syntropy_Result_Finals/Models/Model_Unsliced_Go_Emotion	../Syntropy_Result_Finals/Models/Model_Unsliced_Go_Emotion	sadness	0.7082533836364746	0.0016917362809181213	0.021131593734025955	0.008212822489440441	0.006705082021653652	0.002904628636315465	0.2343519628047943	0.0008650808013044298	0.7082533836364746	0.00358268478885293	0.005616295151412487	0.0030602198094129562	0.003624421777203679
598	joy	../Syntropy_Result_Finals/Models/Model_Unsliced_Go_Emotion	../Syntropy_Result_Finals/Models/Model_Unsliced_Go_Emotion	joy	0.9681140780448914	0.010835875757038593	0.000495848769787699	0.0003685624396894127	0.9681140780448914	0.0028604352846741676	0.010218790732324123	0.001234876224771142	0.001495465636253357	0.002001038519665599	0.0003611591528169811	0.0007920244825072587	0.0012219215277582407
599	joy	../Syntropy_Result_Finals/Models/Model_Unsliced_Go_Emotion	../Syntropy_Result_Finals/Models/Model_Unsliced_Go_Emotion	anger	0.4774572551250458	0.013181338086724281	0.014112100936472416	0.0048092990182340145	0.07133328169584274	0.009788940660655499	0.14596548676490784	0.0029739609453827143	0.16442254185676575	0.013480772264301777	0.01927448809146881	0.4774572551250458	0.06320057064294815
600	pride	../Syntropy_Result_Finals/Models/Model_Unsliced_Go_Emotion	../Syntropy_Result_Finals/Models/Model_Unsliced_Go_Emotion	pride	0.7942056059837341	0.055956318974494934	0.005140041001141071	0.001651356928050518	0.07171283662319183	0.7942056059837341	0.024642273783683777	0.012661676853895187	0.00916023924946785	0.003760846331715584	0.012347479350864887	0.005217092111706734	0.0035441750660538673
601	neutral	../Syntropy_Result_Finals/Models/Model_Unsliced_Go_Emotion	../Syntropy_Result_Finals/Models/Model_Unsliced_Go_Emotion	joy	0.6310835480690002	0.02423972822725773	0.001411197241395712	0.0005513443611562252	0.6310835480690002	0.018658002838492393	0.31152844429016113	0.0019096556352451444	0.0041927131824195385	0.002577373990789056	0.0012427843175828457	0.001292262226343155	0.0013129422441124916
602	pride	../Syntropy_Result_Finals/Models/Model_Unsliced_Go_Emotion	../Syntropy_Result_Finals/Models/Model_Unsliced_Go_Emotion	pride	0.43307843804359436	0.05814334377646446	0.0030113293323665857	0.001334795611910522	0.40025457739830017	0.43307843804359436	0.06465884298086166	0.007013191469013691	0.01519120205193758	0.004443897400051355	0.006474039051681757	0.0037714436184614897	0.002624900545924902
603	excitement	../Syntropy_Result_Finals/Models/Model_Unsliced_Go_Emotion	../Syntropy_Result_Finals/Models/Model_Unsliced_Go_Emotion	neutral	0.8430051207542419	0.030284011736512184	0.0071721309795975685	0.001863522338680923	0.06684560328722	0.01090481411665678	0.8430051207542419	0.0031276624649763107	0.02536631003022194	0.003228091401979327	0.00396173307672143	0.002097343560308218	0.002143753692507744
604	joy	../Syntropy_Result_Finals/Models/Model_Unsliced_Go_Emotion	../Syntropy_Result_Finals/Models/Model_Unsliced_Go_Emotion	neutral	0.8817840814590454	0.009180975146591663	0.004818400368094444	0.001970648765563965	0.055979907512664795	0.004408917389810085	0.8817840814590454	0.0014248740626499057	0.02585008181631565	0.002220062306150794	0.0035309805534780025	0.0021764084231108427	0.006654536817222834
605	neutral	../Syntropy_Result_Finals/Models/Model_Unsliced_Go_Emotion	../Syntropy_Result_Finals/Models/Model_Unsliced_Go_Emotion	joy	0.9482385516166687	0.02404358983039856	0.0004239864647388458	0.0002615617122501135	0.9482385516166687	0.003265420673415065	0.018367908895015717	0.0009559845202602446	0.0018042706651613116	0.0012646025279536843	0.0002571649383753538	0.00045625786879099905	0.0006606634124182165
606	pride	../Syntropy_Result_Finals/Models/Model_Unsliced_Go_Emotion	../Syntropy_Result_Finals/Models/Model_Unsliced_Go_Emotion	pride	0.5916796922683716	0.0698772594332695	0.004149793181568384	0.001417299616150558	0.1816311776638031	0.5916796922683716	0.10587511211633682	0.011332877911627293	0.009325341321527958	0.004361677914857864	0.011021331883966923	0.0058532957918941975	0.0034751291386783123
607	pride	../Syntropy_Result_Finals/Models/Model_Unsliced_Go_Emotion	../Syntropy_Result_Finals/Models/Model_Unsliced_Go_Emotion	neutral	0.667836606502533	0.0338740237057209	0.001340345828793943	0.00045508737093769014	0.27622681856155396	0.010049445554614067	0.667836606502533	0.0015095012495294213	0.0030479724518954754	0.0012710681185126305	0.001270393724553287	0.001612575026229024	0.0015061435988172889
608	joy	../Syntropy_Result_Finals/Models/Model_Unsliced_Go_Emotion	../Syntropy_Result_Finals/Models/Model_Unsliced_Go_Emotion	neutral	0.816590428352356	0.027680778875947	0.0012607323005795479	0.0005199429579079151	0.1362253576517105	0.0054238829761743546	0.816590428352356	0.0012640984496101737	0.004574540536850691	0.0016162515385076404	0.0016976287588477135	0.0012126286746934056	0.001933729276061058
609	pride	../Syntropy_Result_Finals/Models/Model_Unsliced_Go_Emotion	../Syntropy_Result_Finals/Models/Model_Unsliced_Go_Emotion	joy	0.8146997690200806	0.09916085004806519	0.001072544022463262	0.00045792025048285723	0.8146997690200806	0.03420991078019142	0.04096319526433945	0.0025952449068427086	0.003163265995681286	0.0013927373802289367	0.0007870414410717785	0.0007442840724252164	0.000753251020796597
610	neutral	../Syntropy_Result_Finals/Models/Model_Unsliced_Go_Emotion	../Syntropy_Result_Finals/Models/Model_Unsliced_Go_Emotion	neutral	0.8277270197868347	0.021496156230568886	0.035085584968328476	0.007544167339801788	0.030591025948524475	0.008428850211203098	0.8277270197868347	0.016784893348813057	0.02558380365371704	0.012576144188642502	0.010350468568503857	0.0013481659116223454	0.002483781659975648
611	joy	../Syntropy_Result_Finals/Models/Model_Unsliced_Go_Emotion	../Syntropy_Result_Finals/Models/Model_Unsliced_Go_Emotion	neutral	0.569584846496582	0.14530788362026215	0.0016070795245468616	0.0008046758593991399	0.2664802372455597	0.005476710852235556	0.569584846496582	0.002596299396827817	0.00163079088088125	0.0020146549213677645	0.0009155177976936102	0.001477090991102159	0.002104136161506176
612	joy	../Syntropy_Result_Finals/Models/Model_Unsliced_Go_Emotion	../Syntropy_Result_Finals/Models/Model_Unsliced_Go_Emotion	joy	0.9452080726623535	0.025876713916659355	0.00040514327702112496	0.00026043938123621047	0.9452080726623535	0.00305111613124609	0.019837573170661926	0.0010084814857691526	0.0016125064576044679	0.0013886080123484135	0.0002298825274920091	0.0004637720121536404	0.0006576805608347058
613	neutral	../Syntropy_Result_Finals/Models/Model_Unsliced_Go_Emotion	../Syntropy_Result_Finals/Models/Model_Unsliced_Go_Emotion	neutral	0.3324120342731476	0.010466345585882664	0.29983654618263245	0.18135316669940948	0.015385126695036888	0.007856028154492378	0.3324120342731476	0.005484888330101967	0.13001231849193573	0.0067371889017522335	0.0035258287098258734	0.003352336585521698	0.003578104078769684
614	excitement	../Syntropy_Result_Finals/Models/Model_Unsliced_Go_Emotion	../Syntropy_Result_Finals/Models/Model_Unsliced_Go_Emotion	excitement	0.9385868906974792	0.9385868906974792	0.0019139813957735896	0.0011488418094813824	0.025993505492806435	0.0038157145027071238	0.019144432619214058	0.005649549886584282	0.000554717960767448	0.001464074244722724	0.00040635812911204994	0.000930815702304244	0.00039113120874390006
615	pride	../Syntropy_Result_Finals/Models/Model_Unsliced_Go_Emotion	../Syntropy_Result_Finals/Models/Model_Unsliced_Go_Emotion	neutral	0.6629815697669983	0.003207887290045619	0.008963976055383682	0.002650110051035881	0.0203744787722826	0.0048005967400968075	0.6629815697669983	0.0009374311193823814	0.28135281801223755	0.0031382422894239426	0.005682102404534817	0.0027682690415531397	0.003142530797049403
616	pride	../Syntropy_Result_Finals/Models/Model_Unsliced_Go_Emotion	../Syntropy_Result_Finals/Models/Model_Unsliced_Go_Emotion	neutral	0.6955088973045349	0.04229923337697983	0.0006546483491547406	0.00029902864480391145	0.24582332372665405	0.004533522762358189	0.6955088973045349	0.0020091338083148003	0.0025141709484159946	0.0017209895886480808	0.0008278380846604705	0.0017421133816242218	0.0020669836085289717
617	surprise	../Syntropy_Result_Finals/Models/Model_Unsliced_Go_Emotion	../Syntropy_Result_Finals/Models/Model_Unsliced_Go_Emotion	neutral	0.5147754549980164	0.1533348709344864	0.013194656930863857	0.005166611634194851	0.04956107586622238	0.00568993529304862	0.5147754549980164	0.029734477400779724	0.004803003743290901	0.21974453330039978	0.001674503437243402	0.001271710149012506	0.0010492174187675118
618	joy	../Syntropy_Result_Finals/Models/Model_Unsliced_Go_Emotion	../Syntropy_Result_Finals/Models/Model_Unsliced_Go_Emotion	neutral	0.6083465218544006	0.05868905037641525	0.0011217767605558038	0.000688008323777467	0.3020724356174469	0.015390099957585335	0.6083465218544006	0.0042146965861320496	0.004184544552117586	0.0021823786664754152	0.0008352324366569519	0.0012130229733884335	0.0010622718837112188
619	surprise	../Syntropy_Result_Finals/Models/Model_Unsliced_Go_Emotion	../Syntropy_Result_Finals/Models/Model_Unsliced_Go_Emotion	neutral	0.9686558246612549	0.0005068269674666226	0.0015076022827997804	0.0017320304177701473	0.0007644875440746546	0.0007907181279733777	0.9686558246612549	0.000255785183981061	0.020267043262720108	0.0009550500544719398	0.0010572796454653144	0.0021005403250455856	0.0014067691517993808
620	excitement	../Syntropy_Result_Finals/Models/Model_Unsliced_Go_Emotion	../Syntropy_Result_Finals/Models/Model_Unsliced_Go_Emotion	excitement	0.7302637696266174	0.7302637696266174	0.001270502107217908	0.0006065925117582083	0.24585099518299103	0.003953264094889164	0.010819952003657818	0.0035391475539654493	0.0007458379841409624	0.001414336496964097	0.00033623981289565563	0.0006656700861640275	0.000533734739292413
621	neutral	../Syntropy_Result_Finals/Models/Model_Unsliced_Go_Emotion	../Syntropy_Result_Finals/Models/Model_Unsliced_Go_Emotion	joy	0.918828010559082	0.023222628980875015	0.0007867513922974467	0.00047759836888872087	0.918828010559082	0.003905097022652626	0.04538745433092117	0.0013253754004836082	0.0013498499756678939	0.002243351424112916	0.0004563157563097775	0.0008622515597380698	0.0011552558280527592
622	joy	../Syntropy_Result_Finals/Models/Model_Unsliced_Go_Emotion	../Syntropy_Result_Finals/Models/Model_Unsliced_Go_Emotion	joy	0.9730521440505981	0.006489547900855541	0.0005482506239786744	0.0003196284524165094	0.9730521440505981	0.0034349504858255386	0.00722538772970438	0.0011125057935714722	0.0038249047938734293	0.001681951223872602	0.0005309802363626659	0.0006449791835620999	0.0011346887331455946
623	disgust	../Syntropy_Result_Finals/Models/Model_Unsliced_Go_Emotion	../Syntropy_Result_Finals/Models/Model_Unsliced_Go_Emotion	disgust	0.8808572292327881	0.0010376431746408343	0.0009103417978622019	0.005693241022527218	0.002060077153146267	0.0007540570804849267	0.07432444393634796	0.002826876938343048	0.003663690062239766	0.0022355709224939346	0.009398148395121098	0.01623869128525257	0.8808572292327881
624	nervousness	../Syntropy_Result_Finals/Models/Model_Unsliced_Go_Emotion	../Syntropy_Result_Finals/Models/Model_Unsliced_Go_Emotion	neutral	0.9809499979019165	0.0054305000230669975	0.0009075492853298783	0.0005340350908227265	0.0038991449400782585	0.0021075131371617317	0.9809499979019165	0.00041373964631929994	0.0023156381212174892	0.001177748665213585	0.00037232483737170696	0.0015068174107000232	0.00038482958916574717
625	excitement	../Syntropy_Result_Finals/Models/Model_Unsliced_Go_Emotion	../Syntropy_Result_Finals/Models/Model_Unsliced_Go_Emotion	joy	0.9470261335372925	0.02915114350616932	0.000308800779748708	0.0002510537451598793	0.9470261335372925	0.0029736345168203115	0.015487732365727425	0.0011730965925380588	0.0009181785280816257	0.0012011529179289937	0.0002541657304391265	0.0004755461122840643	0.0007793776458129287
626	pride	../Syntropy_Result_Finals/Models/Model_Unsliced_Go_Emotion	../Syntropy_Result_Finals/Models/Model_Unsliced_Go_Emotion	joy	0.9479772448539734	0.027256950736045837	0.00036014537909068167	0.0002136380790034309	0.9479772448539734	0.008117914199829102	0.01049504242837429	0.0016302675940096378	0.0013678796822205186	0.001035328721627593	0.00042662551277317107	0.00041367372614331543	0.000705414917320013
627	pride	../Syntropy_Result_Finals/Models/Model_Unsliced_Go_Emotion	../Syntropy_Result_Finals/Models/Model_Unsliced_Go_Emotion	joy	0.4731648564338684	0.05721110850572586	0.0014222844038158655	0.000712116074282676	0.4731648564338684	0.03582095727324486	0.41193729639053345	0.0035554112400859594	0.0071449498645961285	0.0033098349813371897	0.0016787798376753926	0.0023227224592119455	0.0017197034321725368
628	pride	../Syntropy_Result_Finals/Models/Model_Unsliced_Go_Emotion	../Syntropy_Result_Finals/Models/Model_Unsliced_Go_Emotion	joy	0.8897795677185059	0.07560982555150986	0.0005051838234066963	0.0002529282064642757	0.8897795677185059	0.006944715511053801	0.02105753868818283	0.0022334218956530094	0.0009111748076975346	0.0011496698716655374	0.0003812638751696795	0.0004716582188848406	0.000702973804436624
629	joy	../Syntropy_Result_Finals/Models/Model_Unsliced_Go_Emotion	../Syntropy_Result_Finals/Models/Model_Unsliced_Go_Emotion	joy	0.37494802474975586	0.027900636196136475	0.02358868159353733	0.006142048165202141	0.37494802474975586	0.008582615293562412	0.1890365481376648	0.004735006485134363	0.17226116359233856	0.02101619355380535	0.01111067645251751	0.13030268251895905	0.03037569671869278
630	pride	../Syntropy_Result_Finals/Models/Model_Unsliced_Go_Emotion	../Syntropy_Result_Finals/Models/Model_Unsliced_Go_Emotion	joy	0.8780452013015747	0.023547682911157608	0.0007893746951594949	0.0003596652240958065	0.8780452013015747	0.0046884589828550816	0.08402770012617111	0.0012782163685187697	0.001987570198252797	0.0018947196658700705	0.0006389141199178994	0.0010812468826770782	0.00166121416259557
631	neutral	../Syntropy_Result_Finals/Models/Model_Unsliced_Go_Emotion	../Syntropy_Result_Finals/Models/Model_Unsliced_Go_Emotion	pride	0.8391109108924866	0.03437047451734543	0.007743999361991882	0.002587710740044713	0.03262881562113762	0.8391109108924866	0.01711094379425049	0.017707891762256622	0.01277492567896843	0.004738852847367525	0.01830585114657879	0.00803846400231123	0.004881301894783974
632	excitement	../Syntropy_Result_Finals/Models/Model_Unsliced_Go_Emotion	../Syntropy_Result_Finals/Models/Model_Unsliced_Go_Emotion	joy	0.8981733918190002	0.053953323513269424	0.00035768485395237803	0.0002716607414186001	0.8981733918190002	0.00632120668888092	0.035806987434625626	0.0013715391978621483	0.0011192713864147663	0.0010670002084225416	0.0002791656297631562	0.0005485541769303381	0.0007302510784938931
633	excitement	../Syntropy_Result_Finals/Models/Model_Unsliced_Go_Emotion	../Syntropy_Result_Finals/Models/Model_Unsliced_Go_Emotion	neutral	0.6932122111320496	0.00794899184256792	0.005518162157386541	0.0031322473660111427	0.10153280943632126	0.009472387842833996	0.6932122111320496	0.0008107171161100268	0.1658990979194641	0.005333681125193834	0.0013470991980284452	0.003669668221846223	0.0021230156999081373
634	neutral	../Syntropy_Result_Finals/Models/Model_Unsliced_Go_Emotion	../Syntropy_Result_Finals/Models/Model_Unsliced_Go_Emotion	joy	0.9523468613624573	0.02531619369983673	0.0004456929164007306	0.0003515480784699321	0.9523468613624573	0.002430543303489685	0.012915316969156265	0.001278387033380568	0.0009313254267908633	0.0015761558897793293	0.0003338241658639163	0.0007550555164925754	0.0013190517202019691
635	neutral	../Syntropy_Result_Finals/Models/Model_Unsliced_Go_Emotion	../Syntropy_Result_Finals/Models/Model_Unsliced_Go_Emotion	joy	0.9662709832191467	0.008324826136231422	0.0003751589683815837	0.00024023045261856169	0.9662709832191467	0.003326949430629611	0.014728354290127754	0.0012857039691880345	0.001673494465649128	0.0017053688643500209	0.00042802616371773183	0.0006239273934625089	0.0010169781744480133
636	neutral	../Syntropy_Result_Finals/Models/Model_Unsliced_Go_Emotion	../Syntropy_Result_Finals/Models/Model_Unsliced_Go_Emotion	joy	0.9450550675392151	0.016902653500437737	0.00037427470670081675	0.00021049266797490418	0.9450550675392151	0.008298754692077637	0.02350769005715847	0.001030473387800157	0.001746714930050075	0.0011174476239830256	0.0005229298840276897	0.00045918123214505613	0.000774366722907871
637	joy	../Syntropy_Result_Finals/Models/Model_Unsliced_Go_Emotion	../Syntropy_Result_Finals/Models/Model_Unsliced_Go_Emotion	excitement	0.8269798159599304	0.8269798159599304	0.0014067221200093627	0.0006416059331968427	0.11267480254173279	0.010283793322741985	0.021602528169751167	0.02308046817779541	0.0006566323572769761	0.0011205285554751754	0.0004360621969681233	0.0006256625056266785	0.0004914517048746347
638	anger	../Syntropy_Result_Finals/Models/Model_Unsliced_Go_Emotion	../Syntropy_Result_Finals/Models/Model_Unsliced_Go_Emotion	anger	0.8555326461791992	0.001174969132989645	0.0019854153506457806	0.0012612373102456331	0.004099360201507807	0.0021001414861530066	0.08173554390668869	0.0008359134080819786	0.023607810959219933	0.0048994277603924274	0.005469001829624176	0.8555326461791992	0.017298463732004166
639	joy	../Syntropy_Result_Finals/Models/Model_Unsliced_Go_Emotion	../Syntropy_Result_Finals/Models/Model_Unsliced_Go_Emotion	joy	0.9551722407341003	0.018883392214775085	0.0003481272142380476	0.00026850117137655616	0.9551722407341003	0.002943695057183504	0.01672709360718727	0.0013320812722668052	0.0010852954583242536	0.0016313804080709815	0.0002560092252679169	0.0005179378786124289	0.0008342135115526617
640	pride	../Syntropy_Result_Finals/Models/Model_Unsliced_Go_Emotion	../Syntropy_Result_Finals/Models/Model_Unsliced_Go_Emotion	neutral	0.7242447137832642	0.07139182835817337	0.0031365426257252693	0.0010293222730979323	0.08982886373996735	0.07398823648691177	0.7242447137832642	0.015302595682442188	0.008580013178288937	0.0028974409215152264	0.003540918231010437	0.004002668894827366	0.0020568526815623045
641	fear	../Syntropy_Result_Finals/Models/Model_Unsliced_Go_Emotion	../Syntropy_Result_Finals/Models/Model_Unsliced_Go_Emotion	sadness	0.3223656415939331	0.003434200305491686	0.0070801074616611	0.005027385428547859	0.015104402787983418	0.005614742171019316	0.29906773567199707	0.0013916438911110163	0.3223656415939331	0.006194076966494322	0.006557384040206671	0.297190397977829	0.03097226843237877
642	neutral	../Syntropy_Result_Finals/Models/Model_Unsliced_Go_Emotion	../Syntropy_Result_Finals/Models/Model_Unsliced_Go_Emotion	joy	0.4858661890029907	0.02345694787800312	0.0030541729647666216	0.0007974157924763858	0.4858661890029907	0.03912746161222458	0.41752156615257263	0.0014010427985340357	0.01934041455388069	0.002617509802803397	0.002672342350706458	0.0022024328354746103	0.001942467293702066
643	joy	../Syntropy_Result_Finals/Models/Model_Unsliced_Go_Emotion	../Syntropy_Result_Finals/Models/Model_Unsliced_Go_Emotion	joy	0.9696886539459229	0.011174572631716728	0.0004399917961563915	0.0003575399168767035	0.9696886539459229	0.00399800343438983	0.008489342406392097	0.0010755673283711076	0.001612629508599639	0.0015949707012623549	0.0003198044141754508	0.00045947078615427017	0.0007894981536082923
644	joy	../Syntropy_Result_Finals/Models/Model_Unsliced_Go_Emotion	../Syntropy_Result_Finals/Models/Model_Unsliced_Go_Emotion	joy	0.9672736525535583	0.012610599398612976	0.00045147782657295465	0.00036869547329843044	0.9672736525535583	0.0026568148750811815	0.009666655212640762	0.0012755502248182893	0.0012425377499312162	0.0020853576716035604	0.0003584051737561822	0.0007593953050673008	0.0012509104562923312
645	surprise	../Syntropy_Result_Finals/Models/Model_Unsliced_Go_Emotion	../Syntropy_Result_Finals/Models/Model_Unsliced_Go_Emotion	excitement	0.8200826644897461	0.8200826644897461	0.0017976178787648678	0.000853933219332248	0.048646774142980576	0.007086473982781172	0.010855196043848991	0.10623550415039062	0.00058395741507411	0.0019368770299479365	0.0006189285195432603	0.0008322872454300523	0.00046980640036053956
646	joy	../Syntropy_Result_Finals/Models/Model_Unsliced_Go_Emotion	../Syntropy_Result_Finals/Models/Model_Unsliced_Go_Emotion	joy	0.9704903960227966	0.010282778181135654	0.00045172221143729985	0.0003561447956599295	0.9704903960227966	0.0034783650189638138	0.007995419204235077	0.001375017687678337	0.00144582474604249	0.0020528724417090416	0.00038804762880317867	0.0006187001708894968	0.0010646679438650608
647	excitement	../Syntropy_Result_Finals/Models/Model_Unsliced_Go_Emotion	../Syntropy_Result_Finals/Models/Model_Unsliced_Go_Emotion	excitement	0.9023656249046326	0.9023656249046326	0.0029533004853874445	0.0010150228627026081	0.04728209599852562	0.029299112036824226	0.0062029678374528885	0.00624370900914073	0.0011755693703889847	0.000857269624248147	0.0009288298315368593	0.0010679453844204545	0.0006086411885917187
648	joy	../Syntropy_Result_Finals/Models/Model_Unsliced_Go_Emotion	../Syntropy_Result_Finals/Models/Model_Unsliced_Go_Emotion	neutral	0.9238703846931458	0.002147622173652053	0.0023188372142612934	0.002850242657586932	0.004412252455949783	0.00294091715477407	0.9238703846931458	0.0010459625627845526	0.039333783090114594	0.0009035633411258459	0.004617792088538408	0.00657955277711153	0.008979094214737415
649	sadness	../Syntropy_Result_Finals/Models/Model_Unsliced_Go_Emotion	../Syntropy_Result_Finals/Models/Model_Unsliced_Go_Emotion	neutral	0.26378658413887024	0.005190893542021513	0.006814001593738794	0.0030047730542719364	0.041698239743709564	0.006756063085049391	0.26378658413887024	0.00603095255792141	0.14538642764091492	0.016159040853381157	0.047507695853710175	0.20227545499801636	0.25538986921310425
650	joy	../Syntropy_Result_Finals/Models/Model_Unsliced_Go_Emotion	../Syntropy_Result_Finals/Models/Model_Unsliced_Go_Emotion	neutral	0.7691175937652588	0.009051852859556675	0.005027438048273325	0.0019354589749127626	0.06887314468622208	0.018716661259531975	0.7691175937652588	0.0011580841382965446	0.11792083084583282	0.0033980482257902622	0.0015067628119140863	0.002080485224723816	0.0012136525474488735
651	pride	../Syntropy_Result_Finals/Models/Model_Unsliced_Go_Emotion	../Syntropy_Result_Finals/Models/Model_Unsliced_Go_Emotion	neutral	0.6951631307601929	0.004312748555094004	0.008297781459987164	0.0031120479106903076	0.011043863371014595	0.00601920485496521	0.6951631307601929	0.0009125522919930518	0.23854048550128937	0.00261705182492733	0.010397734120488167	0.010103861801326275	0.009479613043367863
652	pride	../Syntropy_Result_Finals/Models/Model_Unsliced_Go_Emotion	../Syntropy_Result_Finals/Models/Model_Unsliced_Go_Emotion	pride	0.6276180744171143	0.09245696663856506	0.011356859467923641	0.0027514807879924774	0.039122775197029114	0.6276180744171143	0.04504911229014397	0.11904412508010864	0.015734173357486725	0.005166924558579922	0.030077900737524033	0.006369077134877443	0.005252542905509472
653	pride	../Syntropy_Result_Finals/Models/Model_Unsliced_Go_Emotion	../Syntropy_Result_Finals/Models/Model_Unsliced_Go_Emotion	neutral	0.7112090587615967	0.060737818479537964	0.0011365190148353577	0.00045849091839045286	0.20910769701004028	0.00593875627964735	0.7112090587615967	0.0031142598018050194	0.001969296019524336	0.0022172650787979364	0.001306783757172525	0.0010746348416432738	0.0017294068820774555
654	pride	../Syntropy_Result_Finals/Models/Model_Unsliced_Go_Emotion	../Syntropy_Result_Finals/Models/Model_Unsliced_Go_Emotion	pride	0.6834315061569214	0.03837739676237106	0.008244085125625134	0.0022257757373154163	0.09153619408607483	0.6834315061569214	0.05573217198252678	0.01293535903096199	0.07040528208017349	0.006284037139266729	0.021850012242794037	0.005419968627393246	0.0035582620184868574
655	neutral	../Syntropy_Result_Finals/Models/Model_Unsliced_Go_Emotion	../Syntropy_Result_Finals/Models/Model_Unsliced_Go_Emotion	neutral	0.7487581372261047	0.021925460547208786	0.006590932607650757	0.0023663912434130907	0.16167610883712769	0.01536530815064907	0.7487581372261047	0.005693447310477495	0.02616538479924202	0.0031889514066278934	0.004392522387206554	0.0010302526643499732	0.0028470412362366915
656	pride	../Syntropy_Result_Finals/Models/Model_Unsliced_Go_Emotion	../Syntropy_Result_Finals/Models/Model_Unsliced_Go_Emotion	joy	0.9043538570404053	0.04570108279585838	0.0004222491115797311	0.0002773272281046957	0.9043538570404053	0.009726184420287609	0.03431282564997673	0.0014761982019990683	0.0012462724698707461	0.0009874743409454823	0.00034612949821166694	0.000497128174174577	0.0006532728439196944
657	joy	../Syntropy_Result_Finals/Models/Model_Unsliced_Go_Emotion	../Syntropy_Result_Finals/Models/Model_Unsliced_Go_Emotion	joy	0.9199589490890503	0.0172641109675169	0.0003342704731039703	0.00027873783255927265	0.9199589490890503	0.013860387727618217	0.03948356956243515	0.000885306391865015	0.0035774200223386288	0.0015415146481245756	0.0005056506488472223	0.0013962675584480166	0.0009137797169387341
658	pride	../Syntropy_Result_Finals/Models/Model_Unsliced_Go_Emotion	../Syntropy_Result_Finals/Models/Model_Unsliced_Go_Emotion	joy	0.9023780226707458	0.04402287304401398	0.00044018676271662116	0.0002925480075646192	0.9023780226707458	0.007175534963607788	0.040743228048086166	0.0011144686723127961	0.0009983847849071026	0.0010112569434568286	0.00032533632474951446	0.0006828309269621968	0.0008152340888045728
659	joy	../Syntropy_Result_Finals/Models/Model_Unsliced_Go_Emotion	../Syntropy_Result_Finals/Models/Model_Unsliced_Go_Emotion	neutral	0.9510358572006226	0.002491519320756197	0.0025015322025865316	0.002255515893921256	0.004683797713369131	0.0032897875644266605	0.9510358572006226	0.001200300408527255	0.0242692269384861	0.002053447300568223	0.0019284485606476665	0.0031157508492469788	0.001174825825728476
660	neutral	../Syntropy_Result_Finals/Models/Model_Unsliced_Go_Emotion	../Syntropy_Result_Finals/Models/Model_Unsliced_Go_Emotion	joy	0.9337629079818726	0.027879569679498672	0.0004051249416079372	0.0002795079490169883	0.9337629079818726	0.0028623659163713455	0.028896089643239975	0.000961464480496943	0.001339301816187799	0.0015756539069116116	0.00021337217185646296	0.00083219597581774	0.0009924439946189523
661	joy	../Syntropy_Result_Finals/Models/Model_Unsliced_Go_Emotion	../Syntropy_Result_Finals/Models/Model_Unsliced_Go_Emotion	joy	0.8206130266189575	0.024312332272529602	0.001001307275146246	0.0004823211638722569	0.8206130266189575	0.01321859285235405	0.11784480512142181	0.0018315656343474984	0.016090193763375282	0.002275134203955531	0.000927593617234379	0.00044828534009866416	0.000954836024902761
662	pride	../Syntropy_Result_Finals/Models/Model_Unsliced_Go_Emotion	../Syntropy_Result_Finals/Models/Model_Unsliced_Go_Emotion	joy	0.963741660118103	0.0058607920072972775	0.0005247688386589289	0.00033925287425518036	0.963741660118103	0.004441952798515558	0.012473569251596928	0.0010116563644260168	0.008158808574080467	0.0016828569350764155	0.0004494314780458808	0.00044319580774754286	0.0008719513425603509
663	surprise	../Syntropy_Result_Finals/Models/Model_Unsliced_Go_Emotion	../Syntropy_Result_Finals/Models/Model_Unsliced_Go_Emotion	neutral	0.8272139430046082	0.033045317977666855	0.001749881892465055	0.0009428388439118862	0.10886239260435104	0.015221676789224148	0.8272139430046082	0.0008711190312169492	0.005743516143411398	0.0025948809925466776	0.0007165650022216141	0.002178717637434602	0.0008591680671088398
664	pride	../Syntropy_Result_Finals/Models/Model_Unsliced_Go_Emotion	../Syntropy_Result_Finals/Models/Model_Unsliced_Go_Emotion	neutral	0.8560313582420349	0.015888746827840805	0.004565869458019733	0.0012162206694483757	0.04830906167626381	0.014440829865634441	0.8560313582420349	0.001626006094738841	0.04582064971327782	0.0022523507941514254	0.002938811434432864	0.004416211973875761	0.0024940071161836386
665	neutral	../Syntropy_Result_Finals/Models/Model_Unsliced_Go_Emotion	../Syntropy_Result_Finals/Models/Model_Unsliced_Go_Emotion	joy	0.9554452896118164	0.014899173751473427	0.00039275138988159597	0.000266076996922493	0.9554452896118164	0.003271860769018531	0.019907711073756218	0.0010189819149672985	0.00164219387806952	0.0017729809042066336	0.0002633006079122424	0.0004975616466253996	0.0006221089861355722
666	disgust	../Syntropy_Result_Finals/Models/Model_Unsliced_Go_Emotion	../Syntropy_Result_Finals/Models/Model_Unsliced_Go_Emotion	anger	0.8067349195480347	0.001049870508722961	0.001679640612564981	0.002013398800045252	0.0034030114766210318	0.0024366751313209534	0.05259675905108452	0.0010126997949555516	0.04018254578113556	0.003157191677019	0.010251406580209732	0.8067349195480347	0.07548179477453232
667	excitement	../Syntropy_Result_Finals/Models/Model_Unsliced_Go_Emotion	../Syntropy_Result_Finals/Models/Model_Unsliced_Go_Emotion	excitement	0.9575589299201965	0.9575589299201965	0.0017588587943464518	0.0010254260851070285	0.02259000577032566	0.003046987112611532	0.0073484755121171474	0.003665110794827342	0.00040890168747864664	0.0011169719509780407	0.0003373161016497761	0.0008086072630248964	0.000334481563186273
668	joy	../Syntropy_Result_Finals/Models/Model_Unsliced_Go_Emotion	../Syntropy_Result_Finals/Models/Model_Unsliced_Go_Emotion	joy	0.9277204275131226	0.029429106041789055	0.0005145430914126337	0.00033890671329572797	0.9277204275131226	0.0025545915123075247	0.0329195000231266	0.0012964430497959256	0.0009314204216934741	0.001996174454689026	0.00031545761157758534	0.0008459422970190644	0.0011373913148418069
669	neutral	../Syntropy_Result_Finals/Models/Model_Unsliced_Go_Emotion	../Syntropy_Result_Finals/Models/Model_Unsliced_Go_Emotion	neutral	0.9112390875816345	0.013132979162037373	0.002804985037073493	0.001001090044155717	0.04772036522626877	0.005734520964324474	0.9112390875816345	0.00179233867675066	0.007653301116079092	0.002397824078798294	0.0018065865151584148	0.0016945262905210257	0.003022504271939397
670	joy	../Syntropy_Result_Finals/Models/Model_Unsliced_Go_Emotion	../Syntropy_Result_Finals/Models/Model_Unsliced_Go_Emotion	neutral	0.5213074684143066	0.014684552326798439	0.0006689031724818051	0.00034962425706908107	0.43896329402923584	0.008286884054541588	0.5213074684143066	0.000754752429202199	0.009713053703308105	0.0021809181198477745	0.000601158884819597	0.0013172151520848274	0.001172208576463163
671	neutral	../Syntropy_Result_Finals/Models/Model_Unsliced_Go_Emotion	../Syntropy_Result_Finals/Models/Model_Unsliced_Go_Emotion	excitement	0.7615179419517517	0.7615179419517517	0.0014681359753012657	0.0007055290043354034	0.21026743948459625	0.0057117389515042305	0.013643361628055573	0.002974452916532755	0.0007907765102572739	0.0010698859114199877	0.00035048171412199736	0.000866593501996249	0.0006336280493997037
672	excitement	../Syntropy_Result_Finals/Models/Model_Unsliced_Go_Emotion	../Syntropy_Result_Finals/Models/Model_Unsliced_Go_Emotion	joy	0.648927628993988	0.12039538472890854	0.0009018239215947688	0.0005293986178003252	0.648927628993988	0.00416655745357275	0.2097577601671219	0.002764900913462043	0.00201687915250659	0.002470107050612569	0.0008799450006335974	0.0023555655498057604	0.004833964165300131
673	excitement	../Syntropy_Result_Finals/Models/Model_Unsliced_Go_Emotion	../Syntropy_Result_Finals/Models/Model_Unsliced_Go_Emotion	joy	0.9450371861457825	0.01467779092490673	0.0002939872501883656	0.0002863833215087652	0.9450371861457825	0.0036366977728903294	0.030426591634750366	0.0007255967939272523	0.0018052328377962112	0.001473449170589447	0.00022401701426133513	0.000724349869415164	0.0006887616473250091
674	excitement	../Syntropy_Result_Finals/Models/Model_Unsliced_Go_Emotion	../Syntropy_Result_Finals/Models/Model_Unsliced_Go_Emotion	joy	0.7050047516822815	0.10295762866735458	0.0034464728087186813	0.0010751016670837998	0.7050047516822815	0.028693916276097298	0.13331733644008636	0.00219585164450109	0.015729080885648727	0.0015250794822350144	0.001941680908203125	0.002169023733586073	0.0019440879113972187
675	excitement	../Syntropy_Result_Finals/Models/Model_Unsliced_Go_Emotion	../Syntropy_Result_Finals/Models/Model_Unsliced_Go_Emotion	neutral	0.5229698419570923	0.0938032791018486	0.0010236287489533424	0.0006237073102965951	0.3674277663230896	0.0035718344151973724	0.5229698419570923	0.0025482249911874533	0.0014735673321411014	0.0029063355177640915	0.0006989128887653351	0.0011873412877321243	0.0017655668780207634
676	pride	../Syntropy_Result_Finals/Models/Model_Unsliced_Go_Emotion	../Syntropy_Result_Finals/Models/Model_Unsliced_Go_Emotion	joy	0.8920235633850098	0.06351272016763687	0.000514491053763777	0.00035069420118816197	0.8920235633850098	0.0026895455084741116	0.03476962447166443	0.0016658895183354616	0.0008690300746820867	0.001782508217729628	0.00026277932920493186	0.0007368142250925303	0.000822355505079031
677	excitement	../Syntropy_Result_Finals/Models/Model_Unsliced_Go_Emotion	../Syntropy_Result_Finals/Models/Model_Unsliced_Go_Emotion	pride	0.7889285683631897	0.05824849009513855	0.005601745098829269	0.0018677212065085769	0.05920516699552536	0.7889285683631897	0.0313652940094471	0.017026826739311218	0.010313429869711399	0.0038312405813485384	0.01320107001811266	0.006409930996596813	0.0040006693452596664
678	pride	../Syntropy_Result_Finals/Models/Model_Unsliced_Go_Emotion	../Syntropy_Result_Finals/Models/Model_Unsliced_Go_Emotion	pride	0.8273085951805115	0.03710980713367462	0.005338897462934256	0.0017361234640702605	0.055555105209350586	0.8273085951805115	0.02146291546523571	0.01282999012619257	0.01318221166729927	0.00426659919321537	0.012702975422143936	0.005195119883865118	0.003311595181003213
679	excitement	../Syntropy_Result_Finals/Models/Model_Unsliced_Go_Emotion	../Syntropy_Result_Finals/Models/Model_Unsliced_Go_Emotion	neutral	0.8513343930244446	0.05502675473690033	0.002674551447853446	0.0008764947415329516	0.06279807537794113	0.011398346163332462	0.8513343930244446	0.004548522178083658	0.005075949244201183	0.002290235599502921	0.0014344521332532167	0.0013654431095346808	0.0011769115226343274
680	pride	../Syntropy_Result_Finals/Models/Model_Unsliced_Go_Emotion	../Syntropy_Result_Finals/Models/Model_Unsliced_Go_Emotion	pride	0.7874289751052856	0.04473917931318283	0.003896028036251664	0.001536090625450015	0.09277984499931335	0.7874289751052856	0.02517765946686268	0.01087314635515213	0.01142093539237976	0.0037732457276433706	0.011036008596420288	0.004019729793071747	0.00331913772970438
681	joy	../Syntropy_Result_Finals/Models/Model_Unsliced_Go_Emotion	../Syntropy_Result_Finals/Models/Model_Unsliced_Go_Emotion	joy	0.8985694646835327	0.05537286773324013	0.0018870225176215172	0.0006926209316588938	0.8985694646835327	0.005628933198750019	0.02505115605890751	0.0017186319455504417	0.00695841247215867	0.0022545179817825556	0.0005567650659941137	0.0004575733910314739	0.000852065859362483
682	neutral	../Syntropy_Result_Finals/Models/Model_Unsliced_Go_Emotion	../Syntropy_Result_Finals/Models/Model_Unsliced_Go_Emotion	joy	0.4569851756095886	0.21041136980056763	0.004002972040325403	0.0009590985137037933	0.4569851756095886	0.026610471308231354	0.04003911092877388	0.24157913029193878	0.004342364612966776	0.009182359091937542	0.003488372778519988	0.0009479802683927119	0.0014515111688524485
683	neutral	../Syntropy_Result_Finals/Models/Model_Unsliced_Go_Emotion	../Syntropy_Result_Finals/Models/Model_Unsliced_Go_Emotion	sadness	0.614194393157959	0.0035767939407378435	0.010330045595765114	0.003351181047037244	0.04765639081597328	0.0056463261134922504	0.22265571355819702	0.0020755298901349306	0.614194393157959	0.006563415750861168	0.025081660598516464	0.015582047402858734	0.04328653961420059
684	pride	../Syntropy_Result_Finals/Models/Model_Unsliced_Go_Emotion	../Syntropy_Result_Finals/Models/Model_Unsliced_Go_Emotion	joy	0.9531864523887634	0.022189058363437653	0.0004159616946708411	0.00026393262669444084	0.9531864523887634	0.007145419716835022	0.01172742061316967	0.0012673515593633056	0.001200211583636701	0.0010306143667548895	0.0003757356316782534	0.00046388880582526326	0.0007339041912928224
685	joy	../Syntropy_Result_Finals/Models/Model_Unsliced_Go_Emotion	../Syntropy_Result_Finals/Models/Model_Unsliced_Go_Emotion	joy	0.9500453472137451	0.010401725769042969	0.000475483073387295	0.00026510164025239646	0.9500453472137451	0.004323286470025778	0.024994242936372757	0.0012693570461124182	0.004713980946689844	0.0020165215246379375	0.0004304499598219991	0.00035710696829482913	0.0007074343739077449
686	neutral	../Syntropy_Result_Finals/Models/Model_Unsliced_Go_Emotion	../Syntropy_Result_Finals/Models/Model_Unsliced_Go_Emotion	joy	0.6004265546798706	0.022126736119389534	0.002395076910033822	0.0015708886785432696	0.6004265546798706	0.03785349801182747	0.2832910120487213	0.001220362144522369	0.04245170205831528	0.0034745060838758945	0.0011769282864406705	0.0026135912630707026	0.0013991027371957898
687	pride	../Syntropy_Result_Finals/Models/Model_Unsliced_Go_Emotion	../Syntropy_Result_Finals/Models/Model_Unsliced_Go_Emotion	excitement	0.9023483991622925	0.9023483991622925	0.0013885092921555042	0.0007117650820873678	0.07750542461872101	0.004053995478898287	0.006957496516406536	0.004298073705285788	0.0004518958739936352	0.000970037654042244	0.00034274879726581275	0.0005678830202668905	0.00040375665412284434
688	excitement	../Syntropy_Result_Finals/Models/Model_Unsliced_Go_Emotion	../Syntropy_Result_Finals/Models/Model_Unsliced_Go_Emotion	excitement	0.9589289426803589	0.9589289426803589	0.0019200941314920783	0.001186979003250599	0.01687162183225155	0.0034822949673980474	0.009921805001795292	0.004306199494749308	0.00045410110033117235	0.0011791735887527466	0.00037447194335982203	0.0010038745822384953	0.00037044734926894307
689	joy	../Syntropy_Result_Finals/Models/Model_Unsliced_Go_Emotion	../Syntropy_Result_Finals/Models/Model_Unsliced_Go_Emotion	joy	0.6772574782371521	0.042148977518081665	0.0005541588179767132	0.0002757461916189641	0.6772574782371521	0.0057262880727648735	0.2642374038696289	0.001609492814168334	0.0018930751830339432	0.00225033238530159	0.0006516000721603632	0.001437816652469337	0.001957642612978816
690	neutral	../Syntropy_Result_Finals/Models/Model_Unsliced_Go_Emotion	../Syntropy_Result_Finals/Models/Model_Unsliced_Go_Emotion	joy	0.9413756132125854	0.020985590294003487	0.0004243924340698868	0.0002830760204233229	0.9413756132125854	0.0027905756141990423	0.028263751417398453	0.0011017778888344765	0.0013173929182812572	0.0017178610432893038	0.00027879446861334145	0.0006224098615348339	0.0008387953857891262
691	joy	../Syntropy_Result_Finals/Models/Model_Unsliced_Go_Emotion	../Syntropy_Result_Finals/Models/Model_Unsliced_Go_Emotion	joy	0.9500609636306763	0.022369850426912308	0.0005431981408037245	0.0004227297904435545	0.9500609636306763	0.0025188953150063753	0.017887042835354805	0.001164554269053042	0.0012642135843634605	0.0016779251163825393	0.00029334338614717126	0.0007009183755144477	0.0010963850654661655
692	joy	../Syntropy_Result_Finals/Models/Model_Unsliced_Go_Emotion	../Syntropy_Result_Finals/Models/Model_Unsliced_Go_Emotion	neutral	0.933838427066803	0.003260992467403412	0.0008502285345457494	0.00042231494444422424	0.04117313399910927	0.00474176649004221	0.933838427066803	0.0003835259994957596	0.010367889888584614	0.0019537927582859993	0.000760896597057581	0.001447955146431923	0.0007991470047272742
693	neutral	../Syntropy_Result_Finals/Models/Model_Unsliced_Go_Emotion	../Syntropy_Result_Finals/Models/Model_Unsliced_Go_Emotion	nervousness	0.5865783095359802	0.10981439799070358	0.5865783095359802	0.03710039332509041	0.03407377749681473	0.015244478359818459	0.1540917456150055	0.005089769139885902	0.03413018211722374	0.011820290237665176	0.005937793757766485	0.003074023174121976	0.003044781042262912
694	pride	../Syntropy_Result_Finals/Models/Model_Unsliced_Go_Emotion	../Syntropy_Result_Finals/Models/Model_Unsliced_Go_Emotion	neutral	0.8384498953819275	0.014838638715445995	0.001000638585537672	0.0006045348127372563	0.12542830407619476	0.008601756766438484	0.8384498953819275	0.0006762119010090828	0.002242722548544407	0.004124767612665892	0.0007603152189403772	0.002014024881646037	0.0012582344934344292
695	nervousness	../Syntropy_Result_Finals/Models/Model_Unsliced_Go_Emotion	../Syntropy_Result_Finals/Models/Model_Unsliced_Go_Emotion	surprise	0.8389164805412292	0.08474484831094742	0.0022037166636437178	0.001050360850058496	0.00610238965600729	0.0018930815858766437	0.05160248279571533	0.8389164805412292	0.0006799758411943913	0.009803014807403088	0.001719365594908595	0.000667327840346843	0.0006168966647237539
696	excitement	../Syntropy_Result_Finals/Models/Model_Unsliced_Go_Emotion	../Syntropy_Result_Finals/Models/Model_Unsliced_Go_Emotion	excitement	0.9499794840812683	0.9499794840812683	0.0019046884262934327	0.0009603216894902289	0.02893562614917755	0.004028739407658577	0.0062057990580797195	0.0054023973643779755	0.0003740192041732371	0.000909928698092699	0.00037306593731045723	0.0005936677916906774	0.0003323121927678585
697	nervousness	../Syntropy_Result_Finals/Models/Model_Unsliced_Go_Emotion	../Syntropy_Result_Finals/Models/Model_Unsliced_Go_Emotion	nervousness	0.8352599143981934	0.051456063985824585	0.8352599143981934	0.05142555013298988	0.007759634871035814	0.008412367664277554	0.0094302361831069	0.005010811612010002	0.013183544389903545	0.0038607721216976643	0.008720523677766323	0.0027069973293691874	0.0027736308984458447
698	pride	../Syntropy_Result_Finals/Models/Model_Unsliced_Go_Emotion	../Syntropy_Result_Finals/Models/Model_Unsliced_Go_Emotion	joy	0.8987194895744324	0.07121461629867554	0.0004319451400078833	0.0003213412710465491	0.8987194895744324	0.0038554570637643337	0.020462406799197197	0.001405739807523787	0.0010076931212097406	0.0010985721601173282	0.0002509711484890431	0.0005593585083261132	0.0006725530256517231
699	excitement	../Syntropy_Result_Finals/Models/Model_Unsliced_Go_Emotion	../Syntropy_Result_Finals/Models/Model_Unsliced_Go_Emotion	joy	0.4765828549861908	0.3209057152271271	0.001242521102540195	0.0005867480067536235	0.4765828549861908	0.022993475198745728	0.16034066677093506	0.010478920303285122	0.001483594416640699	0.001975863240659237	0.0010367732029408216	0.0013000799808651209	0.0010728376219049096
700	nervousness	../Syntropy_Result_Finals/Models/Model_Unsliced_Go_Emotion	../Syntropy_Result_Finals/Models/Model_Unsliced_Go_Emotion	pride	0.6694782376289368	0.15244750678539276	0.013502349145710468	0.002406398532912135	0.06973776966333389	0.6694782376289368	0.02586122788488865	0.026995938271284103	0.012883669696748257	0.0035218093544244766	0.016648881137371063	0.0031569069251418114	0.003359230002388358
701	neutral	../Syntropy_Result_Finals/Models/Model_Unsliced_Go_Emotion	../Syntropy_Result_Finals/Models/Model_Unsliced_Go_Emotion	joy	0.8024207353591919	0.01876194030046463	0.00077413598774001	0.0005769848357886076	0.8024207353591919	0.01248222030699253	0.14792831242084503	0.001473067793995142	0.009991209954023361	0.002949756570160389	0.0006615958991460502	0.0010546325938776135	0.0009254455799236894
702	neutral	../Syntropy_Result_Finals/Models/Model_Unsliced_Go_Emotion	../Syntropy_Result_Finals/Models/Model_Unsliced_Go_Emotion	joy	0.9633356332778931	0.010788917541503906	0.0004116195486858487	0.0003312743501737714	0.9633356332778931	0.004504626151174307	0.015234166756272316	0.0008049567695707083	0.0017976358067244291	0.001372950617223978	0.0002549719938542694	0.0004614186764229089	0.0007018183241598308
703	pride	../Syntropy_Result_Finals/Models/Model_Unsliced_Go_Emotion	../Syntropy_Result_Finals/Models/Model_Unsliced_Go_Emotion	neutral	0.8200424313545227	0.03165512531995773	0.002554916776716709	0.0008456495124846697	0.08029846101999283	0.033257246017456055	0.8200424313545227	0.007117878179997206	0.010980907827615738	0.0037771810311824083	0.003592130495235324	0.003855411196127534	0.0020226191263645887
704	neutral	../Syntropy_Result_Finals/Models/Model_Unsliced_Go_Emotion	../Syntropy_Result_Finals/Models/Model_Unsliced_Go_Emotion	joy	0.7933673858642578	0.025354182347655296	0.0006022893940098584	0.00041952490573748946	0.7933673858642578	0.023731177672743797	0.14462585747241974	0.0011710739927366376	0.006225347984582186	0.0016659012762829661	0.0008981157443486154	0.0010027693351730704	0.0009364879806526005
705	neutral	../Syntropy_Result_Finals/Models/Model_Unsliced_Go_Emotion	../Syntropy_Result_Finals/Models/Model_Unsliced_Go_Emotion	joy	0.6235920786857605	0.007274553645402193	0.003408159362152219	0.0013539420906454325	0.6235920786857605	0.008663919754326344	0.19947543740272522	0.0016108134295791388	0.13967835903167725	0.008895396254956722	0.0025714668445289135	0.0012507762294262648	0.0022251028567552567
706	excitement	../Syntropy_Result_Finals/Models/Model_Unsliced_Go_Emotion	../Syntropy_Result_Finals/Models/Model_Unsliced_Go_Emotion	neutral	0.6006770730018616	0.015998244285583496	0.0030591855756938457	0.0020027922000736	0.2518242299556732	0.04471455514431	0.6006770730018616	0.0022527952678501606	0.06270109862089157	0.005579661577939987	0.002477205591276288	0.006719318684190512	0.0019938875921070576
707	excitement	../Syntropy_Result_Finals/Models/Model_Unsliced_Go_Emotion	../Syntropy_Result_Finals/Models/Model_Unsliced_Go_Emotion	joy	0.9687972664833069	0.013148355297744274	0.0003037730057258159	0.0002478443493600935	0.9687972664833069	0.002795676700770855	0.009746156632900238	0.0008465775172226131	0.001462634070776403	0.0012771649053320289	0.00022872112458571792	0.0004729549982585013	0.0006728616426698864
708	excitement	../Syntropy_Result_Finals/Models/Model_Unsliced_Go_Emotion	../Syntropy_Result_Finals/Models/Model_Unsliced_Go_Emotion	joy	0.8709295988082886	0.019708920270204544	0.0033742212690413	0.0013919650809839368	0.8709295988082886	0.035218626260757446	0.0362197570502758	0.0015653807204216719	0.02358885109424591	0.004161597229540348	0.0013785074697807431	0.0012723440304398537	0.0011902527185156941
709	anger	../Syntropy_Result_Finals/Models/Model_Unsliced_Go_Emotion	../Syntropy_Result_Finals/Models/Model_Unsliced_Go_Emotion	fear	0.7310963273048401	0.0016766086919233203	0.0693613588809967	0.7310963273048401	0.0023569059558212757	0.0014265668578445911	0.031934820115566254	0.0016301346477121115	0.10988251864910126	0.00259957741945982	0.003931635990738869	0.0101573895663023	0.033946216106414795
710	joy	../Syntropy_Result_Finals/Models/Model_Unsliced_Go_Emotion	../Syntropy_Result_Finals/Models/Model_Unsliced_Go_Emotion	joy	0.9569696187973022	0.02308582328259945	0.00039235211443156004	0.00035278801806271076	0.9569696187973022	0.002069781767204404	0.011060189455747604	0.0011437850771471858	0.0010993407340720296	0.0020346478559076786	0.00022142422676552087	0.0007731355144642293	0.0007971702143549919
711	pride	../Syntropy_Result_Finals/Models/Model_Unsliced_Go_Emotion	../Syntropy_Result_Finals/Models/Model_Unsliced_Go_Emotion	excitement	0.8559336066246033	0.8559336066246033	0.001781814731657505	0.0011737813474610448	0.06757843494415283	0.005316467955708504	0.05941275879740715	0.0029365085065364838	0.0009298610384576023	0.001709232572466135	0.0004352708929218352	0.0020643328316509724	0.0007279810961335897
712	neutral	../Syntropy_Result_Finals/Models/Model_Unsliced_Go_Emotion	../Syntropy_Result_Finals/Models/Model_Unsliced_Go_Emotion	neutral	0.9655296206474304	0.005101300776004791	0.0006690352456644177	0.000390542671084404	0.016878411173820496	0.0038298615254461765	0.9655296206474304	0.000675779941957444	0.002673179842531681	0.0009498843573965132	0.0012026767944917083	0.0012624642113223672	0.0008372126030735672
713	nervousness	../Syntropy_Result_Finals/Models/Model_Unsliced_Go_Emotion	../Syntropy_Result_Finals/Models/Model_Unsliced_Go_Emotion	anger	0.4584181010723114	0.003320673480629921	0.013314266689121723	0.010346658527851105	0.010959476232528687	0.004020575433969498	0.13119231164455414	0.0013647263403981924	0.29405510425567627	0.009254783391952515	0.007848876528441906	0.4584181010723114	0.05590447038412094
714	neutral	../Syntropy_Result_Finals/Models/Model_Unsliced_Go_Emotion	../Syntropy_Result_Finals/Models/Model_Unsliced_Go_Emotion	excitement	0.871459424495697	0.871459424495697	0.0018877711845561862	0.000977142946794629	0.106090247631073	0.0029650290962308645	0.008292509242892265	0.003976314328610897	0.0007234137738123536	0.002238299697637558	0.0003440402215346694	0.0006012319936417043	0.00044457073090597987
715	neutral	../Syntropy_Result_Finals/Models/Model_Unsliced_Go_Emotion	../Syntropy_Result_Finals/Models/Model_Unsliced_Go_Emotion	neutral	0.5578010082244873	0.045894917100667953	0.0015367558225989342	0.000534593069460243	0.3753421902656555	0.008646190166473389	0.5578010082244873	0.0014128530165180564	0.0036640551406890154	0.0021851882338523865	0.0009553830605000257	0.0008922533597797155	0.0011346460087224841
716	joy	../Syntropy_Result_Finals/Models/Model_Unsliced_Go_Emotion	../Syntropy_Result_Finals/Models/Model_Unsliced_Go_Emotion	neutral	0.694496750831604	0.028946183621883392	0.002274758880957961	0.0009710914455354214	0.2355765849351883	0.006276331376284361	0.694496750831604	0.001688388641923666	0.0179449375718832	0.002267079195007682	0.0019432121189311147	0.002550025237724185	0.005064711440354586
717	nervousness	../Syntropy_Result_Finals/Models/Model_Unsliced_Go_Emotion	../Syntropy_Result_Finals/Models/Model_Unsliced_Go_Emotion	nervousness	0.8480469584465027	0.029886675998568535	0.8480469584465027	0.04611595720052719	0.00770115852355957	0.008471973240375519	0.02038213610649109	0.005731738172471523	0.0164413470774889	0.003534039482474327	0.009568670764565468	0.0019475793233141303	0.0021717206109315157
718	neutral	../Syntropy_Result_Finals/Models/Model_Unsliced_Go_Emotion	../Syntropy_Result_Finals/Models/Model_Unsliced_Go_Emotion	neutral	0.5895187854766846	0.009925656951963902	0.0018123362679034472	0.0012540596071630716	0.3647020757198334	0.00938655436038971	0.5895187854766846	0.0009352273191325366	0.015248483046889305	0.0037030871026217937	0.0007401428883895278	0.0016136857448145747	0.0011599466670304537
719	excitement	../Syntropy_Result_Finals/Models/Model_Unsliced_Go_Emotion	../Syntropy_Result_Finals/Models/Model_Unsliced_Go_Emotion	excitement	0.6765866875648499	0.6765866875648499	0.0037133796140551567	0.0015828862087801099	0.09726481884717941	0.01481377612799406	0.04676342010498047	0.15169478952884674	0.0015040773432701826	0.0026680731680244207	0.0010677138343453407	0.0014493000926449895	0.0008910844917409122
720	sadness	../Syntropy_Result_Finals/Models/Model_Unsliced_Go_Emotion	../Syntropy_Result_Finals/Models/Model_Unsliced_Go_Emotion	sadness	0.8704569339752197	0.0007351279491558671	0.0221747737377882	0.008495270274579525	0.004829627927392721	0.0012559565948322415	0.06075366213917732	0.0005946937017142773	0.8704569339752197	0.007167700212448835	0.004041615407913923	0.014399655163288116	0.005095028784126043
721	excitement	../Syntropy_Result_Finals/Models/Model_Unsliced_Go_Emotion	../Syntropy_Result_Finals/Models/Model_Unsliced_Go_Emotion	joy	0.9059810638427734	0.055591993033885956	0.0005467080045491457	0.00028449526871554554	0.9059810638427734	0.012938443571329117	0.0178644098341465	0.002057234290987253	0.001709809759631753	0.001497227931395173	0.0004999579978175461	0.0004516335029620677	0.0005770016578026116
722	confusion	../Syntropy_Result_Finals/Models/Model_Unsliced_Go_Emotion	../Syntropy_Result_Finals/Models/Model_Unsliced_Go_Emotion	joy	0.9393507242202759	0.009447186253964901	0.0010859140893444419	0.0005247551016509533	0.9393507242202759	0.0030336366035044193	0.01575636677443981	0.0013342165620997548	0.015043177641928196	0.0034141791984438896	0.0011964204022660851	0.005176186561584473	0.004637240897864103
723	joy	../Syntropy_Result_Finals/Models/Model_Unsliced_Go_Emotion	../Syntropy_Result_Finals/Models/Model_Unsliced_Go_Emotion	neutral	0.9127737879753113	0.01196345780044794	0.00110357825178653	0.0004931110888719559	0.057464830577373505	0.004866316448897123	0.9127737879753113	0.0006187635590322316	0.006924326531589031	0.0008458895026706159	0.0007112727616913617	0.0012578878086060286	0.000976834911853075
724	pride	../Syntropy_Result_Finals/Models/Model_Unsliced_Go_Emotion	../Syntropy_Result_Finals/Models/Model_Unsliced_Go_Emotion	joy	0.859596848487854	0.07426523417234421	0.0009585832012817264	0.000470942904939875	0.859596848487854	0.00398341566324234	0.052529122680425644	0.0016957856714725494	0.0019040900515392423	0.0022769717033952475	0.0005728111718781292	0.0005982718430459499	0.0011479223612695932
725	pride	../Syntropy_Result_Finals/Models/Model_Unsliced_Go_Emotion	../Syntropy_Result_Finals/Models/Model_Unsliced_Go_Emotion	pride	0.8056991696357727	0.0447174571454525	0.006764160469174385	0.0018740417435765266	0.041171129792928696	0.8056991696357727	0.036242686212062836	0.01736358553171158	0.01568136177957058	0.003915611654520035	0.017272740602493286	0.0055217738263309	0.0037761544808745384
726	surprise	../Syntropy_Result_Finals/Models/Model_Unsliced_Go_Emotion	../Syntropy_Result_Finals/Models/Model_Unsliced_Go_Emotion	surprise	0.9423401355743408	0.035404615104198456	0.0012759596575051546	0.000609532231464982	0.0036487404722720385	0.0012292732717469335	0.008693082258105278	0.9423401355743408	0.0005076496163383126	0.0038952832110226154	0.001634654006920755	0.0003455768746789545	0.0004155642236582935
727	joy	../Syntropy_Result_Finals/Models/Model_Unsliced_Go_Emotion	../Syntropy_Result_Finals/Models/Model_Unsliced_Go_Emotion	joy	0.9588585495948792	0.0073966835625469685	0.0006659955251961946	0.0004949206486344337	0.9588585495948792	0.0035530789755284786	0.01753106527030468	0.0007559540099464357	0.006784310098737478	0.002020956017076969	0.0004047918482683599	0.0006586989620700479	0.0008749780827201903
728	joy	../Syntropy_Result_Finals/Models/Model_Unsliced_Go_Emotion	../Syntropy_Result_Finals/Models/Model_Unsliced_Go_Emotion	joy	0.9507635235786438	0.022005407139658928	0.00037110786070115864	0.00024256108736153692	0.9507635235786438	0.005331364925950766	0.015149889513850212	0.0018977115396410227	0.0011035250499844551	0.0016019626054912806	0.0003913694527000189	0.0004256497195456177	0.0007158730295486748
729	anger	../Syntropy_Result_Finals/Models/Model_Unsliced_Go_Emotion	../Syntropy_Result_Finals/Models/Model_Unsliced_Go_Emotion	neutral	0.9474658966064453	0.0031610375735908747	0.002054630545899272	0.0011281409533694386	0.00597419124096632	0.0023973279166966677	0.9474658966064453	0.0010744230821728706	0.02027757093310356	0.0017259131418541074	0.003205148968845606	0.005589514039456844	0.00594622315838933
730	nervousness	../Syntropy_Result_Finals/Models/Model_Unsliced_Go_Emotion	../Syntropy_Result_Finals/Models/Model_Unsliced_Go_Emotion	pride	0.5299164056777954	0.23030619323253632	0.0496290922164917	0.0062976134940981865	0.05229174345731735	0.5299164056777954	0.022360417991876602	0.04097026214003563	0.018938196823000908	0.005255619529634714	0.036350853741168976	0.003538707038387656	0.00414490420371294
731	joy	../Syntropy_Result_Finals/Models/Model_Unsliced_Go_Emotion	../Syntropy_Result_Finals/Models/Model_Unsliced_Go_Emotion	joy	0.9489102363586426	0.022919705137610435	0.0004354672855697572	0.00030407909071072936	0.9489102363586426	0.0035770516842603683	0.01797299087047577	0.0013198476517573	0.000901728926692158	0.0015814905054867268	0.0003123187052551657	0.0007501523359678686	0.0010150315938517451
732	neutral	../Syntropy_Result_Finals/Models/Model_Unsliced_Go_Emotion	../Syntropy_Result_Finals/Models/Model_Unsliced_Go_Emotion	neutral	0.7759413719177246	0.040215909481048584	0.0017926385626196861	0.0005862999241799116	0.15723827481269836	0.011642550118267536	0.7759413719177246	0.0011643188772723079	0.002939297817647457	0.0013428624952211976	0.0011672071414068341	0.004244324751198292	0.0017249742522835732
733	confusion	../Syntropy_Result_Finals/Models/Model_Unsliced_Go_Emotion	../Syntropy_Result_Finals/Models/Model_Unsliced_Go_Emotion	nervousness	0.7658211588859558	0.017958752810955048	0.7658211588859558	0.10294106602668762	0.004704105202108622	0.0036681650672107935	0.035487037152051926	0.0027924140449613333	0.026289479807019234	0.03336426615715027	0.0037940065376460552	0.0017174261156469584	0.0014620970468968153
734	excitement	../Syntropy_Result_Finals/Models/Model_Unsliced_Go_Emotion	../Syntropy_Result_Finals/Models/Model_Unsliced_Go_Emotion	neutral	0.5421814918518066	0.021039199084043503	0.02304215170443058	0.007235952187329531	0.05874980613589287	0.03733275458216667	0.5421814918518066	0.004022310953587294	0.2784425616264343	0.0036185248754918575	0.01101595163345337	0.008676954545080662	0.004642276093363762
735	neutral	../Syntropy_Result_Finals/Models/Model_Unsliced_Go_Emotion	../Syntropy_Result_Finals/Models/Model_Unsliced_Go_Emotion	joy	0.705536425113678	0.2566628158092499	0.0009521331521682441	0.0006110455142334104	0.705536425113678	0.003758644685149193	0.024586042389273643	0.0024505502078682184	0.0009846006287261844	0.0023259243462234735	0.0003710984601639211	0.0008875987259671092	0.0008731305133551359
736	joy	../Syntropy_Result_Finals/Models/Model_Unsliced_Go_Emotion	../Syntropy_Result_Finals/Models/Model_Unsliced_Go_Emotion	joy	0.8690173625946045	0.044696733355522156	0.0004909575218334794	0.00025659610400907695	0.8690173625946045	0.006453037261962891	0.07287580519914627	0.001622108626179397	0.0010053403675556183	0.001403843518346548	0.000384911778382957	0.0008452641195617616	0.0009480516891926527
737	joy	../Syntropy_Result_Finals/Models/Model_Unsliced_Go_Emotion	../Syntropy_Result_Finals/Models/Model_Unsliced_Go_Emotion	joy	0.9562361836433411	0.015628285706043243	0.0003607165126595646	0.0002674523275345564	0.9562361836433411	0.003104530507698655	0.018511326983571053	0.0013201087713241577	0.0009995389264076948	0.0016974321333691478	0.00030359343509189785	0.0006321734399534762	0.0009387238533236086
738	neutral	../Syntropy_Result_Finals/Models/Model_Unsliced_Go_Emotion	../Syntropy_Result_Finals/Models/Model_Unsliced_Go_Emotion	joy	0.7313073873519897	0.052498262375593185	0.002215150510892272	0.0006300148670561612	0.7313073873519897	0.019058991223573685	0.17843002080917358	0.0023495787754654884	0.008261372335255146	0.002285393886268139	0.0009617739706300199	0.0008201206801459193	0.0011818896746262908
739	joy	../Syntropy_Result_Finals/Models/Model_Unsliced_Go_Emotion	../Syntropy_Result_Finals/Models/Model_Unsliced_Go_Emotion	neutral	0.6760468482971191	0.0030335092451423407	0.007517081219702959	0.0030264933593571186	0.020101362839341164	0.0053831241093575954	0.6760468482971191	0.0007843406638130546	0.2743692994117737	0.0019149554427713156	0.0032865640241652727	0.002265375107526779	0.002270956989377737
740	excitement	../Syntropy_Result_Finals/Models/Model_Unsliced_Go_Emotion	../Syntropy_Result_Finals/Models/Model_Unsliced_Go_Emotion	joy	0.8152024149894714	0.054275818169116974	0.0008806737023405731	0.0004946161061525345	0.8152024149894714	0.005097534041851759	0.1128401905298233	0.001963853370398283	0.0019366424530744553	0.00487596495077014	0.0005625517223961651	0.0008633446996100247	0.0010063734371215105
741	neutral	../Syntropy_Result_Finals/Models/Model_Unsliced_Go_Emotion	../Syntropy_Result_Finals/Models/Model_Unsliced_Go_Emotion	joy	0.96440190076828	0.01475380640476942	0.00031143741216510534	0.00019594850891735405	0.96440190076828	0.0027952888049185276	0.011793374083936214	0.0011711125262081623	0.001346841687336564	0.0014401832595467567	0.0002957317919936031	0.000564850983209908	0.0009294930496253073
742	surprise	../Syntropy_Result_Finals/Models/Model_Unsliced_Go_Emotion	../Syntropy_Result_Finals/Models/Model_Unsliced_Go_Emotion	joy	0.9460407495498657	0.011109760031104088	0.0003910236118827015	0.00022779207210987806	0.9460407495498657	0.004707749467343092	0.031370095908641815	0.0009450574871152639	0.0020865672267973423	0.0015900114085525274	0.0003581370983738452	0.0004935017786920071	0.0006794644286856055
743	excitement	../Syntropy_Result_Finals/Models/Model_Unsliced_Go_Emotion	../Syntropy_Result_Finals/Models/Model_Unsliced_Go_Emotion	joy	0.959563136100769	0.02009056881070137	0.0005626711063086987	0.0002881979162339121	0.959563136100769	0.0036755171604454517	0.00982100423425436	0.0009808845352381468	0.0021745245903730392	0.001333495951257646	0.0003010625659953803	0.0004629231698345393	0.0007460169144906104
744	pride	../Syntropy_Result_Finals/Models/Model_Unsliced_Go_Emotion	../Syntropy_Result_Finals/Models/Model_Unsliced_Go_Emotion	pride	0.7933680415153503	0.037424519658088684	0.00606487225741148	0.002171950414776802	0.04576656222343445	0.7933680415153503	0.04996607080101967	0.01716824248433113	0.013713745400309563	0.004393921699374914	0.01891457289457321	0.007072178181260824	0.003975271247327328
745	excitement	../Syntropy_Result_Finals/Models/Model_Unsliced_Go_Emotion	../Syntropy_Result_Finals/Models/Model_Unsliced_Go_Emotion	neutral	0.9779083132743835	0.008377269841730595	0.000477082357974723	0.000343460647854954	0.005595495458692312	0.0014634787803515792	0.9779083132743835	0.0008688871166668832	0.0009057102724909782	0.0024330434389412403	0.00033597281435504556	0.0008937646052800119	0.00039746228139847517
746	embarrassment	../Syntropy_Result_Finals/Models/Model_Unsliced_Go_Emotion	../Syntropy_Result_Finals/Models/Model_Unsliced_Go_Emotion	embarrassment	0.35787516832351685	0.0040166014805436134	0.0405329205095768	0.01935066096484661	0.007035482209175825	0.009534352459013462	0.3213289976119995	0.011456301435828209	0.19609178602695465	0.012569871731102467	0.35787516832351685	0.007777652703225613	0.012430284172296524
747	pride	../Syntropy_Result_Finals/Models/Model_Unsliced_Go_Emotion	../Syntropy_Result_Finals/Models/Model_Unsliced_Go_Emotion	neutral	0.9663084149360657	0.0056437659077346325	0.0025354260578751564	0.0014639151049777865	0.0050482796505093575	0.0037030023522675037	0.9663084149360657	0.0007956428453326225	0.00913130771368742	0.002215985208749771	0.0009030856308527291	0.0015841773711144924	0.0006670892471447587
748	neutral	../Syntropy_Result_Finals/Models/Model_Unsliced_Go_Emotion	../Syntropy_Result_Finals/Models/Model_Unsliced_Go_Emotion	joy	0.8716412782669067	0.017460903152823448	0.0008870372548699379	0.0005463470006361604	0.8716412782669067	0.00750713050365448	0.09215186536312103	0.0007780297892168164	0.005314668640494347	0.0018535734852775931	0.0004724974278360605	0.0006549253012053668	0.0007318116840906441
749	joy	../Syntropy_Result_Finals/Models/Model_Unsliced_Go_Emotion	../Syntropy_Result_Finals/Models/Model_Unsliced_Go_Emotion	joy	0.6573867201805115	0.1179855689406395	0.06528636068105698	0.014345172792673111	0.6573867201805115	0.014841682277619839	0.048429135233163834	0.00397089309990406	0.06857474148273468	0.003914506174623966	0.002355025615543127	0.0009678144124336541	0.0019424041965976357
750	neutral	../Syntropy_Result_Finals/Models/Model_Unsliced_Go_Emotion	../Syntropy_Result_Finals/Models/Model_Unsliced_Go_Emotion	neutral	0.8015446066856384	0.012863632291555405	0.002148964209482074	0.0007840082398615777	0.15727770328521729	0.0098396185785532	0.8015446066856384	0.0007755928090773523	0.008788208477199078	0.001530789420939982	0.0010682159336283803	0.001980323577299714	0.0013984496472403407
751	joy	../Syntropy_Result_Finals/Models/Model_Unsliced_Go_Emotion	../Syntropy_Result_Finals/Models/Model_Unsliced_Go_Emotion	joy	0.9706321358680725	0.010161928832530975	0.0003332764026708901	0.0003262556856498122	0.9706321358680725	0.0036024192813783884	0.009671252220869064	0.0008078253013081849	0.0014090953627601266	0.0012813365319743752	0.0002899722894653678	0.0006034280522726476	0.0008810542058199644
752	neutral	../Syntropy_Result_Finals/Models/Model_Unsliced_Go_Emotion	../Syntropy_Result_Finals/Models/Model_Unsliced_Go_Emotion	neutral	0.7598846554756165	0.023135673254728317	0.009586595930159092	0.003213322488591075	0.09697666764259338	0.03816157579421997	0.7598846554756165	0.0019034501165151596	0.04924538731575012	0.0022663010749965906	0.003306416794657707	0.010080747306346893	0.0022391972597688437
753	sadness	../Syntropy_Result_Finals/Models/Model_Unsliced_Go_Emotion	../Syntropy_Result_Finals/Models/Model_Unsliced_Go_Emotion	sadness	0.6032389402389526	0.0020191664807498455	0.03605376183986664	0.023052530363202095	0.005098239053040743	0.002962733618915081	0.31058913469314575	0.0012370692566037178	0.6032389402389526	0.008126167580485344	0.0018251845613121986	0.0037866991478949785	0.00201047002337873
754	embarrassment	../Syntropy_Result_Finals/Models/Model_Unsliced_Go_Emotion	../Syntropy_Result_Finals/Models/Model_Unsliced_Go_Emotion	neutral	0.7109479904174805	0.005544498562812805	0.01008303090929985	0.0030338766518980265	0.03412667289376259	0.013457613065838814	0.7109479904174805	0.0012121922336518764	0.1792486608028412	0.0025168193969875574	0.020834872499108315	0.010326307266950607	0.008667410351336002
755	excitement	../Syntropy_Result_Finals/Models/Model_Unsliced_Go_Emotion	../Syntropy_Result_Finals/Models/Model_Unsliced_Go_Emotion	joy	0.616869330406189	0.2605503797531128	0.0017569861374795437	0.0007749447831884027	0.616869330406189	0.007271571084856987	0.10409751534461975	0.0025150917936116457	0.0016915281303226948	0.0019072869326919317	0.0005202281754463911	0.0010719688143581152	0.0009731551981531084
756	joy	../Syntropy_Result_Finals/Models/Model_Unsliced_Go_Emotion	../Syntropy_Result_Finals/Models/Model_Unsliced_Go_Emotion	neutral	0.9237028360366821	0.005508587695658207	0.0015243045054376125	0.0008325222879648209	0.033911917358636856	0.00997407827526331	0.9237028360366821	0.0007200514082796872	0.015999114140868187	0.0034132872242480516	0.001100958208553493	0.0026500921230763197	0.0006622896762564778
757	joy	../Syntropy_Result_Finals/Models/Model_Unsliced_Go_Emotion	../Syntropy_Result_Finals/Models/Model_Unsliced_Go_Emotion	joy	0.9534475207328796	0.018000515177845955	0.0003980326000601053	0.00026072465698234737	0.9534475207328796	0.005162011831998825	0.016750313341617584	0.0014476266223937273	0.001552446628920734	0.0017023286782205105	0.00030408025486394763	0.000387977110221982	0.0005864294362254441
758	pride	../Syntropy_Result_Finals/Models/Model_Unsliced_Go_Emotion	../Syntropy_Result_Finals/Models/Model_Unsliced_Go_Emotion	pride	0.8335902094841003	0.03723635524511337	0.005781950429081917	0.001987929455935955	0.04652951657772064	0.8335902094841003	0.021437374874949455	0.013217628933489323	0.011565313674509525	0.0040245442651212215	0.014632409438490868	0.005943391006439924	0.004053473472595215
759	excitement	../Syntropy_Result_Finals/Models/Model_Unsliced_Go_Emotion	../Syntropy_Result_Finals/Models/Model_Unsliced_Go_Emotion	neutral	0.4790523648262024	0.004075150471180677	0.003238581819459796	0.002975830575451255	0.031445518136024475	0.004648350179195404	0.4790523648262024	0.003122076392173767	0.05685269460082054	0.0047618187963962555	0.036201827228069305	0.021266119554638863	0.3523596227169037
760	pride	../Syntropy_Result_Finals/Models/Model_Unsliced_Go_Emotion	../Syntropy_Result_Finals/Models/Model_Unsliced_Go_Emotion	joy	0.6214057803153992	0.0665757805109024	0.0006923828041180968	0.00039422803092747927	0.6214057803153992	0.017520995810627937	0.28577107191085815	0.0017632414819672704	0.0016578359063714743	0.0014388940762728453	0.0006681425729766488	0.0011972821084782481	0.0009143175557255745
761	confusion	../Syntropy_Result_Finals/Models/Model_Unsliced_Go_Emotion	../Syntropy_Result_Finals/Models/Model_Unsliced_Go_Emotion	neutral	0.9830412268638611	0.0023125342559069395	0.001943616196513176	0.001334324129857123	0.0017600435530766845	0.0009604032966308296	0.9830412268638611	0.0004036390164401382	0.0035416458267718554	0.0025726379826664925	0.0007561782840639353	0.0008012292091734707	0.0005725872470065951
762	joy	../Syntropy_Result_Finals/Models/Model_Unsliced_Go_Emotion	../Syntropy_Result_Finals/Models/Model_Unsliced_Go_Emotion	excitement	0.7479790449142456	0.7479790449142456	0.0007781307213008404	0.00045263514039106667	0.20286715030670166	0.009443961083889008	0.0287618450820446	0.005757580045610666	0.0006298953085206449	0.0012736241333186626	0.0003250950248911977	0.0011282199993729591	0.0006027752533555031
763	neutral	../Syntropy_Result_Finals/Models/Model_Unsliced_Go_Emotion	../Syntropy_Result_Finals/Models/Model_Unsliced_Go_Emotion	joy	0.9461947083473206	0.030315399169921875	0.00038729541120119393	0.0002685014042071998	0.9461947083473206	0.0035377470776438713	0.014135255478322506	0.0013999661896377802	0.0010207043960690498	0.0013308083871379495	0.0002614509721752256	0.0004432900750543922	0.0007049213745631278
764	joy	../Syntropy_Result_Finals/Models/Model_Unsliced_Go_Emotion	../Syntropy_Result_Finals/Models/Model_Unsliced_Go_Emotion	joy	0.8528718948364258	0.006498624105006456	0.001955239335075021	0.0009879556018859148	0.8528718948364258	0.005012304987758398	0.02790013514459133	0.0012239257339388132	0.09584571421146393	0.00403205631300807	0.0009735264466144145	0.0008957604877650738	0.0018027459736913443
765	joy	../Syntropy_Result_Finals/Models/Model_Unsliced_Go_Emotion	../Syntropy_Result_Finals/Models/Model_Unsliced_Go_Emotion	joy	0.9593736529350281	0.023597698658704758	0.00041512749157845974	0.0002751042484305799	0.9593736529350281	0.0033460697159171104	0.007144346833229065	0.001530514913611114	0.001109170843847096	0.0014674430713057518	0.00029480367084033787	0.0005529533373191953	0.0008931889897212386
766	excitement	../Syntropy_Result_Finals/Models/Model_Unsliced_Go_Emotion	../Syntropy_Result_Finals/Models/Model_Unsliced_Go_Emotion	neutral	0.9236430525779724	0.00470903143286705	0.003738683881238103	0.003114877501502633	0.006741346791386604	0.010319249704480171	0.9236430525779724	0.0019041371997445822	0.028133222833275795	0.0014424085384234786	0.004693449009209871	0.007831268012523651	0.0037292095366865396
767	excitement	../Syntropy_Result_Finals/Models/Model_Unsliced_Go_Emotion	../Syntropy_Result_Finals/Models/Model_Unsliced_Go_Emotion	neutral	0.7059887647628784	0.042866140604019165	0.0014649932272732258	0.0005537346005439758	0.19031253457069397	0.0436813049018383	0.7059887647628784	0.0021066470071673393	0.00430748937651515	0.001694419770501554	0.002058009384199977	0.0033709530252963305	0.0015949965454638004
768	surprise	../Syntropy_Result_Finals/Models/Model_Unsliced_Go_Emotion	../Syntropy_Result_Finals/Models/Model_Unsliced_Go_Emotion	joy	0.7928100228309631	0.04234706610441208	0.000830200791824609	0.0005114640225656331	0.7928100228309631	0.06868592649698257	0.08107554167509079	0.002719168085604906	0.004793000873178244	0.001960500841960311	0.001502776169218123	0.0015637977048754692	0.0012005207827314734
769	joy	../Syntropy_Result_Finals/Models/Model_Unsliced_Go_Emotion	../Syntropy_Result_Finals/Models/Model_Unsliced_Go_Emotion	joy	0.7487358450889587	0.07576771825551987	0.0008460786775685847	0.00044383827480487525	0.7487358450889587	0.010678634978830814	0.15639980137348175	0.001310459803789854	0.002112703863531351	0.001235782285220921	0.0004334145341999829	0.001097852480597794	0.0009378885151818395
770	excitement	../Syntropy_Result_Finals/Models/Model_Unsliced_Go_Emotion	../Syntropy_Result_Finals/Models/Model_Unsliced_Go_Emotion	joy	0.8655998706817627	0.05742409825325012	0.0004752824315801263	0.00037772313226014376	0.8655998706817627	0.005260278005152941	0.0649941936135292	0.0012911042431369424	0.0014307564124464989	0.001407617935910821	0.00029174002702347934	0.0006477098213508725	0.0007996398489922285
771	surprise	../Syntropy_Result_Finals/Models/Model_Unsliced_Go_Emotion	../Syntropy_Result_Finals/Models/Model_Unsliced_Go_Emotion	neutral	0.9487313628196716	0.024664008989930153	0.0010489242849871516	0.0006508715450763702	0.008212117478251457	0.0016045289812609553	0.9487313628196716	0.002403276041150093	0.0007675507222302258	0.009886983782052994	0.00048133113887161016	0.0010198578238487244	0.000529172015376389
772	neutral	../Syntropy_Result_Finals/Models/Model_Unsliced_Go_Emotion	../Syntropy_Result_Finals/Models/Model_Unsliced_Go_Emotion	joy	0.8186092376708984	0.13575831055641174	0.000557448307517916	0.000326466397382319	0.8186092376708984	0.014599590562283993	0.02313680201768875	0.0032269128132611513	0.0011743227951228619	0.0011259454768151045	0.0003972661797888577	0.0004963403334841132	0.0005913487984798849
773	pride	../Syntropy_Result_Finals/Models/Model_Unsliced_Go_Emotion	../Syntropy_Result_Finals/Models/Model_Unsliced_Go_Emotion	neutral	0.9342116713523865	0.007256784476339817	0.0017506321892142296	0.0008127728942781687	0.021699298173189163	0.0036603861954063177	0.9342116713523865	0.0012498199939727783	0.01925777643918991	0.0014075568178668618	0.0026610696222633123	0.0025906777009367943	0.003441459033638239
774	confusion	../Syntropy_Result_Finals/Models/Model_Unsliced_Go_Emotion	../Syntropy_Result_Finals/Models/Model_Unsliced_Go_Emotion	neutral	0.724241316318512	0.0006375194061547518	0.015317955985665321	0.011876159347593784	0.0013325343606993556	0.0011764834634959698	0.724241316318512	0.0005736396415159106	0.23166809976100922	0.004874205682426691	0.0021526222117245197	0.003131412435323	0.003018048359081149
775	neutral	../Syntropy_Result_Finals/Models/Model_Unsliced_Go_Emotion	../Syntropy_Result_Finals/Models/Model_Unsliced_Go_Emotion	joy	0.8422022461891174	0.10691423714160919	0.00041530607268214226	0.00024067530466709286	0.8422022461891174	0.00918308924883604	0.035122454166412354	0.002474406501278281	0.0009156601154245436	0.0009595765150152147	0.00042222795309498906	0.0005058771348558366	0.0006443564197979867
776	excitement	../Syntropy_Result_Finals/Models/Model_Unsliced_Go_Emotion	../Syntropy_Result_Finals/Models/Model_Unsliced_Go_Emotion	joy	0.9339982271194458	0.045148205012083054	0.0005352641455829144	0.00034702804987318814	0.9339982271194458	0.004716674331575632	0.009416275657713413	0.0018294707406312227	0.0008653452387079597	0.0018778076628223062	0.0002987202606163919	0.00039866549195721745	0.0005683245835825801
777	nervousness	../Syntropy_Result_Finals/Models/Model_Unsliced_Go_Emotion	../Syntropy_Result_Finals/Models/Model_Unsliced_Go_Emotion	nervousness	0.8538776636123657	0.026507409289479256	0.8538776636123657	0.0628567487001419	0.005648976191878319	0.007040499243885279	0.009146022610366344	0.005145112052559853	0.015110309235751629	0.0030921276193112135	0.007496044971048832	0.0021983450278639793	0.0018808025633916259
778	excitement	../Syntropy_Result_Finals/Models/Model_Unsliced_Go_Emotion	../Syntropy_Result_Finals/Models/Model_Unsliced_Go_Emotion	joy	0.8348156809806824	0.10980227589607239	0.0005416137282736599	0.0002936862874776125	0.8348156809806824	0.015761295333504677	0.031621258705854416	0.003068875288590789	0.0012420762795954943	0.0011794987367466092	0.0005012111505493522	0.0005060392431914806	0.0006664822576567531
779	excitement	../Syntropy_Result_Finals/Models/Model_Unsliced_Go_Emotion	../Syntropy_Result_Finals/Models/Model_Unsliced_Go_Emotion	joy	0.6099502444267273	0.02370310202240944	0.002397307427600026	0.0006183783407323062	0.6099502444267273	0.015443133190274239	0.3252582550048828	0.0019476184388622642	0.012590963393449783	0.0022684449795633554	0.0021881484426558018	0.0014135517412796617	0.002220758004114032
780	neutral	../Syntropy_Result_Finals/Models/Model_Unsliced_Go_Emotion	../Syntropy_Result_Finals/Models/Model_Unsliced_Go_Emotion	neutral	0.9430205225944519	0.005745641887187958	0.0023541587870568037	0.0010881752241402864	0.01959935575723648	0.0027068268973380327	0.9430205225944519	0.002666065003722906	0.006460664328187704	0.00253782095387578	0.006337362341582775	0.0009406564058735967	0.0065427860245108604
781	excitement	../Syntropy_Result_Finals/Models/Model_Unsliced_Go_Emotion	../Syntropy_Result_Finals/Models/Model_Unsliced_Go_Emotion	joy	0.946728527545929	0.034844376146793365	0.0004708991036750376	0.00029579270631074905	0.946728527545929	0.005322847981005907	0.005817018449306488	0.0022455763537436724	0.001147269969806075	0.0014869683654978871	0.00036152839311398566	0.0004873533616773784	0.0007918964838609099
782	nervousness	../Syntropy_Result_Finals/Models/Model_Unsliced_Go_Emotion	../Syntropy_Result_Finals/Models/Model_Unsliced_Go_Emotion	excitement	0.7423117756843567	0.7423117756843567	0.10853445529937744	0.031465403735637665	0.03740881755948067	0.010719561018049717	0.04453745856881142	0.006771114654839039	0.004888107534497976	0.006827381905168295	0.0027491163928061724	0.0018574576824903488	0.0019293774385005236
783	excitement	../Syntropy_Result_Finals/Models/Model_Unsliced_Go_Emotion	../Syntropy_Result_Finals/Models/Model_Unsliced_Go_Emotion	joy	0.9514119625091553	0.023344984278082848	0.00030986781348474324	0.00021158189338166267	0.9514119625091553	0.0033391634933650494	0.015663238242268562	0.0015750769525766373	0.0010023989016190171	0.0017086369916796684	0.0002510458289179951	0.0004899497726000845	0.0006920787855051458
784	embarrassment	../Syntropy_Result_Finals/Models/Model_Unsliced_Go_Emotion	../Syntropy_Result_Finals/Models/Model_Unsliced_Go_Emotion	neutral	0.4384217858314514	0.003340507624670863	0.004740934353321791	0.0023242246825248003	0.018448757007718086	0.0038683863822370768	0.4384217858314514	0.0013186712749302387	0.08082279562950134	0.005367598962038755	0.0068963379599153996	0.38789230585098267	0.046557679772377014
785	pride	../Syntropy_Result_Finals/Models/Model_Unsliced_Go_Emotion	../Syntropy_Result_Finals/Models/Model_Unsliced_Go_Emotion	neutral	0.9726250171661377	0.002957944292575121	0.0017190966755151749	0.0010175228817388415	0.0029139926191419363	0.002093919785693288	0.9726250171661377	0.0006293897167779505	0.011405403725802898	0.0007825616048648953	0.0010112010641023517	0.001954693114385009	0.0008892580517567694
786	neutral	../Syntropy_Result_Finals/Models/Model_Unsliced_Go_Emotion	../Syntropy_Result_Finals/Models/Model_Unsliced_Go_Emotion	sadness	0.7881620526313782	0.0012606572126969695	0.056006595492362976	0.027432138100266457	0.0030140916351228952	0.0018078514840453863	0.10790235549211502	0.0008951771887950599	0.7881620526313782	0.003013808513060212	0.0034505771473050117	0.0018684329697862267	0.005186185240745544
787	excitement	../Syntropy_Result_Finals/Models/Model_Unsliced_Go_Emotion	../Syntropy_Result_Finals/Models/Model_Unsliced_Go_Emotion	neutral	0.5277060270309448	0.05444900318980217	0.004453797824680805	0.0015527316136285663	0.2539208233356476	0.11881668120622635	0.5277060270309448	0.005516008008271456	0.016510607674717903	0.004818746820092201	0.005651505663990974	0.004591409116983414	0.002012672135606408
788	joy	../Syntropy_Result_Finals/Models/Model_Unsliced_Go_Emotion	../Syntropy_Result_Finals/Models/Model_Unsliced_Go_Emotion	joy	0.8094825148582458	0.012772422283887863	0.0009614727459847927	0.0007000836194492877	0.8094825148582458	0.026030337437987328	0.10557537525892258	0.0012998407473787665	0.034946635365486145	0.0025038174353539944	0.0018589658429846168	0.002098538912832737	0.0017700556199997663
789	neutral	../Syntropy_Result_Finals/Models/Model_Unsliced_Go_Emotion	../Syntropy_Result_Finals/Models/Model_Unsliced_Go_Emotion	neutral	0.6034613847732544	0.021032463759183884	0.0035869686398655176	0.002114594681188464	0.2632054388523102	0.04105013236403465	0.6034613847732544	0.001357775880023837	0.05031754821538925	0.003816773649305105	0.002404884435236454	0.005475352983921766	0.002176671987399459
790	neutral	../Syntropy_Result_Finals/Models/Model_Unsliced_Go_Emotion	../Syntropy_Result_Finals/Models/Model_Unsliced_Go_Emotion	joy	0.8445301651954651	0.03488992899656296	0.0005954125081188977	0.00027271383441984653	0.8445301651954651	0.010470908135175705	0.10179989784955978	0.0017342816572636366	0.001998606137931347	0.0016193550545722246	0.000623125524725765	0.0006016722181811929	0.0008639154257252812
791	neutral	../Syntropy_Result_Finals/Models/Model_Unsliced_Go_Emotion	../Syntropy_Result_Finals/Models/Model_Unsliced_Go_Emotion	joy	0.8746484518051147	0.043381217867136	0.0006944987690076232	0.00037880841409787536	0.8746484518051147	0.006948561407625675	0.06710067391395569	0.002408362692221999	0.0010705824242904782	0.0015865722671151161	0.00039792555617168546	0.0006320546381175518	0.0007523400126956403
792	pride	../Syntropy_Result_Finals/Models/Model_Unsliced_Go_Emotion	../Syntropy_Result_Finals/Models/Model_Unsliced_Go_Emotion	neutral	0.87629634141922	0.009210866875946522	0.0038078459911048412	0.001961689442396164	0.039630863815546036	0.022603027522563934	0.87629634141922	0.001762283151037991	0.03313765674829483	0.0034821636509150267	0.00292223016731441	0.0037750545889139175	0.0014098904794082046
793	excitement	../Syntropy_Result_Finals/Models/Model_Unsliced_Go_Emotion	../Syntropy_Result_Finals/Models/Model_Unsliced_Go_Emotion	neutral	0.5714391469955444	0.04212760925292969	0.000689311302267015	0.00037458408041857183	0.3677303194999695	0.0069449408911168575	0.5714391469955444	0.0017691375687718391	0.0022284858860075474	0.0014992726501077414	0.0007894330774433911	0.002318598097190261	0.0020891267340630293
794	joy	../Syntropy_Result_Finals/Models/Model_Unsliced_Go_Emotion	../Syntropy_Result_Finals/Models/Model_Unsliced_Go_Emotion	joy	0.9673513174057007	0.013857446610927582	0.00033451346098445356	0.000255744467722252	0.9673513174057007	0.0033874146174639463	0.009667337872087955	0.0010627491865307093	0.0015223564114421606	0.001311200438067317	0.0002383389073656872	0.00039433236815966666	0.000617197947576642
795	neutral	../Syntropy_Result_Finals/Models/Model_Unsliced_Go_Emotion	../Syntropy_Result_Finals/Models/Model_Unsliced_Go_Emotion	joy	0.9489513635635376	0.02831261232495308	0.0004705769824795425	0.00036791080492548645	0.9489513635635376	0.002730121836066246	0.013317961245775223	0.0012687935959547758	0.0008777439943514764	0.0015868311747908592	0.0003144865040667355	0.0007021731580607593	0.0010994723998010159
796	joy	../Syntropy_Result_Finals/Models/Model_Unsliced_Go_Emotion	../Syntropy_Result_Finals/Models/Model_Unsliced_Go_Emotion	neutral	0.49231982231140137	0.13994646072387695	0.0013540899381041527	0.0005127670592628419	0.34735485911369324	0.008832373656332493	0.49231982231140137	0.0020104642026126385	0.0017985516460612416	0.0016036930028349161	0.0009138215682469308	0.0017384239472448826	0.0016146638663485646
797	joy	../Syntropy_Result_Finals/Models/Model_Unsliced_Go_Emotion	../Syntropy_Result_Finals/Models/Model_Unsliced_Go_Emotion	joy	0.6796349883079529	0.13269972801208496	0.0020617300178855658	0.0008016679203137755	0.6796349883079529	0.14553014934062958	0.021446116268634796	0.005346132442355156	0.005880728829652071	0.0021690658759325743	0.0020659961737692356	0.001054974738508463	0.0013086838880553842
798	pride	../Syntropy_Result_Finals/Models/Model_Unsliced_Go_Emotion	../Syntropy_Result_Finals/Models/Model_Unsliced_Go_Emotion	pride	0.8146600723266602	0.0308226328343153	0.0054812016896903515	0.0022993385791778564	0.053118158131837845	0.8146600723266602	0.03262922540307045	0.012140114791691303	0.015885109081864357	0.005193695891648531	0.015385507605969906	0.008087101392447948	0.004297844599932432
799	joy	../Syntropy_Result_Finals/Models/Model_Unsliced_Go_Emotion	../Syntropy_Result_Finals/Models/Model_Unsliced_Go_Emotion	joy	0.9676525592803955	0.015696339309215546	0.0005244361236691475	0.0003972248814534396	0.9676525592803955	0.003263376886025071	0.0051588150672614574	0.0015440526185557246	0.0020470633171498775	0.0017943703569471836	0.0003548397507984191	0.0005649110535159707	0.0010020696790888906
800	joy	../Syntropy_Result_Finals/Models/Model_Unsliced_Go_Emotion	../Syntropy_Result_Finals/Models/Model_Unsliced_Go_Emotion	joy	0.8842288851737976	0.025705905631184578	0.0005369280697777867	0.00030793205951340497	0.8842288851737976	0.0038789112586528063	0.0782247930765152	0.0012100179446861148	0.0018154681893065572	0.002491642953827977	0.0003421364526730031	0.0005561526631936431	0.0007012669811956584
801	embarrassment	../Syntropy_Result_Finals/Models/Model_Unsliced_Go_Emotion	../Syntropy_Result_Finals/Models/Model_Unsliced_Go_Emotion	joy	0.9018123149871826	0.0060832989402115345	0.002026372356340289	0.000872765900567174	0.9018123149871826	0.011390386149287224	0.031992871314287186	0.001789592206478119	0.02064988762140274	0.005710266064852476	0.0065153795294463634	0.004931938368827105	0.006224879063665867
802	neutral	../Syntropy_Result_Finals/Models/Model_Unsliced_Go_Emotion	../Syntropy_Result_Finals/Models/Model_Unsliced_Go_Emotion	joy	0.8997504115104675	0.05964239686727524	0.00045174872502684593	0.0002683780330698937	0.8997504115104675	0.006048621144145727	0.028432494029402733	0.001545329112559557	0.0010371905518695712	0.001176545163616538	0.0004090108850505203	0.0004651260969694704	0.0007726891781203449
803	joy	../Syntropy_Result_Finals/Models/Model_Unsliced_Go_Emotion	../Syntropy_Result_Finals/Models/Model_Unsliced_Go_Emotion	excitement	0.3990640640258789	0.3990640640258789	0.0018846070161089301	0.0009384902659803629	0.33805444836616516	0.029376544058322906	0.14494621753692627	0.06993169337511063	0.00238038063980639	0.003850395791232586	0.001795371761545539	0.004020017571747303	0.003757856320589781
804	neutral	../Syntropy_Result_Finals/Models/Model_Unsliced_Go_Emotion	../Syntropy_Result_Finals/Models/Model_Unsliced_Go_Emotion	joy	0.8793774247169495	0.026005631312727928	0.000746241130400449	0.00035312934778630733	0.8793774247169495	0.0034458565060049295	0.08104245364665985	0.0014950977638363838	0.0033168327063322067	0.0024887360632419586	0.0004716312396340072	0.00044039732892997563	0.0008165657636709511
805	sadness	../Syntropy_Result_Finals/Models/Model_Unsliced_Go_Emotion	../Syntropy_Result_Finals/Models/Model_Unsliced_Go_Emotion	sadness	0.9681605100631714	0.00031656393548473716	0.006277965847402811	0.00427212193608284	0.002434570575132966	0.0005419888184405863	0.011514535173773766	0.00030194473220035434	0.9681605100631714	0.0013849023962393403	0.0011290331603959203	0.0012446505716070533	0.002421255689114332
806	joy	../Syntropy_Result_Finals/Models/Model_Unsliced_Go_Emotion	../Syntropy_Result_Finals/Models/Model_Unsliced_Go_Emotion	joy	0.9488797783851624	0.023071972653269768	0.0006043178145773709	0.00038821657653898	0.9488797783851624	0.0030717402696609497	0.017461435869336128	0.0014687940711155534	0.0012024703901261091	0.001788326189853251	0.0004148312727920711	0.0005602554301731288	0.0010878462344408035
807	joy	../Syntropy_Result_Finals/Models/Model_Unsliced_Go_Emotion	../Syntropy_Result_Finals/Models/Model_Unsliced_Go_Emotion	joy	0.8405994176864624	0.11593661457300186	0.0006019950960762799	0.00039464441942982376	0.8405994176864624	0.0031062555499374866	0.03279758617281914	0.002045986009761691	0.0009373269858770072	0.0016293349908664823	0.00028694351203739643	0.0007865334628149867	0.0008773322915658355
808	excitement	../Syntropy_Result_Finals/Models/Model_Unsliced_Go_Emotion	../Syntropy_Result_Finals/Models/Model_Unsliced_Go_Emotion	joy	0.7640585899353027	0.06258624792098999	0.0005696819862350821	0.0003931999672204256	0.7640585899353027	0.013315231539309025	0.1506033092737198	0.0012642822694033384	0.003412224818021059	0.001179796177893877	0.0004164707497693598	0.0013245653826743364	0.00087644875748083
809	excitement	../Syntropy_Result_Finals/Models/Model_Unsliced_Go_Emotion	../Syntropy_Result_Finals/Models/Model_Unsliced_Go_Emotion	excitement	0.948148787021637	0.948148787021637	0.001978816231712699	0.0011141643626615405	0.022690732032060623	0.003411743091419339	0.015062298625707626	0.00401239562779665	0.00041667456389404833	0.001213500858284533	0.00043758106767199934	0.0010931604774668813	0.00042019537067972124
810	pride	../Syntropy_Result_Finals/Models/Model_Unsliced_Go_Emotion	../Syntropy_Result_Finals/Models/Model_Unsliced_Go_Emotion	joy	0.8784341812133789	0.043357010930776596	0.0004988884902559221	0.00026135126245208085	0.8784341812133789	0.005133542697876692	0.06624746322631836	0.0013868664391338825	0.0014752960996702313	0.0013124640099704266	0.00039113141247071326	0.0006140343612059951	0.0008877625223249197
811	neutral	../Syntropy_Result_Finals/Models/Model_Unsliced_Go_Emotion	../Syntropy_Result_Finals/Models/Model_Unsliced_Go_Emotion	joy	0.9693000912666321	0.012181528843939304	0.00034455442801117897	0.00028886820655316114	0.9693000912666321	0.003468578215688467	0.009044056758284569	0.0009811188792809844	0.0017614162061363459	0.001281222328543663	0.00024456100072711706	0.00042116286931559443	0.0006829436169937253
812	joy	../Syntropy_Result_Finals/Models/Model_Unsliced_Go_Emotion	../Syntropy_Result_Finals/Models/Model_Unsliced_Go_Emotion	joy	0.5603137016296387	0.04423489421606064	0.009266038425266743	0.00271431147120893	0.5603137016296387	0.007405343931168318	0.31044861674308777	0.015658622607588768	0.01617010124027729	0.027169229462742805	0.003810408990830183	0.0006447777850553393	0.0021639359183609486
813	excitement	../Syntropy_Result_Finals/Models/Model_Unsliced_Go_Emotion	../Syntropy_Result_Finals/Models/Model_Unsliced_Go_Emotion	joy	0.8894302248954773	0.07625383883714676	0.0004994711489416659	0.000355701835360378	0.8894302248954773	0.0028099464252591133	0.02497807890176773	0.0012622204376384616	0.0008856530184857547	0.0014081584522500634	0.0002548368356656283	0.0007841528858989477	0.0010778236901387572
814	excitement	../Syntropy_Result_Finals/Models/Model_Unsliced_Go_Emotion	../Syntropy_Result_Finals/Models/Model_Unsliced_Go_Emotion	joy	0.7357911467552185	0.23445415496826172	0.0007601803517900407	0.00041517935460433364	0.7357911467552185	0.006560530513525009	0.015704955905675888	0.002346038818359375	0.001320930547080934	0.0012012238148599863	0.00032320129685103893	0.0004966551787219942	0.0006258630310185254
815	joy	../Syntropy_Result_Finals/Models/Model_Unsliced_Go_Emotion	../Syntropy_Result_Finals/Models/Model_Unsliced_Go_Emotion	joy	0.48136913776397705	0.060012441128492355	0.003392517566680908	0.0010774953989312053	0.48136913776397705	0.013062773272395134	0.40359798073768616	0.017507273703813553	0.006979686673730612	0.00575290946289897	0.004139632452279329	0.0006865355535410345	0.0024217094760388136
816	pride	../Syntropy_Result_Finals/Models/Model_Unsliced_Go_Emotion	../Syntropy_Result_Finals/Models/Model_Unsliced_Go_Emotion	joy	0.6545527577400208	0.29705744981765747	0.0008316973107866943	0.0004973173490725458	0.6545527577400208	0.009699802845716476	0.029267407953739166	0.004493738524615765	0.001091578509658575	0.0012199059128761292	0.00029272830579429865	0.0004684485320467502	0.0005272039561532438
817	neutral	../Syntropy_Result_Finals/Models/Model_Unsliced_Go_Emotion	../Syntropy_Result_Finals/Models/Model_Unsliced_Go_Emotion	joy	0.9630934596061707	0.019518429413437843	0.0004058310587424785	0.00027947089984081686	0.9630934596061707	0.002421244280412793	0.008486048318445683	0.0013127875281497836	0.0014327192911878228	0.0016684875590726733	0.00024033150111790746	0.00043880316661670804	0.0007023938233032823
818	surprise	../Syntropy_Result_Finals/Models/Model_Unsliced_Go_Emotion	../Syntropy_Result_Finals/Models/Model_Unsliced_Go_Emotion	neutral	0.4868471622467041	0.057806454598903656	0.0011822831584140658	0.0005136147374287248	0.4326015114784241	0.0071863410994410515	0.4868471622467041	0.0018700318178161979	0.005862228572368622	0.0018666376126930118	0.000976409821305424	0.001132250647060573	0.0021551295649260283
819	joy	../Syntropy_Result_Finals/Models/Model_Unsliced_Go_Emotion	../Syntropy_Result_Finals/Models/Model_Unsliced_Go_Emotion	joy	0.9561890959739685	0.02493833191692829	0.0004168297746218741	0.00031225348357111216	0.9561890959739685	0.0035285602789372206	0.008633557707071304	0.0015063649043440819	0.0009700663504190743	0.0016772004310041666	0.0003390932397451252	0.000582401524297893	0.0009062541648745537
820	surprise	../Syntropy_Result_Finals/Models/Model_Unsliced_Go_Emotion	../Syntropy_Result_Finals/Models/Model_Unsliced_Go_Emotion	surprise	0.9142603874206543	0.04247736558318138	0.001530068344436586	0.0008281507180072367	0.00376015598885715	0.0015397382667288184	0.02675378881394863	0.9142603874206543	0.0005884734564460814	0.005900658201426268	0.0013803375186398625	0.0004779321316163987	0.0005029430030845106
821	pride	../Syntropy_Result_Finals/Models/Model_Unsliced_Go_Emotion	../Syntropy_Result_Finals/Models/Model_Unsliced_Go_Emotion	pride	0.6851711869239807	0.04468612000346184	0.00912674143910408	0.002710740314796567	0.06516078859567642	0.6851711869239807	0.07149601727724075	0.01148870401084423	0.053101710975170135	0.005153096746653318	0.0310831218957901	0.015183959156274796	0.005637816619127989
822	excitement	../Syntropy_Result_Finals/Models/Model_Unsliced_Go_Emotion	../Syntropy_Result_Finals/Models/Model_Unsliced_Go_Emotion	neutral	0.9612541198730469	0.0021629775874316692	0.004588461015373468	0.0018028946360573173	0.003203433007001877	0.001501391059719026	0.9612541198730469	0.0008686791406944394	0.017216503620147705	0.003626268357038498	0.002068923320621252	0.0006020585424266756	0.0011042740661650896
823	nervousness	../Syntropy_Result_Finals/Models/Model_Unsliced_Go_Emotion	../Syntropy_Result_Finals/Models/Model_Unsliced_Go_Emotion	neutral	0.7923830151557922	0.022545993328094482	0.002721653785556555	0.001485419925302267	0.12924529612064362	0.018647458404302597	0.7923830151557922	0.0016251419438049197	0.022789431735873222	0.0016069324919953942	0.002812423510476947	0.0024700257927179337	0.0016673144418746233
824	excitement	../Syntropy_Result_Finals/Models/Model_Unsliced_Go_Emotion	../Syntropy_Result_Finals/Models/Model_Unsliced_Go_Emotion	neutral	0.7109790444374084	0.20427413284778595	0.0026550479233264923	0.000985474674962461	0.04541222006082535	0.01636156067252159	0.7109790444374084	0.0057165129110217094	0.002225359668955207	0.002021515043452382	0.001372079481370747	0.006795198190957308	0.0012019131099805236
825	sadness	../Syntropy_Result_Finals/Models/Model_Unsliced_Go_Emotion	../Syntropy_Result_Finals/Models/Model_Unsliced_Go_Emotion	surprise	0.406157910823822	0.37669456005096436	0.011818396858870983	0.0029836734756827354	0.08554854243993759	0.011990418657660484	0.08478077501058578	0.406157910823822	0.0047185663133859634	0.007746189367026091	0.00600364850834012	0.0005484739085659385	0.0010089277056977153
826	pride	../Syntropy_Result_Finals/Models/Model_Unsliced_Go_Emotion	../Syntropy_Result_Finals/Models/Model_Unsliced_Go_Emotion	neutral	0.6461557149887085	0.20373326539993286	0.003640875918790698	0.0012890422949567437	0.08488155901432037	0.039845820516347885	0.6461557149887085	0.010039727203547955	0.0033512464724481106	0.0021824785508215427	0.0014774862211197615	0.0023690909147262573	0.0010337288258597255
827	joy	../Syntropy_Result_Finals/Models/Model_Unsliced_Go_Emotion	../Syntropy_Result_Finals/Models/Model_Unsliced_Go_Emotion	joy	0.8639187812805176	0.026489250361919403	0.0007775747217237949	0.000310304865706712	0.8639187812805176	0.0036351322196424007	0.09656575322151184	0.0018949356162920594	0.0020953421480953693	0.002188636688515544	0.0005905513535253704	0.0004695849202107638	0.0010640863329172134
828	nervousness	../Syntropy_Result_Finals/Models/Model_Unsliced_Go_Emotion	../Syntropy_Result_Finals/Models/Model_Unsliced_Go_Emotion	pride	0.4900631308555603	0.23097987473011017	0.07590895891189575	0.009160741232335567	0.05419981852173805	0.4900631308555603	0.02397201769053936	0.022034887224435806	0.04679778218269348	0.005093342624604702	0.031254060566425323	0.006474295165389776	0.004060976207256317
829	joy	../Syntropy_Result_Finals/Models/Model_Unsliced_Go_Emotion	../Syntropy_Result_Finals/Models/Model_Unsliced_Go_Emotion	joy	0.9448667168617249	0.018585240468382835	0.0005031615728512406	0.0003074443666264415	0.9448667168617249	0.003575622569769621	0.025742225348949432	0.0010543420212343335	0.0013211490586400032	0.0016721399733796716	0.00034844191395677626	0.0008452367619611323	0.0011782249202951789
830	joy	../Syntropy_Result_Finals/Models/Model_Unsliced_Go_Emotion	../Syntropy_Result_Finals/Models/Model_Unsliced_Go_Emotion	joy	0.9570278525352478	0.008921721018850803	0.0004377338045742363	0.00028415117412805557	0.9570278525352478	0.0032526403665542603	0.021244587376713753	0.0009286136482842267	0.004439217038452625	0.001781429979018867	0.0003423650923650712	0.00044438507757149637	0.0008953035576269031
831	neutral	../Syntropy_Result_Finals/Models/Model_Unsliced_Go_Emotion	../Syntropy_Result_Finals/Models/Model_Unsliced_Go_Emotion	neutral	0.9105646014213562	0.011490380391478539	0.002827196381986141	0.001435317681171	0.019867748022079468	0.01599198952317238	0.9105646014213562	0.009490788914263248	0.01751898229122162	0.0023109503090381622	0.004346787463873625	0.002030367963016033	0.0021249146666377783
832	pride	../Syntropy_Result_Finals/Models/Model_Unsliced_Go_Emotion	../Syntropy_Result_Finals/Models/Model_Unsliced_Go_Emotion	joy	0.6055409908294678	0.017640680074691772	0.0020358706824481487	0.0014193245442584157	0.6055409908294678	0.0743100717663765	0.22905506193637848	0.0020885441917926073	0.0560702309012413	0.00481661781668663	0.0025464065838605165	0.0026038959622383118	0.0018723364919424057
833	pride	../Syntropy_Result_Finals/Models/Model_Unsliced_Go_Emotion	../Syntropy_Result_Finals/Models/Model_Unsliced_Go_Emotion	joy	0.9552717804908752	0.022377751767635345	0.000290924304863438	0.0001948304707184434	0.9552717804908752	0.0051516517996788025	0.011719230562448502	0.001106119598262012	0.0009039154392667115	0.001107929740101099	0.00034536057501100004	0.0005910883191972971	0.0009395621600560844
834	excitement	../Syntropy_Result_Finals/Models/Model_Unsliced_Go_Emotion	../Syntropy_Result_Finals/Models/Model_Unsliced_Go_Emotion	joy	0.36597833037376404	0.267206609249115	0.0009505123016424477	0.0004463311634026468	0.36597833037376404	0.012059115804731846	0.34120845794677734	0.006032419390976429	0.0010584737174212933	0.0021937647834420204	0.0007456943858414888	0.0010774722322821617	0.0010427802335470915
835	excitement	../Syntropy_Result_Finals/Models/Model_Unsliced_Go_Emotion	../Syntropy_Result_Finals/Models/Model_Unsliced_Go_Emotion	surprise	0.5306429862976074	0.3846277892589569	0.0022689620964229107	0.0008661168394610286	0.05636081472039223	0.007712138816714287	0.010247388854622841	0.5306429862976074	0.0008994516683742404	0.0032700689043849707	0.0018575453432276845	0.0005606290651485324	0.0006860669236630201
836	excitement	../Syntropy_Result_Finals/Models/Model_Unsliced_Go_Emotion	../Syntropy_Result_Finals/Models/Model_Unsliced_Go_Emotion	neutral	0.5113784670829773	0.03778960928320885	0.002343206899240613	0.0011319462209939957	0.3568478226661682	0.06773573160171509	0.5113784670829773	0.0020604454912245274	0.010434787720441818	0.0026715027634054422	0.0022299622651189566	0.0036924283485859632	0.0016841526376083493
837	neutral	../Syntropy_Result_Finals/Models/Model_Unsliced_Go_Emotion	../Syntropy_Result_Finals/Models/Model_Unsliced_Go_Emotion	sadness	0.6556580066680908	0.00294749834574759	0.003325303317978978	0.0014548052567988634	0.15185265243053436	0.0055764215067029	0.16818681359291077	0.0010487757390365005	0.6556580066680908	0.004371658433228731	0.001924114883877337	0.001294277491979301	0.002359650796279311
838	pride	../Syntropy_Result_Finals/Models/Model_Unsliced_Go_Emotion	../Syntropy_Result_Finals/Models/Model_Unsliced_Go_Emotion	pride	0.756369411945343	0.028893383219838142	0.020537052303552628	0.007251882925629616	0.0292735006660223	0.756369411945343	0.010625014081597328	0.038740359246730804	0.02681640349328518	0.007448173128068447	0.05679687485098839	0.009279108606278896	0.007968856021761894
839	neutral	../Syntropy_Result_Finals/Models/Model_Unsliced_Go_Emotion	../Syntropy_Result_Finals/Models/Model_Unsliced_Go_Emotion	neutral	0.985669732093811	0.0013625560095533729	0.00030290315044112504	0.0002793318126350641	0.0023405770771205425	0.0008282905328087509	0.985669732093811	0.0003191572322975844	0.0017344736261293292	0.0005739690968766809	0.0003802562423516065	0.005343826021999121	0.0008649838855490088
840	anger	../Syntropy_Result_Finals/Models/Model_Unsliced_Go_Emotion	../Syntropy_Result_Finals/Models/Model_Unsliced_Go_Emotion	neutral	0.718224287033081	0.0013868504902347922	0.004277939908206463	0.005536348093301058	0.0048573934473097324	0.002468603430315852	0.718224287033081	0.0013383474433794618	0.17871427536010742	0.0036891724448651075	0.006525054574012756	0.04965021461248398	0.023331496864557266
841	neutral	../Syntropy_Result_Finals/Models/Model_Unsliced_Go_Emotion	../Syntropy_Result_Finals/Models/Model_Unsliced_Go_Emotion	nervousness	0.6774060726165771	0.09197685867547989	0.6774060726165771	0.049039069563150406	0.02632625214755535	0.015014175325632095	0.09564138948917389	0.005863572936505079	0.018721090629696846	0.004724890924990177	0.008313203230500221	0.0034707935992628336	0.0035026404075324535
842	neutral	../Syntropy_Result_Finals/Models/Model_Unsliced_Go_Emotion	../Syntropy_Result_Finals/Models/Model_Unsliced_Go_Emotion	joy	0.9347454309463501	0.03792289271950722	0.00034085751394741237	0.0002674819261301309	0.9347454309463501	0.0028157082851976156	0.018576623871922493	0.001359798014163971	0.0007882184581831098	0.0014679001178592443	0.00023835027241148055	0.0006377942045219243	0.0008388457936234772
843	nervousness	../Syntropy_Result_Finals/Models/Model_Unsliced_Go_Emotion	../Syntropy_Result_Finals/Models/Model_Unsliced_Go_Emotion	sadness	0.6449693441390991	0.011627260595560074	0.09498684853315353	0.05489834025502205	0.008830120787024498	0.007029751781374216	0.12617462873458862	0.0025772671215236187	0.6449693441390991	0.006561941467225552	0.01605692319571972	0.01590106263756752	0.010386564768850803
844	pride	../Syntropy_Result_Finals/Models/Model_Unsliced_Go_Emotion	../Syntropy_Result_Finals/Models/Model_Unsliced_Go_Emotion	joy	0.5039101839065552	0.025997348129749298	0.0006007282063364983	0.00042079167906194925	0.5039101839065552	0.008660483174026012	0.45227721333503723	0.0007728082127869129	0.002058953745290637	0.0018672625301405787	0.00047451589489355683	0.001969974022358656	0.000989731284789741
845	neutral	../Syntropy_Result_Finals/Models/Model_Unsliced_Go_Emotion	../Syntropy_Result_Finals/Models/Model_Unsliced_Go_Emotion	joy	0.8130906820297241	0.034148477017879486	0.001801229314878583	0.0007088464917615056	0.8130906820297241	0.04026567190885544	0.08508209139108658	0.002238508779555559	0.01684996858239174	0.0020941677503287792	0.0015837008832022548	0.0009212000877596438	0.001215453026816249
846	excitement	../Syntropy_Result_Finals/Models/Model_Unsliced_Go_Emotion	../Syntropy_Result_Finals/Models/Model_Unsliced_Go_Emotion	joy	0.7567915320396423	0.16564835608005524	0.000646421976853162	0.00035774815478362143	0.7567915320396423	0.02581324614584446	0.04288865253329277	0.0032020281068980694	0.001576605369336903	0.001043038908392191	0.0006187821854837239	0.0006672556046396494	0.0007462891517207026
847	excitement	../Syntropy_Result_Finals/Models/Model_Unsliced_Go_Emotion	../Syntropy_Result_Finals/Models/Model_Unsliced_Go_Emotion	joy	0.6755197644233704	0.16743378341197968	0.0005206255009397864	0.0002867984876502305	0.6755197644233704	0.006635873578488827	0.1401868760585785	0.0039046185556799173	0.0009872426744550467	0.001861642929725349	0.0006070977542549372	0.0009940287563949823	0.0010617371881380677
848	joy	../Syntropy_Result_Finals/Models/Model_Unsliced_Go_Emotion	../Syntropy_Result_Finals/Models/Model_Unsliced_Go_Emotion	neutral	0.5511570572853088	0.0256216861307621	0.012414859607815742	0.002756566973403096	0.3343900144100189	0.009249881841242313	0.5511570572853088	0.0017788673285394907	0.04659503698348999	0.006897821556776762	0.004016691353172064	0.0016956499312072992	0.003425886854529381
849	nervousness	../Syntropy_Result_Finals/Models/Model_Unsliced_Go_Emotion	../Syntropy_Result_Finals/Models/Model_Unsliced_Go_Emotion	nervousness	0.783989429473877	0.01859278231859207	0.783989429473877	0.10390817373991013	0.00469411164522171	0.004946177359670401	0.042582668364048004	0.003469727700576186	0.020780742168426514	0.004699646029621363	0.0071236672811210155	0.002778412075713277	0.0024344604462385178
850	neutral	../Syntropy_Result_Finals/Models/Model_Unsliced_Go_Emotion	../Syntropy_Result_Finals/Models/Model_Unsliced_Go_Emotion	neutral	0.5759081244468689	0.02644442394375801	0.0012969283852726221	0.0007700464338995516	0.34881746768951416	0.028203919529914856	0.5759081244468689	0.001330947270616889	0.00875481404364109	0.00289714802056551	0.0011641689343377948	0.0031643190886825323	0.0012477327836677432
851	joy	../Syntropy_Result_Finals/Models/Model_Unsliced_Go_Emotion	../Syntropy_Result_Finals/Models/Model_Unsliced_Go_Emotion	joy	0.6817600727081299	0.02336285449564457	0.0005416196654550731	0.00027920425054617226	0.6817600727081299	0.009209184907376766	0.2762413024902344	0.0009794567013159394	0.0024796435609459877	0.0013385146157816052	0.000887779810000211	0.0013640959514304996	0.001556339324451983
852	joy	../Syntropy_Result_Finals/Models/Model_Unsliced_Go_Emotion	../Syntropy_Result_Finals/Models/Model_Unsliced_Go_Emotion	neutral	0.7793830633163452	0.007116242311894894	0.0058109331876039505	0.0024345670826733112	0.06841680407524109	0.014550343155860901	0.7793830633163452	0.0007568138535134494	0.10809440910816193	0.003222877625375986	0.0028962059877812862	0.005158616229891777	0.0021592159755527973
853	excitement	../Syntropy_Result_Finals/Models/Model_Unsliced_Go_Emotion	../Syntropy_Result_Finals/Models/Model_Unsliced_Go_Emotion	neutral	0.788741946220398	0.04475022107362747	0.003946544136852026	0.0012200293131172657	0.097811758518219	0.044419676065444946	0.788741946220398	0.0020566731691360474	0.0073857298120856285	0.002407175488770008	0.002173133660107851	0.003834180999547243	0.0012529161758720875
854	joy	../Syntropy_Result_Finals/Models/Model_Unsliced_Go_Emotion	../Syntropy_Result_Finals/Models/Model_Unsliced_Go_Emotion	pride	0.5929607152938843	0.07447870075702667	0.005359734408557415	0.0019582679960876703	0.12461111694574356	0.5929607152938843	0.1338922083377838	0.015809152275323868	0.018129544332623482	0.006734086200594902	0.014873222447931767	0.00733610987663269	0.0038571746554225683
855	joy	../Syntropy_Result_Finals/Models/Model_Unsliced_Go_Emotion	../Syntropy_Result_Finals/Models/Model_Unsliced_Go_Emotion	joy	0.7723443508148193	0.09093457460403442	0.0006510379025712609	0.00038492941530421376	0.7723443508148193	0.014054181054234505	0.11473866552114487	0.0022702293936163187	0.001286444254219532	0.0012357586529105902	0.0004782113537658006	0.0008152873488143086	0.0008063228451646864
856	nervousness	../Syntropy_Result_Finals/Models/Model_Unsliced_Go_Emotion	../Syntropy_Result_Finals/Models/Model_Unsliced_Go_Emotion	excitement	0.5078172087669373	0.5078172087669373	0.11029180884361267	0.03089245781302452	0.05452602729201317	0.015089306980371475	0.2294790893793106	0.007280696649104357	0.0199809018522501	0.005162919871509075	0.004693335387855768	0.008782138116657734	0.0060040694661438465
857	excitement	../Syntropy_Result_Finals/Models/Model_Unsliced_Go_Emotion	../Syntropy_Result_Finals/Models/Model_Unsliced_Go_Emotion	joy	0.8742383122444153	0.024541327729821205	0.00037035741843283176	0.00023088751186151057	0.8742383122444153	0.004436821211129427	0.08991183340549469	0.0013823357876390219	0.001482101739384234	0.0015645390376448631	0.0003741802938748151	0.0006715112831443548	0.0007957186899147928
858	nervousness	../Syntropy_Result_Finals/Models/Model_Unsliced_Go_Emotion	../Syntropy_Result_Finals/Models/Model_Unsliced_Go_Emotion	nervousness	0.6735237240791321	0.1752861738204956	0.6735237240791321	0.043628938496112823	0.020860997959971428	0.016427287831902504	0.03018375113606453	0.009504248388111591	0.01313048042356968	0.004468045197427273	0.007647314574569464	0.002739586867392063	0.002599571133032441
859	joy	../Syntropy_Result_Finals/Models/Model_Unsliced_Go_Emotion	../Syntropy_Result_Finals/Models/Model_Unsliced_Go_Emotion	joy	0.8596817255020142	0.024467993527650833	0.00042029618634842336	0.00023809810227248818	0.8596817255020142	0.0036847509909421206	0.10515529662370682	0.0009289419394917786	0.0018161756452172995	0.0017296733567491174	0.00035448322887532413	0.0007173345657065511	0.0008052074699662626
860	excitement	../Syntropy_Result_Finals/Models/Model_Unsliced_Go_Emotion	../Syntropy_Result_Finals/Models/Model_Unsliced_Go_Emotion	pride	0.7512789964675903	0.037086013704538345	0.0051786876283586025	0.002145510632544756	0.08168984204530716	0.7512789964675903	0.05970418453216553	0.011971349827945232	0.019510213285684586	0.005722974427044392	0.015538403764367104	0.006676129996776581	0.003497771918773651
861	neutral	../Syntropy_Result_Finals/Models/Model_Unsliced_Go_Emotion	../Syntropy_Result_Finals/Models/Model_Unsliced_Go_Emotion	neutral	0.518588662147522	0.025018103420734406	0.010496528819203377	0.00375729170627892	0.36535510420799255	0.006563546601682901	0.518588662147522	0.002806117059662938	0.04447824880480766	0.007877402007579803	0.004309658892452717	0.0025527053512632847	0.008196582086384296
862	nervousness	../Syntropy_Result_Finals/Models/Model_Unsliced_Go_Emotion	../Syntropy_Result_Finals/Models/Model_Unsliced_Go_Emotion	joy	0.9156462550163269	0.013712096028029919	0.0019342558225616813	0.001006681239232421	0.9156462550163269	0.004963957238942385	0.018970657140016556	0.006077100522816181	0.006641827989369631	0.026624197140336037	0.0014327848330140114	0.0012309837620705366	0.001759166712872684
863	joy	../Syntropy_Result_Finals/Models/Model_Unsliced_Go_Emotion	../Syntropy_Result_Finals/Models/Model_Unsliced_Go_Emotion	neutral	0.6331182718276978	0.03091457672417164	0.003496317658573389	0.0013190971221774817	0.28076171875	0.02441551350057125	0.6331182718276978	0.0022994689643383026	0.01687687449157238	0.002071210416033864	0.0018922908930107951	0.0013972879387438297	0.0014373374870046973
864	neutral	../Syntropy_Result_Finals/Models/Model_Unsliced_Go_Emotion	../Syntropy_Result_Finals/Models/Model_Unsliced_Go_Emotion	sadness	0.5989465713500977	0.002387918997555971	0.05537025257945061	0.08512701094150543	0.004224017728120089	0.0023997800890356302	0.16588886082172394	0.000839020183775574	0.5989465713500977	0.004200934432446957	0.010338165797293186	0.04630350321531296	0.02397395484149456
865	neutral	../Syntropy_Result_Finals/Models/Model_Unsliced_Go_Emotion	../Syntropy_Result_Finals/Models/Model_Unsliced_Go_Emotion	joy	0.5393874049186707	0.22851713001728058	0.0018269172869622707	0.0006872108788229525	0.5393874049186707	0.02042679488658905	0.19837120175361633	0.00310121919028461	0.0027540784794837236	0.0013018753379583359	0.0007695039384998381	0.001517152413725853	0.001339541282504797
866	surprise	../Syntropy_Result_Finals/Models/Model_Unsliced_Go_Emotion	../Syntropy_Result_Finals/Models/Model_Unsliced_Go_Emotion	excitement	0.5770363211631775	0.5770363211631775	0.002840884495526552	0.0017310569528490305	0.2972482740879059	0.008910118602216244	0.1006176769733429	0.002732385415583849	0.003150473814457655	0.0014418507926166058	0.0007371361134573817	0.002173783490434289	0.0013801170280203223
867	neutral	../Syntropy_Result_Finals/Models/Model_Unsliced_Go_Emotion	../Syntropy_Result_Finals/Models/Model_Unsliced_Go_Emotion	joy	0.775993287563324	0.02398783154785633	0.001294802175834775	0.0005836074706166983	0.775993287563324	0.016072191298007965	0.17060478031635284	0.00169870734680444	0.004794301465153694	0.0023202174343168736	0.0008982352446764708	0.0008300472400151193	0.0009219686617143452
868	excitement	../Syntropy_Result_Finals/Models/Model_Unsliced_Go_Emotion	../Syntropy_Result_Finals/Models/Model_Unsliced_Go_Emotion	excitement	0.600638210773468	0.600638210773468	0.0009063772740773857	0.0006038972642272711	0.32435351610183716	0.004517022054642439	0.06086377426981926	0.0024625181686133146	0.0008845110423862934	0.0018328786827623844	0.0004229763871990144	0.0014541138662025332	0.0010601910762488842
869	neutral	../Syntropy_Result_Finals/Models/Model_Unsliced_Go_Emotion	../Syntropy_Result_Finals/Models/Model_Unsliced_Go_Emotion	joy	0.6825239062309265	0.045949093997478485	0.000678424199577421	0.0002888387243729085	0.6825239062309265	0.004607544746249914	0.2571712136268616	0.0018063022289425135	0.0019114495953544974	0.0029950516764074564	0.0005880036624148488	0.0006256562774069607	0.0008544427691958845
870	pride	../Syntropy_Result_Finals/Models/Model_Unsliced_Go_Emotion	../Syntropy_Result_Finals/Models/Model_Unsliced_Go_Emotion	joy	0.9483411908149719	0.01590416394174099	0.0002915697987191379	0.00025584790273569524	0.9483411908149719	0.00393398804590106	0.025840887799859047	0.0007068624836392701	0.0022036924492567778	0.0012110989773645997	0.00021261998335830867	0.0004904221277683973	0.0006077102734707296
871	joy	../Syntropy_Result_Finals/Models/Model_Unsliced_Go_Emotion	../Syntropy_Result_Finals/Models/Model_Unsliced_Go_Emotion	joy	0.40869903564453125	0.217476487159729	0.000818002677988261	0.0005139136337675154	0.40869903564453125	0.005114618688821793	0.3561688959598541	0.0038216887041926384	0.0013533785240724683	0.0021196461748331785	0.0008109951158985496	0.001401576679199934	0.0017017346108332276
872	pride	../Syntropy_Result_Finals/Models/Model_Unsliced_Go_Emotion	../Syntropy_Result_Finals/Models/Model_Unsliced_Go_Emotion	pride	0.8031316995620728	0.053618282079696655	0.004856100771576166	0.0016362924361601472	0.06536977738142014	0.8031316995620728	0.023105110973119736	0.013219715096056461	0.010649731382727623	0.003844258841127157	0.012558717280626297	0.004634245298802853	0.003376021981239319
873	pride	../Syntropy_Result_Finals/Models/Model_Unsliced_Go_Emotion	../Syntropy_Result_Finals/Models/Model_Unsliced_Go_Emotion	pride	0.8210172057151794	0.03681889921426773	0.012143710628151894	0.0033576798159629107	0.03361833840608597	0.8210172057151794	0.011012065224349499	0.021325377747416496	0.019463934004306793	0.004741547163575888	0.027151184156537056	0.00521760992705822	0.004132422152906656
874	joy	../Syntropy_Result_Finals/Models/Model_Unsliced_Go_Emotion	../Syntropy_Result_Finals/Models/Model_Unsliced_Go_Emotion	joy	0.6120802760124207	0.025974461808800697	0.0018959396984428167	0.0010971156880259514	0.6120802760124207	0.013324192725121975	0.30848029255867004	0.001511075533926487	0.03014080412685871	0.002047190209850669	0.000645090825855732	0.0013645318103954196	0.0014389805728569627
875	neutral	../Syntropy_Result_Finals/Models/Model_Unsliced_Go_Emotion	../Syntropy_Result_Finals/Models/Model_Unsliced_Go_Emotion	joy	0.9327737092971802	0.02448294311761856	0.0006631362484768033	0.00043410598300397396	0.9327737092971802	0.002614058554172516	0.03200015053153038	0.0011053261114284396	0.0014839628711342812	0.0018441536230966449	0.0004325315239839256	0.0008227854268625379	0.0013433197746053338
876	disgust	../Syntropy_Result_Finals/Models/Model_Unsliced_Go_Emotion	../Syntropy_Result_Finals/Models/Model_Unsliced_Go_Emotion	sadness	0.8526067733764648	0.0007733213133178651	0.02082134038209915	0.00659011909738183	0.0032665077596902847	0.0014166017062962055	0.08281641453504562	0.0009797215461730957	0.8526067733764648	0.007109377533197403	0.015667982399463654	0.0018125420901924372	0.006139421835541725
877	nervousness	../Syntropy_Result_Finals/Models/Model_Unsliced_Go_Emotion	../Syntropy_Result_Finals/Models/Model_Unsliced_Go_Emotion	neutral	0.9722141623497009	0.0013977964408695698	0.0039328960701823235	0.0025459430180490017	0.00200147763825953	0.0013709879713132977	0.9722141623497009	0.0007653877255506814	0.008549334481358528	0.001982700079679489	0.0025880218017846346	0.0009133724961429834	0.0017378544434905052
878	anger	../Syntropy_Result_Finals/Models/Model_Unsliced_Go_Emotion	../Syntropy_Result_Finals/Models/Model_Unsliced_Go_Emotion	neutral	0.8628098368644714	0.018385132774710655	0.0014777969336137176	0.0005772325093857944	0.09655217081308365	0.00845780223608017	0.8628098368644714	0.001258684555068612	0.006008683703839779	0.0013863586355000734	0.0009690321166999638	0.0011115111410617828	0.0010056913597509265
879	excitement	../Syntropy_Result_Finals/Models/Model_Unsliced_Go_Emotion	../Syntropy_Result_Finals/Models/Model_Unsliced_Go_Emotion	joy	0.9466900825500488	0.027661757543683052	0.0004265414900146425	0.00027266648248769343	0.9466900825500488	0.0031200654339045286	0.016034826636314392	0.001466263085603714	0.0014815647155046463	0.001568067236803472	0.00025473261484876275	0.0003643532982096076	0.0006590043194591999
880	pride	../Syntropy_Result_Finals/Models/Model_Unsliced_Go_Emotion	../Syntropy_Result_Finals/Models/Model_Unsliced_Go_Emotion	joy	0.9477511048316956	0.030289998278021812	0.00042687763925641775	0.00023697403958067298	0.9477511048316956	0.002994825830683112	0.01224810816347599	0.0017641657032072544	0.0012223765952512622	0.0017627126071602106	0.0002883738779928535	0.00034203726681880653	0.0006723840488120914
881	surprise	../Syntropy_Result_Finals/Models/Model_Unsliced_Go_Emotion	../Syntropy_Result_Finals/Models/Model_Unsliced_Go_Emotion	surprise	0.884163498878479	0.07302428781986237	0.0017990696942433715	0.0007799416198395193	0.014804567210376263	0.002694089198485017	0.014519951306283474	0.884163498878479	0.0008626598864793777	0.004504246171563864	0.0019295605598017573	0.0003806584281846881	0.0005374398315325379
882	joy	../Syntropy_Result_Finals/Models/Model_Unsliced_Go_Emotion	../Syntropy_Result_Finals/Models/Model_Unsliced_Go_Emotion	nervousness	0.4446415901184082	0.24369913339614868	0.4446415901184082	0.041902899742126465	0.1451423615217209	0.024160534143447876	0.040517374873161316	0.013670699670910835	0.02715657465159893	0.00861804373562336	0.0064532035030424595	0.0017151911742985249	0.002322351559996605
883	pride	../Syntropy_Result_Finals/Models/Model_Unsliced_Go_Emotion	../Syntropy_Result_Finals/Models/Model_Unsliced_Go_Emotion	joy	0.939935028553009	0.006100108847022057	0.0007959255599416792	0.0004937698831781745	0.939935028553009	0.004710794426500797	0.025117948651313782	0.0008615582482889295	0.01746145263314247	0.002197135705500841	0.000570684380363673	0.0006159102194942534	0.0011397041380405426
884	pride	../Syntropy_Result_Finals/Models/Model_Unsliced_Go_Emotion	../Syntropy_Result_Finals/Models/Model_Unsliced_Go_Emotion	pride	0.7929790616035461	0.05582034960389137	0.005557356867939234	0.001801994745619595	0.05538761615753174	0.7929790616035461	0.03240257874131203	0.01778283715248108	0.010086536407470703	0.0038374606519937515	0.014984121546149254	0.005428444594144821	0.003931655082851648
885	neutral	../Syntropy_Result_Finals/Models/Model_Unsliced_Go_Emotion	../Syntropy_Result_Finals/Models/Model_Unsliced_Go_Emotion	excitement	0.8500636219978333	0.8500636219978333	0.008002731017768383	0.0024112779647111893	0.06648747622966766	0.0063933986239135265	0.05450420081615448	0.004853343591094017	0.0014182040467858315	0.0025167400017380714	0.0009618483018130064	0.001419634441845119	0.0009676210465840995
886	excitement	../Syntropy_Result_Finals/Models/Model_Unsliced_Go_Emotion	../Syntropy_Result_Finals/Models/Model_Unsliced_Go_Emotion	excitement	0.9493943452835083	0.9493943452835083	0.0017852113815024495	0.0010525105753913522	0.02498355321586132	0.003295780858024955	0.012238183058798313	0.003982123918831348	0.0004905975656583905	0.0013305963948369026	0.0003509747330099344	0.0007633462664671242	0.00033288600388914347
887	joy	../Syntropy_Result_Finals/Models/Model_Unsliced_Go_Emotion	../Syntropy_Result_Finals/Models/Model_Unsliced_Go_Emotion	neutral	0.3923206329345703	0.018934158608317375	0.004480442963540554	0.0022663723211735487	0.2886095643043518	0.10960916429758072	0.3923206329345703	0.004942919127643108	0.156218484044075	0.006827587261795998	0.007658141665160656	0.005389663856476545	0.0027428260073065758
888	excitement	../Syntropy_Result_Finals/Models/Model_Unsliced_Go_Emotion	../Syntropy_Result_Finals/Models/Model_Unsliced_Go_Emotion	neutral	0.6109330058097839	0.14087815582752228	0.0037190928123891354	0.001122877700254321	0.1170850619673729	0.09144530445337296	0.6109330058097839	0.014567213132977486	0.00703132338821888	0.0035739606246352196	0.004487143829464912	0.0031834454275667667	0.001973510254174471
889	pride	../Syntropy_Result_Finals/Models/Model_Unsliced_Go_Emotion	../Syntropy_Result_Finals/Models/Model_Unsliced_Go_Emotion	neutral	0.6608728170394897	0.15534548461437225	0.0026990564074367285	0.0008798971539363265	0.1469588726758957	0.01862902007997036	0.6608728170394897	0.0067707207053899765	0.002057255944237113	0.002071560826152563	0.00123587588313967	0.0013671800261363387	0.001112317549996078
890	neutral	../Syntropy_Result_Finals/Models/Model_Unsliced_Go_Emotion	../Syntropy_Result_Finals/Models/Model_Unsliced_Go_Emotion	joy	0.9460199475288391	0.024839075282216072	0.00048278525355271995	0.0003944002673961222	0.9460199475288391	0.002188072307035327	0.01992206834256649	0.0011582288425415754	0.0010433343704789877	0.001870578620582819	0.0002350343856960535	0.0008503306889906526	0.0009961031610146165
891	joy	../Syntropy_Result_Finals/Models/Model_Unsliced_Go_Emotion	../Syntropy_Result_Finals/Models/Model_Unsliced_Go_Emotion	joy	0.49906042218208313	0.023927289992570877	0.0030658196192234755	0.0013784037437289953	0.49906042218208313	0.009383716620504856	0.3891502618789673	0.001863926532678306	0.0596502348780632	0.0030347867868840694	0.0018232135334983468	0.0037764678709208965	0.003885512473061681
892	joy	../Syntropy_Result_Finals/Models/Model_Unsliced_Go_Emotion	../Syntropy_Result_Finals/Models/Model_Unsliced_Go_Emotion	neutral	0.9837751984596252	0.00204478926025331	0.0006440400029532611	0.0005074049113318324	0.004273499362170696	0.0008048327872529626	0.9837751984596252	0.0003954887797590345	0.0028876427095383406	0.0006609365809708834	0.0004945127875544131	0.0014592851512134075	0.002052318537607789
893	joy	../Syntropy_Result_Finals/Models/Model_Unsliced_Go_Emotion	../Syntropy_Result_Finals/Models/Model_Unsliced_Go_Emotion	joy	0.9571726322174072	0.025474924594163895	0.0004074264143127948	0.0002835345221683383	0.9571726322174072	0.0029740347526967525	0.008262507617473602	0.0013829628005623817	0.0012672718148678541	0.0013610546011477709	0.00024259927158709615	0.0004575341008603573	0.0007135634077712893
894	neutral	../Syntropy_Result_Finals/Models/Model_Unsliced_Go_Emotion	../Syntropy_Result_Finals/Models/Model_Unsliced_Go_Emotion	neutral	0.9251104593276978	0.0072628529742360115	0.0008616958511993289	0.0005188757786527276	0.04400566220283508	0.011176618747413158	0.9251104593276978	0.000818914792034775	0.004666133318096399	0.001187959685921669	0.0013058488257229328	0.002053133212029934	0.0010319164721295238
895	fear	../Syntropy_Result_Finals/Models/Model_Unsliced_Go_Emotion	../Syntropy_Result_Finals/Models/Model_Unsliced_Go_Emotion	neutral	0.8464832901954651	0.0035191671922802925	0.004305115435272455	0.0035506149288266897	0.008980969898402691	0.005939266178756952	0.8464832901954651	0.0022331099025905132	0.08127257972955704	0.0020031703170388937	0.012275922112166882	0.013565024361014366	0.015871744602918625
896	excitement	../Syntropy_Result_Finals/Models/Model_Unsliced_Go_Emotion	../Syntropy_Result_Finals/Models/Model_Unsliced_Go_Emotion	neutral	0.4812045693397522	0.03621644154191017	0.001649556215852499	0.0009313844493590295	0.44646960496902466	0.01923266425728798	0.4812045693397522	0.0012316942447796464	0.0059816911816596985	0.004213028587400913	0.0006426065228879452	0.0014088299358263612	0.0008179543074220419
897	neutral	../Syntropy_Result_Finals/Models/Model_Unsliced_Go_Emotion	../Syntropy_Result_Finals/Models/Model_Unsliced_Go_Emotion	joy	0.9556955695152283	0.02628767304122448	0.000516081287059933	0.00030223283101804554	0.9556955695152283	0.003201770130544901	0.007668197154998779	0.001692926394753158	0.001233386341482401	0.0017680192831903696	0.00029888696735724807	0.0005252312403172255	0.0008100528502836823
898	neutral	../Syntropy_Result_Finals/Models/Model_Unsliced_Go_Emotion	../Syntropy_Result_Finals/Models/Model_Unsliced_Go_Emotion	joy	0.8641408681869507	0.10914384573698044	0.0006675088661722839	0.00032410441781394184	0.8641408681869507	0.0054125129245221615	0.013240666128695011	0.0031859527807682753	0.0010410841787233949	0.001340408343821764	0.0003782218263950199	0.0004238156252540648	0.000701062090229243
899	nervousness	../Syntropy_Result_Finals/Models/Model_Unsliced_Go_Emotion	../Syntropy_Result_Finals/Models/Model_Unsliced_Go_Emotion	joy	0.7430976629257202	0.01863950677216053	0.001499034697189927	0.000526051560882479	0.7430976629257202	0.012436574324965477	0.21308939158916473	0.0008555533131584525	0.004533525090664625	0.001911589060910046	0.0008487431914545596	0.0014160802820697427	0.0011463513365015388
900	joy	../Syntropy_Result_Finals/Models/Model_Unsliced_Go_Emotion	../Syntropy_Result_Finals/Models/Model_Unsliced_Go_Emotion	joy	0.48857274651527405	0.008197113871574402	0.004379970952868462	0.0014560198178514838	0.48857274651527405	0.007747711148113012	0.15420475602149963	0.0022269210312515497	0.3170410394668579	0.00749572366476059	0.003121851244941354	0.0015260440995916724	0.004030134528875351
901	neutral	../Syntropy_Result_Finals/Models/Model_Unsliced_Go_Emotion	../Syntropy_Result_Finals/Models/Model_Unsliced_Go_Emotion	joy	0.9426426887512207	0.024033399298787117	0.00039485018351115286	0.0002628793299663812	0.9426426887512207	0.004276760853827	0.022953234612941742	0.0012996746227145195	0.0012466480256989598	0.0014232090907171369	0.0003281491808593273	0.0004346944915596396	0.0007039167103357613
902	neutral	../Syntropy_Result_Finals/Models/Model_Unsliced_Go_Emotion	../Syntropy_Result_Finals/Models/Model_Unsliced_Go_Emotion	joy	0.8569895029067993	0.08955699950456619	0.0037082694470882416	0.0013270220952108502	0.8569895029067993	0.005031193606555462	0.019198982045054436	0.005016563925892115	0.005478991195559502	0.007157430052757263	0.002043945947661996	0.0011166076874360442	0.0033744529355317354
903	joy	../Syntropy_Result_Finals/Models/Model_Unsliced_Go_Emotion	../Syntropy_Result_Finals/Models/Model_Unsliced_Go_Emotion	joy	0.9326906800270081	0.024299073964357376	0.0006936147692613304	0.0004290699725970626	0.9326906800270081	0.0022449693642556667	0.03201453387737274	0.0013101979857310653	0.001880780910141766	0.0022739628329873085	0.0003964609932154417	0.0006630796706303954	0.0011035556672140956
904	joy	../Syntropy_Result_Finals/Models/Model_Unsliced_Go_Emotion	../Syntropy_Result_Finals/Models/Model_Unsliced_Go_Emotion	neutral	0.47001948952674866	0.06953435391187668	0.0015069165965542197	0.0006582053611055017	0.4312584102153778	0.009294652380049229	0.47001948952674866	0.0024663337972015142	0.009103222750127316	0.0014030865859240294	0.001204953296110034	0.0012503272155299783	0.002300143474712968
905	neutral	../Syntropy_Result_Finals/Models/Model_Unsliced_Go_Emotion	../Syntropy_Result_Finals/Models/Model_Unsliced_Go_Emotion	joy	0.9546205401420593	0.008855474181473255	0.0004048093978781253	0.00029253517277538776	0.9546205401420593	0.005889427848160267	0.0212505254894495	0.0009297825745306909	0.00425823125988245	0.001654524588957429	0.0004084918473381549	0.0006401436403393745	0.000795464962720871
906	pride	../Syntropy_Result_Finals/Models/Model_Unsliced_Go_Emotion	../Syntropy_Result_Finals/Models/Model_Unsliced_Go_Emotion	neutral	0.900285542011261	0.010281861759722233	0.002406266750767827	0.0015306120039895177	0.033123843371868134	0.019137779250741005	0.900285542011261	0.0017391386209055781	0.017746243625879288	0.0030257271137088537	0.0026533089112490416	0.006614047568291426	0.0014555769739672542
907	neutral	../Syntropy_Result_Finals/Models/Model_Unsliced_Go_Emotion	../Syntropy_Result_Finals/Models/Model_Unsliced_Go_Emotion	joy	0.5934591293334961	0.020898986607789993	0.0018759345402941108	0.0008444161503575742	0.5934591293334961	0.00879159476608038	0.3594828248023987	0.0009661181247793138	0.008412985131144524	0.002286955015733838	0.00068699597613886	0.0010827595833688974	0.0012112543918192387
908	neutral	../Syntropy_Result_Finals/Models/Model_Unsliced_Go_Emotion	../Syntropy_Result_Finals/Models/Model_Unsliced_Go_Emotion	neutral	0.9279135465621948	0.002144264755770564	0.004203735385090113	0.001882624812424183	0.007651673164218664	0.002820641500875354	0.9279135465621948	0.001311396830715239	0.037980251014232635	0.002076908014714718	0.00485455896705389	0.002769701648503542	0.004390612710267305
909	confusion	../Syntropy_Result_Finals/Models/Model_Unsliced_Go_Emotion	../Syntropy_Result_Finals/Models/Model_Unsliced_Go_Emotion	confusion	0.5942310094833374	0.007061809301376343	0.14029072225093842	0.030968748033046722	0.012215864844620228	0.007123803254216909	0.021729428321123123	0.006554998457431793	0.10719706863164902	0.5942310094833374	0.03850735351443291	0.025540022179484367	0.008579108864068985
910	joy	../Syntropy_Result_Finals/Models/Model_Unsliced_Go_Emotion	../Syntropy_Result_Finals/Models/Model_Unsliced_Go_Emotion	joy	0.9099330306053162	0.013683156110346317	0.0004280410648789257	0.00020041687821503729	0.9099330306053162	0.007142343558371067	0.05958939343690872	0.000966976280324161	0.004186747595667839	0.001518267672508955	0.0006796225206926465	0.0006688221474178135	0.001003215555101633
911	joy	../Syntropy_Result_Finals/Models/Model_Unsliced_Go_Emotion	../Syntropy_Result_Finals/Models/Model_Unsliced_Go_Emotion	joy	0.9616132974624634	0.007636721711605787	0.0007930040010251105	0.0005380840157158673	0.9616132974624634	0.0031965712551027536	0.013801624067127705	0.00104719668161124	0.006613202393054962	0.002688824664801359	0.0004149614542257041	0.0006614527083002031	0.0009951451793313026
912	nervousness	../Syntropy_Result_Finals/Models/Model_Unsliced_Go_Emotion	../Syntropy_Result_Finals/Models/Model_Unsliced_Go_Emotion	confusion	0.9308796525001526	0.001565664424560964	0.0039092255756258965	0.002508975798264146	0.0025566937401890755	0.0012959596933797002	0.03992580249905586	0.002301993314176798	0.009000750258564949	0.9308796525001526	0.0025647073052823544	0.002046339213848114	0.0014442055253311992
913	pride	../Syntropy_Result_Finals/Models/Model_Unsliced_Go_Emotion	../Syntropy_Result_Finals/Models/Model_Unsliced_Go_Emotion	joy	0.5062999129295349	0.025893576443195343	0.0030031658243387938	0.001570404856465757	0.5062999129295349	0.03075326606631279	0.3471161425113678	0.002560713794082403	0.0714789405465126	0.006372908130288124	0.0020416169427335262	0.001474653952755034	0.0014346553944051266
914	joy	../Syntropy_Result_Finals/Models/Model_Unsliced_Go_Emotion	../Syntropy_Result_Finals/Models/Model_Unsliced_Go_Emotion	neutral	0.6727714538574219	0.015919886529445648	0.0026769477408379316	0.0017959523247554898	0.1869581788778305	0.04222096875309944	0.6727714538574219	0.0026045762933790684	0.051030926406383514	0.006131879519671202	0.002316384809091687	0.013396820053458214	0.0021760836243629456
915	joy	../Syntropy_Result_Finals/Models/Model_Unsliced_Go_Emotion	../Syntropy_Result_Finals/Models/Model_Unsliced_Go_Emotion	neutral	0.6326994895935059	0.00693140272051096	0.011383441276848316	0.008260698989033699	0.014500785619020462	0.010896912775933743	0.6326994895935059	0.0010950475698336959	0.30154475569725037	0.00336874695494771	0.001888885861262679	0.0053797573782503605	0.0020500991959124804
916	neutral	../Syntropy_Result_Finals/Models/Model_Unsliced_Go_Emotion	../Syntropy_Result_Finals/Models/Model_Unsliced_Go_Emotion	joy	0.9614860415458679	0.016915740445256233	0.00037605161196552217	0.0002996261464431882	0.9614860415458679	0.0025533202569931746	0.012842605821788311	0.0010319160064682364	0.0012507947394624352	0.0013864458305761218	0.00026610365603119135	0.0006588607793673873	0.0009324749698862433
917	surprise	../Syntropy_Result_Finals/Models/Model_Unsliced_Go_Emotion	../Syntropy_Result_Finals/Models/Model_Unsliced_Go_Emotion	surprise	0.5198572278022766	0.41079387068748474	0.0036829961463809013	0.0013399118324741721	0.020384440198540688	0.005182983819395304	0.029925590381026268	0.5198572278022766	0.0008571678772568703	0.0047360067255795	0.00206508906558156	0.0006202630465850234	0.000554463011212647
918	pride	../Syntropy_Result_Finals/Models/Model_Unsliced_Go_Emotion	../Syntropy_Result_Finals/Models/Model_Unsliced_Go_Emotion	neutral	0.7377299070358276	0.020349321886897087	0.004143408499658108	0.002019404200837016	0.12927673757076263	0.03618653491139412	0.7377299070358276	0.0016243330901488662	0.05801250413060188	0.003459938568994403	0.001615925575606525	0.003831340931355953	0.0017506672302260995
919	joy	../Syntropy_Result_Finals/Models/Model_Unsliced_Go_Emotion	../Syntropy_Result_Finals/Models/Model_Unsliced_Go_Emotion	joy	0.9327409863471985	0.021103762090206146	0.0003871809458360076	0.0002500041446182877	0.9327409863471985	0.003072052262723446	0.03625780716538429	0.0015230381395667791	0.0010845598299056292	0.0019017852609977126	0.000328101625200361	0.0005420599482022226	0.0008086407906375825
920	joy	../Syntropy_Result_Finals/Models/Model_Unsliced_Go_Emotion	../Syntropy_Result_Finals/Models/Model_Unsliced_Go_Emotion	joy	0.8000783920288086	0.05897727608680725	0.0005164350150153041	0.0003090226382482797	0.8000783920288086	0.006688237655907869	0.12769438326358795	0.0010699848644435406	0.0012102059554308653	0.0011430446757003665	0.00042394825140945613	0.0009479576838202775	0.0009411113569512963
921	pride	../Syntropy_Result_Finals/Models/Model_Unsliced_Go_Emotion	../Syntropy_Result_Finals/Models/Model_Unsliced_Go_Emotion	joy	0.5411495566368103	0.018036918714642525	0.001490950002335012	0.0009662627708166838	0.5411495566368103	0.05761496722698212	0.3412134349346161	0.0025087029207497835	0.025284085422754288	0.004119278397411108	0.002364222425967455	0.003299582749605179	0.0019519964698702097
922	neutral	../Syntropy_Result_Finals/Models/Model_Unsliced_Go_Emotion	../Syntropy_Result_Finals/Models/Model_Unsliced_Go_Emotion	neutral	0.4883812665939331	0.029741836711764336	0.0057737622410058975	0.0027091975789517164	0.3664580285549164	0.013703004457056522	0.4883812665939331	0.008817914873361588	0.06270803511142731	0.002653510309755802	0.00430284533649683	0.004363367334008217	0.010387243703007698
923	surprise	../Syntropy_Result_Finals/Models/Model_Unsliced_Go_Emotion	../Syntropy_Result_Finals/Models/Model_Unsliced_Go_Emotion	neutral	0.5356093049049377	0.02557540498673916	0.009114702232182026	0.00317391031421721	0.25187134742736816	0.023545056581497192	0.5356093049049377	0.00535399978980422	0.1246839314699173	0.0032644832972437143	0.004985619802027941	0.0065202307887375355	0.006301915273070335
924	pride	../Syntropy_Result_Finals/Models/Model_Unsliced_Go_Emotion	../Syntropy_Result_Finals/Models/Model_Unsliced_Go_Emotion	neutral	0.9551058411598206	0.00262935901992023	0.0038778125308454037	0.002593226032331586	0.002844850765541196	0.002682499820366502	0.9551058411598206	0.0031239704694598913	0.009991376660764217	0.0016857651062309742	0.0077946907840669155	0.0017362643266096711	0.005934430751949549
925	surprise	../Syntropy_Result_Finals/Models/Model_Unsliced_Go_Emotion	../Syntropy_Result_Finals/Models/Model_Unsliced_Go_Emotion	joy	0.9505254030227661	0.014032430946826935	0.0004648108151741326	0.0003185673267580569	0.9505254030227661	0.0032230697106570005	0.0254219938069582	0.0010586316930130124	0.001533388625830412	0.0015619220212101936	0.00030645992956124246	0.0006050571100786328	0.0009483048925176263
926	pride	../Syntropy_Result_Finals/Models/Model_Unsliced_Go_Emotion	../Syntropy_Result_Finals/Models/Model_Unsliced_Go_Emotion	neutral	0.8756406307220459	0.00773064699023962	0.0024455285165458918	0.0016724064480513334	0.03904734179377556	0.012867455370724201	0.8756406307220459	0.0011369726853445172	0.04623759165406227	0.004738688003271818	0.0013773905811831355	0.005923357326537371	0.0011820790823549032
927	neutral	../Syntropy_Result_Finals/Models/Model_Unsliced_Go_Emotion	../Syntropy_Result_Finals/Models/Model_Unsliced_Go_Emotion	nervousness	0.7178981304168701	0.012164811603724957	0.7178981304168701	0.15827910602092743	0.006282262969762087	0.0045778159983456135	0.04270971566438675	0.0047889347188174725	0.039872996509075165	0.00535021023824811	0.0031850882805883884	0.0026512034237384796	0.0022398391738533974
928	joy	../Syntropy_Result_Finals/Models/Model_Unsliced_Go_Emotion	../Syntropy_Result_Finals/Models/Model_Unsliced_Go_Emotion	neutral	0.9288422465324402	0.005358479451388121	0.00033549717045389116	0.0001597911468707025	0.05441737920045853	0.003642838215455413	0.9288422465324402	0.0003866958722937852	0.0021988535299897194	0.0013509258860722184	0.0005077585810795426	0.0019657777156680822	0.0008338726474903524
929	neutral	../Syntropy_Result_Finals/Models/Model_Unsliced_Go_Emotion	../Syntropy_Result_Finals/Models/Model_Unsliced_Go_Emotion	joy	0.846361517906189	0.011371061205863953	0.0008857353823259473	0.0005879742093384266	0.846361517906189	0.00469810888171196	0.12499483674764633	0.0010028176475316286	0.003897256450727582	0.0025907394010573626	0.0005918887909501791	0.0013494392624124885	0.0016685257432982326
930	excitement	../Syntropy_Result_Finals/Models/Model_Unsliced_Go_Emotion	../Syntropy_Result_Finals/Models/Model_Unsliced_Go_Emotion	neutral	0.35915935039520264	0.309960275888443	0.0018056968692690134	0.0009872788796201348	0.3103983700275421	0.006048877723515034	0.35915935039520264	0.0031399980653077364	0.0017576230457052588	0.003902627155184746	0.0006277767824940383	0.0011120158014819026	0.00110014365054667
931	nervousness	../Syntropy_Result_Finals/Models/Model_Unsliced_Go_Emotion	../Syntropy_Result_Finals/Models/Model_Unsliced_Go_Emotion	joy	0.5629317164421082	0.36955055594444275	0.0011654030531644821	0.0005025712307542562	0.5629317164421082	0.0369899645447731	0.01945372112095356	0.004129628650844097	0.0016199983656406403	0.0011826057452708483	0.0008576609543524683	0.0007402946357615292	0.0008759524207562208
932	surprise	../Syntropy_Result_Finals/Models/Model_Unsliced_Go_Emotion	../Syntropy_Result_Finals/Models/Model_Unsliced_Go_Emotion	surprise	0.7341205477714539	0.1543433517217636	0.0023914275225251913	0.0011543736327439547	0.01154020894318819	0.003009313950315118	0.08148186653852463	0.7341205477714539	0.0007886504754424095	0.00818285159766674	0.001640811562538147	0.0006428532069548965	0.0007037981995381415
933	disgust	../Syntropy_Result_Finals/Models/Model_Unsliced_Go_Emotion	../Syntropy_Result_Finals/Models/Model_Unsliced_Go_Emotion	neutral	0.7345030307769775	0.001525656320154667	0.027235182002186775	0.011606615036725998	0.002088687615469098	0.004658110439777374	0.7345030307769775	0.0016651969635859132	0.16061469912528992	0.010286785662174225	0.03696686401963234	0.0035166561137884855	0.005332590080797672
934	sadness	../Syntropy_Result_Finals/Models/Model_Unsliced_Go_Emotion	../Syntropy_Result_Finals/Models/Model_Unsliced_Go_Emotion	sadness	0.8205358386039734	0.002444846322759986	0.009612642228603363	0.0034746816381812096	0.09606016427278519	0.0027400206308811903	0.04961257427930832	0.0011330186389386654	0.8205358386039734	0.00655253604054451	0.0029261091258376837	0.0012915685074403882	0.0036159686278551817
935	excitement	../Syntropy_Result_Finals/Models/Model_Unsliced_Go_Emotion	../Syntropy_Result_Finals/Models/Model_Unsliced_Go_Emotion	joy	0.9470996260643005	0.027477849274873734	0.0003299796662759036	0.0002445327991154045	0.9470996260643005	0.0033883254509419203	0.016719486564397812	0.00112028862349689	0.0010262200376018882	0.0011758138425648212	0.00025473794084973633	0.0004820224712602794	0.0006811460480093956
936	joy	../Syntropy_Result_Finals/Models/Model_Unsliced_Go_Emotion	../Syntropy_Result_Finals/Models/Model_Unsliced_Go_Emotion	neutral	0.8669869303703308	0.019249211996793747	0.0010496232425794005	0.0004193033091723919	0.09388928860425949	0.007877710275352001	0.8669869303703308	0.0008925448055379093	0.00574725866317749	0.001244755694642663	0.0006954680429771543	0.0010862061753869057	0.0008617188432253897
937	joy	../Syntropy_Result_Finals/Models/Model_Unsliced_Go_Emotion	../Syntropy_Result_Finals/Models/Model_Unsliced_Go_Emotion	joy	0.9223259687423706	0.03346516564488411	0.00034587131813168526	0.00023249186051543802	0.9223259687423706	0.0031375689432024956	0.03425788879394531	0.0016594200860708952	0.0008869547164067626	0.0017795712919905782	0.000321465078741312	0.0006523943739011884	0.0009352585766464472
938	neutral	../Syntropy_Result_Finals/Models/Model_Unsliced_Go_Emotion	../Syntropy_Result_Finals/Models/Model_Unsliced_Go_Emotion	neutral	0.44721800088882446	0.010808617807924747	0.009811840020120144	0.004171463195234537	0.13708187639713287	0.014813005924224854	0.44721800088882446	0.0013221284607425332	0.3451271951198578	0.0028417001012712717	0.005916368216276169	0.012054470367729664	0.008833345957100391
939	nervousness	../Syntropy_Result_Finals/Models/Model_Unsliced_Go_Emotion	../Syntropy_Result_Finals/Models/Model_Unsliced_Go_Emotion	nervousness	0.5816994905471802	0.017962118610739708	0.5816994905471802	0.10652205348014832	0.018862271681427956	0.005562224425375462	0.0528421476483345	0.00901950802654028	0.13481393456459045	0.04856494814157486	0.012348951771855354	0.003972841892391443	0.007829368114471436
940	excitement	../Syntropy_Result_Finals/Models/Model_Unsliced_Go_Emotion	../Syntropy_Result_Finals/Models/Model_Unsliced_Go_Emotion	joy	0.9455386400222778	0.03131745755672455	0.0003342510317452252	0.0002536100510042161	0.9455386400222778	0.005198314320296049	0.012681392952799797	0.0011590205831453204	0.0012009305646643043	0.0009942795149981976	0.00026877530035562813	0.00045288019464351237	0.0006004172028042376
941	neutral	../Syntropy_Result_Finals/Models/Model_Unsliced_Go_Emotion	../Syntropy_Result_Finals/Models/Model_Unsliced_Go_Emotion	neutral	0.9021861553192139	0.01013163011521101	0.0023858395870774984	0.0006730477907694876	0.06441757082939148	0.005383209325373173	0.9021861553192139	0.0009249069262295961	0.008004364557564259	0.0015805495204403996	0.001855232403613627	0.0010687635513022542	0.0013888371177017689
942	surprise	../Syntropy_Result_Finals/Models/Model_Unsliced_Go_Emotion	../Syntropy_Result_Finals/Models/Model_Unsliced_Go_Emotion	joy	0.7320312261581421	0.0803694799542427	0.0006175673916004598	0.00037415031692944467	0.7320312261581421	0.009736067615449429	0.16671408712863922	0.003581943456083536	0.00190664769615978	0.0019312349613755941	0.0007853409624658525	0.0008739848854020238	0.0010782652534544468
943	disgust	../Syntropy_Result_Finals/Models/Model_Unsliced_Go_Emotion	../Syntropy_Result_Finals/Models/Model_Unsliced_Go_Emotion	sadness	0.889258086681366	0.0011082065757364035	0.006236733868718147	0.0019159773364663124	0.009354681707918644	0.0034141778014600277	0.04681459069252014	0.0009984633652493358	0.889258086681366	0.004816516302525997	0.019066836684942245	0.011171855032444	0.005843897350132465
944	pride	../Syntropy_Result_Finals/Models/Model_Unsliced_Go_Emotion	../Syntropy_Result_Finals/Models/Model_Unsliced_Go_Emotion	confusion	0.5190262794494629	0.0019123922102153301	0.0018484313040971756	0.001989207696169615	0.0017095456132665277	0.0011132885701954365	0.45816662907600403	0.0025654397904872894	0.007133593317121267	0.5190262794494629	0.0006425921455956995	0.0030247720424085855	0.0008678631274960935
945	pride	../Syntropy_Result_Finals/Models/Model_Unsliced_Go_Emotion	../Syntropy_Result_Finals/Models/Model_Unsliced_Go_Emotion	joy	0.9580790400505066	0.018899643793702126	0.00035301354364492	0.0002924372674897313	0.9580790400505066	0.0033960314467549324	0.013332645408809185	0.0012209820561110973	0.0009924700716510415	0.0017151313368231058	0.00029242580058053136	0.0006008450873196125	0.0008252128609456122
946	joy	../Syntropy_Result_Finals/Models/Model_Unsliced_Go_Emotion	../Syntropy_Result_Finals/Models/Model_Unsliced_Go_Emotion	joy	0.6233288645744324	0.03339580073952675	0.0012878214474767447	0.0009252165909856558	0.6233288645744324	0.12772111594676971	0.18638955056667328	0.003868035739287734	0.01069615501910448	0.0041504246182739735	0.002972337417304516	0.003447312628850341	0.0018172888085246086
947	neutral	../Syntropy_Result_Finals/Models/Model_Unsliced_Go_Emotion	../Syntropy_Result_Finals/Models/Model_Unsliced_Go_Emotion	neutral	0.789915144443512	0.014207241125404835	0.004778592381626368	0.003455523168668151	0.04933354631066322	0.0185786671936512	0.789915144443512	0.0021630299743264914	0.09528409689664841	0.006969699636101723	0.0022348419297486544	0.011196034960448742	0.001883552293293178
948	neutral	../Syntropy_Result_Finals/Models/Model_Unsliced_Go_Emotion	../Syntropy_Result_Finals/Models/Model_Unsliced_Go_Emotion	joy	0.6765947341918945	0.014841334894299507	0.0019923108629882336	0.0006812591454945505	0.6765947341918945	0.017266185954213142	0.26535671949386597	0.0009416922111995518	0.013718309812247753	0.0019549743738025427	0.0017320560291409492	0.0028988311532884836	0.002021608641371131
949	pride	../Syntropy_Result_Finals/Models/Model_Unsliced_Go_Emotion	../Syntropy_Result_Finals/Models/Model_Unsliced_Go_Emotion	neutral	0.8912972211837769	0.011816001497209072	0.003472361247986555	0.0020043456461280584	0.03612402081489563	0.022178348153829575	0.8912972211837769	0.00121957971714437	0.020946212112903595	0.002273816615343094	0.0023072033654898405	0.004675108939409256	0.001685720169916749
950	neutral	../Syntropy_Result_Finals/Models/Model_Unsliced_Go_Emotion	../Syntropy_Result_Finals/Models/Model_Unsliced_Go_Emotion	joy	0.9657919406890869	0.01562302652746439	0.0003812220529653132	0.00026372933643870056	0.9657919406890869	0.0030261341016739607	0.009134373627603054	0.0013133829925209284	0.001223739585839212	0.00162998226005584	0.00030284395324997604	0.0005192732787691057	0.0007903245277702808
951	pride	../Syntropy_Result_Finals/Models/Model_Unsliced_Go_Emotion	../Syntropy_Result_Finals/Models/Model_Unsliced_Go_Emotion	joy	0.730873703956604	0.062063537538051605	0.0009713396430015564	0.00041051459265872836	0.730873703956604	0.04893360659480095	0.14475516974925995	0.0021137064322829247	0.00318441865965724	0.0019918016623705626	0.0014783916994929314	0.0017696673749014735	0.0014541471609845757
952	joy	../Syntropy_Result_Finals/Models/Model_Unsliced_Go_Emotion	../Syntropy_Result_Finals/Models/Model_Unsliced_Go_Emotion	pride	0.7979933619499207	0.06266149878501892	0.006408302579075098	0.001987550174817443	0.05254539102315903	0.7979933619499207	0.028414122760295868	0.015136544592678547	0.010197494179010391	0.0038254153914749622	0.01207551546394825	0.0056503526866436005	0.0031045053619891405
953	pride	../Syntropy_Result_Finals/Models/Model_Unsliced_Go_Emotion	../Syntropy_Result_Finals/Models/Model_Unsliced_Go_Emotion	pride	0.7890617251396179	0.027757102623581886	0.014770939946174622	0.0047616236843168736	0.021168317645788193	0.7890617251396179	0.009480227716267109	0.03164967894554138	0.024715203791856766	0.006447857711464167	0.05394388362765312	0.009183207526803017	0.007060270756483078
954	pride	../Syntropy_Result_Finals/Models/Model_Unsliced_Go_Emotion	../Syntropy_Result_Finals/Models/Model_Unsliced_Go_Emotion	pride	0.8295141458511353	0.04500604048371315	0.0052622901275753975	0.0018401200650259852	0.049135129898786545	0.8295141458511353	0.017911100760102272	0.014079656451940536	0.01044209860265255	0.004073782358318567	0.01390448771417141	0.0052154879085719585	0.0036156531423330307
955	excitement	../Syntropy_Result_Finals/Models/Model_Unsliced_Go_Emotion	../Syntropy_Result_Finals/Models/Model_Unsliced_Go_Emotion	excitement	0.9605945348739624	0.9605945348739624	0.002017319668084383	0.0013464730000123382	0.015226250514388084	0.003000634955242276	0.010003644041717052	0.003829414024949074	0.0004952162271365523	0.0015444089658558369	0.0004094144096598029	0.0011282715713605285	0.000404424499720335
956	pride	../Syntropy_Result_Finals/Models/Model_Unsliced_Go_Emotion	../Syntropy_Result_Finals/Models/Model_Unsliced_Go_Emotion	excitement	0.8254359364509583	0.8254359364509583	0.001140995416790247	0.0006969646201469004	0.14937686920166016	0.00503904465585947	0.011665835045278072	0.003774701850488782	0.0004791474202647805	0.0010907944524660707	0.00027699049678631127	0.0005970184574835002	0.0004257254477124661
957	excitement	../Syntropy_Result_Finals/Models/Model_Unsliced_Go_Emotion	../Syntropy_Result_Finals/Models/Model_Unsliced_Go_Emotion	joy	0.9565252065658569	0.013368448242545128	0.0007648765458725393	0.00046185695100575686	0.9565252065658569	0.005050146020948887	0.014701150357723236	0.0014931149780750275	0.002454677363857627	0.0026737635489553213	0.0005229318630881608	0.0008086183806881309	0.0011752868304029107
958	pride	../Syntropy_Result_Finals/Models/Model_Unsliced_Go_Emotion	../Syntropy_Result_Finals/Models/Model_Unsliced_Go_Emotion	sadness	0.5290659070014954	0.00782591849565506	0.008967977948486805	0.004230770748108625	0.1521114557981491	0.012872475199401379	0.2698166072368622	0.0013528881827369332	0.5290659070014954	0.005775722675025463	0.0032224920578300953	0.0022901524789631367	0.0024676525499671698
959	neutral	../Syntropy_Result_Finals/Models/Model_Unsliced_Go_Emotion	../Syntropy_Result_Finals/Models/Model_Unsliced_Go_Emotion	joy	0.9611503481864929	0.008890490047633648	0.0003816371026914567	0.0003503127954900265	0.9611503481864929	0.00322232604958117	0.01921076327562332	0.0009139488101936877	0.0017437322530895472	0.002157783368602395	0.00030062158475629985	0.0007625175639986992	0.0009155614534392953
960	neutral	../Syntropy_Result_Finals/Models/Model_Unsliced_Go_Emotion	../Syntropy_Result_Finals/Models/Model_Unsliced_Go_Emotion	neutral	0.3416806757450104	0.03261267766356468	0.14946329593658447	0.04138440638780594	0.11156763881444931	0.009737957268953323	0.3416806757450104	0.09854858368635178	0.09001043438911438	0.060062944889068604	0.036970917135477066	0.004765680991113186	0.023194817826151848
961	neutral	../Syntropy_Result_Finals/Models/Model_Unsliced_Go_Emotion	../Syntropy_Result_Finals/Models/Model_Unsliced_Go_Emotion	neutral	0.8801062107086182	0.006699956022202969	0.004795705433934927	0.0010900124907493591	0.044903501868247986	0.005122253205627203	0.8801062107086182	0.001172317541204393	0.04223240539431572	0.003606026526540518	0.005528668407350779	0.0016105853719636798	0.0031322904396802187
962	surprise	../Syntropy_Result_Finals/Models/Model_Unsliced_Go_Emotion	../Syntropy_Result_Finals/Models/Model_Unsliced_Go_Emotion	joy	0.958191454410553	0.008450888097286224	0.0006312050390988588	0.00047805040958337486	0.958191454410553	0.0031184442341327667	0.01913447119295597	0.0008487293962389231	0.00528141250833869	0.0016731577925384045	0.00038180637056939304	0.0006622413638979197	0.0011480712564662099
963	neutral	../Syntropy_Result_Finals/Models/Model_Unsliced_Go_Emotion	../Syntropy_Result_Finals/Models/Model_Unsliced_Go_Emotion	joy	0.9281840920448303	0.045062851160764694	0.00032965067657642066	0.00024109295918606222	0.9281840920448303	0.0032510091550648212	0.017892107367515564	0.0014926366275176406	0.0008763769292272627	0.0013105266261845827	0.00024220305203925818	0.0004755925911013037	0.0006417172844521701
964	neutral	../Syntropy_Result_Finals/Models/Model_Unsliced_Go_Emotion	../Syntropy_Result_Finals/Models/Model_Unsliced_Go_Emotion	joy	0.922059178352356	0.016289807856082916	0.0006044846377335489	0.00036729834391735494	0.922059178352356	0.005318990908563137	0.049331605434417725	0.0009869245113804936	0.001719242543913424	0.0013917979085817933	0.0003918353468179703	0.0006401750724762678	0.0008986932225525379
965	excitement	../Syntropy_Result_Finals/Models/Model_Unsliced_Go_Emotion	../Syntropy_Result_Finals/Models/Model_Unsliced_Go_Emotion	joy	0.8505043983459473	0.030595358461141586	0.0004241937422193587	0.00023291062097996473	0.8505043983459473	0.005000075791031122	0.10574105381965637	0.0011789408745244145	0.001935055828653276	0.0011356062022969127	0.0005950812483206391	0.0009742811089381576	0.0016830976819619536
966	pride	../Syntropy_Result_Finals/Models/Model_Unsliced_Go_Emotion	../Syntropy_Result_Finals/Models/Model_Unsliced_Go_Emotion	neutral	0.9242432713508606	0.00792249571532011	0.0016238366952165961	0.0006906124763190746	0.03206451237201691	0.015960054472088814	0.9242432713508606	0.0007963727694004774	0.006686330772936344	0.0017835895996540785	0.00245811534114182	0.004356022458523512	0.0014147749170660973
967	neutral	../Syntropy_Result_Finals/Models/Model_Unsliced_Go_Emotion	../Syntropy_Result_Finals/Models/Model_Unsliced_Go_Emotion	joy	0.9359393119812012	0.026266809552907944	0.0004410126421134919	0.00033926533069461584	0.9359393119812012	0.0030942352022975683	0.02823585830628872	0.0009992491686716676	0.0012421158608049154	0.0016325273318216205	0.0002505710581317544	0.0006853318773210049	0.0008737760945223272
968	joy	../Syntropy_Result_Finals/Models/Model_Unsliced_Go_Emotion	../Syntropy_Result_Finals/Models/Model_Unsliced_Go_Emotion	joy	0.9545882940292358	0.025522856041789055	0.0003855328250210732	0.000309742841636762	0.9545882940292358	0.0023407265543937683	0.010829593986272812	0.0012558483285829425	0.0009926971979439259	0.00171612948179245	0.0002735755406320095	0.0007133038016036153	0.0010716397082433105
969	embarrassment	../Syntropy_Result_Finals/Models/Model_Unsliced_Go_Emotion	../Syntropy_Result_Finals/Models/Model_Unsliced_Go_Emotion	neutral	0.8663456439971924	0.018166936933994293	0.006496470887213945	0.0022144808899611235	0.03592466562986374	0.03105122596025467	0.8663456439971924	0.0020459869410842657	0.027332209050655365	0.0024219590704888105	0.003161249915137887	0.003581263590604067	0.0012579945614561439
970	surprise	../Syntropy_Result_Finals/Models/Model_Unsliced_Go_Emotion	../Syntropy_Result_Finals/Models/Model_Unsliced_Go_Emotion	joy	0.8324986100196838	0.023261163383722305	0.0020192801021039486	0.0006462666788138449	0.8324986100196838	0.009217031300067902	0.1132916584610939	0.0012711251620203257	0.012256993912160397	0.0025360945146530867	0.001045633340254426	0.000866878719534725	0.0010892777936533093
971	surprise	../Syntropy_Result_Finals/Models/Model_Unsliced_Go_Emotion	../Syntropy_Result_Finals/Models/Model_Unsliced_Go_Emotion	neutral	0.9289373159408569	0.013704337179660797	0.0005461352993734181	0.0002006708673434332	0.04179299995303154	0.00457375543192029	0.9289373159408569	0.0016308631747961044	0.0026762799825519323	0.0015667070401832461	0.001154569094069302	0.0014479442033916712	0.001768364105373621
972	pride	../Syntropy_Result_Finals/Models/Model_Unsliced_Go_Emotion	../Syntropy_Result_Finals/Models/Model_Unsliced_Go_Emotion	neutral	0.8128705620765686	0.032384242862463	0.006078633479773998	0.0032050940208137035	0.027193760499358177	0.01672319509088993	0.8128705620765686	0.05761271342635155	0.021229494363069534	0.00621055020019412	0.008004417642951012	0.0039053112268447876	0.004582000430673361
973	excitement	../Syntropy_Result_Finals/Models/Model_Unsliced_Go_Emotion	../Syntropy_Result_Finals/Models/Model_Unsliced_Go_Emotion	pride	0.6990886926651001	0.07763401418924332	0.004202468786388636	0.0016091070137917995	0.10374141484498978	0.6990886926651001	0.06203451380133629	0.015002846717834473	0.010334326885640621	0.003982046153396368	0.01307646557688713	0.005634242203086615	0.0036598187871277332
974	pride	../Syntropy_Result_Finals/Models/Model_Unsliced_Go_Emotion	../Syntropy_Result_Finals/Models/Model_Unsliced_Go_Emotion	neutral	0.6217159628868103	0.08422611653804779	0.0009521376923657954	0.0005393149331212044	0.2767500877380371	0.006946199107915163	0.6217159628868103	0.001954424660652876	0.0019472562707960606	0.001400210545398295	0.0007962139789015055	0.001395094208419323	0.0013769571669399738
975	neutral	../Syntropy_Result_Finals/Models/Model_Unsliced_Go_Emotion	../Syntropy_Result_Finals/Models/Model_Unsliced_Go_Emotion	neutral	0.7115710973739624	0.044523678719997406	0.0015155443688854575	0.0005783670931123197	0.19466273486614227	0.030394770205020905	0.7115710973739624	0.0037893527187407017	0.005221485160291195	0.0016533313319087029	0.0015968900406733155	0.002838294254615903	0.0016544702230021358
976	joy	../Syntropy_Result_Finals/Models/Model_Unsliced_Go_Emotion	../Syntropy_Result_Finals/Models/Model_Unsliced_Go_Emotion	neutral	0.8274407386779785	0.003362624440342188	0.0050154803320765495	0.003831887384876609	0.008737477473914623	0.005131019279360771	0.8274407386779785	0.0006720504024997354	0.13461387157440186	0.0025971527211368084	0.0018291915766894817	0.00474012503400445	0.0020284228958189487
977	pride	../Syntropy_Result_Finals/Models/Model_Unsliced_Go_Emotion	../Syntropy_Result_Finals/Models/Model_Unsliced_Go_Emotion	joy	0.7325279712677002	0.17944878339767456	0.0007105578552000225	0.00035661194124259055	0.7325279712677002	0.024157773703336716	0.052688732743263245	0.005040462594479322	0.0009668453130871058	0.0015220261411741376	0.0006502396427094936	0.0010671823984012008	0.0008628565701656044
978	anger	../Syntropy_Result_Finals/Models/Model_Unsliced_Go_Emotion	../Syntropy_Result_Finals/Models/Model_Unsliced_Go_Emotion	anger	0.8432394862174988	0.001429090742021799	0.0029460075311362743	0.0027921621222049	0.0034793687518686056	0.0019084358355030417	0.08820637315511703	0.0006381708662956953	0.032097503542900085	0.003909039311110973	0.002922726096585393	0.8432394862174988	0.016431590542197227
979	nervousness	../Syntropy_Result_Finals/Models/Model_Unsliced_Go_Emotion	../Syntropy_Result_Finals/Models/Model_Unsliced_Go_Emotion	nervousness	0.6765566468238831	0.007319683209061623	0.6765566468238831	0.22818686068058014	0.004866084549576044	0.0028493269346654415	0.020598113536834717	0.0024096574634313583	0.03960052877664566	0.004046727903187275	0.005180779378861189	0.0036223677452653646	0.004763136152178049
980	neutral	../Syntropy_Result_Finals/Models/Model_Unsliced_Go_Emotion	../Syntropy_Result_Finals/Models/Model_Unsliced_Go_Emotion	joy	0.943885326385498	0.022333810105919838	0.0004636391531676054	0.00034517323365435004	0.943885326385498	0.003054187633097172	0.024299506098031998	0.0011137069668620825	0.00097418122459203	0.001635566120967269	0.00028091465355828404	0.0006521433824673295	0.0009618491749279201
981	joy	../Syntropy_Result_Finals/Models/Model_Unsliced_Go_Emotion	../Syntropy_Result_Finals/Models/Model_Unsliced_Go_Emotion	joy	0.9415044784545898	0.010179635137319565	0.00028447926160879433	0.0002636634453665465	0.9415044784545898	0.0031507457606494427	0.03738204017281532	0.0007248245528899133	0.0018631109269335866	0.0017945142462849617	0.0003064295160584152	0.0013947730185464025	0.0011513688368722796
982	nervousness	../Syntropy_Result_Finals/Models/Model_Unsliced_Go_Emotion	../Syntropy_Result_Finals/Models/Model_Unsliced_Go_Emotion	nervousness	0.8681873679161072	0.02224787510931492	0.8681873679161072	0.06264258921146393	0.0056816525757312775	0.0057309698313474655	0.006621775683015585	0.0038045647088438272	0.013269380666315556	0.00361978099681437	0.00448543019592762	0.001991210039705038	0.0017173417145386338
983	pride	../Syntropy_Result_Finals/Models/Model_Unsliced_Go_Emotion	../Syntropy_Result_Finals/Models/Model_Unsliced_Go_Emotion	joy	0.36861273646354675	0.2965695858001709	0.001551678404211998	0.000825373746920377	0.36861273646354675	0.07123754173517227	0.24368558824062347	0.007247295696288347	0.002620137296617031	0.0020568929612636566	0.0012518443400040269	0.003138358937576413	0.001202913117595017
984	excitement	../Syntropy_Result_Finals/Models/Model_Unsliced_Go_Emotion	../Syntropy_Result_Finals/Models/Model_Unsliced_Go_Emotion	excitement	0.9573647975921631	0.9573647975921631	0.0017050892347469926	0.0009700417867861688	0.021199723705649376	0.0034913215786218643	0.007664205972105265	0.004578599240630865	0.00044124023406766355	0.0010950230062007904	0.000332521740347147	0.0008225178462453187	0.00033495432580821216
985	pride	../Syntropy_Result_Finals/Models/Model_Unsliced_Go_Emotion	../Syntropy_Result_Finals/Models/Model_Unsliced_Go_Emotion	joy	0.6536005735397339	0.011924727819859982	0.001032527768984437	0.0006204922683537006	0.6536005735397339	0.00912782084196806	0.2902853786945343	0.0007593116606585681	0.024347757920622826	0.003815894480794668	0.001010784530080855	0.0018182795029133558	0.0016565234400331974
986	neutral	../Syntropy_Result_Finals/Models/Model_Unsliced_Go_Emotion	../Syntropy_Result_Finals/Models/Model_Unsliced_Go_Emotion	neutral	0.5247474312782288	0.03065711446106434	0.047296762466430664	0.008978759869933128	0.23837725818157196	0.014969896525144577	0.5247474312782288	0.0016477222088724375	0.11797915399074554	0.007130837999284267	0.0038242226000875235	0.0021406197920441628	0.0022501875646412373
987	joy	../Syntropy_Result_Finals/Models/Model_Unsliced_Go_Emotion	../Syntropy_Result_Finals/Models/Model_Unsliced_Go_Emotion	joy	0.8962671756744385	0.008069455623626709	0.0007628411985933781	0.0005233275005593896	0.8962671756744385	0.014136886224150658	0.05545288696885109	0.0010665932204574347	0.019196767359972	0.0022936419118195772	0.0007628194289281964	0.0006456392584368587	0.0008219541050493717
988	pride	../Syntropy_Result_Finals/Models/Model_Unsliced_Go_Emotion	../Syntropy_Result_Finals/Models/Model_Unsliced_Go_Emotion	neutral	0.6801313757896423	0.018791012465953827	0.007253335788846016	0.0029353408608585596	0.11129967123270035	0.025113463401794434	0.6801313757896423	0.0015731628518551588	0.14200709760189056	0.004789793398231268	0.0020908250007778406	0.002701840130612254	0.0013130148872733116
989	neutral	../Syntropy_Result_Finals/Models/Model_Unsliced_Go_Emotion	../Syntropy_Result_Finals/Models/Model_Unsliced_Go_Emotion	neutral	0.9010447859764099	0.007745265960693359	0.002070288173854351	0.0013333522947505116	0.03164137899875641	0.014372065663337708	0.9010447859764099	0.0012002390576526523	0.02508530206978321	0.003912990912795067	0.0015561530599370599	0.008929314091801643	0.0011088191531598568
990	disgust	../Syntropy_Result_Finals/Models/Model_Unsliced_Go_Emotion	../Syntropy_Result_Finals/Models/Model_Unsliced_Go_Emotion	confusion	0.40291455388069153	0.004478016402572393	0.032333433628082275	0.022307440638542175	0.008823314681649208	0.0038420874625444412	0.06641025841236115	0.004166457802057266	0.2160850614309311	0.40291455388069153	0.018376315012574196	0.19082880020141602	0.02943425625562668
991	joy	../Syntropy_Result_Finals/Models/Model_Unsliced_Go_Emotion	../Syntropy_Result_Finals/Models/Model_Unsliced_Go_Emotion	sadness	0.5337408781051636	0.0025777083355933428	0.003294798545539379	0.0017775114392861724	0.030536402016878128	0.005158055108040571	0.41184186935424805	0.0008171928930096328	0.5337408781051636	0.003411813173443079	0.0018436796963214874	0.002873854013159871	0.0021261824294924736
992	pride	../Syntropy_Result_Finals/Models/Model_Unsliced_Go_Emotion	../Syntropy_Result_Finals/Models/Model_Unsliced_Go_Emotion	neutral	0.8866223096847534	0.006896147504448891	0.003275593277066946	0.0014149220660328865	0.018003622069954872	0.007949640043079853	0.8866223096847534	0.0011689382372424006	0.060059450566768646	0.0021025254391133785	0.0036195102147758007	0.005465083755552769	0.003422205103561282
993	pride	../Syntropy_Result_Finals/Models/Model_Unsliced_Go_Emotion	../Syntropy_Result_Finals/Models/Model_Unsliced_Go_Emotion	joy	0.8836464881896973	0.012795086950063705	0.0009646652615629137	0.00040560064371675253	0.8836464881896973	0.007181808818131685	0.07893779128789902	0.0009019267745316029	0.009597742930054665	0.0017199789872393012	0.0008984700543805957	0.0013222689740359783	0.0016282034339383245
994	pride	../Syntropy_Result_Finals/Models/Model_Unsliced_Go_Emotion	../Syntropy_Result_Finals/Models/Model_Unsliced_Go_Emotion	neutral	0.49429231882095337	0.16030550003051758	0.0017743738135322928	0.0007912450237199664	0.321919322013855	0.007081951014697552	0.49429231882095337	0.004091653972864151	0.0019288770854473114	0.0023936063516885042	0.0012526772916316986	0.0013620824320241809	0.0028064113575965166
995	neutral	../Syntropy_Result_Finals/Models/Model_Unsliced_Go_Emotion	../Syntropy_Result_Finals/Models/Model_Unsliced_Go_Emotion	joy	0.8465809226036072	0.05465934798121452	0.00041099663940258324	0.0002594781981315464	0.8465809226036072	0.011060248129069805	0.0812339335680008	0.0012363191926851869	0.0013932043220847845	0.0011357171460986137	0.0003179263148922473	0.0009233655291609466	0.0007884406950324774
996	joy	../Syntropy_Result_Finals/Models/Model_Unsliced_Go_Emotion	../Syntropy_Result_Finals/Models/Model_Unsliced_Go_Emotion	neutral	0.9304726123809814	0.0028093461878597736	0.002373146591708064	0.0013050339184701443	0.013112461194396019	0.005440502427518368	0.9304726123809814	0.0005214192788116634	0.036638498306274414	0.0025398582220077515	0.0018850412452593446	0.0019156449707224965	0.000986533472314477
997	neutral	../Syntropy_Result_Finals/Models/Model_Unsliced_Go_Emotion	../Syntropy_Result_Finals/Models/Model_Unsliced_Go_Emotion	neutral	0.5202542543411255	0.008949612267315388	0.0008868849254213274	0.0005763103254139423	0.4300530254840851	0.009510437026619911	0.5202542543411255	0.0008860830566845834	0.02097395993769169	0.0031523341313004494	0.0009903148747980595	0.0020606224425137043	0.001706122886389494
998	joy	../Syntropy_Result_Finals/Models/Model_Unsliced_Go_Emotion	../Syntropy_Result_Finals/Models/Model_Unsliced_Go_Emotion	joy	0.9321195483207703	0.03461628034710884	0.000509638455696404	0.00028555234894156456	0.9321195483207703	0.0034984222147613764	0.02281808853149414	0.001207668916322291	0.0016759915743023157	0.0013115706387907267	0.0003100773901678622	0.0006819923873990774	0.0009651488508097827
999	neutral	../Syntropy_Result_Finals/Models/Model_Unsliced_Go_Emotion	../Syntropy_Result_Finals/Models/Model_Unsliced_Go_Emotion	joy	0.9615925550460815	0.01845228485763073	0.0004738760180771351	0.00039243538049049675	0.9615925550460815	0.0027478253468871117	0.009918035008013248	0.0013522935332730412	0.0011641350574791431	0.002052475232630968	0.0002944996231235564	0.0006009103963151574	0.0009587290114723146
1000	neutral	../Syntropy_Result_Finals/Models/Model_Unsliced_Go_Emotion	../Syntropy_Result_Finals/Models/Model_Unsliced_Go_Emotion	neutral	0.9775034785270691	0.004434217233210802	0.0009023728198371828	0.0006045601912774146	0.004721838515251875	0.0031430732924491167	0.9775034785270691	0.0006431549554690719	0.003570256056264043	0.0006545481737703085	0.0010866932570934296	0.001909244223497808	0.0008265998330898583
1001	joy	../Syntropy_Result_Finals/Models/Model_Unsliced_Go_Emotion	../Syntropy_Result_Finals/Models/Model_Unsliced_Go_Emotion	joy	0.7902235388755798	0.1668938547372818	0.0020239052828401327	0.0009810018818825483	0.7902235388755798	0.009914809837937355	0.019924568012356758	0.0034984773956239223	0.0011105489684268832	0.0028117734473198652	0.0007205807487480342	0.001040951581671834	0.0008560128044337034
1002	joy	../Syntropy_Result_Finals/Models/Model_Unsliced_Go_Emotion	../Syntropy_Result_Finals/Models/Model_Unsliced_Go_Emotion	sadness	0.6194850206375122	0.002340952167287469	0.008384359069168568	0.003456115024164319	0.01316715870052576	0.0038133859634399414	0.3358269929885864	0.000932344701141119	0.6194850206375122	0.0024683962110430002	0.0031599763315171003	0.0034497068263590336	0.00351561326533556
1003	disgust	../Syntropy_Result_Finals/Models/Model_Unsliced_Go_Emotion	../Syntropy_Result_Finals/Models/Model_Unsliced_Go_Emotion	disgust	0.758249819278717	0.0017423343379050493	0.012069551274180412	0.15077635645866394	0.0036238827742636204	0.0013765711337327957	0.014109248295426369	0.0027913646772503853	0.023020505905151367	0.0028454235289245844	0.014744235202670097	0.01465071551501751	0.758249819278717
1004	joy	../Syntropy_Result_Finals/Models/Model_Unsliced_Go_Emotion	../Syntropy_Result_Finals/Models/Model_Unsliced_Go_Emotion	joy	0.9055634140968323	0.014091108925640583	0.0006906704511493444	0.0003102566406596452	0.9055634140968323	0.005756012629717588	0.06081942841410637	0.0007875098963268101	0.007875201292335987	0.0015661341603845358	0.000550914672203362	0.0008079874678514898	0.0011813488090410829
1005	neutral	../Syntropy_Result_Finals/Models/Model_Unsliced_Go_Emotion	../Syntropy_Result_Finals/Models/Model_Unsliced_Go_Emotion	pride	0.5213418006896973	0.08238104730844498	0.0035047202836722136	0.0014512137277051806	0.31802627444267273	0.5213418006896973	0.035910289734601974	0.008915252052247524	0.011396362446248531	0.004600306507200003	0.006600711029022932	0.003196513280272484	0.0026754008140414953
1006	pride	../Syntropy_Result_Finals/Models/Model_Unsliced_Go_Emotion	../Syntropy_Result_Finals/Models/Model_Unsliced_Go_Emotion	pride	0.8162117600440979	0.042375776916742325	0.010972674936056137	0.00328866601921618	0.03135433420538902	0.8162117600440979	0.013193556107580662	0.026710161939263344	0.015789136290550232	0.004869375843554735	0.024261243641376495	0.006320329383015633	0.004653020296245813
1007	excitement	../Syntropy_Result_Finals/Models/Model_Unsliced_Go_Emotion	../Syntropy_Result_Finals/Models/Model_Unsliced_Go_Emotion	joy	0.9361066222190857	0.01795467734336853	0.0008190670050680637	0.00046953855780884624	0.9361066222190857	0.0032142694108188152	0.03357653692364693	0.0013108060229569674	0.0017280880128964782	0.0021597917657345533	0.00043255463242530823	0.000942062761168927	0.0012859314447268844
1008	joy	../Syntropy_Result_Finals/Models/Model_Unsliced_Go_Emotion	../Syntropy_Result_Finals/Models/Model_Unsliced_Go_Emotion	excitement	0.49728021025657654	0.49728021025657654	0.007027354557067156	0.0029003326781094074	0.016097070649266243	0.004125838167965412	0.0543195866048336	0.4025762379169464	0.0009156147134490311	0.00844783429056406	0.004850163124501705	0.0006583083304576576	0.0008014171617105603
1009	joy	../Syntropy_Result_Finals/Models/Model_Unsliced_Go_Emotion	../Syntropy_Result_Finals/Models/Model_Unsliced_Go_Emotion	neutral	0.7011642456054688	0.0046524410136044025	0.00940310675650835	0.0033960703294724226	0.04468561336398125	0.0077567677944898605	0.7011642456054688	0.0010461609344929457	0.19733130931854248	0.006739746313542128	0.0063636102713644505	0.014199716970324516	0.0032611771021038294
1010	joy	../Syntropy_Result_Finals/Models/Model_Unsliced_Go_Emotion	../Syntropy_Result_Finals/Models/Model_Unsliced_Go_Emotion	sadness	0.7571761608123779	0.008409206755459309	0.011825702153146267	0.0031721414998173714	0.06772361695766449	0.008731795474886894	0.0506884939968586	0.0028048448730260134	0.7571761608123779	0.004782442469149828	0.06995631009340286	0.0036769353318959475	0.011052403599023819
1011	pride	../Syntropy_Result_Finals/Models/Model_Unsliced_Go_Emotion	../Syntropy_Result_Finals/Models/Model_Unsliced_Go_Emotion	joy	0.7521815299987793	0.053985580801963806	0.0024013689253479242	0.0007356262067332864	0.7521815299987793	0.00470819603651762	0.1669224500656128	0.004967888351529837	0.0047215125523507595	0.006737044081091881	0.0010718778939917684	0.00047745375195518136	0.0010895204031839967
1012	nervousness	../Syntropy_Result_Finals/Models/Model_Unsliced_Go_Emotion	../Syntropy_Result_Finals/Models/Model_Unsliced_Go_Emotion	sadness	0.38655251264572144	0.015611467882990837	0.013246760703623295	0.003232533810660243	0.3134060502052307	0.021536935120821	0.14591972529888153	0.002058359794318676	0.38655251264572144	0.007060331292450428	0.015255551785230637	0.05924016982316971	0.016879523172974586
1013	fear	../Syntropy_Result_Finals/Models/Model_Unsliced_Go_Emotion	../Syntropy_Result_Finals/Models/Model_Unsliced_Go_Emotion	nervousness	0.40352195501327515	0.011526801623404026	0.40352195501327515	0.14289137721061707	0.004279604647308588	0.0028016420546919107	0.32308390736579895	0.004698516800999641	0.04846226051449776	0.03553330898284912	0.017362816259264946	0.00259142997674644	0.0032463804818689823
1014	confusion	../Syntropy_Result_Finals/Models/Model_Unsliced_Go_Emotion	../Syntropy_Result_Finals/Models/Model_Unsliced_Go_Emotion	anger	0.6677013635635376	0.002172441454604268	0.007534378208220005	0.007312131114304066	0.0069176931865513325	0.0031090606935322285	0.08261174708604813	0.0010885602096095681	0.16466356813907623	0.007781251333653927	0.005371808540076017	0.6677013635635376	0.04373600333929062
1015	sadness	../Syntropy_Result_Finals/Models/Model_Unsliced_Go_Emotion	../Syntropy_Result_Finals/Models/Model_Unsliced_Go_Emotion	neutral	0.9382315874099731	0.0022549189161509275	0.004907672293484211	0.00279518635943532	0.0026213969103991985	0.00396667281165719	0.9382315874099731	0.001844255719333887	0.018419038504362106	0.002150805201381445	0.013570795767009258	0.004717542789876461	0.004520101007074118
1016	neutral	../Syntropy_Result_Finals/Models/Model_Unsliced_Go_Emotion	../Syntropy_Result_Finals/Models/Model_Unsliced_Go_Emotion	joy	0.8776721358299255	0.05575393885374069	0.0006961727631278336	0.00043730196193791926	0.8776721358299255	0.003913084510713816	0.055462341755628586	0.0011689511593431234	0.0015361440600827336	0.0016595997149124742	0.0002968869812320918	0.0005778535269200802	0.0008256189757958055
1017	neutral	../Syntropy_Result_Finals/Models/Model_Unsliced_Go_Emotion	../Syntropy_Result_Finals/Models/Model_Unsliced_Go_Emotion	joy	0.9648534655570984	0.01115162018686533	0.00033125694608315825	0.0002689457905944437	0.9648534655570984	0.00460126344114542	0.012472397647798061	0.0012754570925608277	0.0014633566606789827	0.0017052054172381759	0.00034438871080055833	0.0006293575861491263	0.0009033656097017229
1018	pride	../Syntropy_Result_Finals/Models/Model_Unsliced_Go_Emotion	../Syntropy_Result_Finals/Models/Model_Unsliced_Go_Emotion	neutral	0.8153643012046814	0.011593726463615894	0.0019547005649656057	0.0008267386583611369	0.14546623826026917	0.01205282099545002	0.8153643012046814	0.000932348717469722	0.0054929498583078384	0.002364866202697158	0.0013693742221221328	0.0016105315880849957	0.0009715189808048308
1019	excitement	../Syntropy_Result_Finals/Models/Model_Unsliced_Go_Emotion	../Syntropy_Result_Finals/Models/Model_Unsliced_Go_Emotion	excitement	0.9274025559425354	0.9274025559425354	0.0015328367007896304	0.0009458301938138902	0.04818921908736229	0.0030709742568433285	0.010683311149477959	0.004985501524060965	0.0003619889903347939	0.0016725825844332576	0.00034478583256714046	0.0004885390517301857	0.00032198423286899924
1020	neutral	../Syntropy_Result_Finals/Models/Model_Unsliced_Go_Emotion	../Syntropy_Result_Finals/Models/Model_Unsliced_Go_Emotion	joy	0.9167212843894958	0.011427543126046658	0.00043498186278156936	0.0003508014196995646	0.9167212843894958	0.004797302186489105	0.05869300663471222	0.0008899240638129413	0.0032793707214295864	0.00171525904443115	0.00035848291008733213	0.0006471094093285501	0.0006849708734080195
1021	joy	../Syntropy_Result_Finals/Models/Model_Unsliced_Go_Emotion	../Syntropy_Result_Finals/Models/Model_Unsliced_Go_Emotion	neutral	0.8645517230033875	0.038558121770620346	0.0020655400585383177	0.0011635341215878725	0.05641546472907066	0.014392516575753689	0.8645517230033875	0.005953908897936344	0.006763821933418512	0.0015285981353372335	0.0012082519242540002	0.0056846607476472855	0.0017138869734480977
1022	pride	../Syntropy_Result_Finals/Models/Model_Unsliced_Go_Emotion	../Syntropy_Result_Finals/Models/Model_Unsliced_Go_Emotion	joy	0.9519524574279785	0.01888512261211872	0.0004182359843980521	0.000215906256926246	0.9519524574279785	0.003708386328071356	0.01908976584672928	0.0012386151356622577	0.0013140334049239755	0.001379030174575746	0.0003578471078071743	0.0005732530262321234	0.0008673769771121442
1023	neutral	../Syntropy_Result_Finals/Models/Model_Unsliced_Go_Emotion	../Syntropy_Result_Finals/Models/Model_Unsliced_Go_Emotion	excitement	0.3570690155029297	0.3570690155029297	0.0020405251998454332	0.0007657280075363815	0.3242659270763397	0.017105232924222946	0.2807268500328064	0.009480824694037437	0.0018771030008792877	0.002568233059719205	0.0008689736714586616	0.002085320884361863	0.0011461857939139009
1024	neutral	../Syntropy_Result_Finals/Models/Model_Unsliced_Go_Emotion	../Syntropy_Result_Finals/Models/Model_Unsliced_Go_Emotion	joy	0.5635780096054077	0.04724268987774849	0.0014761285856366158	0.0006461609737016261	0.5635780096054077	0.006014843471348286	0.3706110119819641	0.0022199798841029406	0.002565967384725809	0.002327920403331518	0.0006792282802052796	0.0012744509149342775	0.0013636257499456406
1025	joy	../Syntropy_Result_Finals/Models/Model_Unsliced_Go_Emotion	../Syntropy_Result_Finals/Models/Model_Unsliced_Go_Emotion	joy	0.8279728293418884	0.02576088346540928	0.001165307010523975	0.0004832445119973272	0.8279728293418884	0.004523486364632845	0.12827372550964355	0.0015082047320902348	0.004440982360392809	0.003909198101609945	0.0006844592280685902	0.0004603730048984289	0.0008173574460670352
1026	neutral	../Syntropy_Result_Finals/Models/Model_Unsliced_Go_Emotion	../Syntropy_Result_Finals/Models/Model_Unsliced_Go_Emotion	joy	0.8791643381118774	0.059580471366643906	0.0004634698561858386	0.00033790769521147013	0.8791643381118774	0.009696589782834053	0.044383659958839417	0.002275891602039337	0.0008698919555172324	0.0013362711761146784	0.00032928746077232063	0.0007835316937416792	0.0007787045906297863
1027	surprise	../Syntropy_Result_Finals/Models/Model_Unsliced_Go_Emotion	../Syntropy_Result_Finals/Models/Model_Unsliced_Go_Emotion	joy	0.451067715883255	0.3879600465297699	0.003462534863501787	0.0011332472786307335	0.451067715883255	0.01639855094254017	0.044965554028749466	0.0823691114783287	0.0036693336442112923	0.004422434605658054	0.0025113217998296022	0.0007261197897605598	0.0013140878872945905
1028	joy	../Syntropy_Result_Finals/Models/Model_Unsliced_Go_Emotion	../Syntropy_Result_Finals/Models/Model_Unsliced_Go_Emotion	joy	0.877314031124115	0.019934656098484993	0.0003668717690743506	0.00025183570687659085	0.877314031124115	0.004745351616293192	0.09125727415084839	0.0006999938050284982	0.0024442030116915703	0.001247485401108861	0.000302218395518139	0.0006893073441460729	0.0007468850817531347
1029	neutral	../Syntropy_Result_Finals/Models/Model_Unsliced_Go_Emotion	../Syntropy_Result_Finals/Models/Model_Unsliced_Go_Emotion	joy	0.9167497754096985	0.03720446303486824	0.0005485094734467566	0.0003521638282109052	0.9167497754096985	0.0032591111958026886	0.03578326851129532	0.0014292611740529537	0.0015384488506242633	0.0014579790877178311	0.00025273312348872423	0.0006046599592082202	0.0008196030976250768
1030	surprise	../Syntropy_Result_Finals/Models/Model_Unsliced_Go_Emotion	../Syntropy_Result_Finals/Models/Model_Unsliced_Go_Emotion	surprise	0.8861792087554932	0.059122197329998016	0.003209472633898258	0.001046312740072608	0.017551349475979805	0.003989897668361664	0.01564023643732071	0.8861792087554932	0.0017724180361256003	0.0063141812570393085	0.004211009945720434	0.0003605289093684405	0.0006031444063410163
1031	excitement	../Syntropy_Result_Finals/Models/Model_Unsliced_Go_Emotion	../Syntropy_Result_Finals/Models/Model_Unsliced_Go_Emotion	joy	0.9589974880218506	0.01981635019183159	0.000375855655875057	0.00035875843605026603	0.9589974880218506	0.0029109970200806856	0.011757717467844486	0.0013284713495522738	0.0009676339686848223	0.0017231492092832923	0.0002736835740506649	0.0006472186651080847	0.0008427250431850553
1032	joy	../Syntropy_Result_Finals/Models/Model_Unsliced_Go_Emotion	../Syntropy_Result_Finals/Models/Model_Unsliced_Go_Emotion	sadness	0.5332693457603455	0.007553904317319393	0.17249102890491486	0.03372436389327049	0.024260779842734337	0.006905611138790846	0.18250013887882233	0.003783472115173936	0.5332693457603455	0.006005406379699707	0.01632114313542843	0.0035174593795090914	0.009667369537055492
1033	neutral	../Syntropy_Result_Finals/Models/Model_Unsliced_Go_Emotion	../Syntropy_Result_Finals/Models/Model_Unsliced_Go_Emotion	joy	0.7907209992408752	0.04793133586645126	0.00045605472405441105	0.0002200210583396256	0.7907209992408752	0.008390238508582115	0.14548547565937042	0.001644933014176786	0.001540087047033012	0.0010795004200190306	0.0006733077461831272	0.0008685814100317657	0.0009894430404528975
1034	joy	../Syntropy_Result_Finals/Models/Model_Unsliced_Go_Emotion	../Syntropy_Result_Finals/Models/Model_Unsliced_Go_Emotion	joy	0.7350814938545227	0.16675269603729248	0.0004686708562076092	0.00033569129300303757	0.7350814938545227	0.006543615832924843	0.08373825252056122	0.0027991195674985647	0.0008973474032245576	0.0011815160978585482	0.00040776748210191727	0.0007949727005325258	0.000998960924334824
1035	confusion	../Syntropy_Result_Finals/Models/Model_Unsliced_Go_Emotion	../Syntropy_Result_Finals/Models/Model_Unsliced_Go_Emotion	neutral	0.6622901558876038	0.0029129758477211	0.04612278565764427	0.027679629623889923	0.005151339806616306	0.0024822992272675037	0.6622901558876038	0.01698351837694645	0.07638322561979294	0.05040651187300682	0.07595497369766235	0.006508904974907637	0.0271237101405859
1036	neutral	../Syntropy_Result_Finals/Models/Model_Unsliced_Go_Emotion	../Syntropy_Result_Finals/Models/Model_Unsliced_Go_Emotion	sadness	0.6582129597663879	0.006194387096911669	0.07625347375869751	0.034485481679439545	0.008681196719408035	0.009176221676170826	0.16780008375644684	0.002130945911630988	0.6582129597663879	0.00225886981934309	0.01069437526166439	0.015348087064921856	0.008763890713453293
1037	excitement	../Syntropy_Result_Finals/Models/Model_Unsliced_Go_Emotion	../Syntropy_Result_Finals/Models/Model_Unsliced_Go_Emotion	excitement	0.8066001534461975	0.8066001534461975	0.0040095094591379166	0.0012233573943376541	0.05706228315830231	0.09041551500558853	0.01628299057483673	0.015174651518464088	0.0023078899830579758	0.0014192371163517237	0.0023436180781573057	0.00196173251606524	0.0011991338105872273
1038	neutral	../Syntropy_Result_Finals/Models/Model_Unsliced_Go_Emotion	../Syntropy_Result_Finals/Models/Model_Unsliced_Go_Emotion	joy	0.9579404592514038	0.019321752712130547	0.0010267025791108608	0.0006063897744752467	0.9579404592514038	0.0029906516429036856	0.007811281830072403	0.001748574897646904	0.002639862708747387	0.002655155723914504	0.0005865972489118576	0.0009151000413112342	0.0017574336379766464
1039	excitement	../Syntropy_Result_Finals/Models/Model_Unsliced_Go_Emotion	../Syntropy_Result_Finals/Models/Model_Unsliced_Go_Emotion	joy	0.9351357817649841	0.02846888080239296	0.0007272805669344962	0.0005293342401273549	0.9351357817649841	0.0019529705168679357	0.02370508573949337	0.0016347778728231788	0.0016263782745227218	0.0029378249309957027	0.0003489246009849012	0.0012193790171295404	0.0017134376103058457
1040	sadness	../Syntropy_Result_Finals/Models/Model_Unsliced_Go_Emotion	../Syntropy_Result_Finals/Models/Model_Unsliced_Go_Emotion	sadness	0.5809590220451355	0.0018149999668821692	0.016209766268730164	0.006533002946525812	0.011171258985996246	0.0035970963072031736	0.3567166030406952	0.002272139536216855	0.5809590220451355	0.014686975628137589	0.003144211135804653	0.0012654500314965844	0.0016295447712764144
1041	fear	../Syntropy_Result_Finals/Models/Model_Unsliced_Go_Emotion	../Syntropy_Result_Finals/Models/Model_Unsliced_Go_Emotion	sadness	0.6958012580871582	0.0009947712533175945	0.007068948820233345	0.004731600638478994	0.002887000795453787	0.002000552136451006	0.26681801676750183	0.00052716548088938	0.6958012580871582	0.0015948005020618439	0.005311886314302683	0.0067398399114608765	0.005524025298655033
1042	sadness	../Syntropy_Result_Finals/Models/Model_Unsliced_Go_Emotion	../Syntropy_Result_Finals/Models/Model_Unsliced_Go_Emotion	nervousness	0.7877036929130554	0.030282633379101753	0.7877036929130554	0.06782639026641846	0.008319711312651634	0.006396545562893152	0.017370576038956642	0.003973683342337608	0.055880699306726456	0.005453598219901323	0.009081956930458546	0.00475265271961689	0.00295784673653543
1043	excitement	../Syntropy_Result_Finals/Models/Model_Unsliced_Go_Emotion	../Syntropy_Result_Finals/Models/Model_Unsliced_Go_Emotion	excitement	0.9450135827064514	0.9450135827064514	0.0021295470651239157	0.0010398076847195625	0.035124197602272034	0.003209657734259963	0.007336389273405075	0.003001568140462041	0.0004836181760765612	0.001171058276668191	0.0003869373176712543	0.0007290065987035632	0.000374610535800457
1044	neutral	../Syntropy_Result_Finals/Models/Model_Unsliced_Go_Emotion	../Syntropy_Result_Finals/Models/Model_Unsliced_Go_Emotion	neutral	0.660631000995636	0.015700440853834152	0.057546406984329224	0.018648894503712654	0.017702624201774597	0.018781760707497597	0.660631000995636	0.0045622545294463634	0.18401898443698883	0.006069145631045103	0.010020180605351925	0.0028714581858366728	0.0034469247329980135
1045	neutral	../Syntropy_Result_Finals/Models/Model_Unsliced_Go_Emotion	../Syntropy_Result_Finals/Models/Model_Unsliced_Go_Emotion	nervousness	0.8467466831207275	0.013561098836362362	0.8467466831207275	0.08205709606409073	0.00545391533523798	0.0047187418676912785	0.007861766032874584	0.003985079471021891	0.015034923329949379	0.009648432955145836	0.007873005233705044	0.0017143700970336795	0.0013450798578560352
1046	joy	../Syntropy_Result_Finals/Models/Model_Unsliced_Go_Emotion	../Syntropy_Result_Finals/Models/Model_Unsliced_Go_Emotion	joy	0.873704195022583	0.07121290266513824	0.0006939958548173308	0.0003844231541734189	0.873704195022583	0.004542762879282236	0.043278615921735764	0.0015321827959269285	0.0011545652523636818	0.0013710984494537115	0.00027677000616677105	0.0009374471846967936	0.0009110992541536689
1047	excitement	../Syntropy_Result_Finals/Models/Model_Unsliced_Go_Emotion	../Syntropy_Result_Finals/Models/Model_Unsliced_Go_Emotion	neutral	0.9485968947410583	0.007606847211718559	0.0024382814299315214	0.0016137071652337909	0.007900095544755459	0.006554748862981796	0.9485968947410583	0.0033890139311552048	0.012298702262341976	0.0011853957548737526	0.002884672489017248	0.0027443813160061836	0.0027873136568814516
1048	disgust	../Syntropy_Result_Finals/Models/Model_Unsliced_Go_Emotion	../Syntropy_Result_Finals/Models/Model_Unsliced_Go_Emotion	disgust	0.8922708630561829	0.0007788374787196517	0.0015348488232120872	0.003455190686509013	0.0023095556534826756	0.000967998115811497	0.049681488424539566	0.0019644987769424915	0.007835746742784977	0.0020046199206262827	0.028568845242261887	0.008627612143754959	0.8922708630561829
1049	neutral	../Syntropy_Result_Finals/Models/Model_Unsliced_Go_Emotion	../Syntropy_Result_Finals/Models/Model_Unsliced_Go_Emotion	joy	0.9658679366111755	0.016034619882702827	0.0003864999453071505	0.00032892212038859725	0.9658679366111755	0.0032498794607818127	0.00858065951615572	0.0012233556481078267	0.001130803138948977	0.0015089083462953568	0.00028584798565134406	0.0005240534082986414	0.0008785852696746588
1050	neutral	../Syntropy_Result_Finals/Models/Model_Unsliced_Go_Emotion	../Syntropy_Result_Finals/Models/Model_Unsliced_Go_Emotion	joy	0.810638427734375	0.08944591879844666	0.0006619354244321585	0.0004025870293844491	0.810638427734375	0.007304011844098568	0.08586151897907257	0.0014431220479309559	0.0012293248437345028	0.0013613856863230467	0.00034018122823908925	0.00065629743039608	0.0006552705308422446
1051	pride	../Syntropy_Result_Finals/Models/Model_Unsliced_Go_Emotion	../Syntropy_Result_Finals/Models/Model_Unsliced_Go_Emotion	neutral	0.801069974899292	0.011195694096386433	0.001770060625858605	0.0005820628139190376	0.15553990006446838	0.009079917334020138	0.801069974899292	0.0007259545964188874	0.012839255854487419	0.002307778922840953	0.0012281208764761686	0.0019026098307222128	0.0017585946479812264
1052	pride	../Syntropy_Result_Finals/Models/Model_Unsliced_Go_Emotion	../Syntropy_Result_Finals/Models/Model_Unsliced_Go_Emotion	joy	0.7677799463272095	0.07979268580675125	0.0008245611097663641	0.00041686155600473285	0.7677799463272095	0.04629569873213768	0.0930972695350647	0.005196691025048494	0.0019336085533723235	0.0015782383270561695	0.0011687732767313719	0.0008676358847878873	0.0010480079799890518
1053	excitement	../Syntropy_Result_Finals/Models/Model_Unsliced_Go_Emotion	../Syntropy_Result_Finals/Models/Model_Unsliced_Go_Emotion	excitement	0.9083267450332642	0.9083267450332642	0.001377767650410533	0.0006733286427333951	0.07308824360370636	0.004128461237996817	0.006608565337955952	0.002865326590836048	0.0005001559038646519	0.000945775187574327	0.00035793002462014556	0.0007242393912747502	0.000403492187615484
1054	neutral	../Syntropy_Result_Finals/Models/Model_Unsliced_Go_Emotion	../Syntropy_Result_Finals/Models/Model_Unsliced_Go_Emotion	joy	0.8757396936416626	0.07063372433185577	0.0006365017616190016	0.0003451719239819795	0.8757396936416626	0.003891746513545513	0.04130713269114494	0.0024984353221952915	0.0009210208663716912	0.001920520793646574	0.00044354124111123383	0.000608215865213424	0.0010543250245973468
1055	excitement	../Syntropy_Result_Finals/Models/Model_Unsliced_Go_Emotion	../Syntropy_Result_Finals/Models/Model_Unsliced_Go_Emotion	pride	0.6570581793785095	0.08715751767158508	0.003903771750628948	0.0014545134035870433	0.18106891214847565	0.6570581793785095	0.028529856353998184	0.011174551211297512	0.01078527607023716	0.003873733803629875	0.008589067496359348	0.003367574419826269	0.003036961192265153
1056	excitement	../Syntropy_Result_Finals/Models/Model_Unsliced_Go_Emotion	../Syntropy_Result_Finals/Models/Model_Unsliced_Go_Emotion	joy	0.6252801418304443	0.07126367092132568	0.000761277973651886	0.000394094007788226	0.6252801418304443	0.016288837417960167	0.2771950364112854	0.001398105057887733	0.002846255199983716	0.0012399210827425122	0.0007517557824030519	0.0015339364763349295	0.0010469395201653242
1057	neutral	../Syntropy_Result_Finals/Models/Model_Unsliced_Go_Emotion	../Syntropy_Result_Finals/Models/Model_Unsliced_Go_Emotion	joy	0.7832983732223511	0.18045850098133087	0.0005044701392762363	0.0003374288498889655	0.7832983732223511	0.004744917619973421	0.02284212037920952	0.0039039335679262877	0.00063376035541296	0.0014713865239173174	0.00037920259637758136	0.0005937385722063482	0.0008321384084410965
1058	joy	../Syntropy_Result_Finals/Models/Model_Unsliced_Go_Emotion	../Syntropy_Result_Finals/Models/Model_Unsliced_Go_Emotion	joy	0.9566164612770081	0.01603899523615837	0.0004154473135713488	0.0002285809168824926	0.9566164612770081	0.003469286020845175	0.017344767227768898	0.0009390601189807057	0.0020131501369178295	0.0012107265647500753	0.0003620802890509367	0.00048786954721435905	0.0008735810988582671
1059	neutral	../Syntropy_Result_Finals/Models/Model_Unsliced_Go_Emotion	../Syntropy_Result_Finals/Models/Model_Unsliced_Go_Emotion	joy	0.9509183168411255	0.02340329810976982	0.000499138084705919	0.0003740722022484988	0.9509183168411255	0.0035559230018407106	0.015628501772880554	0.0011280871694907546	0.001305691315792501	0.0015580961480736732	0.00026637990958988667	0.0005922566051594913	0.0007702417788095772
1060	joy	../Syntropy_Result_Finals/Models/Model_Unsliced_Go_Emotion	../Syntropy_Result_Finals/Models/Model_Unsliced_Go_Emotion	excitement	0.6784418225288391	0.6784418225288391	0.0025633624754846096	0.0009737549116834998	0.18398845195770264	0.011794336140155792	0.06440604478120804	0.05065923184156418	0.001143958535976708	0.0034365463070571423	0.0009676311747170985	0.000777018372900784	0.0008478779345750809
1061	neutral	../Syntropy_Result_Finals/Models/Model_Unsliced_Go_Emotion	../Syntropy_Result_Finals/Models/Model_Unsliced_Go_Emotion	joy	0.7432810068130493	0.018906069919466972	0.0010173467453569174	0.0007372869295068085	0.7432810068130493	0.02624102123081684	0.1815091073513031	0.001097760396078229	0.019037628546357155	0.0027496537659317255	0.0009722274844534695	0.0030061157885938883	0.0014447331195697188
1062	nervousness	../Syntropy_Result_Finals/Models/Model_Unsliced_Go_Emotion	../Syntropy_Result_Finals/Models/Model_Unsliced_Go_Emotion	joy	0.29659056663513184	0.023013504222035408	0.015288972295820713	0.005939928814768791	0.29659056663513184	0.013099624775350094	0.09220372885465622	0.004357462283223867	0.24340255558490753	0.030720984563231468	0.013148067519068718	0.21985402703285217	0.04238061606884003
1063	pride	../Syntropy_Result_Finals/Models/Model_Unsliced_Go_Emotion	../Syntropy_Result_Finals/Models/Model_Unsliced_Go_Emotion	joy	0.6780696511268616	0.14843162894248962	0.0008676739525981247	0.0005111271166242659	0.6780696511268616	0.01954486034810543	0.14271514117717743	0.0029045967385172844	0.002237484324723482	0.0017845697002485394	0.000617277983110398	0.0013614791678264737	0.0009544632630422711
1064	surprise	../Syntropy_Result_Finals/Models/Model_Unsliced_Go_Emotion	../Syntropy_Result_Finals/Models/Model_Unsliced_Go_Emotion	surprise	0.9290642738342285	0.015429574064910412	0.001584055833518505	0.001146857626736164	0.0031413682736456394	0.0010624375427141786	0.033561449497938156	0.9290642738342285	0.000980990706011653	0.010421262122690678	0.002313638338819146	0.0005060327239334583	0.0007880065240897238
1065	nervousness	../Syntropy_Result_Finals/Models/Model_Unsliced_Go_Emotion	../Syntropy_Result_Finals/Models/Model_Unsliced_Go_Emotion	excitement	0.36336514353752136	0.36336514353752136	0.0018596049631014466	0.0011191625380888581	0.26019471883773804	0.01309301145374775	0.345258891582489	0.005924379453063011	0.0021121730096638203	0.005036272574216127	0.00045322778169065714	0.0009951104875653982	0.0005882966797798872
1066	nervousness	../Syntropy_Result_Finals/Models/Model_Unsliced_Go_Emotion	../Syntropy_Result_Finals/Models/Model_Unsliced_Go_Emotion	nervousness	0.8500881791114807	0.01284017413854599	0.8500881791114807	0.08238324522972107	0.005009378306567669	0.004417111165821552	0.012013470754027367	0.003982589580118656	0.014771361835300922	0.007670260034501553	0.00414750212803483	0.0013723158044740558	0.0013044783845543861
1067	neutral	../Syntropy_Result_Finals/Models/Model_Unsliced_Go_Emotion	../Syntropy_Result_Finals/Models/Model_Unsliced_Go_Emotion	joy	0.961116373538971	0.01642899587750435	0.00047740890295244753	0.00033167708897963166	0.961116373538971	0.0035745177883654833	0.01204884983599186	0.0012027495540678501	0.0013164258562028408	0.0017125923186540604	0.00028316484531387687	0.0006371838971972466	0.0008700450998730958
1068	pride	../Syntropy_Result_Finals/Models/Model_Unsliced_Go_Emotion	../Syntropy_Result_Finals/Models/Model_Unsliced_Go_Emotion	neutral	0.9265729188919067	0.01922616735100746	0.0051964037120342255	0.0016643315320834517	0.021076740697026253	0.007927797734737396	0.9265729188919067	0.0018580405740067363	0.008279864676296711	0.0018623328069224954	0.0022604092955589294	0.0026649439241737127	0.0014100611442700028
1069	neutral	../Syntropy_Result_Finals/Models/Model_Unsliced_Go_Emotion	../Syntropy_Result_Finals/Models/Model_Unsliced_Go_Emotion	joy	0.8298865556716919	0.03978597745299339	0.0006380129489116371	0.0002912640920840204	0.8298865556716919	0.005435642786324024	0.1160665974020958	0.0009567557135596871	0.002853815443813801	0.0012544490164145827	0.0004696603864431381	0.0010002831695601344	0.0013609864981845021
1070	excitement	../Syntropy_Result_Finals/Models/Model_Unsliced_Go_Emotion	../Syntropy_Result_Finals/Models/Model_Unsliced_Go_Emotion	joy	0.4519229233264923	0.045739658176898956	0.004474055487662554	0.0014314198633655906	0.4519229233264923	0.007577483542263508	0.4211176931858063	0.0023203070741146803	0.04653020203113556	0.0036305938847362995	0.0028916674200445414	0.0037204676773399115	0.008643506094813347
1071	joy	../Syntropy_Result_Finals/Models/Model_Unsliced_Go_Emotion	../Syntropy_Result_Finals/Models/Model_Unsliced_Go_Emotion	joy	0.9420545697212219	0.011073355562984943	0.00037871088716201484	0.0003092239785473794	0.9420545697212219	0.003576903371140361	0.035114627331495285	0.0008422120590694249	0.0032692081294953823	0.001781631144694984	0.00033043441362679005	0.0005164588801562786	0.0007526471163146198
1072	neutral	../Syntropy_Result_Finals/Models/Model_Unsliced_Go_Emotion	../Syntropy_Result_Finals/Models/Model_Unsliced_Go_Emotion	joy	0.8886563181877136	0.0503835491836071	0.00047592446208000183	0.00025112603907473385	0.8886563181877136	0.007883049547672272	0.04699390381574631	0.0013427829835563898	0.0013778951251879334	0.000977265415713191	0.0003546656807884574	0.0005586569313891232	0.0007448485703207552
1073	excitement	../Syntropy_Result_Finals/Models/Model_Unsliced_Go_Emotion	../Syntropy_Result_Finals/Models/Model_Unsliced_Go_Emotion	surprise	0.9146605730056763	0.05195636674761772	0.0010303667513653636	0.0006010843790136278	0.004896657541394234	0.0016814974369481206	0.01843130774796009	0.9146605730056763	0.0005226352368481457	0.003723575035110116	0.0013721940340474248	0.0005828138091601431	0.0005409529549069703
1074	neutral	../Syntropy_Result_Finals/Models/Model_Unsliced_Go_Emotion	../Syntropy_Result_Finals/Models/Model_Unsliced_Go_Emotion	neutral	0.8906473517417908	0.009038318879902363	0.00174165319185704	0.0006645381799899042	0.06624960154294968	0.009623611345887184	0.8906473517417908	0.0009133454295806587	0.014691093936562538	0.0015791348414495587	0.0014676025602966547	0.002086975146085024	0.0012967928778380156
1075	neutral	../Syntropy_Result_Finals/Models/Model_Unsliced_Go_Emotion	../Syntropy_Result_Finals/Models/Model_Unsliced_Go_Emotion	neutral	0.829214870929718	0.014747615903615952	0.0023824109230190516	0.0008998505654744804	0.12271014600992203	0.005438517779111862	0.829214870929718	0.0023791559506207705	0.01450282521545887	0.002621277002617717	0.001957847038283944	0.000760988739784807	0.002384587423875928
1076	joy	../Syntropy_Result_Finals/Models/Model_Unsliced_Go_Emotion	../Syntropy_Result_Finals/Models/Model_Unsliced_Go_Emotion	joy	0.9533917307853699	0.02197384648025036	0.0004621818952728063	0.00032246546470560133	0.9533917307853699	0.002630577888339758	0.015124373137950897	0.0012503343168646097	0.0010794969275593758	0.0018991319229826331	0.00029563167481683195	0.0006699766963720322	0.0009002402657642961
1077	excitement	../Syntropy_Result_Finals/Models/Model_Unsliced_Go_Emotion	../Syntropy_Result_Finals/Models/Model_Unsliced_Go_Emotion	joy	0.5268684029579163	0.27929043769836426	0.0006006998592056334	0.0003120706824120134	0.5268684029579163	0.014081603847444057	0.164727583527565	0.007627689279615879	0.0009601815836504102	0.00221240078099072	0.0007143021211959422	0.001513765542767942	0.0010908449767157435
1078	excitement	../Syntropy_Result_Finals/Models/Model_Unsliced_Go_Emotion	../Syntropy_Result_Finals/Models/Model_Unsliced_Go_Emotion	excitement	0.9527301788330078	0.9527301788330078	0.001662221155129373	0.0010503091616556048	0.02224803902208805	0.003217380726709962	0.01214839518070221	0.0031908222008496523	0.00046493473928421736	0.001367956749163568	0.00038775629946030676	0.0011316261952742934	0.0004003666981589049
1079	neutral	../Syntropy_Result_Finals/Models/Model_Unsliced_Go_Emotion	../Syntropy_Result_Finals/Models/Model_Unsliced_Go_Emotion	joy	0.9330795407295227	0.030284501612186432	0.0004117910866625607	0.00026418574270792305	0.9330795407295227	0.0038054625038057566	0.026974011212587357	0.001227797707542777	0.0009640449425205588	0.001271844725124538	0.0002768811536952853	0.0006082384497858584	0.0008316600578837097
1080	neutral	../Syntropy_Result_Finals/Models/Model_Unsliced_Go_Emotion	../Syntropy_Result_Finals/Models/Model_Unsliced_Go_Emotion	neutral	0.959235668182373	0.0038002131041139364	0.000845020345877856	0.00043695533531717956	0.022128546610474586	0.004421890713274479	0.959235668182373	0.0004198821261525154	0.0035828060936182737	0.001855656155385077	0.001003863988444209	0.0012066420167684555	0.001062855590134859
1081	joy	../Syntropy_Result_Finals/Models/Model_Unsliced_Go_Emotion	../Syntropy_Result_Finals/Models/Model_Unsliced_Go_Emotion	neutral	0.849432647228241	0.01800873875617981	0.0010500687640160322	0.0004271246143616736	0.11619537323713303	0.0037768962793052197	0.849432647228241	0.0011242175241932273	0.0041063991375267506	0.0014042069669812918	0.0009969552047550678	0.0013667830498889089	0.002110555302351713
1082	joy	../Syntropy_Result_Finals/Models/Model_Unsliced_Go_Emotion	../Syntropy_Result_Finals/Models/Model_Unsliced_Go_Emotion	joy	0.9582300186157227	0.011077956296503544	0.000558694766368717	0.0003462288877926767	0.9582300186157227	0.0034371213987469673	0.016627095639705658	0.0009998125024139881	0.0050367387011647224	0.0018403392750769854	0.00035525806015357375	0.0005332661094143987	0.0009574585710652173
1083	pride	../Syntropy_Result_Finals/Models/Model_Unsliced_Go_Emotion	../Syntropy_Result_Finals/Models/Model_Unsliced_Go_Emotion	joy	0.6792124509811401	0.17876268923282623	0.0013495802413672209	0.000574843434151262	0.6792124509811401	0.026422858238220215	0.10493215173482895	0.0024794081691652536	0.001887132995761931	0.0012623985530808568	0.0006813617656007409	0.001463796361349523	0.0009712938335724175
1084	nervousness	../Syntropy_Result_Finals/Models/Model_Unsliced_Go_Emotion	../Syntropy_Result_Finals/Models/Model_Unsliced_Go_Emotion	anger	0.47356700897216797	0.001605569152161479	0.010340404696762562	0.011143110692501068	0.006316265556961298	0.002940375590696931	0.11966555565595627	0.0008517124806530774	0.32157742977142334	0.007705959491431713	0.0060302335768938065	0.47356700897216797	0.03825627267360687
1085	neutral	../Syntropy_Result_Finals/Models/Model_Unsliced_Go_Emotion	../Syntropy_Result_Finals/Models/Model_Unsliced_Go_Emotion	neutral	0.5167796015739441	0.018290294334292412	0.0009216301841661334	0.0005118973786011338	0.44953709840774536	0.004757402464747429	0.5167796015739441	0.0008390445727854967	0.0035438407212495804	0.0014566441532224417	0.0005167705821804702	0.0016789159271866083	0.0011668337974697351
1086	joy	../Syntropy_Result_Finals/Models/Model_Unsliced_Go_Emotion	../Syntropy_Result_Finals/Models/Model_Unsliced_Go_Emotion	joy	0.7238516211509705	0.048419345170259476	0.0008304474758915603	0.0003944991622120142	0.7238516211509705	0.013659082353115082	0.20534251630306244	0.0013792465906590223	0.0021185327786952257	0.0015582916093990207	0.0006322074914351106	0.0008935361984185874	0.0009207437979057431
1087	nervousness	../Syntropy_Result_Finals/Models/Model_Unsliced_Go_Emotion	../Syntropy_Result_Finals/Models/Model_Unsliced_Go_Emotion	nervousness	0.8661377429962158	0.02070697396993637	0.8661377429962158	0.049593474715948105	0.005566177889704704	0.0050957161001861095	0.010822439566254616	0.002639132784679532	0.020810797810554504	0.004894435405731201	0.008517018519341946	0.0025652882177382708	0.002650827867910266
1088	pride	../Syntropy_Result_Finals/Models/Model_Unsliced_Go_Emotion	../Syntropy_Result_Finals/Models/Model_Unsliced_Go_Emotion	pride	0.7983338832855225	0.053683456033468246	0.005279206670820713	0.0019171015592291951	0.06610909104347229	0.7983338832855225	0.024761198088526726	0.014984358102083206	0.009504348039627075	0.004199546296149492	0.012089008465409279	0.005551310256123543	0.003587601473554969
1089	neutral	../Syntropy_Result_Finals/Models/Model_Unsliced_Go_Emotion	../Syntropy_Result_Finals/Models/Model_Unsliced_Go_Emotion	joy	0.9086369872093201	0.01654875837266445	0.002011786447837949	0.0005966695607639849	0.9086369872093201	0.01039744634181261	0.05068862438201904	0.0020551253110170364	0.004453202709555626	0.0016845485661178827	0.0011776317842304707	0.0006064476328901947	0.0011427782010287046
1090	excitement	../Syntropy_Result_Finals/Models/Model_Unsliced_Go_Emotion	../Syntropy_Result_Finals/Models/Model_Unsliced_Go_Emotion	joy	0.7498319149017334	0.04082047566771507	0.0011157453991472721	0.0007446564268320799	0.7498319149017334	0.005804901476949453	0.1879691332578659	0.0010306178592145443	0.006397619377821684	0.0016793851973488927	0.0005632558022625744	0.0017697069561108947	0.0022726706229150295
1091	pride	../Syntropy_Result_Finals/Models/Model_Unsliced_Go_Emotion	../Syntropy_Result_Finals/Models/Model_Unsliced_Go_Emotion	joy	0.7243501543998718	0.07386209070682526	0.0013425725046545267	0.0006820645648986101	0.7243501543998718	0.12880976498126984	0.055367983877658844	0.00390027929097414	0.0035329291131347418	0.0021336667705327272	0.002538873814046383	0.0018056314438581467	0.0016739533748477697
1092	disgust	../Syntropy_Result_Finals/Models/Model_Unsliced_Go_Emotion	../Syntropy_Result_Finals/Models/Model_Unsliced_Go_Emotion	neutral	0.4326028525829315	0.01947210729122162	0.008243967778980732	0.0038774169515818357	0.30301612615585327	0.008313587866723537	0.4326028525829315	0.004079414065927267	0.12340345978736877	0.0022127688862383366	0.007754120044410229	0.010984396561980247	0.0760398656129837
1093	pride	../Syntropy_Result_Finals/Models/Model_Unsliced_Go_Emotion	../Syntropy_Result_Finals/Models/Model_Unsliced_Go_Emotion	joy	0.8151444792747498	0.00766104506328702	0.0012513919500634074	0.0010166838765144348	0.8151444792747498	0.015466803684830666	0.07657282054424286	0.0012909916695207357	0.07479768991470337	0.0029304474592208862	0.0010766828199848533	0.0013200200628489256	0.0014709844253957272
1094	neutral	../Syntropy_Result_Finals/Models/Model_Unsliced_Go_Emotion	../Syntropy_Result_Finals/Models/Model_Unsliced_Go_Emotion	neutral	0.8665979504585266	0.007248640060424805	0.0015236460603773594	0.00046809151535853744	0.08543775230646133	0.005970497615635395	0.8665979504585266	0.0006691207527182996	0.02435697801411152	0.0012989138485863805	0.0016160488594323397	0.00217615207657218	0.00263624987564981
1095	pride	../Syntropy_Result_Finals/Models/Model_Unsliced_Go_Emotion	../Syntropy_Result_Finals/Models/Model_Unsliced_Go_Emotion	neutral	0.942832887172699	0.014605969190597534	0.0010710215428844094	0.0004513409221544862	0.02879229374229908	0.005923613905906677	0.942832887172699	0.0011703554773703218	0.00195722421631217	0.0011375780450180173	0.0006753099733032286	0.0008970940834842622	0.00048532974324189126
1096	neutral	../Syntropy_Result_Finals/Models/Model_Unsliced_Go_Emotion	../Syntropy_Result_Finals/Models/Model_Unsliced_Go_Emotion	joy	0.8599244952201843	0.04205942153930664	0.0006092422408983111	0.00036761705996468663	0.8599244952201843	0.009029263630509377	0.08148309588432312	0.0017214540857821703	0.001429147319868207	0.0016227962914854288	0.0004838236782234162	0.0005511072813533247	0.0007185207214206457
1097	excitement	../Syntropy_Result_Finals/Models/Model_Unsliced_Go_Emotion	../Syntropy_Result_Finals/Models/Model_Unsliced_Go_Emotion	pride	0.643081784248352	0.07140573859214783	0.0035073820035904646	0.001438902341760695	0.1818244755268097	0.643081784248352	0.0547272190451622	0.010864838026463985	0.010391722433269024	0.003998491447418928	0.010682088322937489	0.004511440638452768	0.0035659701097756624
1098	neutral	../Syntropy_Result_Finals/Models/Model_Unsliced_Go_Emotion	../Syntropy_Result_Finals/Models/Model_Unsliced_Go_Emotion	joy	0.9467527270317078	0.02298913337290287	0.0004041592183057219	0.0002908224705606699	0.9467527270317078	0.002386063802987337	0.021948322653770447	0.0010055637685582042	0.0011348413536325097	0.0015632228460162878	0.00022901994816493243	0.0005035984213463962	0.0007924812380224466
1099	sadness	../Syntropy_Result_Finals/Models/Model_Unsliced_Go_Emotion	../Syntropy_Result_Finals/Models/Model_Unsliced_Go_Emotion	nervousness	0.7359819412231445	0.013785319402813911	0.7359819412231445	0.0838732048869133	0.008239440619945526	0.004220456350594759	0.026422901079058647	0.0020518803503364325	0.09456024318933487	0.015044662170112133	0.007065197918564081	0.00436389958485961	0.004390798509120941
1100	neutral	../Syntropy_Result_Finals/Models/Model_Unsliced_Go_Emotion	../Syntropy_Result_Finals/Models/Model_Unsliced_Go_Emotion	joy	0.95931077003479	0.01530726719647646	0.00045120599679648876	0.0002448190934956074	0.95931077003479	0.005219289567321539	0.013211561366915703	0.0011295409640297294	0.001983463065698743	0.0012708045542240143	0.00042101909639313817	0.0005716352025046945	0.0008786427206359804
1101	pride	../Syntropy_Result_Finals/Models/Model_Unsliced_Go_Emotion	../Syntropy_Result_Finals/Models/Model_Unsliced_Go_Emotion	joy	0.46745938062667847	0.09907443076372147	0.0022032354027032852	0.0009370382758788764	0.46745938062667847	0.33487120270729065	0.06591615080833435	0.008441785350441933	0.006772096734493971	0.0032336083240807056	0.005814192816615105	0.0026922449469566345	0.0025847291108220816
1102	joy	../Syntropy_Result_Finals/Models/Model_Unsliced_Go_Emotion	../Syntropy_Result_Finals/Models/Model_Unsliced_Go_Emotion	neutral	0.9820334315299988	0.003399074077606201	0.0007367850630544126	0.0004553534963633865	0.004174903966486454	0.0017306666122749448	0.9820334315299988	0.00038894254248589277	0.003444428788498044	0.0006670675938948989	0.0007694074301980436	0.0012602298520505428	0.0009397185640409589
1103	neutral	../Syntropy_Result_Finals/Models/Model_Unsliced_Go_Emotion	../Syntropy_Result_Finals/Models/Model_Unsliced_Go_Emotion	joy	0.9662473797798157	0.010704697109758854	0.0005708714015781879	0.00031925435177981853	0.9662473797798157	0.002758529968559742	0.01141663920134306	0.001082441071048379	0.003269630717113614	0.0017757373861968517	0.0003896884445566684	0.0005326079553924501	0.0009325763094238937
1104	joy	../Syntropy_Result_Finals/Models/Model_Unsliced_Go_Emotion	../Syntropy_Result_Finals/Models/Model_Unsliced_Go_Emotion	joy	0.4984862208366394	0.06630310416221619	0.0008479708922095597	0.0004979756195098162	0.4984862208366394	0.008891482837498188	0.4140911400318146	0.0032119452953338623	0.0021080367732793093	0.0015184016665443778	0.0007721959846094251	0.0015189043479040265	0.0017527119489386678
1105	neutral	../Syntropy_Result_Finals/Models/Model_Unsliced_Go_Emotion	../Syntropy_Result_Finals/Models/Model_Unsliced_Go_Emotion	neutral	0.7801163196563721	0.028617199510335922	0.003470641328021884	0.0015090169617906213	0.14457955956459045	0.01953202299773693	0.7801163196563721	0.005751653574407101	0.007570636458694935	0.0029196201357990503	0.001981736859306693	0.002569993492215872	0.0013815899146720767
1106	sadness	../Syntropy_Result_Finals/Models/Model_Unsliced_Go_Emotion	../Syntropy_Result_Finals/Models/Model_Unsliced_Go_Emotion	sadness	0.5208339691162109	0.002837352454662323	0.011075680144131184	0.006876793224364519	0.009564807638525963	0.002928320085629821	0.436664879322052	0.0010314801475033164	0.5208339691162109	0.002776338253170252	0.001985487062484026	0.0014752595452591777	0.0019497063476592302
1107	nervousness	../Syntropy_Result_Finals/Models/Model_Unsliced_Go_Emotion	../Syntropy_Result_Finals/Models/Model_Unsliced_Go_Emotion	nervousness	0.5557928681373596	0.006753921043127775	0.5557928681373596	0.3401038348674774	0.0038156781811267138	0.0027145834174007177	0.01886841468513012	0.0021277465857565403	0.04435942694544792	0.0026657930575311184	0.007156935054808855	0.004548088647425175	0.011092735454440117
1108	nervousness	../Syntropy_Result_Finals/Models/Model_Unsliced_Go_Emotion	../Syntropy_Result_Finals/Models/Model_Unsliced_Go_Emotion	anger	0.8789268136024475	0.0014192791422829032	0.00209058471955359	0.0016514325980097055	0.0037576875183731318	0.0017347150715067983	0.04744384437799454	0.0006706470157951117	0.028951844200491905	0.0030665143858641386	0.0037503361236304045	0.8789268136024475	0.02653629519045353
1109	joy	../Syntropy_Result_Finals/Models/Model_Unsliced_Go_Emotion	../Syntropy_Result_Finals/Models/Model_Unsliced_Go_Emotion	joy	0.9237033128738403	0.05139581486582756	0.0007216383819468319	0.0004523924144450575	0.9237033128738403	0.0028519544284790754	0.012129935435950756	0.002660901052877307	0.0011883999686688185	0.0030243683140724897	0.00040835962863638997	0.0005812125164084136	0.0008817313355393708
1110	joy	../Syntropy_Result_Finals/Models/Model_Unsliced_Go_Emotion	../Syntropy_Result_Finals/Models/Model_Unsliced_Go_Emotion	neutral	0.9266229271888733	0.008196859620511532	0.0016111000441014767	0.0006799035472795367	0.037328653037548065	0.007499284576624632	0.9266229271888733	0.0011545481393113732	0.010931506752967834	0.001203822554089129	0.0014072716003283858	0.0022995194885879755	0.0010646714363247156
1111	excitement	../Syntropy_Result_Finals/Models/Model_Unsliced_Go_Emotion	../Syntropy_Result_Finals/Models/Model_Unsliced_Go_Emotion	joy	0.8461230993270874	0.013788948766887188	0.0005645661149173975	0.0005253268755041063	0.8461230993270874	0.015698956325650215	0.11014439165592194	0.0008970898925326765	0.007494040299206972	0.0019122790545225143	0.0006892715464346111	0.0011646220227703452	0.000997481169179082
1112	neutral	../Syntropy_Result_Finals/Models/Model_Unsliced_Go_Emotion	../Syntropy_Result_Finals/Models/Model_Unsliced_Go_Emotion	joy	0.928784191608429	0.04936083033680916	0.00045650507672689855	0.0003432196390349418	0.928784191608429	0.002975050127133727	0.01234597247093916	0.0016577126225456595	0.0009679057984612882	0.0014457282377406955	0.00022846802312415093	0.0006093750125728548	0.0008250400424003601
1113	joy	../Syntropy_Result_Finals/Models/Model_Unsliced_Go_Emotion	../Syntropy_Result_Finals/Models/Model_Unsliced_Go_Emotion	joy	0.9672408699989319	0.010389655828475952	0.0011127997422590852	0.0007029600674286485	0.9672408699989319	0.005958350840955973	0.006588337477296591	0.0012391946511343122	0.00229645986109972	0.0024898755364120007	0.0005578011623583734	0.0005331903230398893	0.0008905833237804472
1114	neutral	../Syntropy_Result_Finals/Models/Model_Unsliced_Go_Emotion	../Syntropy_Result_Finals/Models/Model_Unsliced_Go_Emotion	joy	0.9439343810081482	0.010974270291626453	0.0006297256331890821	0.00040554397855885327	0.9439343810081482	0.0035078334622085094	0.03221655264496803	0.001138224732130766	0.0019134038593620062	0.002237202599644661	0.00044442235957831144	0.0010320252040401101	0.0015664888778701425
1115	neutral	../Syntropy_Result_Finals/Models/Model_Unsliced_Go_Emotion	../Syntropy_Result_Finals/Models/Model_Unsliced_Go_Emotion	joy	0.803707480430603	0.0288813766092062	0.0005756221362389624	0.00034293546923436224	0.803707480430603	0.012827298603951931	0.146885946393013	0.001189987757243216	0.0019463241333141923	0.001497703604400158	0.000517791195306927	0.0007753662066534162	0.0008521308773197234
1116	neutral	../Syntropy_Result_Finals/Models/Model_Unsliced_Go_Emotion	../Syntropy_Result_Finals/Models/Model_Unsliced_Go_Emotion	joy	0.955995500087738	0.024776557460427284	0.00045245105866342783	0.0003507766523398459	0.955995500087738	0.0031584338285028934	0.009492075070738792	0.0014469309244304895	0.0008368893177248538	0.0015654898015782237	0.00029606165480799973	0.0006202186341397464	0.0010086819529533386
1117	sadness	../Syntropy_Result_Finals/Models/Model_Unsliced_Go_Emotion	../Syntropy_Result_Finals/Models/Model_Unsliced_Go_Emotion	nervousness	0.5648075938224792	0.006000165827572346	0.5648075938224792	0.11916537582874298	0.006659891922026873	0.0039198449812829494	0.0377049595117569	0.002227314980700612	0.24179495871067047	0.00952086877077818	0.0028026108630001545	0.0024206959642469883	0.0029757539741694927
1118	pride	../Syntropy_Result_Finals/Models/Model_Unsliced_Go_Emotion	../Syntropy_Result_Finals/Models/Model_Unsliced_Go_Emotion	joy	0.9379991292953491	0.029317259788513184	0.0008906524744816124	0.0004433792782947421	0.9379991292953491	0.005359047092497349	0.02074616588652134	0.0010629001772031188	0.001375197316519916	0.0013096207985654473	0.0003421303990762681	0.0004593218327499926	0.0006952087278477848
1119	excitement	../Syntropy_Result_Finals/Models/Model_Unsliced_Go_Emotion	../Syntropy_Result_Finals/Models/Model_Unsliced_Go_Emotion	neutral	0.5629979968070984	0.07010519504547119	0.0013985824771225452	0.0007123457035049796	0.321243017911911	0.028479838743805885	0.5629979968070984	0.002952537266537547	0.004061543382704258	0.0035464270040392876	0.000889832794200629	0.002694549039006233	0.0009182682842947543
1120	surprise	../Syntropy_Result_Finals/Models/Model_Unsliced_Go_Emotion	../Syntropy_Result_Finals/Models/Model_Unsliced_Go_Emotion	surprise	0.9460066556930542	0.020271122455596924	0.0010663369903340936	0.0008128216722980142	0.0023700944148004055	0.0008494492503814399	0.02036861516535282	0.9460066556930542	0.0005192646058276296	0.00501408614218235	0.0015591136179864407	0.0004485795507207513	0.0007138291839510202
1121	joy	../Syntropy_Result_Finals/Models/Model_Unsliced_Go_Emotion	../Syntropy_Result_Finals/Models/Model_Unsliced_Go_Emotion	neutral	0.4795263409614563	0.08268226683139801	0.0007763117901049554	0.0004299073771107942	0.41943034529685974	0.0046600522473454475	0.4795263409614563	0.0032605710439383984	0.0023544079158455133	0.0019607010763138533	0.0008415324264205992	0.001573902671225369	0.002503714757040143
1122	excitement	../Syntropy_Result_Finals/Models/Model_Unsliced_Go_Emotion	../Syntropy_Result_Finals/Models/Model_Unsliced_Go_Emotion	neutral	0.8488917350769043	0.04778553545475006	0.0007821345352567732	0.00025921183987520635	0.09040208905935287	0.0038565972354263067	0.8488917350769043	0.002178551396355033	0.0013431052211672068	0.0018851571949198842	0.0007714606472291052	0.0009236393962055445	0.000920834660064429
1123	neutral	../Syntropy_Result_Finals/Models/Model_Unsliced_Go_Emotion	../Syntropy_Result_Finals/Models/Model_Unsliced_Go_Emotion	joy	0.5042678117752075	0.025719299912452698	0.0011319132754579186	0.0004985962295904756	0.5042678117752075	0.00801317859441042	0.45022934675216675	0.0011693831766024232	0.00393167557194829	0.0020390029530972242	0.0008280149195343256	0.0010033840080723166	0.0011684010969474912
1124	excitement	../Syntropy_Result_Finals/Models/Model_Unsliced_Go_Emotion	../Syntropy_Result_Finals/Models/Model_Unsliced_Go_Emotion	neutral	0.7572706937789917	0.17385238409042358	0.002286658389493823	0.001297366339713335	0.046755872666835785	0.005296983756124973	0.7572706937789917	0.0022852218244224787	0.002511892933398485	0.0022244059946388006	0.0005915797664783895	0.004110231064260006	0.00151660421397537
1125	pride	../Syntropy_Result_Finals/Models/Model_Unsliced_Go_Emotion	../Syntropy_Result_Finals/Models/Model_Unsliced_Go_Emotion	joy	0.9435313940048218	0.013546809554100037	0.00032854967867024243	0.00023240162408910692	0.9435313940048218	0.006505054421722889	0.030044615268707275	0.0008601998561061919	0.0019150987500324845	0.0012724307598546147	0.0004220069677103311	0.0005832180031575263	0.000758247566409409
1126	neutral	../Syntropy_Result_Finals/Models/Model_Unsliced_Go_Emotion	../Syntropy_Result_Finals/Models/Model_Unsliced_Go_Emotion	joy	0.7727768421173096	0.019492043182253838	0.0009892599191516638	0.000674466835334897	0.7727768421173096	0.05144847184419632	0.12705180048942566	0.0021423466969281435	0.01668819971382618	0.003427569754421711	0.002030699048191309	0.0018624243093654513	0.001415833830833435
1127	pride	../Syntropy_Result_Finals/Models/Model_Unsliced_Go_Emotion	../Syntropy_Result_Finals/Models/Model_Unsliced_Go_Emotion	joy	0.8737837076187134	0.011593091301620007	0.0003722424735315144	0.00034858103026635945	0.8737837076187134	0.00707022612914443	0.0961923822760582	0.0007465137168765068	0.004624960478395224	0.0022857198491692543	0.0004520685179159045	0.001577657414600253	0.0009529116214253008
1128	pride	../Syntropy_Result_Finals/Models/Model_Unsliced_Go_Emotion	../Syntropy_Result_Finals/Models/Model_Unsliced_Go_Emotion	joy	0.9719060659408569	0.009947309270501137	0.0004645316512323916	0.0003910396189894527	0.9719060659408569	0.0034251303877681494	0.0065641445107758045	0.001424152753315866	0.0017142539145424962	0.0021066952031105757	0.00036765405093319714	0.0006440243450924754	0.0010450690751895308
1129	joy	../Syntropy_Result_Finals/Models/Model_Unsliced_Go_Emotion	../Syntropy_Result_Finals/Models/Model_Unsliced_Go_Emotion	joy	0.9330992102622986	0.0278941560536623	0.0007096432964317501	0.0005765206296928227	0.9330992102622986	0.003572491928935051	0.02804001420736313	0.0010752432281151414	0.0014034511987119913	0.0016904976218938828	0.0003001841250807047	0.0007085886900313199	0.0009300627862103283
1130	neutral	../Syntropy_Result_Finals/Models/Model_Unsliced_Go_Emotion	../Syntropy_Result_Finals/Models/Model_Unsliced_Go_Emotion	joy	0.7525988221168518	0.1693151593208313	0.0004675057716667652	0.00035790016409009695	0.7525988221168518	0.006430203095078468	0.06488146632909775	0.0018629900878295302	0.0009589242399670184	0.001112244906835258	0.00032757793087512255	0.0007862402126193047	0.0009009531349875033
1131	joy	../Syntropy_Result_Finals/Models/Model_Unsliced_Go_Emotion	../Syntropy_Result_Finals/Models/Model_Unsliced_Go_Emotion	neutral	0.9657392501831055	0.0036725669633597136	0.0011843715328723192	0.0007368233636952937	0.008517148904502392	0.0024827218148857355	0.9657392501831055	0.0010986878769472241	0.011395873501896858	0.0008205243502743542	0.0010293491650372744	0.0020163552835583687	0.0013063326478004456
1132	neutral	../Syntropy_Result_Finals/Models/Model_Unsliced_Go_Emotion	../Syntropy_Result_Finals/Models/Model_Unsliced_Go_Emotion	joy	0.875403881072998	0.017632246017456055	0.0006337319500744343	0.0003374829248059541	0.875403881072998	0.004384427797049284	0.09409277141094208	0.0011824907269328833	0.0021182317286729813	0.0020985270384699106	0.0005027799634262919	0.0006896818522363901	0.0009238997590728104
1133	joy	../Syntropy_Result_Finals/Models/Model_Unsliced_Go_Emotion	../Syntropy_Result_Finals/Models/Model_Unsliced_Go_Emotion	excitement	0.4428345859050751	0.4428345859050751	0.0015815568622201681	0.0005890714237466455	0.4320387542247772	0.045471496880054474	0.05734269693493843	0.014451535418629646	0.001319060567766428	0.0013805829221382737	0.001070758095011115	0.0009844686137512326	0.0009354401263408363
1134	surprise	../Syntropy_Result_Finals/Models/Model_Unsliced_Go_Emotion	../Syntropy_Result_Finals/Models/Model_Unsliced_Go_Emotion	joy	0.8786424994468689	0.07931215316057205	0.0006312642944976687	0.00034015285200439394	0.8786424994468689	0.005029977299273014	0.02585689350962639	0.004474697634577751	0.0010820163879543543	0.003057830734178424	0.0004278949345462024	0.0004957806668244302	0.0006488885264843702
1135	embarrassment	../Syntropy_Result_Finals/Models/Model_Unsliced_Go_Emotion	../Syntropy_Result_Finals/Models/Model_Unsliced_Go_Emotion	sadness	0.7163588404655457	0.0012240582145750523	0.006071096286177635	0.003771704388782382	0.004776703659445047	0.0037509710527956486	0.1336774080991745	0.001212688279338181	0.7163588404655457	0.002809603465721011	0.08093831688165665	0.016072848811745644	0.029335787519812584
1136	neutral	../Syntropy_Result_Finals/Models/Model_Unsliced_Go_Emotion	../Syntropy_Result_Finals/Models/Model_Unsliced_Go_Emotion	joy	0.6264660954475403	0.25033584237098694	0.0007230578339658678	0.0003923680051229894	0.6264660954475403	0.033495865762233734	0.07915971428155899	0.003916870336979628	0.0016626848373562098	0.001311653177253902	0.0007025328814052045	0.0010370045201852918	0.0007963032112456858
1137	joy	../Syntropy_Result_Finals/Models/Model_Unsliced_Go_Emotion	../Syntropy_Result_Finals/Models/Model_Unsliced_Go_Emotion	joy	0.9053997993469238	0.027320832014083862	0.00027543396572582424	0.00020713583217002451	0.9053997993469238	0.0069177886471152306	0.05374472215771675	0.0017227482749149203	0.0012260981602594256	0.0013929731212556362	0.0004187546146567911	0.0006759591633453965	0.0006978372111916542
1138	joy	../Syntropy_Result_Finals/Models/Model_Unsliced_Go_Emotion	../Syntropy_Result_Finals/Models/Model_Unsliced_Go_Emotion	joy	0.9551900029182434	0.026229893788695335	0.0005139295826666057	0.00034319181577302516	0.9551900029182434	0.0034867743961513042	0.007783864159137011	0.001666493248194456	0.0014039974194020033	0.001708908355794847	0.00030526865157298744	0.0005178495193831623	0.0008499313844367862
1139	confusion	../Syntropy_Result_Finals/Models/Model_Unsliced_Go_Emotion	../Syntropy_Result_Finals/Models/Model_Unsliced_Go_Emotion	excitement	0.9430549740791321	0.9430549740791321	0.0016599084483459592	0.000917024677619338	0.030250858515501022	0.0032014907337725163	0.01366020180284977	0.003628907958045602	0.00042272533755749464	0.001646881690248847	0.0003014372196048498	0.0008993877563625574	0.00035621324786916375
1140	pride	../Syntropy_Result_Finals/Models/Model_Unsliced_Go_Emotion	../Syntropy_Result_Finals/Models/Model_Unsliced_Go_Emotion	joy	0.9528975486755371	0.026906972751021385	0.000458321301266551	0.0003326023288536817	0.9528975486755371	0.0029003217350691557	0.010172361508011818	0.0016424587229266763	0.0010247051250189543	0.001935666659846902	0.00027079213759861887	0.0006031193770468235	0.0008550892234779894
1141	sadness	../Syntropy_Result_Finals/Models/Model_Unsliced_Go_Emotion	../Syntropy_Result_Finals/Models/Model_Unsliced_Go_Emotion	sadness	0.9321134686470032	0.0008876850479282439	0.003795276628807187	0.0016787502681836486	0.021682361140847206	0.00142773671541363	0.03257034346461296	0.0004366054490674287	0.9321134686470032	0.0019031225237995386	0.0009697698405943811	0.0008135417592711747	0.0017213524552062154
1142	excitement	../Syntropy_Result_Finals/Models/Model_Unsliced_Go_Emotion	../Syntropy_Result_Finals/Models/Model_Unsliced_Go_Emotion	sadness	0.9477875232696533	0.0007488271803595126	0.004422203171998262	0.0021340118255466223	0.008952545002102852	0.001052111736498773	0.02847328409552574	0.00046099332394078374	0.9477875232696533	0.0019961115904152393	0.001256145304068923	0.0009433753439225256	0.0017728219972923398
1143	joy	../Syntropy_Result_Finals/Models/Model_Unsliced_Go_Emotion	../Syntropy_Result_Finals/Models/Model_Unsliced_Go_Emotion	joy	0.8335551619529724	0.041533779352903366	0.0009108693921007216	0.0003987531235907227	0.8335551619529724	0.012334133498370647	0.10459550470113754	0.0010175486095249653	0.0020058294758200645	0.0014753601280972362	0.0005431725294329226	0.0007766731432639062	0.0008532872889190912
1144	joy	../Syntropy_Result_Finals/Models/Model_Unsliced_Go_Emotion	../Syntropy_Result_Finals/Models/Model_Unsliced_Go_Emotion	joy	0.9307286739349365	0.03449452295899391	0.00041644551674835384	0.0002528336481191218	0.9307286739349365	0.0028481287881731987	0.025616055354475975	0.0014950407203286886	0.0009811044437810779	0.0015628263354301453	0.0002692016423679888	0.0005471411859616637	0.0007879858603700995
1145	excitement	../Syntropy_Result_Finals/Models/Model_Unsliced_Go_Emotion	../Syntropy_Result_Finals/Models/Model_Unsliced_Go_Emotion	neutral	0.7931851148605347	0.07791301608085632	0.004731480963528156	0.0014592031948268414	0.042722221463918686	0.033853743225336075	0.7931851148605347	0.02639007568359375	0.007097034715116024	0.0035512158647179604	0.004123249556869268	0.002975247334688902	0.001998272491618991
1146	pride	../Syntropy_Result_Finals/Models/Model_Unsliced_Go_Emotion	../Syntropy_Result_Finals/Models/Model_Unsliced_Go_Emotion	pride	0.8256480693817139	0.031091732904314995	0.005560468882322311	0.0018800985999405384	0.04887185990810394	0.8256480693817139	0.023727647960186005	0.012463088147342205	0.019827498123049736	0.004523311275988817	0.016927586868405342	0.005755817983299494	0.0037228118162602186
1147	anger	../Syntropy_Result_Finals/Models/Model_Unsliced_Go_Emotion	../Syntropy_Result_Finals/Models/Model_Unsliced_Go_Emotion	sadness	0.37874189019203186	0.0020716735161840916	0.30242228507995605	0.15726454555988312	0.003204979235306382	0.003816380398347974	0.10282891988754272	0.002831488149240613	0.37874189019203186	0.0056939986534416676	0.02917805314064026	0.004336593206971884	0.007609223481267691
1148	neutral	../Syntropy_Result_Finals/Models/Model_Unsliced_Go_Emotion	../Syntropy_Result_Finals/Models/Model_Unsliced_Go_Emotion	joy	0.962954044342041	0.009502997621893883	0.00048760930076241493	0.00026132757193408906	0.962954044342041	0.0029397490434348583	0.015115325339138508	0.0008321400382556021	0.004720051307231188	0.0014442509273067117	0.0003634801250882447	0.00045417752698995173	0.00092486193170771
1149	joy	../Syntropy_Result_Finals/Models/Model_Unsliced_Go_Emotion	../Syntropy_Result_Finals/Models/Model_Unsliced_Go_Emotion	joy	0.9593042135238647	0.015649449080228806	0.0003402232250664383	0.0002505079610273242	0.9593042135238647	0.0025480000767856836	0.016009347513318062	0.0011131324572488666	0.0015392412897199392	0.0015838799299672246	0.0002849218144547194	0.0004983896506018937	0.0008785869576968253
1150	neutral	../Syntropy_Result_Finals/Models/Model_Unsliced_Go_Emotion	../Syntropy_Result_Finals/Models/Model_Unsliced_Go_Emotion	neutral	0.8208944201469421	0.043141257017850876	0.008111660368740559	0.002345412503927946	0.09022883325815201	0.00467213150113821	0.8208944201469421	0.00487150065600872	0.008804070763289928	0.004936154466122389	0.004970888141542673	0.0019954463932663202	0.005028258077800274
1151	joy	../Syntropy_Result_Finals/Models/Model_Unsliced_Go_Emotion	../Syntropy_Result_Finals/Models/Model_Unsliced_Go_Emotion	joy	0.47600463032722473	0.03983374685049057	0.0014836834743618965	0.0004966662963852286	0.47600463032722473	0.013280191458761692	0.4445810317993164	0.0026458976790308952	0.01090734638273716	0.002749025821685791	0.003191414289176464	0.0019474177388474345	0.002879049628973007
1152	excitement	../Syntropy_Result_Finals/Models/Model_Unsliced_Go_Emotion	../Syntropy_Result_Finals/Models/Model_Unsliced_Go_Emotion	joy	0.8939788341522217	0.010661362670361996	0.0019492852734401822	0.0007864405051805079	0.8939788341522217	0.004339567851275206	0.04953404888510704	0.002880413318052888	0.010892238467931747	0.021478157490491867	0.0011635079281404614	0.0008779453346505761	0.0014581840950995684
1153	joy	../Syntropy_Result_Finals/Models/Model_Unsliced_Go_Emotion	../Syntropy_Result_Finals/Models/Model_Unsliced_Go_Emotion	neutral	0.6720699071884155	0.037821922451257706	0.001460708910599351	0.0006935379933565855	0.2609660029411316	0.007230940740555525	0.6720699071884155	0.002713090041652322	0.00382723449729383	0.001993002602830529	0.0030957467388361692	0.0019348517525941133	0.0061931791715323925
1154	excitement	../Syntropy_Result_Finals/Models/Model_Unsliced_Go_Emotion	../Syntropy_Result_Finals/Models/Model_Unsliced_Go_Emotion	joy	0.5468580722808838	0.26297810673713684	0.0009683300158940256	0.0005824753898195922	0.5468580722808838	0.011444786563515663	0.16634699702262878	0.004158966708928347	0.0013029975816607475	0.00232755858451128	0.0004935768665745854	0.0015238968189805746	0.0010142361279577017
1155	pride	../Syntropy_Result_Finals/Models/Model_Unsliced_Go_Emotion	../Syntropy_Result_Finals/Models/Model_Unsliced_Go_Emotion	excitement	0.7543761730194092	0.7543761730194092	0.0013306591426953673	0.0006912988028489053	0.19982130825519562	0.007189203053712845	0.02971297688782215	0.0027130369562655687	0.0007329836371354759	0.0010782796889543533	0.00032936190837062895	0.0013520304346457124	0.0006726874271407723
1156	excitement	../Syntropy_Result_Finals/Models/Model_Unsliced_Go_Emotion	../Syntropy_Result_Finals/Models/Model_Unsliced_Go_Emotion	neutral	0.6584579348564148	0.03852304816246033	0.0016746519831940532	0.0008186378981918097	0.25636348128318787	0.03150968998670578	0.6584579348564148	0.0018985389033332467	0.004206322133541107	0.0019631071481853724	0.001704042311757803	0.0016184935811907053	0.0012620488414540887
1157	joy	../Syntropy_Result_Finals/Models/Model_Unsliced_Go_Emotion	../Syntropy_Result_Finals/Models/Model_Unsliced_Go_Emotion	joy	0.9626368284225464	0.018732836470007896	0.00041933407192118466	0.0002963925071526319	0.9626368284225464	0.002441267715767026	0.00903338473290205	0.0014938805252313614	0.001477672136388719	0.0019678203389048576	0.00024997626314871013	0.0005013440386392176	0.0007492443546652794
1158	neutral	../Syntropy_Result_Finals/Models/Model_Unsliced_Go_Emotion	../Syntropy_Result_Finals/Models/Model_Unsliced_Go_Emotion	joy	0.9659522175788879	0.014307879842817783	0.0005789115093648434	0.00047515647020190954	0.9659522175788879	0.0028666206635534763	0.00772811146453023	0.0016093086451292038	0.0013665673322975636	0.0023678676225245	0.00045026978477835655	0.0008121677092276514	0.0014848470455035567
1159	excitement	../Syntropy_Result_Finals/Models/Model_Unsliced_Go_Emotion	../Syntropy_Result_Finals/Models/Model_Unsliced_Go_Emotion	joy	0.9519438147544861	0.024811511859297752	0.0004105923289898783	0.0002535851381253451	0.9519438147544861	0.0034398415591567755	0.013940077275037766	0.0011996274115517735	0.0011161568108946085	0.0013623213162645698	0.00026254638214595616	0.0005220670718699694	0.0007377406000159681
1160	pride	../Syntropy_Result_Finals/Models/Model_Unsliced_Go_Emotion	../Syntropy_Result_Finals/Models/Model_Unsliced_Go_Emotion	neutral	0.5013590455055237	0.02495546080172062	0.0010957772610709071	0.0004747177881654352	0.4525800347328186	0.008998244069516659	0.5013590455055237	0.0011871724855154753	0.004387557040899992	0.002111711772158742	0.0008374310564249754	0.0010088440030813217	0.001004056422971189
1161	excitement	../Syntropy_Result_Finals/Models/Model_Unsliced_Go_Emotion	../Syntropy_Result_Finals/Models/Model_Unsliced_Go_Emotion	neutral	0.5990324020385742	0.006998756900429726	0.004516866989433765	0.001733854180201888	0.05532953143119812	0.007717708591371775	0.5990324020385742	0.0011053383350372314	0.061746612191200256	0.005386678036302328	0.005859293509274721	0.2345823049545288	0.015990640968084335
1162	joy	../Syntropy_Result_Finals/Models/Model_Unsliced_Go_Emotion	../Syntropy_Result_Finals/Models/Model_Unsliced_Go_Emotion	joy	0.8850330114364624	0.06442864239215851	0.0004717666597571224	0.00028201547684147954	0.8850330114364624	0.009871476329863071	0.034243762493133545	0.001759926788508892	0.0011299799662083387	0.0011583073064684868	0.0003642082738224417	0.000565149006433785	0.0006917363498359919
1163	pride	../Syntropy_Result_Finals/Models/Model_Unsliced_Go_Emotion	../Syntropy_Result_Finals/Models/Model_Unsliced_Go_Emotion	excitement	0.8495951890945435	0.8495951890945435	0.0016989486757665873	0.0010693646036088467	0.05499076843261719	0.006665429100394249	0.07547177374362946	0.004221730399876833	0.0009249696158803999	0.002123186830431223	0.0004653663490898907	0.002081460552290082	0.0006917360587976873
1164	neutral	../Syntropy_Result_Finals/Models/Model_Unsliced_Go_Emotion	../Syntropy_Result_Finals/Models/Model_Unsliced_Go_Emotion	neutral	0.9867867231369019	0.0011717737652361393	0.0007968501886352897	0.0006625821115449071	0.0020062716212123632	0.001064147218130529	0.9867867231369019	0.00027526431949809194	0.0033846551086753607	0.0006254223990254104	0.00045831059105694294	0.00211289431899786	0.0006550408434122801
1165	excitement	../Syntropy_Result_Finals/Models/Model_Unsliced_Go_Emotion	../Syntropy_Result_Finals/Models/Model_Unsliced_Go_Emotion	joy	0.8431253433227539	0.05964767187833786	0.0003587976098060608	0.00026483958936296403	0.8431253433227539	0.007166021969169378	0.08360764384269714	0.0015376427909359336	0.0009935364359989762	0.0015035818796604872	0.0003852068621199578	0.0006673828465864062	0.0007422649650834501
1166	pride	../Syntropy_Result_Finals/Models/Model_Unsliced_Go_Emotion	../Syntropy_Result_Finals/Models/Model_Unsliced_Go_Emotion	pride	0.6927382349967957	0.060360122472047806	0.0034709377214312553	0.001493957475759089	0.17247700691223145	0.6927382349967957	0.028325023129582405	0.010677815414965153	0.010853949002921581	0.004008190240710974	0.008929586037993431	0.0035981307737529278	0.0030668943654745817
1167	fear	../Syntropy_Result_Finals/Models/Model_Unsliced_Go_Emotion	../Syntropy_Result_Finals/Models/Model_Unsliced_Go_Emotion	neutral	0.6704317331314087	0.0042777396738529205	0.007055327296257019	0.003668495686724782	0.01798868179321289	0.010964013636112213	0.6704317331314087	0.0026567247696220875	0.12843134999275208	0.003968013916164637	0.03499842435121536	0.057603880763053894	0.05795563384890556
1168	joy	../Syntropy_Result_Finals/Models/Model_Unsliced_Go_Emotion	../Syntropy_Result_Finals/Models/Model_Unsliced_Go_Emotion	joy	0.8315610885620117	0.04174336791038513	0.0005245396750979125	0.0002536942483857274	0.8315610885620117	0.017050201073288918	0.10066509991884232	0.0017419671639800072	0.002113653114065528	0.0013001897605136037	0.0008397478377446532	0.0010299290297552943	0.0011765400413423777
1169	nervousness	../Syntropy_Result_Finals/Models/Model_Unsliced_Go_Emotion	../Syntropy_Result_Finals/Models/Model_Unsliced_Go_Emotion	fear	0.6869751811027527	0.0051652174443006516	0.25838810205459595	0.6869751811027527	0.003047042526304722	0.0019093306036666036	0.013347466476261616	0.002621788065880537	0.015376669354736805	0.005003699101507664	0.002448374405503273	0.003306555561721325	0.0024105042684823275
1170	joy	../Syntropy_Result_Finals/Models/Model_Unsliced_Go_Emotion	../Syntropy_Result_Finals/Models/Model_Unsliced_Go_Emotion	neutral	0.8805131912231445	0.010378202423453331	0.008698836900293827	0.00273186806589365	0.030684970319271088	0.0034381835721433163	0.8805131912231445	0.00234856060706079	0.04110087454319	0.006718290038406849	0.00866241566836834	0.0009630295680835843	0.003761491971090436
1171	excitement	../Syntropy_Result_Finals/Models/Model_Unsliced_Go_Emotion	../Syntropy_Result_Finals/Models/Model_Unsliced_Go_Emotion	joy	0.7373084425926208	0.08484526723623276	0.0005371298175305128	0.0003355798835400492	0.7373084425926208	0.017824335023760796	0.15068401396274567	0.002833576174452901	0.0012654131278395653	0.001351041253656149	0.0007482460932806134	0.0012624209048226476	0.001004641642794013
1172	neutral	../Syntropy_Result_Finals/Models/Model_Unsliced_Go_Emotion	../Syntropy_Result_Finals/Models/Model_Unsliced_Go_Emotion	joy	0.7307766079902649	0.2313009798526764	0.0008053330238908529	0.0005204268964007497	0.7307766079902649	0.0035225283354520798	0.025648070499300957	0.002315378747880459	0.0011708467500284314	0.0018952555255964398	0.0002814692270476371	0.0008856901549734175	0.0008773766458034515
1173	joy	../Syntropy_Result_Finals/Models/Model_Unsliced_Go_Emotion	../Syntropy_Result_Finals/Models/Model_Unsliced_Go_Emotion	joy	0.9476088285446167	0.03387785330414772	0.0003557512245606631	0.00025526786339469254	0.9476088285446167	0.004504426848143339	0.00786372646689415	0.0017059390665963292	0.0009905981132760644	0.0013911921996623278	0.0002942121645901352	0.00046247971476987004	0.0006897429702803493
1174	joy	../Syntropy_Result_Finals/Models/Model_Unsliced_Go_Emotion	../Syntropy_Result_Finals/Models/Model_Unsliced_Go_Emotion	joy	0.7327261567115784	0.05883011221885681	0.0008015738567337394	0.00041324907215312123	0.7327261567115784	0.01710200309753418	0.18235227465629578	0.0018984954804182053	0.0020142747089266777	0.0013647660380229354	0.0006153295398689806	0.0009620863711461425	0.0009197169565595686
1175	excitement	../Syntropy_Result_Finals/Models/Model_Unsliced_Go_Emotion	../Syntropy_Result_Finals/Models/Model_Unsliced_Go_Emotion	joy	0.5472005009651184	0.34752511978149414	0.000867179362103343	0.000496635097078979	0.5472005009651184	0.011404266580939293	0.08185005187988281	0.006191410589963198	0.0007462574285455048	0.001666077645495534	0.0006077697034925222	0.0007233510259538889	0.0007214134093374014
1176	embarrassment	../Syntropy_Result_Finals/Models/Model_Unsliced_Go_Emotion	../Syntropy_Result_Finals/Models/Model_Unsliced_Go_Emotion	sadness	0.5505127310752869	0.0038913011085242033	0.2645997107028961	0.07062038779258728	0.006208160892128944	0.002733757719397545	0.0707138255238533	0.0016497205942869186	0.5505127310752869	0.013916459865868092	0.004660172387957573	0.0039873854257166386	0.006506313569843769
1177	joy	../Syntropy_Result_Finals/Models/Model_Unsliced_Go_Emotion	../Syntropy_Result_Finals/Models/Model_Unsliced_Go_Emotion	joy	0.6642566919326782	0.038451649248600006	0.0004574171907734126	0.0003152744611725211	0.6642566919326782	0.00830795243382454	0.2801329493522644	0.0010732106165960431	0.0025593305472284555	0.001016269437968731	0.0004937046323902905	0.0015043801395222545	0.0014311147388070822
1178	neutral	../Syntropy_Result_Finals/Models/Model_Unsliced_Go_Emotion	../Syntropy_Result_Finals/Models/Model_Unsliced_Go_Emotion	joy	0.9059248566627502	0.03954964503645897	0.0008123079314827919	0.00034544820664450526	0.9059248566627502	0.006970467511564493	0.03995209559798241	0.0011294994037598372	0.0025946719106286764	0.0011212179670110345	0.00044922751840204	0.00045459330431185663	0.0006959742750041187
1179	sadness	../Syntropy_Result_Finals/Models/Model_Unsliced_Go_Emotion	../Syntropy_Result_Finals/Models/Model_Unsliced_Go_Emotion	sadness	0.9436789155006409	0.0006704327533952892	0.006744562182575464	0.0029761907644569874	0.006451290100812912	0.0011313671711832285	0.021528335288167	0.0003903590841218829	0.9436789155006409	0.0039046930614858866	0.0021591007243841887	0.006537696346640587	0.0038271101657301188
1180	excitement	../Syntropy_Result_Finals/Models/Model_Unsliced_Go_Emotion	../Syntropy_Result_Finals/Models/Model_Unsliced_Go_Emotion	joy	0.6205481886863708	0.09558984637260437	0.0012401450658217072	0.000628787325695157	0.6205481886863708	0.0072753834538161755	0.26526564359664917	0.003030173946171999	0.0013669283362105489	0.0022173647303134203	0.0008250825922004879	0.000732539570890367	0.0012799398973584175
1181	neutral	../Syntropy_Result_Finals/Models/Model_Unsliced_Go_Emotion	../Syntropy_Result_Finals/Models/Model_Unsliced_Go_Emotion	embarrassment	0.9290010333061218	0.003985207062214613	0.007970346137881279	0.002391078509390354	0.006341458298265934	0.007932853884994984	0.005055272951722145	0.005397919565439224	0.011411658488214016	0.003710706951096654	0.9290010333061218	0.0017887884750962257	0.015013559721410275
1182	confusion	../Syntropy_Result_Finals/Models/Model_Unsliced_Go_Emotion	../Syntropy_Result_Finals/Models/Model_Unsliced_Go_Emotion	neutral	0.6864717602729797	0.00031217755167745054	0.0006344385328702629	0.0009614466107450426	0.0005127125768922269	0.0004938226193189621	0.6864717602729797	0.0019198862137272954	0.0036980120930820704	0.3001220226287842	0.0009608457330614328	0.002454191679134965	0.001458535436540842
1183	excitement	../Syntropy_Result_Finals/Models/Model_Unsliced_Go_Emotion	../Syntropy_Result_Finals/Models/Model_Unsliced_Go_Emotion	neutral	0.9015809297561646	0.005828013177961111	0.00539068877696991	0.0019093798473477364	0.025333160534501076	0.011307762004435062	0.9015809297561646	0.0014116172678768635	0.03684763237833977	0.0022055269218981266	0.003498705802485347	0.002769446698948741	0.0019170851446688175
1184	excitement	../Syntropy_Result_Finals/Models/Model_Unsliced_Go_Emotion	../Syntropy_Result_Finals/Models/Model_Unsliced_Go_Emotion	neutral	0.8190016150474548	0.07196182757616043	0.0018826005980372429	0.0009476318373344839	0.05219147726893425	0.027421414852142334	0.8190016150474548	0.00519364420324564	0.005728079471737146	0.001770834787748754	0.0013298516860231757	0.010791989043354988	0.00177901575807482
1185	pride	../Syntropy_Result_Finals/Models/Model_Unsliced_Go_Emotion	../Syntropy_Result_Finals/Models/Model_Unsliced_Go_Emotion	pride	0.5780138969421387	0.0750117301940918	0.02577589638531208	0.004278307314962149	0.10657026618719101	0.5780138969421387	0.1006447970867157	0.012260443530976772	0.06948616355657578	0.005816142540425062	0.014284878969192505	0.004866024013608694	0.002991524524986744
1186	excitement	../Syntropy_Result_Finals/Models/Model_Unsliced_Go_Emotion	../Syntropy_Result_Finals/Models/Model_Unsliced_Go_Emotion	neutral	0.624545156955719	0.11450577527284622	0.007198138628154993	0.001740120816975832	0.21890969574451447	0.017666945233941078	0.624545156955719	0.0028158240020275116	0.0042479676194489	0.002150863641873002	0.0020378713961690664	0.00260111503303051	0.0015804637223482132
1187	nervousness	../Syntropy_Result_Finals/Models/Model_Unsliced_Go_Emotion	../Syntropy_Result_Finals/Models/Model_Unsliced_Go_Emotion	neutral	0.9649497270584106	0.0043584369122982025	0.0013288311893120408	0.0011988697806373239	0.001751606585457921	0.000877760408911854	0.9649497270584106	0.0008081623818725348	0.001307524275034666	0.02117370441555977	0.0006865725154057145	0.0010810422245413065	0.0004777300055138767
1188	joy	../Syntropy_Result_Finals/Models/Model_Unsliced_Go_Emotion	../Syntropy_Result_Finals/Models/Model_Unsliced_Go_Emotion	joy	0.6655996441841125	0.2952227294445038	0.0006873825914226472	0.000349881942383945	0.6655996441841125	0.006090026814490557	0.02467374876141548	0.0033304255921393633	0.001004535355605185	0.0015727271093055606	0.0003450679068919271	0.0005161642329767346	0.0006077222060412169
1189	pride	../Syntropy_Result_Finals/Models/Model_Unsliced_Go_Emotion	../Syntropy_Result_Finals/Models/Model_Unsliced_Go_Emotion	pride	0.852898120880127	0.030249791219830513	0.00876705814152956	0.00279712351039052	0.026250099763274193	0.852898120880127	0.011200718581676483	0.018933270126581192	0.014353095553815365	0.004534716252237558	0.018127521499991417	0.007221013307571411	0.004667401779443026
1190	surprise	../Syntropy_Result_Finals/Models/Model_Unsliced_Go_Emotion	../Syntropy_Result_Finals/Models/Model_Unsliced_Go_Emotion	surprise	0.9604330062866211	0.014134662225842476	0.0009907332714647055	0.0007007642416283488	0.0022072922438383102	0.0008621997549198568	0.012653607875108719	0.9604330062866211	0.0005482294363901019	0.005063159391283989	0.00141524663195014	0.00041893316665664315	0.000572195858694613
1191	neutral	../Syntropy_Result_Finals/Models/Model_Unsliced_Go_Emotion	../Syntropy_Result_Finals/Models/Model_Unsliced_Go_Emotion	joy	0.9563363194465637	0.019426418468356133	0.0004022738430649042	0.0002691605768632144	0.9563363194465637	0.0029933881014585495	0.01487879827618599	0.0013550767907872796	0.0010874136351048946	0.001482240273617208	0.0003016456903424114	0.0005531766801141202	0.0009141453774645925
1192	neutral	../Syntropy_Result_Finals/Models/Model_Unsliced_Go_Emotion	../Syntropy_Result_Finals/Models/Model_Unsliced_Go_Emotion	joy	0.8151099681854248	0.037383273243904114	0.001015756861306727	0.0004657428653445095	0.8151099681854248	0.005544784013181925	0.13118232786655426	0.000955242314375937	0.004160962533205748	0.0012765913270413876	0.0004892571014352143	0.0011342506622895598	0.0012818811228498816
1193	pride	../Syntropy_Result_Finals/Models/Model_Unsliced_Go_Emotion	../Syntropy_Result_Finals/Models/Model_Unsliced_Go_Emotion	joy	0.9384849071502686	0.022313782945275307	0.00034679146483540535	0.0002752564614638686	0.9384849071502686	0.007327149622142315	0.025496670976281166	0.0013183819828554988	0.0016241557896137238	0.0012201607460156083	0.0003623879165388644	0.0005355061730369925	0.0006949193775653839
1194	confusion	../Syntropy_Result_Finals/Models/Model_Unsliced_Go_Emotion	../Syntropy_Result_Finals/Models/Model_Unsliced_Go_Emotion	fear	0.7239396572113037	0.004430979024618864	0.16103507578372955	0.7239396572113037	0.0034858202561736107	0.0017808013362810016	0.06576283276081085	0.0037915538996458054	0.020145200192928314	0.005716182757169008	0.002870114054530859	0.0035112120676785707	0.0035305595956742764
1195	neutral	../Syntropy_Result_Finals/Models/Model_Unsliced_Go_Emotion	../Syntropy_Result_Finals/Models/Model_Unsliced_Go_Emotion	joy	0.8778700828552246	0.01949252560734749	0.0003767434973269701	0.0002530835918150842	0.8778700828552246	0.0031300389673560858	0.09262729436159134	0.000996461370959878	0.0013084018137305975	0.0020275264978408813	0.0003458379942458123	0.0007006757659837604	0.0008712431881576777
1196	joy	../Syntropy_Result_Finals/Models/Model_Unsliced_Go_Emotion	../Syntropy_Result_Finals/Models/Model_Unsliced_Go_Emotion	neutral	0.6919243931770325	0.10791583359241486	0.0017221873858943582	0.0005778904305770993	0.1619173139333725	0.02037704363465309	0.6919243931770325	0.005733071826398373	0.0032769259996712208	0.002084877574816346	0.0015583012718707323	0.0017157603288069367	0.0011964821023866534
1197	neutral	../Syntropy_Result_Finals/Models/Model_Unsliced_Go_Emotion	../Syntropy_Result_Finals/Models/Model_Unsliced_Go_Emotion	neutral	0.8205001354217529	0.003988922107964754	0.009458165615797043	0.005476065911352634	0.014335168525576591	0.0037697842344641685	0.8205001354217529	0.002650370355695486	0.10661931335926056	0.0283108651638031	0.0016744938911870122	0.001928076148033142	0.0012886329786852002
1198	sadness	../Syntropy_Result_Finals/Models/Model_Unsliced_Go_Emotion	../Syntropy_Result_Finals/Models/Model_Unsliced_Go_Emotion	embarrassment	0.9139561057090759	0.0012517523718997836	0.008550463244318962	0.006251439452171326	0.0012130687246099114	0.003556199371814728	0.006992422044277191	0.0021492447704076767	0.0275137796998024	0.0017506940057501197	0.9139561057090759	0.0070750354789197445	0.019739793613553047
1199	excitement	../Syntropy_Result_Finals/Models/Model_Unsliced_Go_Emotion	../Syntropy_Result_Finals/Models/Model_Unsliced_Go_Emotion	joy	0.9192370176315308	0.035511575639247894	0.0004710477951448411	0.0002818552020471543	0.9192370176315308	0.0035815725568681955	0.034813977777957916	0.0012347073061391711	0.0019105511019006371	0.001624835073016584	0.00023867191339377314	0.0005021170363761485	0.0005921207484789193
1200	neutral	../Syntropy_Result_Finals/Models/Model_Unsliced_Go_Emotion	../Syntropy_Result_Finals/Models/Model_Unsliced_Go_Emotion	joy	0.5669965744018555	0.2978995740413666	0.0014638584107160568	0.0004957827623002231	0.5669965744018555	0.02719792164862156	0.08286081999540329	0.016270091757178307	0.0014998476253822446	0.0017397042829543352	0.001234395895153284	0.001121334033086896	0.001220116508193314
1201	confusion	../Syntropy_Result_Finals/Models/Model_Unsliced_Go_Emotion	../Syntropy_Result_Finals/Models/Model_Unsliced_Go_Emotion	surprise	0.9642805457115173	0.012894769199192524	0.0009365509613417089	0.0008220116724260151	0.0019241221016272902	0.0008189494838006794	0.010824695229530334	0.9642805457115173	0.0005336505128070712	0.004447902087122202	0.0013362623285502195	0.0004955953336320817	0.0006850325735285878
1202	pride	../Syntropy_Result_Finals/Models/Model_Unsliced_Go_Emotion	../Syntropy_Result_Finals/Models/Model_Unsliced_Go_Emotion	neutral	0.8759677410125732	0.013015538454055786	0.0024426719173789024	0.0008587667252868414	0.07669635117053986	0.013151729479432106	0.8759677410125732	0.0008266416261903942	0.010312948375940323	0.0011040050303563476	0.0013273423537611961	0.0029513337649405003	0.0013448630925267935
1203	joy	../Syntropy_Result_Finals/Models/Model_Unsliced_Go_Emotion	../Syntropy_Result_Finals/Models/Model_Unsliced_Go_Emotion	joy	0.9607780575752258	0.012087319046258926	0.00029566383454948664	0.00022842314501758665	0.9607780575752258	0.004181919153779745	0.017396802082657814	0.0008015421335585415	0.00152902165427804	0.0011136619141325355	0.0003254887124057859	0.0004902348737232387	0.0007718238630332053
1204	neutral	../Syntropy_Result_Finals/Models/Model_Unsliced_Go_Emotion	../Syntropy_Result_Finals/Models/Model_Unsliced_Go_Emotion	joy	0.9614840149879456	0.00738915428519249	0.00035978955565951765	0.00030150648672133684	0.9614840149879456	0.008144363760948181	0.013620499521493912	0.0010828619124367833	0.004302232060581446	0.0014675242127850652	0.0004823931376449764	0.0005491469637490809	0.0008165513863787055
1205	pride	../Syntropy_Result_Finals/Models/Model_Unsliced_Go_Emotion	../Syntropy_Result_Finals/Models/Model_Unsliced_Go_Emotion	joy	0.8793147802352905	0.034071143716573715	0.00034675822826102376	0.00021581734472420067	0.8793147802352905	0.006212608888745308	0.07407089322805405	0.0013896387536078691	0.0015315560158342123	0.0010212408378720284	0.00034061187761835754	0.0007370682433247566	0.0007478729821741581
1206	joy	../Syntropy_Result_Finals/Models/Model_Unsliced_Go_Emotion	../Syntropy_Result_Finals/Models/Model_Unsliced_Go_Emotion	joy	0.6831328868865967	0.16588394343852997	0.0008123199222609401	0.0004998762742616236	0.6831328868865967	0.011076398193836212	0.1273515820503235	0.004148649517446756	0.002283043460920453	0.0016903887735679746	0.0007028595427982509	0.0010797707363963127	0.0013383078621700406
1207	nervousness	../Syntropy_Result_Finals/Models/Model_Unsliced_Go_Emotion	../Syntropy_Result_Finals/Models/Model_Unsliced_Go_Emotion	sadness	0.30493539571762085	0.2338712066411972	0.06163580343127251	0.023701462894678116	0.11271558701992035	0.01404445432126522	0.19171617925167084	0.006533900275826454	0.30493539571762085	0.007384005002677441	0.009537048637866974	0.020752210170030594	0.01317262277007103
1208	joy	../Syntropy_Result_Finals/Models/Model_Unsliced_Go_Emotion	../Syntropy_Result_Finals/Models/Model_Unsliced_Go_Emotion	joy	0.9499151706695557	0.01640944741666317	0.00047639766125939786	0.00027316465275362134	0.9499151706695557	0.006062778644263744	0.02106240764260292	0.0013149722944945097	0.001468848087824881	0.0014285818906500936	0.00040142075158655643	0.00047757604625076056	0.0007091568550094962
1209	excitement	../Syntropy_Result_Finals/Models/Model_Unsliced_Go_Emotion	../Syntropy_Result_Finals/Models/Model_Unsliced_Go_Emotion	excitement	0.9032828211784363	0.9032828211784363	0.0019977036863565445	0.0009893614333122969	0.07620669156312943	0.0037450590170919895	0.00791721697896719	0.0026392710860818624	0.0007267751498147845	0.0010127046843990684	0.000353169278241694	0.0007175377686508	0.0004116778145544231
1210	excitement	../Syntropy_Result_Finals/Models/Model_Unsliced_Go_Emotion	../Syntropy_Result_Finals/Models/Model_Unsliced_Go_Emotion	joy	0.9627364277839661	0.013727778568863869	0.00040012202225625515	0.0003411318175494671	0.9627364277839661	0.0030665332451462746	0.01383879128843546	0.001053585670888424	0.0014171982184052467	0.0015811828197911382	0.00027589878300204873	0.00063846365083009	0.0009228496928699315
1211	joy	../Syntropy_Result_Finals/Models/Model_Unsliced_Go_Emotion	../Syntropy_Result_Finals/Models/Model_Unsliced_Go_Emotion	joy	0.9513079524040222	0.012343465350568295	0.002351275645196438	0.000841591798234731	0.9513079524040222	0.007918296381831169	0.008928836323320866	0.0017866496928036213	0.008671511895954609	0.0028857470024377108	0.0012015136890113354	0.0005947612226009369	0.001168341957964003
1212	neutral	../Syntropy_Result_Finals/Models/Model_Unsliced_Go_Emotion	../Syntropy_Result_Finals/Models/Model_Unsliced_Go_Emotion	joy	0.9576261639595032	0.019608793780207634	0.0005389789002947509	0.00038510162266902626	0.9576261639595032	0.002710266038775444	0.01206163503229618	0.0014265587087720633	0.0011375817703083158	0.00220965757034719	0.00031888677040115	0.00085162598406896	0.0011248230002820492
1213	excitement	../Syntropy_Result_Finals/Models/Model_Unsliced_Go_Emotion	../Syntropy_Result_Finals/Models/Model_Unsliced_Go_Emotion	joy	0.9551490545272827	0.02545185014605522	0.00042735625174827874	0.0003369715705048293	0.9551490545272827	0.0030184886418282986	0.009909829124808311	0.0014068851014599204	0.0009634672896936536	0.0015875197714194655	0.00026814904413186014	0.0006210591527633369	0.0008593372767791152
1214	excitement	../Syntropy_Result_Finals/Models/Model_Unsliced_Go_Emotion	../Syntropy_Result_Finals/Models/Model_Unsliced_Go_Emotion	excitement	0.9590812921524048	0.9590812921524048	0.001893110340461135	0.0012226132676005363	0.016510184854269028	0.003118891967460513	0.010162078775465488	0.003839830867946148	0.0004845823859795928	0.001578924828208983	0.00038042597589083016	0.0013154275948181748	0.00041263748425990343
1215	excitement	../Syntropy_Result_Finals/Models/Model_Unsliced_Go_Emotion	../Syntropy_Result_Finals/Models/Model_Unsliced_Go_Emotion	joy	0.9703328013420105	0.01378629170358181	0.0004147790605202317	0.00035227517946623266	0.9703328013420105	0.0031706520821899176	0.0056515843607485294	0.0014951818156987429	0.0012685377150774002	0.0018045236356556416	0.0003305869468022138	0.0005183863686397672	0.0008742803474888206
1216	excitement	../Syntropy_Result_Finals/Models/Model_Unsliced_Go_Emotion	../Syntropy_Result_Finals/Models/Model_Unsliced_Go_Emotion	joy	0.7411611080169678	0.12409795820713043	0.0005218985606916249	0.000289122894173488	0.7411611080169678	0.011914452537894249	0.11469785869121552	0.0023536558728665113	0.0012014140374958515	0.0012727201683446765	0.0005540340789593756	0.0009590084082446992	0.0009767701849341393
1217	anger	../Syntropy_Result_Finals/Models/Model_Unsliced_Go_Emotion	../Syntropy_Result_Finals/Models/Model_Unsliced_Go_Emotion	anger	0.9245103597640991	0.0005953488871455193	0.0009518839069642127	0.0009693399188108742	0.001535521587356925	0.000774836225900799	0.03903386369347572	0.0005293508875183761	0.00848004873842001	0.0027042310684919357	0.0024694453459233046	0.9245103597640991	0.017445864155888557
1218	joy	../Syntropy_Result_Finals/Models/Model_Unsliced_Go_Emotion	../Syntropy_Result_Finals/Models/Model_Unsliced_Go_Emotion	joy	0.959670901298523	0.019226424396038055	0.00038976388168521225	0.000251594465225935	0.959670901298523	0.0030249308329075575	0.011696548201143742	0.0012662739027291536	0.0014301311457529664	0.0015106648206710815	0.00032230958458967507	0.0004595156933646649	0.0007509944261983037
1219	anger	../Syntropy_Result_Finals/Models/Model_Unsliced_Go_Emotion	../Syntropy_Result_Finals/Models/Model_Unsliced_Go_Emotion	joy	0.9587206840515137	0.020963681861758232	0.0008240619208663702	0.0005162415327504277	0.9587206840515137	0.003753497265279293	0.007982981391251087	0.0018060842994600534	0.001187421614304185	0.0018816107185557485	0.0007915790192782879	0.00042034225771203637	0.0011519229738041759
1220	embarrassment	../Syntropy_Result_Finals/Models/Model_Unsliced_Go_Emotion	../Syntropy_Result_Finals/Models/Model_Unsliced_Go_Emotion	nervousness	0.5534300804138184	0.012565221637487411	0.5534300804138184	0.10196492820978165	0.011344156228005886	0.004857261199504137	0.00885571539402008	0.006378273945301771	0.09486018866300583	0.18475116789340973	0.011469835415482521	0.0035826661624014378	0.00594058632850647
1221	pride	../Syntropy_Result_Finals/Models/Model_Unsliced_Go_Emotion	../Syntropy_Result_Finals/Models/Model_Unsliced_Go_Emotion	joy	0.9637364149093628	0.011917646043002605	0.00031935973674990237	0.00023186080215964466	0.9637364149093628	0.0028073922730982304	0.014974886551499367	0.0012199280317872763	0.0013675555819645524	0.0018379258690401912	0.00029207352781668305	0.0004898897022940218	0.0008050868636928499
1222	joy	../Syntropy_Result_Finals/Models/Model_Unsliced_Go_Emotion	../Syntropy_Result_Finals/Models/Model_Unsliced_Go_Emotion	neutral	0.5064545273780823	0.1981429010629654	0.0014831522712484002	0.0006691006128676236	0.270931601524353	0.005726661998778582	0.5064545273780823	0.00671200780197978	0.001379532041028142	0.00402654055505991	0.001158221042715013	0.001055382308550179	0.0022602423559874296
1223	neutral	../Syntropy_Result_Finals/Models/Model_Unsliced_Go_Emotion	../Syntropy_Result_Finals/Models/Model_Unsliced_Go_Emotion	neutral	0.4540603756904602	0.02266913838684559	0.008759111166000366	0.0022317173425108194	0.34932926297187805	0.0162204522639513	0.4540603756904602	0.0022759458515793085	0.13018424808979034	0.0038867408875375986	0.004365487955510616	0.002693143906071782	0.0033243438228964806
1224	neutral	../Syntropy_Result_Finals/Models/Model_Unsliced_Go_Emotion	../Syntropy_Result_Finals/Models/Model_Unsliced_Go_Emotion	joy	0.9502284526824951	0.0274571031332016	0.0005190640804357827	0.00036686949897557497	0.9502284526824951	0.0031979342456907034	0.012195628136396408	0.0014028116129338741	0.0010327360359951854	0.00160438590683043	0.0003015663241967559	0.0006446950719691813	0.001048880279995501
1225	neutral	../Syntropy_Result_Finals/Models/Model_Unsliced_Go_Emotion	../Syntropy_Result_Finals/Models/Model_Unsliced_Go_Emotion	neutral	0.4875585436820984	0.02664029225707054	0.08233454823493958	0.012021562084555626	0.06866781413555145	0.015281114727258682	0.4875585436820984	0.004232295788824558	0.27241039276123047	0.008050105534493923	0.013939758762717247	0.0036464184522628784	0.0052171447314321995
1226	excitement	../Syntropy_Result_Finals/Models/Model_Unsliced_Go_Emotion	../Syntropy_Result_Finals/Models/Model_Unsliced_Go_Emotion	neutral	0.6341744065284729	0.04821404069662094	0.001107052550651133	0.0004885625676251948	0.2966398298740387	0.011139051988720894	0.6341744065284729	0.001107351970858872	0.002918829442933202	0.0016943510854616761	0.0007052834262140095	0.0010238641407340765	0.000787426542956382
1227	neutral	../Syntropy_Result_Finals/Models/Model_Unsliced_Go_Emotion	../Syntropy_Result_Finals/Models/Model_Unsliced_Go_Emotion	neutral	0.6260376572608948	0.0150173120200634	0.08474066853523254	0.04242953285574913	0.02813383936882019	0.011124666780233383	0.6260376572608948	0.00570049649104476	0.16941243410110474	0.00545657891780138	0.0046452125534415245	0.003152860328555107	0.004148789681494236
1228	neutral	../Syntropy_Result_Finals/Models/Model_Unsliced_Go_Emotion	../Syntropy_Result_Finals/Models/Model_Unsliced_Go_Emotion	joy	0.8479236960411072	0.11179249733686447	0.000624648411758244	0.00036388469743542373	0.8479236960411072	0.00511121517047286	0.028047043830156326	0.0018436305690556765	0.0013208644231781363	0.0013126017292961478	0.00028772829682566226	0.0005962420837022364	0.0007759620784781873
1229	nervousness	../Syntropy_Result_Finals/Models/Model_Unsliced_Go_Emotion	../Syntropy_Result_Finals/Models/Model_Unsliced_Go_Emotion	confusion	0.8249614834785461	0.006004424765706062	0.03711961954832077	0.012354782782495022	0.006809331011027098	0.0033467193134129047	0.053009431809186935	0.005444955546408892	0.04091094061732292	0.8249614834785461	0.003693358041346073	0.003321313066408038	0.0030236863531172276
1230	neutral	../Syntropy_Result_Finals/Models/Model_Unsliced_Go_Emotion	../Syntropy_Result_Finals/Models/Model_Unsliced_Go_Emotion	joy	0.43674910068511963	0.14528661966323853	0.0017602784791961312	0.0006477953866124153	0.43674910068511963	0.013324961997568607	0.39162760972976685	0.0015865858877077699	0.0026348198298364878	0.0014341895002871752	0.0009703753748908639	0.002520225243642926	0.0014574306551367044
1231	pride	../Syntropy_Result_Finals/Models/Model_Unsliced_Go_Emotion	../Syntropy_Result_Finals/Models/Model_Unsliced_Go_Emotion	joy	0.7184290289878845	0.061251550912857056	0.0009178550099022686	0.00043985858792439103	0.7184290289878845	0.01532067358493805	0.19469155371189117	0.00212128646671772	0.0024717284832149744	0.0016228891909122467	0.0005991313955746591	0.0011593549279496074	0.0009750372846610844
1232	neutral	../Syntropy_Result_Finals/Models/Model_Unsliced_Go_Emotion	../Syntropy_Result_Finals/Models/Model_Unsliced_Go_Emotion	neutral	0.8898473978042603	0.020027626305818558	0.0037035690620541573	0.0009655244648456573	0.0619383342564106	0.003840167773887515	0.8898473978042603	0.004936886485666037	0.0071953898295760155	0.0033878812100738287	0.0018901689909398556	0.0008180662407539785	0.001449055504053831
1233	excitement	../Syntropy_Result_Finals/Models/Model_Unsliced_Go_Emotion	../Syntropy_Result_Finals/Models/Model_Unsliced_Go_Emotion	pride	0.6218563914299011	0.10151536017656326	0.0034057502634823322	0.0013542759697884321	0.2032434046268463	0.6218563914299011	0.031242595985531807	0.010501289740204811	0.009002304635941982	0.0038939500227570534	0.007777824066579342	0.0032988700550049543	0.0029078740626573563
1234	fear	../Syntropy_Result_Finals/Models/Model_Unsliced_Go_Emotion	../Syntropy_Result_Finals/Models/Model_Unsliced_Go_Emotion	neutral	0.4792364835739136	0.012920564971864223	0.08433272689580917	0.03012189082801342	0.013354221358895302	0.006265567149966955	0.4792364835739136	0.0063563985750079155	0.3483644425868988	0.009483705274760723	0.00492123095318675	0.0017465032869949937	0.0028962776996195316
1235	joy	../Syntropy_Result_Finals/Models/Model_Unsliced_Go_Emotion	../Syntropy_Result_Finals/Models/Model_Unsliced_Go_Emotion	joy	0.9665188789367676	0.013374748639762402	0.00038530552410520613	0.0003460418956819922	0.9665188789367676	0.0028249393217265606	0.010639478452503681	0.0011781726498156786	0.001328561338596046	0.0017549097537994385	0.0002881982072722167	0.0005394461331889033	0.0008213045075535774
1236	nervousness	../Syntropy_Result_Finals/Models/Model_Unsliced_Go_Emotion	../Syntropy_Result_Finals/Models/Model_Unsliced_Go_Emotion	neutral	0.8262128233909607	0.0027054771780967712	0.0038013786543160677	0.0015335158677771688	0.010098674334585667	0.005619121249765158	0.8262128233909607	0.0005385881522670388	0.13370032608509064	0.0026329837273806334	0.0040846578776836395	0.006033972837030888	0.0030385488644242287
1237	neutral	../Syntropy_Result_Finals/Models/Model_Unsliced_Go_Emotion	../Syntropy_Result_Finals/Models/Model_Unsliced_Go_Emotion	neutral	0.9032320380210876	0.00619058683514595	0.007523747626692057	0.0024880466517060995	0.011405691504478455	0.005531545262783766	0.9032320380210876	0.0011900262907147408	0.05516095831990242	0.0022492543794214725	0.002548751188442111	0.0013523631496354938	0.0011270440882071853
1238	confusion	../Syntropy_Result_Finals/Models/Model_Unsliced_Go_Emotion	../Syntropy_Result_Finals/Models/Model_Unsliced_Go_Emotion	confusion	0.6503565311431885	0.01735822856426239	0.037321727722883224	0.006810068152844906	0.11441545188426971	0.008546806871891022	0.02163546346127987	0.0222125593572855	0.09232786297798157	0.6503565311431885	0.017664266750216484	0.004766940139234066	0.006584034767001867
1239	neutral	../Syntropy_Result_Finals/Models/Model_Unsliced_Go_Emotion	../Syntropy_Result_Finals/Models/Model_Unsliced_Go_Emotion	joy	0.9023889899253845	0.020808158442378044	0.0003104262286797166	0.00019577235798351467	0.9023889899253845	0.011407687328755856	0.05745948851108551	0.0016695037484169006	0.0017098065000027418	0.0014681863831356168	0.0007572729955427349	0.000780632602982223	0.0010440394980832934
1240	neutral	../Syntropy_Result_Finals/Models/Model_Unsliced_Go_Emotion	../Syntropy_Result_Finals/Models/Model_Unsliced_Go_Emotion	joy	0.5750523209571838	0.10322600603103638	0.0031464833300560713	0.0008781032520346344	0.5750523209571838	0.13998490571975708	0.15071667730808258	0.0063474723137915134	0.011646187864243984	0.0024673936422914267	0.003125919494777918	0.0015938698779791594	0.0018146616639569402
1241	anger	../Syntropy_Result_Finals/Models/Model_Unsliced_Go_Emotion	../Syntropy_Result_Finals/Models/Model_Unsliced_Go_Emotion	anger	0.7387130856513977	0.0019883429631590843	0.0027607129886746407	0.0018675903556868434	0.00578668899834156	0.002406613202765584	0.15027211606502533	0.0011303966166451573	0.04536056146025658	0.003934040665626526	0.005979600828140974	0.7387130856513977	0.03980020806193352
1242	neutral	../Syntropy_Result_Finals/Models/Model_Unsliced_Go_Emotion	../Syntropy_Result_Finals/Models/Model_Unsliced_Go_Emotion	joy	0.9609139561653137	0.008565402589738369	0.0003709661541506648	0.0003335549554321915	0.9609139561653137	0.0061430176720023155	0.015158921480178833	0.0008262905175797641	0.004975023679435253	0.001279766671359539	0.0003163801447954029	0.0004663064028136432	0.000650385394692421
1243	neutral	../Syntropy_Result_Finals/Models/Model_Unsliced_Go_Emotion	../Syntropy_Result_Finals/Models/Model_Unsliced_Go_Emotion	neutral	0.9088671803474426	0.0023157575633376837	0.006776825524866581	0.0028277263045310974	0.008817843161523342	0.0024836051743477583	0.9088671803474426	0.000974368944298476	0.05685737356543541	0.001598129398189485	0.0029950228054076433	0.002246383111923933	0.0032397727482020855
1244	excitement	../Syntropy_Result_Finals/Models/Model_Unsliced_Go_Emotion	../Syntropy_Result_Finals/Models/Model_Unsliced_Go_Emotion	joy	0.9582386016845703	0.017552128061652184	0.00044779738527722657	0.00029853827436454594	0.9582386016845703	0.003141639521345496	0.013570931740105152	0.0017640521982684731	0.0013884366489946842	0.0019960030913352966	0.0003130901895929128	0.00047338209697045386	0.0008155093528330326
1245	joy	../Syntropy_Result_Finals/Models/Model_Unsliced_Go_Emotion	../Syntropy_Result_Finals/Models/Model_Unsliced_Go_Emotion	neutral	0.8675273656845093	0.01504051685333252	0.0008158516138792038	0.0003276857314631343	0.10376498848199844	0.005216097459197044	0.8675273656845093	0.0007171111647039652	0.002543728332966566	0.0019486392848193645	0.0007332668756134808	0.0006904745241627097	0.0006741707329638302
1246	excitement	../Syntropy_Result_Finals/Models/Model_Unsliced_Go_Emotion	../Syntropy_Result_Finals/Models/Model_Unsliced_Go_Emotion	sadness	0.9463369846343994	0.00041386671364307404	0.006553586106747389	0.0027930825017392635	0.003290145192295313	0.0010815676068887115	0.01447724737226963	0.0005592534434981644	0.9463369846343994	0.0020741329062730074	0.014725923538208008	0.002237663371488452	0.005456459242850542
1247	disgust	../Syntropy_Result_Finals/Models/Model_Unsliced_Go_Emotion	../Syntropy_Result_Finals/Models/Model_Unsliced_Go_Emotion	anger	0.7714453935623169	0.0015141958137974143	0.005114333238452673	0.004935436882078648	0.004790302366018295	0.0018082584720104933	0.048199884593486786	0.002553782891482115	0.032408636063337326	0.10039399564266205	0.006766182836145163	0.7714453935623169	0.020069681107997894
1248	excitement	../Syntropy_Result_Finals/Models/Model_Unsliced_Go_Emotion	../Syntropy_Result_Finals/Models/Model_Unsliced_Go_Emotion	joy	0.7501894235610962	0.0936446413397789	0.0006629041745327413	0.0003597622853703797	0.7501894235610962	0.024801278486847878	0.12240331619977951	0.0020165012683719397	0.001848137006163597	0.0014029013691470027	0.0006526529905386269	0.0010909592965617776	0.0009275519987568259
1249	joy	../Syntropy_Result_Finals/Models/Model_Unsliced_Go_Emotion	../Syntropy_Result_Finals/Models/Model_Unsliced_Go_Emotion	joy	0.944054901599884	0.024084649980068207	0.0005174027755856514	0.0003275560447946191	0.944054901599884	0.0028958360198885202	0.021131936460733414	0.0015942157479003072	0.0012111279647797346	0.0021170179825276136	0.00034982518991455436	0.0006705903797410429	0.0010449355468153954
1250	joy	../Syntropy_Result_Finals/Models/Model_Unsliced_Go_Emotion	../Syntropy_Result_Finals/Models/Model_Unsliced_Go_Emotion	joy	0.7164907455444336	0.0900391936302185	0.0011202890891581774	0.0007357546710409224	0.7164907455444336	0.056883905082941055	0.1198735460639	0.003500628285109997	0.004617323167622089	0.002391279209405184	0.0007727551274001598	0.002521925140172243	0.0010526792611926794
1251	sadness	../Syntropy_Result_Finals/Models/Model_Unsliced_Go_Emotion	../Syntropy_Result_Finals/Models/Model_Unsliced_Go_Emotion	confusion	0.4677777588367462	0.0011230437085032463	0.032802894711494446	0.02449130453169346	0.0016428621020168066	0.0015664694365113974	0.31614184379577637	0.005153050180524588	0.1281554102897644	0.4677777588367462	0.011626877821981907	0.0043043168261647224	0.005214120261371136
1252	joy	../Syntropy_Result_Finals/Models/Model_Unsliced_Go_Emotion	../Syntropy_Result_Finals/Models/Model_Unsliced_Go_Emotion	anger	0.5651010274887085	0.0016539605567231774	0.0006599442567676306	0.0005844337283633649	0.0032608460169285536	0.001508460147306323	0.37259116768836975	0.0016513734590262175	0.0071576484479010105	0.0018803675193339586	0.004072492942214012	0.5651010274887085	0.039878275245428085
1253	pride	../Syntropy_Result_Finals/Models/Model_Unsliced_Go_Emotion	../Syntropy_Result_Finals/Models/Model_Unsliced_Go_Emotion	sadness	0.7334546446800232	0.000993473338894546	0.004620644263923168	0.005892863962799311	0.002706542843952775	0.002983791520819068	0.19673863053321838	0.0009488544310443103	0.7334546446800232	0.0029569752514362335	0.009687766432762146	0.026919081807136536	0.012096764519810677
1254	excitement	../Syntropy_Result_Finals/Models/Model_Unsliced_Go_Emotion	../Syntropy_Result_Finals/Models/Model_Unsliced_Go_Emotion	joy	0.7258589267730713	0.01778154820203781	0.0005238812882453203	0.00034206939744763076	0.7258589267730713	0.0074074771255254745	0.23558343946933746	0.0008927453309297562	0.004756365902721882	0.003560086479410529	0.0007132674800232053	0.0014579908456653357	0.001122216577641666
1255	nervousness	../Syntropy_Result_Finals/Models/Model_Unsliced_Go_Emotion	../Syntropy_Result_Finals/Models/Model_Unsliced_Go_Emotion	neutral	0.6692150235176086	0.131557434797287	0.0027862105052918196	0.0011419235961511731	0.1694873571395874	0.009780957363545895	0.6692150235176086	0.0016644372371956706	0.005475284997373819	0.0017410313012078404	0.0010097877820953727	0.0038679877761751413	0.0022725872695446014
1256	neutral	../Syntropy_Result_Finals/Models/Model_Unsliced_Go_Emotion	../Syntropy_Result_Finals/Models/Model_Unsliced_Go_Emotion	pride	0.7272900342941284	0.03398769348859787	0.004275847226381302	0.002048242837190628	0.1201179027557373	0.7272900342941284	0.05582578107714653	0.00868266262114048	0.017582552507519722	0.005653487052768469	0.012706343084573746	0.007899194955825806	0.003930209670215845
1257	anger	../Syntropy_Result_Finals/Models/Model_Unsliced_Go_Emotion	../Syntropy_Result_Finals/Models/Model_Unsliced_Go_Emotion	nervousness	0.8136855959892273	0.04536045342683792	0.8136855959892273	0.06821425259113312	0.00843715388327837	0.007427474949508905	0.01813647709786892	0.00479300320148468	0.018337013199925423	0.0036490291822701693	0.006017692387104034	0.00318931951187551	0.0027526053600013256
1258	neutral	../Syntropy_Result_Finals/Models/Model_Unsliced_Go_Emotion	../Syntropy_Result_Finals/Models/Model_Unsliced_Go_Emotion	joy	0.7539721131324768	0.1962830275297165	0.0036482042632997036	0.0010043303482234478	0.7539721131324768	0.005768899340182543	0.01746160164475441	0.006214427761733532	0.009848424233496189	0.0023131617344915867	0.0012670970754697919	0.0006142656784504652	0.0016044731019064784
1259	pride	../Syntropy_Result_Finals/Models/Model_Unsliced_Go_Emotion	../Syntropy_Result_Finals/Models/Model_Unsliced_Go_Emotion	joy	0.810599684715271	0.04024314135313034	0.0008194319088943303	0.0005609451327472925	0.810599684715271	0.0423833429813385	0.09566834568977356	0.0010979723883792758	0.0035279730800539255	0.0014821102377027273	0.0007711771177127957	0.0017185081960633397	0.0011274074204266071
1260	neutral	../Syntropy_Result_Finals/Models/Model_Unsliced_Go_Emotion	../Syntropy_Result_Finals/Models/Model_Unsliced_Go_Emotion	neutral	0.9246593713760376	0.0037806460168212652	0.002821981208398938	0.0013777413405478	0.007439874112606049	0.004257057793438435	0.9246593713760376	0.0011132954386994243	0.03776486963033676	0.0013310672948136926	0.0028394353576004505	0.009548566304147243	0.003066128119826317
1261	neutral	../Syntropy_Result_Finals/Models/Model_Unsliced_Go_Emotion	../Syntropy_Result_Finals/Models/Model_Unsliced_Go_Emotion	neutral	0.7992336750030518	0.014475093223154545	0.0023447368294000626	0.0013696374371647835	0.093070387840271	0.03524404391646385	0.7992336750030518	0.0019332332303747535	0.03037930093705654	0.0045724534429609776	0.0018292054301127791	0.013872427865862846	0.0016757735284045339
1262	joy	../Syntropy_Result_Finals/Models/Model_Unsliced_Go_Emotion	../Syntropy_Result_Finals/Models/Model_Unsliced_Go_Emotion	joy	0.5164215564727783	0.33015596866607666	0.0008437443757429719	0.0005206155474297702	0.5164215564727783	0.012089596129953861	0.12967580556869507	0.004751757252961397	0.0010293119121342897	0.001590138883329928	0.0006062934990040958	0.0010785018093883991	0.0012365609873086214
1263	joy	../Syntropy_Result_Finals/Models/Model_Unsliced_Go_Emotion	../Syntropy_Result_Finals/Models/Model_Unsliced_Go_Emotion	joy	0.9396559000015259	0.02903646230697632	0.00045483550638891757	0.0003723765257745981	0.9396559000015259	0.003601048607379198	0.021540168672800064	0.0011219758307561278	0.00117205991409719	0.0013943061931058764	0.0002499147376511246	0.0006221116636879742	0.0007788761286064982
1264	joy	../Syntropy_Result_Finals/Models/Model_Unsliced_Go_Emotion	../Syntropy_Result_Finals/Models/Model_Unsliced_Go_Emotion	sadness	0.8450977802276611	0.001106560230255127	0.023880012333393097	0.012626858428120613	0.0037159002386033535	0.0018890805076807737	0.07027150690555573	0.0012271070154383779	0.8450977802276611	0.00178051448892802	0.019364403560757637	0.005749936681240797	0.013290251605212688
1265	excitement	../Syntropy_Result_Finals/Models/Model_Unsliced_Go_Emotion	../Syntropy_Result_Finals/Models/Model_Unsliced_Go_Emotion	joy	0.9642038345336914	0.008081396110355854	0.0003539518511388451	0.0002692409325391054	0.9642038345336914	0.002936319448053837	0.017423659563064575	0.0010286386823281646	0.002081754384562373	0.0017911511240527034	0.00033396523213014007	0.000543812639079988	0.0009523038752377033
1266	surprise	../Syntropy_Result_Finals/Models/Model_Unsliced_Go_Emotion	../Syntropy_Result_Finals/Models/Model_Unsliced_Go_Emotion	nervousness	0.8494424223899841	0.013645345345139503	0.8494424223899841	0.07870733737945557	0.005820989143103361	0.004467798396945	0.011680764146149158	0.0033452273346483707	0.020678462460637093	0.0047485679388046265	0.004345168825238943	0.0015112924156710505	0.0016067040851339698
1267	pride	../Syntropy_Result_Finals/Models/Model_Unsliced_Go_Emotion	../Syntropy_Result_Finals/Models/Model_Unsliced_Go_Emotion	pride	0.5128315687179565	0.047009918838739395	0.013018052093684673	0.0033243661746382713	0.06289824843406677	0.5128315687179565	0.13061335682868958	0.016766950488090515	0.08885621279478073	0.0066533214412629604	0.07174015045166016	0.034544460475444794	0.011743446812033653
1268	joy	../Syntropy_Result_Finals/Models/Model_Unsliced_Go_Emotion	../Syntropy_Result_Finals/Models/Model_Unsliced_Go_Emotion	neutral	0.46531012654304504	0.02490917220711708	0.0029977078083902597	0.0011031083995476365	0.39368635416030884	0.009507090784609318	0.46531012654304504	0.0033053746446967125	0.020784711465239525	0.06825103610754013	0.001821360201574862	0.004842470400035381	0.003481529653072357
1269	neutral	../Syntropy_Result_Finals/Models/Model_Unsliced_Go_Emotion	../Syntropy_Result_Finals/Models/Model_Unsliced_Go_Emotion	joy	0.956959068775177	0.007695090491324663	0.0004278366104699671	0.00036162114702165127	0.956959068775177	0.003933468367904425	0.02165292575955391	0.0007850673282518983	0.00414607860147953	0.002072905655950308	0.00037824941682629287	0.0007377187721431255	0.0008499836549162865
1270	pride	../Syntropy_Result_Finals/Models/Model_Unsliced_Go_Emotion	../Syntropy_Result_Finals/Models/Model_Unsliced_Go_Emotion	joy	0.41946256160736084	0.32846903800964355	0.0025672633200883865	0.001195520511828363	0.41946256160736084	0.010215949267148972	0.08595037460327148	0.13914555311203003	0.0029863237868994474	0.004230393562465906	0.0023115254007279873	0.0011621024459600449	0.0023033723700791597
1271	joy	../Syntropy_Result_Finals/Models/Model_Unsliced_Go_Emotion	../Syntropy_Result_Finals/Models/Model_Unsliced_Go_Emotion	joy	0.9498815536499023	0.022439362481236458	0.0003901473246514797	0.00023594011145178229	0.9498815536499023	0.003256420837715268	0.01815141923725605	0.0011947790626436472	0.0013660695403814316	0.0018709059804677963	0.00024974701227620244	0.00040788069600239396	0.0005557923577725887
1272	neutral	../Syntropy_Result_Finals/Models/Model_Unsliced_Go_Emotion	../Syntropy_Result_Finals/Models/Model_Unsliced_Go_Emotion	joy	0.5127114057540894	0.02866680920124054	0.008837108500301838	0.002475449815392494	0.5127114057540894	0.0051085203886032104	0.1902572214603424	0.01016206480562687	0.017533406615257263	0.21121031045913696	0.005316467955708504	0.0027266377583146095	0.00499463127925992
