textid	target	model	tokenizer	predicted	prob	excitement	pride	joy	neutral	surprise	nervousness	confusion	fear	disgust	anger	embarrassment	sadness
0	pride	../Syntropy_Result_Finals/Models/Model_Journal_Tuned10	../Syntropy_Result_Finals/Models/Model_Journal_Tuned10	excitement	0.6304693818092346	0.6304693818092346	0.17368300259113312	0.0721832886338234	0.06136585772037506	0.0233354102820158	0.01129976287484169	0.01109593641012907	0.004241494461894035	0.0036501220893114805	0.003382714232429862	0.0029965415596961975	0.0022964710369706154
1	pride	../Syntropy_Result_Finals/Models/Model_Journal_Tuned10	../Syntropy_Result_Finals/Models/Model_Journal_Tuned10	excitement	0.3962251543998718	0.3962251543998718	0.21261000633239746	0.11448456346988678	0.16025923192501068	0.047993313521146774	0.01883365586400032	0.020328130573034286	0.007188403978943825	0.007379833143204451	0.00514979287981987	0.005287701729685068	0.004260181449353695
2	pride	../Syntropy_Result_Finals/Models/Model_Journal_Tuned10	../Syntropy_Result_Finals/Models/Model_Journal_Tuned10	pride	0.5498717427253723	0.050961412489414215	0.5498717427253723	0.07027044147253036	0.15418167412281036	0.016849229112267494	0.03384958580136299	0.021630343049764633	0.0275798961520195	0.02469616010785103	0.024436015635728836	0.007405054289847612	0.018268469721078873
3	anger	../Syntropy_Result_Finals/Models/Model_Journal_Tuned10	../Syntropy_Result_Finals/Models/Model_Journal_Tuned10	sadness	0.5554507374763489	0.0048300838097929955	0.010760494507849216	0.008803407661616802	0.0687955692410469	0.005301943980157375	0.21815456449985504	0.016567304730415344	0.06551411747932434	0.016056792810559273	0.008055350743234158	0.021709591150283813	0.5554507374763489
4	excitement	../Syntropy_Result_Finals/Models/Model_Journal_Tuned10	../Syntropy_Result_Finals/Models/Model_Journal_Tuned10	excitement	0.792088508605957	0.792088508605957	0.04538460820913315	0.062272608280181885	0.051989030092954636	0.01624634489417076	0.0068953316658735275	0.007677472196519375	0.004242067225277424	0.0030764646362513304	0.0025145281106233597	0.004040461033582687	0.003572514047846198
5	joy	../Syntropy_Result_Finals/Models/Model_Journal_Tuned10	../Syntropy_Result_Finals/Models/Model_Journal_Tuned10	excitement	0.45387306809425354	0.45387306809425354	0.18423575162887573	0.12348893284797668	0.1703786849975586	0.020057449117302895	0.008827822282910347	0.01129017025232315	0.005533088464289904	0.005047013983130455	0.0036950528156012297	0.005339715164154768	0.008233238942921162
6	neutral	../Syntropy_Result_Finals/Models/Model_Journal_Tuned10	../Syntropy_Result_Finals/Models/Model_Journal_Tuned10	excitement	0.5800071358680725	0.5800071358680725	0.06644920259714127	0.07100928574800491	0.20920847356319427	0.0289786234498024	0.009375656954944134	0.013352545909583569	0.004450572654604912	0.005174022167921066	0.004125387407839298	0.0030919478740543127	0.004777232185006142
7	disgust	../Syntropy_Result_Finals/Models/Model_Journal_Tuned10	../Syntropy_Result_Finals/Models/Model_Journal_Tuned10	nervousness	0.36623671650886536	0.016017701476812363	0.008891753852367401	0.0131679130718112	0.023683082312345505	0.014339434914290905	0.36623671650886536	0.023684121668338776	0.2492138296365738	0.06323894113302231	0.011689606122672558	0.06727291643619537	0.14256395399570465
8	excitement	../Syntropy_Result_Finals/Models/Model_Journal_Tuned10	../Syntropy_Result_Finals/Models/Model_Journal_Tuned10	pride	0.33522936701774597	0.2086222618818283	0.33522936701774597	0.052563536912202835	0.20246440172195435	0.0454246960580349	0.04650973156094551	0.025538461282849312	0.020042024552822113	0.023755298927426338	0.015113278292119503	0.011640475131571293	0.013096433132886887
9	pride	../Syntropy_Result_Finals/Models/Model_Journal_Tuned10	../Syntropy_Result_Finals/Models/Model_Journal_Tuned10	neutral	0.5593996047973633	0.017870938405394554	0.026182908564805984	0.015081006102263927	0.5593996047973633	0.02372508868575096	0.13643290102481842	0.08371172100305557	0.024180661886930466	0.02530096471309662	0.0117433350533247	0.015337280929088593	0.061033498495817184
10	neutral	../Syntropy_Result_Finals/Models/Model_Journal_Tuned10	../Syntropy_Result_Finals/Models/Model_Journal_Tuned10	neutral	0.661361813545227	0.07434801757335663	0.04330139234662056	0.062324341386556625	0.661361813545227	0.021003810688853264	0.03303048759698868	0.036041587591171265	0.017563529312610626	0.008456668816506863	0.012322247959673405	0.006693977862596512	0.023552153259515762
11	neutral	../Syntropy_Result_Finals/Models/Model_Journal_Tuned10	../Syntropy_Result_Finals/Models/Model_Journal_Tuned10	neutral	0.3851841688156128	0.28032687306404114	0.061741460114717484	0.11817004531621933	0.3851841688156128	0.04581607133150101	0.030907392501831055	0.03120681643486023	0.009040421806275845	0.009274047799408436	0.0038257858250290155	0.00917672086507082	0.015330210328102112
12	joy	../Syntropy_Result_Finals/Models/Model_Journal_Tuned10	../Syntropy_Result_Finals/Models/Model_Journal_Tuned10	neutral	0.5177788734436035	0.1268468201160431	0.06957490742206573	0.08020304143428802	0.5177788734436035	0.036277662962675095	0.030866676941514015	0.044781558215618134	0.02337741106748581	0.028346730396151543	0.01612687297165394	0.013175060041248798	0.01264437846839428
13	neutral	../Syntropy_Result_Finals/Models/Model_Journal_Tuned10	../Syntropy_Result_Finals/Models/Model_Journal_Tuned10	excitement	0.6593656539916992	0.6593656539916992	0.11279661953449249	0.06365854293107986	0.07171551883220673	0.05065232515335083	0.00851056445389986	0.009073074907064438	0.007919847965240479	0.00442545535042882	0.004362137988209724	0.0031054422724992037	0.004414900206029415
14	pride	../Syntropy_Result_Finals/Models/Model_Journal_Tuned10	../Syntropy_Result_Finals/Models/Model_Journal_Tuned10	excitement	0.5746898055076599	0.5746898055076599	0.09936577081680298	0.089803047478199	0.07130400091409683	0.1170363575220108	0.00921020470559597	0.015468588098883629	0.004981114529073238	0.006057135760784149	0.0035959745291620493	0.005600818432867527	0.002887188224121928
15	neutral	../Syntropy_Result_Finals/Models/Model_Journal_Tuned10	../Syntropy_Result_Finals/Models/Model_Journal_Tuned10	excitement	0.7910341024398804	0.7910341024398804	0.032858509570360184	0.08962741494178772	0.05253121256828308	0.01601942628622055	0.003972021862864494	0.005062412936240435	0.0018739344086498022	0.001471267780289054	0.001660495880059898	0.001810938585549593	0.002078243298456073
16	joy	../Syntropy_Result_Finals/Models/Model_Journal_Tuned10	../Syntropy_Result_Finals/Models/Model_Journal_Tuned10	neutral	0.46450746059417725	0.0311026182025671	0.12341034412384033	0.05889538303017616	0.46450746059417725	0.018820611760020256	0.07899998128414154	0.060192570090293884	0.04655386134982109	0.03120129555463791	0.04262538254261017	0.0142411133274436	0.029449375346302986
17	neutral	../Syntropy_Result_Finals/Models/Model_Journal_Tuned10	../Syntropy_Result_Finals/Models/Model_Journal_Tuned10	joy	0.42397457361221313	0.4169047772884369	0.030194561928510666	0.42397457361221313	0.09607654064893723	0.00986525509506464	0.0045485482551157475	0.004453143570572138	0.002038567326962948	0.0025716163218021393	0.002548562828451395	0.0027138611767441034	0.0041099549271166325
18	excitement	../Syntropy_Result_Finals/Models/Model_Journal_Tuned10	../Syntropy_Result_Finals/Models/Model_Journal_Tuned10	neutral	0.26771804690361023	0.21773627400398254	0.1919044554233551	0.11343943327665329	0.26771804690361023	0.06695571541786194	0.030317697674036026	0.04499512165784836	0.02043192833662033	0.012782170437276363	0.008419394493103027	0.01219983957707882	0.013099969364702702
19	neutral	../Syntropy_Result_Finals/Models/Model_Journal_Tuned10	../Syntropy_Result_Finals/Models/Model_Journal_Tuned10	excitement	0.848499596118927	0.848499596118927	0.031270429491996765	0.037688519805669785	0.04408424720168114	0.0124698830768466	0.004488740116357803	0.008119059726595879	0.003418703330680728	0.002611289033666253	0.0031907616648823023	0.0021907645277678967	0.00196802313439548
20	excitement	../Syntropy_Result_Finals/Models/Model_Journal_Tuned10	../Syntropy_Result_Finals/Models/Model_Journal_Tuned10	pride	0.3434203863143921	0.1787828505039215	0.3434203863143921	0.11152040213346481	0.2170509546995163	0.030198775231838226	0.02461637742817402	0.03410082682967186	0.02404026873409748	0.00926731526851654	0.009253251366317272	0.007650480605661869	0.010098066180944443
21	neutral	../Syntropy_Result_Finals/Models/Model_Journal_Tuned10	../Syntropy_Result_Finals/Models/Model_Journal_Tuned10	neutral	0.404835969209671	0.08056732267141342	0.07987664639949799	0.2623012065887451	0.404835969209671	0.01612091436982155	0.0575682558119297	0.021550515666604042	0.027139365673065186	0.008877294138073921	0.008575991727411747	0.007615677546709776	0.024970857426524162
22	joy	../Syntropy_Result_Finals/Models/Model_Journal_Tuned10	../Syntropy_Result_Finals/Models/Model_Journal_Tuned10	neutral	0.4836103320121765	0.04966367781162262	0.0300263911485672	0.02415081113576889	0.4836103320121765	0.021190349012613297	0.10711365938186646	0.09527921676635742	0.0664985254406929	0.04096073657274246	0.048516854643821716	0.01760510355234146	0.015384326688945293
23	joy	../Syntropy_Result_Finals/Models/Model_Journal_Tuned10	../Syntropy_Result_Finals/Models/Model_Journal_Tuned10	pride	0.3395538926124573	0.20413482189178467	0.3395538926124573	0.18416498601436615	0.177157461643219	0.013230934739112854	0.01775391958653927	0.01171262189745903	0.021466435864567757	0.006194984074681997	0.008221724070608616	0.003744881832972169	0.012663288973271847
24	excitement	../Syntropy_Result_Finals/Models/Model_Journal_Tuned10	../Syntropy_Result_Finals/Models/Model_Journal_Tuned10	excitement	0.44938358664512634	0.44938358664512634	0.07240618765354156	0.1548730432987213	0.19914259016513824	0.05152848735451698	0.011308349668979645	0.018538007512688637	0.009058256633579731	0.012313690036535263	0.0043869102373719215	0.011333785951137543	0.005727063398808241
25	disgust	../Syntropy_Result_Finals/Models/Model_Journal_Tuned10	../Syntropy_Result_Finals/Models/Model_Journal_Tuned10	neutral	0.32119256258010864	0.05698100104928017	0.06227493658661842	0.023978425189852715	0.32119256258010864	0.030000900849699974	0.20418842136859894	0.1643134504556656	0.03534826636314392	0.017215149477124214	0.008490188047289848	0.023245319724082947	0.05277147889137268
26	surprise	../Syntropy_Result_Finals/Models/Model_Journal_Tuned10	../Syntropy_Result_Finals/Models/Model_Journal_Tuned10	pride	0.38079962134361267	0.028481127694249153	0.38079962134361267	0.051005441695451736	0.19599726796150208	0.02571704238653183	0.0773923248052597	0.035944320261478424	0.08204324543476105	0.04137398675084114	0.0469614714384079	0.009621583856642246	0.024662556126713753
27	excitement	../Syntropy_Result_Finals/Models/Model_Journal_Tuned10	../Syntropy_Result_Finals/Models/Model_Journal_Tuned10	pride	0.36566707491874695	0.19032125174999237	0.36566707491874695	0.05039248988032341	0.2305540293455124	0.04909087345004082	0.027300061658024788	0.022846221923828125	0.013055337592959404	0.020345566794276237	0.012061531655490398	0.009634172543883324	0.008731325156986713
28	pride	../Syntropy_Result_Finals/Models/Model_Journal_Tuned10	../Syntropy_Result_Finals/Models/Model_Journal_Tuned10	pride	0.7499579191207886	0.08410926163196564	0.7499579191207886	0.03501763567328453	0.03670795261859894	0.020887872204184532	0.019943220540881157	0.01669303886592388	0.011652602814137936	0.008013296872377396	0.006667829118669033	0.006036721169948578	0.004312651697546244
29	pride	../Syntropy_Result_Finals/Models/Model_Journal_Tuned10	../Syntropy_Result_Finals/Models/Model_Journal_Tuned10	pride	0.2875160574913025	0.13128317892551422	0.2875160574913025	0.07848184555768967	0.2863430976867676	0.02561231143772602	0.05816696956753731	0.047417912632226944	0.020156823098659515	0.0163725558668375	0.013369022868573666	0.015105641447007656	0.02017464116215706
30	pride	../Syntropy_Result_Finals/Models/Model_Journal_Tuned10	../Syntropy_Result_Finals/Models/Model_Journal_Tuned10	excitement	0.3914715647697449	0.3914715647697449	0.21702249348163605	0.11539106070995331	0.177982360124588	0.032753147184848785	0.019021213054656982	0.017496900632977486	0.007064042147248983	0.0074209789745509624	0.005524394102394581	0.00502711720764637	0.003824731335043907
31	neutral	../Syntropy_Result_Finals/Models/Model_Journal_Tuned10	../Syntropy_Result_Finals/Models/Model_Journal_Tuned10	neutral	0.566825270652771	0.04860834404826164	0.03105488233268261	0.11086400598287582	0.566825270652771	0.040282346308231354	0.04314057156443596	0.026026656851172447	0.015757590532302856	0.02214737795293331	0.008064504712820053	0.020980888977646828	0.06624751538038254
32	joy	../Syntropy_Result_Finals/Models/Model_Journal_Tuned10	../Syntropy_Result_Finals/Models/Model_Journal_Tuned10	excitement	0.48962855339050293	0.48962855339050293	0.20465520024299622	0.14221379160881042	0.10215732455253601	0.02431558445096016	0.008248972706496716	0.012054930441081524	0.003922548610717058	0.0027735992334783077	0.003338679438456893	0.003446681424975395	0.003244104329496622
33	neutral	../Syntropy_Result_Finals/Models/Model_Journal_Tuned10	../Syntropy_Result_Finals/Models/Model_Journal_Tuned10	neutral	0.3895394802093506	0.06897050887346268	0.038803838193416595	0.05360422283411026	0.3895394802093506	0.055811088532209396	0.12035652250051498	0.11101864278316498	0.04482506588101387	0.028432238847017288	0.007419131696224213	0.038978323340415955	0.04224095493555069
34	joy	../Syntropy_Result_Finals/Models/Model_Journal_Tuned10	../Syntropy_Result_Finals/Models/Model_Journal_Tuned10	joy	0.5615030527114868	0.16027341783046722	0.08244103193283081	0.5615030527114868	0.14839310944080353	0.007043081801384687	0.009901624172925949	0.007313476875424385	0.004598130937665701	0.0043337903916835785	0.0031821478623896837	0.004206749610602856	0.006810369901359081
35	joy	../Syntropy_Result_Finals/Models/Model_Journal_Tuned10	../Syntropy_Result_Finals/Models/Model_Journal_Tuned10	pride	0.36849793791770935	0.0786978229880333	0.36849793791770935	0.16087555885314941	0.24526692926883698	0.0179445780813694	0.03484143689274788	0.01319610420614481	0.02096116915345192	0.010133539326488972	0.008385330438613892	0.008447697386145592	0.03275192901492119
36	neutral	../Syntropy_Result_Finals/Models/Model_Journal_Tuned10	../Syntropy_Result_Finals/Models/Model_Journal_Tuned10	pride	0.642885148525238	0.04130158945918083	0.642885148525238	0.06317658722400665	0.1260736584663391	0.01601228676736355	0.025778301060199738	0.016042137518525124	0.02047104388475418	0.017223123461008072	0.013134500943124294	0.006889780983328819	0.011011875234544277
37	excitement	../Syntropy_Result_Finals/Models/Model_Journal_Tuned10	../Syntropy_Result_Finals/Models/Model_Journal_Tuned10	pride	0.44776293635368347	0.05246122553944588	0.44776293635368347	0.04793253540992737	0.25058797001838684	0.02740502916276455	0.03673190250992775	0.032309744507074356	0.026278216391801834	0.029598230496048927	0.029650459066033363	0.009412028826773167	0.009869814850389957
38	nervousness	../Syntropy_Result_Finals/Models/Model_Journal_Tuned10	../Syntropy_Result_Finals/Models/Model_Journal_Tuned10	pride	0.6478092670440674	0.05653825402259827	0.6478092670440674	0.028459616005420685	0.052510518580675125	0.03170458599925041	0.05756037309765816	0.032805148512125015	0.040095049887895584	0.01864304021000862	0.014354203827679157	0.01196935772895813	0.007550605572760105
39	anger	../Syntropy_Result_Finals/Models/Model_Journal_Tuned10	../Syntropy_Result_Finals/Models/Model_Journal_Tuned10	nervousness	0.3060705065727234	0.022633517161011696	0.04199274256825447	0.023679502308368683	0.1662759780883789	0.015545408241450787	0.3060705065727234	0.04201953113079071	0.0937776267528534	0.11214366555213928	0.0961749255657196	0.02412414364516735	0.05556236207485199
40	sadness	../Syntropy_Result_Finals/Models/Model_Journal_Tuned10	../Syntropy_Result_Finals/Models/Model_Journal_Tuned10	confusion	0.8088188171386719	0.002391313435509801	0.004702490754425526	0.0016901227645576	0.04084550961852074	0.006997975520789623	0.01512554194778204	0.8088188171386719	0.014939568005502224	0.01590396650135517	0.06976231187582016	0.009502902626991272	0.009319433942437172
41	neutral	../Syntropy_Result_Finals/Models/Model_Journal_Tuned10	../Syntropy_Result_Finals/Models/Model_Journal_Tuned10	excitement	0.5344506502151489	0.5344506502151489	0.04822789505124092	0.241994708776474	0.12330743670463562	0.014483240433037281	0.008461913093924522	0.008718719705939293	0.0036443513818085194	0.0038293302059173584	0.0033833207562565804	0.004268975928425789	0.005229493137449026
42	neutral	../Syntropy_Result_Finals/Models/Model_Journal_Tuned10	../Syntropy_Result_Finals/Models/Model_Journal_Tuned10	excitement	0.3308376967906952	0.3308376967906952	0.048568934202194214	0.2533331513404846	0.3059265613555908	0.017215101048350334	0.010390255600214005	0.01203825417906046	0.00343304593116045	0.004071858245879412	0.003244306892156601	0.004349397961050272	0.00659141642972827
43	neutral	../Syntropy_Result_Finals/Models/Model_Journal_Tuned10	../Syntropy_Result_Finals/Models/Model_Journal_Tuned10	neutral	0.6115865707397461	0.10564156621694565	0.08362650126218796	0.08286893367767334	0.6115865707397461	0.026431703940033913	0.021711884066462517	0.016882911324501038	0.00854816846549511	0.009973707608878613	0.008372457697987556	0.006691099610179663	0.017664451152086258
44	joy	../Syntropy_Result_Finals/Models/Model_Journal_Tuned10	../Syntropy_Result_Finals/Models/Model_Journal_Tuned10	excitement	0.285107284784317	0.285107284784317	0.2589113116264343	0.07773876935243607	0.2007497102022171	0.054457586258649826	0.03986397758126259	0.028480421751737595	0.016580652445554733	0.014353690668940544	0.008506263606250286	0.0069461665116250515	0.008304249495267868
45	pride	../Syntropy_Result_Finals/Models/Model_Journal_Tuned10	../Syntropy_Result_Finals/Models/Model_Journal_Tuned10	neutral	0.5750204920768738	0.05853552743792534	0.08453399688005447	0.031049910932779312	0.5750204920768738	0.05200129374861717	0.040581248700618744	0.06736520677804947	0.024223946034908295	0.020898034796118736	0.013944385573267937	0.01329423114657402	0.01855173148214817
46	neutral	../Syntropy_Result_Finals/Models/Model_Journal_Tuned10	../Syntropy_Result_Finals/Models/Model_Journal_Tuned10	pride	0.6624386310577393	0.07588186860084534	0.6624386310577393	0.065604068338871	0.10127921402454376	0.01785729080438614	0.01593875326216221	0.018544219434261322	0.012079938314855099	0.00690433057025075	0.0069398460909724236	0.006913845427334309	0.009617974050343037
47	pride	../Syntropy_Result_Finals/Models/Model_Journal_Tuned10	../Syntropy_Result_Finals/Models/Model_Journal_Tuned10	pride	0.44007188081741333	0.20913441479206085	0.44007188081741333	0.06341616809368134	0.15153950452804565	0.046530891209840775	0.021951492875814438	0.02377631515264511	0.011869710870087147	0.009864126332104206	0.00807966198772192	0.0063726468943059444	0.007393175270408392
48	neutral	../Syntropy_Result_Finals/Models/Model_Journal_Tuned10	../Syntropy_Result_Finals/Models/Model_Journal_Tuned10	excitement	0.5926203727722168	0.5926203727722168	0.11699757725000381	0.10582920163869858	0.12456682324409485	0.024217158555984497	0.0078027271665632725	0.01106630451977253	0.003491669427603483	0.0033726205583661795	0.0032984204590320587	0.003071743296459317	0.003665311960503459
49	neutral	../Syntropy_Result_Finals/Models/Model_Journal_Tuned10	../Syntropy_Result_Finals/Models/Model_Journal_Tuned10	joy	0.48946842551231384	0.20656077563762665	0.0636330097913742	0.48946842551231384	0.18179775774478912	0.01133657991886139	0.014016321860253811	0.008171793073415756	0.005500805098563433	0.003829012392088771	0.003926274366676807	0.00339570757932961	0.008363546803593636
50	excitement	../Syntropy_Result_Finals/Models/Model_Journal_Tuned10	../Syntropy_Result_Finals/Models/Model_Journal_Tuned10	pride	0.540969967842102	0.1806505173444748	0.540969967842102	0.11162053048610687	0.0877666249871254	0.019133681431412697	0.01641850359737873	0.011751165613532066	0.011387470178306103	0.00568123534321785	0.004694165661931038	0.004960613790899515	0.004965564701706171
51	disgust	../Syntropy_Result_Finals/Models/Model_Journal_Tuned10	../Syntropy_Result_Finals/Models/Model_Journal_Tuned10	disgust	0.5815361142158508	0.004244321025907993	0.010950726456940174	0.00345068727619946	0.05897562950849533	0.005603278521448374	0.013121292926371098	0.006326275411993265	0.01720499061048031	0.5815361142158508	0.26650676131248474	0.012703332118690014	0.019376544281840324
52	pride	../Syntropy_Result_Finals/Models/Model_Journal_Tuned10	../Syntropy_Result_Finals/Models/Model_Journal_Tuned10	excitement	0.4214455783367157	0.4214455783367157	0.11126989871263504	0.1986686736345291	0.19502097368240356	0.019685804843902588	0.015937751159071922	0.013497785665094852	0.00642204936593771	0.004097800701856613	0.005724524147808552	0.0032669936772435904	0.00496212812140584
53	joy	../Syntropy_Result_Finals/Models/Model_Journal_Tuned10	../Syntropy_Result_Finals/Models/Model_Journal_Tuned10	pride	0.5922609567642212	0.15348312258720398	0.5922609567642212	0.0776822417974472	0.10758735984563828	0.018373003229498863	0.009811689145863056	0.011597376316785812	0.007254746742546558	0.007367169018834829	0.004529333207756281	0.004988143220543861	0.005064854398369789
54	nervousness	../Syntropy_Result_Finals/Models/Model_Journal_Tuned10	../Syntropy_Result_Finals/Models/Model_Journal_Tuned10	nervousness	0.4436750113964081	0.034037116914987564	0.025360586121678352	0.024457477033138275	0.16070421040058136	0.021246755495667458	0.4436750113964081	0.09948799759149551	0.1249663308262825	0.020210882648825645	0.010200484655797482	0.016285357996821404	0.019367927685379982
55	neutral	../Syntropy_Result_Finals/Models/Model_Journal_Tuned10	../Syntropy_Result_Finals/Models/Model_Journal_Tuned10	joy	0.36785322427749634	0.2076057493686676	0.06335776299238205	0.36785322427749634	0.2708410620689392	0.02041490003466606	0.014816593378782272	0.017056811600923538	0.0055791824124753475	0.009132792241871357	0.005311283748596907	0.009265746921300888	0.008764863945543766
56	surprise	../Syntropy_Result_Finals/Models/Model_Journal_Tuned10	../Syntropy_Result_Finals/Models/Model_Journal_Tuned10	surprise	0.5233069658279419	0.3402537703514099	0.02587076649069786	0.04331398755311966	0.03851502016186714	0.5233069658279419	0.005368991754949093	0.010199901647865772	0.0025904341600835323	0.003085630713030696	0.002270800992846489	0.002875391859561205	0.0023482481483370066
57	sadness	../Syntropy_Result_Finals/Models/Model_Journal_Tuned10	../Syntropy_Result_Finals/Models/Model_Journal_Tuned10	nervousness	0.4404042363166809	0.007651848252862692	0.02584804967045784	0.013722634874284267	0.07528291642665863	0.009728638455271721	0.4404042363166809	0.03644820675253868	0.124654121696949	0.009782874956727028	0.0062923189252614975	0.019193699583411217	0.23099049925804138
58	disgust	../Syntropy_Result_Finals/Models/Model_Journal_Tuned10	../Syntropy_Result_Finals/Models/Model_Journal_Tuned10	confusion	0.6427610516548157	0.009866337291896343	0.014550093561410904	0.0073046074248850346	0.054373279213905334	0.012366777285933495	0.1103983074426651	0.6427610516548157	0.04543761909008026	0.01731587015092373	0.032346393913030624	0.014565650373697281	0.038713984191417694
59	excitement	../Syntropy_Result_Finals/Models/Model_Journal_Tuned10	../Syntropy_Result_Finals/Models/Model_Journal_Tuned10	excitement	0.8923275470733643	0.8923275470733643	0.024777207523584366	0.012779977172613144	0.01933583803474903	0.01752615161240101	0.007747549097985029	0.008640690706670284	0.006553408224135637	0.0034593367017805576	0.003705112962052226	0.0017443535616621375	0.001402784837409854
60	excitement	../Syntropy_Result_Finals/Models/Model_Journal_Tuned10	../Syntropy_Result_Finals/Models/Model_Journal_Tuned10	excitement	0.921746015548706	0.921746015548706	0.01893351972103119	0.025049610063433647	0.011098021641373634	0.00900956615805626	0.0030011858325451612	0.0032514631748199463	0.0024492465890944004	0.0013242465211078525	0.001911961822770536	0.0012091008247807622	0.0010159631492570043
61	neutral	../Syntropy_Result_Finals/Models/Model_Journal_Tuned10	../Syntropy_Result_Finals/Models/Model_Journal_Tuned10	joy	0.5438317656517029	0.32012704014778137	0.03611549735069275	0.5438317656517029	0.06412673741579056	0.008384031243622303	0.004579215310513973	0.009061513468623161	0.0025899377651512623	0.0023092373739928007	0.0027873958460986614	0.002975722774863243	0.0031118877232074738
62	surprise	../Syntropy_Result_Finals/Models/Model_Journal_Tuned10	../Syntropy_Result_Finals/Models/Model_Journal_Tuned10	neutral	0.5517717003822327	0.03538810834288597	0.04796192795038223	0.019026365131139755	0.5517717003822327	0.0231027714908123	0.07628953456878662	0.06996341049671173	0.05760562792420387	0.05499395355582237	0.011064368300139904	0.02311849780380726	0.029713789001107216
63	pride	../Syntropy_Result_Finals/Models/Model_Journal_Tuned10	../Syntropy_Result_Finals/Models/Model_Journal_Tuned10	excitement	0.6377814412117004	0.6377814412117004	0.026172161102294922	0.276410311460495	0.031165840104222298	0.009157932363450527	0.003964169416576624	0.004170399159193039	0.0018604750512167811	0.0015243408270180225	0.001527031883597374	0.0029434142634272575	0.0033224993385374546
64	nervousness	../Syntropy_Result_Finals/Models/Model_Journal_Tuned10	../Syntropy_Result_Finals/Models/Model_Journal_Tuned10	neutral	0.36982303857803345	0.025681739673018456	0.04623480886220932	0.02027984894812107	0.36982303857803345	0.015982896089553833	0.135887011885643	0.09564278274774551	0.051770102232694626	0.07137029618024826	0.04293431341648102	0.027965255081653595	0.09642789512872696
65	neutral	../Syntropy_Result_Finals/Models/Model_Journal_Tuned10	../Syntropy_Result_Finals/Models/Model_Journal_Tuned10	excitement	0.8451691269874573	0.8451691269874573	0.030666012316942215	0.06957558542490005	0.021215716376900673	0.0202482920140028	0.0019489803817123175	0.004460352007299662	0.001213211682625115	0.0017571873031556606	0.0017642194870859385	0.0012590057449415326	0.0007222101557999849
66	nervousness	../Syntropy_Result_Finals/Models/Model_Journal_Tuned10	../Syntropy_Result_Finals/Models/Model_Journal_Tuned10	nervousness	0.49666738510131836	0.07271478325128555	0.01554668229073286	0.02335468865931034	0.03598589077591896	0.04430831968784332	0.49666738510131836	0.07670220732688904	0.16926071047782898	0.015859300270676613	0.0071552288718521595	0.018505753949284554	0.023939112201333046
67	joy	../Syntropy_Result_Finals/Models/Model_Journal_Tuned10	../Syntropy_Result_Finals/Models/Model_Journal_Tuned10	excitement	0.5148568153381348	0.5148568153381348	0.02830706536769867	0.3601102828979492	0.057047389447689056	0.01420940924435854	0.004818257410079241	0.006127962376922369	0.0027774956542998552	0.0025401501916348934	0.0018382554408162832	0.003844819962978363	0.0035221371799707413
68	confusion	../Syntropy_Result_Finals/Models/Model_Journal_Tuned10	../Syntropy_Result_Finals/Models/Model_Journal_Tuned10	nervousness	0.3763461709022522	0.015997160226106644	0.0139616709202528	0.012448317371308804	0.021878333762288094	0.013981991447508335	0.3763461709022522	0.32217004895210266	0.09758540242910385	0.01103766169399023	0.018738290295004845	0.04631945863366127	0.049535561352968216
69	excitement	../Syntropy_Result_Finals/Models/Model_Journal_Tuned10	../Syntropy_Result_Finals/Models/Model_Journal_Tuned10	excitement	0.6975672245025635	0.6975672245025635	0.13731354475021362	0.024960506707429886	0.0339646153151989	0.044690608978271484	0.01644224114716053	0.018927687779068947	0.009068087674677372	0.00587074039503932	0.004964099265635014	0.003505490953102708	0.0027251143474131823
70	pride	../Syntropy_Result_Finals/Models/Model_Journal_Tuned10	../Syntropy_Result_Finals/Models/Model_Journal_Tuned10	pride	0.8201498985290527	0.05615907907485962	0.8201498985290527	0.02578425221145153	0.022997893393039703	0.01898699253797531	0.014941705390810966	0.01246738526970148	0.00804858934134245	0.006948561407625675	0.0039222510531544685	0.006090837065130472	0.003502583596855402
71	excitement	../Syntropy_Result_Finals/Models/Model_Journal_Tuned10	../Syntropy_Result_Finals/Models/Model_Journal_Tuned10	excitement	0.47176799178123474	0.47176799178123474	0.08871214091777802	0.1648213267326355	0.2016160637140274	0.033735454082489014	0.00589233823120594	0.011732403188943863	0.00391763262450695	0.006817355751991272	0.004702992737293243	0.004383917897939682	0.0019004083005711436
72	surprise	../Syntropy_Result_Finals/Models/Model_Journal_Tuned10	../Syntropy_Result_Finals/Models/Model_Journal_Tuned10	excitement	0.7148476243019104	0.7148476243019104	0.04546764865517616	0.14778491854667664	0.048453181982040405	0.0142738688737154	0.007110584992915392	0.008541697636246681	0.004429289605468512	0.0024282715748995543	0.0023570272605866194	0.002359329257160425	0.001946515403687954
73	neutral	../Syntropy_Result_Finals/Models/Model_Journal_Tuned10	../Syntropy_Result_Finals/Models/Model_Journal_Tuned10	excitement	0.3652050495147705	0.3652050495147705	0.1911858469247818	0.13629984855651855	0.21279409527778625	0.025852911174297333	0.016493942588567734	0.017035458236932755	0.008919274434447289	0.008076542057096958	0.005488187540322542	0.006372877396643162	0.006275996565818787
74	excitement	../Syntropy_Result_Finals/Models/Model_Journal_Tuned10	../Syntropy_Result_Finals/Models/Model_Journal_Tuned10	excitement	0.43414071202278137	0.43414071202278137	0.05176807940006256	0.20995885133743286	0.14108991622924805	0.03772403299808502	0.019251743331551552	0.04450453445315361	0.007217546924948692	0.012705712579190731	0.008115413598716259	0.02159261517226696	0.01193088199943304
75	pride	../Syntropy_Result_Finals/Models/Model_Journal_Tuned10	../Syntropy_Result_Finals/Models/Model_Journal_Tuned10	neutral	0.39118412137031555	0.10931999981403351	0.21130989491939545	0.04729606211185455	0.39118412137031555	0.029847951605916023	0.04999200254678726	0.03429340943694115	0.03134170174598694	0.030865564942359924	0.034531909972429276	0.011011602357029915	0.01900578662753105
76	excitement	../Syntropy_Result_Finals/Models/Model_Journal_Tuned10	../Syntropy_Result_Finals/Models/Model_Journal_Tuned10	excitement	0.5399115681648254	0.5399115681648254	0.07631340622901917	0.30088600516319275	0.04593861103057861	0.010516894049942493	0.005297746509313583	0.007306516170501709	0.002971174195408821	0.002039320068433881	0.0029664458706974983	0.0023994711227715015	0.0034529324620962143
77	joy	../Syntropy_Result_Finals/Models/Model_Journal_Tuned10	../Syntropy_Result_Finals/Models/Model_Journal_Tuned10	neutral	0.3906070590019226	0.08084981143474579	0.258163183927536	0.0609772689640522	0.3906070590019226	0.02664029225707054	0.054281085729599	0.04449952766299248	0.023590825498104095	0.013291570357978344	0.013411827385425568	0.007858136668801308	0.0258294939994812
78	joy	../Syntropy_Result_Finals/Models/Model_Journal_Tuned10	../Syntropy_Result_Finals/Models/Model_Journal_Tuned10	neutral	0.33980244398117065	0.17710386216640472	0.22919057309627533	0.18679258227348328	0.33980244398117065	0.009958590380847454	0.01144846435636282	0.012104484252631664	0.008422301150858402	0.005323903635144234	0.010237098671495914	0.003121456829831004	0.006494191009551287
79	disgust	../Syntropy_Result_Finals/Models/Model_Journal_Tuned10	../Syntropy_Result_Finals/Models/Model_Journal_Tuned10	nervousness	0.40693482756614685	0.006503087934106588	0.009071115404367447	0.008587212301790714	0.034946125000715256	0.00887681171298027	0.40693482756614685	0.016869327053427696	0.18303944170475006	0.17886658012866974	0.013582979328930378	0.035360369831323624	0.09736207872629166
80	neutral	../Syntropy_Result_Finals/Models/Model_Journal_Tuned10	../Syntropy_Result_Finals/Models/Model_Journal_Tuned10	neutral	0.5216116905212402	0.05934764817357063	0.12355318665504456	0.15086278319358826	0.5216116905212402	0.016192832961678505	0.034663740545511246	0.021839043125510216	0.01154885720461607	0.014491081237792969	0.008997287601232529	0.011008668690919876	0.025883197784423828
81	anger	../Syntropy_Result_Finals/Models/Model_Journal_Tuned10	../Syntropy_Result_Finals/Models/Model_Journal_Tuned10	nervousness	0.6617785096168518	0.007749761920422316	0.010166430845856667	0.009712159633636475	0.02666711062192917	0.008926678448915482	0.6617785096168518	0.033238258212804794	0.10009035468101501	0.017916448414325714	0.004304614849388599	0.032317038625478745	0.08713270723819733
82	pride	../Syntropy_Result_Finals/Models/Model_Journal_Tuned10	../Syntropy_Result_Finals/Models/Model_Journal_Tuned10	excitement	0.7556723952293396	0.7556723952293396	0.088020920753479	0.0830417200922966	0.028698628768324852	0.02375638112425804	0.004953940864652395	0.006000594701617956	0.002647415967658162	0.0016961487708613276	0.002250781049951911	0.0016831121174618602	0.0015779704554006457
83	excitement	../Syntropy_Result_Finals/Models/Model_Journal_Tuned10	../Syntropy_Result_Finals/Models/Model_Journal_Tuned10	neutral	0.5142684578895569	0.10952267795801163	0.08353810012340546	0.17301636934280396	0.5142684578895569	0.018397348001599312	0.016477230936288834	0.029183758422732353	0.009368395432829857	0.008474127389490604	0.006637886166572571	0.009691763669252396	0.021423926576972008
84	neutral	../Syntropy_Result_Finals/Models/Model_Journal_Tuned10	../Syntropy_Result_Finals/Models/Model_Journal_Tuned10	excitement	0.34571319818496704	0.34571319818496704	0.04811624810099602	0.25908321142196655	0.2894655764102936	0.01372294221073389	0.012618635781109333	0.007555785123258829	0.0036730675492435694	0.0042276205494999886	0.003674053819850087	0.004397239536046982	0.0077524492517113686
85	neutral	../Syntropy_Result_Finals/Models/Model_Journal_Tuned10	../Syntropy_Result_Finals/Models/Model_Journal_Tuned10	neutral	0.31304532289505005	0.24955886602401733	0.1712113618850708	0.10851391404867172	0.31304532289505005	0.024524137377738953	0.03614911809563637	0.032672494649887085	0.023137232288718224	0.011643788777291775	0.017475895583629608	0.005558718927204609	0.006509125232696533
86	surprise	../Syntropy_Result_Finals/Models/Model_Journal_Tuned10	../Syntropy_Result_Finals/Models/Model_Journal_Tuned10	excitement	0.4421393871307373	0.4421393871307373	0.03304731100797653	0.34569698572158813	0.12692895531654358	0.017883094027638435	0.006283557508140802	0.011614803224802017	0.0021698055788874626	0.0027244738303124905	0.0022548846900463104	0.004560562316328287	0.004696155898272991
87	neutral	../Syntropy_Result_Finals/Models/Model_Journal_Tuned10	../Syntropy_Result_Finals/Models/Model_Journal_Tuned10	neutral	0.5213609337806702	0.043166741728782654	0.08611343801021576	0.02449706941843033	0.5213609337806702	0.023448579013347626	0.09896220266819	0.08107829093933105	0.02765815146267414	0.018188823014497757	0.011526966467499733	0.011760453693568707	0.052238285541534424
88	joy	../Syntropy_Result_Finals/Models/Model_Journal_Tuned10	../Syntropy_Result_Finals/Models/Model_Journal_Tuned10	pride	0.35130980610847473	0.0464320071041584	0.35130980610847473	0.1265663057565689	0.27511465549468994	0.014882167801260948	0.04071000963449478	0.017054494470357895	0.04182972386479378	0.019365280866622925	0.019564732909202576	0.006636756472289562	0.04053410887718201
89	neutral	../Syntropy_Result_Finals/Models/Model_Journal_Tuned10	../Syntropy_Result_Finals/Models/Model_Journal_Tuned10	neutral	0.347003310918808	0.14045803248882294	0.08245469629764557	0.3061022162437439	0.347003310918808	0.02103526145219803	0.03260774910449982	0.015664583072066307	0.015745582059025764	0.009721890091896057	0.008639294654130936	0.006718331482261419	0.013849063776433468
90	excitement	../Syntropy_Result_Finals/Models/Model_Journal_Tuned10	../Syntropy_Result_Finals/Models/Model_Journal_Tuned10	excitement	0.6400094032287598	0.6400094032287598	0.0679365023970604	0.19038137793540955	0.06468034535646439	0.012773165479302406	0.0049763950519263744	0.004488558042794466	0.0023320456966757774	0.0019010010873898864	0.0022815829142928123	0.0028264469001442194	0.005413264036178589
91	pride	../Syntropy_Result_Finals/Models/Model_Journal_Tuned10	../Syntropy_Result_Finals/Models/Model_Journal_Tuned10	pride	0.5723278522491455	0.1725315898656845	0.5723278522491455	0.0616472065448761	0.08313725888729095	0.019266363233327866	0.02447637729346752	0.01761145144701004	0.013903612270951271	0.01031029224395752	0.012982742860913277	0.005578490439802408	0.006226823665201664
92	excitement	../Syntropy_Result_Finals/Models/Model_Journal_Tuned10	../Syntropy_Result_Finals/Models/Model_Journal_Tuned10	excitement	0.5776649117469788	0.5776649117469788	0.08494587987661362	0.18119117617607117	0.09959277510643005	0.025473661720752716	0.005940707866102457	0.008223719894886017	0.003194034332409501	0.004788822494447231	0.003107249503955245	0.0036424873396754265	0.0022345436736941338
93	joy	../Syntropy_Result_Finals/Models/Model_Journal_Tuned10	../Syntropy_Result_Finals/Models/Model_Journal_Tuned10	neutral	0.48655933141708374	0.11679171025753021	0.10313813388347626	0.04354606196284294	0.48655933141708374	0.05600425973534584	0.04460429027676582	0.02241423726081848	0.0359155535697937	0.022824766114354134	0.011332548223435879	0.015781322494149208	0.04108785092830658
94	nervousness	../Syntropy_Result_Finals/Models/Model_Journal_Tuned10	../Syntropy_Result_Finals/Models/Model_Journal_Tuned10	nervousness	0.41000473499298096	0.008147533982992172	0.024202534928917885	0.015949169173836708	0.13437500596046448	0.010884595103561878	0.41000473499298096	0.061414845287799835	0.10165867209434509	0.05775819346308708	0.03167164698243141	0.020669423043727875	0.12326370179653168
95	joy	../Syntropy_Result_Finals/Models/Model_Journal_Tuned10	../Syntropy_Result_Finals/Models/Model_Journal_Tuned10	neutral	0.6971607208251953	0.09368189424276352	0.03057698905467987	0.0525413379073143	0.6971607208251953	0.027001874521374702	0.015908971428871155	0.03648191690444946	0.010263110511004925	0.012898280285298824	0.007902951911091805	0.0063281189650297165	0.009253758937120438
96	pride	../Syntropy_Result_Finals/Models/Model_Journal_Tuned10	../Syntropy_Result_Finals/Models/Model_Journal_Tuned10	pride	0.34706658124923706	0.22989942133426666	0.34706658124923706	0.08488176017999649	0.19993308186531067	0.04122837260365486	0.0221067126840353	0.028936274349689484	0.013138734735548496	0.01076660305261612	0.007821546867489815	0.006764741148799658	0.007456115446984768
97	pride	../Syntropy_Result_Finals/Models/Model_Journal_Tuned10	../Syntropy_Result_Finals/Models/Model_Journal_Tuned10	pride	0.5542031526565552	0.11657129973173141	0.5542031526565552	0.08172814548015594	0.11143872886896133	0.025317871943116188	0.03449206054210663	0.020481808111071587	0.019847333431243896	0.012171019800007343	0.01055600680410862	0.006939849350601435	0.006252640392631292
98	neutral	../Syntropy_Result_Finals/Models/Model_Journal_Tuned10	../Syntropy_Result_Finals/Models/Model_Journal_Tuned10	neutral	0.4159088730812073	0.19507984817028046	0.1093403622508049	0.1460927128791809	0.4159088730812073	0.0211385078728199	0.03793487325310707	0.018894832581281662	0.01339825801551342	0.010189581662416458	0.006999357137829065	0.0069911787286400795	0.018031613901257515
99	joy	../Syntropy_Result_Finals/Models/Model_Journal_Tuned10	../Syntropy_Result_Finals/Models/Model_Journal_Tuned10	excitement	0.6872652173042297	0.6872652173042297	0.05930445343255997	0.14413389563560486	0.04152318462729454	0.03831295669078827	0.0044810157269239426	0.008709553629159927	0.0032363126520067453	0.004615249577909708	0.002981436438858509	0.0036681038327515125	0.0017686373321339488
100	pride	../Syntropy_Result_Finals/Models/Model_Journal_Tuned10	../Syntropy_Result_Finals/Models/Model_Journal_Tuned10	pride	0.5730183124542236	0.20240084826946259	0.5730183124542236	0.04820939898490906	0.06745058298110962	0.032932210713624954	0.021715611219406128	0.018196024000644684	0.01172331627458334	0.008501491509377956	0.005608667619526386	0.006209424696862698	0.004034013953059912
101	excitement	../Syntropy_Result_Finals/Models/Model_Journal_Tuned10	../Syntropy_Result_Finals/Models/Model_Journal_Tuned10	sadness	0.38550907373428345	0.011357298120856285	0.023987842723727226	0.01737203262746334	0.09740665555000305	0.008473040536046028	0.2649874687194824	0.05719032511115074	0.08204097300767899	0.008803928270936012	0.009478749707341194	0.033392615616321564	0.38550907373428345
102	surprise	../Syntropy_Result_Finals/Models/Model_Journal_Tuned10	../Syntropy_Result_Finals/Models/Model_Journal_Tuned10	neutral	0.3828965723514557	0.07939928770065308	0.24602288007736206	0.06674086302518845	0.3828965723514557	0.025080667808651924	0.04836585372686386	0.046467896550893784	0.03967719152569771	0.018750732764601707	0.01556643657386303	0.012286510318517685	0.018745189532637596
103	joy	../Syntropy_Result_Finals/Models/Model_Journal_Tuned10	../Syntropy_Result_Finals/Models/Model_Journal_Tuned10	excitement	0.5765253305435181	0.5765253305435181	0.03528282418847084	0.2584347128868103	0.09077766537666321	0.011196206323802471	0.006333652418106794	0.006784135941416025	0.002737274393439293	0.0028708463069051504	0.0024239462800323963	0.0034845739137381315	0.0031489150132983923
104	pride	../Syntropy_Result_Finals/Models/Model_Journal_Tuned10	../Syntropy_Result_Finals/Models/Model_Journal_Tuned10	pride	0.7833287715911865	0.0799170508980751	0.7833287715911865	0.02449166588485241	0.029012760147452354	0.022220101207494736	0.017656713724136353	0.013796643353998661	0.009159063920378685	0.00660326424986124	0.004055205732584	0.006193436216562986	0.0035653698723763227
105	pride	../Syntropy_Result_Finals/Models/Model_Journal_Tuned10	../Syntropy_Result_Finals/Models/Model_Journal_Tuned10	excitement	0.4893191158771515	0.4893191158771515	0.2757926285266876	0.07393362373113632	0.09481098502874374	0.02074054628610611	0.009966856800019741	0.013171090744435787	0.006488984916359186	0.003747684881091118	0.004675884731113911	0.004023839719593525	0.0033287806436419487
106	joy	../Syntropy_Result_Finals/Models/Model_Journal_Tuned10	../Syntropy_Result_Finals/Models/Model_Journal_Tuned10	neutral	0.5027165412902832	0.20338186621665955	0.0440298430621624	0.11797195672988892	0.5027165412902832	0.02934970147907734	0.021276086568832397	0.0359988808631897	0.006534893997013569	0.011743094772100449	0.006277059204876423	0.009192614816129208	0.011527455411851406
107	nervousness	../Syntropy_Result_Finals/Models/Model_Journal_Tuned10	../Syntropy_Result_Finals/Models/Model_Journal_Tuned10	nervousness	0.5873219966888428	0.06947269290685654	0.026615723967552185	0.031158270314335823	0.043684158474206924	0.021008258685469627	0.5873219966888428	0.031534455716609955	0.1521025449037552	0.01260331366211176	0.005652718711644411	0.011826694011688232	0.007019280456006527
108	joy	../Syntropy_Result_Finals/Models/Model_Journal_Tuned10	../Syntropy_Result_Finals/Models/Model_Journal_Tuned10	pride	0.46075427532196045	0.3506157100200653	0.46075427532196045	0.0767132118344307	0.03968483582139015	0.018804756924510002	0.014465779066085815	0.013490032404661179	0.008842069655656815	0.004587071947753429	0.004070922266691923	0.004158671014010906	0.003812535433098674
109	neutral	../Syntropy_Result_Finals/Models/Model_Journal_Tuned10	../Syntropy_Result_Finals/Models/Model_Journal_Tuned10	excitement	0.6319799423217773	0.6319799423217773	0.09731986373662949	0.10598825663328171	0.08465726673603058	0.028812194243073463	0.012946750037372112	0.016163725405931473	0.004744220525026321	0.005968146957457066	0.004472647327929735	0.0036057187244296074	0.003341406350955367
110	pride	../Syntropy_Result_Finals/Models/Model_Journal_Tuned10	../Syntropy_Result_Finals/Models/Model_Journal_Tuned10	excitement	0.42620033025741577	0.42620033025741577	0.20263603329658508	0.14587971568107605	0.14397664368152618	0.01820107363164425	0.018585626035928726	0.015166960656642914	0.008661766536533833	0.004925976041704416	0.007704019546508789	0.003875954542309046	0.004185847472399473
111	pride	../Syntropy_Result_Finals/Models/Model_Journal_Tuned10	../Syntropy_Result_Finals/Models/Model_Journal_Tuned10	neutral	0.504131019115448	0.16242291033267975	0.08252943307161331	0.10170519351959229	0.504131019115448	0.01949072815477848	0.03205464035272598	0.03070642799139023	0.016341131180524826	0.016247421503067017	0.01513355690985918	0.00781148299574852	0.011426098644733429
112	neutral	../Syntropy_Result_Finals/Models/Model_Journal_Tuned10	../Syntropy_Result_Finals/Models/Model_Journal_Tuned10	neutral	0.4152850806713104	0.04021028056740761	0.057070568203926086	0.16011478006839752	0.4152850806713104	0.011566239409148693	0.036165423691272736	0.02047688141465187	0.011574785225093365	0.008815786801278591	0.005177722312510014	0.016508955508470535	0.21703360974788666
113	excitement	../Syntropy_Result_Finals/Models/Model_Journal_Tuned10	../Syntropy_Result_Finals/Models/Model_Journal_Tuned10	excitement	0.3835987150669098	0.3835987150669098	0.1810450255870819	0.2676786184310913	0.11037629842758179	0.010928467847406864	0.010735863819718361	0.008924081921577454	0.00810595415532589	0.0029594958759844303	0.003929709549993277	0.0028719883412122726	0.008845797739923
114	joy	../Syntropy_Result_Finals/Models/Model_Journal_Tuned10	../Syntropy_Result_Finals/Models/Model_Journal_Tuned10	excitement	0.43103283643722534	0.43103283643722534	0.03993383049964905	0.34926968812942505	0.1350085586309433	0.012794793583452702	0.005711924750357866	0.006837112829089165	0.003974846564233303	0.004481643904000521	0.004024559166282415	0.0027969367802143097	0.004133359994739294
115	neutral	../Syntropy_Result_Finals/Models/Model_Journal_Tuned10	../Syntropy_Result_Finals/Models/Model_Journal_Tuned10	excitement	0.7156427502632141	0.7156427502632141	0.020414486527442932	0.1934996247291565	0.026661451905965805	0.015051128342747688	0.0053796167485415936	0.004308886360377073	0.003488437505438924	0.002771435072645545	0.003508718451485038	0.003300832351669669	0.005972664803266525
116	pride	../Syntropy_Result_Finals/Models/Model_Journal_Tuned10	../Syntropy_Result_Finals/Models/Model_Journal_Tuned10	excitement	0.542551577091217	0.542551577091217	0.08593791723251343	0.06248018518090248	0.08771570771932602	0.14449413120746613	0.021694740280508995	0.02881324663758278	0.0074644749984145164	0.005962600000202656	0.004363100975751877	0.004454984795302153	0.004067361820489168
117	neutral	../Syntropy_Result_Finals/Models/Model_Journal_Tuned10	../Syntropy_Result_Finals/Models/Model_Journal_Tuned10	joy	0.4687914252281189	0.34439992904663086	0.03452010825276375	0.4687914252281189	0.09621629863977432	0.013786167837679386	0.009590930305421352	0.01347748190164566	0.0030801754910498857	0.003787343855947256	0.0035356609150767326	0.004317886661738157	0.004496613051742315
118	pride	../Syntropy_Result_Finals/Models/Model_Journal_Tuned10	../Syntropy_Result_Finals/Models/Model_Journal_Tuned10	joy	0.2899087965488434	0.24292883276939392	0.24249929189682007	0.2899087965488434	0.15218472480773926	0.017124328762292862	0.014070280827581882	0.011956054717302322	0.0068769012577831745	0.0052543943747878075	0.0035208137705922127	0.005189225077629089	0.008486428298056126
119	anger	../Syntropy_Result_Finals/Models/Model_Journal_Tuned10	../Syntropy_Result_Finals/Models/Model_Journal_Tuned10	anger	0.7626917362213135	0.009187009185552597	0.02553984522819519	0.007537292782217264	0.05620548129081726	0.0054215737618505955	0.022631673142313957	0.012798705138266087	0.017188023775815964	0.05936082825064659	0.7626917362213135	0.006901466753333807	0.014536432921886444
120	excitement	../Syntropy_Result_Finals/Models/Model_Journal_Tuned10	../Syntropy_Result_Finals/Models/Model_Journal_Tuned10	excitement	0.8772424459457397	0.8772424459457397	0.020579908043146133	0.018727540969848633	0.022132892161607742	0.021103117614984512	0.010899361222982407	0.0075782607309520245	0.008269807323813438	0.004479714669287205	0.00428957911208272	0.002518268534913659	0.002179184230044484
121	excitement	../Syntropy_Result_Finals/Models/Model_Journal_Tuned10	../Syntropy_Result_Finals/Models/Model_Journal_Tuned10	excitement	0.5765494108200073	0.5765494108200073	0.06360489875078201	0.18004226684570312	0.12565696239471436	0.015281951986253262	0.009541410952806473	0.010113178752362728	0.00523058045655489	0.0041080559603869915	0.0037488951347768307	0.0029624314047396183	0.00315987691283226
122	neutral	../Syntropy_Result_Finals/Models/Model_Journal_Tuned10	../Syntropy_Result_Finals/Models/Model_Journal_Tuned10	neutral	0.490848183631897	0.17076338827610016	0.050261225551366806	0.19564878940582275	0.490848183631897	0.023178378120064735	0.019224457442760468	0.017055917531251907	0.005305720027536154	0.0059126876294612885	0.004073110409080982	0.006150919944047928	0.011577285826206207
123	excitement	../Syntropy_Result_Finals/Models/Model_Journal_Tuned10	../Syntropy_Result_Finals/Models/Model_Journal_Tuned10	excitement	0.6190104484558105	0.6190104484558105	0.037528444081544876	0.2702242434024811	0.036151815205812454	0.01166127435863018	0.005293294787406921	0.00711090350523591	0.003295384580269456	0.0026020638179033995	0.003035801462829113	0.0021650823764503	0.001921204966492951
124	joy	../Syntropy_Result_Finals/Models/Model_Journal_Tuned10	../Syntropy_Result_Finals/Models/Model_Journal_Tuned10	joy	0.47413888573646545	0.4330144226551056	0.026688773185014725	0.47413888573646545	0.04290880262851715	0.006360251922160387	0.0033804066479206085	0.003569626249372959	0.001829143613576889	0.0012488786596804857	0.0014416046906262636	0.0020008841529488564	0.0034182092640548944
125	pride	../Syntropy_Result_Finals/Models/Model_Journal_Tuned10	../Syntropy_Result_Finals/Models/Model_Journal_Tuned10	excitement	0.7869738936424255	0.7869738936424255	0.039202749729156494	0.03044932149350643	0.03574134781956673	0.08248473703861237	0.003294222056865692	0.007112195715308189	0.00320354918949306	0.0039061754941940308	0.0038005374372005463	0.0024908483028411865	0.0013403624761849642
126	pride	../Syntropy_Result_Finals/Models/Model_Journal_Tuned10	../Syntropy_Result_Finals/Models/Model_Journal_Tuned10	excitement	0.4264725148677826	0.4264725148677826	0.23923452198505402	0.2257539927959442	0.06078862398862839	0.01654069498181343	0.008037470281124115	0.005955229047685862	0.005166670773178339	0.0031966366805136204	0.002786109456792474	0.0025953450240194798	0.0034722634591162205
127	neutral	../Syntropy_Result_Finals/Models/Model_Journal_Tuned10	../Syntropy_Result_Finals/Models/Model_Journal_Tuned10	excitement	0.44799894094467163	0.44799894094467163	0.06390605866909027	0.3767188489437103	0.07418157905340195	0.012442589737474918	0.005695263855159283	0.006427683401852846	0.0030970931984484196	0.0021988924127072096	0.0017115847440436482	0.0018856237875297666	0.0037358610425144434
128	neutral	../Syntropy_Result_Finals/Models/Model_Journal_Tuned10	../Syntropy_Result_Finals/Models/Model_Journal_Tuned10	excitement	0.43317359685897827	0.43317359685897827	0.06406702846288681	0.10120115429162979	0.26895371079444885	0.03663768991827965	0.03157452866435051	0.025754962116479874	0.009356907568871975	0.006540552247315645	0.0035668646451085806	0.006065468303859234	0.013107516802847385
129	neutral	../Syntropy_Result_Finals/Models/Model_Journal_Tuned10	../Syntropy_Result_Finals/Models/Model_Journal_Tuned10	joy	0.4893263578414917	0.23818814754486084	0.09819018840789795	0.4893263578414917	0.11590570956468582	0.00839418824762106	0.011675974354147911	0.008085339330136776	0.007619822397828102	0.003425924340263009	0.003974032122641802	0.0031012517865747213	0.012113017961382866
130	excitement	../Syntropy_Result_Finals/Models/Model_Journal_Tuned10	../Syntropy_Result_Finals/Models/Model_Journal_Tuned10	pride	0.30150988698005676	0.2755947709083557	0.30150988698005676	0.04316629096865654	0.1757114827632904	0.05809742212295532	0.03354693949222565	0.03813660889863968	0.020112542435526848	0.021905964240431786	0.0185487512499094	0.007818067446351051	0.005851205438375473
131	disgust	../Syntropy_Result_Finals/Models/Model_Journal_Tuned10	../Syntropy_Result_Finals/Models/Model_Journal_Tuned10	nervousness	0.35329970717430115	0.023990433663129807	0.015523755922913551	0.01354612410068512	0.05143250152468681	0.020288562402129173	0.35329970717430115	0.05618870258331299	0.028897197917103767	0.025447888299822807	0.019855858758091927	0.15819881856441498	0.2333303689956665
132	joy	../Syntropy_Result_Finals/Models/Model_Journal_Tuned10	../Syntropy_Result_Finals/Models/Model_Journal_Tuned10	neutral	0.3452474772930145	0.1255119889974594	0.15855683386325836	0.06250487267971039	0.3452474772930145	0.05098402127623558	0.05642096698284149	0.08420959115028381	0.06438986212015152	0.012446226552128792	0.020480139181017876	0.00804190244525671	0.01120615191757679
133	nervousness	../Syntropy_Result_Finals/Models/Model_Journal_Tuned10	../Syntropy_Result_Finals/Models/Model_Journal_Tuned10	neutral	0.36787354946136475	0.07725842297077179	0.09497729688882828	0.038322821259498596	0.36787354946136475	0.061115410178899765	0.10586635768413544	0.06325752288103104	0.09419657289981842	0.033901408314704895	0.0127601008862257	0.016019687056541443	0.03445087745785713
134	joy	../Syntropy_Result_Finals/Models/Model_Journal_Tuned10	../Syntropy_Result_Finals/Models/Model_Journal_Tuned10	excitement	0.3592155873775482	0.3592155873775482	0.09952766448259354	0.11668727546930313	0.32824888825416565	0.01515183225274086	0.01696438528597355	0.019199179485440254	0.010189562104642391	0.00851430557668209	0.015202701091766357	0.0039125955663621426	0.0071860020980238914
135	joy	../Syntropy_Result_Finals/Models/Model_Journal_Tuned10	../Syntropy_Result_Finals/Models/Model_Journal_Tuned10	joy	0.3849894106388092	0.18947428464889526	0.26208776235580444	0.3849894106388092	0.09234098345041275	0.007782372180372477	0.012362024746835232	0.009135317988693714	0.00978466123342514	0.0032574068754911423	0.005238530691713095	0.0033048028126358986	0.02024242654442787
136	excitement	../Syntropy_Result_Finals/Models/Model_Journal_Tuned10	../Syntropy_Result_Finals/Models/Model_Journal_Tuned10	pride	0.8114986419677734	0.07030723989009857	0.8114986419677734	0.03163519501686096	0.02345111034810543	0.013819516636431217	0.013910429552197456	0.010618505999445915	0.007947142235934734	0.005129106808453798	0.003085071686655283	0.00525708356872201	0.003341041272506118
137	nervousness	../Syntropy_Result_Finals/Models/Model_Journal_Tuned10	../Syntropy_Result_Finals/Models/Model_Journal_Tuned10	neutral	0.24975641071796417	0.18419867753982544	0.10290227085351944	0.03985822945833206	0.24975641071796417	0.036352165043354034	0.1939757764339447	0.0594710074365139	0.07712705433368683	0.019520370289683342	0.01385286170989275	0.010789205320179462	0.012195982970297337
138	excitement	../Syntropy_Result_Finals/Models/Model_Journal_Tuned10	../Syntropy_Result_Finals/Models/Model_Journal_Tuned10	pride	0.5827430486679077	0.20220722258090973	0.5827430486679077	0.04893282800912857	0.05166764557361603	0.0361073799431324	0.022649668157100677	0.01982134021818638	0.009488875046372414	0.007535765413194895	0.005370709579437971	0.008341976441442966	0.005133510567247868
139	pride	../Syntropy_Result_Finals/Models/Model_Journal_Tuned10	../Syntropy_Result_Finals/Models/Model_Journal_Tuned10	excitement	0.3838118016719818	0.3838118016719818	0.18033809959888458	0.2816919684410095	0.09635096043348312	0.01465215440839529	0.01286067720502615	0.008268162608146667	0.0058192298747599125	0.003958472050726414	0.0032987287268042564	0.003592743771150708	0.005356970243155956
140	joy	../Syntropy_Result_Finals/Models/Model_Journal_Tuned10	../Syntropy_Result_Finals/Models/Model_Journal_Tuned10	joy	0.5748247504234314	0.2813812792301178	0.04475191608071327	0.5748247504234314	0.0703914538025856	0.007281314581632614	0.004958074074238539	0.005143130198121071	0.0022925017401576042	0.0015812296187505126	0.0016160041559487581	0.0023005239199846983	0.0034778479021042585
141	joy	../Syntropy_Result_Finals/Models/Model_Journal_Tuned10	../Syntropy_Result_Finals/Models/Model_Journal_Tuned10	neutral	0.28099262714385986	0.25400546193122864	0.22982606291770935	0.1526719033718109	0.28099262714385986	0.017590241506695747	0.01759730651974678	0.017234601080417633	0.008015342056751251	0.005464822985231876	0.0063845147378742695	0.0035651931539177895	0.006651875097304583
142	joy	../Syntropy_Result_Finals/Models/Model_Journal_Tuned10	../Syntropy_Result_Finals/Models/Model_Journal_Tuned10	excitement	0.39147835969924927	0.39147835969924927	0.08920266479253769	0.1030794307589531	0.3393947184085846	0.02777004987001419	0.008183819241821766	0.012436906807124615	0.0074729579500854015	0.008618897758424282	0.005326785612851381	0.003704992588609457	0.003330325474962592
143	excitement	../Syntropy_Result_Finals/Models/Model_Journal_Tuned10	../Syntropy_Result_Finals/Models/Model_Journal_Tuned10	pride	0.6887511014938354	0.11761980503797531	0.6887511014938354	0.03970997408032417	0.04822586104273796	0.03266620263457298	0.019130589440464973	0.01704069972038269	0.0104482751339674	0.009915140457451344	0.005076917354017496	0.007546473294496536	0.003869111416861415
144	joy	../Syntropy_Result_Finals/Models/Model_Journal_Tuned10	../Syntropy_Result_Finals/Models/Model_Journal_Tuned10	excitement	0.4062729477882385	0.4062729477882385	0.09808782488107681	0.13272127509117126	0.22900129854679108	0.038842685520648956	0.020461900159716606	0.028060460463166237	0.010257517918944359	0.011164000257849693	0.008674994111061096	0.009661190211772919	0.00679390924051404
145	nervousness	../Syntropy_Result_Finals/Models/Model_Journal_Tuned10	../Syntropy_Result_Finals/Models/Model_Journal_Tuned10	excitement	0.6767677068710327	0.6767677068710327	0.09360100328922272	0.03662913665175438	0.07744613289833069	0.043408241122961044	0.012766053900122643	0.02613525278866291	0.012468170374631882	0.00741552421823144	0.005402766168117523	0.004003896377980709	0.003956149332225323
146	joy	../Syntropy_Result_Finals/Models/Model_Journal_Tuned10	../Syntropy_Result_Finals/Models/Model_Journal_Tuned10	excitement	0.46115440130233765	0.46115440130233765	0.25970783829689026	0.06900177150964737	0.09278923273086548	0.04043462499976158	0.019783969968557358	0.024671461433172226	0.009293376468122005	0.00661047175526619	0.00567108578979969	0.005662206560373306	0.005219622980803251
147	pride	../Syntropy_Result_Finals/Models/Model_Journal_Tuned10	../Syntropy_Result_Finals/Models/Model_Journal_Tuned10	pride	0.31150296330451965	0.29684776067733765	0.31150296330451965	0.062325987964868546	0.17561131715774536	0.03925703465938568	0.033261314034461975	0.022642508149147034	0.01609060913324356	0.014698556624352932	0.013303287327289581	0.007199876010417938	0.00725879892706871
148	excitement	../Syntropy_Result_Finals/Models/Model_Journal_Tuned10	../Syntropy_Result_Finals/Models/Model_Journal_Tuned10	excitement	0.6371877789497375	0.6371877789497375	0.043156906962394714	0.21956443786621094	0.05915014073252678	0.012390210293233395	0.006275521125644445	0.008403459563851357	0.003188648959621787	0.002306153066456318	0.0027687745168805122	0.002833447651937604	0.0027744576800614595
149	excitement	../Syntropy_Result_Finals/Models/Model_Journal_Tuned10	../Syntropy_Result_Finals/Models/Model_Journal_Tuned10	excitement	0.4498225748538971	0.4498225748538971	0.34405773878097534	0.032709524035453796	0.03985517844557762	0.0525968074798584	0.02563478611409664	0.019480818882584572	0.015134364366531372	0.007075919304043055	0.005388916004449129	0.00482907285913825	0.00341422320343554
150	excitement	../Syntropy_Result_Finals/Models/Model_Journal_Tuned10	../Syntropy_Result_Finals/Models/Model_Journal_Tuned10	excitement	0.3646616041660309	0.3646616041660309	0.098704993724823	0.3127713203430176	0.17624430358409882	0.014611444436013699	0.005903101060539484	0.008722441270947456	0.003928605932742357	0.0027426325250416994	0.004338103346526623	0.0025616444181650877	0.004809803329408169
151	excitement	../Syntropy_Result_Finals/Models/Model_Journal_Tuned10	../Syntropy_Result_Finals/Models/Model_Journal_Tuned10	excitement	0.3239303529262543	0.3239303529262543	0.18988212943077087	0.07163795083761215	0.23987774550914764	0.04249594360589981	0.0428864024579525	0.033908262848854065	0.019855886697769165	0.012669316492974758	0.010387485846877098	0.006262126378715038	0.006206388119608164
152	neutral	../Syntropy_Result_Finals/Models/Model_Journal_Tuned10	../Syntropy_Result_Finals/Models/Model_Journal_Tuned10	excitement	0.3136080801486969	0.3136080801486969	0.20210795104503632	0.06186886876821518	0.28356435894966125	0.034255363047122955	0.027875516563653946	0.03512844443321228	0.010466435924172401	0.009045169688761234	0.007890616543591022	0.007056837901473045	0.007132392842322588
153	neutral	../Syntropy_Result_Finals/Models/Model_Journal_Tuned10	../Syntropy_Result_Finals/Models/Model_Journal_Tuned10	excitement	0.3607737421989441	0.3607737421989441	0.1556391566991806	0.19282853603363037	0.21079683303833008	0.02134334295988083	0.013804408721625805	0.01619565114378929	0.008783909492194653	0.0048651681281626225	0.005830483976751566	0.0034175768960267305	0.005721323192119598
154	pride	../Syntropy_Result_Finals/Models/Model_Journal_Tuned10	../Syntropy_Result_Finals/Models/Model_Journal_Tuned10	pride	0.8027633428573608	0.017406560480594635	0.8027633428573608	0.019932758063077927	0.02823735401034355	0.015684403479099274	0.030404306948184967	0.014591433107852936	0.026746205985546112	0.0181307103484869	0.009020403027534485	0.010390602052211761	0.006691846065223217
155	neutral	../Syntropy_Result_Finals/Models/Model_Journal_Tuned10	../Syntropy_Result_Finals/Models/Model_Journal_Tuned10	excitement	0.47132599353790283	0.47132599353790283	0.058589257299900055	0.3626311719417572	0.07671996206045151	0.009083373472094536	0.004665405955165625	0.005325731821358204	0.002238115994259715	0.0018454951932653785	0.0018793349154293537	0.0025819437578320503	0.0031141957733780146
156	neutral	../Syntropy_Result_Finals/Models/Model_Journal_Tuned10	../Syntropy_Result_Finals/Models/Model_Journal_Tuned10	pride	0.46091052889823914	0.03215692192316055	0.46091052889823914	0.038556888699531555	0.27828070521354675	0.020894143730401993	0.030686987563967705	0.037040822207927704	0.026753176003694534	0.018654916435480118	0.0297620240598917	0.009071115404367447	0.017231831327080727
157	nervousness	../Syntropy_Result_Finals/Models/Model_Journal_Tuned10	../Syntropy_Result_Finals/Models/Model_Journal_Tuned10	nervousness	0.5038650035858154	0.013240180909633636	0.016210515052080154	0.016405152156949043	0.056246887892484665	0.010276293382048607	0.5038650035858154	0.040983282029628754	0.15337714552879333	0.02530503086745739	0.007441609166562557	0.030801506713032722	0.12584733963012695
158	nervousness	../Syntropy_Result_Finals/Models/Model_Journal_Tuned10	../Syntropy_Result_Finals/Models/Model_Journal_Tuned10	nervousness	0.4351728558540344	0.0672367662191391	0.04986938461661339	0.029706371948122978	0.16556839644908905	0.037495315074920654	0.4351728558540344	0.06692828983068466	0.08025350421667099	0.017071809619665146	0.009917287155985832	0.015922890976071358	0.024857085198163986
159	neutral	../Syntropy_Result_Finals/Models/Model_Journal_Tuned10	../Syntropy_Result_Finals/Models/Model_Journal_Tuned10	neutral	0.32886090874671936	0.25656864047050476	0.14907151460647583	0.06098874285817146	0.32886090874671936	0.03152603656053543	0.04781746864318848	0.03567779064178467	0.026953041553497314	0.020940084010362625	0.02381800301373005	0.007012499496340752	0.010765325278043747
160	joy	../Syntropy_Result_Finals/Models/Model_Journal_Tuned10	../Syntropy_Result_Finals/Models/Model_Journal_Tuned10	excitement	0.8470509052276611	0.8470509052276611	0.03232517093420029	0.03319643437862396	0.023591438308358192	0.038702934980392456	0.0031781478319317102	0.007574344519525766	0.0028139124624431133	0.005036805756390095	0.003389133606106043	0.002221883973106742	0.0009188384865410626
161	joy	../Syntropy_Result_Finals/Models/Model_Journal_Tuned10	../Syntropy_Result_Finals/Models/Model_Journal_Tuned10	neutral	0.41283679008483887	0.12512341141700745	0.1930873543024063	0.16117863357067108	0.41283679008483887	0.024200547486543655	0.02004769630730152	0.01966993510723114	0.008337406441569328	0.00907379761338234	0.0062403930351138115	0.008095867931842804	0.012108207680284977
162	pride	../Syntropy_Result_Finals/Models/Model_Journal_Tuned10	../Syntropy_Result_Finals/Models/Model_Journal_Tuned10	pride	0.3820008933544159	0.36579182744026184	0.3820008933544159	0.06620898842811584	0.08782552182674408	0.03706714138388634	0.01245835144072771	0.020154545083642006	0.006893448531627655	0.006144329905509949	0.007362326141446829	0.004282832145690918	0.0038098273798823357
163	sadness	../Syntropy_Result_Finals/Models/Model_Journal_Tuned10	../Syntropy_Result_Finals/Models/Model_Journal_Tuned10	nervousness	0.5309496521949768	0.006186692044138908	0.012803349643945694	0.010540957562625408	0.040993768721818924	0.006034729536622763	0.5309496521949768	0.026213468983769417	0.10692907124757767	0.02339395508170128	0.013790605589747429	0.02798287570476532	0.1941809356212616
164	neutral	../Syntropy_Result_Finals/Models/Model_Journal_Tuned10	../Syntropy_Result_Finals/Models/Model_Journal_Tuned10	excitement	0.4902660846710205	0.4902660846710205	0.05545356124639511	0.3293081223964691	0.08223951607942581	0.011922784149646759	0.007571524009108543	0.007322912570089102	0.00391784543171525	0.0020947728771716356	0.002169166225939989	0.0025619203224778175	0.005171847064048052
165	excitement	../Syntropy_Result_Finals/Models/Model_Journal_Tuned10	../Syntropy_Result_Finals/Models/Model_Journal_Tuned10	neutral	0.401837021112442	0.13815425336360931	0.040893446654081345	0.11479075998067856	0.401837021112442	0.0595087930560112	0.043440625071525574	0.06226476654410362	0.02062348648905754	0.028878768905997276	0.018021099269390106	0.03255091980099678	0.03903600573539734
166	neutral	../Syntropy_Result_Finals/Models/Model_Journal_Tuned10	../Syntropy_Result_Finals/Models/Model_Journal_Tuned10	neutral	0.4540799856185913	0.13459819555282593	0.20922085642814636	0.11114774644374847	0.4540799856185913	0.020264580845832825	0.014977299608290195	0.017206648364663124	0.008274315856397152	0.01267270091921091	0.007797965779900551	0.0049285320565104485	0.004831175785511732
167	neutral	../Syntropy_Result_Finals/Models/Model_Journal_Tuned10	../Syntropy_Result_Finals/Models/Model_Journal_Tuned10	sadness	0.6113243103027344	0.026157967746257782	0.01626981981098652	0.04091866686940193	0.12027772516012192	0.006854851730167866	0.08700164407491684	0.037990979850292206	0.020490536466240883	0.005684457253664732	0.0030529790092259645	0.02397610992193222	0.6113243103027344
168	neutral	../Syntropy_Result_Finals/Models/Model_Journal_Tuned10	../Syntropy_Result_Finals/Models/Model_Journal_Tuned10	neutral	0.5474686622619629	0.07055593281984329	0.02349938452243805	0.25962644815444946	0.5474686622619629	0.01853095553815365	0.01566186547279358	0.019669432193040848	0.007818160578608513	0.00802608486264944	0.006101618520915508	0.00606302497908473	0.016978450119495392
169	pride	../Syntropy_Result_Finals/Models/Model_Journal_Tuned10	../Syntropy_Result_Finals/Models/Model_Journal_Tuned10	pride	0.3938993513584137	0.08990855515003204	0.3938993513584137	0.05938214436173439	0.26905331015586853	0.026414358988404274	0.03790952265262604	0.032665789127349854	0.03357002139091492	0.017651652917265892	0.011104505509138107	0.009678610600531101	0.01876222901046276
170	excitement	../Syntropy_Result_Finals/Models/Model_Journal_Tuned10	../Syntropy_Result_Finals/Models/Model_Journal_Tuned10	excitement	0.4370492100715637	0.4370492100715637	0.32478225231170654	0.08274185657501221	0.06521157920360565	0.028236493468284607	0.019735733047127724	0.016337096691131592	0.0076551553793251514	0.005362930241972208	0.004619937390089035	0.005089570302516222	0.0031782023143023252
171	joy	../Syntropy_Result_Finals/Models/Model_Journal_Tuned10	../Syntropy_Result_Finals/Models/Model_Journal_Tuned10	neutral	0.31110286712646484	0.2699204385280609	0.10896342992782593	0.20336592197418213	0.31110286712646484	0.025977112352848053	0.018249070271849632	0.018979959189891815	0.006327261682599783	0.00878224242478609	0.005072636995464563	0.010129177011549473	0.013129886239767075
172	neutral	../Syntropy_Result_Finals/Models/Model_Journal_Tuned10	../Syntropy_Result_Finals/Models/Model_Journal_Tuned10	joy	0.3750196695327759	0.1210695430636406	0.048003796488046646	0.3750196695327759	0.36726266145706177	0.015638893470168114	0.02118774689733982	0.01452711969614029	0.007561724632978439	0.006479270290583372	0.003764849156141281	0.007030857726931572	0.012453796342015266
173	pride	../Syntropy_Result_Finals/Models/Model_Journal_Tuned10	../Syntropy_Result_Finals/Models/Model_Journal_Tuned10	excitement	0.30207353830337524	0.30207353830337524	0.2563152015209198	0.10398339480161667	0.23666688799858093	0.03013966977596283	0.014874393120408058	0.01960020512342453	0.007145754061639309	0.009800102561712265	0.008063635788857937	0.005129551514983177	0.006207592319697142
174	joy	../Syntropy_Result_Finals/Models/Model_Journal_Tuned10	../Syntropy_Result_Finals/Models/Model_Journal_Tuned10	joy	0.4780057966709137	0.29789602756500244	0.048091452568769455	0.4780057966709137	0.1277875453233719	0.010465018451213837	0.006045014131814241	0.011275547556579113	0.0033644495997577906	0.002355646574869752	0.0022013976704329252	0.00364519446156919	0.008866887539625168
175	surprise	../Syntropy_Result_Finals/Models/Model_Journal_Tuned10	../Syntropy_Result_Finals/Models/Model_Journal_Tuned10	excitement	0.34675300121307373	0.34675300121307373	0.07584767788648605	0.1522708535194397	0.3327113091945648	0.03334331512451172	0.007438289001584053	0.02147059515118599	0.005104648880660534	0.009568036533892155	0.00659352308139205	0.0058893244713544846	0.003009322565048933
176	sadness	../Syntropy_Result_Finals/Models/Model_Journal_Tuned10	../Syntropy_Result_Finals/Models/Model_Journal_Tuned10	nervousness	0.512475311756134	0.026699088513851166	0.03576868399977684	0.016509979963302612	0.05319662019610405	0.027715599164366722	0.512475311756134	0.032878000289201736	0.20203299820423126	0.027228200808167458	0.021844590082764626	0.012653427198529243	0.030997497960925102
177	neutral	../Syntropy_Result_Finals/Models/Model_Journal_Tuned10	../Syntropy_Result_Finals/Models/Model_Journal_Tuned10	neutral	0.36060836911201477	0.2767965793609619	0.045360855758190155	0.1905214488506317	0.36060836911201477	0.0318942554295063	0.026790203526616096	0.02022709511220455	0.012146061286330223	0.0060057733207941055	0.0033517242409288883	0.008216875605285168	0.018080784007906914
178	sadness	../Syntropy_Result_Finals/Models/Model_Journal_Tuned10	../Syntropy_Result_Finals/Models/Model_Journal_Tuned10	sadness	0.7955049872398376	0.002170867519453168	0.004720519762486219	0.005466551054269075	0.03112097829580307	0.0023747242521494627	0.09214942902326584	0.009748815558850765	0.025837793946266174	0.012866111472249031	0.004350397270172834	0.01368885301053524	0.7955049872398376
179	pride	../Syntropy_Result_Finals/Models/Model_Journal_Tuned10	../Syntropy_Result_Finals/Models/Model_Journal_Tuned10	excitement	0.3409532904624939	0.3409532904624939	0.2290543168783188	0.08890418708324432	0.23894569277763367	0.024416077882051468	0.01927197352051735	0.021990900859236717	0.008305690251290798	0.008151509799063206	0.00927018467336893	0.004752695560455322	0.0059835342690348625
180	excitement	../Syntropy_Result_Finals/Models/Model_Journal_Tuned10	../Syntropy_Result_Finals/Models/Model_Journal_Tuned10	joy	0.3699794411659241	0.2454622983932495	0.03913635388016701	0.3699794411659241	0.2743297219276428	0.014257611706852913	0.014484981074929237	0.013402577489614487	0.005320211406797171	0.005358053371310234	0.005684722680598497	0.0046455711126327515	0.007938427850604057
181	joy	../Syntropy_Result_Finals/Models/Model_Journal_Tuned10	../Syntropy_Result_Finals/Models/Model_Journal_Tuned10	joy	0.5552793145179749	0.3108450174331665	0.03449155017733574	0.5552793145179749	0.06176457926630974	0.011422067880630493	0.005561442114412785	0.0068964529782533646	0.0023826847318559885	0.0026393441949039698	0.002191882813349366	0.002494734013453126	0.004030912648886442
182	neutral	../Syntropy_Result_Finals/Models/Model_Journal_Tuned10	../Syntropy_Result_Finals/Models/Model_Journal_Tuned10	neutral	0.6734886169433594	0.038749802857637405	0.058756403625011444	0.042240388691425323	0.6734886169433594	0.013098850846290588	0.024787576869130135	0.018987299874424934	0.03288162872195244	0.036304276436567307	0.04270043969154358	0.005959555506706238	0.012045219540596008
183	neutral	../Syntropy_Result_Finals/Models/Model_Journal_Tuned10	../Syntropy_Result_Finals/Models/Model_Journal_Tuned10	excitement	0.4126666784286499	0.4126666784286499	0.18162046372890472	0.0680379793047905	0.2358666956424713	0.027455760166049004	0.017261222004890442	0.02158336527645588	0.01143523957580328	0.00770443445071578	0.00649405550211668	0.00470002694055438	0.0051740966737270355
184	excitement	../Syntropy_Result_Finals/Models/Model_Journal_Tuned10	../Syntropy_Result_Finals/Models/Model_Journal_Tuned10	neutral	0.46180030703544617	0.2212108075618744	0.057796627283096313	0.16857615113258362	0.46180030703544617	0.025020917877554893	0.01154764648526907	0.015815235674381256	0.007105554919689894	0.011654426343739033	0.007555658929049969	0.005482906475663185	0.006433767266571522
185	joy	../Syntropy_Result_Finals/Models/Model_Journal_Tuned10	../Syntropy_Result_Finals/Models/Model_Journal_Tuned10	neutral	0.2938423752784729	0.2918323278427124	0.07874536514282227	0.2599189877510071	0.2938423752784729	0.013931558467447758	0.013504944741725922	0.01194798480719328	0.006535040680319071	0.005928319413214922	0.008921219035983086	0.0034793505910784006	0.011412437073886395
186	neutral	../Syntropy_Result_Finals/Models/Model_Journal_Tuned10	../Syntropy_Result_Finals/Models/Model_Journal_Tuned10	joy	0.31752920150756836	0.28490427136421204	0.09945081174373627	0.31752920150756836	0.22461144626140594	0.0169367752969265	0.016394132748246193	0.01162002794444561	0.007936581037938595	0.0041746231727302074	0.004500845447182655	0.004368255380541086	0.007573036942631006
187	pride	../Syntropy_Result_Finals/Models/Model_Journal_Tuned10	../Syntropy_Result_Finals/Models/Model_Journal_Tuned10	excitement	0.6580243110656738	0.6580243110656738	0.10719078034162521	0.02861209399998188	0.09059051424264908	0.04228784888982773	0.016052881255745888	0.023276731371879578	0.009689618833363056	0.007764972280710936	0.008174431510269642	0.004217866808176041	0.004117946606129408
188	pride	../Syntropy_Result_Finals/Models/Model_Journal_Tuned10	../Syntropy_Result_Finals/Models/Model_Journal_Tuned10	excitement	0.4665788412094116	0.4665788412094116	0.11660806834697723	0.26677262783050537	0.1020694151520729	0.012359248474240303	0.00714462623000145	0.010430469177663326	0.003958194982260466	0.002997514558956027	0.00390123319812119	0.0031171345617622137	0.004062624182552099
189	excitement	../Syntropy_Result_Finals/Models/Model_Journal_Tuned10	../Syntropy_Result_Finals/Models/Model_Journal_Tuned10	excitement	0.8483584523200989	0.8483584523200989	0.024081597104668617	0.02044251188635826	0.0478840246796608	0.020929457619786263	0.008924120105803013	0.00903583224862814	0.005907760933041573	0.0054528857581317425	0.0043849884532392025	0.002366818953305483	0.0022316141985356808
190	surprise	../Syntropy_Result_Finals/Models/Model_Journal_Tuned10	../Syntropy_Result_Finals/Models/Model_Journal_Tuned10	neutral	0.2537752389907837	0.01070444192737341	0.018386781215667725	0.01390780322253704	0.2537752389907837	0.025306057184934616	0.24548503756523132	0.13436616957187653	0.06470270454883575	0.05288466438651085	0.009526272304356098	0.06459194421768188	0.10636303573846817
191	excitement	../Syntropy_Result_Finals/Models/Model_Journal_Tuned10	../Syntropy_Result_Finals/Models/Model_Journal_Tuned10	neutral	0.38441091775894165	0.06743660569190979	0.1534148007631302	0.07102494686841965	0.38441091775894165	0.024319687858223915	0.08635929971933365	0.041279446333646774	0.040383853018283844	0.04045625403523445	0.05114738270640373	0.012897960841655731	0.02686898410320282
192	neutral	../Syntropy_Result_Finals/Models/Model_Journal_Tuned10	../Syntropy_Result_Finals/Models/Model_Journal_Tuned10	nervousness	0.3446844220161438	0.04236968606710434	0.05342936888337135	0.044588785618543625	0.20661447942256927	0.023967154324054718	0.3446844220161438	0.03969657048583031	0.16306839883327484	0.017917577177286148	0.017124328762292862	0.012024004943668842	0.03451523557305336
193	pride	../Syntropy_Result_Finals/Models/Model_Journal_Tuned10	../Syntropy_Result_Finals/Models/Model_Journal_Tuned10	pride	0.7964006066322327	0.053341466933488846	0.7964006066322327	0.026179295033216476	0.0294036902487278	0.019065968692302704	0.020733481273055077	0.015511250123381615	0.013129874132573605	0.009991048835217953	0.0054737236350774765	0.006758283358067274	0.004011249635368586
194	nervousness	../Syntropy_Result_Finals/Models/Model_Journal_Tuned10	../Syntropy_Result_Finals/Models/Model_Journal_Tuned10	confusion	0.8921993374824524	0.006985933054238558	0.00620691804215312	0.00276032998226583	0.026432396844029427	0.011139843612909317	0.029404010623693466	0.8921993374824524	0.007214859593659639	0.0015150068793445826	0.0021044411696493626	0.007997501641511917	0.00603951420634985
195	neutral	../Syntropy_Result_Finals/Models/Model_Journal_Tuned10	../Syntropy_Result_Finals/Models/Model_Journal_Tuned10	excitement	0.45182767510414124	0.45182767510414124	0.042448025196790695	0.38718289136886597	0.07679914683103561	0.011895219795405865	0.005626944825053215	0.009006856009364128	0.0029068829026073217	0.003028217004612088	0.003273819573223591	0.0024802405387163162	0.003524018684402108
196	joy	../Syntropy_Result_Finals/Models/Model_Journal_Tuned10	../Syntropy_Result_Finals/Models/Model_Journal_Tuned10	pride	0.35874733328819275	0.21183377504348755	0.35874733328819275	0.07217051833868027	0.216278538107872	0.03857598826289177	0.022314468398690224	0.025776034221053123	0.013794866390526295	0.01662367954850197	0.012312885373830795	0.006166005507111549	0.005405946169048548
197	neutral	../Syntropy_Result_Finals/Models/Model_Journal_Tuned10	../Syntropy_Result_Finals/Models/Model_Journal_Tuned10	neutral	0.49066856503486633	0.1251867711544037	0.15226706862449646	0.0634455531835556	0.49066856503486633	0.022740626707673073	0.038097769021987915	0.0282132625579834	0.022996237501502037	0.017594562843441963	0.022817179560661316	0.006055053323507309	0.009917382150888443
198	joy	../Syntropy_Result_Finals/Models/Model_Journal_Tuned10	../Syntropy_Result_Finals/Models/Model_Journal_Tuned10	joy	0.4307831823825836	0.4230034649372101	0.04701603949069977	0.4307831823825836	0.06879883259534836	0.009188590571284294	0.004959317855536938	0.004993428476154804	0.002326292684301734	0.0017134899972006679	0.0015521816676482558	0.0023572195786982775	0.0033078754786401987
199	joy	../Syntropy_Result_Finals/Models/Model_Journal_Tuned10	../Syntropy_Result_Finals/Models/Model_Journal_Tuned10	excitement	0.6102630496025085	0.6102630496025085	0.03860263153910637	0.2590423822402954	0.0637117400765419	0.008702388033270836	0.004125273320823908	0.005337423644959927	0.0023879564832895994	0.0019884007051587105	0.0020704015623778105	0.00170655339024961	0.002061840146780014
200	neutral	../Syntropy_Result_Finals/Models/Model_Journal_Tuned10	../Syntropy_Result_Finals/Models/Model_Journal_Tuned10	excitement	0.5491337180137634	0.5491337180137634	0.044830482453107834	0.26705825328826904	0.09198922663927078	0.016497639939188957	0.005286721047013998	0.00916692428290844	0.00259144464507699	0.0035993389319628477	0.002908520633354783	0.003839561715722084	0.003098214277997613
201	excitement	../Syntropy_Result_Finals/Models/Model_Journal_Tuned10	../Syntropy_Result_Finals/Models/Model_Journal_Tuned10	neutral	0.40273505449295044	0.16576538980007172	0.04870246723294258	0.29761749505996704	0.40273505449295044	0.01165950670838356	0.015080236829817295	0.013835505582392216	0.004297047387808561	0.007072083652019501	0.004698633216321468	0.00789452251046896	0.020642129704356194
202	joy	../Syntropy_Result_Finals/Models/Model_Journal_Tuned10	../Syntropy_Result_Finals/Models/Model_Journal_Tuned10	neutral	0.3790786862373352	0.20785510540008545	0.05671171098947525	0.29632967710494995	0.3790786862373352	0.00898128654807806	0.012115657329559326	0.00813835859298706	0.005119818728417158	0.004875567276030779	0.003984125796705484	0.004705729428678751	0.01210438646376133
203	neutral	../Syntropy_Result_Finals/Models/Model_Journal_Tuned10	../Syntropy_Result_Finals/Models/Model_Journal_Tuned10	pride	0.29825258255004883	0.18251080811023712	0.29825258255004883	0.13457179069519043	0.25336548686027527	0.02683473378419876	0.02356068417429924	0.019243277609348297	0.02542821504175663	0.010009383782744408	0.012761573307216167	0.005125825293362141	0.008335606195032597
204	neutral	../Syntropy_Result_Finals/Models/Model_Journal_Tuned10	../Syntropy_Result_Finals/Models/Model_Journal_Tuned10	neutral	0.4285583794116974	0.15081696212291718	0.04041186720132828	0.11112925410270691	0.4285583794116974	0.10525044053792953	0.03757543861865997	0.04012303799390793	0.009788095951080322	0.012839635834097862	0.0066674514673650265	0.023918524384498596	0.03292084112763405
205	excitement	../Syntropy_Result_Finals/Models/Model_Journal_Tuned10	../Syntropy_Result_Finals/Models/Model_Journal_Tuned10	neutral	0.7226024270057678	0.08593561500310898	0.06682854890823364	0.032131850719451904	0.7226024270057678	0.018178964033722878	0.01208130270242691	0.019634095951914787	0.011311855167150497	0.010929844342172146	0.009476268664002419	0.0037304991856217384	0.0071587334387004375
206	excitement	../Syntropy_Result_Finals/Models/Model_Journal_Tuned10	../Syntropy_Result_Finals/Models/Model_Journal_Tuned10	pride	0.46328204870224	0.10509191453456879	0.46328204870224	0.09632160514593124	0.16335807740688324	0.022456087172031403	0.04708756506443024	0.02232174202799797	0.03580815717577934	0.014242255128920078	0.01695067062973976	0.005385247524827719	0.007694657891988754
207	nervousness	../Syntropy_Result_Finals/Models/Model_Journal_Tuned10	../Syntropy_Result_Finals/Models/Model_Journal_Tuned10	nervousness	0.7206819653511047	0.025505870580673218	0.01577647775411606	0.01753327250480652	0.03286787495017052	0.011978167109191418	0.7206819653511047	0.03069557249546051	0.08796939253807068	0.01373077742755413	0.005812801420688629	0.022012708708643913	0.01543510053306818
208	anger	../Syntropy_Result_Finals/Models/Model_Journal_Tuned10	../Syntropy_Result_Finals/Models/Model_Journal_Tuned10	nervousness	0.3310312330722809	0.007331081200391054	0.008264918811619282	0.007666760589927435	0.04973045736551285	0.009059686213731766	0.3310312330722809	0.024100780487060547	0.3089616000652313	0.06620001792907715	0.0079592140391469	0.027301039546728134	0.1523931622505188
209	neutral	../Syntropy_Result_Finals/Models/Model_Journal_Tuned10	../Syntropy_Result_Finals/Models/Model_Journal_Tuned10	excitement	0.39221882820129395	0.39221882820129395	0.13737912476062775	0.10518805682659149	0.24669523537158966	0.03436829894781113	0.025221379473805428	0.021285219117999077	0.01017442811280489	0.007107099983841181	0.005103015806525946	0.005039059091359377	0.010220261290669441
210	neutral	../Syntropy_Result_Finals/Models/Model_Journal_Tuned10	../Syntropy_Result_Finals/Models/Model_Journal_Tuned10	neutral	0.6409949660301208	0.11367478221654892	0.05484192818403244	0.10676751285791397	0.6409949660301208	0.013953225687146187	0.021696200594305992	0.018529100343585014	0.00813121348619461	0.005603391211479902	0.004490251652896404	0.004067862406373024	0.007249677088111639
211	pride	../Syntropy_Result_Finals/Models/Model_Journal_Tuned10	../Syntropy_Result_Finals/Models/Model_Journal_Tuned10	excitement	0.777301549911499	0.777301549911499	0.059638384729623795	0.023093122988939285	0.05238410830497742	0.02587389387190342	0.018839875236153603	0.015687203034758568	0.010440067388117313	0.005316498223692179	0.004791330546140671	0.003240925492718816	0.0033930318895727396
212	joy	../Syntropy_Result_Finals/Models/Model_Journal_Tuned10	../Syntropy_Result_Finals/Models/Model_Journal_Tuned10	neutral	0.447947233915329	0.019533848389983177	0.10038942098617554	0.022182801738381386	0.447947233915329	0.017741108313202858	0.06883853673934937	0.053090836852788925	0.09327927231788635	0.06667382270097733	0.05304944887757301	0.01186368428170681	0.04540999233722687
213	neutral	../Syntropy_Result_Finals/Models/Model_Journal_Tuned10	../Syntropy_Result_Finals/Models/Model_Journal_Tuned10	neutral	0.32233405113220215	0.24627479910850525	0.06509463489055634	0.2721186578273773	0.32233405113220215	0.01864437758922577	0.019183050841093063	0.01552833802998066	0.00905152503401041	0.008316351100802422	0.007265495602041483	0.005426446441560984	0.010762188583612442
214	excitement	../Syntropy_Result_Finals/Models/Model_Journal_Tuned10	../Syntropy_Result_Finals/Models/Model_Journal_Tuned10	neutral	0.29034852981567383	0.2666131556034088	0.23020409047603607	0.06675197184085846	0.29034852981567383	0.04060769081115723	0.022960495203733444	0.020358338952064514	0.013985050842165947	0.015734609216451645	0.012238708324730396	0.008772381581366062	0.011424966156482697
215	excitement	../Syntropy_Result_Finals/Models/Model_Journal_Tuned10	../Syntropy_Result_Finals/Models/Model_Journal_Tuned10	pride	0.521027684211731	0.17322568595409393	0.521027684211731	0.050948366522789	0.08081294596195221	0.04702626168727875	0.034214429557323456	0.0262722410261631	0.016850482672452927	0.01678287610411644	0.009607266634702682	0.012894258834421635	0.010337496176362038
216	joy	../Syntropy_Result_Finals/Models/Model_Journal_Tuned10	../Syntropy_Result_Finals/Models/Model_Journal_Tuned10	excitement	0.3512386977672577	0.3512386977672577	0.06253983080387115	0.15995632112026215	0.32447588443756104	0.04339943453669548	0.011114252731204033	0.015678856521844864	0.007191349286586046	0.009782725013792515	0.004368338733911514	0.005954860243946314	0.004299432970583439
217	pride	../Syntropy_Result_Finals/Models/Model_Journal_Tuned10	../Syntropy_Result_Finals/Models/Model_Journal_Tuned10	pride	0.4251701235771179	0.11042270064353943	0.4251701235771179	0.0609261728823185	0.23591303825378418	0.025797249749302864	0.03998725861310959	0.03019706718623638	0.02337627485394478	0.01602770946919918	0.017888560891151428	0.007208446506410837	0.007085500750690699
218	joy	../Syntropy_Result_Finals/Models/Model_Journal_Tuned10	../Syntropy_Result_Finals/Models/Model_Journal_Tuned10	excitement	0.48676007986068726	0.48676007986068726	0.07892140001058578	0.23413366079330444	0.13362711668014526	0.015849940478801727	0.011894562281668186	0.008574184961616993	0.0039630974642932415	0.004070027265697718	0.0027073933742940426	0.005639292299747467	0.013859237544238567
219	excitement	../Syntropy_Result_Finals/Models/Model_Journal_Tuned10	../Syntropy_Result_Finals/Models/Model_Journal_Tuned10	pride	0.37017229199409485	0.26769372820854187	0.37017229199409485	0.05013275891542435	0.173252671957016	0.04866105690598488	0.020651670172810555	0.023782918229699135	0.013609450310468674	0.010230228304862976	0.009923631325364113	0.005473577883094549	0.006415986455976963
220	excitement	../Syntropy_Result_Finals/Models/Model_Journal_Tuned10	../Syntropy_Result_Finals/Models/Model_Journal_Tuned10	pride	0.5714970827102661	0.10325657576322556	0.5714970827102661	0.056105561554431915	0.11531344801187515	0.03654000163078308	0.02970043011009693	0.02543632499873638	0.01846371777355671	0.015741460025310516	0.009202645160257816	0.009915784001350403	0.008826963603496552
221	joy	../Syntropy_Result_Finals/Models/Model_Journal_Tuned10	../Syntropy_Result_Finals/Models/Model_Journal_Tuned10	excitement	0.4646811783313751	0.4646811783313751	0.056795086711645126	0.2890314757823944	0.12243697047233582	0.016241975128650665	0.009379381313920021	0.012565713375806808	0.004746275022625923	0.006243902258574963	0.005939418915659189	0.006155253853648901	0.005783353932201862
222	neutral	../Syntropy_Result_Finals/Models/Model_Journal_Tuned10	../Syntropy_Result_Finals/Models/Model_Journal_Tuned10	neutral	0.37146809697151184	0.11116372793912888	0.18961679935455322	0.06415306776762009	0.37146809697151184	0.03119191713631153	0.05404752865433693	0.05174417793750763	0.03712592273950577	0.027439413592219353	0.042145632207393646	0.010181732475757599	0.009722020477056503
223	excitement	../Syntropy_Result_Finals/Models/Model_Journal_Tuned10	../Syntropy_Result_Finals/Models/Model_Journal_Tuned10	neutral	0.30314868688583374	0.26516881585121155	0.15625157952308655	0.18442778289318085	0.30314868688583374	0.019433019682765007	0.012511223554611206	0.01729690656065941	0.00983839388936758	0.00659995898604393	0.006989968474954367	0.00794061180204153	0.010393138974905014
224	sadness	../Syntropy_Result_Finals/Models/Model_Journal_Tuned10	../Syntropy_Result_Finals/Models/Model_Journal_Tuned10	nervousness	0.23554709553718567	0.02719919942319393	0.06918042153120041	0.026601208373904228	0.13574905693531036	0.025216886773705482	0.23554709553718567	0.06131166219711304	0.08603665232658386	0.1806510090827942	0.09046252071857452	0.03403964266180992	0.02800476737320423
225	joy	../Syntropy_Result_Finals/Models/Model_Journal_Tuned10	../Syntropy_Result_Finals/Models/Model_Journal_Tuned10	joy	0.41469934582710266	0.23274101316928864	0.15611717104911804	0.41469934582710266	0.14645540714263916	0.010385445319116116	0.010056679137051105	0.00659457640722394	0.005613304674625397	0.002783950185403228	0.0034595937468111515	0.002758355112746358	0.008335073478519917
226	joy	../Syntropy_Result_Finals/Models/Model_Journal_Tuned10	../Syntropy_Result_Finals/Models/Model_Journal_Tuned10	pride	0.47356483340263367	0.1309722661972046	0.47356483340263367	0.1546359658241272	0.13310381770133972	0.01869024522602558	0.018623292446136475	0.01620223931968212	0.0214398056268692	0.00902814045548439	0.012054810300469398	0.004712674766778946	0.006971979513764381
227	neutral	../Syntropy_Result_Finals/Models/Model_Journal_Tuned10	../Syntropy_Result_Finals/Models/Model_Journal_Tuned10	neutral	0.3235863447189331	0.2866131067276001	0.0585709884762764	0.2472423017024994	0.3235863447189331	0.01955309323966503	0.012277022935450077	0.017511757090687752	0.007704849820584059	0.008857615292072296	0.005318065639585257	0.006047150120139122	0.006717691197991371
228	neutral	../Syntropy_Result_Finals/Models/Model_Journal_Tuned10	../Syntropy_Result_Finals/Models/Model_Journal_Tuned10	neutral	0.2930313050746918	0.2120276391506195	0.26680245995521545	0.07152531296014786	0.2930313050746918	0.03036452829837799	0.026080811396241188	0.033853624016046524	0.018737584352493286	0.014999392442405224	0.016182418912649155	0.007251903414726257	0.009142975322902203
229	excitement	../Syntropy_Result_Finals/Models/Model_Journal_Tuned10	../Syntropy_Result_Finals/Models/Model_Journal_Tuned10	excitement	0.4607270359992981	0.4607270359992981	0.07467492669820786	0.33382314443588257	0.08411698043346405	0.016594598069787025	0.006527674850076437	0.00980438943952322	0.003229621797800064	0.0025212853215634823	0.0023426394909620285	0.0026986829470843077	0.0029390763957053423
230	neutral	../Syntropy_Result_Finals/Models/Model_Journal_Tuned10	../Syntropy_Result_Finals/Models/Model_Journal_Tuned10	excitement	0.4424476623535156	0.4424476623535156	0.029464952647686005	0.40944138169288635	0.07184197008609772	0.013104266487061977	0.007986918091773987	0.007568697910755873	0.0037658405490219593	0.003979711327701807	0.002990132663398981	0.0032071794848889112	0.004201262723654509
231	pride	../Syntropy_Result_Finals/Models/Model_Journal_Tuned10	../Syntropy_Result_Finals/Models/Model_Journal_Tuned10	excitement	0.38893944025039673	0.38893944025039673	0.1248994842171669	0.10590627044439316	0.26216772198677063	0.05142880976200104	0.010897240601480007	0.019799670204520226	0.007766497787088156	0.005246142391115427	0.0044110664166510105	0.009383461438119411	0.009154251776635647
232	nervousness	../Syntropy_Result_Finals/Models/Model_Journal_Tuned10	../Syntropy_Result_Finals/Models/Model_Journal_Tuned10	nervousness	0.19366388022899628	0.02023264579474926	0.09759615361690521	0.01998026855289936	0.11285832524299622	0.019074270501732826	0.19366388022899628	0.07283811271190643	0.07770800590515137	0.14819742739200592	0.18555328249931335	0.021586131304502487	0.030711472034454346
233	sadness	../Syntropy_Result_Finals/Models/Model_Journal_Tuned10	../Syntropy_Result_Finals/Models/Model_Journal_Tuned10	nervousness	0.685291588306427	0.018280712887644768	0.015196055173873901	0.02048199437558651	0.02651028521358967	0.01221355888992548	0.685291588306427	0.04299798980355263	0.1186710000038147	0.01470369566231966	0.008715635165572166	0.013671429827809334	0.023266060277819633
234	joy	../Syntropy_Result_Finals/Models/Model_Journal_Tuned10	../Syntropy_Result_Finals/Models/Model_Journal_Tuned10	excitement	0.45046353340148926	0.45046353340148926	0.053194884210824966	0.2985781729221344	0.12857472896575928	0.023202085867524147	0.008603176102042198	0.013535309582948685	0.00466401781886816	0.006946914829313755	0.0042971353977918625	0.004726524464786053	0.0032135460060089827
235	confusion	../Syntropy_Result_Finals/Models/Model_Journal_Tuned10	../Syntropy_Result_Finals/Models/Model_Journal_Tuned10	neutral	0.4361081123352051	0.3472708761692047	0.03960461914539337	0.020371073856949806	0.4361081123352051	0.037920378148555756	0.017298249527812004	0.044526003301143646	0.012438959442079067	0.011056240648031235	0.019131137058138847	0.006654035300016403	0.007620330899953842
236	neutral	../Syntropy_Result_Finals/Models/Model_Journal_Tuned10	../Syntropy_Result_Finals/Models/Model_Journal_Tuned10	excitement	0.8780326247215271	0.8780326247215271	0.030608681961894035	0.02404961921274662	0.024157710373401642	0.017411815002560616	0.00604082178324461	0.007115987595170736	0.003596801310777664	0.002814918989315629	0.0032951757311820984	0.0015663126250728965	0.0013094422174617648
237	joy	../Syntropy_Result_Finals/Models/Model_Journal_Tuned10	../Syntropy_Result_Finals/Models/Model_Journal_Tuned10	pride	0.4333537220954895	0.25412383675575256	0.4333537220954895	0.1599402278661728	0.07688609510660172	0.014616565778851509	0.015914693474769592	0.012973329983651638	0.010972527787089348	0.00486725615337491	0.006561873015016317	0.0034991514403373003	0.006290803197771311
238	neutral	../Syntropy_Result_Finals/Models/Model_Journal_Tuned10	../Syntropy_Result_Finals/Models/Model_Journal_Tuned10	nervousness	0.5193878412246704	0.04180566594004631	0.009921373799443245	0.023134514689445496	0.01283745002001524	0.011442783288657665	0.5193878412246704	0.04766062647104263	0.1251962035894394	0.01630846969783306	0.009102923795580864	0.1649961620569229	0.018206022679805756
239	neutral	../Syntropy_Result_Finals/Models/Model_Journal_Tuned10	../Syntropy_Result_Finals/Models/Model_Journal_Tuned10	excitement	0.6721938252449036	0.6721938252449036	0.15071748197078705	0.03291170671582222	0.05697796866297722	0.02676827646791935	0.016157083213329315	0.014795279130339622	0.008337995037436485	0.0062829675152897835	0.007459073793143034	0.0031515255104750395	0.004246729891747236
240	nervousness	../Syntropy_Result_Finals/Models/Model_Journal_Tuned10	../Syntropy_Result_Finals/Models/Model_Journal_Tuned10	nervousness	0.7659128904342651	0.021611012518405914	0.016459530219435692	0.015235328115522861	0.017550094053149223	0.010588306002318859	0.7659128904342651	0.01574753411114216	0.10668802261352539	0.008698534220457077	0.0038730339147150517	0.008692431263625622	0.00894329883158207
241	pride	../Syntropy_Result_Finals/Models/Model_Journal_Tuned10	../Syntropy_Result_Finals/Models/Model_Journal_Tuned10	pride	0.7696330547332764	0.07670097798109055	0.7696330547332764	0.04711295664310455	0.04099072143435478	0.013383666053414345	0.013725553639233112	0.012609168887138367	0.00709899514913559	0.0047348616644740105	0.0032509269658476114	0.005503502208739519	0.005255741998553276
242	joy	../Syntropy_Result_Finals/Models/Model_Journal_Tuned10	../Syntropy_Result_Finals/Models/Model_Journal_Tuned10	pride	0.23798868060112	0.22829201817512512	0.23798868060112	0.04195205122232437	0.19719906151294708	0.04305582866072655	0.07554284483194351	0.0547860749065876	0.044211700558662415	0.02844120003283024	0.019676711410284042	0.011702567338943481	0.01715124025940895
243	joy	../Syntropy_Result_Finals/Models/Model_Journal_Tuned10	../Syntropy_Result_Finals/Models/Model_Journal_Tuned10	excitement	0.4061257541179657	0.4061257541179657	0.043677784502506256	0.35889533162117004	0.14450165629386902	0.01251811534166336	0.007188157644122839	0.008501831442117691	0.0034571269061416388	0.003764296416193247	0.0031869602389633656	0.004353620111942291	0.003829333698377013
244	nervousness	../Syntropy_Result_Finals/Models/Model_Journal_Tuned10	../Syntropy_Result_Finals/Models/Model_Journal_Tuned10	excitement	0.6137768626213074	0.6137768626213074	0.06323277950286865	0.040984101593494415	0.20384444296360016	0.01833086460828781	0.010963015258312225	0.012815994210541248	0.009341714903712273	0.007724483031779528	0.009355583228170872	0.004163786768913269	0.00546636339277029
245	joy	../Syntropy_Result_Finals/Models/Model_Journal_Tuned10	../Syntropy_Result_Finals/Models/Model_Journal_Tuned10	excitement	0.5038475394248962	0.5038475394248962	0.04509281367063522	0.27957814931869507	0.1266578882932663	0.01518359687179327	0.007267442997545004	0.007370763458311558	0.0029474436305463314	0.0023831904400140047	0.0020651433151215315	0.0024613901041448116	0.005144692491739988
246	neutral	../Syntropy_Result_Finals/Models/Model_Journal_Tuned10	../Syntropy_Result_Finals/Models/Model_Journal_Tuned10	excitement	0.764437198638916	0.764437198638916	0.09574724733829498	0.034903816878795624	0.03735380992293358	0.03660638630390167	0.005478805396705866	0.010911612771451473	0.0034460783936083317	0.0032011838629841805	0.003883184166625142	0.0022677117958664894	0.0017629152862355113
247	excitement	../Syntropy_Result_Finals/Models/Model_Journal_Tuned10	../Syntropy_Result_Finals/Models/Model_Journal_Tuned10	excitement	0.5699034929275513	0.5699034929275513	0.07226203382015228	0.17782896757125854	0.11852271854877472	0.020857425406575203	0.006587504409253597	0.012344088405370712	0.0045754327438771725	0.005243344232439995	0.004264955408871174	0.004979720339179039	0.0026302190963178873
248	excitement	../Syntropy_Result_Finals/Models/Model_Journal_Tuned10	../Syntropy_Result_Finals/Models/Model_Journal_Tuned10	neutral	0.45453357696533203	0.02725248597562313	0.2084621638059616	0.08696100115776062	0.45453357696533203	0.021451354026794434	0.06368208676576614	0.03026154264807701	0.031094001606106758	0.01926247403025627	0.02283979021012783	0.008219839073717594	0.025979628786444664
249	excitement	../Syntropy_Result_Finals/Models/Model_Journal_Tuned10	../Syntropy_Result_Finals/Models/Model_Journal_Tuned10	joy	0.3863319754600525	0.16732095181941986	0.20918279886245728	0.3863319754600525	0.16839709877967834	0.013255828060209751	0.014641244895756245	0.010690908879041672	0.006902855355292559	0.00458269938826561	0.004713153466582298	0.0040804548189044	0.009900004602968693
250	pride	../Syntropy_Result_Finals/Models/Model_Journal_Tuned10	../Syntropy_Result_Finals/Models/Model_Journal_Tuned10	neutral	0.3336292803287506	0.25643405318260193	0.1375700682401657	0.16134287416934967	0.3336292803287506	0.03775788098573685	0.012331951409578323	0.017261484637856483	0.009839139878749847	0.012394612655043602	0.010050863958895206	0.006303613074123859	0.005084183067083359
251	nervousness	../Syntropy_Result_Finals/Models/Model_Journal_Tuned10	../Syntropy_Result_Finals/Models/Model_Journal_Tuned10	nervousness	0.8004058003425598	0.008823567070066929	0.009667900390923023	0.011473237536847591	0.009996733628213406	0.0065987189300358295	0.8004058003425598	0.013009401969611645	0.11670873314142227	0.006867844145745039	0.001847654115408659	0.0075497920624911785	0.007050645537674427
252	excitement	../Syntropy_Result_Finals/Models/Model_Journal_Tuned10	../Syntropy_Result_Finals/Models/Model_Journal_Tuned10	neutral	0.33853352069854736	0.09225449711084366	0.27281197905540466	0.052769165486097336	0.33853352069854736	0.030562562867999077	0.06135945022106171	0.053653884679079056	0.035341959446668625	0.020258478820323944	0.01781897060573101	0.008461900055408478	0.016173655167222023
253	pride	../Syntropy_Result_Finals/Models/Model_Journal_Tuned10	../Syntropy_Result_Finals/Models/Model_Journal_Tuned10	pride	0.797374427318573	0.022707931697368622	0.797374427318573	0.02747195214033127	0.040510088205337524	0.016804970800876617	0.023631123825907707	0.013819359242916107	0.020354993641376495	0.013307207264006138	0.009036646224558353	0.007625023368746042	0.0073562380857765675
254	pride	../Syntropy_Result_Finals/Models/Model_Journal_Tuned10	../Syntropy_Result_Finals/Models/Model_Journal_Tuned10	joy	0.5443384051322937	0.32686132192611694	0.02925015613436699	0.5443384051322937	0.06725341826677322	0.006850659381598234	0.005311321932822466	0.004126416053622961	0.0025735117960721254	0.002149030799046159	0.002363254316151142	0.002474150387570262	0.006448470056056976
255	confusion	../Syntropy_Result_Finals/Models/Model_Journal_Tuned10	../Syntropy_Result_Finals/Models/Model_Journal_Tuned10	nervousness	0.39059486985206604	0.024840425699949265	0.015119886957108974	0.008202407509088516	0.0329788438975811	0.08667601644992828	0.39059486985206604	0.12103572487831116	0.18375959992408752	0.014858797192573547	0.006955752149224281	0.03850773721933365	0.07646994292736053
256	surprise	../Syntropy_Result_Finals/Models/Model_Journal_Tuned10	../Syntropy_Result_Finals/Models/Model_Journal_Tuned10	neutral	0.4307827949523926	0.08056061714887619	0.2376292645931244	0.049011990427970886	0.4307827949523926	0.02353622205555439	0.03954141214489937	0.0491328239440918	0.029760632663965225	0.023148898035287857	0.019454799592494965	0.00843354593962431	0.009007015265524387
257	confusion	../Syntropy_Result_Finals/Models/Model_Journal_Tuned10	../Syntropy_Result_Finals/Models/Model_Journal_Tuned10	nervousness	0.7420570254325867	0.007438902277499437	0.007155898027122021	0.009090349078178406	0.01038800086826086	0.010928389616310596	0.7420570254325867	0.028057536110281944	0.14936695992946625	0.011550527065992355	0.0023592065554112196	0.010420302860438824	0.011186947114765644
258	joy	../Syntropy_Result_Finals/Models/Model_Journal_Tuned10	../Syntropy_Result_Finals/Models/Model_Journal_Tuned10	pride	0.5812464952468872	0.08623585104942322	0.5812464952468872	0.07226797938346863	0.11032270640134811	0.022752193734049797	0.03013090416789055	0.022459128871560097	0.01817203126847744	0.023433001711964607	0.01787007600069046	0.007594760041683912	0.007514816243201494
259	pride	../Syntropy_Result_Finals/Models/Model_Journal_Tuned10	../Syntropy_Result_Finals/Models/Model_Journal_Tuned10	excitement	0.6774625182151794	0.6774625182151794	0.1307385414838791	0.06960459798574448	0.06828358769416809	0.02150890603661537	0.007165288086980581	0.007512576878070831	0.006171399727463722	0.0027749775908887386	0.0025797728449106216	0.0026895145419985056	0.0035082984250038862
260	neutral	../Syntropy_Result_Finals/Models/Model_Journal_Tuned10	../Syntropy_Result_Finals/Models/Model_Journal_Tuned10	neutral	0.44979050755500793	0.1915661096572876	0.07090982049703598	0.14968836307525635	0.44979050755500793	0.01812724396586418	0.043546658009290695	0.01926616206765175	0.013653364963829517	0.010771691799163818	0.008454849943518639	0.007412561681121588	0.01681278645992279
261	neutral	../Syntropy_Result_Finals/Models/Model_Journal_Tuned10	../Syntropy_Result_Finals/Models/Model_Journal_Tuned10	excitement	0.5570656657218933	0.5570656657218933	0.24383509159088135	0.06790078431367874	0.049584999680519104	0.04121262580156326	0.008995109237730503	0.010776495561003685	0.006235247477889061	0.0044711013324558735	0.0032484305556863546	0.0035693401005119085	0.0031051402911543846
262	joy	../Syntropy_Result_Finals/Models/Model_Journal_Tuned10	../Syntropy_Result_Finals/Models/Model_Journal_Tuned10	excitement	0.5186765193939209	0.5186765193939209	0.13668090105056763	0.12120043486356735	0.13855427503585815	0.03679320588707924	0.010212521068751812	0.013684820383787155	0.00549482274800539	0.007779834326356649	0.003923165611922741	0.004116236697882414	0.0028832838870584965
263	disgust	../Syntropy_Result_Finals/Models/Model_Journal_Tuned10	../Syntropy_Result_Finals/Models/Model_Journal_Tuned10	sadness	0.3408434987068176	0.007837462238967419	0.012185264378786087	0.010638509877026081	0.10169994831085205	0.00840712245553732	0.3174019157886505	0.04878810793161392	0.06060654670000076	0.03235015645623207	0.007848378270864487	0.05139318108558655	0.3408434987068176
264	neutral	../Syntropy_Result_Finals/Models/Model_Journal_Tuned10	../Syntropy_Result_Finals/Models/Model_Journal_Tuned10	excitement	0.6250786185264587	0.6250786185264587	0.15833589434623718	0.11914489418268204	0.05006901174783707	0.022813905030488968	0.005294422619044781	0.007029097527265549	0.0029060000088065863	0.002877211896702647	0.0021791113540530205	0.002455212641507387	0.0018167333910241723
265	neutral	../Syntropy_Result_Finals/Models/Model_Journal_Tuned10	../Syntropy_Result_Finals/Models/Model_Journal_Tuned10	pride	0.3567732572555542	0.07725446671247482	0.3567732572555542	0.07943969964981079	0.2823331952095032	0.022819846868515015	0.046611979603767395	0.03446078673005104	0.0345204696059227	0.024380717426538467	0.020310942083597183	0.007979488000273705	0.013115238398313522
266	joy	../Syntropy_Result_Finals/Models/Model_Journal_Tuned10	../Syntropy_Result_Finals/Models/Model_Journal_Tuned10	joy	0.4631258249282837	0.33255404233932495	0.03711339831352234	0.4631258249282837	0.10856983065605164	0.012452335096895695	0.00806424394249916	0.012545119039714336	0.0033047585748136044	0.0025604916736483574	0.002299188170582056	0.006044789217412472	0.011365917511284351
267	joy	../Syntropy_Result_Finals/Models/Model_Journal_Tuned10	../Syntropy_Result_Finals/Models/Model_Journal_Tuned10	pride	0.3937302231788635	0.23657867312431335	0.3937302231788635	0.09523892402648926	0.1648702770471573	0.03743390738964081	0.01748874969780445	0.01804892159998417	0.009611294604837894	0.007490931544452906	0.005940217990428209	0.005885452963411808	0.007682379335165024
268	joy	../Syntropy_Result_Finals/Models/Model_Journal_Tuned10	../Syntropy_Result_Finals/Models/Model_Journal_Tuned10	joy	0.39674893021583557	0.3133753538131714	0.05685170739889145	0.39674893021583557	0.16197101771831512	0.016999738290905952	0.012208213098347187	0.015055175870656967	0.004630525596439838	0.005513875279575586	0.003823203267529607	0.0068926759995520115	0.0059296307153999805
269	joy	../Syntropy_Result_Finals/Models/Model_Journal_Tuned10	../Syntropy_Result_Finals/Models/Model_Journal_Tuned10	joy	0.5138292908668518	0.27613767981529236	0.027403919026255608	0.5138292908668518	0.1411719173192978	0.008621010929346085	0.00760335847735405	0.006627063732594252	0.00314712873660028	0.003101180773228407	0.003070920007303357	0.0033924949821084738	0.0058940076269209385
270	neutral	../Syntropy_Result_Finals/Models/Model_Journal_Tuned10	../Syntropy_Result_Finals/Models/Model_Journal_Tuned10	nervousness	0.2932586967945099	0.016371190547943115	0.042052071541547775	0.016312777996063232	0.23836420476436615	0.021227693185210228	0.2932586967945099	0.08725203573703766	0.05591500550508499	0.08914906531572342	0.02717808075249195	0.03823870047926903	0.07468044012784958
271	neutral	../Syntropy_Result_Finals/Models/Model_Journal_Tuned10	../Syntropy_Result_Finals/Models/Model_Journal_Tuned10	neutral	0.4906172752380371	0.10870200395584106	0.12444719672203064	0.1035662516951561	0.4906172752380371	0.02738172747194767	0.04166467860341072	0.02793278358876705	0.038783151656389236	0.009408973157405853	0.010449749417603016	0.007297620177268982	0.009748545475304127
272	excitement	../Syntropy_Result_Finals/Models/Model_Journal_Tuned10	../Syntropy_Result_Finals/Models/Model_Journal_Tuned10	excitement	0.4476301074028015	0.4476301074028015	0.2731712758541107	0.055040400475263596	0.09419852495193481	0.055788684636354446	0.014882147312164307	0.023753955960273743	0.009175780229270458	0.0067765540443360806	0.007175161968916655	0.006805218290537596	0.005602178163826466
273	nervousness	../Syntropy_Result_Finals/Models/Model_Journal_Tuned10	../Syntropy_Result_Finals/Models/Model_Journal_Tuned10	sadness	0.37767013907432556	0.060411497950553894	0.05078615993261337	0.05515303090214729	0.1507776826620102	0.023468507453799248	0.16705845296382904	0.034688800573349	0.033755529671907425	0.01657847873866558	0.005638835486024618	0.024012887850403786	0.37767013907432556
274	joy	../Syntropy_Result_Finals/Models/Model_Journal_Tuned10	../Syntropy_Result_Finals/Models/Model_Journal_Tuned10	pride	0.7738500833511353	0.0369817391037941	0.7738500833511353	0.024236353114247322	0.03457619249820709	0.020517835393548012	0.03285150229930878	0.017819184809923172	0.02272382564842701	0.012808834202587605	0.007954796776175499	0.010153244249522686	0.005526317283511162
275	surprise	../Syntropy_Result_Finals/Models/Model_Journal_Tuned10	../Syntropy_Result_Finals/Models/Model_Journal_Tuned10	nervousness	0.5600167512893677	0.037030547857284546	0.018473489210009575	0.032888561487197876	0.10202696174383163	0.015230533666908741	0.5600167512893677	0.03768414631485939	0.11439395695924759	0.01631491631269455	0.006275463849306107	0.020075032487511635	0.03958972170948982
276	excitement	../Syntropy_Result_Finals/Models/Model_Journal_Tuned10	../Syntropy_Result_Finals/Models/Model_Journal_Tuned10	joy	0.5733293294906616	0.22612304985523224	0.060677189379930496	0.5733293294906616	0.09476275742053986	0.009179608896374702	0.009126005694270134	0.006344062741845846	0.0037526453379541636	0.003153944620862603	0.0026507622096687555	0.0040963017381727695	0.00680439081043005
277	joy	../Syntropy_Result_Finals/Models/Model_Journal_Tuned10	../Syntropy_Result_Finals/Models/Model_Journal_Tuned10	neutral	0.5473960041999817	0.15240219235420227	0.08132210373878479	0.07130897790193558	0.5473960041999817	0.03017592430114746	0.03643384948372841	0.028464147821068764	0.011593842878937721	0.011711705476045609	0.005543263629078865	0.010543370619416237	0.013104641810059547
278	pride	../Syntropy_Result_Finals/Models/Model_Journal_Tuned10	../Syntropy_Result_Finals/Models/Model_Journal_Tuned10	excitement	0.6293305158615112	0.6293305158615112	0.034079451113939285	0.24712994694709778	0.05629847198724747	0.012867963872849941	0.003636966459453106	0.0049879290163517	0.0016511308494955301	0.002128093270584941	0.0021038942504674196	0.002655268181115389	0.003130340715870261
279	embarrassment	../Syntropy_Result_Finals/Models/Model_Journal_Tuned10	../Syntropy_Result_Finals/Models/Model_Journal_Tuned10	confusion	0.3821989595890045	0.019180050119757652	0.008199051953852177	0.011454974301159382	0.09874720126390457	0.042716994881629944	0.17295628786087036	0.3821989595890045	0.021706510335206985	0.029087452217936516	0.007268957328051329	0.14320193231105804	0.06328155100345612
280	embarrassment	../Syntropy_Result_Finals/Models/Model_Journal_Tuned10	../Syntropy_Result_Finals/Models/Model_Journal_Tuned10	nervousness	0.6114732027053833	0.0076370094902813435	0.01216600090265274	0.010682163760066032	0.04564672335982323	0.008227752521634102	0.6114732027053833	0.037330262362957	0.08122424781322479	0.01805729791522026	0.005978551227599382	0.02807389758527279	0.13350287079811096
281	joy	../Syntropy_Result_Finals/Models/Model_Journal_Tuned10	../Syntropy_Result_Finals/Models/Model_Journal_Tuned10	pride	0.27017438411712646	0.21782125532627106	0.27017438411712646	0.07268907874822617	0.2613059878349304	0.030722985044121742	0.04463987797498703	0.03565182164311409	0.019880522042512894	0.016535617411136627	0.011704816482961178	0.008571989834308624	0.010301579721271992
282	excitement	../Syntropy_Result_Finals/Models/Model_Journal_Tuned10	../Syntropy_Result_Finals/Models/Model_Journal_Tuned10	fear	0.5968724489212036	0.009120798669755459	0.017474237829446793	0.01892871968448162	0.0430731475353241	0.010870948433876038	0.25111111998558044	0.009336263872683048	0.5968724489212036	0.017290201038122177	0.006001722067594528	0.005856729578226805	0.014063653536140919
283	excitement	../Syntropy_Result_Finals/Models/Model_Journal_Tuned10	../Syntropy_Result_Finals/Models/Model_Journal_Tuned10	excitement	0.6357792019844055	0.6357792019844055	0.025000672787427902	0.12813800573349	0.029220344498753548	0.14799517393112183	0.0051963492296636105	0.011730787344276905	0.0028758321423083544	0.003834596136584878	0.002486283192411065	0.0050885239616036415	0.0026542076375335455
284	pride	../Syntropy_Result_Finals/Models/Model_Journal_Tuned10	../Syntropy_Result_Finals/Models/Model_Journal_Tuned10	pride	0.32446298003196716	0.10594480484724045	0.32446298003196716	0.06686701625585556	0.2862265110015869	0.026213601231575012	0.04711867496371269	0.038375988602638245	0.03687670826911926	0.023059172555804253	0.0229903943836689	0.008107074536383152	0.013757082633674145
285	surprise	../Syntropy_Result_Finals/Models/Model_Journal_Tuned10	../Syntropy_Result_Finals/Models/Model_Journal_Tuned10	surprise	0.895557701587677	0.06666561961174011	0.0023306761868298054	0.005528560373932123	0.01094332430511713	0.895557701587677	0.0019802888855338097	0.006615974474698305	0.0017031584866344929	0.0026986198499798775	0.0021156768780201674	0.0023964273277670145	0.0014640811132267118
286	joy	../Syntropy_Result_Finals/Models/Model_Journal_Tuned10	../Syntropy_Result_Finals/Models/Model_Journal_Tuned10	excitement	0.7178246974945068	0.7178246974945068	0.01875349134206772	0.2225217968225479	0.02183532528579235	0.008117781952023506	0.0016718347324058414	0.0033402112312614918	0.001282782992348075	0.0009518090519122779	0.001293272478505969	0.0012664960231631994	0.001140555483289063
287	joy	../Syntropy_Result_Finals/Models/Model_Journal_Tuned10	../Syntropy_Result_Finals/Models/Model_Journal_Tuned10	pride	0.35248106718063354	0.24482247233390808	0.35248106718063354	0.17910459637641907	0.13775424659252167	0.019642231985926628	0.01672089844942093	0.012829513289034367	0.008273518644273281	0.004034777637571096	0.004286677576601505	0.005850845482200384	0.014199222438037395
288	anger	../Syntropy_Result_Finals/Models/Model_Journal_Tuned10	../Syntropy_Result_Finals/Models/Model_Journal_Tuned10	neutral	0.5506319999694824	0.10187423974275589	0.07691404223442078	0.04680375009775162	0.5506319999694824	0.02679496817290783	0.05582524836063385	0.07146776467561722	0.024749528616666794	0.01598985493183136	0.009832197800278664	0.008114082738757133	0.011002328246831894
289	sadness	../Syntropy_Result_Finals/Models/Model_Journal_Tuned10	../Syntropy_Result_Finals/Models/Model_Journal_Tuned10	embarrassment	0.7327560186386108	0.002559382002800703	0.004907957743853331	0.0031153319869190454	0.00965096428990364	0.002036684425547719	0.05521354824304581	0.010610994882881641	0.027111748233437538	0.11157072335481644	0.01560651883482933	0.7327560186386108	0.024860166013240814
290	pride	../Syntropy_Result_Finals/Models/Model_Journal_Tuned10	../Syntropy_Result_Finals/Models/Model_Journal_Tuned10	neutral	0.3302116394042969	0.28612709045410156	0.14820845425128937	0.11572318524122238	0.3302116394042969	0.018706990405917168	0.03369295597076416	0.01783999614417553	0.013814430683851242	0.00885044690221548	0.005427626892924309	0.007826284505426884	0.013570873066782951
291	neutral	../Syntropy_Result_Finals/Models/Model_Journal_Tuned10	../Syntropy_Result_Finals/Models/Model_Journal_Tuned10	excitement	0.4785219132900238	0.4785219132900238	0.047123268246650696	0.30195069313049316	0.12871038913726807	0.009992444887757301	0.007236449047923088	0.009953995235264301	0.004209000617265701	0.0034701810218393803	0.00318774301558733	0.0029770482797175646	0.0026668368373066187
292	pride	../Syntropy_Result_Finals/Models/Model_Journal_Tuned10	../Syntropy_Result_Finals/Models/Model_Journal_Tuned10	pride	0.7906917929649353	0.04050872102379799	0.7906917929649353	0.020919105038046837	0.03241078183054924	0.019379502162337303	0.027871593832969666	0.016517972573637962	0.01802910305559635	0.011148090474307537	0.008438332937657833	0.00845334678888321	0.005631725769490004
293	embarrassment	../Syntropy_Result_Finals/Models/Model_Journal_Tuned10	../Syntropy_Result_Finals/Models/Model_Journal_Tuned10	nervousness	0.6951067447662354	0.006665486376732588	0.006694354582577944	0.009310088120400906	0.01147453486919403	0.009787834249436855	0.6951067447662354	0.08287958800792694	0.09822911024093628	0.009916549548506737	0.0034439607989042997	0.024784674867987633	0.0417071171104908
294	joy	../Syntropy_Result_Finals/Models/Model_Journal_Tuned10	../Syntropy_Result_Finals/Models/Model_Journal_Tuned10	excitement	0.6405569314956665	0.6405569314956665	0.105714812874794	0.17705482244491577	0.030676888301968575	0.01699892058968544	0.0076724146492779255	0.006000122521072626	0.005366946570575237	0.0020079214591532946	0.002668298315256834	0.002272084355354309	0.0030099153518676758
295	neutral	../Syntropy_Result_Finals/Models/Model_Journal_Tuned10	../Syntropy_Result_Finals/Models/Model_Journal_Tuned10	neutral	0.36997100710868835	0.05324111506342888	0.2291557490825653	0.10963436216115952	0.36997100710868835	0.021545464172959328	0.055896010249853134	0.05441569164395332	0.05192573368549347	0.009632358327507973	0.02115732803940773	0.005675825290381908	0.017749382182955742
296	pride	../Syntropy_Result_Finals/Models/Model_Journal_Tuned10	../Syntropy_Result_Finals/Models/Model_Journal_Tuned10	pride	0.745097279548645	0.09569068253040314	0.745097279548645	0.03307956084609032	0.029528852552175522	0.02350451610982418	0.021422510966658592	0.01618310622870922	0.011973392218351364	0.008005941286683083	0.00530075840651989	0.006488477811217308	0.003724972950294614
297	pride	../Syntropy_Result_Finals/Models/Model_Journal_Tuned10	../Syntropy_Result_Finals/Models/Model_Journal_Tuned10	pride	0.4104904234409332	0.022146517410874367	0.4104904234409332	0.06624018400907516	0.2596294581890106	0.01605875976383686	0.0448111966252327	0.027551569044589996	0.03420663997530937	0.024424834176898003	0.01215704157948494	0.018769370391964912	0.06351392716169357
298	excitement	../Syntropy_Result_Finals/Models/Model_Journal_Tuned10	../Syntropy_Result_Finals/Models/Model_Journal_Tuned10	pride	0.3492523729801178	0.2501949965953827	0.3492523729801178	0.040909819304943085	0.18014386296272278	0.060366176068782806	0.03190014138817787	0.032061733305454254	0.014536931179463863	0.012869897298514843	0.009567945264279842	0.009759843349456787	0.008436237461864948
299	pride	../Syntropy_Result_Finals/Models/Model_Journal_Tuned10	../Syntropy_Result_Finals/Models/Model_Journal_Tuned10	pride	0.8325714468955994	0.028613179922103882	0.8325714468955994	0.02167653664946556	0.025837088003754616	0.01492845918983221	0.01979173719882965	0.01461522001773119	0.01364451926201582	0.010044251568615437	0.00557723781093955	0.0080818897113204	0.0046184854581952095
300	excitement	../Syntropy_Result_Finals/Models/Model_Journal_Tuned10	../Syntropy_Result_Finals/Models/Model_Journal_Tuned10	excitement	0.43142011761665344	0.43142011761665344	0.30526742339134216	0.06510719656944275	0.06679674237966537	0.04753876477479935	0.018144765868782997	0.02180797979235649	0.016742104664444923	0.008998403325676918	0.00557644572108984	0.006549743469804525	0.006050325930118561
301	pride	../Syntropy_Result_Finals/Models/Model_Journal_Tuned10	../Syntropy_Result_Finals/Models/Model_Journal_Tuned10	joy	0.31789636611938477	0.1818474531173706	0.0699307918548584	0.31789636611938477	0.20801877975463867	0.011736169457435608	0.028818076476454735	0.014414714649319649	0.011556156910955906	0.004716795869171619	0.004799878224730492	0.006674601696431637	0.13959018886089325
302	pride	../Syntropy_Result_Finals/Models/Model_Journal_Tuned10	../Syntropy_Result_Finals/Models/Model_Journal_Tuned10	pride	0.7619253993034363	0.09911657124757767	0.7619253993034363	0.03256690502166748	0.033690765500068665	0.01952536031603813	0.012789614498615265	0.01096124853938818	0.009080502204596996	0.005521389190107584	0.0038792272098362446	0.005758681334555149	0.005184357985854149
303	joy	../Syntropy_Result_Finals/Models/Model_Journal_Tuned10	../Syntropy_Result_Finals/Models/Model_Journal_Tuned10	neutral	0.3359955847263336	0.18728701770305634	0.11444420367479324	0.25323522090911865	0.3359955847263336	0.016987333074212074	0.023576823994517326	0.016868717968463898	0.009337065741419792	0.008011909201741219	0.006553626619279385	0.005789023824036121	0.021913444623351097
304	joy	../Syntropy_Result_Finals/Models/Model_Journal_Tuned10	../Syntropy_Result_Finals/Models/Model_Journal_Tuned10	joy	0.3292112648487091	0.255737841129303	0.04074883460998535	0.3292112648487091	0.30408158898353577	0.01733352430164814	0.009403129108250141	0.010085766203701496	0.0039707510732114315	0.006912997458130121	0.004288204479962587	0.007994187995791435	0.010232008062303066
305	pride	../Syntropy_Result_Finals/Models/Model_Journal_Tuned10	../Syntropy_Result_Finals/Models/Model_Journal_Tuned10	pride	0.5435104966163635	0.05277009680867195	0.5435104966163635	0.13429611921310425	0.17813239991664886	0.009281347505748272	0.015812009572982788	0.011126380413770676	0.01363416574895382	0.008767995052039623	0.00862945057451725	0.005079016555100679	0.018960600718855858
306	neutral	../Syntropy_Result_Finals/Models/Model_Journal_Tuned10	../Syntropy_Result_Finals/Models/Model_Journal_Tuned10	pride	0.5048923492431641	0.039280325174331665	0.5048923492431641	0.058368682861328125	0.1919732540845871	0.017962144687771797	0.03959660232067108	0.023653728887438774	0.03630950301885605	0.02664341777563095	0.033094990998506546	0.007978411391377449	0.020246591418981552
307	joy	../Syntropy_Result_Finals/Models/Model_Journal_Tuned10	../Syntropy_Result_Finals/Models/Model_Journal_Tuned10	excitement	0.8885754942893982	0.8885754942893982	0.015589643269777298	0.02343263477087021	0.015920491889119148	0.017901556566357613	0.00896486546844244	0.00887475535273552	0.011388746090233326	0.0029558278620243073	0.0023493142798542976	0.0022853766568005085	0.0017612986266613007
308	joy	../Syntropy_Result_Finals/Models/Model_Journal_Tuned10	../Syntropy_Result_Finals/Models/Model_Journal_Tuned10	excitement	0.649617612361908	0.649617612361908	0.0340956412255764	0.08087868988513947	0.04021400213241577	0.15462064743041992	0.006212463602423668	0.011465898714959621	0.004030514508485794	0.008917893283069134	0.004363806452602148	0.0036587300710380077	0.001924036885611713
309	sadness	../Syntropy_Result_Finals/Models/Model_Journal_Tuned10	../Syntropy_Result_Finals/Models/Model_Journal_Tuned10	nervousness	0.7200055122375488	0.007769231218844652	0.013866819441318512	0.01687539368867874	0.019053766503930092	0.005849788431078196	0.7200055122375488	0.01312275044620037	0.15915991365909576	0.007103251293301582	0.0030768595170229673	0.00727036502212286	0.02684641256928444
310	fear	../Syntropy_Result_Finals/Models/Model_Journal_Tuned10	../Syntropy_Result_Finals/Models/Model_Journal_Tuned10	nervousness	0.49627920985221863	0.017145106568932533	0.01233606319874525	0.016340501606464386	0.06103462353348732	0.022466043010354042	0.49627920985221863	0.06215634196996689	0.10128402709960938	0.08725074678659439	0.008693520911037922	0.06691407412290573	0.04809972271323204
311	pride	../Syntropy_Result_Finals/Models/Model_Journal_Tuned10	../Syntropy_Result_Finals/Models/Model_Journal_Tuned10	excitement	0.7347173094749451	0.7347173094749451	0.11855725944042206	0.030846597626805305	0.030729256570339203	0.037350550293922424	0.012515829876065254	0.011818266473710537	0.008008468896150589	0.005198887083679438	0.005120512098073959	0.003018495626747608	0.0021186145022511482
312	joy	../Syntropy_Result_Finals/Models/Model_Journal_Tuned10	../Syntropy_Result_Finals/Models/Model_Journal_Tuned10	excitement	0.41453444957733154	0.41453444957733154	0.28329676389694214	0.06963344663381577	0.13116151094436646	0.03800584003329277	0.014233184047043324	0.021724000573158264	0.0069419015198946	0.006491609383374453	0.005088417325168848	0.004566677380353212	0.004322274588048458
313	joy	../Syntropy_Result_Finals/Models/Model_Journal_Tuned10	../Syntropy_Result_Finals/Models/Model_Journal_Tuned10	neutral	0.4492550492286682	0.1900945007801056	0.06151685491204262	0.1821085810661316	0.4492550492286682	0.02258862368762493	0.021308204159140587	0.018151264637708664	0.00612669438123703	0.011417080648243427	0.006473739631474018	0.012235458008944988	0.018723974004387856
314	surprise	../Syntropy_Result_Finals/Models/Model_Journal_Tuned10	../Syntropy_Result_Finals/Models/Model_Journal_Tuned10	neutral	0.3599259555339813	0.015576155856251717	0.020563481375575066	0.023061880841851234	0.3599259555339813	0.013548334129154682	0.19561676681041718	0.05535436049103737	0.02436475269496441	0.01749236136674881	0.008702105842530727	0.029519790783524513	0.23627401888370514
315	neutral	../Syntropy_Result_Finals/Models/Model_Journal_Tuned10	../Syntropy_Result_Finals/Models/Model_Journal_Tuned10	neutral	0.6134618520736694	0.11739634722471237	0.029056517407298088	0.0850461944937706	0.6134618520736694	0.028753016144037247	0.03915442153811455	0.0252524446696043	0.017016632482409477	0.014518669806420803	0.007649874780327082	0.009443514980375767	0.013250443153083324
316	joy	../Syntropy_Result_Finals/Models/Model_Journal_Tuned10	../Syntropy_Result_Finals/Models/Model_Journal_Tuned10	neutral	0.32462140917778015	0.26739948987960815	0.05491327494382858	0.15506523847579956	0.32462140917778015	0.030678948387503624	0.04978305473923683	0.033037297427654266	0.019123312085866928	0.011435332708060741	0.009517150931060314	0.009649560786783695	0.03477589040994644
317	neutral	../Syntropy_Result_Finals/Models/Model_Journal_Tuned10	../Syntropy_Result_Finals/Models/Model_Journal_Tuned10	neutral	0.6643060445785522	0.03606630489230156	0.029216807335615158	0.047889117151498795	0.6643060445785522	0.014623927883803844	0.06603744626045227	0.030663615092635155	0.015752391889691353	0.01628093235194683	0.010047227144241333	0.012558866292238235	0.056557197123765945
318	neutral	../Syntropy_Result_Finals/Models/Model_Journal_Tuned10	../Syntropy_Result_Finals/Models/Model_Journal_Tuned10	neutral	0.3152209222316742	0.19808639585971832	0.14571654796600342	0.2075025737285614	0.3152209222316742	0.022044355049729347	0.03145467862486839	0.02070201188325882	0.022447245195508003	0.009442380629479885	0.012830644845962524	0.004857595078647137	0.009694615378975868
319	neutral	../Syntropy_Result_Finals/Models/Model_Journal_Tuned10	../Syntropy_Result_Finals/Models/Model_Journal_Tuned10	neutral	0.6386510729789734	0.03173951059579849	0.08148384839296341	0.05303523316979408	0.6386510729789734	0.019073093309998512	0.05638130381703377	0.031980808824300766	0.022504033520817757	0.02261757105588913	0.01520809531211853	0.008599784225225449	0.018725669011473656
320	pride	../Syntropy_Result_Finals/Models/Model_Journal_Tuned10	../Syntropy_Result_Finals/Models/Model_Journal_Tuned10	excitement	0.4423621594905853	0.4423621594905853	0.04086877033114433	0.04948572441935539	0.18143531680107117	0.2019088864326477	0.010105195455253124	0.03047758899629116	0.008287516422569752	0.01162492111325264	0.007220817264169455	0.009601912461221218	0.006621235981583595
321	excitement	../Syntropy_Result_Finals/Models/Model_Journal_Tuned10	../Syntropy_Result_Finals/Models/Model_Journal_Tuned10	excitement	0.6467036008834839	0.6467036008834839	0.1661955714225769	0.06154003366827965	0.06825074553489685	0.021395862102508545	0.006788103375583887	0.010506303049623966	0.00411792891100049	0.00395725155249238	0.005217199679464102	0.0025835582055151463	0.0027439063414931297
322	neutral	../Syntropy_Result_Finals/Models/Model_Journal_Tuned10	../Syntropy_Result_Finals/Models/Model_Journal_Tuned10	joy	0.32336151599884033	0.23693229258060455	0.048077721148729324	0.32336151599884033	0.2761434316635132	0.022944211959838867	0.02042584866285324	0.020935136824846268	0.005977018270641565	0.010327578522264957	0.0042457617819309235	0.014047306962311268	0.0165821872651577
323	excitement	../Syntropy_Result_Finals/Models/Model_Journal_Tuned10	../Syntropy_Result_Finals/Models/Model_Journal_Tuned10	excitement	0.5983187556266785	0.5983187556266785	0.04985738918185234	0.14552202820777893	0.14929422736167908	0.025213588029146194	0.005670901387929916	0.00667661102488637	0.003464379580691457	0.003672917140647769	0.002605942776426673	0.003525722771883011	0.006177547387778759
324	excitement	../Syntropy_Result_Finals/Models/Model_Journal_Tuned10	../Syntropy_Result_Finals/Models/Model_Journal_Tuned10	excitement	0.5853649973869324	0.5853649973869324	0.06407760083675385	0.23860615491867065	0.07858135551214218	0.012866510078310966	0.00415604654699564	0.005608065985143185	0.0024861847050487995	0.0015436094254255295	0.00204566796310246	0.001930136582814157	0.0027336429338902235
325	neutral	../Syntropy_Result_Finals/Models/Model_Journal_Tuned10	../Syntropy_Result_Finals/Models/Model_Journal_Tuned10	neutral	0.3898215889930725	0.1752820760011673	0.10707147419452667	0.20188170671463013	0.3898215889930725	0.019240906462073326	0.03261980041861534	0.022837752476334572	0.014611276797950268	0.01007270347326994	0.012225817888975143	0.005753320641815662	0.008581612259149551
326	pride	../Syntropy_Result_Finals/Models/Model_Journal_Tuned10	../Syntropy_Result_Finals/Models/Model_Journal_Tuned10	excitement	0.5951223969459534	0.5951223969459534	0.04560614749789238	0.2166217565536499	0.08196844160556793	0.032243289053440094	0.00459409411996603	0.010217571631073952	0.0025633806362748146	0.0038170628249645233	0.002293954836204648	0.0031298152171075344	0.0018221298232674599
327	surprise	../Syntropy_Result_Finals/Models/Model_Journal_Tuned10	../Syntropy_Result_Finals/Models/Model_Journal_Tuned10	excitement	0.5237739086151123	0.5237739086151123	0.12017401307821274	0.1520274430513382	0.12659324705600739	0.0412130206823349	0.00749411154538393	0.009800546802580357	0.004509449005126953	0.004042577464133501	0.002816571854054928	0.0037510888651013374	0.0038040075451135635
328	joy	../Syntropy_Result_Finals/Models/Model_Journal_Tuned10	../Syntropy_Result_Finals/Models/Model_Journal_Tuned10	joy	0.4082636833190918	0.36456555128097534	0.12435196340084076	0.4082636833190918	0.0592489130795002	0.009237359277904034	0.008132833987474442	0.005468782503157854	0.006724793463945389	0.0033035059459507465	0.003488116431981325	0.0028010837268084288	0.0044134436175227165
329	excitement	../Syntropy_Result_Finals/Models/Model_Journal_Tuned10	../Syntropy_Result_Finals/Models/Model_Journal_Tuned10	excitement	0.7338866591453552	0.7338866591453552	0.060980118811130524	0.07875554263591766	0.07664452493190765	0.014851493760943413	0.01006841566413641	0.00734078511595726	0.00485127093270421	0.0031566331163048744	0.004512875806540251	0.002347052562981844	0.002604696899652481
330	excitement	../Syntropy_Result_Finals/Models/Model_Journal_Tuned10	../Syntropy_Result_Finals/Models/Model_Journal_Tuned10	pride	0.2703724801540375	0.24101649224758148	0.2703724801540375	0.1742761880159378	0.21546965837478638	0.019950583577156067	0.020036820322275162	0.0190165713429451	0.013090895488858223	0.007046541664749384	0.007818705402314663	0.004016902297735214	0.007888268679380417
331	sadness	../Syntropy_Result_Finals/Models/Model_Journal_Tuned10	../Syntropy_Result_Finals/Models/Model_Journal_Tuned10	nervousness	0.5447871088981628	0.013275975361466408	0.015612727031111717	0.014416550286114216	0.05814174562692642	0.01422140747308731	0.5447871088981628	0.02833760529756546	0.11903515458106995	0.08323946595191956	0.0071441493928432465	0.03516721725463867	0.06662075966596603
332	neutral	../Syntropy_Result_Finals/Models/Model_Journal_Tuned10	../Syntropy_Result_Finals/Models/Model_Journal_Tuned10	excitement	0.3575860261917114	0.3575860261917114	0.2394782304763794	0.15124157071113586	0.1401870995759964	0.020062074065208435	0.02482461743056774	0.022613011300563812	0.012727038003504276	0.009055250324308872	0.010147939436137676	0.005543673411011696	0.0065334332175552845
333	surprise	../Syntropy_Result_Finals/Models/Model_Journal_Tuned10	../Syntropy_Result_Finals/Models/Model_Journal_Tuned10	neutral	0.33834969997406006	0.24062727391719818	0.1283598393201828	0.0318789966404438	0.33834969997406006	0.04576321318745613	0.06117475777864456	0.03177620470523834	0.03618404269218445	0.0339893139898777	0.021715672686696053	0.00890329759567976	0.021277710795402527
334	joy	../Syntropy_Result_Finals/Models/Model_Journal_Tuned10	../Syntropy_Result_Finals/Models/Model_Journal_Tuned10	neutral	0.39186960458755493	0.28901737928390503	0.12596744298934937	0.07216398417949677	0.39186960458755493	0.020708953961730003	0.0218349676579237	0.028780244290828705	0.012028861790895462	0.008712073788046837	0.012474425137043	0.00505059864372015	0.011391461826860905
335	neutral	../Syntropy_Result_Finals/Models/Model_Journal_Tuned10	../Syntropy_Result_Finals/Models/Model_Journal_Tuned10	excitement	0.9202275276184082	0.9202275276184082	0.009669717401266098	0.018306907266378403	0.009384486824274063	0.029964949935674667	0.00207769637927413	0.0038954985793679953	0.0018612550338730216	0.0013500610366463661	0.001358664478175342	0.0012001155409961939	0.0007031501154415309
336	joy	../Syntropy_Result_Finals/Models/Model_Journal_Tuned10	../Syntropy_Result_Finals/Models/Model_Journal_Tuned10	excitement	0.4683589041233063	0.4683589041233063	0.04767237976193428	0.30471479892730713	0.1164950355887413	0.022531183436512947	0.007683039177209139	0.010621225461363792	0.004524666350334883	0.005612760782241821	0.003995826467871666	0.004488825798034668	0.00330129056237638
337	nervousness	../Syntropy_Result_Finals/Models/Model_Journal_Tuned10	../Syntropy_Result_Finals/Models/Model_Journal_Tuned10	nervousness	0.280285120010376	0.01760951057076454	0.03395458310842514	0.014684910885989666	0.1360098123550415	0.014046851545572281	0.280285120010376	0.040389224886894226	0.08944889903068542	0.0993412584066391	0.04388625919818878	0.029940035194158554	0.2004036158323288
338	pride	../Syntropy_Result_Finals/Models/Model_Journal_Tuned10	../Syntropy_Result_Finals/Models/Model_Journal_Tuned10	pride	0.7688050866127014	0.03868687152862549	0.7688050866127014	0.027084821835160255	0.03889147564768791	0.022528987377882004	0.028945481404662132	0.018534842878580093	0.02033468522131443	0.012507226318120956	0.007950200699269772	0.010056654922664165	0.005673752631992102
339	excitement	../Syntropy_Result_Finals/Models/Model_Journal_Tuned10	../Syntropy_Result_Finals/Models/Model_Journal_Tuned10	excitement	0.8882260918617249	0.8882260918617249	0.022343913093209267	0.016117017716169357	0.018250200897455215	0.023393725976347923	0.008240273222327232	0.007205044385045767	0.006120200268924236	0.003174954792484641	0.002789430320262909	0.0022908472456038	0.0018483652966096997
340	pride	../Syntropy_Result_Finals/Models/Model_Journal_Tuned10	../Syntropy_Result_Finals/Models/Model_Journal_Tuned10	neutral	0.33026283979415894	0.0752081423997879	0.32443881034851074	0.053397007286548615	0.33026283979415894	0.021899526938796043	0.05115126445889473	0.03184981644153595	0.0379863902926445	0.026080692186951637	0.026317792013287544	0.008306697010993958	0.01310109905898571
341	excitement	../Syntropy_Result_Finals/Models/Model_Journal_Tuned10	../Syntropy_Result_Finals/Models/Model_Journal_Tuned10	excitement	0.542953610420227	0.542953610420227	0.09214890003204346	0.19576145708560944	0.11264192312955856	0.02404998056590557	0.006537090986967087	0.007650341838598251	0.0033576302230358124	0.00504600815474987	0.004667711444199085	0.0028990190476179123	0.002286340110003948
342	excitement	../Syntropy_Result_Finals/Models/Model_Journal_Tuned10	../Syntropy_Result_Finals/Models/Model_Journal_Tuned10	joy	0.3618008494377136	0.33267268538475037	0.09719791263341904	0.3618008494377136	0.16550104320049286	0.014792888425290585	0.005134977400302887	0.008214682340621948	0.002820244524627924	0.002494210610166192	0.002034170553088188	0.0030106673948466778	0.004325664136558771
343	neutral	../Syntropy_Result_Finals/Models/Model_Journal_Tuned10	../Syntropy_Result_Finals/Models/Model_Journal_Tuned10	neutral	0.5012484192848206	0.06946268677711487	0.18234305083751678	0.09773469716310501	0.5012484192848206	0.026682283729314804	0.032754700630903244	0.03154771775007248	0.012270602397620678	0.017090948298573494	0.012000881135463715	0.008151031099259853	0.008712993003427982
344	neutral	../Syntropy_Result_Finals/Models/Model_Journal_Tuned10	../Syntropy_Result_Finals/Models/Model_Journal_Tuned10	neutral	0.6085379123687744	0.08338452875614166	0.04363401606678963	0.15627413988113403	0.6085379123687744	0.020799042657017708	0.017772827297449112	0.01988937519490719	0.005167560186237097	0.006198905408382416	0.005117007065564394	0.010469900444149971	0.02275482565164566
345	pride	../Syntropy_Result_Finals/Models/Model_Journal_Tuned10	../Syntropy_Result_Finals/Models/Model_Journal_Tuned10	excitement	0.5820201635360718	0.5820201635360718	0.05933019518852234	0.15095201134681702	0.15495513379573822	0.019259387627243996	0.007642809301614761	0.008077717386186123	0.0036753506865352392	0.003078993409872055	0.002293715253472328	0.0033193514682352543	0.00539507856592536
346	pride	../Syntropy_Result_Finals/Models/Model_Journal_Tuned10	../Syntropy_Result_Finals/Models/Model_Journal_Tuned10	neutral	0.4522460103034973	0.025836506858468056	0.139840766787529	0.02731432020664215	0.4522460103034973	0.03088950365781784	0.0920424684882164	0.04860909655690193	0.05016959831118584	0.04047544300556183	0.030917372554540634	0.01529750321060419	0.046361397951841354
347	disgust	../Syntropy_Result_Finals/Models/Model_Journal_Tuned10	../Syntropy_Result_Finals/Models/Model_Journal_Tuned10	neutral	0.28934168815612793	0.02001512050628662	0.04037456959486008	0.01665385253727436	0.28934168815612793	0.02053581364452839	0.20730940997600555	0.09540440142154694	0.05514778196811676	0.06982968747615814	0.038223981857299805	0.02507503516972065	0.12208868563175201
348	embarrassment	../Syntropy_Result_Finals/Models/Model_Journal_Tuned10	../Syntropy_Result_Finals/Models/Model_Journal_Tuned10	nervousness	0.4516834020614624	0.057343147695064545	0.05733528733253479	0.026166625320911407	0.10171513259410858	0.020986242219805717	0.4516834020614624	0.029051266610622406	0.18242256343364716	0.030436445027589798	0.017726901918649673	0.01119473297148943	0.013938176445662975
349	joy	../Syntropy_Result_Finals/Models/Model_Journal_Tuned10	../Syntropy_Result_Finals/Models/Model_Journal_Tuned10	neutral	0.415672242641449	0.0896240770816803	0.22979585826396942	0.05134277045726776	0.415672242641449	0.04471182823181152	0.03613445162773132	0.04113493859767914	0.021863242611289024	0.03341619670391083	0.018751099705696106	0.00889683049172163	0.00865645706653595
350	joy	../Syntropy_Result_Finals/Models/Model_Journal_Tuned10	../Syntropy_Result_Finals/Models/Model_Journal_Tuned10	neutral	0.38119494915008545	0.28773486614227295	0.11370831727981567	0.056313227862119675	0.38119494915008545	0.032562028616666794	0.04240959882736206	0.036335017532110214	0.013331584632396698	0.011256289668381214	0.007760648615658283	0.0063682179898023605	0.011025247164070606
351	neutral	../Syntropy_Result_Finals/Models/Model_Journal_Tuned10	../Syntropy_Result_Finals/Models/Model_Journal_Tuned10	neutral	0.418371319770813	0.1400570571422577	0.12298440933227539	0.2391008734703064	0.418371319770813	0.010453661903738976	0.019499745219945908	0.00982564128935337	0.008992847986519337	0.007347799371927977	0.004843005444854498	0.005456787068396807	0.013066866435110569
352	disgust	../Syntropy_Result_Finals/Models/Model_Journal_Tuned10	../Syntropy_Result_Finals/Models/Model_Journal_Tuned10	fear	0.6808620691299438	0.004464499652385712	0.004555665422230959	0.0050046248361468315	0.01327437348663807	0.009522462263703346	0.16309964656829834	0.01796814240515232	0.6808620691299438	0.032060571014881134	0.011681838892400265	0.023632116615772247	0.03387390449643135
353	neutral	../Syntropy_Result_Finals/Models/Model_Journal_Tuned10	../Syntropy_Result_Finals/Models/Model_Journal_Tuned10	pride	0.5343891382217407	0.10602937638759613	0.5343891382217407	0.0530988872051239	0.13388587534427643	0.024150483310222626	0.039391905069351196	0.03293278440833092	0.020898498594760895	0.019894644618034363	0.01972602866590023	0.007872561924159527	0.007729803211987019
354	neutral	../Syntropy_Result_Finals/Models/Model_Journal_Tuned10	../Syntropy_Result_Finals/Models/Model_Journal_Tuned10	excitement	0.6896151304244995	0.6896151304244995	0.05017274618148804	0.08198008686304092	0.10484225302934647	0.04342583566904068	0.0073437816463410854	0.009186877869069576	0.002948654117062688	0.0026923040859401226	0.0019672124180942774	0.00305683771148324	0.0027682979125529528
355	neutral	../Syntropy_Result_Finals/Models/Model_Journal_Tuned10	../Syntropy_Result_Finals/Models/Model_Journal_Tuned10	neutral	0.5090287923812866	0.08378228545188904	0.12537488341331482	0.05804409086704254	0.5090287923812866	0.025708191096782684	0.06426981836557388	0.03754967078566551	0.025311179459095	0.027293918654322624	0.019203417003154755	0.00940785650163889	0.015025957487523556
356	pride	../Syntropy_Result_Finals/Models/Model_Journal_Tuned10	../Syntropy_Result_Finals/Models/Model_Journal_Tuned10	neutral	0.3581119775772095	0.2184218019247055	0.18628782033920288	0.09252557158470154	0.3581119775772095	0.03633441776037216	0.029163675382733345	0.026821494102478027	0.012354240752756596	0.012865688651800156	0.008290544152259827	0.010994561947882175	0.007828266359865665
357	excitement	../Syntropy_Result_Finals/Models/Model_Journal_Tuned10	../Syntropy_Result_Finals/Models/Model_Journal_Tuned10	pride	0.7535389065742493	0.09609127044677734	0.7535389065742493	0.028614817187190056	0.026678545400500298	0.02326248399913311	0.02041882835328579	0.01473397295922041	0.013288585469126701	0.008171742781996727	0.004967397544533014	0.0065911998972296715	0.0036422547418624163
358	nervousness	../Syntropy_Result_Finals/Models/Model_Journal_Tuned10	../Syntropy_Result_Finals/Models/Model_Journal_Tuned10	excitement	0.5694855451583862	0.5694855451583862	0.06643308699131012	0.28478875756263733	0.04244603216648102	0.011998082511126995	0.004781630355864763	0.007298204582184553	0.003262860234826803	0.001780676539056003	0.002393213799223304	0.0021397951059043407	0.0031920825131237507
359	pride	../Syntropy_Result_Finals/Models/Model_Journal_Tuned10	../Syntropy_Result_Finals/Models/Model_Journal_Tuned10	neutral	0.2835700213909149	0.018673889338970184	0.08058404922485352	0.026678886264562607	0.2835700213909149	0.024700764566659927	0.1924169361591339	0.0799843966960907	0.08680104464292526	0.09830089658498764	0.03966729715466499	0.020561056211590767	0.04806074500083923
360	joy	../Syntropy_Result_Finals/Models/Model_Journal_Tuned10	../Syntropy_Result_Finals/Models/Model_Journal_Tuned10	pride	0.36183035373687744	0.26766306161880493	0.36183035373687744	0.1886112540960312	0.11042015999555588	0.015830500051379204	0.012658954598009586	0.013832584023475647	0.011017879471182823	0.0039016965311020613	0.004422196187078953	0.0038636322133243084	0.005947799421846867
361	neutral	../Syntropy_Result_Finals/Models/Model_Journal_Tuned10	../Syntropy_Result_Finals/Models/Model_Journal_Tuned10	joy	0.3462868630886078	0.3077501356601715	0.12115244567394257	0.3462868630886078	0.16318528354167938	0.009509779512882233	0.014785476960241795	0.00792698934674263	0.007025850471109152	0.0037286921869963408	0.0031844947952777147	0.004126963671296835	0.0113369757309556
362	confusion	../Syntropy_Result_Finals/Models/Model_Journal_Tuned10	../Syntropy_Result_Finals/Models/Model_Journal_Tuned10	nervousness	0.5054655075073242	0.030299970880150795	0.04107523337006569	0.021350057795643806	0.07749829441308975	0.016837086528539658	0.5054655075073242	0.03690556436777115	0.1487252563238144	0.03880384936928749	0.032182130962610245	0.015471604652702808	0.03538544848561287
363	joy	../Syntropy_Result_Finals/Models/Model_Journal_Tuned10	../Syntropy_Result_Finals/Models/Model_Journal_Tuned10	joy	0.30890294909477234	0.29844051599502563	0.12681792676448822	0.30890294909477234	0.18100589513778687	0.019470779225230217	0.01855405420064926	0.01902974210679531	0.005604224279522896	0.005640201736241579	0.003994740545749664	0.006689682602882385	0.005849364213645458
364	pride	../Syntropy_Result_Finals/Models/Model_Journal_Tuned10	../Syntropy_Result_Finals/Models/Model_Journal_Tuned10	pride	0.5037936568260193	0.2812676429748535	0.5037936568260193	0.04958188161253929	0.06585428863763809	0.03678577020764351	0.01465964037925005	0.019056973978877068	0.008569962345063686	0.006740491837263107	0.004592199809849262	0.0052479337900877	0.0038497180212289095
365	joy	../Syntropy_Result_Finals/Models/Model_Journal_Tuned10	../Syntropy_Result_Finals/Models/Model_Journal_Tuned10	excitement	0.4420219659805298	0.4420219659805298	0.06811768561601639	0.14601929485797882	0.19551876187324524	0.03423945605754852	0.021860642358660698	0.017705358564853668	0.01854558475315571	0.026623891666531563	0.017053542658686638	0.0064870635978877544	0.005806742236018181
366	excitement	../Syntropy_Result_Finals/Models/Model_Journal_Tuned10	../Syntropy_Result_Finals/Models/Model_Journal_Tuned10	excitement	0.8844441771507263	0.8844441771507263	0.019328080117702484	0.013094965368509293	0.0210071112960577	0.026588039472699165	0.008086222223937511	0.009003295563161373	0.007864071056246758	0.00356763182207942	0.0030803708359599113	0.002089795423671603	0.0018462925218045712
367	neutral	../Syntropy_Result_Finals/Models/Model_Journal_Tuned10	../Syntropy_Result_Finals/Models/Model_Journal_Tuned10	neutral	0.5383085608482361	0.0923265665769577	0.11555076390504837	0.05368843302130699	0.5383085608482361	0.044528063386678696	0.04049478471279144	0.034676700830459595	0.028455430641770363	0.013992074877023697	0.01874852553009987	0.008861211128532887	0.010368913412094116
368	surprise	../Syntropy_Result_Finals/Models/Model_Journal_Tuned10	../Syntropy_Result_Finals/Models/Model_Journal_Tuned10	neutral	0.30157843232154846	0.2284557819366455	0.1008056029677391	0.27636533975601196	0.30157843232154846	0.022764258086681366	0.012591744773089886	0.023297494277358055	0.004121311474591494	0.008185071870684624	0.005736851133406162	0.008171088062226772	0.007926962338387966
369	joy	../Syntropy_Result_Finals/Models/Model_Journal_Tuned10	../Syntropy_Result_Finals/Models/Model_Journal_Tuned10	excitement	0.4541751742362976	0.4541751742362976	0.22503675520420074	0.18015018105506897	0.09133446216583252	0.015409141778945923	0.006979892961680889	0.008702301420271397	0.0047952961176633835	0.0025914793368428946	0.004025849048048258	0.003302335739135742	0.0034971681889146566
370	excitement	../Syntropy_Result_Finals/Models/Model_Journal_Tuned10	../Syntropy_Result_Finals/Models/Model_Journal_Tuned10	excitement	0.8205510377883911	0.8205510377883911	0.05984627082943916	0.021678682416677475	0.022492002695798874	0.03142431378364563	0.011350216343998909	0.009784978814423084	0.008453354239463806	0.003994972910732031	0.0045339250937104225	0.0028876177966594696	0.0030026717577129602
371	surprise	../Syntropy_Result_Finals/Models/Model_Journal_Tuned10	../Syntropy_Result_Finals/Models/Model_Journal_Tuned10	surprise	0.9421576261520386	0.03187499940395355	0.0017301533371210098	0.002965911291539669	0.008303789421916008	0.9421576261520386	0.0022707772441208363	0.004622230771929026	0.001106139156036079	0.0014599505811929703	0.0011063137790188193	0.001335821463726461	0.0010662012500688434
372	neutral	../Syntropy_Result_Finals/Models/Model_Journal_Tuned10	../Syntropy_Result_Finals/Models/Model_Journal_Tuned10	neutral	0.41803058981895447	0.19176489114761353	0.12243880331516266	0.13220351934432983	0.41803058981895447	0.032306939363479614	0.03141334652900696	0.026357686147093773	0.009366902522742748	0.010320744477212429	0.007020693272352219	0.008097129873931408	0.010678752325475216
373	neutral	../Syntropy_Result_Finals/Models/Model_Journal_Tuned10	../Syntropy_Result_Finals/Models/Model_Journal_Tuned10	neutral	0.3244257867336273	0.2109689563512802	0.16551323235034943	0.1738910973072052	0.3244257867336273	0.026972437277436256	0.026857776567339897	0.02132892794907093	0.017746251076459885	0.006455598399043083	0.007051936816424131	0.0068465545773506165	0.011941349133849144
374	surprise	../Syntropy_Result_Finals/Models/Model_Journal_Tuned10	../Syntropy_Result_Finals/Models/Model_Journal_Tuned10	excitement	0.4760097861289978	0.4760097861289978	0.04425973817706108	0.07153400778770447	0.22147969901561737	0.08939012140035629	0.016373587772250175	0.0385606475174427	0.008642100729048252	0.007605432532727718	0.007451615296304226	0.009421409107744694	0.009271850809454918
375	neutral	../Syntropy_Result_Finals/Models/Model_Journal_Tuned10	../Syntropy_Result_Finals/Models/Model_Journal_Tuned10	pride	0.3676977753639221	0.12779703736305237	0.3676977753639221	0.06433019042015076	0.29001912474632263	0.03352390229701996	0.026640241965651512	0.032718997448682785	0.017908215522766113	0.012683588080108166	0.013047782704234123	0.006609040778130293	0.007024125196039677
376	confusion	../Syntropy_Result_Finals/Models/Model_Journal_Tuned10	../Syntropy_Result_Finals/Models/Model_Journal_Tuned10	nervousness	0.2510150074958801	0.02997703291475773	0.015588757582008839	0.015852466225624084	0.13963809609413147	0.04162461683154106	0.2510150074958801	0.23811016976833344	0.03673318400979042	0.04896358773112297	0.013002065941691399	0.08745238929986954	0.08204267919063568
377	neutral	../Syntropy_Result_Finals/Models/Model_Journal_Tuned10	../Syntropy_Result_Finals/Models/Model_Journal_Tuned10	excitement	0.36306384205818176	0.36306384205818176	0.03691576421260834	0.09251180291175842	0.15923534333705902	0.04955342411994934	0.07303854823112488	0.11065570265054703	0.02951902523636818	0.019289037212729454	0.008293217048048973	0.024987533688545227	0.03293667733669281
378	excitement	../Syntropy_Result_Finals/Models/Model_Journal_Tuned10	../Syntropy_Result_Finals/Models/Model_Journal_Tuned10	excitement	0.8911136984825134	0.8911136984825134	0.018415072932839394	0.014646587893366814	0.027524251490831375	0.016621088609099388	0.00741944694891572	0.006846463307738304	0.0053309123031795025	0.004295575898140669	0.003871851833537221	0.002028066199272871	0.001886964775621891
379	surprise	../Syntropy_Result_Finals/Models/Model_Journal_Tuned10	../Syntropy_Result_Finals/Models/Model_Journal_Tuned10	excitement	0.28328070044517517	0.28328070044517517	0.14348456263542175	0.059009063988924026	0.24686747789382935	0.046019237488508224	0.061358362436294556	0.040481194853782654	0.04745826870203018	0.038765352219343185	0.015418359078466892	0.01025133766233921	0.00760606350377202
380	embarrassment	../Syntropy_Result_Finals/Models/Model_Journal_Tuned10	../Syntropy_Result_Finals/Models/Model_Journal_Tuned10	nervousness	0.48059868812561035	0.013002381660044193	0.007871957495808601	0.013961630873382092	0.01473588403314352	0.008577787317335606	0.48059868812561035	0.02780752442777157	0.3018818497657776	0.04807194322347641	0.006778490263968706	0.04471471905708313	0.03199702128767967
381	joy	../Syntropy_Result_Finals/Models/Model_Journal_Tuned10	../Syntropy_Result_Finals/Models/Model_Journal_Tuned10	neutral	0.7351949214935303	0.07468409091234207	0.04265435412526131	0.1125936433672905	0.7351949214935303	0.00556404422968626	0.0056814332492649555	0.00795914139598608	0.0031556293834000826	0.003426130162551999	0.003410705365240574	0.0027886894531548023	0.0028872666880488396
382	nervousness	../Syntropy_Result_Finals/Models/Model_Journal_Tuned10	../Syntropy_Result_Finals/Models/Model_Journal_Tuned10	nervousness	0.39823293685913086	0.033262524753808975	0.05811586230993271	0.022320087999105453	0.10905725508928299	0.02485642209649086	0.39823293685913086	0.11002004146575928	0.10022808611392975	0.044812776148319244	0.042235881090164185	0.025656450539827347	0.031201720237731934
383	excitement	../Syntropy_Result_Finals/Models/Model_Journal_Tuned10	../Syntropy_Result_Finals/Models/Model_Journal_Tuned10	excitement	0.6577288508415222	0.6577288508415222	0.08758945763111115	0.04119070991873741	0.05802956223487854	0.08952683955430984	0.00949088390916586	0.03800255060195923	0.0062862965278327465	0.002302211942151189	0.0028112544678151608	0.003812704235315323	0.003228591987863183
384	surprise	../Syntropy_Result_Finals/Models/Model_Journal_Tuned10	../Syntropy_Result_Finals/Models/Model_Journal_Tuned10	neutral	0.5055589079856873	0.024836326017975807	0.04358746483922005	0.02179165557026863	0.5055589079856873	0.01792290061712265	0.1160285472869873	0.08749748021364212	0.06967013329267502	0.03141356632113457	0.0269247367978096	0.01781911589205265	0.03694913536310196
385	joy	../Syntropy_Result_Finals/Models/Model_Journal_Tuned10	../Syntropy_Result_Finals/Models/Model_Journal_Tuned10	neutral	0.29025205969810486	0.014020705595612526	0.02926473505795002	0.026229673996567726	0.29025205969810486	0.017557501792907715	0.2024654895067215	0.038331083953380585	0.14694790542125702	0.05945826321840286	0.00826868787407875	0.03431866317987442	0.13288523256778717
386	excitement	../Syntropy_Result_Finals/Models/Model_Journal_Tuned10	../Syntropy_Result_Finals/Models/Model_Journal_Tuned10	joy	0.37255266308784485	0.1808030903339386	0.049982551485300064	0.37255266308784485	0.30065375566482544	0.014994221739470959	0.02825208008289337	0.01508130133152008	0.007497786544263363	0.005027409642934799	0.003929539117962122	0.005956672132015228	0.015268885530531406
387	joy	../Syntropy_Result_Finals/Models/Model_Journal_Tuned10	../Syntropy_Result_Finals/Models/Model_Journal_Tuned10	excitement	0.48360681533813477	0.48360681533813477	0.03145359456539154	0.3145342767238617	0.12063384056091309	0.011460098437964916	0.007943842560052872	0.007310422603040934	0.004178205970674753	0.0043138861656188965	0.00430005369707942	0.0037149826530367136	0.006549971643835306
388	joy	../Syntropy_Result_Finals/Models/Model_Journal_Tuned10	../Syntropy_Result_Finals/Models/Model_Journal_Tuned10	excitement	0.5697977542877197	0.5697977542877197	0.035710275173187256	0.26378199458122253	0.0867169201374054	0.014571979641914368	0.005280165933072567	0.007696536369621754	0.0027700159698724747	0.004064327571541071	0.002931690076366067	0.0037589925341308117	0.0029193514492362738
389	pride	../Syntropy_Result_Finals/Models/Model_Journal_Tuned10	../Syntropy_Result_Finals/Models/Model_Journal_Tuned10	excitement	0.3830346167087555	0.3830346167087555	0.14806778728961945	0.07749143987894058	0.21715910732746124	0.06152932345867157	0.02929992973804474	0.03619031608104706	0.014378344640135765	0.010034797713160515	0.006257138680666685	0.009638570249080658	0.006918656639754772
390	joy	../Syntropy_Result_Finals/Models/Model_Journal_Tuned10	../Syntropy_Result_Finals/Models/Model_Journal_Tuned10	pride	0.5974726676940918	0.21206508576869965	0.5974726676940918	0.046574320644140244	0.05077230930328369	0.031144380569458008	0.015647420659661293	0.016784653067588806	0.008565717376768589	0.006611124612390995	0.0044641499407589436	0.005176774226129055	0.004721431527286768
391	joy	../Syntropy_Result_Finals/Models/Model_Journal_Tuned10	../Syntropy_Result_Finals/Models/Model_Journal_Tuned10	pride	0.6757480502128601	0.09710951894521713	0.6757480502128601	0.08552820980548859	0.07345452159643173	0.013175311498343945	0.011240653693675995	0.010206284932792187	0.010782000608742237	0.005646207835525274	0.0052052149549126625	0.00478727463632822	0.007116768509149551
392	neutral	../Syntropy_Result_Finals/Models/Model_Journal_Tuned10	../Syntropy_Result_Finals/Models/Model_Journal_Tuned10	neutral	0.28956830501556396	0.1045384630560875	0.21176549792289734	0.2788846492767334	0.28956830501556396	0.012323764152824879	0.02224796451628208	0.016721807420253754	0.020106205716729164	0.006764131598174572	0.01228321809321642	0.004725724458694458	0.020070206373929977
393	pride	../Syntropy_Result_Finals/Models/Model_Journal_Tuned10	../Syntropy_Result_Finals/Models/Model_Journal_Tuned10	pride	0.44593727588653564	0.255356103181839	0.44593727588653564	0.1821873039007187	0.06272146850824356	0.015745745971798897	0.009110618382692337	0.00796309020370245	0.004668726120144129	0.0031201280653476715	0.0023612899240106344	0.004327316302806139	0.006500862073153257
394	excitement	../Syntropy_Result_Finals/Models/Model_Journal_Tuned10	../Syntropy_Result_Finals/Models/Model_Journal_Tuned10	neutral	0.5905829668045044	0.04098627343773842	0.14346814155578613	0.04213936999440193	0.5905829668045044	0.015657825395464897	0.0443015992641449	0.036383006721735	0.02925065904855728	0.018277529627084732	0.019709043204784393	0.008256347849965096	0.010987245477735996
395	surprise	../Syntropy_Result_Finals/Models/Model_Journal_Tuned10	../Syntropy_Result_Finals/Models/Model_Journal_Tuned10	excitement	0.8338035941123962	0.8338035941123962	0.02972717583179474	0.04596611112356186	0.014300812967121601	0.05742640048265457	0.0028833290562033653	0.0061295488849282265	0.002250080229714513	0.0023338934406638145	0.002183767268434167	0.0018069061916321516	0.0011882944963872433
396	excitement	../Syntropy_Result_Finals/Models/Model_Journal_Tuned10	../Syntropy_Result_Finals/Models/Model_Journal_Tuned10	joy	0.47627413272857666	0.24371139705181122	0.13435687124729156	0.47627413272857666	0.1030605286359787	0.006333169527351856	0.008497243747115135	0.006743385456502438	0.005855897441506386	0.002691498026251793	0.0032878555357456207	0.0027188260573893785	0.006469252519309521
397	excitement	../Syntropy_Result_Finals/Models/Model_Journal_Tuned10	../Syntropy_Result_Finals/Models/Model_Journal_Tuned10	neutral	0.3305423855781555	0.2033596932888031	0.18832002580165863	0.10980656743049622	0.3305423855781555	0.033657584339380264	0.03656242415308952	0.029375456273555756	0.0303626898676157	0.010149933397769928	0.007014078088104725	0.011221974156796932	0.009627233259379864
398	joy	../Syntropy_Result_Finals/Models/Model_Journal_Tuned10	../Syntropy_Result_Finals/Models/Model_Journal_Tuned10	neutral	0.5811302661895752	0.0539432018995285	0.15523453056812286	0.11596594005823135	0.5811302661895752	0.007791599258780479	0.01764405332505703	0.014474375173449516	0.009364924393594265	0.007480962667614222	0.006656935904175043	0.006215550936758518	0.024097654968500137
399	pride	../Syntropy_Result_Finals/Models/Model_Journal_Tuned10	../Syntropy_Result_Finals/Models/Model_Journal_Tuned10	joy	0.44976282119750977	0.36858227849006653	0.03558404743671417	0.44976282119750977	0.09196348488330841	0.01430474128574133	0.00930584967136383	0.010053734295070171	0.003031207248568535	0.004228804260492325	0.002780294045805931	0.004765982739627361	0.005636838264763355
400	excitement	../Syntropy_Result_Finals/Models/Model_Journal_Tuned10	../Syntropy_Result_Finals/Models/Model_Journal_Tuned10	pride	0.7047893404960632	0.03735986724495888	0.7047893404960632	0.03825042396783829	0.07923944294452667	0.019157446920871735	0.029942503198981285	0.017875880002975464	0.024620145559310913	0.014727875590324402	0.010175146162509918	0.008749091997742653	0.015112816356122494
401	surprise	../Syntropy_Result_Finals/Models/Model_Journal_Tuned10	../Syntropy_Result_Finals/Models/Model_Journal_Tuned10	excitement	0.6938391327857971	0.6938391327857971	0.05234696716070175	0.03527689725160599	0.04054011031985283	0.12873312830924988	0.00726696103811264	0.023145558312535286	0.004914259072393179	0.0048501561395823956	0.0030806101858615875	0.0039467643946409225	0.0020595144014805555
402	neutral	../Syntropy_Result_Finals/Models/Model_Journal_Tuned10	../Syntropy_Result_Finals/Models/Model_Journal_Tuned10	neutral	0.5564925670623779	0.14429177343845367	0.06836529821157455	0.17504474520683289	0.5564925670623779	0.013461745344102383	0.010107330977916718	0.010349638760089874	0.004194341134279966	0.005124747287482023	0.003168253693729639	0.0045205517672002316	0.004879135172814131
403	disgust	../Syntropy_Result_Finals/Models/Model_Journal_Tuned10	../Syntropy_Result_Finals/Models/Model_Journal_Tuned10	nervousness	0.25098612904548645	0.021731605753302574	0.038495585322380066	0.01718745008111	0.20707599818706512	0.020812639966607094	0.25098612904548645	0.09187757223844528	0.06391947716474533	0.13960997760295868	0.03944593295454979	0.049955613911151886	0.05890209600329399
404	joy	../Syntropy_Result_Finals/Models/Model_Journal_Tuned10	../Syntropy_Result_Finals/Models/Model_Journal_Tuned10	neutral	0.5069061517715454	0.06980307400226593	0.16697144508361816	0.06869339197874069	0.5069061517715454	0.039946869015693665	0.034037116914987564	0.05769304186105728	0.011608358472585678	0.016792908310890198	0.008679508231580257	0.00841091200709343	0.010457142256200314
405	sadness	../Syntropy_Result_Finals/Models/Model_Journal_Tuned10	../Syntropy_Result_Finals/Models/Model_Journal_Tuned10	neutral	0.39564529061317444	0.05225582793354988	0.0678398385643959	0.0651540458202362	0.39564529061317444	0.02870984561741352	0.053826648741960526	0.09225236624479294	0.02993931993842125	0.007044206839054823	0.010933894664049149	0.02373344637453556	0.17266523838043213
406	pride	../Syntropy_Result_Finals/Models/Model_Journal_Tuned10	../Syntropy_Result_Finals/Models/Model_Journal_Tuned10	joy	0.3174511194229126	0.19460429251194	0.09329326450824738	0.3174511194229126	0.2579834759235382	0.01643272489309311	0.04212100803852081	0.014419162645936012	0.014093803241848946	0.006605291739106178	0.0036818161606788635	0.005924461409449577	0.03338959440588951
407	joy	../Syntropy_Result_Finals/Models/Model_Journal_Tuned10	../Syntropy_Result_Finals/Models/Model_Journal_Tuned10	sadness	0.34207773208618164	0.025836164131760597	0.011526614427566528	0.015099224634468555	0.2912924885749817	0.03124508261680603	0.11887048929929733	0.04947024583816528	0.0170173067599535	0.02491597831249237	0.01556237693876028	0.05708635598421097	0.34207773208618164
408	surprise	../Syntropy_Result_Finals/Models/Model_Journal_Tuned10	../Syntropy_Result_Finals/Models/Model_Journal_Tuned10	excitement	0.33594396710395813	0.33594396710395813	0.10342025011777878	0.1731000691652298	0.27178946137428284	0.04837028309702873	0.009557781741023064	0.020248232409358025	0.00637006713077426	0.015127712860703468	0.005347465630620718	0.006806227378547192	0.003918574191629887
409	excitement	../Syntropy_Result_Finals/Models/Model_Journal_Tuned10	../Syntropy_Result_Finals/Models/Model_Journal_Tuned10	neutral	0.33705002069473267	0.19039584696292877	0.1537044793367386	0.2058524787425995	0.33705002069473267	0.031571585685014725	0.019871274009346962	0.030142107978463173	0.005476334597915411	0.005691872909665108	0.0042684487998485565	0.005555801559239626	0.010419607162475586
410	fear	../Syntropy_Result_Finals/Models/Model_Journal_Tuned10	../Syntropy_Result_Finals/Models/Model_Journal_Tuned10	neutral	0.29647576808929443	0.011656209826469421	0.05233798176050186	0.026021618396043777	0.29647576808929443	0.027252797037363052	0.14875318109989166	0.030370227992534637	0.2164432555437088	0.053477898240089417	0.016488375142216682	0.014411814510822296	0.10631075501441956
411	joy	../Syntropy_Result_Finals/Models/Model_Journal_Tuned10	../Syntropy_Result_Finals/Models/Model_Journal_Tuned10	joy	0.4440304636955261	0.4396897256374359	0.028649242594838142	0.4440304636955261	0.05410661920905113	0.009628537110984325	0.004863059613853693	0.006888802163302898	0.0024708539713174105	0.0019253602949902415	0.001756267505697906	0.002479343209415674	0.003511751303449273
412	pride	../Syntropy_Result_Finals/Models/Model_Journal_Tuned10	../Syntropy_Result_Finals/Models/Model_Journal_Tuned10	pride	0.818859338760376	0.014508096501231194	0.818859338760376	0.02057223580777645	0.027416761964559555	0.01399043295532465	0.02791406214237213	0.012878337875008583	0.022540580481290817	0.015323406085371971	0.00882707629352808	0.009360598400235176	0.007809069473296404
413	disgust	../Syntropy_Result_Finals/Models/Model_Journal_Tuned10	../Syntropy_Result_Finals/Models/Model_Journal_Tuned10	anger	0.47629934549331665	0.0073031894862651825	0.009325163438916206	0.006693575996905565	0.04676882550120354	0.006491919048130512	0.08372671157121658	0.10349883884191513	0.07263349741697311	0.03430728241801262	0.47629934549331665	0.012097000144422054	0.1408546268939972
414	excitement	../Syntropy_Result_Finals/Models/Model_Journal_Tuned10	../Syntropy_Result_Finals/Models/Model_Journal_Tuned10	excitement	0.9025499820709229	0.9025499820709229	0.022326750680804253	0.026928775012493134	0.019110482186079025	0.012960351072251797	0.00347323389723897	0.004298774525523186	0.002031643409281969	0.0014369654236361384	0.0020655649714171886	0.0012753678020089865	0.001542185083962977
415	joy	../Syntropy_Result_Finals/Models/Model_Journal_Tuned10	../Syntropy_Result_Finals/Models/Model_Journal_Tuned10	neutral	0.29842618107795715	0.22146083414554596	0.2787056565284729	0.06908193975687027	0.29842618107795715	0.04667811468243599	0.016404714435338974	0.031940359622240067	0.010362685658037663	0.008323599584400654	0.0077639250084757805	0.0055701471865177155	0.0052818129770457745
416	fear	../Syntropy_Result_Finals/Models/Model_Journal_Tuned10	../Syntropy_Result_Finals/Models/Model_Journal_Tuned10	neutral	0.6220732927322388	0.10147833079099655	0.03793534263968468	0.060609765350818634	0.6220732927322388	0.03359813243150711	0.027081960812211037	0.03411209583282471	0.01426270417869091	0.03011426515877247	0.012610286474227905	0.012530280277132988	0.013593515381217003
417	pride	../Syntropy_Result_Finals/Models/Model_Journal_Tuned10	../Syntropy_Result_Finals/Models/Model_Journal_Tuned10	neutral	0.29455652832984924	0.18222485482692719	0.2715522348880768	0.062286727130413055	0.29455652832984924	0.03419604152441025	0.042002853006124496	0.02768212929368019	0.020503520965576172	0.026487920433282852	0.01954900100827217	0.008031578734517097	0.010926607996225357
418	pride	../Syntropy_Result_Finals/Models/Model_Journal_Tuned10	../Syntropy_Result_Finals/Models/Model_Journal_Tuned10	neutral	0.4024656116962433	0.227193683385849	0.09374392032623291	0.04080845043063164	0.4024656116962433	0.04576294124126434	0.05280469357967377	0.04757247492671013	0.033847562968730927	0.021160006523132324	0.007982288487255573	0.01123779732733965	0.015420608222484589
419	joy	../Syntropy_Result_Finals/Models/Model_Journal_Tuned10	../Syntropy_Result_Finals/Models/Model_Journal_Tuned10	excitement	0.31505894660949707	0.31505894660949707	0.16543647646903992	0.1459970772266388	0.26143378019332886	0.019794948399066925	0.028439519926905632	0.014201105572283268	0.011671493761241436	0.008795653469860554	0.0058992402628064156	0.008315613493323326	0.01495620422065258
420	neutral	../Syntropy_Result_Finals/Models/Model_Journal_Tuned10	../Syntropy_Result_Finals/Models/Model_Journal_Tuned10	pride	0.3945346474647522	0.27159377932548523	0.3945346474647522	0.05800994485616684	0.11944492906332016	0.04086432605981827	0.02781873568892479	0.027300387620925903	0.019967133179306984	0.013343024998903275	0.009880508296191692	0.00876458827406168	0.008478067815303802
421	pride	../Syntropy_Result_Finals/Models/Model_Journal_Tuned10	../Syntropy_Result_Finals/Models/Model_Journal_Tuned10	joy	0.3637218177318573	0.2941674590110779	0.10050969570875168	0.3637218177318573	0.15364766120910645	0.01416664570569992	0.01723676174879074	0.010783270001411438	0.010671544820070267	0.005240212194621563	0.004186565987765789	0.004711735527962446	0.020956682041287422
422	nervousness	../Syntropy_Result_Finals/Models/Model_Journal_Tuned10	../Syntropy_Result_Finals/Models/Model_Journal_Tuned10	neutral	0.6295437812805176	0.062477413564920425	0.08022128790616989	0.030959608033299446	0.6295437812805176	0.032197073101997375	0.03650743514299393	0.050600096583366394	0.026533586904406548	0.022592727094888687	0.012926295399665833	0.008086041547358036	0.007354624569416046
423	joy	../Syntropy_Result_Finals/Models/Model_Journal_Tuned10	../Syntropy_Result_Finals/Models/Model_Journal_Tuned10	neutral	0.4519103765487671	0.16817738115787506	0.15043041110038757	0.12767335772514343	0.4519103765487671	0.02825111895799637	0.014352486468851566	0.017327260226011276	0.008879521861672401	0.012409722432494164	0.008619556203484535	0.005876258481293917	0.006092588417232037
424	neutral	../Syntropy_Result_Finals/Models/Model_Journal_Tuned10	../Syntropy_Result_Finals/Models/Model_Journal_Tuned10	excitement	0.30821171402931213	0.30821171402931213	0.13107073307037354	0.20858153700828552	0.25007787346839905	0.05598580837249756	0.008921810425817966	0.015131687745451927	0.00456399517133832	0.005794354248791933	0.004368422087281942	0.003891614731401205	0.0034005248453468084
425	joy	../Syntropy_Result_Finals/Models/Model_Journal_Tuned10	../Syntropy_Result_Finals/Models/Model_Journal_Tuned10	neutral	0.37421658635139465	0.19154173135757446	0.06490236520767212	0.30725398659706116	0.37421658635139465	0.014048123732209206	0.010093561373651028	0.013094235211610794	0.0045692455023527145	0.005938625894486904	0.004427637904882431	0.0038989181630313396	0.006014964543282986
426	neutral	../Syntropy_Result_Finals/Models/Model_Journal_Tuned10	../Syntropy_Result_Finals/Models/Model_Journal_Tuned10	neutral	0.4814877510070801	0.05641534551978111	0.07505770772695541	0.09419601410627365	0.4814877510070801	0.01828881911933422	0.0804327130317688	0.04048255458474159	0.09115742146968842	0.015707464888691902	0.026205215603113174	0.007180658169090748	0.013388422317802906
427	joy	../Syntropy_Result_Finals/Models/Model_Journal_Tuned10	../Syntropy_Result_Finals/Models/Model_Journal_Tuned10	excitement	0.8514038324356079	0.8514038324356079	0.02397788316011429	0.03242037445306778	0.03781306743621826	0.023454047739505768	0.006574349943548441	0.008915601298213005	0.005400725640356541	0.003214491531252861	0.002513113897293806	0.0022532744333148003	0.0020592189393937588
428	pride	../Syntropy_Result_Finals/Models/Model_Journal_Tuned10	../Syntropy_Result_Finals/Models/Model_Journal_Tuned10	neutral	0.6018872261047363	0.02883881889283657	0.06049739196896553	0.02675667218863964	0.6018872261047363	0.020352423191070557	0.08020392060279846	0.04903268814086914	0.02962784841656685	0.03424053639173508	0.019207525998353958	0.009831228293478489	0.03952363505959511
429	joy	../Syntropy_Result_Finals/Models/Model_Journal_Tuned10	../Syntropy_Result_Finals/Models/Model_Journal_Tuned10	excitement	0.40025362372398376	0.40025362372398376	0.10004731267690659	0.2146439105272293	0.2088388204574585	0.023260409012436867	0.009894548915326595	0.011599965393543243	0.006048502866178751	0.008636477403342724	0.004414616152644157	0.006626981310546398	0.005734892562031746
430	disgust	../Syntropy_Result_Finals/Models/Model_Journal_Tuned10	../Syntropy_Result_Finals/Models/Model_Journal_Tuned10	disgust	0.6171740889549255	0.028726743534207344	0.012705670669674873	0.017962075769901276	0.14116424322128296	0.020488079637289047	0.03781292587518692	0.02060823328793049	0.0297011099755764	0.6171740889549255	0.024650389328598976	0.03247452154755592	0.016531934961676598
431	pride	../Syntropy_Result_Finals/Models/Model_Journal_Tuned10	../Syntropy_Result_Finals/Models/Model_Journal_Tuned10	neutral	0.48243632912635803	0.11086910963058472	0.07388822734355927	0.020738448947668076	0.48243632912635803	0.0575682707130909	0.03182988241314888	0.15933500230312347	0.02714385651051998	0.01444486528635025	0.010250761173665524	0.006374135613441467	0.005121156573295593
432	excitement	../Syntropy_Result_Finals/Models/Model_Journal_Tuned10	../Syntropy_Result_Finals/Models/Model_Journal_Tuned10	joy	0.45302411913871765	0.405540406703949	0.028726881369948387	0.45302411913871765	0.07598123699426651	0.012684567831456661	0.004628805909305811	0.006760594435036182	0.001924432348459959	0.001865385682322085	0.0014937658561393619	0.003359167603775859	0.004010620526969433
433	joy	../Syntropy_Result_Finals/Models/Model_Journal_Tuned10	../Syntropy_Result_Finals/Models/Model_Journal_Tuned10	pride	0.3051263093948364	0.12080704420804977	0.3051263093948364	0.1599392145872116	0.25859174132347107	0.026597948744893074	0.031314022839069366	0.022167081013321877	0.022295616567134857	0.014098495244979858	0.009801785461604595	0.011562451720237732	0.017698312178254128
434	pride	../Syntropy_Result_Finals/Models/Model_Journal_Tuned10	../Syntropy_Result_Finals/Models/Model_Journal_Tuned10	neutral	0.3545365035533905	0.11191289871931076	0.24411609768867493	0.04703212529420853	0.3545365035533905	0.03724786639213562	0.030728479847311974	0.03835137560963631	0.04525548964738846	0.0248606875538826	0.027085015550255775	0.01193215698003769	0.026941368356347084
435	joy	../Syntropy_Result_Finals/Models/Model_Journal_Tuned10	../Syntropy_Result_Finals/Models/Model_Journal_Tuned10	excitement	0.3339810371398926	0.3339810371398926	0.255073606967926	0.05697420611977577	0.20575973391532898	0.05014275386929512	0.027264079079031944	0.030483517795801163	0.010051582008600235	0.01087669376283884	0.006131066009402275	0.007063806522637606	0.006197912152856588
436	neutral	../Syntropy_Result_Finals/Models/Model_Journal_Tuned10	../Syntropy_Result_Finals/Models/Model_Journal_Tuned10	neutral	0.34220215678215027	0.26018401980400085	0.13015495240688324	0.13705268502235413	0.34220215678215027	0.0401025228202343	0.03173914924263954	0.020632753148674965	0.00936485268175602	0.007515963166952133	0.004822797607630491	0.0057609304785728455	0.0104672247543931
437	nervousness	../Syntropy_Result_Finals/Models/Model_Journal_Tuned10	../Syntropy_Result_Finals/Models/Model_Journal_Tuned10	fear	0.5629907250404358	0.009165298193693161	0.008666646666824818	0.012689383700489998	0.014249312691390514	0.009966372512280941	0.2998161315917969	0.02115105837583542	0.5629907250404358	0.017551148310303688	0.0034606168046593666	0.016049131751060486	0.02424417808651924
438	neutral	../Syntropy_Result_Finals/Models/Model_Journal_Tuned10	../Syntropy_Result_Finals/Models/Model_Journal_Tuned10	neutral	0.6253939270973206	0.09371808916330338	0.08795882016420364	0.07998927682638168	0.6253939270973206	0.02633850648999214	0.01764681376516819	0.0261757243424654	0.013135114684700966	0.005951487459242344	0.011979669332504272	0.0037932393606752157	0.007919391617178917
439	excitement	../Syntropy_Result_Finals/Models/Model_Journal_Tuned10	../Syntropy_Result_Finals/Models/Model_Journal_Tuned10	excitement	0.5600051283836365	0.5600051283836365	0.19078819453716278	0.10840258747339249	0.06368957459926605	0.03416487202048302	0.008001578971743584	0.01302303746342659	0.004932390060275793	0.005786098539829254	0.003663131268694997	0.005122968927025795	0.0024204582441598177
440	excitement	../Syntropy_Result_Finals/Models/Model_Journal_Tuned10	../Syntropy_Result_Finals/Models/Model_Journal_Tuned10	excitement	0.6387327909469604	0.6387327909469604	0.17909453809261322	0.04441026225686073	0.050261978060007095	0.04191745072603226	0.011708869598805904	0.012708082795143127	0.0054341708309948444	0.005291404668241739	0.0042675817385315895	0.0035713198594748974	0.002601583721116185
441	neutral	../Syntropy_Result_Finals/Models/Model_Journal_Tuned10	../Syntropy_Result_Finals/Models/Model_Journal_Tuned10	neutral	0.46095773577690125	0.23371216654777527	0.047817572951316833	0.13758841156959534	0.46095773577690125	0.04432932287454605	0.011415175162255764	0.022167319431900978	0.007047540042549372	0.01393200270831585	0.006946812383830547	0.007946934551000595	0.006138947326689959
442	pride	../Syntropy_Result_Finals/Models/Model_Journal_Tuned10	../Syntropy_Result_Finals/Models/Model_Journal_Tuned10	pride	0.39877644181251526	0.28618642687797546	0.39877644181251526	0.054110683500766754	0.1262085735797882	0.04713736101984978	0.02059052884578705	0.021227171644568443	0.012052171863615513	0.011992552317678928	0.010074312798678875	0.006008729338645935	0.005634973291307688
443	joy	../Syntropy_Result_Finals/Models/Model_Journal_Tuned10	../Syntropy_Result_Finals/Models/Model_Journal_Tuned10	neutral	0.7691684365272522	0.010382761247456074	0.02053152583539486	0.028748346492648125	0.7691684365272522	0.01511771697551012	0.033487409353256226	0.02042068913578987	0.01845998503267765	0.020441589877009392	0.01256944052875042	0.006766822189092636	0.04390527680516243
444	pride	../Syntropy_Result_Finals/Models/Model_Journal_Tuned10	../Syntropy_Result_Finals/Models/Model_Journal_Tuned10	pride	0.38585636019706726	0.2365819215774536	0.38585636019706726	0.08628179877996445	0.13506193459033966	0.05545146390795708	0.026763085275888443	0.026534318923950195	0.016834435984492302	0.011016366071999073	0.0090098325163126	0.006846609991043806	0.0037618866190314293
445	nervousness	../Syntropy_Result_Finals/Models/Model_Journal_Tuned10	../Syntropy_Result_Finals/Models/Model_Journal_Tuned10	excitement	0.3384183943271637	0.3384183943271637	0.08725787699222565	0.2220613658428192	0.2638627588748932	0.02152307890355587	0.016539834439754486	0.01599028892815113	0.005113279912620783	0.007140324451029301	0.006461012177169323	0.006270050071179867	0.00936183426529169
446	excitement	../Syntropy_Result_Finals/Models/Model_Journal_Tuned10	../Syntropy_Result_Finals/Models/Model_Journal_Tuned10	excitement	0.4533930718898773	0.4533930718898773	0.14146532118320465	0.16472996771335602	0.173506960272789	0.022381477057933807	0.01211537979543209	0.01331526879221201	0.005385291296988726	0.003326104022562504	0.003938430454581976	0.002578586107119918	0.003864196129143238
447	pride	../Syntropy_Result_Finals/Models/Model_Journal_Tuned10	../Syntropy_Result_Finals/Models/Model_Journal_Tuned10	pride	0.3102289140224457	0.13811925053596497	0.3102289140224457	0.11772018671035767	0.2024506777524948	0.042682088911533356	0.0424700565636158	0.05361142009496689	0.026905547827482224	0.025472117587924004	0.01977727748453617	0.011779047548770905	0.008783360943198204
448	excitement	../Syntropy_Result_Finals/Models/Model_Journal_Tuned10	../Syntropy_Result_Finals/Models/Model_Journal_Tuned10	pride	0.718242883682251	0.13034221529960632	0.718242883682251	0.03898398578166962	0.033738166093826294	0.021168384701013565	0.01580331102013588	0.010723062790930271	0.009104239754378796	0.006565988529473543	0.005343930330127478	0.005317819304764271	0.0046660201624035835
449	neutral	../Syntropy_Result_Finals/Models/Model_Journal_Tuned10	../Syntropy_Result_Finals/Models/Model_Journal_Tuned10	excitement	0.7841377854347229	0.7841377854347229	0.02998187392950058	0.1154007539153099	0.036482907831668854	0.013160399161279202	0.004311829339712858	0.008083188906311989	0.0018098525470122695	0.001542579266242683	0.0015863581793382764	0.002173095243051648	0.0013294059317559004
450	joy	../Syntropy_Result_Finals/Models/Model_Journal_Tuned10	../Syntropy_Result_Finals/Models/Model_Journal_Tuned10	joy	0.4042888879776001	0.30274495482444763	0.14248612523078918	0.4042888879776001	0.10002560913562775	0.00807796698063612	0.009690696373581886	0.008483425714075565	0.0077949329279363155	0.002807822311297059	0.003298102645203471	0.0024805800057947636	0.007820875383913517
451	surprise	../Syntropy_Result_Finals/Models/Model_Journal_Tuned10	../Syntropy_Result_Finals/Models/Model_Journal_Tuned10	excitement	0.570854902267456	0.570854902267456	0.13288800418376923	0.07417017221450806	0.12910667061805725	0.04658108577132225	0.009180734865367413	0.014041467569768429	0.005851127207279205	0.005774717777967453	0.0038232163060456514	0.004763411357998848	0.0029645056929439306
452	excitement	../Syntropy_Result_Finals/Models/Model_Journal_Tuned10	../Syntropy_Result_Finals/Models/Model_Journal_Tuned10	joy	0.42387112975120544	0.41929373145103455	0.048367977142333984	0.42387112975120544	0.07317279279232025	0.011633649468421936	0.004598451312631369	0.005303018726408482	0.0024995170533657074	0.002484075492247939	0.0022067732643336058	0.002966646570712328	0.003602371085435152
453	joy	../Syntropy_Result_Finals/Models/Model_Journal_Tuned10	../Syntropy_Result_Finals/Models/Model_Journal_Tuned10	neutral	0.3367772400379181	0.1032823771238327	0.04009374603629112	0.1675841361284256	0.3367772400379181	0.033526405692100525	0.05695416033267975	0.0693877562880516	0.015132691711187363	0.013032474555075169	0.004640837665647268	0.030690185725688934	0.12889796495437622
454	pride	../Syntropy_Result_Finals/Models/Model_Journal_Tuned10	../Syntropy_Result_Finals/Models/Model_Journal_Tuned10	excitement	0.4453294277191162	0.4453294277191162	0.2775333821773529	0.0730004608631134	0.08455334603786469	0.06731447577476501	0.00868288241326809	0.018196145072579384	0.006326909177005291	0.005816012155264616	0.0054156542755663395	0.004378594923764467	0.0034527364186942577
455	joy	../Syntropy_Result_Finals/Models/Model_Journal_Tuned10	../Syntropy_Result_Finals/Models/Model_Journal_Tuned10	pride	0.7407791018486023	0.03684384003281593	0.7407791018486023	0.05888428911566734	0.07041389495134354	0.02164822444319725	0.017121896147727966	0.012018508277833462	0.012754309922456741	0.008323190733790398	0.0052425311878323555	0.007368715014308691	0.008601478300988674
456	neutral	../Syntropy_Result_Finals/Models/Model_Journal_Tuned10	../Syntropy_Result_Finals/Models/Model_Journal_Tuned10	neutral	0.6535178422927856	0.0435328371822834	0.052551306784152985	0.0648709163069725	0.6535178422927856	0.03332065790891647	0.04344000667333603	0.030323248356580734	0.014634642750024796	0.014118677005171776	0.0077440435998141766	0.010931147262454033	0.03101464733481407
457	joy	../Syntropy_Result_Finals/Models/Model_Journal_Tuned10	../Syntropy_Result_Finals/Models/Model_Journal_Tuned10	neutral	0.5520491003990173	0.07725820690393448	0.03621688112616539	0.10616493970155716	0.5520491003990173	0.027629580348730087	0.04003990814089775	0.027640733867883682	0.02997778356075287	0.04765484109520912	0.01340951956808567	0.01552513986825943	0.026433436200022697
458	pride	../Syntropy_Result_Finals/Models/Model_Journal_Tuned10	../Syntropy_Result_Finals/Models/Model_Journal_Tuned10	pride	0.575823187828064	0.21515388786792755	0.575823187828064	0.040136367082595825	0.06330674886703491	0.04118765890598297	0.013610437512397766	0.017043422907590866	0.008521528914570808	0.006983032450079918	0.0052512832917273045	0.007408000063151121	0.005574472714215517
459	nervousness	../Syntropy_Result_Finals/Models/Model_Journal_Tuned10	../Syntropy_Result_Finals/Models/Model_Journal_Tuned10	excitement	0.9405388832092285	0.9405388832092285	0.010667825117707253	0.018518857657909393	0.008246318437159061	0.010422737337648869	0.0022239519748836756	0.0028662271797657013	0.0017957724630832672	0.0014447916764765978	0.0015229692216962576	0.0010622896952554584	0.0006893632235005498
460	joy	../Syntropy_Result_Finals/Models/Model_Journal_Tuned10	../Syntropy_Result_Finals/Models/Model_Journal_Tuned10	joy	0.3746749758720398	0.2357398122549057	0.05689829960465431	0.3746749758720398	0.22072671353816986	0.021412497386336327	0.02169218100607395	0.011864143423736095	0.007682101335376501	0.006370611023157835	0.004174910020083189	0.010263741947710514	0.028499923646450043
461	neutral	../Syntropy_Result_Finals/Models/Model_Journal_Tuned10	../Syntropy_Result_Finals/Models/Model_Journal_Tuned10	pride	0.4760996103286743	0.06709795445203781	0.4760996103286743	0.0907934382557869	0.20707304775714874	0.013538194820284843	0.03249020501971245	0.01834467053413391	0.028193293139338493	0.012088293209671974	0.019051559269428253	0.006352114025503397	0.02887759730219841
462	pride	../Syntropy_Result_Finals/Models/Model_Journal_Tuned10	../Syntropy_Result_Finals/Models/Model_Journal_Tuned10	joy	0.37795117497444153	0.3556285500526428	0.03569072112441063	0.37795117497444153	0.1822420060634613	0.012262975797057152	0.009144480340182781	0.007080201990902424	0.002913361880928278	0.003203876316547394	0.002761587267741561	0.003864254802465439	0.007256895303726196
463	joy	../Syntropy_Result_Finals/Models/Model_Journal_Tuned10	../Syntropy_Result_Finals/Models/Model_Journal_Tuned10	excitement	0.7665454149246216	0.7665454149246216	0.03764038905501366	0.024781323969364166	0.04531214013695717	0.03121253103017807	0.027115214616060257	0.015009586699306965	0.03086424060165882	0.006573444698005915	0.005377408117055893	0.004180663265287876	0.005387553945183754
464	joy	../Syntropy_Result_Finals/Models/Model_Journal_Tuned10	../Syntropy_Result_Finals/Models/Model_Journal_Tuned10	joy	0.37814584374427795	0.36136892437934875	0.04982142150402069	0.37814584374427795	0.17390279471874237	0.009347195737063885	0.0050057037733495235	0.004903228022158146	0.0030756446067243814	0.003010717686265707	0.0028906140942126513	0.0038148064631968737	0.004713178612291813
465	joy	../Syntropy_Result_Finals/Models/Model_Journal_Tuned10	../Syntropy_Result_Finals/Models/Model_Journal_Tuned10	neutral	0.30734869837760925	0.1027950868010521	0.20073644816875458	0.10305453836917877	0.30734869837760925	0.03735150024294853	0.07791844755411148	0.03366309404373169	0.030605090782046318	0.0383034311234951	0.03213396668434143	0.010614673607051373	0.02547505870461464
466	pride	../Syntropy_Result_Finals/Models/Model_Journal_Tuned10	../Syntropy_Result_Finals/Models/Model_Journal_Tuned10	pride	0.745374858379364	0.0989728644490242	0.745374858379364	0.03983072564005852	0.035304855555295944	0.016587406396865845	0.0169058945029974	0.012785877101123333	0.010936271399259567	0.0068654865026474	0.00506760785356164	0.0060692899860441685	0.005298855248838663
467	excitement	../Syntropy_Result_Finals/Models/Model_Journal_Tuned10	../Syntropy_Result_Finals/Models/Model_Journal_Tuned10	excitement	0.7177833914756775	0.7177833914756775	0.037171341478824615	0.16571304202079773	0.04681050404906273	0.01326345931738615	0.003911023028194904	0.004161883145570755	0.002487910445779562	0.002354739001020789	0.0020439743530005217	0.002039309125393629	0.0022593867033720016
468	embarrassment	../Syntropy_Result_Finals/Models/Model_Journal_Tuned10	../Syntropy_Result_Finals/Models/Model_Journal_Tuned10	disgust	0.22485442459583282	0.009682907722890377	0.015736162662506104	0.01125329453498125	0.20892630517482758	0.012051666155457497	0.15175659954547882	0.050588395446538925	0.09944305568933487	0.22485442459583282	0.02841070294380188	0.038108740001916885	0.1491878181695938
469	surprise	../Syntropy_Result_Finals/Models/Model_Journal_Tuned10	../Syntropy_Result_Finals/Models/Model_Journal_Tuned10	excitement	0.6570957899093628	0.6570957899093628	0.04778921604156494	0.054349515587091446	0.04928992688655853	0.1509200781583786	0.009489726275205612	0.008826659992337227	0.004809674806892872	0.004844853654503822	0.0028703371062874794	0.00556525681167841	0.004148963838815689
470	excitement	../Syntropy_Result_Finals/Models/Model_Journal_Tuned10	../Syntropy_Result_Finals/Models/Model_Journal_Tuned10	neutral	0.6657895445823669	0.046952277421951294	0.04282673820853233	0.13019806146621704	0.6657895445823669	0.014481832273304462	0.0235608983784914	0.01894189417362213	0.004716010764241219	0.008072350174188614	0.005155316088348627	0.010550974868237972	0.028754154220223427
471	joy	../Syntropy_Result_Finals/Models/Model_Journal_Tuned10	../Syntropy_Result_Finals/Models/Model_Journal_Tuned10	neutral	0.52115797996521	0.12523572146892548	0.07780742645263672	0.1696046143770218	0.52115797996521	0.03033403679728508	0.014834563247859478	0.013744257390499115	0.008598574437201023	0.015439672395586967	0.008335120975971222	0.006615340709686279	0.00829272624105215
472	neutral	../Syntropy_Result_Finals/Models/Model_Journal_Tuned10	../Syntropy_Result_Finals/Models/Model_Journal_Tuned10	excitement	0.37558960914611816	0.37558960914611816	0.05809459462761879	0.17428277432918549	0.3047298789024353	0.02638157457113266	0.014990783296525478	0.013872990384697914	0.012492426671087742	0.006365087814629078	0.004934938158839941	0.004356812220066786	0.0039085508324205875
473	neutral	../Syntropy_Result_Finals/Models/Model_Journal_Tuned10	../Syntropy_Result_Finals/Models/Model_Journal_Tuned10	joy	0.4529087245464325	0.43686923384666443	0.023666922003030777	0.4529087245464325	0.05597733333706856	0.00728244986385107	0.00478049973025918	0.004689686466008425	0.0020224580075591803	0.002113337628543377	0.002298153704032302	0.0028941959608346224	0.0044969902373850346
474	neutral	../Syntropy_Result_Finals/Models/Model_Journal_Tuned10	../Syntropy_Result_Finals/Models/Model_Journal_Tuned10	excitement	0.32769861817359924	0.32769861817359924	0.2702682316303253	0.14890843629837036	0.1313178688287735	0.03131470829248428	0.02605699934065342	0.018438294529914856	0.017430463805794716	0.007283303886651993	0.007252861745655537	0.00565149262547493	0.008378715254366398
475	pride	../Syntropy_Result_Finals/Models/Model_Journal_Tuned10	../Syntropy_Result_Finals/Models/Model_Journal_Tuned10	neutral	0.27813249826431274	0.056578103452920914	0.22462031245231628	0.033623743802309036	0.27813249826431274	0.03491898998618126	0.08946602791547775	0.06942722946405411	0.05180126428604126	0.05622880160808563	0.06755026429891586	0.01532355323433876	0.02232922613620758
476	joy	../Syntropy_Result_Finals/Models/Model_Journal_Tuned10	../Syntropy_Result_Finals/Models/Model_Journal_Tuned10	nervousness	0.5211883187294006	0.030146023258566856	0.019701065495610237	0.022952044382691383	0.07454662024974823	0.02438238449394703	0.5211883187294006	0.06542374193668365	0.07883594930171967	0.0341128446161747	0.0074925608932971954	0.04801897332072258	0.07319952547550201
477	pride	../Syntropy_Result_Finals/Models/Model_Journal_Tuned10	../Syntropy_Result_Finals/Models/Model_Journal_Tuned10	pride	0.432768851518631	0.2664191424846649	0.432768851518631	0.1025155559182167	0.10612687468528748	0.0303404089063406	0.015796085819602013	0.01747121289372444	0.007266365457326174	0.007703619077801704	0.004867648705840111	0.005373048596084118	0.0033511410001665354
478	surprise	../Syntropy_Result_Finals/Models/Model_Journal_Tuned10	../Syntropy_Result_Finals/Models/Model_Journal_Tuned10	neutral	0.47380053997039795	0.166672483086586	0.06524485349655151	0.12443637102842331	0.47380053997039795	0.04865455999970436	0.03394755721092224	0.023229030892252922	0.017845330759882927	0.012203586287796497	0.0047400640323758125	0.007051889318972826	0.02217365801334381
479	fear	../Syntropy_Result_Finals/Models/Model_Journal_Tuned10	../Syntropy_Result_Finals/Models/Model_Journal_Tuned10	nervousness	0.4393414556980133	0.016380637884140015	0.022249069064855576	0.018289482221007347	0.10350362956523895	0.012953197583556175	0.4393414556980133	0.07189378142356873	0.12598347663879395	0.03949340060353279	0.028082331642508507	0.02084757387638092	0.10098206996917725
480	neutral	../Syntropy_Result_Finals/Models/Model_Journal_Tuned10	../Syntropy_Result_Finals/Models/Model_Journal_Tuned10	joy	0.381523460149765	0.31075069308280945	0.04522241652011871	0.381523460149765	0.2045706957578659	0.013326747342944145	0.011517549864947796	0.00899907760322094	0.004774198867380619	0.0033427304588258266	0.003042921656742692	0.003403014736250043	0.009526544250547886
481	pride	../Syntropy_Result_Finals/Models/Model_Journal_Tuned10	../Syntropy_Result_Finals/Models/Model_Journal_Tuned10	neutral	0.4696286618709564	0.10154397040605545	0.1787242442369461	0.060489069670438766	0.4696286618709564	0.029861915856599808	0.04326220974326134	0.03470514714717865	0.016519097611308098	0.02214355580508709	0.013989006169140339	0.011603958904743195	0.017529025673866272
482	neutral	../Syntropy_Result_Finals/Models/Model_Journal_Tuned10	../Syntropy_Result_Finals/Models/Model_Journal_Tuned10	neutral	0.3814045190811157	0.20739024877548218	0.17024852335453033	0.10430946946144104	0.3814045190811157	0.023682303726673126	0.019249409437179565	0.02500922791659832	0.015334772877395153	0.012052643112838268	0.018294183537364006	0.006578078959137201	0.016446584835648537
483	joy	../Syntropy_Result_Finals/Models/Model_Journal_Tuned10	../Syntropy_Result_Finals/Models/Model_Journal_Tuned10	excitement	0.28798896074295044	0.28798896074295044	0.14182493090629578	0.23058602213859558	0.2453780323266983	0.032785844057798386	0.01241895742714405	0.015221443958580494	0.006298886612057686	0.010361790657043457	0.006986619438976049	0.006036743987351656	0.004111689515411854
484	anger	../Syntropy_Result_Finals/Models/Model_Journal_Tuned10	../Syntropy_Result_Finals/Models/Model_Journal_Tuned10	neutral	0.5750894546508789	0.06740909814834595	0.05984459072351456	0.06018952652812004	0.5750894546508789	0.025107230991125107	0.050918761640787125	0.03569265455007553	0.032496701925992966	0.0402257964015007	0.017597220838069916	0.012592164799571037	0.02283676341176033
485	joy	../Syntropy_Result_Finals/Models/Model_Journal_Tuned10	../Syntropy_Result_Finals/Models/Model_Journal_Tuned10	excitement	0.7822903990745544	0.7822903990745544	0.07321823388338089	0.03337685391306877	0.04240582510828972	0.0400644987821579	0.005255463998764753	0.00908359419554472	0.0034240656532347202	0.003275040304288268	0.00387144205160439	0.0020290922839194536	0.0017054128693416715
486	excitement	../Syntropy_Result_Finals/Models/Model_Journal_Tuned10	../Syntropy_Result_Finals/Models/Model_Journal_Tuned10	excitement	0.8304436206817627	0.8304436206817627	0.051543183624744415	0.019706260412931442	0.025916792452335358	0.02383280172944069	0.01235576719045639	0.012629074044525623	0.0084730489179492	0.004809903912246227	0.004868604708462954	0.0029067692812532187	0.0025143041275441647
487	neutral	../Syntropy_Result_Finals/Models/Model_Journal_Tuned10	../Syntropy_Result_Finals/Models/Model_Journal_Tuned10	neutral	0.3354114890098572	0.25371354818344116	0.06528240442276001	0.2642991542816162	0.3354114890098572	0.01832749880850315	0.01271986123174429	0.01043237466365099	0.00746142165735364	0.009660475887358189	0.007225732319056988	0.004245561547577381	0.011220518499612808
488	neutral	../Syntropy_Result_Finals/Models/Model_Journal_Tuned10	../Syntropy_Result_Finals/Models/Model_Journal_Tuned10	pride	0.3500722646713257	0.14955046772956848	0.3500722646713257	0.20580382645130157	0.18064436316490173	0.01668785884976387	0.028331926092505455	0.017741244286298752	0.019512519240379333	0.006108278874307871	0.005462631583213806	0.005395212210714817	0.014689349569380283
489	excitement	../Syntropy_Result_Finals/Models/Model_Journal_Tuned10	../Syntropy_Result_Finals/Models/Model_Journal_Tuned10	joy	0.48072296380996704	0.3415895104408264	0.0337648019194603	0.48072296380996704	0.08999880403280258	0.012426077388226986	0.008953830227255821	0.011460913345217705	0.0036308050621300936	0.005042613949626684	0.004183764569461346	0.003790821647271514	0.004435177426785231
490	pride	../Syntropy_Result_Finals/Models/Model_Journal_Tuned10	../Syntropy_Result_Finals/Models/Model_Journal_Tuned10	joy	0.40729856491088867	0.30377376079559326	0.06519680470228195	0.40729856491088867	0.17396333813667297	0.01698227971792221	0.006973080337047577	0.008813319727778435	0.0035323596093803644	0.004101417027413845	0.0030527301132678986	0.0028546322137117386	0.0034576510079205036
491	pride	../Syntropy_Result_Finals/Models/Model_Journal_Tuned10	../Syntropy_Result_Finals/Models/Model_Journal_Tuned10	excitement	0.544208288192749	0.544208288192749	0.03667542710900307	0.3281380236148834	0.05882072448730469	0.009783079847693443	0.004693576600402594	0.005130894482135773	0.0030461098067462444	0.002185253659263253	0.002547271316871047	0.002038284670561552	0.0027331204619258642
492	pride	../Syntropy_Result_Finals/Models/Model_Journal_Tuned10	../Syntropy_Result_Finals/Models/Model_Journal_Tuned10	neutral	0.4742264449596405	0.035486023873090744	0.2462749183177948	0.054905038326978683	0.4742264449596405	0.016714951023459435	0.03064296767115593	0.02131754346191883	0.02727634273469448	0.029086239635944366	0.035208772867918015	0.006894451100379229	0.021966278553009033
493	neutral	../Syntropy_Result_Finals/Models/Model_Journal_Tuned10	../Syntropy_Result_Finals/Models/Model_Journal_Tuned10	neutral	0.4070505201816559	0.08549977093935013	0.17936748266220093	0.04789404198527336	0.4070505201816559	0.025661485269665718	0.04613121971487999	0.03476615995168686	0.061453819274902344	0.041786305606365204	0.04940398037433624	0.008300025016069412	0.012685160152614117
494	excitement	../Syntropy_Result_Finals/Models/Model_Journal_Tuned10	../Syntropy_Result_Finals/Models/Model_Journal_Tuned10	excitement	0.9188770651817322	0.9188770651817322	0.015179586596786976	0.021244941279292107	0.013207838870584965	0.013206553645431995	0.004569628741592169	0.0047143022529780865	0.0026697248686105013	0.0018278714269399643	0.0017160001443699002	0.0015901864971965551	0.001196295372210443
495	pride	../Syntropy_Result_Finals/Models/Model_Journal_Tuned10	../Syntropy_Result_Finals/Models/Model_Journal_Tuned10	neutral	0.41802510619163513	0.20489904284477234	0.16699092090129852	0.08388978242874146	0.41802510619163513	0.017243707552552223	0.02657141722738743	0.019512897357344627	0.018298720940947533	0.008678808808326721	0.010581325739622116	0.007129658479243517	0.018178625032305717
496	joy	../Syntropy_Result_Finals/Models/Model_Journal_Tuned10	../Syntropy_Result_Finals/Models/Model_Journal_Tuned10	neutral	0.3471134603023529	0.09607794135808945	0.08900335431098938	0.098417729139328	0.3471134603023529	0.027846207842230797	0.13049229979515076	0.030460894107818604	0.044565651565790176	0.026342155411839485	0.018329625949263573	0.01436882559210062	0.07698177546262741
497	fear	../Syntropy_Result_Finals/Models/Model_Journal_Tuned10	../Syntropy_Result_Finals/Models/Model_Journal_Tuned10	nervousness	0.3938983082771301	0.014327248558402061	0.01432393491268158	0.012972123920917511	0.058521781116724014	0.014686121605336666	0.3938983082771301	0.07819924503564835	0.371139258146286	0.012147132307291031	0.00785266887396574	0.010231169871985912	0.011701044626533985
498	pride	../Syntropy_Result_Finals/Models/Model_Journal_Tuned10	../Syntropy_Result_Finals/Models/Model_Journal_Tuned10	pride	0.4323156177997589	0.3183269798755646	0.4323156177997589	0.06227107718586922	0.08934320509433746	0.03398783877491951	0.013707272708415985	0.01745254546403885	0.0077570159919559956	0.008303536102175713	0.005245694424957037	0.006377756595611572	0.004911412950605154
499	pride	../Syntropy_Result_Finals/Models/Model_Journal_Tuned10	../Syntropy_Result_Finals/Models/Model_Journal_Tuned10	pride	0.7991007566452026	0.023987259715795517	0.7991007566452026	0.020073402673006058	0.03541522100567818	0.01716522127389908	0.02414138801395893	0.019085202366113663	0.020242776721715927	0.01475299708545208	0.010197119787335396	0.009678037837147713	0.0061606597155332565
500	excitement	../Syntropy_Result_Finals/Models/Model_Journal_Tuned10	../Syntropy_Result_Finals/Models/Model_Journal_Tuned10	pride	0.7295524477958679	0.08080659061670303	0.7295524477958679	0.03523838892579079	0.0491984561085701	0.031323451548814774	0.019845563918352127	0.015569561161100864	0.009514342062175274	0.009834904223680496	0.005789813585579395	0.00892377644777298	0.004402743186801672
501	neutral	../Syntropy_Result_Finals/Models/Model_Journal_Tuned10	../Syntropy_Result_Finals/Models/Model_Journal_Tuned10	excitement	0.7903681993484497	0.7903681993484497	0.06329994648694992	0.045382652431726456	0.04156516492366791	0.021837064996361732	0.0069700018502771854	0.014525187201797962	0.0045421370305120945	0.0036826273426413536	0.003175727091729641	0.002861588029190898	0.0017898209625855088
502	neutral	../Syntropy_Result_Finals/Models/Model_Journal_Tuned10	../Syntropy_Result_Finals/Models/Model_Journal_Tuned10	excitement	0.7673843502998352	0.7673843502998352	0.02314213290810585	0.15807421505451202	0.02226305566728115	0.014213589951395988	0.0023313353303819895	0.0040744272992014885	0.0016747142653912306	0.0018130840035155416	0.0017269125673919916	0.0020086972508579493	0.0012934254482388496
503	embarrassment	../Syntropy_Result_Finals/Models/Model_Journal_Tuned10	../Syntropy_Result_Finals/Models/Model_Journal_Tuned10	neutral	0.3611726760864258	0.0464155487716198	0.03343154489994049	0.1565863937139511	0.3611726760864258	0.01228249166160822	0.045002274215221405	0.02753089927136898	0.03036031685769558	0.12573038041591644	0.11618094146251678	0.021747827529907227	0.02355870231986046
504	pride	../Syntropy_Result_Finals/Models/Model_Journal_Tuned10	../Syntropy_Result_Finals/Models/Model_Journal_Tuned10	neutral	0.5958435535430908	0.08913512527942657	0.13513363897800446	0.04902943968772888	0.5958435535430908	0.030830807983875275	0.018246833235025406	0.03487564995884895	0.009296535514295101	0.011359318159520626	0.011930455453693867	0.006796109024435282	0.00752257090061903
505	pride	../Syntropy_Result_Finals/Models/Model_Journal_Tuned10	../Syntropy_Result_Finals/Models/Model_Journal_Tuned10	neutral	0.36487138271331787	0.25160276889801025	0.12706466019153595	0.12551560997962952	0.36487138271331787	0.03260217607021332	0.02787213958799839	0.0230597872287035	0.012720771133899689	0.010472516529262066	0.008831568993628025	0.005447539500892162	0.009939235635101795
506	joy	../Syntropy_Result_Finals/Models/Model_Journal_Tuned10	../Syntropy_Result_Finals/Models/Model_Journal_Tuned10	joy	0.34327369928359985	0.2809479534626007	0.09184632450342178	0.34327369928359985	0.2075950652360916	0.017190055921673775	0.01700654998421669	0.010595482774078846	0.00683498103171587	0.007197854109108448	0.005921171046793461	0.003915213979780674	0.007675737142562866
507	joy	../Syntropy_Result_Finals/Models/Model_Journal_Tuned10	../Syntropy_Result_Finals/Models/Model_Journal_Tuned10	neutral	0.7783313989639282	0.060368653386831284	0.02902914583683014	0.044311653822660446	0.7783313989639282	0.020611757412552834	0.00937047228217125	0.024494340643286705	0.006599480286240578	0.008372285403311253	0.007727234624326229	0.0056274039670825005	0.005156203638762236
508	excitement	../Syntropy_Result_Finals/Models/Model_Journal_Tuned10	../Syntropy_Result_Finals/Models/Model_Journal_Tuned10	excitement	0.49040043354034424	0.49040043354034424	0.13616256415843964	0.05142948776483536	0.19084227085113525	0.038329631090164185	0.014078340493142605	0.027356181293725967	0.01721920631825924	0.01311498787254095	0.009215453639626503	0.005359098315238953	0.006492309272289276
509	joy	../Syntropy_Result_Finals/Models/Model_Journal_Tuned10	../Syntropy_Result_Finals/Models/Model_Journal_Tuned10	neutral	0.2720158100128174	0.2410142868757248	0.17504972219467163	0.10963862389326096	0.2720158100128174	0.03773859515786171	0.057344309985637665	0.03294717147946358	0.016906362026929855	0.0065143536776304245	0.005393836181610823	0.009400825016200542	0.036036115139722824
510	neutral	../Syntropy_Result_Finals/Models/Model_Journal_Tuned10	../Syntropy_Result_Finals/Models/Model_Journal_Tuned10	joy	0.3931118845939636	0.21332091093063354	0.09747792780399323	0.3931118845939636	0.23709946870803833	0.011057917028665543	0.013454173691570759	0.0067206998355686665	0.005483070854097605	0.004395246040076017	0.003677838249132037	0.00460320757701993	0.00959768332540989
511	neutral	../Syntropy_Result_Finals/Models/Model_Journal_Tuned10	../Syntropy_Result_Finals/Models/Model_Journal_Tuned10	pride	0.28583285212516785	0.05276038497686386	0.28583285212516785	0.07520828396081924	0.28508642315864563	0.023728737607598305	0.07612613588571548	0.038542699068784714	0.05598129704594612	0.02286401391029358	0.013228492811322212	0.01503903977572918	0.055601589381694794
512	embarrassment	../Syntropy_Result_Finals/Models/Model_Journal_Tuned10	../Syntropy_Result_Finals/Models/Model_Journal_Tuned10	neutral	0.23692239820957184	0.02040235698223114	0.04568947106599808	0.021432392299175262	0.23692239820957184	0.013513712212443352	0.16855184733867645	0.04675693064928055	0.09116242080926895	0.14368034899234772	0.1405010223388672	0.017323195934295654	0.054063960909843445
513	joy	../Syntropy_Result_Finals/Models/Model_Journal_Tuned10	../Syntropy_Result_Finals/Models/Model_Journal_Tuned10	neutral	0.5898763537406921	0.10554402321577072	0.06049007922410965	0.14885154366493225	0.5898763537406921	0.01836921088397503	0.013645723462104797	0.020719341933727264	0.00708978995680809	0.013273469172418118	0.008531001396477222	0.005372487474232912	0.00823703221976757
514	disgust	../Syntropy_Result_Finals/Models/Model_Journal_Tuned10	../Syntropy_Result_Finals/Models/Model_Journal_Tuned10	nervousness	0.3447287380695343	0.019495347514748573	0.04698655381798744	0.01622055284678936	0.11949064582586288	0.023151155561208725	0.3447287380695343	0.08393345773220062	0.12134268879890442	0.08132708817720413	0.061633408069610596	0.018949396908283234	0.06274111568927765
515	nervousness	../Syntropy_Result_Finals/Models/Model_Journal_Tuned10	../Syntropy_Result_Finals/Models/Model_Journal_Tuned10	pride	0.7420315146446228	0.033314190804958344	0.7420315146446228	0.024582279846072197	0.04681924358010292	0.02647092379629612	0.037238843739032745	0.024020887911319733	0.02297993190586567	0.015575435943901539	0.008645418100059032	0.012392987497150898	0.005928429309278727
516	neutral	../Syntropy_Result_Finals/Models/Model_Journal_Tuned10	../Syntropy_Result_Finals/Models/Model_Journal_Tuned10	excitement	0.5521251559257507	0.5521251559257507	0.05593506991863251	0.24761705100536346	0.09778489917516708	0.011674315668642521	0.007987596094608307	0.008395280689001083	0.004292414523661137	0.003155230777338147	0.004916436970233917	0.002574615180492401	0.003541987156495452
517	pride	../Syntropy_Result_Finals/Models/Model_Journal_Tuned10	../Syntropy_Result_Finals/Models/Model_Journal_Tuned10	neutral	0.3589889109134674	0.17273476719856262	0.23781746625900269	0.10873979330062866	0.3589889109134674	0.019762802869081497	0.02814580872654915	0.026867512613534927	0.015140803530812263	0.009217387065291405	0.012708076275885105	0.004276564810425043	0.005600099917501211
518	pride	../Syntropy_Result_Finals/Models/Model_Journal_Tuned10	../Syntropy_Result_Finals/Models/Model_Journal_Tuned10	excitement	0.9173327684402466	0.9173327684402466	0.011334261856973171	0.03823499754071236	0.010940288193523884	0.008565202355384827	0.002698794938623905	0.003124640788882971	0.0021502762101590633	0.001632686355151236	0.0014176260447129607	0.0015625872183591127	0.0010058529442176223
519	nervousness	../Syntropy_Result_Finals/Models/Model_Journal_Tuned10	../Syntropy_Result_Finals/Models/Model_Journal_Tuned10	neutral	0.5355398654937744	0.03324572369456291	0.03229602798819542	0.014355805702507496	0.5355398654937744	0.02803105302155018	0.11909238249063492	0.0856873020529747	0.033975183963775635	0.02764294110238552	0.015221909619867802	0.021461674943566322	0.05345011129975319
520	nervousness	../Syntropy_Result_Finals/Models/Model_Journal_Tuned10	../Syntropy_Result_Finals/Models/Model_Journal_Tuned10	excitement	0.36700838804244995	0.36700838804244995	0.15685667097568512	0.11388062685728073	0.18199266493320465	0.039526522159576416	0.03626697510480881	0.02557941898703575	0.016754571348428726	0.014091652818024158	0.01499949861317873	0.017314540222287178	0.01572849601507187
521	pride	../Syntropy_Result_Finals/Models/Model_Journal_Tuned10	../Syntropy_Result_Finals/Models/Model_Journal_Tuned10	neutral	0.4306533932685852	0.3377944529056549	0.04437026381492615	0.07485908269882202	0.4306533932685852	0.026085201650857925	0.01886708289384842	0.034512948244810104	0.007513827178627253	0.0069527472369372845	0.003905097022652626	0.006480250041931868	0.008005605079233646
522	pride	../Syntropy_Result_Finals/Models/Model_Journal_Tuned10	../Syntropy_Result_Finals/Models/Model_Journal_Tuned10	pride	0.4709862172603607	0.1504656821489334	0.4709862172603607	0.20426563918590546	0.0944804698228836	0.028776057064533234	0.012273399159312248	0.010498866438865662	0.008988797664642334	0.0036810911260545254	0.0041734627448022366	0.00431684497743845	0.0070935506373643875
523	sadness	../Syntropy_Result_Finals/Models/Model_Journal_Tuned10	../Syntropy_Result_Finals/Models/Model_Journal_Tuned10	sadness	0.6632139086723328	0.002576157683506608	0.009870892390608788	0.009337439201772213	0.03992537409067154	0.004466176964342594	0.1517331898212433	0.014620183035731316	0.06518689543008804	0.018411507830023766	0.004246377851814032	0.016411926597356796	0.6632139086723328
524	pride	../Syntropy_Result_Finals/Models/Model_Journal_Tuned10	../Syntropy_Result_Finals/Models/Model_Journal_Tuned10	pride	0.7366862893104553	0.0395294614136219	0.7366862893104553	0.028162933886051178	0.05948280543088913	0.025111714377999306	0.026095323264598846	0.0222088061273098	0.020089587196707726	0.016544466838240623	0.01064269058406353	0.00868025328963995	0.006765579804778099
525	neutral	../Syntropy_Result_Finals/Models/Model_Journal_Tuned10	../Syntropy_Result_Finals/Models/Model_Journal_Tuned10	neutral	0.6675398349761963	0.047004953026771545	0.06349080055952072	0.08337860554456711	0.6675398349761963	0.012453143484890461	0.03951363265514374	0.023695768788456917	0.0153028080239892	0.008395853452384472	0.008365386165678501	0.005490571726113558	0.02536860480904579
526	sadness	../Syntropy_Result_Finals/Models/Model_Journal_Tuned10	../Syntropy_Result_Finals/Models/Model_Journal_Tuned10	nervousness	0.3964340090751648	0.010303529910743237	0.012949874624609947	0.010872509330511093	0.04947195574641228	0.012076563201844692	0.3964340090751648	0.040181778371334076	0.09355547279119492	0.17070718109607697	0.013889404945075512	0.16667641699314117	0.02288137748837471
527	excitement	../Syntropy_Result_Finals/Models/Model_Journal_Tuned10	../Syntropy_Result_Finals/Models/Model_Journal_Tuned10	excitement	0.8127116560935974	0.8127116560935974	0.04098781570792198	0.020339446142315865	0.04089249297976494	0.028424028307199478	0.017093287780880928	0.011049862951040268	0.010610776953399181	0.006158007308840752	0.006118257064372301	0.002907718997448683	0.0027066718321293592
528	excitement	../Syntropy_Result_Finals/Models/Model_Journal_Tuned10	../Syntropy_Result_Finals/Models/Model_Journal_Tuned10	excitement	0.8210502862930298	0.8210502862930298	0.04325065389275551	0.05908047407865524	0.03724444657564163	0.012646791525185108	0.0069457353092730045	0.0067930021323263645	0.00409679627045989	0.0021027508191764355	0.0024087843485176563	0.0023275709245353937	0.002052771858870983
529	neutral	../Syntropy_Result_Finals/Models/Model_Journal_Tuned10	../Syntropy_Result_Finals/Models/Model_Journal_Tuned10	neutral	0.5136548280715942	0.13247992098331451	0.09709343314170837	0.11627066135406494	0.5136548280715942	0.029818346723914146	0.040553655475378036	0.021398866549134254	0.014676306396722794	0.008255552500486374	0.005322365555912256	0.006749182473868132	0.013726888224482536
530	nervousness	../Syntropy_Result_Finals/Models/Model_Journal_Tuned10	../Syntropy_Result_Finals/Models/Model_Journal_Tuned10	nervousness	0.5487681031227112	0.007786039263010025	0.013049089349806309	0.009531788527965546	0.0480501614511013	0.015413844957947731	0.5487681031227112	0.030260324478149414	0.1013551875948906	0.07912997156381607	0.010830668732523918	0.03403203934431076	0.10179276019334793
531	joy	../Syntropy_Result_Finals/Models/Model_Journal_Tuned10	../Syntropy_Result_Finals/Models/Model_Journal_Tuned10	pride	0.3142269253730774	0.30250027775764465	0.3142269253730774	0.1891256868839264	0.10412432998418808	0.019763128831982613	0.018252402544021606	0.01978246681392193	0.00856809876859188	0.007203677203506231	0.006348877213895321	0.005309361964464188	0.004794793203473091
532	joy	../Syntropy_Result_Finals/Models/Model_Journal_Tuned10	../Syntropy_Result_Finals/Models/Model_Journal_Tuned10	excitement	0.4617517590522766	0.4617517590522766	0.02347503788769245	0.40348806977272034	0.07903212308883667	0.009442555718123913	0.004728593863546848	0.00449092173948884	0.0021211428102105856	0.002083531813696027	0.0019338851561769843	0.002656875643879175	0.004795479122549295
533	neutral	../Syntropy_Result_Finals/Models/Model_Journal_Tuned10	../Syntropy_Result_Finals/Models/Model_Journal_Tuned10	neutral	0.34233659505844116	0.0505673848092556	0.08269003033638	0.03284506872296333	0.34233659505844116	0.038129210472106934	0.18718189001083374	0.08126279711723328	0.08910162001848221	0.029822854325175285	0.018821176141500473	0.014149456284940243	0.03309183567762375
534	excitement	../Syntropy_Result_Finals/Models/Model_Journal_Tuned10	../Syntropy_Result_Finals/Models/Model_Journal_Tuned10	excitement	0.40712788701057434	0.40712788701057434	0.22902651131153107	0.176852747797966	0.12545107305049896	0.02347637340426445	0.00907440297305584	0.010173870250582695	0.005235481541603804	0.0032431886065751314	0.003945155534893274	0.0028549490962177515	0.0035383529029786587
535	joy	../Syntropy_Result_Finals/Models/Model_Journal_Tuned10	../Syntropy_Result_Finals/Models/Model_Journal_Tuned10	neutral	0.3249521255493164	0.3094865381717682	0.04659294709563255	0.24732372164726257	0.3249521255493164	0.01903086155653	0.00994871836155653	0.009968753904104233	0.0034682757686823606	0.00503512704744935	0.0047799707390367985	0.006816669832915068	0.012596236541867256
536	anger	../Syntropy_Result_Finals/Models/Model_Journal_Tuned10	../Syntropy_Result_Finals/Models/Model_Journal_Tuned10	fear	0.8246501684188843	0.006314781028777361	0.005518491379916668	0.005564497783780098	0.016492700204253197	0.006746190134435892	0.0651380643248558	0.010718819685280323	0.8246501684188843	0.027614906430244446	0.013498615473508835	0.0061773681081831455	0.011565395630896091
537	neutral	../Syntropy_Result_Finals/Models/Model_Journal_Tuned10	../Syntropy_Result_Finals/Models/Model_Journal_Tuned10	neutral	0.41330963373184204	0.16189993917942047	0.082515187561512	0.21453948318958282	0.41330963373184204	0.0142262764275074	0.03338228166103363	0.022545471787452698	0.016392797231674194	0.01113216020166874	0.014726647175848484	0.006309290882200003	0.009020824916660786
538	pride	../Syntropy_Result_Finals/Models/Model_Journal_Tuned10	../Syntropy_Result_Finals/Models/Model_Journal_Tuned10	pride	0.8184823393821716	0.029240012168884277	0.8184823393821716	0.018873801454901695	0.025027427822351456	0.017510579898953438	0.02435893379151821	0.015870649367570877	0.019012993201613426	0.011080777272582054	0.006707985885441303	0.008822187781333923	0.00501222675666213
539	joy	../Syntropy_Result_Finals/Models/Model_Journal_Tuned10	../Syntropy_Result_Finals/Models/Model_Journal_Tuned10	neutral	0.29694488644599915	0.10557074099779129	0.2716852128505707	0.0570555217564106	0.29694488644599915	0.02508697099983692	0.0622682124376297	0.05309551954269409	0.055253952741622925	0.01768704131245613	0.020486950874328613	0.00955901201814413	0.025305958464741707
540	joy	../Syntropy_Result_Finals/Models/Model_Journal_Tuned10	../Syntropy_Result_Finals/Models/Model_Journal_Tuned10	excitement	0.7898358702659607	0.7898358702659607	0.030633363872766495	0.1112004965543747	0.021037565544247627	0.025717392563819885	0.0034246535506099463	0.008694428950548172	0.002143607474863529	0.0011202438035979867	0.0017905097920447588	0.001992206322029233	0.0024096837732940912
541	excitement	../Syntropy_Result_Finals/Models/Model_Journal_Tuned10	../Syntropy_Result_Finals/Models/Model_Journal_Tuned10	excitement	0.42984989285469055	0.42984989285469055	0.04800597205758095	0.36321157217025757	0.11617666482925415	0.014273950830101967	0.005916903726756573	0.008296978659927845	0.002444688929244876	0.0024774926714599133	0.0020500856917351484	0.0035009721759706736	0.003794867778196931
542	joy	../Syntropy_Result_Finals/Models/Model_Journal_Tuned10	../Syntropy_Result_Finals/Models/Model_Journal_Tuned10	excitement	0.5684849619865417	0.5684849619865417	0.08086647093296051	0.2059941589832306	0.09438847750425339	0.021659303456544876	0.004947279114276171	0.007474557962268591	0.003125253366306424	0.0037081176415085793	0.002977247117087245	0.0037841270677745342	0.002589993178844452
543	neutral	../Syntropy_Result_Finals/Models/Model_Journal_Tuned10	../Syntropy_Result_Finals/Models/Model_Journal_Tuned10	joy	0.3885418474674225	0.1780867725610733	0.08321040123701096	0.3885418474674225	0.2803347110748291	0.014340166002511978	0.013449631631374359	0.01031352300196886	0.008952604606747627	0.003865554230287671	0.00368031719699502	0.004382701590657234	0.01084176730364561
544	excitement	../Syntropy_Result_Finals/Models/Model_Journal_Tuned10	../Syntropy_Result_Finals/Models/Model_Journal_Tuned10	excitement	0.7894556522369385	0.7894556522369385	0.02874714694917202	0.14057821035385132	0.019267186522483826	0.007931594736874104	0.003347991267219186	0.0036766058765351772	0.00171349395532161	0.0011519514955580235	0.001366536715067923	0.0014814247842878103	0.0012822399148717523
545	joy	../Syntropy_Result_Finals/Models/Model_Journal_Tuned10	../Syntropy_Result_Finals/Models/Model_Journal_Tuned10	neutral	0.3218672275543213	0.2748095989227295	0.05009469389915466	0.2773953080177307	0.3218672275543213	0.01895277202129364	0.01311683189123869	0.013477429747581482	0.0031970024574548006	0.005485000554472208	0.0038495310582220554	0.005581737030297518	0.012172872200608253
546	pride	../Syntropy_Result_Finals/Models/Model_Journal_Tuned10	../Syntropy_Result_Finals/Models/Model_Journal_Tuned10	pride	0.5284979939460754	0.19589129090309143	0.5284979939460754	0.07016684114933014	0.10015552490949631	0.03841371461749077	0.0184318907558918	0.017179077491164207	0.00883577298372984	0.008046946488320827	0.005071581806987524	0.005117753520607948	0.004191630054265261
547	excitement	../Syntropy_Result_Finals/Models/Model_Journal_Tuned10	../Syntropy_Result_Finals/Models/Model_Journal_Tuned10	excitement	0.8604926466941833	0.8604926466941833	0.03950768709182739	0.015362217091023922	0.020572064444422722	0.03237677738070488	0.008009262382984161	0.010041297413408756	0.004363550338894129	0.003042760770767927	0.002731034532189369	0.0020260342862457037	0.0014746995875611901
548	neutral	../Syntropy_Result_Finals/Models/Model_Journal_Tuned10	../Syntropy_Result_Finals/Models/Model_Journal_Tuned10	neutral	0.42461058497428894	0.034310054033994675	0.16227693855762482	0.036044683307409286	0.42461058497428894	0.03189050406217575	0.06781895458698273	0.05649871751666069	0.05922495946288109	0.06265848129987717	0.026756854727864265	0.01562860608100891	0.022280557081103325
549	neutral	../Syntropy_Result_Finals/Models/Model_Journal_Tuned10	../Syntropy_Result_Finals/Models/Model_Journal_Tuned10	excitement	0.4208409786224365	0.4208409786224365	0.03550540283322334	0.37995240092277527	0.13048243522644043	0.0100840600207448	0.0047034346498548985	0.0055800313130021095	0.0023207685444504023	0.0020082383416593075	0.0021417613606899977	0.0023474209010601044	0.004033052362501621
550	excitement	../Syntropy_Result_Finals/Models/Model_Journal_Tuned10	../Syntropy_Result_Finals/Models/Model_Journal_Tuned10	excitement	0.6502054929733276	0.6502054929733276	0.08124673366546631	0.1238405853509903	0.07904287427663803	0.03057698905467987	0.005938226822763681	0.009974449872970581	0.004841724410653114	0.005516860168427229	0.004435801412910223	0.002833203412592411	0.0015469753416255116
551	neutral	../Syntropy_Result_Finals/Models/Model_Journal_Tuned10	../Syntropy_Result_Finals/Models/Model_Journal_Tuned10	neutral	0.45940980315208435	0.07615511119365692	0.04518783465027809	0.05912039428949356	0.45940980315208435	0.0458187609910965	0.11946503818035126	0.06739281862974167	0.062438443303108215	0.020148178562521935	0.007628387305885553	0.01251642033457756	0.02471880428493023
552	excitement	../Syntropy_Result_Finals/Models/Model_Journal_Tuned10	../Syntropy_Result_Finals/Models/Model_Journal_Tuned10	neutral	0.34094226360321045	0.2871866524219513	0.09523720294237137	0.12767252326011658	0.34094226360321045	0.02251841314136982	0.03016171045601368	0.027377020567655563	0.01582542061805725	0.01680801622569561	0.015883957967162132	0.00833643227815628	0.012050504796206951
553	excitement	../Syntropy_Result_Finals/Models/Model_Journal_Tuned10	../Syntropy_Result_Finals/Models/Model_Journal_Tuned10	excitement	0.5973787903785706	0.5973787903785706	0.03791657090187073	0.09581176936626434	0.03632316738367081	0.1955416053533554	0.0063352263532578945	0.01042201742529869	0.0039755310863256454	0.005046381149441004	0.0027815499342978	0.005489812232553959	0.002977569354698062
554	nervousness	../Syntropy_Result_Finals/Models/Model_Journal_Tuned10	../Syntropy_Result_Finals/Models/Model_Journal_Tuned10	confusion	0.8031163811683655	0.009218710474669933	0.00966227799654007	0.005896540358662605	0.05702050402760506	0.014368865638971329	0.058464910835027695	0.8031163811683655	0.016455410048365593	0.0030012689530849457	0.0035079519730061293	0.0069520678371191025	0.012335116043686867
555	pride	../Syntropy_Result_Finals/Models/Model_Journal_Tuned10	../Syntropy_Result_Finals/Models/Model_Journal_Tuned10	pride	0.6913368701934814	0.04407409206032753	0.6913368701934814	0.05947989597916603	0.07329695671796799	0.015716874971985817	0.02383129671216011	0.01575065776705742	0.02187345176935196	0.02000906690955162	0.015742842108011246	0.008352261036634445	0.010535676032304764
556	neutral	../Syntropy_Result_Finals/Models/Model_Journal_Tuned10	../Syntropy_Result_Finals/Models/Model_Journal_Tuned10	neutral	0.2904067933559418	0.017992766574025154	0.024020103737711906	0.014724806882441044	0.2904067933559418	0.0345059297978878	0.08233465254306793	0.26457634568214417	0.12764492630958557	0.010451334528625011	0.016997210681438446	0.011570100672543049	0.10477504134178162
557	pride	../Syntropy_Result_Finals/Models/Model_Journal_Tuned10	../Syntropy_Result_Finals/Models/Model_Journal_Tuned10	excitement	0.34920454025268555	0.34920454025268555	0.14515087008476257	0.13056769967079163	0.26687198877334595	0.030269868671894073	0.013621363788843155	0.022994406521320343	0.012479494325816631	0.01033016387373209	0.008653399534523487	0.005042660050094128	0.004813625942915678
558	pride	../Syntropy_Result_Finals/Models/Model_Journal_Tuned10	../Syntropy_Result_Finals/Models/Model_Journal_Tuned10	pride	0.45160040259361267	0.2563339173793793	0.45160040259361267	0.06868499517440796	0.1041225716471672	0.040584903210401535	0.01941782794892788	0.01741369068622589	0.010838542133569717	0.00996590219438076	0.00620983075350523	0.007765794638544321	0.007061563432216644
559	neutral	../Syntropy_Result_Finals/Models/Model_Journal_Tuned10	../Syntropy_Result_Finals/Models/Model_Journal_Tuned10	neutral	0.6621038317680359	0.02922532521188259	0.054344430565834045	0.04232509061694145	0.6621038317680359	0.016084803268313408	0.06189793348312378	0.028306908905506134	0.021113036200404167	0.025281667709350586	0.011485815979540348	0.013526322320103645	0.034304868429899216
560	neutral	../Syntropy_Result_Finals/Models/Model_Journal_Tuned10	../Syntropy_Result_Finals/Models/Model_Journal_Tuned10	excitement	0.3983269929885864	0.3983269929885864	0.14607883989810944	0.07984631508588791	0.23831485211849213	0.05592092126607895	0.020708581432700157	0.021113893017172813	0.007879975251853466	0.010165426880121231	0.006902062334120274	0.006879584398120642	0.007862549275159836
561	excitement	../Syntropy_Result_Finals/Models/Model_Journal_Tuned10	../Syntropy_Result_Finals/Models/Model_Journal_Tuned10	excitement	0.7182187438011169	0.7182187438011169	0.09163069725036621	0.052332352846860886	0.07175672054290771	0.02812638133764267	0.00904328003525734	0.01175670325756073	0.004408763721585274	0.0037479689344763756	0.004177164286375046	0.002256221603602171	0.002545025199651718
562	neutral	../Syntropy_Result_Finals/Models/Model_Journal_Tuned10	../Syntropy_Result_Finals/Models/Model_Journal_Tuned10	excitement	0.5367369651794434	0.5367369651794434	0.05040154978632927	0.252372145652771	0.11564847081899643	0.015131587162613869	0.007017560303211212	0.007778669707477093	0.003070199629291892	0.002198152244091034	0.002176386769860983	0.00242272368632257	0.0050455438904464245
563	joy	../Syntropy_Result_Finals/Models/Model_Journal_Tuned10	../Syntropy_Result_Finals/Models/Model_Journal_Tuned10	joy	0.39516687393188477	0.2975236475467682	0.029369456693530083	0.39516687393188477	0.2272726446390152	0.014286567457020283	0.007506127934902906	0.009705688804388046	0.0020439275540411472	0.0032384181395173073	0.003029203275218606	0.003984239883720875	0.0068731908686459064
564	excitement	../Syntropy_Result_Finals/Models/Model_Journal_Tuned10	../Syntropy_Result_Finals/Models/Model_Journal_Tuned10	neutral	0.349295973777771	0.20396682620048523	0.18983250856399536	0.0704558789730072	0.349295973777771	0.05096045508980751	0.022923124954104424	0.05738777294754982	0.01519982423633337	0.01389888022094965	0.011716363951563835	0.008003868162631989	0.006358532700687647
565	neutral	../Syntropy_Result_Finals/Models/Model_Journal_Tuned10	../Syntropy_Result_Finals/Models/Model_Journal_Tuned10	neutral	0.47261011600494385	0.1471438854932785	0.09437236189842224	0.16775010526180267	0.47261011600494385	0.025030994787812233	0.031829431653022766	0.020123738795518875	0.01307759340852499	0.007289276458323002	0.006087759044021368	0.005514679942280054	0.00917004980146885
566	excitement	../Syntropy_Result_Finals/Models/Model_Journal_Tuned10	../Syntropy_Result_Finals/Models/Model_Journal_Tuned10	excitement	0.49118494987487793	0.49118494987487793	0.09707354754209518	0.09149153530597687	0.23721055686473846	0.03458505496382713	0.010014558210968971	0.013625573366880417	0.0049116406589746475	0.005673184525221586	0.003829421242699027	0.005082617048174143	0.005317251197993755
567	anger	../Syntropy_Result_Finals/Models/Model_Journal_Tuned10	../Syntropy_Result_Finals/Models/Model_Journal_Tuned10	anger	0.8062019944190979	0.0027814677450805902	0.0015427205944433808	0.00199917983263731	0.007893073372542858	0.003180920844897628	0.006508973427116871	0.008144310675561428	0.013178717344999313	0.1390487551689148	0.8062019944190979	0.003880122909322381	0.005639817100018263
568	fear	../Syntropy_Result_Finals/Models/Model_Journal_Tuned10	../Syntropy_Result_Finals/Models/Model_Journal_Tuned10	neutral	0.3337712287902832	0.1425100415945053	0.059693850576877594	0.03246258199214935	0.3337712287902832	0.055463969707489014	0.11543869972229004	0.042478013783693314	0.06692589819431305	0.02023463323712349	0.00926175806671381	0.01882297173142433	0.10293639451265335
569	pride	../Syntropy_Result_Finals/Models/Model_Journal_Tuned10	../Syntropy_Result_Finals/Models/Model_Journal_Tuned10	pride	0.8080613613128662	0.023850735276937485	0.8080613613128662	0.02220938168466091	0.0340280644595623	0.02025250904262066	0.02447778917849064	0.01590578816831112	0.0178676825016737	0.012607370503246784	0.006530707236379385	0.0093108294531703	0.004897865001112223
570	neutral	../Syntropy_Result_Finals/Models/Model_Journal_Tuned10	../Syntropy_Result_Finals/Models/Model_Journal_Tuned10	neutral	0.3082669675350189	0.2508431673049927	0.1579286754131317	0.17998942732810974	0.3082669675350189	0.024349894374608994	0.018570248037576675	0.019167209044098854	0.00821828655898571	0.01191011257469654	0.007588808424770832	0.006387876812368631	0.006779353134334087
571	joy	../Syntropy_Result_Finals/Models/Model_Journal_Tuned10	../Syntropy_Result_Finals/Models/Model_Journal_Tuned10	excitement	0.47540876269340515	0.47540876269340515	0.032457511872053146	0.3993631601333618	0.05690186470746994	0.009158357046544552	0.004919234197586775	0.006293173413723707	0.0034930098336189985	0.0031501133926212788	0.003130753990262747	0.002468378748744726	0.0032557002268731594
572	neutral	../Syntropy_Result_Finals/Models/Model_Journal_Tuned10	../Syntropy_Result_Finals/Models/Model_Journal_Tuned10	fear	0.8395564556121826	0.007813062518835068	0.00900652538985014	0.009442237205803394	0.013056688942015171	0.006654203869402409	0.08483203500509262	0.00621013855561614	0.8395564556121826	0.01233594585210085	0.0035087652504444122	0.003176729427650571	0.004407240077853203
573	neutral	../Syntropy_Result_Finals/Models/Model_Journal_Tuned10	../Syntropy_Result_Finals/Models/Model_Journal_Tuned10	neutral	0.6875441074371338	0.04786917567253113	0.03914366662502289	0.0644310861825943	0.6875441074371338	0.013937604613602161	0.03755924105644226	0.028109708800911903	0.014280758798122406	0.01422222051769495	0.009666387923061848	0.012025615200400352	0.031210359185934067
574	joy	../Syntropy_Result_Finals/Models/Model_Journal_Tuned10	../Syntropy_Result_Finals/Models/Model_Journal_Tuned10	excitement	0.6309245824813843	0.6309245824813843	0.023798812180757523	0.2899017333984375	0.0274663008749485	0.007117704953998327	0.0033251859713345766	0.006232967134565115	0.002101270481944084	0.002080019796267152	0.0027984401676803827	0.002554748672991991	0.001698262756690383
575	excitement	../Syntropy_Result_Finals/Models/Model_Journal_Tuned10	../Syntropy_Result_Finals/Models/Model_Journal_Tuned10	joy	0.5698140263557434	0.29074880480766296	0.016958221793174744	0.5698140263557434	0.09151989966630936	0.006843754090368748	0.003782496089115739	0.005896587856113911	0.0018180125625804067	0.0020635852124542	0.002146596321836114	0.003226705128327012	0.00518131535500288
576	nervousness	../Syntropy_Result_Finals/Models/Model_Journal_Tuned10	../Syntropy_Result_Finals/Models/Model_Journal_Tuned10	pride	0.49395298957824707	0.20874899625778198	0.49395298957824707	0.03739433363080025	0.08692038804292679	0.04094456881284714	0.03513931483030319	0.032838333398103714	0.01772501692175865	0.015295344404876232	0.013862567953765392	0.009398302063345909	0.007779845502227545
577	sadness	../Syntropy_Result_Finals/Models/Model_Journal_Tuned10	../Syntropy_Result_Finals/Models/Model_Journal_Tuned10	neutral	0.4667920470237732	0.005879486910998821	0.020549017935991287	0.005899864714592695	0.4667920470237732	0.01080972608178854	0.10953374952077866	0.10618430376052856	0.06241687387228012	0.06932257860898972	0.020816292613744736	0.029774481430649757	0.09202155470848083
578	neutral	../Syntropy_Result_Finals/Models/Model_Journal_Tuned10	../Syntropy_Result_Finals/Models/Model_Journal_Tuned10	pride	0.45595675706863403	0.20909970998764038	0.45595675706863403	0.06296619772911072	0.1259169727563858	0.03607015684247017	0.03219916298985481	0.023044150322675705	0.015396648086607456	0.01388678327202797	0.011285008862614632	0.00747460825368762	0.006703835912048817
579	excitement	../Syntropy_Result_Finals/Models/Model_Journal_Tuned10	../Syntropy_Result_Finals/Models/Model_Journal_Tuned10	neutral	0.3124951720237732	0.17084245383739471	0.11796748638153076	0.31054583191871643	0.3124951720237732	0.011067512445151806	0.016813835129141808	0.01070559024810791	0.009686436504125595	0.0057165673933923244	0.009036090224981308	0.0046354481019079685	0.02048756554722786
580	excitement	../Syntropy_Result_Finals/Models/Model_Journal_Tuned10	../Syntropy_Result_Finals/Models/Model_Journal_Tuned10	excitement	0.6996340155601501	0.6996340155601501	0.03818902000784874	0.16755923628807068	0.05242924019694328	0.01678820699453354	0.004907536786049604	0.006996680982410908	0.002628771122545004	0.003120391396805644	0.0021110475063323975	0.003458756022155285	0.0021769574377685785
581	excitement	../Syntropy_Result_Finals/Models/Model_Journal_Tuned10	../Syntropy_Result_Finals/Models/Model_Journal_Tuned10	excitement	0.4591090679168701	0.4591090679168701	0.2948121130466461	0.09146633744239807	0.05709424987435341	0.03686288744211197	0.013784846290946007	0.01972102001309395	0.0080646937713027	0.006262415554374456	0.003945315722376108	0.005259608384221792	0.0036174568813294172
582	excitement	../Syntropy_Result_Finals/Models/Model_Journal_Tuned10	../Syntropy_Result_Finals/Models/Model_Journal_Tuned10	pride	0.6062542200088501	0.2033829391002655	0.6062542200088501	0.05924095958471298	0.04750179499387741	0.026890594512224197	0.01558696012943983	0.013013843446969986	0.007259806152433157	0.006355749908834696	0.0038116408977657557	0.0068257772363722324	0.0038757736328989267
583	joy	../Syntropy_Result_Finals/Models/Model_Journal_Tuned10	../Syntropy_Result_Finals/Models/Model_Journal_Tuned10	excitement	0.8372832536697388	0.8372832536697388	0.03097817674279213	0.015278943814337254	0.036269474774599075	0.026501620188355446	0.013904089108109474	0.013427306897938251	0.009411180391907692	0.006115001626312733	0.005888274405151606	0.0026746178045868874	0.0022680393885821104
584	nervousness	../Syntropy_Result_Finals/Models/Model_Journal_Tuned10	../Syntropy_Result_Finals/Models/Model_Journal_Tuned10	nervousness	0.5519365072250366	0.07583462446928024	0.04670112580060959	0.02654493786394596	0.07363135367631912	0.02112002857029438	0.5519365072250366	0.0277856457978487	0.12133385986089706	0.01924947276711464	0.010205530561506748	0.011848002672195435	0.013808918185532093
585	joy	../Syntropy_Result_Finals/Models/Model_Journal_Tuned10	../Syntropy_Result_Finals/Models/Model_Journal_Tuned10	neutral	0.33169788122177124	0.23917417228221893	0.17875418066978455	0.11853303760290146	0.33169788122177124	0.029955079779028893	0.022759709507226944	0.027425670996308327	0.00951153039932251	0.014130004681646824	0.012443016283214092	0.007779492996633053	0.007836157456040382
586	joy	../Syntropy_Result_Finals/Models/Model_Journal_Tuned10	../Syntropy_Result_Finals/Models/Model_Journal_Tuned10	excitement	0.37038782238960266	0.37038782238960266	0.08896666020154953	0.18079587817192078	0.23659534752368927	0.03508107736706734	0.014933044090867043	0.019326481968164444	0.011942652985453606	0.01749284565448761	0.009951166808605194	0.009014448150992393	0.005512658040970564
587	fear	../Syntropy_Result_Finals/Models/Model_Journal_Tuned10	../Syntropy_Result_Finals/Models/Model_Journal_Tuned10	neutral	0.45167824625968933	0.009445848874747753	0.024009235203266144	0.01570216193795204	0.45167824625968933	0.01221498567610979	0.1067500039935112	0.04669817537069321	0.0710311233997345	0.03695843368768692	0.011581637896597385	0.023468125611543655	0.19046200811862946
588	pride	../Syntropy_Result_Finals/Models/Model_Journal_Tuned10	../Syntropy_Result_Finals/Models/Model_Journal_Tuned10	pride	0.7089318037033081	0.042482856661081314	0.7089318037033081	0.03319031745195389	0.06322687119245529	0.029092902317643166	0.03472349792718887	0.01827571727335453	0.023827461525797844	0.017798438668251038	0.011820233426988125	0.009592439979314804	0.007037458475679159
589	sadness	../Syntropy_Result_Finals/Models/Model_Journal_Tuned10	../Syntropy_Result_Finals/Models/Model_Journal_Tuned10	nervousness	0.44196611642837524	0.00747022544965148	0.009380490519106388	0.009030461311340332	0.06766669452190399	0.009325006976723671	0.44196611642837524	0.045705586671829224	0.09206053614616394	0.07033369690179825	0.025664176791906357	0.03168050944805145	0.18971648812294006
590	joy	../Syntropy_Result_Finals/Models/Model_Journal_Tuned10	../Syntropy_Result_Finals/Models/Model_Journal_Tuned10	joy	0.3769713342189789	0.21181166172027588	0.028765588998794556	0.3769713342189789	0.3289906084537506	0.012519936077296734	0.007513068150728941	0.009122890420258045	0.0026226271875202656	0.0049247476272284985	0.003755529411137104	0.005083644762635231	0.007918394170701504
591	pride	../Syntropy_Result_Finals/Models/Model_Journal_Tuned10	../Syntropy_Result_Finals/Models/Model_Journal_Tuned10	neutral	0.6254679560661316	0.12261553853750229	0.04000759869813919	0.06597817689180374	0.6254679560661316	0.033045489341020584	0.015623003244400024	0.04172615334391594	0.00854501873254776	0.017205728217959404	0.007545944768935442	0.010606502182781696	0.011632833629846573
592	anger	../Syntropy_Result_Finals/Models/Model_Journal_Tuned10	../Syntropy_Result_Finals/Models/Model_Journal_Tuned10	joy	0.7472515106201172	0.15898650884628296	0.014709088020026684	0.7472515106201172	0.05128765478730202	0.006387578323483467	0.0034499699249863625	0.005723686423152685	0.0026750960387289524	0.0019769214559346437	0.002130103763192892	0.00266084517352283	0.0027610526885837317
593	neutral	../Syntropy_Result_Finals/Models/Model_Journal_Tuned10	../Syntropy_Result_Finals/Models/Model_Journal_Tuned10	neutral	0.470729261636734	0.012620983645319939	0.02584037557244301	0.013351311907172203	0.470729261636734	0.01361524686217308	0.11501926928758621	0.06290215998888016	0.04088001698255539	0.054739803075790405	0.028299951925873756	0.016894331201910973	0.14510728418827057
594	joy	../Syntropy_Result_Finals/Models/Model_Journal_Tuned10	../Syntropy_Result_Finals/Models/Model_Journal_Tuned10	joy	0.6549364924430847	0.17463655769824982	0.04214814305305481	0.6549364924430847	0.08498712629079819	0.013238836079835892	0.005530002526938915	0.007554369512945414	0.003753921715542674	0.0026245901826769114	0.00203434145078063	0.004240050446242094	0.004315583501011133
595	neutral	../Syntropy_Result_Finals/Models/Model_Journal_Tuned10	../Syntropy_Result_Finals/Models/Model_Journal_Tuned10	excitement	0.6003984212875366	0.6003984212875366	0.02670964039862156	0.10100250691175461	0.10843901336193085	0.06211215257644653	0.012381806038320065	0.03416834771633148	0.015794949606060982	0.011042846366763115	0.004985950421541929	0.01579289324581623	0.007171423174440861
596	pride	../Syntropy_Result_Finals/Models/Model_Journal_Tuned10	../Syntropy_Result_Finals/Models/Model_Journal_Tuned10	neutral	0.6412287354469299	0.04177144169807434	0.1413472443819046	0.057423438876867294	0.6412287354469299	0.007788549177348614	0.023730894550681114	0.020468242466449738	0.016251876950263977	0.009505698457360268	0.010809484869241714	0.005647500045597553	0.024026816710829735
597	neutral	../Syntropy_Result_Finals/Models/Model_Journal_Tuned10	../Syntropy_Result_Finals/Models/Model_Journal_Tuned10	neutral	0.46996840834617615	0.08451575040817261	0.21903491020202637	0.07763028889894485	0.46996840834617615	0.02483220025897026	0.031514085829257965	0.02302556112408638	0.01512179896235466	0.020370379090309143	0.01615358516573906	0.0074158599600195885	0.010417182929813862
598	joy	../Syntropy_Result_Finals/Models/Model_Journal_Tuned10	../Syntropy_Result_Finals/Models/Model_Journal_Tuned10	excitement	0.7527674436569214	0.7527674436569214	0.02892257645726204	0.12205469608306885	0.05750739946961403	0.012842427007853985	0.005031747743487358	0.009193583391606808	0.002473486354574561	0.0025082603096961975	0.002352384617552161	0.002553550060838461	0.0017924404237419367
599	joy	../Syntropy_Result_Finals/Models/Model_Journal_Tuned10	../Syntropy_Result_Finals/Models/Model_Journal_Tuned10	excitement	0.4545603096485138	0.4545603096485138	0.08786800503730774	0.15329056978225708	0.18971578776836395	0.03941687196493149	0.01173609122633934	0.018930697813630104	0.011557655408978462	0.01490035280585289	0.008690200746059418	0.005422519985586405	0.003910898230969906
600	pride	../Syntropy_Result_Finals/Models/Model_Journal_Tuned10	../Syntropy_Result_Finals/Models/Model_Journal_Tuned10	excitement	0.4128826856613159	0.4128826856613159	0.172490656375885	0.03034103848040104	0.17592838406562805	0.061892930418252945	0.026980681344866753	0.04308394342660904	0.02651587687432766	0.019073667004704475	0.016332587227225304	0.007443134672939777	0.007034448906779289
601	excitement	../Syntropy_Result_Finals/Models/Model_Journal_Tuned10	../Syntropy_Result_Finals/Models/Model_Journal_Tuned10	excitement	0.40350624918937683	0.40350624918937683	0.24381010234355927	0.07727477699518204	0.15155865252017975	0.038600046187639236	0.026889530941843987	0.020523617044091225	0.010655760765075684	0.007810972630977631	0.00788114033639431	0.005305593367666006	0.006183594930917025
602	neutral	../Syntropy_Result_Finals/Models/Model_Journal_Tuned10	../Syntropy_Result_Finals/Models/Model_Journal_Tuned10	excitement	0.3328199088573456	0.3328199088573456	0.05348272994160652	0.31670233607292175	0.22415779531002045	0.013659420423209667	0.018631331622600555	0.010126780718564987	0.007223138585686684	0.004976468160748482	0.004118203651160002	0.004267561715096235	0.009834416210651398
603	embarrassment	../Syntropy_Result_Finals/Models/Model_Journal_Tuned10	../Syntropy_Result_Finals/Models/Model_Journal_Tuned10	embarrassment	0.4349331259727478	0.009908548556268215	0.01797025091946125	0.011739431880414486	0.04041527211666107	0.012754061259329319	0.29276344180107117	0.04565791040658951	0.04043208062648773	0.057934507727622986	0.00813247449696064	0.4349331259727478	0.027358900755643845
604	confusion	../Syntropy_Result_Finals/Models/Model_Journal_Tuned10	../Syntropy_Result_Finals/Models/Model_Journal_Tuned10	nervousness	0.3121180832386017	0.012155088596045971	0.02057717926800251	0.015544873662292957	0.18480731546878815	0.014551786705851555	0.3121180832386017	0.09732809662818909	0.09659380465745926	0.050202012062072754	0.013582034036517143	0.04353203997015953	0.13900770246982574
605	pride	../Syntropy_Result_Finals/Models/Model_Journal_Tuned10	../Syntropy_Result_Finals/Models/Model_Journal_Tuned10	neutral	0.4144669771194458	0.027423201128840446	0.03248807042837143	0.030880771577358246	0.4144669771194458	0.016324777156114578	0.20609064400196075	0.07565035670995712	0.032075587660074234	0.02652183547616005	0.007684669457376003	0.02643243595957756	0.1039605587720871
606	neutral	../Syntropy_Result_Finals/Models/Model_Journal_Tuned10	../Syntropy_Result_Finals/Models/Model_Journal_Tuned10	neutral	0.3514100909233093	0.24406394362449646	0.14927397668361664	0.11779778450727463	0.3514100909233093	0.022533800452947617	0.02513144537806511	0.021685834974050522	0.017291100695729256	0.016512371599674225	0.015576810576021671	0.007816446013748646	0.010906488634645939
607	pride	../Syntropy_Result_Finals/Models/Model_Journal_Tuned10	../Syntropy_Result_Finals/Models/Model_Journal_Tuned10	excitement	0.28732219338417053	0.28732219338417053	0.27368760108947754	0.06827453523874283	0.19009698927402496	0.052501387894153595	0.027872059494256973	0.0337948277592659	0.016463659703731537	0.017725041136145592	0.012922671623528004	0.008782225660979748	0.010556832887232304
608	excitement	../Syntropy_Result_Finals/Models/Model_Journal_Tuned10	../Syntropy_Result_Finals/Models/Model_Journal_Tuned10	neutral	0.44098299741744995	0.10080666095018387	0.1556551605463028	0.11085259169340134	0.44098299741744995	0.015379793010652065	0.045845892280340195	0.03525156527757645	0.02689058892428875	0.018735691905021667	0.02159073017537594	0.006708817556500435	0.0212994534522295
609	joy	../Syntropy_Result_Finals/Models/Model_Journal_Tuned10	../Syntropy_Result_Finals/Models/Model_Journal_Tuned10	joy	0.45407870411872864	0.368632435798645	0.03937346115708351	0.45407870411872864	0.08972106128931046	0.011960513889789581	0.008282925933599472	0.008521487936377525	0.0032933156471699476	0.00423247367143631	0.002928537782281637	0.004854216706007719	0.004120899364352226
610	neutral	../Syntropy_Result_Finals/Models/Model_Journal_Tuned10	../Syntropy_Result_Finals/Models/Model_Journal_Tuned10	neutral	0.5690540671348572	0.08330460637807846	0.09755295515060425	0.07442180812358856	0.5690540671348572	0.02114744484424591	0.04079091176390648	0.03108489327132702	0.021614784374833107	0.021885422989726067	0.013712894171476364	0.006797434762120247	0.01863287203013897
611	neutral	../Syntropy_Result_Finals/Models/Model_Journal_Tuned10	../Syntropy_Result_Finals/Models/Model_Journal_Tuned10	excitement	0.48408177495002747	0.48408177495002747	0.16985729336738586	0.13379503786563873	0.13952705264091492	0.020016446709632874	0.01291690580546856	0.014323955401778221	0.008596905507147312	0.004873603582382202	0.0029980679973959923	0.005029176361858845	0.003983791451901197
612	joy	../Syntropy_Result_Finals/Models/Model_Journal_Tuned10	../Syntropy_Result_Finals/Models/Model_Journal_Tuned10	excitement	0.44348934292793274	0.44348934292793274	0.09196273982524872	0.30011633038520813	0.12069793045520782	0.010925945825874805	0.007050097454339266	0.00924032460898161	0.003552616573870182	0.0016564697725698352	0.001499275560490787	0.003059295006096363	0.006749575026333332
613	neutral	../Syntropy_Result_Finals/Models/Model_Journal_Tuned10	../Syntropy_Result_Finals/Models/Model_Journal_Tuned10	neutral	0.617255687713623	0.05014820396900177	0.045301489531993866	0.1399284154176712	0.617255687713623	0.01615697517991066	0.04008696228265762	0.021569769829511642	0.011582200415432453	0.012112134136259556	0.00998981948941946	0.007070728577673435	0.028797712177038193
614	pride	../Syntropy_Result_Finals/Models/Model_Journal_Tuned10	../Syntropy_Result_Finals/Models/Model_Journal_Tuned10	pride	0.3796935975551605	0.029552128165960312	0.3796935975551605	0.07436638325452805	0.20685096085071564	0.012189297936856747	0.05251869186758995	0.02415771596133709	0.0602562353014946	0.02835952676832676	0.04331248253583908	0.009219471365213394	0.07952363044023514
615	pride	../Syntropy_Result_Finals/Models/Model_Journal_Tuned10	../Syntropy_Result_Finals/Models/Model_Journal_Tuned10	excitement	0.35426291823387146	0.35426291823387146	0.18258576095104218	0.046005506068468094	0.2488618791103363	0.06359618157148361	0.020587382838129997	0.04017835855484009	0.011652336455881596	0.012617673724889755	0.0074599310755729675	0.006384471897035837	0.005807528737932444
616	joy	../Syntropy_Result_Finals/Models/Model_Journal_Tuned10	../Syntropy_Result_Finals/Models/Model_Journal_Tuned10	pride	0.3935263156890869	0.14242814481258392	0.3935263156890869	0.059923142194747925	0.214866504073143	0.040299490094184875	0.0410490557551384	0.02838718704879284	0.02005733922123909	0.02318718284368515	0.01638595014810562	0.010422911494970322	0.009466739371418953
617	sadness	../Syntropy_Result_Finals/Models/Model_Journal_Tuned10	../Syntropy_Result_Finals/Models/Model_Journal_Tuned10	sadness	0.6735827922821045	0.013136173598468304	0.018584106117486954	0.027211394160985947	0.09354853630065918	0.00593505660071969	0.10466326028108597	0.014111239463090897	0.022773785516619682	0.008875301107764244	0.0034889797680079937	0.014089414849877357	0.6735827922821045
618	joy	../Syntropy_Result_Finals/Models/Model_Journal_Tuned10	../Syntropy_Result_Finals/Models/Model_Journal_Tuned10	excitement	0.5596815943717957	0.5596815943717957	0.0351359061896801	0.3258369565010071	0.04407889395952225	0.0112033411860466	0.0047729648649692535	0.006212377920746803	0.0032798335887491703	0.0021384009160101414	0.0023810730781406164	0.002414165763184428	0.002864453475922346
619	joy	../Syntropy_Result_Finals/Models/Model_Journal_Tuned10	../Syntropy_Result_Finals/Models/Model_Journal_Tuned10	excitement	0.7974058985710144	0.7974058985710144	0.045754317194223404	0.10544489324092865	0.02156572788953781	0.014256584458053112	0.00299225770868361	0.0034810148645192385	0.002065734239295125	0.0013050837442278862	0.0016382794128730893	0.0019000722095370293	0.0021901025902479887
620	joy	../Syntropy_Result_Finals/Models/Model_Journal_Tuned10	../Syntropy_Result_Finals/Models/Model_Journal_Tuned10	excitement	0.4803193211555481	0.4803193211555481	0.07796884328126907	0.2787824869155884	0.11085718870162964	0.012626942247152328	0.009002781473100185	0.006978578865528107	0.004874635487794876	0.0028487402014434338	0.0025519083719700575	0.00359372072853148	0.009594823233783245
621	nervousness	../Syntropy_Result_Finals/Models/Model_Journal_Tuned10	../Syntropy_Result_Finals/Models/Model_Journal_Tuned10	neutral	0.2938045561313629	0.08149971812963486	0.1058066263794899	0.02087380364537239	0.2938045561313629	0.04138466343283653	0.15779784321784973	0.06883714348077774	0.0858997255563736	0.06712167710065842	0.038760364055633545	0.015523504465818405	0.022690335288643837
622	joy	../Syntropy_Result_Finals/Models/Model_Journal_Tuned10	../Syntropy_Result_Finals/Models/Model_Journal_Tuned10	neutral	0.3602995276451111	0.14457844197750092	0.05811016634106636	0.35527557134628296	0.3602995276451111	0.01106477901339531	0.016736947000026703	0.011915049515664577	0.00573784438893199	0.007510814815759659	0.005445591639727354	0.006899870932102203	0.01642531529068947
623	excitement	../Syntropy_Result_Finals/Models/Model_Journal_Tuned10	../Syntropy_Result_Finals/Models/Model_Journal_Tuned10	excitement	0.6557114720344543	0.6557114720344543	0.16189703345298767	0.10884739458560944	0.030617481097579002	0.018032722175121307	0.005600068252533674	0.006850489415228367	0.0031686448492109776	0.002019275212660432	0.002849481999874115	0.002466847887262702	0.0019390505040064454
624	neutral	../Syntropy_Result_Finals/Models/Model_Journal_Tuned10	../Syntropy_Result_Finals/Models/Model_Journal_Tuned10	neutral	0.4125785827636719	0.17921584844589233	0.17191597819328308	0.1255771368741989	0.4125785827636719	0.028527919203042984	0.01886865869164467	0.017077548429369926	0.00965934805572033	0.010503537952899933	0.009140007197856903	0.005215500481426716	0.011719917878508568
625	neutral	../Syntropy_Result_Finals/Models/Model_Journal_Tuned10	../Syntropy_Result_Finals/Models/Model_Journal_Tuned10	joy	0.3997288644313812	0.19004732370376587	0.128463476896286	0.3997288644313812	0.17174699902534485	0.0132195008918643	0.0303911454975605	0.013460615649819374	0.01795307733118534	0.007115383632481098	0.0070847412571311	0.00553852878510952	0.015250417403876781
626	nervousness	../Syntropy_Result_Finals/Models/Model_Journal_Tuned10	../Syntropy_Result_Finals/Models/Model_Journal_Tuned10	nervousness	0.4538525938987732	0.08733107894659042	0.03689973056316376	0.022888774052262306	0.055596526712179184	0.030978308990597725	0.4538525938987732	0.02431688830256462	0.2392462193965912	0.017856430262327194	0.007462119217962027	0.013159571215510368	0.01041189394891262
627	joy	../Syntropy_Result_Finals/Models/Model_Journal_Tuned10	../Syntropy_Result_Finals/Models/Model_Journal_Tuned10	excitement	0.3743526339530945	0.3743526339530945	0.08839742839336395	0.27006328105926514	0.18546761572360992	0.026635700836777687	0.016906613484025	0.008189733140170574	0.009931233711540699	0.004455732647329569	0.004221770446747541	0.0030637707095593214	0.008314520120620728
628	excitement	../Syntropy_Result_Finals/Models/Model_Journal_Tuned10	../Syntropy_Result_Finals/Models/Model_Journal_Tuned10	excitement	0.47549089789390564	0.47549089789390564	0.03322208300232887	0.39199498295783997	0.060196369886398315	0.009709549136459827	0.006291811354458332	0.006458356976509094	0.0029010602738708258	0.0030235147569328547	0.0024364483542740345	0.003580558579415083	0.004694380331784487
629	fear	../Syntropy_Result_Finals/Models/Model_Journal_Tuned10	../Syntropy_Result_Finals/Models/Model_Journal_Tuned10	neutral	0.6399896740913391	0.012947479262948036	0.11575247347354889	0.03539913147687912	0.6399896740913391	0.008111258037388325	0.027430372312664986	0.029832525178790092	0.020405512303113937	0.021007968112826347	0.05330345407128334	0.006459077820181847	0.029361087828874588
630	excitement	../Syntropy_Result_Finals/Models/Model_Journal_Tuned10	../Syntropy_Result_Finals/Models/Model_Journal_Tuned10	neutral	0.2752331495285034	0.27345770597457886	0.22367976605892181	0.07239507883787155	0.2752331495285034	0.03317951411008835	0.03744375333189964	0.030931895598769188	0.015348357148468494	0.013646407052874565	0.011106221936643124	0.00654281722381711	0.007035341113805771
631	excitement	../Syntropy_Result_Finals/Models/Model_Journal_Tuned10	../Syntropy_Result_Finals/Models/Model_Journal_Tuned10	excitement	0.8512633442878723	0.8512633442878723	0.05028007924556732	0.013996873050928116	0.019201915711164474	0.027281571179628372	0.009240019135177135	0.008667116984724998	0.006641460582613945	0.004251884762197733	0.004695190582424402	0.0023734509013593197	0.0021071634255349636
632	joy	../Syntropy_Result_Finals/Models/Model_Journal_Tuned10	../Syntropy_Result_Finals/Models/Model_Journal_Tuned10	joy	0.3929413855075836	0.22988355159759521	0.07238152623176575	0.3929413855075836	0.24536296725273132	0.014652092009782791	0.010509575717151165	0.010102902539074421	0.0046983505599200726	0.00571371428668499	0.005227227695286274	0.0030428434256464243	0.005483910441398621
633	pride	../Syntropy_Result_Finals/Models/Model_Journal_Tuned10	../Syntropy_Result_Finals/Models/Model_Journal_Tuned10	pride	0.3949771523475647	0.12112405896186829	0.3949771523475647	0.07960982620716095	0.23415982723236084	0.030559241771697998	0.027206890285015106	0.023257791996002197	0.030800528824329376	0.013979463838040829	0.01525788102298975	0.008126632310450077	0.02094082348048687
634	joy	../Syntropy_Result_Finals/Models/Model_Journal_Tuned10	../Syntropy_Result_Finals/Models/Model_Journal_Tuned10	neutral	0.5829296708106995	0.06734111905097961	0.15629062056541443	0.0497896783053875	0.5829296708106995	0.018346205353736877	0.022043926641345024	0.03148623928427696	0.022090233862400055	0.01921386457979679	0.015353824943304062	0.0062306285835802555	0.008883997797966003
635	pride	../Syntropy_Result_Finals/Models/Model_Journal_Tuned10	../Syntropy_Result_Finals/Models/Model_Journal_Tuned10	excitement	0.465656042098999	0.465656042098999	0.08039063960313797	0.3480583429336548	0.07120152562856674	0.008821551688015461	0.005504730623215437	0.006510637234896421	0.003947509452700615	0.0018641551723703742	0.0021006653551012278	0.0022612966131418943	0.0036829381715506315
636	nervousness	../Syntropy_Result_Finals/Models/Model_Journal_Tuned10	../Syntropy_Result_Finals/Models/Model_Journal_Tuned10	nervousness	0.5468972325325012	0.017835497856140137	0.023431453853845596	0.016505934298038483	0.07092107832431793	0.01875532791018486	0.5468972325325012	0.08286117762327194	0.0752311497926712	0.060597050935029984	0.030954565852880478	0.025363808497786522	0.03064579702913761
637	joy	../Syntropy_Result_Finals/Models/Model_Journal_Tuned10	../Syntropy_Result_Finals/Models/Model_Journal_Tuned10	pride	0.281527042388916	0.238916277885437	0.281527042388916	0.15797516703605652	0.1984468698501587	0.02404908649623394	0.023307472467422485	0.020627863705158234	0.017120199277997017	0.006352323107421398	0.006253556348383427	0.006891949102282524	0.01853220909833908
638	neutral	../Syntropy_Result_Finals/Models/Model_Journal_Tuned10	../Syntropy_Result_Finals/Models/Model_Journal_Tuned10	excitement	0.6970359683036804	0.6970359683036804	0.0507708340883255	0.10813800245523453	0.09329933673143387	0.016533417627215385	0.007645065430551767	0.01004783995449543	0.004178323317319155	0.003906946629285812	0.002487829653546214	0.00307874521240592	0.002877701772376895
639	surprise	../Syntropy_Result_Finals/Models/Model_Journal_Tuned10	../Syntropy_Result_Finals/Models/Model_Journal_Tuned10	surprise	0.593532383441925	0.2655239403247833	0.018392354249954224	0.04104788228869438	0.03300036862492561	0.593532383441925	0.009976114146411419	0.017093956470489502	0.003937671892344952	0.0036329333670437336	0.0023068294394761324	0.005679924041032791	0.005875756498426199
640	joy	../Syntropy_Result_Finals/Models/Model_Journal_Tuned10	../Syntropy_Result_Finals/Models/Model_Journal_Tuned10	excitement	0.38660988211631775	0.38660988211631775	0.08390218764543533	0.2541517913341522	0.20397894084453583	0.017415186390280724	0.01555551402270794	0.012188640423119068	0.0075144399888813496	0.004363040439784527	0.00365111930295825	0.0037085190415382385	0.006960735190659761
641	surprise	../Syntropy_Result_Finals/Models/Model_Journal_Tuned10	../Syntropy_Result_Finals/Models/Model_Journal_Tuned10	joy	0.5246579647064209	0.1818075031042099	0.04864491894841194	0.5246579647064209	0.16326439380645752	0.015495999716222286	0.016330476850271225	0.010372919030487537	0.007141740992665291	0.006366022862493992	0.0044333441182971	0.005780007224529982	0.01570470817387104
642	nervousness	../Syntropy_Result_Finals/Models/Model_Journal_Tuned10	../Syntropy_Result_Finals/Models/Model_Journal_Tuned10	nervousness	0.6858305335044861	0.00605598883703351	0.008946881629526615	0.009833469055593014	0.01566261239349842	0.00756803760305047	0.6858305335044861	0.01382555440068245	0.19402286410331726	0.01927613839507103	0.0031516561284661293	0.015042933635413647	0.0207833144813776
643	neutral	../Syntropy_Result_Finals/Models/Model_Journal_Tuned10	../Syntropy_Result_Finals/Models/Model_Journal_Tuned10	neutral	0.3127996325492859	0.23702405393123627	0.08136124163866043	0.2790326476097107	0.3127996325492859	0.01904977485537529	0.021206501871347427	0.018737487494945526	0.009744776412844658	0.005303476005792618	0.006376640871167183	0.004435173235833645	0.0049285911954939365
644	excitement	../Syntropy_Result_Finals/Models/Model_Journal_Tuned10	../Syntropy_Result_Finals/Models/Model_Journal_Tuned10	disgust	0.5842588543891907	0.010560921393334866	0.046679407358169556	0.015565427020192146	0.12344368547201157	0.013367136009037495	0.051832012832164764	0.025100097060203552	0.045022282749414444	0.5842588543891907	0.0358724407851696	0.037160247564315796	0.01113743707537651
645	joy	../Syntropy_Result_Finals/Models/Model_Journal_Tuned10	../Syntropy_Result_Finals/Models/Model_Journal_Tuned10	neutral	0.37846094369888306	0.09203856438398361	0.1129225417971611	0.23370406031608582	0.37846094369888306	0.024334240704774857	0.03317569941282272	0.03427434340119362	0.014813952147960663	0.02380019798874855	0.011955023743212223	0.01836329884827137	0.022157244384288788
646	pride	../Syntropy_Result_Finals/Models/Model_Journal_Tuned10	../Syntropy_Result_Finals/Models/Model_Journal_Tuned10	neutral	0.4211518466472626	0.17623089253902435	0.10761452466249466	0.15318559110164642	0.4211518466472626	0.04570397362112999	0.014081832021474838	0.03302280604839325	0.00877655390650034	0.015623764134943485	0.009261656552553177	0.010085396468639374	0.005261140875518322
647	sadness	../Syntropy_Result_Finals/Models/Model_Journal_Tuned10	../Syntropy_Result_Finals/Models/Model_Journal_Tuned10	nervousness	0.6091198921203613	0.014762531965970993	0.02009502798318863	0.013260917738080025	0.03307488560676575	0.01164565421640873	0.6091198921203613	0.018326668068766594	0.1786254495382309	0.034446608275175095	0.014727377332746983	0.017576223239302635	0.03433876857161522
648	neutral	../Syntropy_Result_Finals/Models/Model_Journal_Tuned10	../Syntropy_Result_Finals/Models/Model_Journal_Tuned10	neutral	0.6272140145301819	0.03070804663002491	0.04457559809088707	0.047816865146160126	0.6272140145301819	0.012083285488188267	0.060149744153022766	0.035467956215143204	0.05583101138472557	0.02194364368915558	0.021786725148558617	0.008926648646593094	0.033496465533971786
649	joy	../Syntropy_Result_Finals/Models/Model_Journal_Tuned10	../Syntropy_Result_Finals/Models/Model_Journal_Tuned10	neutral	0.33989638090133667	0.22392231225967407	0.04880350083112717	0.3059940040111542	0.33989638090133667	0.01943962834775448	0.01426703017205	0.010995479300618172	0.005456454120576382	0.004701999481767416	0.004711583256721497	0.004795973189175129	0.017015796154737473
650	confusion	../Syntropy_Result_Finals/Models/Model_Journal_Tuned10	../Syntropy_Result_Finals/Models/Model_Journal_Tuned10	nervousness	0.7327872514724731	0.013121993280947208	0.01079570036381483	0.013132584281265736	0.019000627100467682	0.008935494348406792	0.7327872514724731	0.031408779323101044	0.13960544764995575	0.005313976667821407	0.0025040898472070694	0.010090721771121025	0.01330337580293417
651	excitement	../Syntropy_Result_Finals/Models/Model_Journal_Tuned10	../Syntropy_Result_Finals/Models/Model_Journal_Tuned10	excitement	0.33828410506248474	0.33828410506248474	0.07459787279367447	0.22189153730869293	0.2432328313589096	0.023636410012841225	0.030335476621985435	0.014857840724289417	0.013585817068815231	0.008749772794544697	0.004784394986927509	0.01030455157160759	0.015739336609840393
652	pride	../Syntropy_Result_Finals/Models/Model_Journal_Tuned10	../Syntropy_Result_Finals/Models/Model_Journal_Tuned10	excitement	0.3526366651058197	0.3526366651058197	0.33473414182662964	0.07716501504182816	0.1217428669333458	0.024973727762699127	0.027782877907156944	0.016931381076574326	0.014116691425442696	0.00899980217218399	0.009481909684836864	0.0053203231655061245	0.006114599760621786
653	surprise	../Syntropy_Result_Finals/Models/Model_Journal_Tuned10	../Syntropy_Result_Finals/Models/Model_Journal_Tuned10	surprise	0.686092734336853	0.19358479976654053	0.017411034554243088	0.01687382534146309	0.04574254900217056	0.686092734336853	0.006491906940937042	0.017165761440992355	0.004609324503690004	0.003927077632397413	0.002925760578364134	0.0029906658455729485	0.002184464130550623
654	excitement	../Syntropy_Result_Finals/Models/Model_Journal_Tuned10	../Syntropy_Result_Finals/Models/Model_Journal_Tuned10	excitement	0.6051940321922302	0.6051940321922302	0.06539830565452576	0.0797935277223587	0.17282097041606903	0.024566704407334328	0.010247706435620785	0.015346555970609188	0.00630135927349329	0.005598984193056822	0.00704258494079113	0.003577234223484993	0.004112068098038435
655	excitement	../Syntropy_Result_Finals/Models/Model_Journal_Tuned10	../Syntropy_Result_Finals/Models/Model_Journal_Tuned10	pride	0.43211475014686584	0.3788807988166809	0.43211475014686584	0.03643614426255226	0.03387466445565224	0.03652502968907356	0.025400027632713318	0.018181893974542618	0.012633741833269596	0.009232000447809696	0.007128193508833647	0.005724939052015543	0.0038677905686199665
656	joy	../Syntropy_Result_Finals/Models/Model_Journal_Tuned10	../Syntropy_Result_Finals/Models/Model_Journal_Tuned10	pride	0.420285701751709	0.37899863719940186	0.420285701751709	0.08885358273983002	0.06120390444993973	0.014189192093908787	0.006878452841192484	0.00931650958955288	0.0054336655884981155	0.0031132916919887066	0.00422332901507616	0.0033430347684770823	0.004160696174949408
657	confusion	../Syntropy_Result_Finals/Models/Model_Journal_Tuned10	../Syntropy_Result_Finals/Models/Model_Journal_Tuned10	nervousness	0.44103628396987915	0.01951841078698635	0.01986805535852909	0.019406406208872795	0.061981797218322754	0.016884593293070793	0.44103628396987915	0.08053378760814667	0.15961426496505737	0.05250226706266403	0.04396810010075569	0.02046830579638481	0.06421777606010437
658	neutral	../Syntropy_Result_Finals/Models/Model_Journal_Tuned10	../Syntropy_Result_Finals/Models/Model_Journal_Tuned10	neutral	0.5333450436592102	0.047815848141908646	0.036938294768333435	0.06246504932641983	0.5333450436592102	0.027234578505158424	0.10626175254583359	0.046348147094249725	0.014576961286365986	0.018864313140511513	0.0036431963089853525	0.025517793372273445	0.07698913663625717
659	embarrassment	../Syntropy_Result_Finals/Models/Model_Journal_Tuned10	../Syntropy_Result_Finals/Models/Model_Journal_Tuned10	neutral	0.24073411524295807	0.021560221910476685	0.029552536085247993	0.022372586652636528	0.24073411524295807	0.017507649958133698	0.1932278871536255	0.07198022305965424	0.04645232483744621	0.04005856812000275	0.019456755369901657	0.1568974405527115	0.14019973576068878
660	joy	../Syntropy_Result_Finals/Models/Model_Journal_Tuned10	../Syntropy_Result_Finals/Models/Model_Journal_Tuned10	neutral	0.26849842071533203	0.044097185134887695	0.10341356694698334	0.03313301503658295	0.26849842071533203	0.029026363044977188	0.11908375471830368	0.08402573317289352	0.06947299093008041	0.0922100618481636	0.11205403506755829	0.014882062561810017	0.030102858319878578
661	joy	../Syntropy_Result_Finals/Models/Model_Journal_Tuned10	../Syntropy_Result_Finals/Models/Model_Journal_Tuned10	excitement	0.6081655025482178	0.6081655025482178	0.09618469327688217	0.082003153860569	0.14393989741802216	0.022049983963370323	0.011048324406147003	0.01630348525941372	0.004857858642935753	0.004708164371550083	0.004214491229504347	0.003379212459549308	0.003145226277410984
662	nervousness	../Syntropy_Result_Finals/Models/Model_Journal_Tuned10	../Syntropy_Result_Finals/Models/Model_Journal_Tuned10	neutral	0.38134509325027466	0.07778944075107574	0.19319823384284973	0.06472290307283401	0.38134509325027466	0.02874334342777729	0.07725173979997635	0.040546122938394547	0.03163127973675728	0.03757220134139061	0.03481728211045265	0.009289870969951153	0.02309253439307213
663	neutral	../Syntropy_Result_Finals/Models/Model_Journal_Tuned10	../Syntropy_Result_Finals/Models/Model_Journal_Tuned10	neutral	0.38578343391418457	0.24384449422359467	0.03392048552632332	0.2455863058567047	0.38578343391418457	0.024878161028027534	0.012727274559438229	0.0207444466650486	0.004278507083654404	0.006247035227715969	0.004261428490281105	0.00852988287806511	0.009198533371090889
664	surprise	../Syntropy_Result_Finals/Models/Model_Journal_Tuned10	../Syntropy_Result_Finals/Models/Model_Journal_Tuned10	nervousness	0.44951871037483215	0.021703436970710754	0.01678791269659996	0.011743279173970222	0.05095645785331726	0.03661288693547249	0.44951871037483215	0.036949384957551956	0.25814297795295715	0.023233262822031975	0.012817167676985264	0.03084789216518402	0.05068664252758026
665	joy	../Syntropy_Result_Finals/Models/Model_Journal_Tuned10	../Syntropy_Result_Finals/Models/Model_Journal_Tuned10	excitement	0.4300571084022522	0.4300571084022522	0.11996092647314072	0.19732679426670074	0.1716984361410141	0.025757092982530594	0.014060053043067455	0.012830718420445919	0.006709723267704248	0.0063148499466478825	0.004463109187781811	0.004959230311214924	0.005861971061676741
666	joy	../Syntropy_Result_Finals/Models/Model_Journal_Tuned10	../Syntropy_Result_Finals/Models/Model_Journal_Tuned10	excitement	0.41432470083236694	0.41432470083236694	0.03587475046515465	0.33310821652412415	0.16606594622135162	0.011585967615246773	0.00792445708066225	0.008252191357314587	0.0037269999738782644	0.004488277714699507	0.005429870914667845	0.0035886194091290236	0.005629932042211294
667	neutral	../Syntropy_Result_Finals/Models/Model_Journal_Tuned10	../Syntropy_Result_Finals/Models/Model_Journal_Tuned10	neutral	0.4218577444553375	0.1379358470439911	0.10012567788362503	0.22329387068748474	0.4218577444553375	0.019441625103354454	0.03313732519745827	0.01637112721800804	0.014633323065936565	0.0097841527312994	0.007315412629395723	0.005685701966285706	0.010418197140097618
668	neutral	../Syntropy_Result_Finals/Models/Model_Journal_Tuned10	../Syntropy_Result_Finals/Models/Model_Journal_Tuned10	joy	0.3359566628932953	0.16943347454071045	0.29587623476982117	0.3359566628932953	0.11442739516496658	0.009720314294099808	0.01569421961903572	0.009929466992616653	0.014989360235631466	0.004929862450808287	0.006496988702565432	0.0041287741623818874	0.01841725967824459
669	pride	../Syntropy_Result_Finals/Models/Model_Journal_Tuned10	../Syntropy_Result_Finals/Models/Model_Journal_Tuned10	excitement	0.7049192786216736	0.7049192786216736	0.09397286176681519	0.03384685888886452	0.07863975316286087	0.021466204896569252	0.017698345705866814	0.014742898754775524	0.012329918332397938	0.007070846855640411	0.0056792800314724445	0.004619498737156391	0.005014234222471714
670	nervousness	../Syntropy_Result_Finals/Models/Model_Journal_Tuned10	../Syntropy_Result_Finals/Models/Model_Journal_Tuned10	nervousness	0.42694976925849915	0.01829485595226288	0.03920559212565422	0.015736455097794533	0.11788313835859299	0.01628333143889904	0.42694976925849915	0.0779440850019455	0.0974959135055542	0.05014228820800781	0.04409277066588402	0.026110434904694557	0.06986135989427567
671	pride	../Syntropy_Result_Finals/Models/Model_Journal_Tuned10	../Syntropy_Result_Finals/Models/Model_Journal_Tuned10	pride	0.7648512721061707	0.054552070796489716	0.7648512721061707	0.024249937385320663	0.03625345975160599	0.022978300228714943	0.029106995090842247	0.017683304846286774	0.015392112545669079	0.012116091325879097	0.007701746188104153	0.009433253668248653	0.0056814709678292274
672	neutral	../Syntropy_Result_Finals/Models/Model_Journal_Tuned10	../Syntropy_Result_Finals/Models/Model_Journal_Tuned10	joy	0.36777782440185547	0.17706593871116638	0.13938626646995544	0.36777782440185547	0.2419906109571457	0.01321176253259182	0.01823028363287449	0.01253556925803423	0.008315875194966793	0.005065801087766886	0.006208264268934727	0.003220365848392248	0.0069914283230900764
673	excitement	../Syntropy_Result_Finals/Models/Model_Journal_Tuned10	../Syntropy_Result_Finals/Models/Model_Journal_Tuned10	excitement	0.42604097723960876	0.42604097723960876	0.12523788213729858	0.05490290746092796	0.2314140647649765	0.04032684490084648	0.020831918343901634	0.04324362799525261	0.01984090358018875	0.015560596249997616	0.010261104442179203	0.00627521239221096	0.006063929758965969
674	neutral	../Syntropy_Result_Finals/Models/Model_Journal_Tuned10	../Syntropy_Result_Finals/Models/Model_Journal_Tuned10	joy	0.3502742648124695	0.3240306079387665	0.06347671896219254	0.3502742648124695	0.19363537430763245	0.016609948128461838	0.01392985787242651	0.009610382840037346	0.00549238920211792	0.004742883611470461	0.003949298523366451	0.004349144641309977	0.009899089112877846
675	pride	../Syntropy_Result_Finals/Models/Model_Journal_Tuned10	../Syntropy_Result_Finals/Models/Model_Journal_Tuned10	excitement	0.37395673990249634	0.37395673990249634	0.3238314688205719	0.06520628184080124	0.12027786672115326	0.033650752156972885	0.02149255760014057	0.019164573401212692	0.010078353807330132	0.01178659312427044	0.008183014579117298	0.006670449860394001	0.0057013011537492275
676	neutral	../Syntropy_Result_Finals/Models/Model_Journal_Tuned10	../Syntropy_Result_Finals/Models/Model_Journal_Tuned10	pride	0.5080792307853699	0.044167932122945786	0.5080792307853699	0.07988696545362473	0.2058679461479187	0.017143970355391502	0.03130050376057625	0.017136434093117714	0.0312016773968935	0.015792682766914368	0.018244754523038864	0.0071050566621124744	0.024072837084531784
677	excitement	../Syntropy_Result_Finals/Models/Model_Journal_Tuned10	../Syntropy_Result_Finals/Models/Model_Journal_Tuned10	neutral	0.24141083657741547	0.21704231202602386	0.2297051101922989	0.0755726546049118	0.24141083657741547	0.03169608861207962	0.04557162895798683	0.027332723140716553	0.030818767845630646	0.02031567320227623	0.02764984965324402	0.013120392337441444	0.039764001965522766
678	surprise	../Syntropy_Result_Finals/Models/Model_Journal_Tuned10	../Syntropy_Result_Finals/Models/Model_Journal_Tuned10	nervousness	0.2125098556280136	0.05421527847647667	0.031173814088106155	0.019675441086292267	0.10180860757827759	0.02872585318982601	0.2125098556280136	0.07202313840389252	0.15412212908267975	0.09201917052268982	0.18286298215389252	0.015836795791983604	0.03502687066793442
679	anger	../Syntropy_Result_Finals/Models/Model_Journal_Tuned10	../Syntropy_Result_Finals/Models/Model_Journal_Tuned10	neutral	0.7416123151779175	0.04870149493217468	0.019582334905862808	0.0635923221707344	0.7416123151779175	0.018610697239637375	0.022417059168219566	0.022208111360669136	0.007156771142035723	0.010074595920741558	0.006019167602062225	0.008538525551557541	0.03148655220866203
680	excitement	../Syntropy_Result_Finals/Models/Model_Journal_Tuned10	../Syntropy_Result_Finals/Models/Model_Journal_Tuned10	neutral	0.5470377206802368	0.0975174680352211	0.15085043013095856	0.0945860892534256	0.5470377206802368	0.01427651010453701	0.026941854506731033	0.015865957364439964	0.01221159566193819	0.008543974719941616	0.008034386672079563	0.0063262335024774075	0.017807792872190475
681	joy	../Syntropy_Result_Finals/Models/Model_Journal_Tuned10	../Syntropy_Result_Finals/Models/Model_Journal_Tuned10	joy	0.34675291180610657	0.27977439761161804	0.06549650430679321	0.34675291180610657	0.2306663542985916	0.01601496711373329	0.015895050019025803	0.01149719301611185	0.006026277784258127	0.006461098324507475	0.004567692056298256	0.005883879028260708	0.010963762179017067
682	joy	../Syntropy_Result_Finals/Models/Model_Journal_Tuned10	../Syntropy_Result_Finals/Models/Model_Journal_Tuned10	joy	0.44177308678627014	0.1144532635807991	0.2049056738615036	0.44177308678627014	0.18296238780021667	0.006295839324593544	0.010891225188970566	0.008635814301669598	0.006346286274492741	0.003304738085716963	0.0042983731254935265	0.003222636179998517	0.012910637073218822
683	neutral	../Syntropy_Result_Finals/Models/Model_Journal_Tuned10	../Syntropy_Result_Finals/Models/Model_Journal_Tuned10	fear	0.7911410927772522	0.004741588141769171	0.013172303326427937	0.008182511664927006	0.015153991989791393	0.006186352577060461	0.1267155557870865	0.006747586652636528	0.7911410927772522	0.01335163600742817	0.0052945418283343315	0.0036713622976094484	0.005641554947942495
684	joy	../Syntropy_Result_Finals/Models/Model_Journal_Tuned10	../Syntropy_Result_Finals/Models/Model_Journal_Tuned10	pride	0.39479494094848633	0.3387924134731293	0.39479494094848633	0.10072461515665054	0.08560646325349808	0.023324761539697647	0.015335912816226482	0.012996356934309006	0.006474075838923454	0.00586704071611166	0.00685041444376111	0.00422451738268137	0.0050084637477993965
685	joy	../Syntropy_Result_Finals/Models/Model_Journal_Tuned10	../Syntropy_Result_Finals/Models/Model_Journal_Tuned10	joy	0.3846743702888489	0.24781154096126556	0.059937577694654465	0.3846743702888489	0.24020887911319733	0.01646110787987709	0.011123551987111568	0.012094964273273945	0.003512189956381917	0.0059541501104831696	0.003935068380087614	0.005967739969491959	0.008318949490785599
686	neutral	../Syntropy_Result_Finals/Models/Model_Journal_Tuned10	../Syntropy_Result_Finals/Models/Model_Journal_Tuned10	excitement	0.4255625009536743	0.4255625009536743	0.06542447954416275	0.08086016774177551	0.04921684414148331	0.3369329571723938	0.009019582532346249	0.01512820366770029	0.003871739376336336	0.004302062094211578	0.0025906020309776068	0.0042711058631539345	0.002819756744429469
687	neutral	../Syntropy_Result_Finals/Models/Model_Journal_Tuned10	../Syntropy_Result_Finals/Models/Model_Journal_Tuned10	excitement	0.4164988696575165	0.4164988696575165	0.0887782871723175	0.40797120332717896	0.05235394462943077	0.009567237459123135	0.0040357825346291065	0.006085898727178574	0.0029345934744924307	0.0016356161795556545	0.0022561966907233	0.0030980268493294716	0.004784369375556707
688	neutral	../Syntropy_Result_Finals/Models/Model_Journal_Tuned10	../Syntropy_Result_Finals/Models/Model_Journal_Tuned10	neutral	0.6259512305259705	0.05195920541882515	0.06371428817510605	0.08657613396644592	0.6259512305259705	0.018649667501449585	0.05409703403711319	0.03026849962770939	0.01312302052974701	0.01635364256799221	0.007638298440724611	0.008915100246667862	0.022753847762942314
689	neutral	../Syntropy_Result_Finals/Models/Model_Journal_Tuned10	../Syntropy_Result_Finals/Models/Model_Journal_Tuned10	nervousness	0.5898751020431519	0.028601545840501785	0.03501381352543831	0.023353874683380127	0.06328701227903366	0.02041521668434143	0.5898751020431519	0.05793217197060585	0.09562130272388458	0.03233269974589348	0.023003991693258286	0.01701485551893711	0.01354843657463789
690	joy	../Syntropy_Result_Finals/Models/Model_Journal_Tuned10	../Syntropy_Result_Finals/Models/Model_Journal_Tuned10	excitement	0.7138895392417908	0.7138895392417908	0.04456629976630211	0.0894441232085228	0.052530523389577866	0.05706099048256874	0.00710783526301384	0.014959728345274925	0.0044418866746127605	0.005800305400043726	0.0027027511969208717	0.004798507317900658	0.002697500865906477
691	pride	../Syntropy_Result_Finals/Models/Model_Journal_Tuned10	../Syntropy_Result_Finals/Models/Model_Journal_Tuned10	pride	0.806405782699585	0.05653291940689087	0.806405782699585	0.027413876727223396	0.03144661709666252	0.016370931640267372	0.016490278765559196	0.01425156183540821	0.008808715268969536	0.007662466261535883	0.00390027929097414	0.006976426113396883	0.003740138839930296
692	excitement	../Syntropy_Result_Finals/Models/Model_Journal_Tuned10	../Syntropy_Result_Finals/Models/Model_Journal_Tuned10	excitement	0.5025085210800171	0.5025085210800171	0.06786388158798218	0.19658471643924713	0.18355298042297363	0.015064927749335766	0.006230988074094057	0.008463695645332336	0.0035800072364509106	0.002609740477055311	0.003745287423953414	0.0032924318220466375	0.006502876989543438
693	neutral	../Syntropy_Result_Finals/Models/Model_Journal_Tuned10	../Syntropy_Result_Finals/Models/Model_Journal_Tuned10	neutral	0.5540525317192078	0.06967556476593018	0.09598375111818314	0.09007389098405838	0.5540525317192078	0.017566168680787086	0.03300871327519417	0.0554843507707119	0.00991061795502901	0.014043857343494892	0.008995193988084793	0.01617910899221897	0.03502628579735756
694	neutral	../Syntropy_Result_Finals/Models/Model_Journal_Tuned10	../Syntropy_Result_Finals/Models/Model_Journal_Tuned10	neutral	0.5410619974136353	0.12597422301769257	0.05809616297483444	0.1455504149198532	0.5410619974136353	0.02206922508776188	0.027216287329792976	0.027118589729070663	0.01332769449800253	0.013582279905676842	0.009791592136025429	0.0065463087521493435	0.009665194898843765
695	surprise	../Syntropy_Result_Finals/Models/Model_Journal_Tuned10	../Syntropy_Result_Finals/Models/Model_Journal_Tuned10	surprise	0.41072189807891846	0.40082406997680664	0.043374981731176376	0.029913991689682007	0.0496482290327549	0.41072189807891846	0.011609083972871304	0.02951141819357872	0.006546337157487869	0.0065783169120550156	0.0031479662284255028	0.005249720998108387	0.002873938763514161
696	pride	../Syntropy_Result_Finals/Models/Model_Journal_Tuned10	../Syntropy_Result_Finals/Models/Model_Journal_Tuned10	excitement	0.35638803243637085	0.35638803243637085	0.11991287767887115	0.06749194115400314	0.3383338451385498	0.030441764742136	0.020462527871131897	0.03225409984588623	0.009766905568540096	0.00715638929978013	0.006188538391143084	0.005167878232896328	0.0064352029003202915
697	excitement	../Syntropy_Result_Finals/Models/Model_Journal_Tuned10	../Syntropy_Result_Finals/Models/Model_Journal_Tuned10	pride	0.2909242510795593	0.055506251752376556	0.2909242510795593	0.09501077234745026	0.26173752546310425	0.02242344059050083	0.08862525224685669	0.03435111045837402	0.07311050593852997	0.022406553849577904	0.02198721654713154	0.007919123396277428	0.025997992604970932
698	joy	../Syntropy_Result_Finals/Models/Model_Journal_Tuned10	../Syntropy_Result_Finals/Models/Model_Journal_Tuned10	excitement	0.698961079120636	0.698961079120636	0.05174505338072777	0.07497201859951019	0.08892811834812164	0.039638277143239975	0.00951404683291912	0.012383423745632172	0.004266596864908934	0.007652633357793093	0.003993927501142025	0.004704172722995281	0.003240554593503475
699	neutral	../Syntropy_Result_Finals/Models/Model_Journal_Tuned10	../Syntropy_Result_Finals/Models/Model_Journal_Tuned10	nervousness	0.33360689878463745	0.046153947710990906	0.07950224727392197	0.03130828216671944	0.24505840241909027	0.026629362255334854	0.33360689878463745	0.0561382919549942	0.05952312424778938	0.03469773381948471	0.015006030909717083	0.018644336611032486	0.053731370717287064
700	joy	../Syntropy_Result_Finals/Models/Model_Journal_Tuned10	../Syntropy_Result_Finals/Models/Model_Journal_Tuned10	pride	0.2856307923793793	0.27694031596183777	0.2856307923793793	0.21258848905563354	0.12414977699518204	0.016786541789770126	0.02441069856286049	0.014733151532709599	0.015740783885121346	0.006016630679368973	0.007090104278177023	0.004648163914680481	0.01126445084810257
701	pride	../Syntropy_Result_Finals/Models/Model_Journal_Tuned10	../Syntropy_Result_Finals/Models/Model_Journal_Tuned10	pride	0.4642478823661804	0.23826031386852264	0.4642478823661804	0.07271431386470795	0.12802733480930328	0.02397763542830944	0.019182277843356133	0.019727684557437897	0.008865064941346645	0.0069636572152376175	0.0070952484384179115	0.005833284463733435	0.005105279386043549
702	joy	../Syntropy_Result_Finals/Models/Model_Journal_Tuned10	../Syntropy_Result_Finals/Models/Model_Journal_Tuned10	neutral	0.6459342241287231	0.04629365727305412	0.0881161168217659	0.07161812484264374	0.6459342241287231	0.016342604532837868	0.03720008209347725	0.025302045047283173	0.011885859072208405	0.013830532319843769	0.00849550124257803	0.007104985415935516	0.02787633426487446
703	excitement	../Syntropy_Result_Finals/Models/Model_Journal_Tuned10	../Syntropy_Result_Finals/Models/Model_Journal_Tuned10	excitement	0.5075720548629761	0.5075720548629761	0.11165642738342285	0.17204663157463074	0.11738209426403046	0.03978429734706879	0.011464596726000309	0.016344202682375908	0.005651271436363459	0.005486706271767616	0.004102070350199938	0.004604342393577099	0.003905355930328369
704	anger	../Syntropy_Result_Finals/Models/Model_Journal_Tuned10	../Syntropy_Result_Finals/Models/Model_Journal_Tuned10	fear	0.7315303683280945	0.0060674152337014675	0.005051029846072197	0.006057467777282	0.010919862426817417	0.009299594908952713	0.12233778834342957	0.008060860447585583	0.7315303683280945	0.049341898411512375	0.0075408765114843845	0.010198534466326237	0.03359435871243477
705	pride	../Syntropy_Result_Finals/Models/Model_Journal_Tuned10	../Syntropy_Result_Finals/Models/Model_Journal_Tuned10	neutral	0.30204981565475464	0.22690358757972717	0.21694660186767578	0.06929720938205719	0.30204981565475464	0.04354942589998245	0.037999123334884644	0.03803608939051628	0.017382929101586342	0.016750410199165344	0.014706240966916084	0.007370819803327322	0.009007749147713184
706	joy	../Syntropy_Result_Finals/Models/Model_Journal_Tuned10	../Syntropy_Result_Finals/Models/Model_Journal_Tuned10	neutral	0.48201069235801697	0.1565166860818863	0.11454984545707703	0.12003877013921738	0.48201069235801697	0.025662800297141075	0.03244904801249504	0.01936383917927742	0.011930643580853939	0.010824658907949924	0.005268569570034742	0.007435905747115612	0.013948587700724602
707	joy	../Syntropy_Result_Finals/Models/Model_Journal_Tuned10	../Syntropy_Result_Finals/Models/Model_Journal_Tuned10	neutral	0.609969973564148	0.0758248120546341	0.10080994665622711	0.08827342092990875	0.609969973564148	0.02135222963988781	0.022274544462561607	0.025639519095420837	0.012104034423828125	0.01558376383036375	0.008639843203127384	0.008326223120093346	0.01120179146528244
708	joy	../Syntropy_Result_Finals/Models/Model_Journal_Tuned10	../Syntropy_Result_Finals/Models/Model_Journal_Tuned10	excitement	0.5920608043670654	0.5920608043670654	0.08566590398550034	0.16749116778373718	0.09835875034332275	0.014889714308083057	0.0107960756868124	0.010730832815170288	0.004714129026979208	0.004020561929792166	0.00528594758361578	0.0028855642303824425	0.003100442932918668
709	excitement	../Syntropy_Result_Finals/Models/Model_Journal_Tuned10	../Syntropy_Result_Finals/Models/Model_Journal_Tuned10	pride	0.8385198712348938	0.03556733950972557	0.8385198712348938	0.01727275736629963	0.025724265724420547	0.016219856217503548	0.017815260216593742	0.013313783332705498	0.011187939904630184	0.007487482391297817	0.005573050584644079	0.007531138136982918	0.00378724979236722
710	excitement	../Syntropy_Result_Finals/Models/Model_Journal_Tuned10	../Syntropy_Result_Finals/Models/Model_Journal_Tuned10	pride	0.6274913549423218	0.15216924250125885	0.6274913549423218	0.07372686266899109	0.05761014297604561	0.020079875364899635	0.02075720764696598	0.014136089943349361	0.00971150305122137	0.008402373641729355	0.005714057479053736	0.005420266184955835	0.004780978430062532
711	excitement	../Syntropy_Result_Finals/Models/Model_Journal_Tuned10	../Syntropy_Result_Finals/Models/Model_Journal_Tuned10	excitement	0.6234925985336304	0.6234925985336304	0.0502459853887558	0.020741688087582588	0.120470330119133	0.05582476779818535	0.027568330988287926	0.030533263459801674	0.030342653393745422	0.014357729814946651	0.015193186700344086	0.005326937884092331	0.005902467295527458
712	neutral	../Syntropy_Result_Finals/Models/Model_Journal_Tuned10	../Syntropy_Result_Finals/Models/Model_Journal_Tuned10	neutral	0.4596565067768097	0.14576785266399384	0.09692854434251785	0.1698581874370575	0.4596565067768097	0.031115174293518066	0.01790602132678032	0.02875705249607563	0.00928745698183775	0.010756565257906914	0.0038996839430183172	0.010027101263403893	0.016039889305830002
713	excitement	../Syntropy_Result_Finals/Models/Model_Journal_Tuned10	../Syntropy_Result_Finals/Models/Model_Journal_Tuned10	excitement	0.5025124549865723	0.5025124549865723	0.13546204566955566	0.2360527068376541	0.07872921973466873	0.017685724422335625	0.007455955259501934	0.007903728634119034	0.0034247206058353186	0.0024830426555126905	0.002006936352699995	0.003518279641866684	0.0027651265263557434
714	pride	../Syntropy_Result_Finals/Models/Model_Journal_Tuned10	../Syntropy_Result_Finals/Models/Model_Journal_Tuned10	neutral	0.5780173540115356	0.0985260009765625	0.06929750740528107	0.03407982364296913	0.5780173540115356	0.04942384362220764	0.03911842033267021	0.03990227356553078	0.02925565280020237	0.02720261737704277	0.011285342276096344	0.011042952537536621	0.012848246842622757
715	excitement	../Syntropy_Result_Finals/Models/Model_Journal_Tuned10	../Syntropy_Result_Finals/Models/Model_Journal_Tuned10	excitement	0.4801102578639984	0.4801102578639984	0.1242547556757927	0.11241175979375839	0.18281547725200653	0.03863195702433586	0.010014200583100319	0.02550615556538105	0.007168106734752655	0.006006655283272266	0.004159925039857626	0.005447178613394499	0.003473609918728471
716	excitement	../Syntropy_Result_Finals/Models/Model_Journal_Tuned10	../Syntropy_Result_Finals/Models/Model_Journal_Tuned10	neutral	0.4418080151081085	0.12164022773504257	0.17847932875156403	0.10578440129756927	0.4418080151081085	0.030015768483281136	0.021164942532777786	0.022347301244735718	0.016460519284009933	0.023217104375362396	0.01961636357009411	0.008566869422793388	0.010899132117629051
717	neutral	../Syntropy_Result_Finals/Models/Model_Journal_Tuned10	../Syntropy_Result_Finals/Models/Model_Journal_Tuned10	excitement	0.35401076078414917	0.35401076078414917	0.21937642991542816	0.13312193751335144	0.1412229835987091	0.05744663625955582	0.019231002777814865	0.04015911743044853	0.007074333727359772	0.008548273704946041	0.0049617113545536995	0.008564034476876259	0.006282781716436148
718	excitement	../Syntropy_Result_Finals/Models/Model_Journal_Tuned10	../Syntropy_Result_Finals/Models/Model_Journal_Tuned10	pride	0.7021738290786743	0.11213070154190063	0.7021738290786743	0.03276843950152397	0.04512209817767143	0.028687814250588417	0.02425815351307392	0.018160024657845497	0.01222294382750988	0.007906577549874783	0.005755990743637085	0.007065508048981428	0.0037478599697351456
719	pride	../Syntropy_Result_Finals/Models/Model_Journal_Tuned10	../Syntropy_Result_Finals/Models/Model_Journal_Tuned10	excitement	0.4004356563091278	0.4004356563091278	0.10155840218067169	0.3691902756690979	0.08454274386167526	0.013102647848427296	0.006909593474119902	0.007307937368750572	0.0036330546718090773	0.00242857844568789	0.0022963634692132473	0.0037153882440179586	0.004879265557974577
720	excitement	../Syntropy_Result_Finals/Models/Model_Journal_Tuned10	../Syntropy_Result_Finals/Models/Model_Journal_Tuned10	excitement	0.7973406314849854	0.7973406314849854	0.06618834286928177	0.021643847227096558	0.03344497084617615	0.022626757621765137	0.01907801255583763	0.0123369749635458	0.007432123180478811	0.006159231998026371	0.008395749144256115	0.0027346129063516855	0.002618722151964903
721	anger	../Syntropy_Result_Finals/Models/Model_Journal_Tuned10	../Syntropy_Result_Finals/Models/Model_Journal_Tuned10	nervousness	0.5355761647224426	0.004960232879966497	0.008895578794181347	0.009696723893284798	0.018469396978616714	0.005436477717012167	0.5355761647224426	0.012928267940878868	0.36033540964126587	0.010389596223831177	0.0033267163671553135	0.00682736886665225	0.023158051073551178
722	pride	../Syntropy_Result_Finals/Models/Model_Journal_Tuned10	../Syntropy_Result_Finals/Models/Model_Journal_Tuned10	pride	0.6203513741493225	0.16360710561275482	0.6203513741493225	0.04914851486682892	0.07030363380908966	0.021029917523264885	0.023802660405635834	0.01325304713100195	0.009687559679150581	0.009295525029301643	0.007963591255247593	0.006228860933333635	0.005328208673745394
723	neutral	../Syntropy_Result_Finals/Models/Model_Journal_Tuned10	../Syntropy_Result_Finals/Models/Model_Journal_Tuned10	excitement	0.6132526993751526	0.6132526993751526	0.049576155841350555	0.21869385242462158	0.06660999357700348	0.024808328598737717	0.00531834177672863	0.007279571611434221	0.003117657732218504	0.0032189872581511736	0.0018901878502219915	0.0036913615185767412	0.002542908536270261
724	neutral	../Syntropy_Result_Finals/Models/Model_Journal_Tuned10	../Syntropy_Result_Finals/Models/Model_Journal_Tuned10	joy	0.3548499345779419	0.23770828545093536	0.10481146723031998	0.3548499345779419	0.23620271682739258	0.011429679580032825	0.014509722590446472	0.010641802102327347	0.005503449589014053	0.004446103703230619	0.0037226607091724873	0.0044476790353655815	0.01172653678804636
725	neutral	../Syntropy_Result_Finals/Models/Model_Journal_Tuned10	../Syntropy_Result_Finals/Models/Model_Journal_Tuned10	neutral	0.43588995933532715	0.18697118759155273	0.08012057840824127	0.1604340374469757	0.43588995933532715	0.01468485314399004	0.047651130706071854	0.020317010581493378	0.016292978078126907	0.007109340745955706	0.005462613422423601	0.007684493437409401	0.01738174445927143
726	pride	../Syntropy_Result_Finals/Models/Model_Journal_Tuned10	../Syntropy_Result_Finals/Models/Model_Journal_Tuned10	excitement	0.6819485425949097	0.6819485425949097	0.02336162142455578	0.24982833862304688	0.021173687651753426	0.008003627881407738	0.0030020633712410927	0.0038199597038328648	0.001838114345446229	0.0014569747727364302	0.0016049016267061234	0.0021079140715301037	0.0018543266924098134
727	excitement	../Syntropy_Result_Finals/Models/Model_Journal_Tuned10	../Syntropy_Result_Finals/Models/Model_Journal_Tuned10	pride	0.3584176003932953	0.29525992274284363	0.3584176003932953	0.08445598930120468	0.09292558580636978	0.05346895009279251	0.02246357873082161	0.034551046788692474	0.016967151314020157	0.01673595979809761	0.010400436818599701	0.007293640170246363	0.00706009566783905
728	joy	../Syntropy_Result_Finals/Models/Model_Journal_Tuned10	../Syntropy_Result_Finals/Models/Model_Journal_Tuned10	excitement	0.38888686895370483	0.38888686895370483	0.0374663881957531	0.3375808894634247	0.18701519072055817	0.01316818967461586	0.0067564817145466805	0.009233214892446995	0.002983514219522476	0.004134832881391048	0.0029090517200529575	0.004862975794821978	0.0050024609081447124
729	nervousness	../Syntropy_Result_Finals/Models/Model_Journal_Tuned10	../Syntropy_Result_Finals/Models/Model_Journal_Tuned10	excitement	0.5491077899932861	0.5491077899932861	0.026562271639704704	0.03804100304841995	0.06174888461828232	0.25585758686065674	0.009617790579795837	0.033155880868434906	0.008996846154332161	0.005377577617764473	0.004694574978202581	0.0044746315106749535	0.0023651616647839546
730	sadness	../Syntropy_Result_Finals/Models/Model_Journal_Tuned10	../Syntropy_Result_Finals/Models/Model_Journal_Tuned10	nervousness	0.3799375891685486	0.00885393749922514	0.010688151232898235	0.013978317379951477	0.05417639762163162	0.010769709013402462	0.3799375891685486	0.027575738728046417	0.11293832212686539	0.029613038524985313	0.007542966399341822	0.041015468537807465	0.30291038751602173
731	pride	../Syntropy_Result_Finals/Models/Model_Journal_Tuned10	../Syntropy_Result_Finals/Models/Model_Journal_Tuned10	neutral	0.3116759657859802	0.03516369313001633	0.27646443247795105	0.066022127866745	0.3116759657859802	0.0238510612398386	0.05720429867506027	0.02960403636097908	0.06036828085780144	0.03215678408741951	0.0412481315433979	0.012026258744299412	0.05421491339802742
732	pride	../Syntropy_Result_Finals/Models/Model_Journal_Tuned10	../Syntropy_Result_Finals/Models/Model_Journal_Tuned10	excitement	0.6912630796432495	0.6912630796432495	0.06097814440727234	0.10427656769752502	0.06854165345430374	0.035879477858543396	0.007515755482017994	0.010676492005586624	0.004908353555947542	0.004537560977041721	0.002481873380020261	0.0053654806688427925	0.003575516864657402
733	nervousness	../Syntropy_Result_Finals/Models/Model_Journal_Tuned10	../Syntropy_Result_Finals/Models/Model_Journal_Tuned10	excitement	0.6720276474952698	0.6720276474952698	0.04710662364959717	0.0365363173186779	0.10116712003946304	0.02518330328166485	0.03756992518901825	0.024183642119169235	0.03392289578914642	0.006715907249599695	0.004996951669454575	0.004965865518897772	0.005623830482363701
734	neutral	../Syntropy_Result_Finals/Models/Model_Journal_Tuned10	../Syntropy_Result_Finals/Models/Model_Journal_Tuned10	neutral	0.5271934270858765	0.09191025793552399	0.12565892934799194	0.05023939535021782	0.5271934270858765	0.021420340985059738	0.04032006859779358	0.041123759001493454	0.0339016430079937	0.020250564441084862	0.030801961198449135	0.007333371322602034	0.009846334345638752
735	nervousness	../Syntropy_Result_Finals/Models/Model_Journal_Tuned10	../Syntropy_Result_Finals/Models/Model_Journal_Tuned10	neutral	0.39154672622680664	0.10466131567955017	0.16457431018352509	0.11228323727846146	0.39154672622680664	0.02287185937166214	0.0690503641963005	0.031225044280290604	0.03920937702059746	0.019507640972733498	0.02383289858698845	0.007807878311723471	0.013429342769086361
736	excitement	../Syntropy_Result_Finals/Models/Model_Journal_Tuned10	../Syntropy_Result_Finals/Models/Model_Journal_Tuned10	pride	0.35092708468437195	0.10469426214694977	0.35092708468437195	0.07716100662946701	0.2911052107810974	0.028798295184969902	0.03482693433761597	0.02948709763586521	0.026598094031214714	0.020629702135920525	0.014801396988332272	0.007692288141697645	0.013278634287416935
737	neutral	../Syntropy_Result_Finals/Models/Model_Journal_Tuned10	../Syntropy_Result_Finals/Models/Model_Journal_Tuned10	neutral	0.3666894733905792	0.06427254527807236	0.10490024089813232	0.1332692950963974	0.3666894733905792	0.02808060497045517	0.11193873733282089	0.02304784394800663	0.10033117979764938	0.015385963022708893	0.010025212541222572	0.0096586337313056	0.03240027651190758
738	excitement	../Syntropy_Result_Finals/Models/Model_Journal_Tuned10	../Syntropy_Result_Finals/Models/Model_Journal_Tuned10	neutral	0.3319408595561981	0.27540668845176697	0.1417899876832962	0.10593845695257187	0.3319408595561981	0.025008756667375565	0.03608923405408859	0.03060060925781727	0.016510561108589172	0.010267912410199642	0.013002920895814896	0.0061373114585876465	0.00730675645172596
739	joy	../Syntropy_Result_Finals/Models/Model_Journal_Tuned10	../Syntropy_Result_Finals/Models/Model_Journal_Tuned10	nervousness	0.30739519000053406	0.02140897512435913	0.019712980836629868	0.03457331657409668	0.20265674591064453	0.016529325395822525	0.30739519000053406	0.055372681468725204	0.07804702967405319	0.026738718152046204	0.011174477636814117	0.03434380516409874	0.19204671680927277
740	joy	../Syntropy_Result_Finals/Models/Model_Journal_Tuned10	../Syntropy_Result_Finals/Models/Model_Journal_Tuned10	neutral	0.24394570291042328	0.067317433655262	0.03167179599404335	0.031144632026553154	0.24394570291042328	0.033200472593307495	0.2242659628391266	0.05951371416449547	0.048500824719667435	0.04042655602097511	0.010775349102914333	0.04986350238323212	0.1593741774559021
741	surprise	../Syntropy_Result_Finals/Models/Model_Journal_Tuned10	../Syntropy_Result_Finals/Models/Model_Journal_Tuned10	surprise	0.619016706943512	0.21088314056396484	0.00870803277939558	0.011785014532506466	0.018110785633325577	0.619016706943512	0.011283195577561855	0.01707802154123783	0.04553795978426933	0.034443534910678864	0.009912068024277687	0.00975153036415577	0.0034900582395493984
742	neutral	../Syntropy_Result_Finals/Models/Model_Journal_Tuned10	../Syntropy_Result_Finals/Models/Model_Journal_Tuned10	excitement	0.5752018690109253	0.5752018690109253	0.03736543282866478	0.22490902245044708	0.10629458725452423	0.015849994495511055	0.005528241395950317	0.010365349240601063	0.007117867935448885	0.0035432404838502407	0.004529823549091816	0.004527180455625057	0.004767396952956915
743	pride	../Syntropy_Result_Finals/Models/Model_Journal_Tuned10	../Syntropy_Result_Finals/Models/Model_Journal_Tuned10	pride	0.8623234033584595	0.025190994143486023	0.8623234033584595	0.019184252247214317	0.01945459097623825	0.010404448956251144	0.017014870420098305	0.01060314942151308	0.012272422201931477	0.007438054773956537	0.00499332882463932	0.006446695886552334	0.004673657938838005
744	pride	../Syntropy_Result_Finals/Models/Model_Journal_Tuned10	../Syntropy_Result_Finals/Models/Model_Journal_Tuned10	excitement	0.6263893842697144	0.6263893842697144	0.16241993010044098	0.04220929369330406	0.06212232634425163	0.035742130130529404	0.017209699377417564	0.02368731051683426	0.010886878706514835	0.005769661627709866	0.005417331121861935	0.004111736547201872	0.004034362267702818
745	nervousness	../Syntropy_Result_Finals/Models/Model_Journal_Tuned10	../Syntropy_Result_Finals/Models/Model_Journal_Tuned10	neutral	0.5385715365409851	0.08545351028442383	0.07065742462873459	0.017948899418115616	0.5385715365409851	0.04464665800333023	0.033012062311172485	0.11330913752317429	0.033929336816072464	0.02321891486644745	0.02290348708629608	0.007809725124388933	0.008539295755326748
746	excitement	../Syntropy_Result_Finals/Models/Model_Journal_Tuned10	../Syntropy_Result_Finals/Models/Model_Journal_Tuned10	neutral	0.3230973184108734	0.2947654724121094	0.15579672157764435	0.08167165517807007	0.3230973184108734	0.04076067730784416	0.01752585917711258	0.03695087879896164	0.015424336306750774	0.012283112853765488	0.009004563093185425	0.007238361053168774	0.005481136497110128
747	nervousness	../Syntropy_Result_Finals/Models/Model_Journal_Tuned10	../Syntropy_Result_Finals/Models/Model_Journal_Tuned10	nervousness	0.4754652976989746	0.016146238893270493	0.01411246508359909	0.012852713465690613	0.029332123696804047	0.011049142107367516	0.4754652976989746	0.017922567203640938	0.3827866017818451	0.01694752648472786	0.005841125268489122	0.0075350357219576836	0.010009192861616611
748	joy	../Syntropy_Result_Finals/Models/Model_Journal_Tuned10	../Syntropy_Result_Finals/Models/Model_Journal_Tuned10	nervousness	0.6532157063484192	0.011468697339296341	0.014645274728536606	0.014857578091323376	0.04971009120345116	0.012831923551857471	0.6532157063484192	0.03202744945883751	0.1465233713388443	0.020193874835968018	0.004530034959316254	0.014470173045992851	0.025525782257318497
749	joy	../Syntropy_Result_Finals/Models/Model_Journal_Tuned10	../Syntropy_Result_Finals/Models/Model_Journal_Tuned10	sadness	0.6855146288871765	0.004501598887145519	0.011530072428286076	0.012330181896686554	0.13366951048374176	0.004219780210405588	0.07451096922159195	0.01766989380121231	0.017699122428894043	0.010646334849298	0.004271292593330145	0.023436617106199265	0.6855146288871765
750	joy	../Syntropy_Result_Finals/Models/Model_Journal_Tuned10	../Syntropy_Result_Finals/Models/Model_Journal_Tuned10	neutral	0.2581641972064972	0.18487648665905	0.24471521377563477	0.1595172882080078	0.2581641972064972	0.047239433974027634	0.029749950394034386	0.01741728000342846	0.015555625781416893	0.013023615814745426	0.00975858699530363	0.007468088995665312	0.012514223344624043
751	joy	../Syntropy_Result_Finals/Models/Model_Journal_Tuned10	../Syntropy_Result_Finals/Models/Model_Journal_Tuned10	excitement	0.40780994296073914	0.40780994296073914	0.27934160828590393	0.1474374383687973	0.0852222889661789	0.018601566553115845	0.016279427334666252	0.014968190342187881	0.010250707156956196	0.004097409546375275	0.004811801481992006	0.004441814497113228	0.0067377639934420586
752	fear	../Syntropy_Result_Finals/Models/Model_Journal_Tuned10	../Syntropy_Result_Finals/Models/Model_Journal_Tuned10	neutral	0.537563145160675	0.017569057643413544	0.03447699174284935	0.011932834051549435	0.537563145160675	0.02928922325372696	0.05230965092778206	0.06924353539943695	0.031101001426577568	0.09080937504768372	0.040108002722263336	0.01861325278878212	0.06698397547006607
753	excitement	../Syntropy_Result_Finals/Models/Model_Journal_Tuned10	../Syntropy_Result_Finals/Models/Model_Journal_Tuned10	excitement	0.33301764726638794	0.33301764726638794	0.060271792113780975	0.0542730875313282	0.26679083704948425	0.08441094309091568	0.06224306672811508	0.0455629788339138	0.02203378453850746	0.01055220328271389	0.006641644053161144	0.01521124318242073	0.03899066895246506
754	neutral	../Syntropy_Result_Finals/Models/Model_Journal_Tuned10	../Syntropy_Result_Finals/Models/Model_Journal_Tuned10	excitement	0.4731658697128296	0.4731658697128296	0.04371416196227074	0.34302523732185364	0.08667605370283127	0.011354850605130196	0.011975820176303387	0.008187859319150448	0.005973641760647297	0.003862014738842845	0.0034521291963756084	0.0034452485851943493	0.005167069844901562
755	neutral	../Syntropy_Result_Finals/Models/Model_Journal_Tuned10	../Syntropy_Result_Finals/Models/Model_Journal_Tuned10	excitement	0.34728509187698364	0.34728509187698364	0.08237496018409729	0.30880481004714966	0.2130645513534546	0.011488615535199642	0.008548012934625149	0.007790856063365936	0.003295706585049629	0.002823526505380869	0.002227033721283078	0.004211717285215855	0.008085058070719242
756	embarrassment	../Syntropy_Result_Finals/Models/Model_Journal_Tuned10	../Syntropy_Result_Finals/Models/Model_Journal_Tuned10	neutral	0.39115944504737854	0.08798783272504807	0.23368939757347107	0.053644340485334396	0.39115944504737854	0.03328647464513779	0.05616040527820587	0.03474820777773857	0.022314943373203278	0.03310154378414154	0.027067650109529495	0.013419638387858868	0.013420067727565765
757	pride	../Syntropy_Result_Finals/Models/Model_Journal_Tuned10	../Syntropy_Result_Finals/Models/Model_Journal_Tuned10	pride	0.8317263722419739	0.02733002044260502	0.8317263722419739	0.019170869141817093	0.02907606028020382	0.01626390777528286	0.019254378974437714	0.01467340998351574	0.01284654252231121	0.010190562345087528	0.006018780171871185	0.008873993530869484	0.004575155675411224
758	neutral	../Syntropy_Result_Finals/Models/Model_Journal_Tuned10	../Syntropy_Result_Finals/Models/Model_Journal_Tuned10	pride	0.5478649735450745	0.03554708510637283	0.5478649735450745	0.05786173418164253	0.13462984561920166	0.022602975368499756	0.044123098254203796	0.020781155675649643	0.04492303356528282	0.030305078253149986	0.02333209291100502	0.010363461449742317	0.027665406465530396
759	joy	../Syntropy_Result_Finals/Models/Model_Journal_Tuned10	../Syntropy_Result_Finals/Models/Model_Journal_Tuned10	excitement	0.570889413356781	0.570889413356781	0.027118176221847534	0.051117125898599625	0.15187247097492218	0.16220417618751526	0.003931514453142881	0.011913475580513477	0.004254945088177919	0.005874641705304384	0.0061033787205815315	0.002779350383207202	0.0019412531983107328
760	joy	../Syntropy_Result_Finals/Models/Model_Journal_Tuned10	../Syntropy_Result_Finals/Models/Model_Journal_Tuned10	excitement	0.5215013027191162	0.5215013027191162	0.13703449070453644	0.20750246942043304	0.08502228558063507	0.016256170347332954	0.007975736632943153	0.00797363743185997	0.004103153944015503	0.0029181181453168392	0.004303288646042347	0.0022828683722764254	0.0031264829449355602
761	excitement	../Syntropy_Result_Finals/Models/Model_Journal_Tuned10	../Syntropy_Result_Finals/Models/Model_Journal_Tuned10	excitement	0.6147732138633728	0.6147732138633728	0.15581625699996948	0.08615769445896149	0.06317868083715439	0.02994573302567005	0.009336593560874462	0.015957368537783623	0.00689962413161993	0.005916000809520483	0.004360156133770943	0.005058791022747755	0.002599900821223855
762	joy	../Syntropy_Result_Finals/Models/Model_Journal_Tuned10	../Syntropy_Result_Finals/Models/Model_Journal_Tuned10	neutral	0.3012203872203827	0.26695817708969116	0.16572600603103638	0.13776899874210358	0.3012203872203827	0.050292663276195526	0.0163755863904953	0.02365129068493843	0.010846400633454323	0.007908960804343224	0.005322104319930077	0.00733209541067481	0.006597212050110102
763	neutral	../Syntropy_Result_Finals/Models/Model_Journal_Tuned10	../Syntropy_Result_Finals/Models/Model_Journal_Tuned10	joy	0.3408924341201782	0.23994696140289307	0.2340259850025177	0.3408924341201782	0.13482356071472168	0.010342317633330822	0.007354711648076773	0.007522947620600462	0.006435129325836897	0.002538846107199788	0.004154645837843418	0.0028116859029978514	0.009150813333690166
764	neutral	../Syntropy_Result_Finals/Models/Model_Journal_Tuned10	../Syntropy_Result_Finals/Models/Model_Journal_Tuned10	nervousness	0.27442190051078796	0.0431155189871788	0.03211141377687454	0.024215469136834145	0.21510936319828033	0.011134909465909004	0.27442190051078796	0.029722439125180244	0.24112452566623688	0.03197408467531204	0.029172515496611595	0.01917179301381111	0.04872604459524155
765	sadness	../Syntropy_Result_Finals/Models/Model_Journal_Tuned10	../Syntropy_Result_Finals/Models/Model_Journal_Tuned10	neutral	0.546126663684845	0.01609054021537304	0.044637132436037064	0.014015299268066883	0.546126663684845	0.019894393160939217	0.07108975946903229	0.05892384797334671	0.02142135612666607	0.05885753780603409	0.032971758395433426	0.028634771704673767	0.08733697235584259
766	neutral	../Syntropy_Result_Finals/Models/Model_Journal_Tuned10	../Syntropy_Result_Finals/Models/Model_Journal_Tuned10	neutral	0.585231363773346	0.08298651874065399	0.10004892945289612	0.10233133286237717	0.585231363773346	0.018273748457431793	0.029117947444319725	0.01930423267185688	0.01701325736939907	0.016493236646056175	0.01572447642683983	0.005457279272377491	0.008017615415155888
767	excitement	../Syntropy_Result_Finals/Models/Model_Journal_Tuned10	../Syntropy_Result_Finals/Models/Model_Journal_Tuned10	pride	0.5208312273025513	0.09025295078754425	0.5208312273025513	0.055494777858257294	0.1987166851758957	0.03224467113614082	0.026592107489705086	0.01970476657152176	0.012615940533578396	0.017112664878368378	0.011056994087994099	0.007777482736855745	0.007599636446684599
768	fear	../Syntropy_Result_Finals/Models/Model_Journal_Tuned10	../Syntropy_Result_Finals/Models/Model_Journal_Tuned10	sadness	0.44719940423965454	0.002781213028356433	0.006441407836973667	0.005647002253681421	0.04113413393497467	0.0039374916814267635	0.10404162108898163	0.019141726195812225	0.026102926582098007	0.1411837339401245	0.014923939481377602	0.18746539950370789	0.44719940423965454
769	surprise	../Syntropy_Result_Finals/Models/Model_Journal_Tuned10	../Syntropy_Result_Finals/Models/Model_Journal_Tuned10	pride	0.6078683733940125	0.17825919389724731	0.6078683733940125	0.053159940987825394	0.06861620396375656	0.030586840584874153	0.014819731004536152	0.014752489514648914	0.008791351690888405	0.00729542039334774	0.006431871559470892	0.005017264746129513	0.00440133037045598
770	excitement	../Syntropy_Result_Finals/Models/Model_Journal_Tuned10	../Syntropy_Result_Finals/Models/Model_Journal_Tuned10	neutral	0.3661814033985138	0.245760977268219	0.05294309929013252	0.12673790752887726	0.3661814033985138	0.037207551300525665	0.03217741474509239	0.03443484753370285	0.020345984026789665	0.03386237472295761	0.017580967396497726	0.011612842790782452	0.02115456573665142
771	neutral	../Syntropy_Result_Finals/Models/Model_Journal_Tuned10	../Syntropy_Result_Finals/Models/Model_Journal_Tuned10	excitement	0.33964812755584717	0.33964812755584717	0.03875666856765747	0.11071481555700302	0.2362484186887741	0.05375019460916519	0.08584555238485336	0.05646922439336777	0.024780137464404106	0.012675444595515728	0.006274120882153511	0.011004915460944176	0.023832302540540695
772	excitement	../Syntropy_Result_Finals/Models/Model_Journal_Tuned10	../Syntropy_Result_Finals/Models/Model_Journal_Tuned10	excitement	0.3668310344219208	0.3668310344219208	0.18537655472755432	0.16390840709209442	0.1925143152475357	0.0191170834004879	0.01714433915913105	0.01919098198413849	0.00989785697311163	0.007654257118701935	0.007793349213898182	0.004383832216262817	0.0061880312860012054
773	neutral	../Syntropy_Result_Finals/Models/Model_Journal_Tuned10	../Syntropy_Result_Finals/Models/Model_Journal_Tuned10	neutral	0.606508731842041	0.06010696664452553	0.08036123961210251	0.05760977417230606	0.606508731842041	0.025879960507154465	0.0364985316991806	0.05225482955574989	0.018672728911042213	0.02150016836822033	0.01419676560908556	0.008874856866896152	0.017535462975502014
774	nervousness	../Syntropy_Result_Finals/Models/Model_Journal_Tuned10	../Syntropy_Result_Finals/Models/Model_Journal_Tuned10	anger	0.42278558015823364	0.011251518502831459	0.03568826988339424	0.008925409987568855	0.07091964036226273	0.010188221000134945	0.06785507500171661	0.027837883681058884	0.05033745616674423	0.25283223390579224	0.42278558015823364	0.01399514451622963	0.027383562177419662
775	joy	../Syntropy_Result_Finals/Models/Model_Journal_Tuned10	../Syntropy_Result_Finals/Models/Model_Journal_Tuned10	neutral	0.3749251961708069	0.2614520192146301	0.040454912930727005	0.1279980093240738	0.3749251961708069	0.04859583079814911	0.031008118763566017	0.03852823004126549	0.011455968022346497	0.015846185386180878	0.006699163932353258	0.020161442458629608	0.02287480980157852
776	joy	../Syntropy_Result_Finals/Models/Model_Journal_Tuned10	../Syntropy_Result_Finals/Models/Model_Journal_Tuned10	joy	0.4211558997631073	0.3146574795246124	0.05235596373677254	0.4211558997631073	0.17255695164203644	0.010795443318784237	0.006596485618501902	0.005676818545907736	0.003187906928360462	0.002562308916822076	0.002474032575264573	0.002527148462831974	0.005453517660498619
777	pride	../Syntropy_Result_Finals/Models/Model_Journal_Tuned10	../Syntropy_Result_Finals/Models/Model_Journal_Tuned10	pride	0.3841937780380249	0.1966361403465271	0.3841937780380249	0.0640420913696289	0.19721132516860962	0.0575719028711319	0.024714887142181396	0.025675909593701363	0.01446310244500637	0.012141521088778973	0.009392799809575081	0.007285033818334341	0.00667145848274231
778	pride	../Syntropy_Result_Finals/Models/Model_Journal_Tuned10	../Syntropy_Result_Finals/Models/Model_Journal_Tuned10	pride	0.861358106136322	0.016325609758496284	0.861358106136322	0.015816066414117813	0.019716544076800346	0.012717035599052906	0.019010206684470177	0.010317030362784863	0.013896480202674866	0.010815887711942196	0.004923570901155472	0.009434877894818783	0.005668603349477053
779	pride	../Syntropy_Result_Finals/Models/Model_Journal_Tuned10	../Syntropy_Result_Finals/Models/Model_Journal_Tuned10	pride	0.8089978098869324	0.03299728408455849	0.8089978098869324	0.025191042572259903	0.03332976624369621	0.01913847215473652	0.021855372935533524	0.01485796831548214	0.014131366275250912	0.011773926205933094	0.005745537579059601	0.0077580478973686695	0.004223449621349573
780	excitement	../Syntropy_Result_Finals/Models/Model_Journal_Tuned10	../Syntropy_Result_Finals/Models/Model_Journal_Tuned10	excitement	0.4611975848674774	0.4611975848674774	0.09345907717943192	0.24848660826683044	0.1325002759695053	0.0184877160936594	0.008968700654804707	0.010522421449422836	0.005367049016058445	0.007153676822781563	0.004101180005818605	0.006108590867370367	0.003647200996056199
781	nervousness	../Syntropy_Result_Finals/Models/Model_Journal_Tuned10	../Syntropy_Result_Finals/Models/Model_Journal_Tuned10	neutral	0.33949312567710876	0.22812455892562866	0.15742552280426025	0.08812522143125534	0.33949312567710876	0.047043971717357635	0.025095799937844276	0.07185327261686325	0.011679159477353096	0.00821716245263815	0.008854422718286514	0.007176194805651903	0.006911593489348888
782	neutral	../Syntropy_Result_Finals/Models/Model_Journal_Tuned10	../Syntropy_Result_Finals/Models/Model_Journal_Tuned10	pride	0.8137167692184448	0.020383939146995544	0.8137167692184448	0.020564747974276543	0.031630225479602814	0.015449710190296173	0.023648375645279884	0.015673331916332245	0.01930682547390461	0.014906572178006172	0.00967193953692913	0.009237037971615791	0.005810573231428862
783	confusion	../Syntropy_Result_Finals/Models/Model_Journal_Tuned10	../Syntropy_Result_Finals/Models/Model_Journal_Tuned10	neutral	0.4445331394672394	0.008797402493655682	0.030338188633322716	0.011716593988239765	0.4445331394672394	0.011427046731114388	0.15694332122802734	0.06589250266551971	0.05146113038063049	0.04009375721216202	0.013999088667333126	0.016667818650603294	0.14813005924224854
784	nervousness	../Syntropy_Result_Finals/Models/Model_Journal_Tuned10	../Syntropy_Result_Finals/Models/Model_Journal_Tuned10	nervousness	0.6455675959587097	0.08311647176742554	0.01815059781074524	0.040268342941999435	0.021376919001340866	0.015300006605684757	0.6455675959587097	0.019228635355830193	0.12365297228097916	0.007576898206025362	0.0026546770241111517	0.014207018539309502	0.00889988150447607
785	joy	../Syntropy_Result_Finals/Models/Model_Journal_Tuned10	../Syntropy_Result_Finals/Models/Model_Journal_Tuned10	excitement	0.7652523517608643	0.7652523517608643	0.0626135915517807	0.101008839905262	0.03790746256709099	0.014837542548775673	0.003607894293963909	0.005174348130822182	0.0022289787884801626	0.0019951704889535904	0.0016974660102277994	0.002097039483487606	0.0015791545156389475
786	joy	../Syntropy_Result_Finals/Models/Model_Journal_Tuned10	../Syntropy_Result_Finals/Models/Model_Journal_Tuned10	excitement	0.5298562049865723	0.5298562049865723	0.20298421382904053	0.10870158672332764	0.08150215446949005	0.02751934714615345	0.009842696599662304	0.017077254131436348	0.005807722918689251	0.004413763526827097	0.005291820969432592	0.003467906964942813	0.0035352834966033697
787	nervousness	../Syntropy_Result_Finals/Models/Model_Journal_Tuned10	../Syntropy_Result_Finals/Models/Model_Journal_Tuned10	nervousness	0.40860044956207275	0.022204967215657234	0.051263317465782166	0.02356432005763054	0.10760752111673355	0.021483372896909714	0.40860044956207275	0.07366911321878433	0.12311188131570816	0.06966310739517212	0.04946555197238922	0.02059302292764187	0.0287733543664217
788	neutral	../Syntropy_Result_Finals/Models/Model_Journal_Tuned10	../Syntropy_Result_Finals/Models/Model_Journal_Tuned10	neutral	0.34466850757598877	0.097015380859375	0.06976888328790665	0.10017312318086624	0.34466850757598877	0.02726198546588421	0.18900732696056366	0.020281067118048668	0.07901420444250107	0.018905291333794594	0.012114964425563812	0.011292539536952972	0.030496692284941673
789	neutral	../Syntropy_Result_Finals/Models/Model_Journal_Tuned10	../Syntropy_Result_Finals/Models/Model_Journal_Tuned10	joy	0.40873125195503235	0.343904048204422	0.033548545092344284	0.40873125195503235	0.16241008043289185	0.011318507604300976	0.009721742011606693	0.00909248273819685	0.00373866967856884	0.003986280877143145	0.0026412210427224636	0.005075579043477774	0.005831640679389238
790	embarrassment	../Syntropy_Result_Finals/Models/Model_Journal_Tuned10	../Syntropy_Result_Finals/Models/Model_Journal_Tuned10	nervousness	0.36625733971595764	0.032958727329969406	0.01411455124616623	0.02672003023326397	0.046757206320762634	0.034392062574625015	0.36625733971595764	0.08890976011753082	0.2394559234380722	0.04651927575469017	0.007862462662160397	0.07146330177783966	0.02458944171667099
791	nervousness	../Syntropy_Result_Finals/Models/Model_Journal_Tuned10	../Syntropy_Result_Finals/Models/Model_Journal_Tuned10	neutral	0.21108020842075348	0.17882007360458374	0.06584537774324417	0.029845332726836205	0.21108020842075348	0.03610440716147423	0.19475160539150238	0.03867639601230621	0.08876384794712067	0.06590552628040314	0.036263756453990936	0.0136409355327487	0.04030250757932663
792	neutral	../Syntropy_Result_Finals/Models/Model_Journal_Tuned10	../Syntropy_Result_Finals/Models/Model_Journal_Tuned10	nervousness	0.29463207721710205	0.016099097207188606	0.02450118027627468	0.017382051795721054	0.24999327957630157	0.019045794382691383	0.29463207721710205	0.08168022334575653	0.051112618297338486	0.06128738448023796	0.013504068367183208	0.04582943394780159	0.12493272125720978
793	excitement	../Syntropy_Result_Finals/Models/Model_Journal_Tuned10	../Syntropy_Result_Finals/Models/Model_Journal_Tuned10	pride	0.3757531940937042	0.3418591618537903	0.3757531940937042	0.061128001660108566	0.07708962261676788	0.05522899702191353	0.019159095361828804	0.0309270229190588	0.009614920243620872	0.010205239057540894	0.006050885654985905	0.00826936960220337	0.004714493174105883
794	joy	../Syntropy_Result_Finals/Models/Model_Journal_Tuned10	../Syntropy_Result_Finals/Models/Model_Journal_Tuned10	neutral	0.49809926748275757	0.13711044192314148	0.10337530821561813	0.17972752451896667	0.49809926748275757	0.01878235675394535	0.010083391331136227	0.017516985535621643	0.005696399137377739	0.011165108531713486	0.006712753791362047	0.005831941496580839	0.005898520350456238
795	neutral	../Syntropy_Result_Finals/Models/Model_Journal_Tuned10	../Syntropy_Result_Finals/Models/Model_Journal_Tuned10	neutral	0.6653270125389099	0.06850425899028778	0.0810728594660759	0.06163211539387703	0.6653270125389099	0.019133873283863068	0.03044385462999344	0.02521543949842453	0.009665992110967636	0.010446880012750626	0.006140592973679304	0.008394116535782814	0.014023019932210445
796	neutral	../Syntropy_Result_Finals/Models/Model_Journal_Tuned10	../Syntropy_Result_Finals/Models/Model_Journal_Tuned10	excitement	0.32652807235717773	0.32652807235717773	0.2033376842737198	0.142844557762146	0.2538657784461975	0.02005857788026333	0.015240239910781384	0.011648425832390785	0.006844720337539911	0.006053967867046595	0.004453080240637064	0.004032006487250328	0.00509291747584939
797	pride	../Syntropy_Result_Finals/Models/Model_Journal_Tuned10	../Syntropy_Result_Finals/Models/Model_Journal_Tuned10	neutral	0.349289208650589	0.06120441481471062	0.3105544447898865	0.06239720806479454	0.349289208650589	0.03097407892346382	0.051000844687223434	0.0437290295958519	0.03082423470914364	0.021891243755817413	0.01757628284394741	0.008131345734000206	0.012427646666765213
798	neutral	../Syntropy_Result_Finals/Models/Model_Journal_Tuned10	../Syntropy_Result_Finals/Models/Model_Journal_Tuned10	excitement	0.6219919919967651	0.6219919919967651	0.14406506717205048	0.06230100244283676	0.105208620429039	0.031721923500299454	0.006208829581737518	0.008826361037790775	0.004041576758027077	0.005172552540898323	0.004370861686766148	0.003376541892066598	0.0027146623469889164
799	neutral	../Syntropy_Result_Finals/Models/Model_Journal_Tuned10	../Syntropy_Result_Finals/Models/Model_Journal_Tuned10	excitement	0.5738638639450073	0.5738638639450073	0.1527785062789917	0.10867881029844284	0.07547935098409653	0.0250486321747303	0.014998326078057289	0.021429013460874557	0.00849215593189001	0.0058907088823616505	0.00575464079156518	0.004319344647228718	0.003266605781391263
800	excitement	../Syntropy_Result_Finals/Models/Model_Journal_Tuned10	../Syntropy_Result_Finals/Models/Model_Journal_Tuned10	excitement	0.8843817114830017	0.8843817114830017	0.024289319291710854	0.016392569988965988	0.022408146411180496	0.022934529930353165	0.006941385567188263	0.008636514656245708	0.004952285438776016	0.0034236707724630833	0.002641116501763463	0.0017845781985670328	0.0012141873594373465
801	excitement	../Syntropy_Result_Finals/Models/Model_Journal_Tuned10	../Syntropy_Result_Finals/Models/Model_Journal_Tuned10	neutral	0.39743855595588684	0.19646590948104858	0.1991041749715805	0.05079570412635803	0.39743855595588684	0.029853565618395805	0.03478006273508072	0.030546486377716064	0.01627206802368164	0.015301472507417202	0.012865638360381126	0.009128203615546227	0.007448236923664808
802	joy	../Syntropy_Result_Finals/Models/Model_Journal_Tuned10	../Syntropy_Result_Finals/Models/Model_Journal_Tuned10	joy	0.36178523302078247	0.18878167867660522	0.03546944633126259	0.36178523302078247	0.30907711386680603	0.02227175049483776	0.016368083655834198	0.025980550795793533	0.006610862910747528	0.007527727633714676	0.00681428425014019	0.006384874228388071	0.012928490526974201
803	neutral	../Syntropy_Result_Finals/Models/Model_Journal_Tuned10	../Syntropy_Result_Finals/Models/Model_Journal_Tuned10	excitement	0.37633538246154785	0.37633538246154785	0.03772731497883797	0.33983269333839417	0.18791557848453522	0.014770375564694405	0.011129197664558887	0.010676145553588867	0.0038957383949309587	0.004519963171333075	0.004748162813484669	0.0033637373708188534	0.005085707642138004
804	excitement	../Syntropy_Result_Finals/Models/Model_Journal_Tuned10	../Syntropy_Result_Finals/Models/Model_Journal_Tuned10	pride	0.6129811406135559	0.06304468959569931	0.6129811406135559	0.047919899225234985	0.1323232352733612	0.029479779303073883	0.025290006771683693	0.024007730185985565	0.0211842879652977	0.012724866159260273	0.012926356866955757	0.009465028531849384	0.008652941323816776
805	joy	../Syntropy_Result_Finals/Models/Model_Journal_Tuned10	../Syntropy_Result_Finals/Models/Model_Journal_Tuned10	excitement	0.42033350467681885	0.42033350467681885	0.04398160055279732	0.332974374294281	0.16023965179920197	0.012370528653264046	0.00642231572419405	0.0054482282139360905	0.00234695291146636	0.0034956925082951784	0.0030358696822077036	0.003873754059895873	0.005477525759488344
806	joy	../Syntropy_Result_Finals/Models/Model_Journal_Tuned10	../Syntropy_Result_Finals/Models/Model_Journal_Tuned10	neutral	0.5245469212532043	0.10893858969211578	0.024319566786289215	0.13680163025856018	0.5245469212532043	0.03271669149398804	0.020564565435051918	0.05221311002969742	0.013940536417067051	0.0077449856325984	0.0068395063281059265	0.02127101458609104	0.05010286346077919
807	joy	../Syntropy_Result_Finals/Models/Model_Journal_Tuned10	../Syntropy_Result_Finals/Models/Model_Journal_Tuned10	joy	0.44774290919303894	0.2683228552341461	0.10466250777244568	0.44774290919303894	0.12432554364204407	0.014355299063026905	0.009431293234229088	0.01026298850774765	0.004916887264698744	0.0036944730672985315	0.0035669852513819933	0.0034858419094234705	0.0052323793061077595
808	neutral	../Syntropy_Result_Finals/Models/Model_Journal_Tuned10	../Syntropy_Result_Finals/Models/Model_Journal_Tuned10	excitement	0.705773115158081	0.705773115158081	0.03346036374568939	0.10361526906490326	0.10370931029319763	0.02066820114850998	0.005989514756947756	0.007862590253353119	0.002588854869827628	0.003313843160867691	0.002419006545096636	0.004455165471881628	0.006144792772829533
809	neutral	../Syntropy_Result_Finals/Models/Model_Journal_Tuned10	../Syntropy_Result_Finals/Models/Model_Journal_Tuned10	nervousness	0.3254450261592865	0.03816598281264305	0.026322461664676666	0.04041147604584694	0.16502079367637634	0.019031483680009842	0.3254450261592865	0.04883106052875519	0.1004379540681839	0.046767354011535645	0.015429169870913029	0.04440269246697426	0.12973441183567047
810	neutral	../Syntropy_Result_Finals/Models/Model_Journal_Tuned10	../Syntropy_Result_Finals/Models/Model_Journal_Tuned10	excitement	0.5930620431900024	0.5930620431900024	0.03936997801065445	0.28241175413131714	0.056305550038814545	0.010748659260571003	0.003350743092596531	0.0032671743538230658	0.0026386897079646587	0.0019277514657005668	0.001977071398869157	0.0019829042721539736	0.002957618562504649
811	joy	../Syntropy_Result_Finals/Models/Model_Journal_Tuned10	../Syntropy_Result_Finals/Models/Model_Journal_Tuned10	joy	0.3946250081062317	0.37005940079689026	0.04452425241470337	0.3946250081062317	0.13312634825706482	0.013704207725822926	0.011481266468763351	0.011316483840346336	0.00403808057308197	0.00403015548363328	0.002727782353758812	0.004968644119799137	0.005398496054112911
812	anger	../Syntropy_Result_Finals/Models/Model_Journal_Tuned10	../Syntropy_Result_Finals/Models/Model_Journal_Tuned10	sadness	0.2850455045700073	0.004296100698411465	0.012829494662582874	0.007037656381726265	0.04862317815423012	0.003784946398809552	0.15265613794326782	0.014876733534038067	0.06327512115240097	0.22807545959949493	0.050584062933921814	0.12891554832458496	0.2850455045700073
813	nervousness	../Syntropy_Result_Finals/Models/Model_Journal_Tuned10	../Syntropy_Result_Finals/Models/Model_Journal_Tuned10	neutral	0.3452669084072113	0.088201142847538	0.30580562353134155	0.0628938227891922	0.3452669084072113	0.030764861032366753	0.04274468496441841	0.03154744580388069	0.02679939568042755	0.030156323686242104	0.0171163622289896	0.009390663355588913	0.009312871843576431
814	joy	../Syntropy_Result_Finals/Models/Model_Journal_Tuned10	../Syntropy_Result_Finals/Models/Model_Journal_Tuned10	joy	0.43155086040496826	0.2627256214618683	0.0775289312005043	0.43155086040496826	0.17073433101177216	0.012564982287585735	0.012084444053471088	0.010174010880291462	0.00400387542322278	0.0034739228431135416	0.0032015976030379534	0.0036488082259893417	0.008308661170303822
815	pride	../Syntropy_Result_Finals/Models/Model_Journal_Tuned10	../Syntropy_Result_Finals/Models/Model_Journal_Tuned10	neutral	0.443117618560791	0.010789314284920692	0.041933249682188034	0.020361222326755524	0.443117618560791	0.007038314361125231	0.14530940353870392	0.045064881443977356	0.06538142263889313	0.02010161243379116	0.018420008942484856	0.011224725283682346	0.1712583303451538
816	joy	../Syntropy_Result_Finals/Models/Model_Journal_Tuned10	../Syntropy_Result_Finals/Models/Model_Journal_Tuned10	excitement	0.4752279818058014	0.4752279818058014	0.11028247326612473	0.1547914743423462	0.1723567396402359	0.027600016444921494	0.01185735035687685	0.014708098955452442	0.00800675805658102	0.009109788574278355	0.007607082836329937	0.004501641727983952	0.003950741142034531
817	neutral	../Syntropy_Result_Finals/Models/Model_Journal_Tuned10	../Syntropy_Result_Finals/Models/Model_Journal_Tuned10	pride	0.36773696541786194	0.052247304469347	0.36773696541786194	0.07250870019197464	0.26009178161621094	0.02188345231115818	0.05314427986741066	0.03589942678809166	0.0551002062857151	0.021541565656661987	0.02853497862815857	0.00859156996011734	0.022719891741871834
818	joy	../Syntropy_Result_Finals/Models/Model_Journal_Tuned10	../Syntropy_Result_Finals/Models/Model_Journal_Tuned10	excitement	0.47221529483795166	0.47221529483795166	0.06279726326465607	0.380289226770401	0.054518718272447586	0.007373867556452751	0.005412082187831402	0.005681977607309818	0.0021215463057160378	0.0019740203861147165	0.0017181969014927745	0.002597551327198744	0.0033002232667058706
819	neutral	../Syntropy_Result_Finals/Models/Model_Journal_Tuned10	../Syntropy_Result_Finals/Models/Model_Journal_Tuned10	pride	0.8123787641525269	0.06417445838451385	0.8123787641525269	0.033551160246133804	0.02609032765030861	0.012645235285162926	0.014160350896418095	0.010835281573235989	0.008480627089738846	0.005044947378337383	0.003711323020979762	0.004947342909872532	0.003980164881795645
820	neutral	../Syntropy_Result_Finals/Models/Model_Journal_Tuned10	../Syntropy_Result_Finals/Models/Model_Journal_Tuned10	excitement	0.8849871158599854	0.8849871158599854	0.018969574943184853	0.03589929640293121	0.03255726024508476	0.010751252993941307	0.003346187761053443	0.004984298720955849	0.0019879741594195366	0.0016006407095119357	0.0017227722564712167	0.0016238606767728925	0.0015698312781751156
821	excitement	../Syntropy_Result_Finals/Models/Model_Journal_Tuned10	../Syntropy_Result_Finals/Models/Model_Journal_Tuned10	pride	0.643162727355957	0.13532063364982605	0.643162727355957	0.04681602865457535	0.06580965220928192	0.03306441381573677	0.020058071240782738	0.020627792924642563	0.01016590278595686	0.008183733560144901	0.0055152843706309795	0.006605443079024553	0.004670307040214539
822	neutral	../Syntropy_Result_Finals/Models/Model_Journal_Tuned10	../Syntropy_Result_Finals/Models/Model_Journal_Tuned10	excitement	0.40288063883781433	0.40288063883781433	0.056614819914102554	0.3012947142124176	0.16968880593776703	0.017069512978196144	0.012975947000086308	0.015415079891681671	0.005093194544315338	0.004814628977328539	0.004481947515159845	0.0048385439440608025	0.004832143429666758
823	excitement	../Syntropy_Result_Finals/Models/Model_Journal_Tuned10	../Syntropy_Result_Finals/Models/Model_Journal_Tuned10	sadness	0.7910441756248474	0.006234304513782263	0.00512755336239934	0.010661748237907887	0.03574793413281441	0.0040373108349740505	0.0860230103135109	0.011682518757879734	0.020533807575702667	0.007228816859424114	0.002796959364786744	0.018881842494010925	0.7910441756248474
824	neutral	../Syntropy_Result_Finals/Models/Model_Journal_Tuned10	../Syntropy_Result_Finals/Models/Model_Journal_Tuned10	excitement	0.4120453894138336	0.4120453894138336	0.04641790688037872	0.37997791171073914	0.12298010289669037	0.01448958832770586	0.004775362089276314	0.007216401398181915	0.002335317200049758	0.002308062743395567	0.0021858946420252323	0.0020577022805809975	0.00321037694811821
825	excitement	../Syntropy_Result_Finals/Models/Model_Journal_Tuned10	../Syntropy_Result_Finals/Models/Model_Journal_Tuned10	neutral	0.40612220764160156	0.13296426832675934	0.03884521499276161	0.31630200147628784	0.40612220764160156	0.018853800371289253	0.0144059332087636	0.015959560871124268	0.006181265693157911	0.012832064181566238	0.00800334196537733	0.011886566877365112	0.017643768340349197
826	excitement	../Syntropy_Result_Finals/Models/Model_Journal_Tuned10	../Syntropy_Result_Finals/Models/Model_Journal_Tuned10	pride	0.34327852725982666	0.22031031548976898	0.34327852725982666	0.05279030650854111	0.22003230452537537	0.04975825920701027	0.025867639109492302	0.03141196072101593	0.015309055335819721	0.013533082790672779	0.01295624952763319	0.00720009533688426	0.007552283350378275
827	neutral	../Syntropy_Result_Finals/Models/Model_Journal_Tuned10	../Syntropy_Result_Finals/Models/Model_Journal_Tuned10	neutral	0.44002941250801086	0.05567263439297676	0.0754893571138382	0.28317248821258545	0.44002941250801086	0.015742961317300797	0.025839095935225487	0.010623778216540813	0.017381155863404274	0.009922977536916733	0.008787315338850021	0.007218748331069946	0.050119925290346146
828	fear	../Syntropy_Result_Finals/Models/Model_Journal_Tuned10	../Syntropy_Result_Finals/Models/Model_Journal_Tuned10	neutral	0.5716318488121033	0.015507804229855537	0.027258483693003654	0.010326134972274303	0.5716318488121033	0.013343031518161297	0.08324909210205078	0.058296166360378265	0.04908275976777077	0.03597073256969452	0.02538251131772995	0.01674417220056057	0.09320731461048126
829	sadness	../Syntropy_Result_Finals/Models/Model_Journal_Tuned10	../Syntropy_Result_Finals/Models/Model_Journal_Tuned10	excitement	0.6950515508651733	0.6950515508651733	0.0694354847073555	0.04499518498778343	0.06406760960817337	0.08012928068637848	0.01006091944873333	0.013218089938163757	0.006159067619591951	0.003753438126295805	0.0031321265269070864	0.00403148727491498	0.005965637043118477
830	surprise	../Syntropy_Result_Finals/Models/Model_Journal_Tuned10	../Syntropy_Result_Finals/Models/Model_Journal_Tuned10	neutral	0.509903073310852	0.04625827446579933	0.09847508370876312	0.055249761790037155	0.509903073310852	0.02442818321287632	0.06672125309705734	0.028870388865470886	0.04632355645298958	0.020508551970124245	0.007909978739917278	0.012126720510423183	0.08322516083717346
831	joy	../Syntropy_Result_Finals/Models/Model_Journal_Tuned10	../Syntropy_Result_Finals/Models/Model_Journal_Tuned10	sadness	0.3825904130935669	0.01162794791162014	0.06149934604763985	0.03673717379570007	0.21979479491710663	0.008302135393023491	0.13615107536315918	0.034109435975551605	0.05374439060688019	0.023337844759225845	0.013489704579114914	0.01861581578850746	0.3825904130935669
832	pride	../Syntropy_Result_Finals/Models/Model_Journal_Tuned10	../Syntropy_Result_Finals/Models/Model_Journal_Tuned10	pride	0.5404090285301208	0.05407613143324852	0.5404090285301208	0.050520993769168854	0.1722414195537567	0.02917737141251564	0.03767137974500656	0.03268973529338837	0.02449704520404339	0.02142227254807949	0.018842989578843117	0.009678274393081665	0.008773494511842728
833	joy	../Syntropy_Result_Finals/Models/Model_Journal_Tuned10	../Syntropy_Result_Finals/Models/Model_Journal_Tuned10	joy	0.43769571185112	0.198042094707489	0.146681010723114	0.43769571185112	0.13657161593437195	0.012136953882873058	0.020609181374311447	0.010515129193663597	0.01622268743813038	0.003409248311072588	0.004349103197455406	0.0037999050691723824	0.009967389516532421
834	neutral	../Syntropy_Result_Finals/Models/Model_Journal_Tuned10	../Syntropy_Result_Finals/Models/Model_Journal_Tuned10	joy	0.39419710636138916	0.37922289967536926	0.09523075819015503	0.39419710636138916	0.08776727318763733	0.009354526177048683	0.007487650029361248	0.006503668148070574	0.004926504101604223	0.0025748424232006073	0.002565226051956415	0.002558490028604865	0.007611103355884552
835	sadness	../Syntropy_Result_Finals/Models/Model_Journal_Tuned10	../Syntropy_Result_Finals/Models/Model_Journal_Tuned10	neutral	0.2958418130874634	0.03376590460538864	0.09441757947206497	0.02530081942677498	0.2958418130874634	0.03161753714084625	0.06701524555683136	0.04834097623825073	0.15636759996414185	0.08017478883266449	0.07905714958906174	0.048553720116615295	0.03954685851931572
836	joy	../Syntropy_Result_Finals/Models/Model_Journal_Tuned10	../Syntropy_Result_Finals/Models/Model_Journal_Tuned10	excitement	0.8994873762130737	0.8994873762130737	0.016022246330976486	0.03934779390692711	0.021623803302645683	0.013154169544577599	0.0016503524966537952	0.0034414720721542835	0.0012250507716089487	0.0008839949150569737	0.0016718171536922455	0.0009182393550872803	0.0005736043676733971
837	joy	../Syntropy_Result_Finals/Models/Model_Journal_Tuned10	../Syntropy_Result_Finals/Models/Model_Journal_Tuned10	pride	0.43130025267601013	0.25884249806404114	0.43130025267601013	0.11667834967374802	0.08378440141677856	0.03147334232926369	0.020185427740216255	0.021172694861888885	0.009059837087988853	0.01019230205565691	0.007023800630122423	0.006059322506189346	0.004227852448821068
838	joy	../Syntropy_Result_Finals/Models/Model_Journal_Tuned10	../Syntropy_Result_Finals/Models/Model_Journal_Tuned10	neutral	0.42914798855781555	0.17165367305278778	0.09377894550561905	0.1929885447025299	0.42914798855781555	0.027049735188484192	0.019504763185977936	0.02255590818822384	0.007543516345322132	0.010786283761262894	0.005991668440401554	0.01017583068460226	0.00882317591458559
839	nervousness	../Syntropy_Result_Finals/Models/Model_Journal_Tuned10	../Syntropy_Result_Finals/Models/Model_Journal_Tuned10	fear	0.6047545075416565	0.005659261718392372	0.012052941136062145	0.010879235342144966	0.012165269814431667	0.004948638379573822	0.31911370158195496	0.005847150459885597	0.6047545075416565	0.009331203997135162	0.0030583380721509457	0.0041520376689732075	0.008037719875574112
840	joy	../Syntropy_Result_Finals/Models/Model_Journal_Tuned10	../Syntropy_Result_Finals/Models/Model_Journal_Tuned10	neutral	0.3974359631538391	0.22524741291999817	0.060436468571424484	0.17666468024253845	0.3974359631538391	0.03609548136591911	0.028471704572439194	0.023690886795520782	0.008749443106353283	0.008282356895506382	0.004677650984376669	0.010110328905284405	0.020137645304203033
841	excitement	../Syntropy_Result_Finals/Models/Model_Journal_Tuned10	../Syntropy_Result_Finals/Models/Model_Journal_Tuned10	excitement	0.8187426924705505	0.8187426924705505	0.032825637608766556	0.07928085327148438	0.04009293392300606	0.010680122300982475	0.004026396200060844	0.005547941662371159	0.0023167217150330544	0.0013213311322033405	0.0024338546209037304	0.0012889771023765206	0.0014423893298953772
842	neutral	../Syntropy_Result_Finals/Models/Model_Journal_Tuned10	../Syntropy_Result_Finals/Models/Model_Journal_Tuned10	neutral	0.5911991000175476	0.018568245694041252	0.017321616411209106	0.015980586409568787	0.5911991000175476	0.01793345808982849	0.09469421207904816	0.05370991677045822	0.03907589614391327	0.04104694351553917	0.013560213148593903	0.013755776919424534	0.0831541121006012
843	confusion	../Syntropy_Result_Finals/Models/Model_Journal_Tuned10	../Syntropy_Result_Finals/Models/Model_Journal_Tuned10	fear	0.8268086910247803	0.0047922078520059586	0.008251766674220562	0.00914512574672699	0.015711352229118347	0.004474834073334932	0.10003245621919632	0.006461000069975853	0.8268086910247803	0.011963382363319397	0.0026668342761695385	0.00453622592613101	0.005156220402568579
844	sadness	../Syntropy_Result_Finals/Models/Model_Journal_Tuned10	../Syntropy_Result_Finals/Models/Model_Journal_Tuned10	sadness	0.41894152760505676	0.004430998116731644	0.0061716120690107346	0.008164681494235992	0.043041642755270004	0.005010527558624744	0.32267144322395325	0.03656316548585892	0.05001725256443024	0.028450626879930496	0.006100506987422705	0.07043609768152237	0.41894152760505676
845	pride	../Syntropy_Result_Finals/Models/Model_Journal_Tuned10	../Syntropy_Result_Finals/Models/Model_Journal_Tuned10	neutral	0.36674344539642334	0.12797176837921143	0.24482236802577972	0.08694642037153244	0.36674344539642334	0.029026590287685394	0.039627257734537125	0.03144759312272072	0.02307981438934803	0.017611341550946236	0.012696398422122002	0.00804282259196043	0.011984240263700485
846	joy	../Syntropy_Result_Finals/Models/Model_Journal_Tuned10	../Syntropy_Result_Finals/Models/Model_Journal_Tuned10	neutral	0.27545681595802307	0.2596486806869507	0.23826168477535248	0.07412629574537277	0.27545681595802307	0.03360716998577118	0.03359526768326759	0.03244662657380104	0.0171457938849926	0.011770430020987988	0.00923646055161953	0.005627382546663284	0.009077375754714012
847	joy	../Syntropy_Result_Finals/Models/Model_Journal_Tuned10	../Syntropy_Result_Finals/Models/Model_Journal_Tuned10	neutral	0.664667546749115	0.028941160067915916	0.08452221751213074	0.03992464393377304	0.664667546749115	0.018955713137984276	0.037849005311727524	0.021716102957725525	0.01779204048216343	0.019802842289209366	0.008577108383178711	0.008399921469390392	0.04885164648294449
848	excitement	../Syntropy_Result_Finals/Models/Model_Journal_Tuned10	../Syntropy_Result_Finals/Models/Model_Journal_Tuned10	excitement	0.3722734749317169	0.3722734749317169	0.2739156484603882	0.05781647190451622	0.14563336968421936	0.05132360756397247	0.02311498112976551	0.02950126677751541	0.013627146370708942	0.010940376669168472	0.007980339229106903	0.006183801218867302	0.007689566817134619
849	neutral	../Syntropy_Result_Finals/Models/Model_Journal_Tuned10	../Syntropy_Result_Finals/Models/Model_Journal_Tuned10	excitement	0.4604952335357666	0.4604952335357666	0.09775380790233612	0.17563478648662567	0.18975929915905	0.02862555719912052	0.012026321142911911	0.01218702457845211	0.008063827641308308	0.005407301709055901	0.003438698360696435	0.003501663450151682	0.003106428775936365
850	neutral	../Syntropy_Result_Finals/Models/Model_Journal_Tuned10	../Syntropy_Result_Finals/Models/Model_Journal_Tuned10	neutral	0.6190155744552612	0.06699301302433014	0.10996653884649277	0.09771616011857986	0.6190155744552612	0.016211746260523796	0.025283103808760643	0.01477878075093031	0.010866962373256683	0.01133638620376587	0.006478828378021717	0.006563590839505196	0.0147893400862813
851	neutral	../Syntropy_Result_Finals/Models/Model_Journal_Tuned10	../Syntropy_Result_Finals/Models/Model_Journal_Tuned10	excitement	0.5349465608596802	0.5349465608596802	0.06406988948583603	0.29764947295188904	0.06562886387109756	0.010140393860638142	0.007008511107414961	0.005752928555011749	0.003213406540453434	0.0023031604941934347	0.0019994094036519527	0.002944760490208864	0.0043425774201750755
852	joy	../Syntropy_Result_Finals/Models/Model_Journal_Tuned10	../Syntropy_Result_Finals/Models/Model_Journal_Tuned10	neutral	0.5082287192344666	0.10672875493764877	0.07572349905967712	0.08253130316734314	0.5082287192344666	0.03138992190361023	0.03870538994669914	0.04647884517908096	0.026769153773784637	0.037097033113241196	0.021223943680524826	0.010842248797416687	0.01428128220140934
853	neutral	../Syntropy_Result_Finals/Models/Model_Journal_Tuned10	../Syntropy_Result_Finals/Models/Model_Journal_Tuned10	excitement	0.35361117124557495	0.35361117124557495	0.02620740979909897	0.10820252448320389	0.10533471405506134	0.08131548762321472	0.11548516154289246	0.054954517632722855	0.02863449789583683	0.024027468636631966	0.0068924687802791595	0.04457667097449303	0.05075780302286148
854	neutral	../Syntropy_Result_Finals/Models/Model_Journal_Tuned10	../Syntropy_Result_Finals/Models/Model_Journal_Tuned10	neutral	0.5702291131019592	0.1408308446407318	0.05211237072944641	0.08090128004550934	0.5702291131019592	0.04051204025745392	0.025290001183748245	0.030061617493629456	0.008638652041554451	0.012770546600222588	0.007581488229334354	0.014673157595098019	0.01639881543815136
855	fear	../Syntropy_Result_Finals/Models/Model_Journal_Tuned10	../Syntropy_Result_Finals/Models/Model_Journal_Tuned10	nervousness	0.6396727561950684	0.025848977267742157	0.027096938341856003	0.017811300233006477	0.033814121037721634	0.014485768042504787	0.6396727561950684	0.025264261290431023	0.18194544315338135	0.01098901592195034	0.005282087251543999	0.008700471371412277	0.009088861756026745
856	joy	../Syntropy_Result_Finals/Models/Model_Journal_Tuned10	../Syntropy_Result_Finals/Models/Model_Journal_Tuned10	excitement	0.5717808604240417	0.5717808604240417	0.040198031812906265	0.22158503532409668	0.11524179577827454	0.018850043416023254	0.007519925013184547	0.006879977881908417	0.004455717746168375	0.0037824888713657856	0.0022480953484773636	0.003912604879587889	0.00354524003341794
857	excitement	../Syntropy_Result_Finals/Models/Model_Journal_Tuned10	../Syntropy_Result_Finals/Models/Model_Journal_Tuned10	neutral	0.2771085500717163	0.060966964811086655	0.051493752747774124	0.05382305756211281	0.2771085500717163	0.02052898518741131	0.17324012517929077	0.0396256148815155	0.19506236910820007	0.03714020177721977	0.014385806396603584	0.019714880734682083	0.05690969154238701
858	pride	../Syntropy_Result_Finals/Models/Model_Journal_Tuned10	../Syntropy_Result_Finals/Models/Model_Journal_Tuned10	neutral	0.5275646448135376	0.021932104602456093	0.03705144673585892	0.03479684144258499	0.5275646448135376	0.016125310212373734	0.10889756679534912	0.04714440554380417	0.04356387257575989	0.03914511203765869	0.014618497341871262	0.022000808268785477	0.08715938776731491
859	joy	../Syntropy_Result_Finals/Models/Model_Journal_Tuned10	../Syntropy_Result_Finals/Models/Model_Journal_Tuned10	pride	0.34432950615882874	0.1605144739151001	0.34432950615882874	0.24265141785144806	0.1471356302499771	0.01732172630727291	0.028925452381372452	0.01401982456445694	0.014828227460384369	0.0083237299695611	0.008000212721526623	0.004611074458807707	0.009338712319731712
860	confusion	../Syntropy_Result_Finals/Models/Model_Journal_Tuned10	../Syntropy_Result_Finals/Models/Model_Journal_Tuned10	nervousness	0.30945345759391785	0.040512166917324066	0.029154770076274872	0.026609504595398903	0.16127577424049377	0.028355401009321213	0.30945345759391785	0.16794347763061523	0.08206167072057724	0.02302366867661476	0.010472046211361885	0.031510286033153534	0.0896277129650116
861	pride	../Syntropy_Result_Finals/Models/Model_Journal_Tuned10	../Syntropy_Result_Finals/Models/Model_Journal_Tuned10	pride	0.8125778436660767	0.022783411666750908	0.8125778436660767	0.018803348764777184	0.0304477009922266	0.01791422627866268	0.026916423812508583	0.013193895108997822	0.02041788399219513	0.014827648177742958	0.007863310165703297	0.008728336542844772	0.005525922402739525
862	surprise	../Syntropy_Result_Finals/Models/Model_Journal_Tuned10	../Syntropy_Result_Finals/Models/Model_Journal_Tuned10	neutral	0.4102483093738556	0.18912598490715027	0.05156761780381203	0.13847438991069794	0.4102483093738556	0.05221695825457573	0.04540855064988136	0.021725673228502274	0.024346787482500076	0.014627860859036446	0.012762991711497307	0.01054270751774311	0.028952132910490036
863	pride	../Syntropy_Result_Finals/Models/Model_Journal_Tuned10	../Syntropy_Result_Finals/Models/Model_Journal_Tuned10	pride	0.3244197964668274	0.28209421038627625	0.3244197964668274	0.06618013232946396	0.1729947030544281	0.07133892178535461	0.017106782644987106	0.020990323275327682	0.009423870593309402	0.014298365451395512	0.009217905811965466	0.006205529905855656	0.005729377269744873
864	pride	../Syntropy_Result_Finals/Models/Model_Journal_Tuned10	../Syntropy_Result_Finals/Models/Model_Journal_Tuned10	pride	0.5155975818634033	0.034250326454639435	0.5155975818634033	0.036691755056381226	0.11167038232088089	0.03218129649758339	0.0688822939991951	0.03916530683636665	0.052023205906152725	0.04568037390708923	0.03702763840556145	0.01378023810684681	0.013049599714577198
865	excitement	../Syntropy_Result_Finals/Models/Model_Journal_Tuned10	../Syntropy_Result_Finals/Models/Model_Journal_Tuned10	excitement	0.8788132071495056	0.8788132071495056	0.01558686327189207	0.04445906728506088	0.027655987069010735	0.014476750046014786	0.003851749002933502	0.0056861029006540775	0.0028287458699196577	0.0021256098989397287	0.0019399262964725494	0.0014062620466575027	0.0011697255540639162
866	neutral	../Syntropy_Result_Finals/Models/Model_Journal_Tuned10	../Syntropy_Result_Finals/Models/Model_Journal_Tuned10	pride	0.36580178141593933	0.10707099735736847	0.36580178141593933	0.05248206853866577	0.27870988845825195	0.05598299577832222	0.036070242524147034	0.03230702504515648	0.017799407243728638	0.024388408288359642	0.010045248083770275	0.009454202838242054	0.009887747466564178
867	pride	../Syntropy_Result_Finals/Models/Model_Journal_Tuned10	../Syntropy_Result_Finals/Models/Model_Journal_Tuned10	excitement	0.5261209011077881	0.5261209011077881	0.13778474926948547	0.03026369959115982	0.1444185972213745	0.04458954185247421	0.02322397567331791	0.033033210784196854	0.015561760403215885	0.016082163900136948	0.01586015522480011	0.0058017028495669365	0.007259518839418888
868	excitement	../Syntropy_Result_Finals/Models/Model_Journal_Tuned10	../Syntropy_Result_Finals/Models/Model_Journal_Tuned10	pride	0.3639543950557709	0.19079919159412384	0.3639543950557709	0.07839386910200119	0.21681366860866547	0.0377192460000515	0.02206146903336048	0.034930821508169174	0.013711201027035713	0.015595776960253716	0.009163204580545425	0.009315168485045433	0.007542027626186609
869	joy	../Syntropy_Result_Finals/Models/Model_Journal_Tuned10	../Syntropy_Result_Finals/Models/Model_Journal_Tuned10	joy	0.4152365028858185	0.3108581602573395	0.04668070003390312	0.4152365028858185	0.19041018187999725	0.011858752928674221	0.003459776984527707	0.007616171147674322	0.0025946819223463535	0.002174076624214649	0.002742030890658498	0.0025098766200244427	0.0038591320626437664
870	neutral	../Syntropy_Result_Finals/Models/Model_Journal_Tuned10	../Syntropy_Result_Finals/Models/Model_Journal_Tuned10	excitement	0.8637332916259766	0.8637332916259766	0.01610918715596199	0.028994983062148094	0.02234652452170849	0.02707613818347454	0.007165294606238604	0.02195296250283718	0.003549379063770175	0.0025720628909766674	0.0018603961216285825	0.0027809489984065294	0.0018588770180940628
871	excitement	../Syntropy_Result_Finals/Models/Model_Journal_Tuned10	../Syntropy_Result_Finals/Models/Model_Journal_Tuned10	neutral	0.3169478178024292	0.21160221099853516	0.22345586121082306	0.13787782192230225	0.3169478178024292	0.027245143428444862	0.016870131716132164	0.0216781385242939	0.009254606440663338	0.009864107705652714	0.008675622753798962	0.008302856236696243	0.008225672878324986
872	fear	../Syntropy_Result_Finals/Models/Model_Journal_Tuned10	../Syntropy_Result_Finals/Models/Model_Journal_Tuned10	nervousness	0.2517569363117218	0.01684272289276123	0.01758711226284504	0.016651341691613197	0.055245205760002136	0.009470748715102673	0.2517569363117218	0.048651568591594696	0.1749124675989151	0.09683153033256531	0.24592961370944977	0.02760368213057518	0.03851708769798279
873	pride	../Syntropy_Result_Finals/Models/Model_Journal_Tuned10	../Syntropy_Result_Finals/Models/Model_Journal_Tuned10	excitement	0.5239249467849731	0.5239249467849731	0.04020608216524124	0.34970545768737793	0.05049459636211395	0.012184485793113708	0.003892703913152218	0.00808572955429554	0.002062553074210882	0.002225467935204506	0.0019375929841771722	0.00321494834497571	0.0020653933752328157
874	excitement	../Syntropy_Result_Finals/Models/Model_Journal_Tuned10	../Syntropy_Result_Finals/Models/Model_Journal_Tuned10	neutral	0.3225889801979065	0.25129586458206177	0.2058916836977005	0.05467088147997856	0.3225889801979065	0.05005911737680435	0.01759801059961319	0.04256676137447357	0.016141658648848534	0.01523534394800663	0.011896314099431038	0.005465667229145765	0.00658971955999732
875	surprise	../Syntropy_Result_Finals/Models/Model_Journal_Tuned10	../Syntropy_Result_Finals/Models/Model_Journal_Tuned10	excitement	0.6120092868804932	0.6120092868804932	0.09519366174936295	0.1184491291642189	0.10691334307193756	0.02826380357146263	0.006888605188578367	0.015379104763269424	0.0037569606211036444	0.003437971929088235	0.0034480851609259844	0.0036903407890349627	0.002569818403571844
876	nervousness	../Syntropy_Result_Finals/Models/Model_Journal_Tuned10	../Syntropy_Result_Finals/Models/Model_Journal_Tuned10	nervousness	0.47544851899147034	0.007352941203862429	0.007018966134637594	0.007931741885840893	0.01910978928208351	0.005958538502454758	0.47544851899147034	0.008901727385818958	0.3370813727378845	0.08622269332408905	0.005331807304173708	0.022368475794792175	0.017273448407649994
877	joy	../Syntropy_Result_Finals/Models/Model_Journal_Tuned10	../Syntropy_Result_Finals/Models/Model_Journal_Tuned10	excitement	0.6911628246307373	0.6911628246307373	0.09476860612630844	0.05099905654788017	0.06857132166624069	0.052191562950611115	0.00654796976596117	0.016487881541252136	0.003993285819888115	0.005610746331512928	0.004469845909625292	0.003305338555946946	0.0018915474647656083
878	neutral	../Syntropy_Result_Finals/Models/Model_Journal_Tuned10	../Syntropy_Result_Finals/Models/Model_Journal_Tuned10	neutral	0.2784571647644043	0.2737341821193695	0.21642765402793884	0.10918734222650528	0.2784571647644043	0.03628598526120186	0.025344863533973694	0.021009530872106552	0.013878759928047657	0.007443923503160477	0.006826968397945166	0.005721277091652155	0.005682281218469143
879	pride	../Syntropy_Result_Finals/Models/Model_Journal_Tuned10	../Syntropy_Result_Finals/Models/Model_Journal_Tuned10	excitement	0.4090156853199005	0.4090156853199005	0.03561939299106598	0.15515926480293274	0.05654240772128105	0.2489887773990631	0.012636706233024597	0.030626565217971802	0.014020285569131374	0.01058962382376194	0.005887954030185938	0.015455619432032108	0.005457638297230005
880	pride	../Syntropy_Result_Finals/Models/Model_Journal_Tuned10	../Syntropy_Result_Finals/Models/Model_Journal_Tuned10	excitement	0.40449148416519165	0.40449148416519165	0.3140656352043152	0.07361236214637756	0.09625255316495895	0.03442389890551567	0.023125844076275826	0.01699049212038517	0.00981129240244627	0.00852111354470253	0.007530826143920422	0.005719806998968124	0.005454552825540304
881	nervousness	../Syntropy_Result_Finals/Models/Model_Journal_Tuned10	../Syntropy_Result_Finals/Models/Model_Journal_Tuned10	neutral	0.585839033126831	0.019900990650057793	0.01979798451066017	0.018079016357660294	0.585839033126831	0.012849857099354267	0.0687716081738472	0.09883427619934082	0.0207115039229393	0.038437385112047195	0.013517952524125576	0.016918377950787544	0.086341992020607
882	joy	../Syntropy_Result_Finals/Models/Model_Journal_Tuned10	../Syntropy_Result_Finals/Models/Model_Journal_Tuned10	excitement	0.4302225112915039	0.4302225112915039	0.06424697488546371	0.09959493577480316	0.252439022064209	0.08620620518922806	0.0076963347382843494	0.02760619856417179	0.004951357375830412	0.005475932266563177	0.0036805523559451103	0.009638633579015732	0.008241342380642891
883	sadness	../Syntropy_Result_Finals/Models/Model_Journal_Tuned10	../Syntropy_Result_Finals/Models/Model_Journal_Tuned10	neutral	0.33154061436653137	0.00849381648004055	0.027917563915252686	0.009914091788232327	0.33154061436653137	0.007361982017755508	0.09275078773498535	0.06842850148677826	0.07572069764137268	0.057306449860334396	0.10379213094711304	0.021061399951577187	0.19571197032928467
884	joy	../Syntropy_Result_Finals/Models/Model_Journal_Tuned10	../Syntropy_Result_Finals/Models/Model_Journal_Tuned10	excitement	0.4944274425506592	0.4944274425506592	0.05863570421934128	0.33683446049690247	0.07645060122013092	0.009335075505077839	0.004329630173742771	0.003762995358556509	0.002870206953957677	0.0017440799856558442	0.0023375556338578463	0.00240638037212193	0.0068658990785479546
885	joy	../Syntropy_Result_Finals/Models/Model_Journal_Tuned10	../Syntropy_Result_Finals/Models/Model_Journal_Tuned10	joy	0.4031084477901459	0.2903886139392853	0.07091805338859558	0.4031084477901459	0.19849476218223572	0.00968907866626978	0.00490936916321516	0.008536551147699356	0.002529160352423787	0.00206007226370275	0.0022961972281336784	0.0025819377042353153	0.004487747326493263
886	neutral	../Syntropy_Result_Finals/Models/Model_Journal_Tuned10	../Syntropy_Result_Finals/Models/Model_Journal_Tuned10	excitement	0.34111106395721436	0.34111106395721436	0.03876052051782608	0.32117968797683716	0.2497347891330719	0.013220597989857197	0.008596467785537243	0.009120715782046318	0.002962757833302021	0.0031774553935974836	0.0026845086831599474	0.003984688315540552	0.00546677503734827
887	joy	../Syntropy_Result_Finals/Models/Model_Journal_Tuned10	../Syntropy_Result_Finals/Models/Model_Journal_Tuned10	joy	0.3769773840904236	0.20572848618030548	0.22293591499328613	0.3769773840904236	0.11742231249809265	0.01415328960865736	0.02072259411215782	0.011456229723989964	0.012264805845916271	0.003929576370865107	0.004276775289326906	0.003378539113327861	0.0067540244199335575
888	neutral	../Syntropy_Result_Finals/Models/Model_Journal_Tuned10	../Syntropy_Result_Finals/Models/Model_Journal_Tuned10	neutral	0.4663617014884949	0.18920518457889557	0.05446338653564453	0.10333302617073059	0.4663617014884949	0.06921073794364929	0.015585562214255333	0.039377037435770035	0.011729579418897629	0.02353265881538391	0.008423598483204842	0.011780801229178905	0.006996734533458948
889	joy	../Syntropy_Result_Finals/Models/Model_Journal_Tuned10	../Syntropy_Result_Finals/Models/Model_Journal_Tuned10	neutral	0.4050804078578949	0.066732257604599	0.23340827226638794	0.09355667978525162	0.4050804078578949	0.020448213443160057	0.038458652794361115	0.02568178065121174	0.041874490678310394	0.023549223318696022	0.022563377395272255	0.006385680753737688	0.02226102724671364
890	pride	../Syntropy_Result_Finals/Models/Model_Journal_Tuned10	../Syntropy_Result_Finals/Models/Model_Journal_Tuned10	joy	0.47051724791526794	0.21452566981315613	0.1101401299238205	0.47051724791526794	0.14635734260082245	0.008841167204082012	0.013105753809213638	0.007004705723375082	0.005605919286608696	0.0032463602256029844	0.0034544244408607483	0.003908396232873201	0.013292976655066013
891	pride	../Syntropy_Result_Finals/Models/Model_Journal_Tuned10	../Syntropy_Result_Finals/Models/Model_Journal_Tuned10	joy	0.37991997599601746	0.32970383763313293	0.060638997703790665	0.37991997599601746	0.17374788224697113	0.015650590881705284	0.007424581795930862	0.01153910905122757	0.003410218982025981	0.003933982457965612	0.0024103836622089148	0.006370526272803545	0.00524992635473609
892	excitement	../Syntropy_Result_Finals/Models/Model_Journal_Tuned10	../Syntropy_Result_Finals/Models/Model_Journal_Tuned10	neutral	0.41624075174331665	0.28093957901000977	0.06612779200077057	0.10824791342020035	0.41624075174331665	0.03712673857808113	0.017886904999613762	0.03111860156059265	0.00909427274018526	0.00859785731881857	0.006528889294713736	0.007041530217975378	0.011049151420593262
893	joy	../Syntropy_Result_Finals/Models/Model_Journal_Tuned10	../Syntropy_Result_Finals/Models/Model_Journal_Tuned10	excitement	0.5130355358123779	0.5130355358123779	0.10088087618350983	0.07008513063192368	0.19690093398094177	0.043763335794210434	0.014976165257394314	0.022883761674165726	0.011596602387726307	0.010991993360221386	0.007286885753273964	0.0042718020267784595	0.0033269524574279785
894	anger	../Syntropy_Result_Finals/Models/Model_Journal_Tuned10	../Syntropy_Result_Finals/Models/Model_Journal_Tuned10	nervousness	0.7108870148658752	0.010700210928916931	0.014162592589855194	0.014741702936589718	0.016273830085992813	0.00784989446401596	0.7108870148658752	0.015162941068410873	0.17266018688678741	0.009617611765861511	0.005648520775139332	0.00752198975533247	0.014773573726415634
895	excitement	../Syntropy_Result_Finals/Models/Model_Journal_Tuned10	../Syntropy_Result_Finals/Models/Model_Journal_Tuned10	pride	0.5711491107940674	0.10489290952682495	0.5711491107940674	0.11048325151205063	0.11978323757648468	0.01911574974656105	0.01861509308218956	0.01242988184094429	0.01344471424818039	0.0071169412694871426	0.005665747448801994	0.005935891531407833	0.011367440223693848
896	excitement	../Syntropy_Result_Finals/Models/Model_Journal_Tuned10	../Syntropy_Result_Finals/Models/Model_Journal_Tuned10	excitement	0.3922663629055023	0.3922663629055023	0.07250844687223434	0.19588802754878998	0.25703245401382446	0.028956981375813484	0.009676414541900158	0.016049550846219063	0.005042145494371653	0.0073716179467737675	0.004615517798811197	0.006235184613615274	0.004357324913144112
897	pride	../Syntropy_Result_Finals/Models/Model_Journal_Tuned10	../Syntropy_Result_Finals/Models/Model_Journal_Tuned10	pride	0.3659287691116333	0.3460405468940735	0.3659287691116333	0.04078398644924164	0.10076921433210373	0.04704957827925682	0.024852508679032326	0.02731088362634182	0.014673101715743542	0.00964051391929388	0.0091124651953578	0.006587862502783537	0.007250582799315453
898	disgust	../Syntropy_Result_Finals/Models/Model_Journal_Tuned10	../Syntropy_Result_Finals/Models/Model_Journal_Tuned10	nervousness	0.3832273781299591	0.01787501946091652	0.008703844621777534	0.010967699810862541	0.025122858583927155	0.01374558825045824	0.3832273781299591	0.03474509343504906	0.2512950003147125	0.1402667760848999	0.014995015226304531	0.06498736143112183	0.03406840190291405
899	joy	../Syntropy_Result_Finals/Models/Model_Journal_Tuned10	../Syntropy_Result_Finals/Models/Model_Journal_Tuned10	excitement	0.3732375204563141	0.3732375204563141	0.16088789701461792	0.07931674271821976	0.2687092423439026	0.04032256826758385	0.0160223376005888	0.020756643265485764	0.009080974385142326	0.01203730795532465	0.007785277906805277	0.0054935128428041935	0.006350054871290922
900	sadness	../Syntropy_Result_Finals/Models/Model_Journal_Tuned10	../Syntropy_Result_Finals/Models/Model_Journal_Tuned10	neutral	0.37856942415237427	0.03117675893008709	0.08335300534963608	0.03451034799218178	0.37856942415237427	0.018093470484018326	0.0601576492190361	0.029620813205838203	0.04741606116294861	0.013979104347527027	0.009804234839975834	0.017291594296693802	0.27602747082710266
901	joy	../Syntropy_Result_Finals/Models/Model_Journal_Tuned10	../Syntropy_Result_Finals/Models/Model_Journal_Tuned10	excitement	0.4134475588798523	0.4134475588798523	0.14714960753917694	0.2636404037475586	0.10913434624671936	0.011647936888039112	0.013391627930104733	0.010777127929031849	0.01231610868126154	0.004239270463585854	0.004644904751330614	0.0031473280396312475	0.00646381638944149
902	surprise	../Syntropy_Result_Finals/Models/Model_Journal_Tuned10	../Syntropy_Result_Finals/Models/Model_Journal_Tuned10	neutral	0.3903026580810547	0.12453962862491608	0.0480726882815361	0.3580220937728882	0.3903026580810547	0.012045955285429955	0.017471421509981155	0.010182344354689121	0.0053320638835430145	0.006223092321306467	0.005182812921702862	0.00532836327329278	0.01729678176343441
903	nervousness	../Syntropy_Result_Finals/Models/Model_Journal_Tuned10	../Syntropy_Result_Finals/Models/Model_Journal_Tuned10	nervousness	0.2698725759983063	0.08636263757944107	0.052431367337703705	0.02461501583456993	0.20390094816684723	0.02878984995186329	0.2698725759983063	0.07187473773956299	0.10872043669223785	0.03601152449846268	0.024113992229104042	0.0171019546687603	0.07620494812726974
904	neutral	../Syntropy_Result_Finals/Models/Model_Journal_Tuned10	../Syntropy_Result_Finals/Models/Model_Journal_Tuned10	excitement	0.530712902545929	0.530712902545929	0.2915823757648468	0.061633892357349396	0.05712943524122238	0.021532436832785606	0.007185138761997223	0.010930459015071392	0.004875941667705774	0.00360109843313694	0.004171214997768402	0.003761063329875469	0.0028840412851423025
905	excitement	../Syntropy_Result_Finals/Models/Model_Journal_Tuned10	../Syntropy_Result_Finals/Models/Model_Journal_Tuned10	excitement	0.7548264861106873	0.7548264861106873	0.021959178149700165	0.1701858937740326	0.028650008141994476	0.0076498351991176605	0.0037253352347761393	0.003883439814671874	0.0021410381887108088	0.001678491709753871	0.001417442224919796	0.00216086208820343	0.001722061773762107
906	pride	../Syntropy_Result_Finals/Models/Model_Journal_Tuned10	../Syntropy_Result_Finals/Models/Model_Journal_Tuned10	pride	0.785231351852417	0.056618936359882355	0.785231351852417	0.026224978268146515	0.03661719337105751	0.022018708288669586	0.01938619837164879	0.014947463758289814	0.011907573789358139	0.009025433100759983	0.005891565699130297	0.00757264718413353	0.004557998850941658
907	excitement	../Syntropy_Result_Finals/Models/Model_Journal_Tuned10	../Syntropy_Result_Finals/Models/Model_Journal_Tuned10	excitement	0.9002680778503418	0.9002680778503418	0.018815599381923676	0.01890007220208645	0.02029423788189888	0.01356134470552206	0.006841995287686586	0.007498851511627436	0.00433635339140892	0.0029411357827484608	0.0026097455993294716	0.002285173861309886	0.0016474880976602435
908	nervousness	../Syntropy_Result_Finals/Models/Model_Journal_Tuned10	../Syntropy_Result_Finals/Models/Model_Journal_Tuned10	excitement	0.24656735360622406	0.24656735360622406	0.10292491316795349	0.035210441797971725	0.18204361200332642	0.06255307048559189	0.09098823368549347	0.0938776284456253	0.1033916249871254	0.029033616185188293	0.022549308836460114	0.014020372182130814	0.016839727759361267
909	neutral	../Syntropy_Result_Finals/Models/Model_Journal_Tuned10	../Syntropy_Result_Finals/Models/Model_Journal_Tuned10	neutral	0.6911746263504028	0.029398459941148758	0.059060320258140564	0.08848373591899872	0.6911746263504028	0.008455426432192326	0.028545647859573364	0.0178066473454237	0.017308466136455536	0.01241870317608118	0.01301061175763607	0.005092077888548374	0.029245225712656975
910	joy	../Syntropy_Result_Finals/Models/Model_Journal_Tuned10	../Syntropy_Result_Finals/Models/Model_Journal_Tuned10	neutral	0.39796143770217896	0.1793687343597412	0.04212842136621475	0.29562583565711975	0.39796143770217896	0.01545841246843338	0.016087325289845467	0.011875656433403492	0.0043096113950014114	0.006508966907858849	0.004088701214641333	0.007882478646934032	0.01870443858206272
911	pride	../Syntropy_Result_Finals/Models/Model_Journal_Tuned10	../Syntropy_Result_Finals/Models/Model_Journal_Tuned10	pride	0.8417959809303284	0.01568133756518364	0.8417959809303284	0.019231198355555534	0.024332720786333084	0.012196448631584644	0.01983300969004631	0.012103740125894547	0.018537405878305435	0.013191794976592064	0.008336448110640049	0.007904368452727795	0.006855492480099201
912	neutral	../Syntropy_Result_Finals/Models/Model_Journal_Tuned10	../Syntropy_Result_Finals/Models/Model_Journal_Tuned10	neutral	0.5099180340766907	0.07334457337856293	0.11148424446582794	0.14238257706165314	0.5099180340766907	0.014533459208905697	0.05068160593509674	0.022862883284687996	0.02204807661473751	0.014295713044703007	0.01324041374027729	0.006477015558630228	0.018731433898210526
913	joy	../Syntropy_Result_Finals/Models/Model_Journal_Tuned10	../Syntropy_Result_Finals/Models/Model_Journal_Tuned10	excitement	0.516539990901947	0.516539990901947	0.0765254944562912	0.19078819453716278	0.16196535527706146	0.01446545496582985	0.008854541927576065	0.008042668923735619	0.004519833717495203	0.003917559515684843	0.004553684499114752	0.00377904181368649	0.006048168055713177
914	joy	../Syntropy_Result_Finals/Models/Model_Journal_Tuned10	../Syntropy_Result_Finals/Models/Model_Journal_Tuned10	neutral	0.43531250953674316	0.14850783348083496	0.16382861137390137	0.09139475971460342	0.43531250953674316	0.02596152387559414	0.03239608183503151	0.024907177314162254	0.019823499023914337	0.021390654146671295	0.01586565561592579	0.008011654019355774	0.012600075453519821
915	joy	../Syntropy_Result_Finals/Models/Model_Journal_Tuned10	../Syntropy_Result_Finals/Models/Model_Journal_Tuned10	pride	0.3474222719669342	0.12766097486019135	0.3474222719669342	0.06493734568357468	0.2940383553504944	0.03691847622394562	0.022366421297192574	0.036183033138513565	0.02481255866587162	0.008811214938759804	0.01097816415131092	0.010414248332381248	0.015456901863217354
916	confusion	../Syntropy_Result_Finals/Models/Model_Journal_Tuned10	../Syntropy_Result_Finals/Models/Model_Journal_Tuned10	surprise	0.9626600742340088	0.015251115895807743	0.0011781147914007306	0.0016304136952385306	0.005291369277983904	0.9626600742340088	0.002532385988160968	0.004334038123488426	0.00154253956861794	0.0019220341928303242	0.001013091066852212	0.001457484788261354	0.0011872479226440191
917	neutral	../Syntropy_Result_Finals/Models/Model_Journal_Tuned10	../Syntropy_Result_Finals/Models/Model_Journal_Tuned10	pride	0.8404058814048767	0.03457015007734299	0.8404058814048767	0.0173858143389225	0.022985225543379784	0.01634715497493744	0.0174147617071867	0.014394067227840424	0.010831835679709911	0.008801624178886414	0.0051216306164860725	0.007707811426371336	0.004034071695059538
918	neutral	../Syntropy_Result_Finals/Models/Model_Journal_Tuned10	../Syntropy_Result_Finals/Models/Model_Journal_Tuned10	neutral	0.5235258936882019	0.17484669387340546	0.03292861208319664	0.22113314270973206	0.5235258936882019	0.006522053387016058	0.0077827912755310535	0.008549705147743225	0.0038643598090857267	0.003569190390408039	0.004712983034551144	0.003992084413766861	0.008572504855692387
919	pride	../Syntropy_Result_Finals/Models/Model_Journal_Tuned10	../Syntropy_Result_Finals/Models/Model_Journal_Tuned10	joy	0.513716995716095	0.2388668805360794	0.037772513926029205	0.513716995716095	0.15987345576286316	0.009461107663810253	0.008919091895222664	0.007459639571607113	0.0031436714343726635	0.0036756976041942835	0.0031978641636669636	0.004241251852363348	0.00967174582183361
920	neutral	../Syntropy_Result_Finals/Models/Model_Journal_Tuned10	../Syntropy_Result_Finals/Models/Model_Journal_Tuned10	pride	0.4840717017650604	0.060245271772146225	0.4840717017650604	0.13429544866085052	0.19858628511428833	0.011558053083717823	0.026707671582698822	0.017019934952259064	0.02073199860751629	0.010140475817024708	0.01356957945972681	0.005411697551608086	0.017661934718489647
921	excitement	../Syntropy_Result_Finals/Models/Model_Journal_Tuned10	../Syntropy_Result_Finals/Models/Model_Journal_Tuned10	excitement	0.8039034008979797	0.8039034008979797	0.041405610740184784	0.028304850682616234	0.053923383355140686	0.022149834781885147	0.011283432133495808	0.011235300451517105	0.008465730585157871	0.008118691854178905	0.0054468619637191296	0.0030742313247174025	0.0026887208223342896
922	anger	../Syntropy_Result_Finals/Models/Model_Journal_Tuned10	../Syntropy_Result_Finals/Models/Model_Journal_Tuned10	disgust	0.27271440625190735	0.013229400850832462	0.03785448148846626	0.007396913133561611	0.21434342861175537	0.027617916464805603	0.08012804388999939	0.030618228018283844	0.13002356886863708	0.27271440625190735	0.12688420712947845	0.020703313872218132	0.038486115634441376
923	neutral	../Syntropy_Result_Finals/Models/Model_Journal_Tuned10	../Syntropy_Result_Finals/Models/Model_Journal_Tuned10	joy	0.3579631447792053	0.21947336196899414	0.05670598894357681	0.3579631447792053	0.2873750925064087	0.01541653461754322	0.01765619032084942	0.012216406874358654	0.006686541251838207	0.004619897343218327	0.003999718930572271	0.004461473319679499	0.013425667770206928
924	joy	../Syntropy_Result_Finals/Models/Model_Journal_Tuned10	../Syntropy_Result_Finals/Models/Model_Journal_Tuned10	neutral	0.6459243297576904	0.0916825532913208	0.06934469193220139	0.07060893625020981	0.6459243297576904	0.016854187473654747	0.028720682486891747	0.01912066712975502	0.010425337590277195	0.012486006133258343	0.006772645749151707	0.0073448531329631805	0.020715173333883286
925	neutral	../Syntropy_Result_Finals/Models/Model_Journal_Tuned10	../Syntropy_Result_Finals/Models/Model_Journal_Tuned10	neutral	0.5176465511322021	0.14852575957775116	0.04946710914373398	0.12433770298957825	0.5176465511322021	0.03812418878078461	0.022710762917995453	0.028555182740092278	0.014525200240314007	0.02354254201054573	0.010476067662239075	0.011184451170265675	0.010904455557465553
926	excitement	../Syntropy_Result_Finals/Models/Model_Journal_Tuned10	../Syntropy_Result_Finals/Models/Model_Journal_Tuned10	joy	0.394197940826416	0.3293033838272095	0.09219396114349365	0.394197940826416	0.12260577827692032	0.012808266095817089	0.013831496238708496	0.009275436401367188	0.005287709180265665	0.004500203765928745	0.0036472827196121216	0.005167340859770775	0.007181123830378056
927	joy	../Syntropy_Result_Finals/Models/Model_Journal_Tuned10	../Syntropy_Result_Finals/Models/Model_Journal_Tuned10	neutral	0.6700712442398071	0.060799889266490936	0.06502744555473328	0.07021144032478333	0.6700712442398071	0.014783129096031189	0.02785438857972622	0.03283621370792389	0.015391884371638298	0.012663664296269417	0.011548730544745922	0.007763065863400698	0.011048919521272182
928	pride	../Syntropy_Result_Finals/Models/Model_Journal_Tuned10	../Syntropy_Result_Finals/Models/Model_Journal_Tuned10	pride	0.35402730107307434	0.31392043828964233	0.35402730107307434	0.08081135153770447	0.14554600417613983	0.03319764882326126	0.018393024802207947	0.02192816324532032	0.008071483112871647	0.007631097920238972	0.006619903724640608	0.004994083661586046	0.004859492182731628
929	neutral	../Syntropy_Result_Finals/Models/Model_Journal_Tuned10	../Syntropy_Result_Finals/Models/Model_Journal_Tuned10	pride	0.37216222286224365	0.29880574345588684	0.37216222286224365	0.08252028375864029	0.1203789934515953	0.04027724266052246	0.0252574123442173	0.02421172708272934	0.011511015705764294	0.007498512044548988	0.007908478379249573	0.005039097275584936	0.00442930031567812
930	joy	../Syntropy_Result_Finals/Models/Model_Journal_Tuned10	../Syntropy_Result_Finals/Models/Model_Journal_Tuned10	neutral	0.45698925852775574	0.01746976375579834	0.036914750933647156	0.04133259877562523	0.45698925852775574	0.01641141064465046	0.16249804198741913	0.040375929325819016	0.041161082684993744	0.027500957250595093	0.01319380197674036	0.017738958820700645	0.12841352820396423
931	nervousness	../Syntropy_Result_Finals/Models/Model_Journal_Tuned10	../Syntropy_Result_Finals/Models/Model_Journal_Tuned10	nervousness	0.7564584016799927	0.017721686512231827	0.011169197969138622	0.01224459894001484	0.011386563070118427	0.0073433127254247665	0.7564584016799927	0.01020484883338213	0.14523980021476746	0.009108047001063824	0.0036428782623261213	0.007960788905620575	0.0075198630802333355
932	joy	../Syntropy_Result_Finals/Models/Model_Journal_Tuned10	../Syntropy_Result_Finals/Models/Model_Journal_Tuned10	neutral	0.41594138741493225	0.16450922191143036	0.10997870564460754	0.18873833119869232	0.41594138741493225	0.023812904953956604	0.02325756475329399	0.020200617611408234	0.008489216677844524	0.01147684920579195	0.006604400929063559	0.010605789721012115	0.01638495922088623
933	pride	../Syntropy_Result_Finals/Models/Model_Journal_Tuned10	../Syntropy_Result_Finals/Models/Model_Journal_Tuned10	excitement	0.6016817688941956	0.6016817688941956	0.02442535199224949	0.2876764237880707	0.05381705239415169	0.011239148676395416	0.004578182473778725	0.0056146965362131596	0.0021751862950623035	0.0021050614304840565	0.001696359133347869	0.0023726418148726225	0.002618210157379508
934	neutral	../Syntropy_Result_Finals/Models/Model_Journal_Tuned10	../Syntropy_Result_Finals/Models/Model_Journal_Tuned10	excitement	0.6314689517021179	0.6314689517021179	0.07480554282665253	0.18247094750404358	0.07218010723590851	0.01283798273652792	0.006191236432641745	0.007200710009783506	0.003945020493119955	0.001818113960325718	0.0022344510070979595	0.001914430526085198	0.0029324896167963743
935	neutral	../Syntropy_Result_Finals/Models/Model_Journal_Tuned10	../Syntropy_Result_Finals/Models/Model_Journal_Tuned10	neutral	0.43926867842674255	0.1969207227230072	0.1077655702829361	0.13929322361946106	0.43926867842674255	0.034294385462999344	0.01771802082657814	0.025841843336820602	0.007470603100955486	0.00944396574050188	0.004554759711027145	0.009626755490899086	0.007801518309861422
936	pride	../Syntropy_Result_Finals/Models/Model_Journal_Tuned10	../Syntropy_Result_Finals/Models/Model_Journal_Tuned10	neutral	0.49669820070266724	0.061513423919677734	0.13957074284553528	0.025364909321069717	0.49669820070266724	0.04091719537973404	0.04987764731049538	0.037015151232481	0.04052043706178665	0.04993303492665291	0.025382421910762787	0.012365556322038174	0.02084127627313137
937	nervousness	../Syntropy_Result_Finals/Models/Model_Journal_Tuned10	../Syntropy_Result_Finals/Models/Model_Journal_Tuned10	nervousness	0.7220720648765564	0.010502170771360397	0.010203194804489613	0.011312567628920078	0.010752888396382332	0.007664622738957405	0.7220720648765564	0.011111889965832233	0.18685267865657806	0.01371643878519535	0.00246469140984118	0.007927680388092995	0.005419139284640551
938	joy	../Syntropy_Result_Finals/Models/Model_Journal_Tuned10	../Syntropy_Result_Finals/Models/Model_Journal_Tuned10	pride	0.46147608757019043	0.26028144359588623	0.46147608757019043	0.06794152408838272	0.07619008421897888	0.04350314289331436	0.022612012922763824	0.024293923750519753	0.015097050927579403	0.009549831971526146	0.006100233644247055	0.007774668280035257	0.005180045962333679
939	excitement	../Syntropy_Result_Finals/Models/Model_Journal_Tuned10	../Syntropy_Result_Finals/Models/Model_Journal_Tuned10	excitement	0.6635625958442688	0.6635625958442688	0.052524201571941376	0.20657764375209808	0.03667936101555824	0.013611864298582077	0.005184170324355364	0.006298685446381569	0.0036901419516652822	0.004234359133988619	0.002790809841826558	0.002814410487189889	0.00203173840418458
940	excitement	../Syntropy_Result_Finals/Models/Model_Journal_Tuned10	../Syntropy_Result_Finals/Models/Model_Journal_Tuned10	excitement	0.6287045478820801	0.6287045478820801	0.05189099535346031	0.19662658870220184	0.08581069111824036	0.012430544942617416	0.004824849311262369	0.006814355496317148	0.002647896995767951	0.0024131021928042173	0.0026960179675370455	0.0020461713429540396	0.0030942766461521387
941	joy	../Syntropy_Result_Finals/Models/Model_Journal_Tuned10	../Syntropy_Result_Finals/Models/Model_Journal_Tuned10	neutral	0.38111066818237305	0.27645763754844666	0.09178782999515533	0.12283246964216232	0.38111066818237305	0.05393614247441292	0.015134798362851143	0.02362455613911152	0.0072137038223445415	0.00899633951485157	0.006100306287407875	0.0055132051929831505	0.007292335852980614
942	excitement	../Syntropy_Result_Finals/Models/Model_Journal_Tuned10	../Syntropy_Result_Finals/Models/Model_Journal_Tuned10	excitement	0.32277876138687134	0.32277876138687134	0.10322806984186172	0.256420761346817	0.2361675500869751	0.018543701618909836	0.015371817164123058	0.014797198586165905	0.007512455340474844	0.008580540306866169	0.006564413662999868	0.004602259490638971	0.005432479083538055
943	pride	../Syntropy_Result_Finals/Models/Model_Journal_Tuned10	../Syntropy_Result_Finals/Models/Model_Journal_Tuned10	excitement	0.5718683004379272	0.5718683004379272	0.08885345607995987	0.10768959671258926	0.14533855020999908	0.030771587044000626	0.01142897643148899	0.01872413419187069	0.005811518058180809	0.005771263036876917	0.005992239806801081	0.004273686558008194	0.0034766721073538065
944	excitement	../Syntropy_Result_Finals/Models/Model_Journal_Tuned10	../Syntropy_Result_Finals/Models/Model_Journal_Tuned10	excitement	0.39788857102394104	0.39788857102394104	0.26398950815200806	0.06694012880325317	0.15669791400432587	0.03422211483120918	0.021315384656190872	0.017747242003679276	0.010490219108760357	0.00853048451244831	0.008733474649488926	0.005819107871502638	0.00762584526091814
945	joy	../Syntropy_Result_Finals/Models/Model_Journal_Tuned10	../Syntropy_Result_Finals/Models/Model_Journal_Tuned10	neutral	0.39908701181411743	0.02853555604815483	0.16494134068489075	0.10226545482873917	0.39908701181411743	0.016382621601223946	0.0957019031047821	0.02698768675327301	0.030501220375299454	0.02665083110332489	0.012521912343800068	0.016627857461571693	0.07979655265808105
946	neutral	../Syntropy_Result_Finals/Models/Model_Journal_Tuned10	../Syntropy_Result_Finals/Models/Model_Journal_Tuned10	neutral	0.4095579981803894	0.18187133967876434	0.1119198426604271	0.16069543361663818	0.4095579981803894	0.021863659843802452	0.031016267836093903	0.023206336423754692	0.013867374509572983	0.013198218308389187	0.010590355843305588	0.008609225042164326	0.01360396109521389
947	neutral	../Syntropy_Result_Finals/Models/Model_Journal_Tuned10	../Syntropy_Result_Finals/Models/Model_Journal_Tuned10	excitement	0.3865055441856384	0.3865055441856384	0.025066690519452095	0.3392709791660309	0.12448429316282272	0.02749297209084034	0.02053634449839592	0.014488103799521923	0.02268054708838463	0.011094063520431519	0.006416964810341597	0.00964815728366375	0.012315263040363789
948	pride	../Syntropy_Result_Finals/Models/Model_Journal_Tuned10	../Syntropy_Result_Finals/Models/Model_Journal_Tuned10	pride	0.2823198735713959	0.27234935760498047	0.2823198735713959	0.06228594109416008	0.2439604550600052	0.039705730974674225	0.02397984266281128	0.026865703985095024	0.014671164564788342	0.009907693602144718	0.009077808819711208	0.006602243985980749	0.008274201303720474
949	surprise	../Syntropy_Result_Finals/Models/Model_Journal_Tuned10	../Syntropy_Result_Finals/Models/Model_Journal_Tuned10	neutral	0.34841519594192505	0.2158239483833313	0.07461578398942947	0.0862102136015892	0.34841519594192505	0.03489132970571518	0.10923124104738235	0.024819711223244667	0.02708674594759941	0.014951021410524845	0.009759103879332542	0.015077748335897923	0.03911788761615753
950	pride	../Syntropy_Result_Finals/Models/Model_Journal_Tuned10	../Syntropy_Result_Finals/Models/Model_Journal_Tuned10	excitement	0.7127913236618042	0.7127913236618042	0.04883404076099396	0.10838597267866135	0.0752893015742302	0.01871948316693306	0.007365296594798565	0.009187115356326103	0.005461553577333689	0.004556045401841402	0.0031770190689712763	0.0037211894523352385	0.002511712023988366
951	nervousness	../Syntropy_Result_Finals/Models/Model_Journal_Tuned10	../Syntropy_Result_Finals/Models/Model_Journal_Tuned10	nervousness	0.5180829167366028	0.024522874504327774	0.031292833387851715	0.013946407474577427	0.04513206332921982	0.019078582525253296	0.5180829167366028	0.04292440414428711	0.124198779463768	0.038931384682655334	0.02327021211385727	0.03781318664550781	0.08080632239580154
952	pride	../Syntropy_Result_Finals/Models/Model_Journal_Tuned10	../Syntropy_Result_Finals/Models/Model_Journal_Tuned10	pride	0.5919957160949707	0.16514632105827332	0.5919957160949707	0.04438621923327446	0.07820618152618408	0.03289516270160675	0.01889212056994438	0.02531440742313862	0.011074264533817768	0.011323058046400547	0.005809686612337828	0.008422092534601688	0.006534794345498085
953	neutral	../Syntropy_Result_Finals/Models/Model_Journal_Tuned10	../Syntropy_Result_Finals/Models/Model_Journal_Tuned10	nervousness	0.6282543540000916	0.01977020688354969	0.033562056720256805	0.025325166061520576	0.040000226348638535	0.014522727578878403	0.6282543540000916	0.016546208411455154	0.18384850025177002	0.01263977400958538	0.0053748395293951035	0.00684706075116992	0.013308877125382423
954	excitement	../Syntropy_Result_Finals/Models/Model_Journal_Tuned10	../Syntropy_Result_Finals/Models/Model_Journal_Tuned10	pride	0.7182725071907043	0.07083941996097565	0.7182725071907043	0.047621384263038635	0.06415627896785736	0.027748659253120422	0.018161341547966003	0.013167843222618103	0.011563295498490334	0.011304193176329136	0.00558052584528923	0.0068952166475355625	0.004689364694058895
955	joy	../Syntropy_Result_Finals/Models/Model_Journal_Tuned10	../Syntropy_Result_Finals/Models/Model_Journal_Tuned10	neutral	0.7034673690795898	0.054791610687971115	0.05931805819272995	0.0545739009976387	0.7034673690795898	0.028563687577843666	0.01893169991672039	0.035396426916122437	0.010669209063053131	0.011793463490903378	0.006826554890722036	0.007767646107822657	0.007900454103946686
956	pride	../Syntropy_Result_Finals/Models/Model_Journal_Tuned10	../Syntropy_Result_Finals/Models/Model_Journal_Tuned10	excitement	0.7678080797195435	0.7678080797195435	0.08540216088294983	0.028428060933947563	0.05079197511076927	0.02705593965947628	0.01017905306071043	0.01178286224603653	0.004803899209946394	0.004068478941917419	0.003927751909941435	0.002806582720950246	0.002945107175037265
957	excitement	../Syntropy_Result_Finals/Models/Model_Journal_Tuned10	../Syntropy_Result_Finals/Models/Model_Journal_Tuned10	excitement	0.44108009338378906	0.44108009338378906	0.0434335432946682	0.309567928314209	0.14861348271369934	0.015405423939228058	0.00971829891204834	0.010739775374531746	0.0029385031666606665	0.0037447232753038406	0.002527897944673896	0.005726315546780825	0.0065040308982133865
958	joy	../Syntropy_Result_Finals/Models/Model_Journal_Tuned10	../Syntropy_Result_Finals/Models/Model_Journal_Tuned10	joy	0.4037753939628601	0.32959112524986267	0.043187763541936874	0.4037753939628601	0.18537503480911255	0.01165219210088253	0.005158746615052223	0.006291202735155821	0.0022258542012423277	0.002830302808433771	0.002565370174124837	0.003183904103934765	0.00416303426027298
959	surprise	../Syntropy_Result_Finals/Models/Model_Journal_Tuned10	../Syntropy_Result_Finals/Models/Model_Journal_Tuned10	excitement	0.31309908628463745	0.31309908628463745	0.16204316914081573	0.08329350501298904	0.28848958015441895	0.05147266760468483	0.015323851257562637	0.038151197135448456	0.011739371344447136	0.01492290012538433	0.0096302954480052	0.0069145141169428825	0.004919879604130983
960	excitement	../Syntropy_Result_Finals/Models/Model_Journal_Tuned10	../Syntropy_Result_Finals/Models/Model_Journal_Tuned10	sadness	0.2725314199924469	0.01864651031792164	0.01886095479130745	0.02785404399037361	0.07849643379449844	0.0064499215222895145	0.17302685976028442	0.038605697453022	0.04307080805301666	0.0677015632390976	0.028280021622776985	0.22647567093372345	0.2725314199924469
961	nervousness	../Syntropy_Result_Finals/Models/Model_Journal_Tuned10	../Syntropy_Result_Finals/Models/Model_Journal_Tuned10	neutral	0.5057365298271179	0.09659649431705475	0.134863018989563	0.03580233454704285	0.5057365298271179	0.03001047857105732	0.03866061195731163	0.047940317541360855	0.03729810193181038	0.029836226254701614	0.027179280295968056	0.006928253918886185	0.009148339740931988
962	neutral	../Syntropy_Result_Finals/Models/Model_Journal_Tuned10	../Syntropy_Result_Finals/Models/Model_Journal_Tuned10	joy	0.5855994820594788	0.18859419226646423	0.03322109952569008	0.5855994820594788	0.12183986604213715	0.01117030531167984	0.0156266987323761	0.009255608543753624	0.008801015093922615	0.005289479624480009	0.005291439592838287	0.0038803815841674805	0.011430415324866772
963	surprise	../Syntropy_Result_Finals/Models/Model_Journal_Tuned10	../Syntropy_Result_Finals/Models/Model_Journal_Tuned10	neutral	0.5135172009468079	0.010700241662561893	0.03364705666899681	0.029004648327827454	0.5135172009468079	0.015108226798474789	0.12395371496677399	0.05575498938560486	0.050487808883190155	0.045180484652519226	0.017768844962120056	0.019747838377952576	0.08512882143259048
964	joy	../Syntropy_Result_Finals/Models/Model_Journal_Tuned10	../Syntropy_Result_Finals/Models/Model_Journal_Tuned10	neutral	0.37757420539855957	0.12184285372495651	0.08403944224119186	0.0922345519065857	0.37757420539855957	0.035739488899707794	0.10550452023744583	0.04303274676203728	0.032439231872558594	0.012504440732300282	0.005620192736387253	0.01541584450751543	0.0740526020526886
965	confusion	../Syntropy_Result_Finals/Models/Model_Journal_Tuned10	../Syntropy_Result_Finals/Models/Model_Journal_Tuned10	excitement	0.3585335910320282	0.3585335910320282	0.08916234970092773	0.21720801293849945	0.2395167350769043	0.023501737043261528	0.013902021571993828	0.01746504195034504	0.006024769973009825	0.010559193789958954	0.011311596259474754	0.005223297979682684	0.00759158143773675
966	joy	../Syntropy_Result_Finals/Models/Model_Journal_Tuned10	../Syntropy_Result_Finals/Models/Model_Journal_Tuned10	confusion	0.9289302825927734	0.0020028925500810146	0.0031353661324828863	0.0012416285462677479	0.018528170883655548	0.005069266073405743	0.01163934264332056	0.9289302825927734	0.011413748376071453	0.002735648537054658	0.007804669439792633	0.0029436261393129826	0.004555335268378258
967	pride	../Syntropy_Result_Finals/Models/Model_Journal_Tuned10	../Syntropy_Result_Finals/Models/Model_Journal_Tuned10	pride	0.8305448293685913	0.03930237889289856	0.8305448293685913	0.02272394485771656	0.02258634939789772	0.0164897833019495	0.01917935535311699	0.012584607116878033	0.0127285560593009	0.008028503507375717	0.004470790270715952	0.007328638341277838	0.0040322719141840935
968	nervousness	../Syntropy_Result_Finals/Models/Model_Journal_Tuned10	../Syntropy_Result_Finals/Models/Model_Journal_Tuned10	pride	0.7453435063362122	0.04378003999590874	0.7453435063362122	0.023788772523403168	0.04733586311340332	0.026278072968125343	0.035678036510944366	0.019488094374537468	0.02184799499809742	0.014750661328434944	0.007081714458763599	0.009810436517000198	0.004816961940377951
969	excitement	../Syntropy_Result_Finals/Models/Model_Journal_Tuned10	../Syntropy_Result_Finals/Models/Model_Journal_Tuned10	pride	0.42958512902259827	0.3466160297393799	0.42958512902259827	0.047570522874593735	0.04777905344963074	0.02916453778743744	0.0348968543112278	0.017421722412109375	0.017777038738131523	0.007802161853760481	0.010707519948482513	0.004495157394558191	0.0061843907460570335
970	pride	../Syntropy_Result_Finals/Models/Model_Journal_Tuned10	../Syntropy_Result_Finals/Models/Model_Journal_Tuned10	joy	0.4715688228607178	0.2678167521953583	0.0316290557384491	0.4715688228607178	0.17713777720928192	0.01218445599079132	0.006860783789306879	0.009411509148776531	0.0024355913046747446	0.0047547766007483006	0.0033370733726769686	0.0062080807983875275	0.0066554248332977295
971	sadness	../Syntropy_Result_Finals/Models/Model_Journal_Tuned10	../Syntropy_Result_Finals/Models/Model_Journal_Tuned10	sadness	0.4978371560573578	0.031314752995967865	0.014154349453747272	0.08349951356649399	0.21473124623298645	0.010799510404467583	0.06953360885381699	0.022041181102395058	0.022343605756759644	0.010340488515794277	0.003773321630433202	0.01963132619857788	0.4978371560573578
972	joy	../Syntropy_Result_Finals/Models/Model_Journal_Tuned10	../Syntropy_Result_Finals/Models/Model_Journal_Tuned10	neutral	0.41579532623291016	0.012578854337334633	0.016299529001116753	0.020767591893672943	0.41579532623291016	0.011691618710756302	0.12412095069885254	0.03842422738671303	0.07468882948160172	0.022098587825894356	0.007707109674811363	0.017816081643104553	0.23801131546497345
973	confusion	../Syntropy_Result_Finals/Models/Model_Journal_Tuned10	../Syntropy_Result_Finals/Models/Model_Journal_Tuned10	excitement	0.8720051050186157	0.8720051050186157	0.022493816912174225	0.017190180718898773	0.024851283058524132	0.02182706631720066	0.009632219560444355	0.012371513992547989	0.01027381420135498	0.0030893320217728615	0.002756470814347267	0.001756803598254919	0.0017524335999041796
974	excitement	../Syntropy_Result_Finals/Models/Model_Journal_Tuned10	../Syntropy_Result_Finals/Models/Model_Journal_Tuned10	excitement	0.6867217421531677	0.6867217421531677	0.08936214447021484	0.08979156613349915	0.080905020236969	0.017227180302143097	0.007509206887334585	0.012239256873726845	0.004669447895139456	0.0026471016462892294	0.0035576887894421816	0.002426230115815997	0.0029435039032250643
975	pride	../Syntropy_Result_Finals/Models/Model_Journal_Tuned10	../Syntropy_Result_Finals/Models/Model_Journal_Tuned10	confusion	0.3333146870136261	0.10621879249811172	0.14228245615959167	0.03361660987138748	0.27432501316070557	0.032584309577941895	0.02419457770884037	0.3333146870136261	0.01974203810095787	0.00640128692612052	0.011484748683869839	0.007160218898206949	0.008675295859575272
976	pride	../Syntropy_Result_Finals/Models/Model_Journal_Tuned10	../Syntropy_Result_Finals/Models/Model_Journal_Tuned10	excitement	0.4229971170425415	0.4229971170425415	0.061886388808488846	0.32904693484306335	0.12328353524208069	0.0163861233741045	0.01161755621433258	0.006988838315010071	0.004617565311491489	0.004186084959656	0.0031494915019720793	0.005469330120831728	0.010371099226176739
977	joy	../Syntropy_Result_Finals/Models/Model_Journal_Tuned10	../Syntropy_Result_Finals/Models/Model_Journal_Tuned10	pride	0.6550276279449463	0.027665503323078156	0.6550276279449463	0.04206737503409386	0.10257460176944733	0.024993248283863068	0.03238768130540848	0.016568457707762718	0.02806379273533821	0.020196296274662018	0.01187874749302864	0.01278089638799429	0.02579568326473236
978	excitement	../Syntropy_Result_Finals/Models/Model_Journal_Tuned10	../Syntropy_Result_Finals/Models/Model_Journal_Tuned10	excitement	0.6022301912307739	0.6022301912307739	0.03793134540319443	0.21983884274959564	0.08564475923776627	0.028197230771183968	0.004217180889099836	0.006514525040984154	0.0026711728423833847	0.004381306003779173	0.0031172772869467735	0.003252314869314432	0.002003858331590891
979	joy	../Syntropy_Result_Finals/Models/Model_Journal_Tuned10	../Syntropy_Result_Finals/Models/Model_Journal_Tuned10	anger	0.48612889647483826	0.010400407016277313	0.029061755165457726	0.010518438182771206	0.30009379982948303	0.01403000857681036	0.012250912375748158	0.015171532519161701	0.017392341047525406	0.0807945728302002	0.48612889647483826	0.01053556613624096	0.013621819205582142
980	confusion	../Syntropy_Result_Finals/Models/Model_Journal_Tuned10	../Syntropy_Result_Finals/Models/Model_Journal_Tuned10	neutral	0.5873717069625854	0.050111811608076096	0.06887843459844589	0.021063683554530144	0.5873717069625854	0.02632678486406803	0.046215202659368515	0.0689324140548706	0.037614837288856506	0.04462848976254463	0.02471293695271015	0.011360184289515018	0.012783602811396122
981	joy	../Syntropy_Result_Finals/Models/Model_Journal_Tuned10	../Syntropy_Result_Finals/Models/Model_Journal_Tuned10	excitement	0.5995795726776123	0.5995795726776123	0.06795960664749146	0.27071917057037354	0.024251006543636322	0.009912102483212948	0.005701483227312565	0.006021225359290838	0.004816015716642141	0.0021556043066084385	0.002871723845601082	0.0025417932774871588	0.003470712574198842
982	pride	../Syntropy_Result_Finals/Models/Model_Journal_Tuned10	../Syntropy_Result_Finals/Models/Model_Journal_Tuned10	pride	0.5015199780464172	0.10927841067314148	0.5015199780464172	0.059585727751255035	0.17467527091503143	0.042514681816101074	0.03186464682221413	0.029895775020122528	0.014936733059585094	0.012602346017956734	0.0098433718085289	0.007907497696578503	0.005375588312745094
983	excitement	../Syntropy_Result_Finals/Models/Model_Journal_Tuned10	../Syntropy_Result_Finals/Models/Model_Journal_Tuned10	excitement	0.9145093560218811	0.9145093560218811	0.014333691447973251	0.01900573819875717	0.015542353503406048	0.019913682714104652	0.003630005056038499	0.004435689654201269	0.002673620590940118	0.0017102614510804415	0.001871819724328816	0.0012179861078038812	0.0011557291727513075
984	joy	../Syntropy_Result_Finals/Models/Model_Journal_Tuned10	../Syntropy_Result_Finals/Models/Model_Journal_Tuned10	pride	0.41468745470046997	0.18087662756443024	0.41468745470046997	0.1252547800540924	0.16677653789520264	0.02038569189608097	0.02401091903448105	0.023079417645931244	0.013067732565104961	0.01036878488957882	0.010272878222167492	0.006145968101918697	0.005073250737041235
985	neutral	../Syntropy_Result_Finals/Models/Model_Journal_Tuned10	../Syntropy_Result_Finals/Models/Model_Journal_Tuned10	excitement	0.34141820669174194	0.34141820669174194	0.09794947504997253	0.16841188073158264	0.2720281779766083	0.028601545840501785	0.024085545912384987	0.0233354102820158	0.010522613301873207	0.010178294964134693	0.010018737986683846	0.006299986038357019	0.007150099612772465
986	pride	../Syntropy_Result_Finals/Models/Model_Journal_Tuned10	../Syntropy_Result_Finals/Models/Model_Journal_Tuned10	neutral	0.5179196000099182	0.09300167113542557	0.15797820687294006	0.11075148731470108	0.5179196000099182	0.023648584261536598	0.01645628921687603	0.025807954370975494	0.010578702203929424	0.019971352070569992	0.011658728122711182	0.006025651469826698	0.006201758049428463
987	excitement	../Syntropy_Result_Finals/Models/Model_Journal_Tuned10	../Syntropy_Result_Finals/Models/Model_Journal_Tuned10	neutral	0.31980374455451965	0.15760789811611176	0.2515101134777069	0.038513120263814926	0.31980374455451965	0.03415049612522125	0.050091348588466644	0.030804112553596497	0.03017817623913288	0.02881648950278759	0.03231442719697952	0.010855009779334068	0.015355011448264122
988	neutral	../Syntropy_Result_Finals/Models/Model_Journal_Tuned10	../Syntropy_Result_Finals/Models/Model_Journal_Tuned10	excitement	0.8377978205680847	0.8377978205680847	0.02452254667878151	0.03577671945095062	0.053427163511514664	0.014009266160428524	0.008392803370952606	0.007911943830549717	0.004676812328398228	0.003554905764758587	0.003966527059674263	0.0029706116765737534	0.0029928942676633596
989	joy	../Syntropy_Result_Finals/Models/Model_Journal_Tuned10	../Syntropy_Result_Finals/Models/Model_Journal_Tuned10	excitement	0.8529416918754578	0.8529416918754578	0.03405529260635376	0.06034275144338608	0.016884658485651016	0.019744660705327988	0.0035624010488390923	0.003261107485741377	0.002688024891540408	0.0013033399591222405	0.0012438211124390364	0.001895965076982975	0.0020762791391462088
990	pride	../Syntropy_Result_Finals/Models/Model_Journal_Tuned10	../Syntropy_Result_Finals/Models/Model_Journal_Tuned10	pride	0.43699032068252563	0.0648832619190216	0.43699032068252563	0.07844921946525574	0.30514705181121826	0.020056894049048424	0.017011472955346107	0.02048632502555847	0.0130981570109725	0.009961269795894623	0.01032427977770567	0.006586735602468252	0.017005033791065216
991	neutral	../Syntropy_Result_Finals/Models/Model_Journal_Tuned10	../Syntropy_Result_Finals/Models/Model_Journal_Tuned10	excitement	0.4256591498851776	0.4256591498851776	0.09818605333566666	0.27928540110588074	0.13345910608768463	0.020066628232598305	0.007529720198363066	0.008908458054065704	0.004160654731094837	0.0033802988473325968	0.0028786214534193277	0.006556130014359951	0.009929689578711987
992	joy	../Syntropy_Result_Finals/Models/Model_Journal_Tuned10	../Syntropy_Result_Finals/Models/Model_Journal_Tuned10	excitement	0.5410228967666626	0.5410228967666626	0.03492322191596031	0.33072036504745483	0.052752260118722916	0.015182345174252987	0.005702013149857521	0.005616431590169668	0.0033071469515562057	0.0029669792857021093	0.0020351416897028685	0.0028577535413205624	0.0029134841170161963
993	pride	../Syntropy_Result_Finals/Models/Model_Journal_Tuned10	../Syntropy_Result_Finals/Models/Model_Journal_Tuned10	pride	0.2973678708076477	0.16667574644088745	0.2973678708076477	0.11387931555509567	0.25027990341186523	0.03989748656749725	0.03999894857406616	0.033683985471725464	0.013443014584481716	0.015929559245705605	0.009261347353458405	0.009612366557121277	0.009970536455512047
994	neutral	../Syntropy_Result_Finals/Models/Model_Journal_Tuned10	../Syntropy_Result_Finals/Models/Model_Journal_Tuned10	neutral	0.5884190201759338	0.0704977810382843	0.10201039165258408	0.09122642874717712	0.5884190201759338	0.026956209912896156	0.02201569825410843	0.02959311380982399	0.01446355041116476	0.019548403099179268	0.013781632296741009	0.008766619488596916	0.012721165083348751
995	excitement	../Syntropy_Result_Finals/Models/Model_Journal_Tuned10	../Syntropy_Result_Finals/Models/Model_Journal_Tuned10	pride	0.8048568964004517	0.05930992588400841	0.8048568964004517	0.0298395324498415	0.026604387909173965	0.01900213025510311	0.016856856644153595	0.013006702996790409	0.009707752615213394	0.0067440541461110115	0.0038696262054145336	0.006448562256991863	0.003753543831408024
996	neutral	../Syntropy_Result_Finals/Models/Model_Journal_Tuned10	../Syntropy_Result_Finals/Models/Model_Journal_Tuned10	neutral	0.5554562211036682	0.07694237679243088	0.034518979489803314	0.12017707526683807	0.5554562211036682	0.04452809318900108	0.050635769963264465	0.03704693540930748	0.01197393611073494	0.008316374383866787	0.0035112304612994194	0.018139377236366272	0.038753654807806015
997	joy	../Syntropy_Result_Finals/Models/Model_Journal_Tuned10	../Syntropy_Result_Finals/Models/Model_Journal_Tuned10	excitement	0.5991150140762329	0.5991150140762329	0.016293514519929886	0.31219565868377686	0.04011766240000725	0.013413297943770885	0.003399529494345188	0.005400283262133598	0.001773022348061204	0.0015899287536740303	0.0016267296159639955	0.002164609730243683	0.002910745795816183
998	pride	../Syntropy_Result_Finals/Models/Model_Journal_Tuned10	../Syntropy_Result_Finals/Models/Model_Journal_Tuned10	excitement	0.46152082085609436	0.46152082085609436	0.18992416560649872	0.13386037945747375	0.15010663866996765	0.023467667400836945	0.009085044264793396	0.010846038348972797	0.0044260467402637005	0.004844971466809511	0.006083110347390175	0.0028776535764336586	0.0029574153013527393
999	nervousness	../Syntropy_Result_Finals/Models/Model_Journal_Tuned10	../Syntropy_Result_Finals/Models/Model_Journal_Tuned10	nervousness	0.4237087368965149	0.009707354009151459	0.013327897526323795	0.013137551955878735	0.04088451713323593	0.014740628190338612	0.4237087368965149	0.19877177476882935	0.12826184928417206	0.014121558517217636	0.010264280252158642	0.020945612341165543	0.1121281087398529
1000	joy	../Syntropy_Result_Finals/Models/Model_Journal_Tuned10	../Syntropy_Result_Finals/Models/Model_Journal_Tuned10	excitement	0.41705775260925293	0.41705775260925293	0.09265819936990738	0.2143755406141281	0.1888422667980194	0.03168585151433945	0.009916266426444054	0.015020613558590412	0.005237189587205648	0.008161528035998344	0.00561667000874877	0.007365883328020573	0.004062221385538578
1001	excitement	../Syntropy_Result_Finals/Models/Model_Journal_Tuned10	../Syntropy_Result_Finals/Models/Model_Journal_Tuned10	neutral	0.41033807396888733	0.18551862239837646	0.056125231087207794	0.23782214522361755	0.41033807396888733	0.028032200410962105	0.017937880009412766	0.015734413638710976	0.009510282427072525	0.013990546576678753	0.01129507552832365	0.006525322329252958	0.007170243188738823
1002	pride	../Syntropy_Result_Finals/Models/Model_Journal_Tuned10	../Syntropy_Result_Finals/Models/Model_Journal_Tuned10	neutral	0.41114115715026855	0.1952870786190033	0.13091786205768585	0.09358641505241394	0.41114115715026855	0.020922202616930008	0.047848694026470184	0.03293289244174957	0.02834942750632763	0.01188012957572937	0.013863764703273773	0.005701860878616571	0.007568463683128357
1003	excitement	../Syntropy_Result_Finals/Models/Model_Journal_Tuned10	../Syntropy_Result_Finals/Models/Model_Journal_Tuned10	excitement	0.6144293546676636	0.6144293546676636	0.11469373106956482	0.1261366456747055	0.08794588595628738	0.01857675611972809	0.010354012250900269	0.010511520318686962	0.005519012454897165	0.003147744107991457	0.0037557620089501143	0.002348443027585745	0.002581029199063778
1004	neutral	../Syntropy_Result_Finals/Models/Model_Journal_Tuned10	../Syntropy_Result_Finals/Models/Model_Journal_Tuned10	neutral	0.5671005249023438	0.10620415210723877	0.08870048820972443	0.06352298706769943	0.5671005249023438	0.02048267237842083	0.053767673671245575	0.02377544716000557	0.020138664171099663	0.018496418371796608	0.013875789009034634	0.007320335600525141	0.016614748165011406
1005	pride	../Syntropy_Result_Finals/Models/Model_Journal_Tuned10	../Syntropy_Result_Finals/Models/Model_Journal_Tuned10	neutral	0.2746921181678772	0.26968368887901306	0.1994728147983551	0.09060364216566086	0.2746921181678772	0.043340764939785004	0.03810069337487221	0.030299387872219086	0.011341067962348461	0.012451741844415665	0.011563035659492016	0.007602546829730272	0.010848485864698887
1006	sadness	../Syntropy_Result_Finals/Models/Model_Journal_Tuned10	../Syntropy_Result_Finals/Models/Model_Journal_Tuned10	disgust	0.28448474407196045	0.008542675524950027	0.010165771469473839	0.009645061567425728	0.030942857265472412	0.008723223581910133	0.24148452281951904	0.02166781574487686	0.20045988261699677	0.28448474407196045	0.09886546432971954	0.035257935523986816	0.04976004734635353
1007	excitement	../Syntropy_Result_Finals/Models/Model_Journal_Tuned10	../Syntropy_Result_Finals/Models/Model_Journal_Tuned10	excitement	0.44439107179641724	0.44439107179641724	0.04530627280473709	0.36323386430740356	0.10231338441371918	0.009698188863694668	0.007071018684655428	0.007637518923729658	0.0032712307292968035	0.003888932056725025	0.0031674078200012445	0.0047243027947843075	0.005296831950545311
1008	pride	../Syntropy_Result_Finals/Models/Model_Journal_Tuned10	../Syntropy_Result_Finals/Models/Model_Journal_Tuned10	pride	0.7645082473754883	0.07177074998617172	0.7645082473754883	0.035063736140728	0.03727838024497032	0.01803804561495781	0.01858762837946415	0.01783350668847561	0.011272338218986988	0.008778168819844723	0.006087549962103367	0.006395313423126936	0.004386448301374912
1009	surprise	../Syntropy_Result_Finals/Models/Model_Journal_Tuned10	../Syntropy_Result_Finals/Models/Model_Journal_Tuned10	excitement	0.7963284850120544	0.7963284850120544	0.04499254375696182	0.05787419527769089	0.037851423025131226	0.03143434226512909	0.0070702494122087955	0.004385220818221569	0.0063390969298779964	0.003801062935963273	0.002739676972851157	0.0027376124635338783	0.004446086473762989
1010	excitement	../Syntropy_Result_Finals/Models/Model_Journal_Tuned10	../Syntropy_Result_Finals/Models/Model_Journal_Tuned10	neutral	0.5520776510238647	0.1062198281288147	0.09087194502353668	0.058836519718170166	0.5520776510238647	0.06575952470302582	0.02360650524497032	0.0293892715126276	0.016318613663315773	0.023063719272613525	0.01271427609026432	0.009020540863275528	0.012121609412133694
1011	embarrassment	../Syntropy_Result_Finals/Models/Model_Journal_Tuned10	../Syntropy_Result_Finals/Models/Model_Journal_Tuned10	pride	0.3018925189971924	0.12909993529319763	0.3018925189971924	0.050769709050655365	0.2730105519294739	0.03513915836811066	0.07326475530862808	0.03979436308145523	0.04153663292527199	0.01515183225274086	0.010936996899545193	0.01040314044803381	0.019000351428985596
1012	neutral	../Syntropy_Result_Finals/Models/Model_Journal_Tuned10	../Syntropy_Result_Finals/Models/Model_Journal_Tuned10	pride	0.32733309268951416	0.17172811925411224	0.32733309268951416	0.21850430965423584	0.19573180377483368	0.01306735910475254	0.016344919800758362	0.015210473909974098	0.014564115554094315	0.0048163579776883125	0.00783652812242508	0.0034252596087753773	0.011437546461820602
1013	neutral	../Syntropy_Result_Finals/Models/Model_Journal_Tuned10	../Syntropy_Result_Finals/Models/Model_Journal_Tuned10	neutral	0.7117246985435486	0.02524554170668125	0.06248842552304268	0.08304339647293091	0.7117246985435486	0.008016801439225674	0.027223339304327965	0.011800495907664299	0.012913382612168789	0.019522957503795624	0.011532992124557495	0.005234452895820141	0.021253544837236404
1014	joy	../Syntropy_Result_Finals/Models/Model_Journal_Tuned10	../Syntropy_Result_Finals/Models/Model_Journal_Tuned10	nervousness	0.3078550100326538	0.05553057789802551	0.05537738278508186	0.06179966777563095	0.16153019666671753	0.020456016063690186	0.3078550100326538	0.06835665553808212	0.08613491803407669	0.06659306585788727	0.0500420518219471	0.03829247131943703	0.028032055124640465
1015	joy	../Syntropy_Result_Finals/Models/Model_Journal_Tuned10	../Syntropy_Result_Finals/Models/Model_Journal_Tuned10	neutral	0.3953106105327606	0.10446065664291382	0.06104185804724693	0.3144214451313019	0.3953106105327606	0.014770819805562496	0.032454442232847214	0.014438102953135967	0.014014583081007004	0.010549158789217472	0.00927053764462471	0.005854325369000435	0.023413540795445442
1016	pride	../Syntropy_Result_Finals/Models/Model_Journal_Tuned10	../Syntropy_Result_Finals/Models/Model_Journal_Tuned10	pride	0.7198135852813721	0.06383230537176132	0.7198135852813721	0.03588469326496124	0.06497995555400848	0.027975063771009445	0.02347465604543686	0.019643543288111687	0.013716804794967175	0.010600950568914413	0.007931136526167393	0.0070425644516944885	0.005104823969304562
1017	nervousness	../Syntropy_Result_Finals/Models/Model_Journal_Tuned10	../Syntropy_Result_Finals/Models/Model_Journal_Tuned10	joy	0.32141587138175964	0.2812528610229492	0.06512077897787094	0.32141587138175964	0.27738335728645325	0.011552740819752216	0.01099257543683052	0.008083323948085308	0.004585656803101301	0.0035533704794943333	0.0029014975298196077	0.005351210478693247	0.007806679699569941
1018	pride	../Syntropy_Result_Finals/Models/Model_Journal_Tuned10	../Syntropy_Result_Finals/Models/Model_Journal_Tuned10	excitement	0.48523232340812683	0.48523232340812683	0.16468402743339539	0.0759706050157547	0.13796082139015198	0.04049936309456825	0.017770318314433098	0.028634853661060333	0.014905364252626896	0.014338723383843899	0.009275348857045174	0.006100338418036699	0.004627932328730822
1019	pride	../Syntropy_Result_Finals/Models/Model_Journal_Tuned10	../Syntropy_Result_Finals/Models/Model_Journal_Tuned10	pride	0.4408160150051117	0.2409011572599411	0.4408160150051117	0.11558316648006439	0.12608911097049713	0.014679056592285633	0.01613137125968933	0.014463888481259346	0.008661131374537945	0.004714500159025192	0.003964078612625599	0.005227129906415939	0.008769412524998188
1020	anger	../Syntropy_Result_Finals/Models/Model_Journal_Tuned10	../Syntropy_Result_Finals/Models/Model_Journal_Tuned10	anger	0.8337228894233704	0.0036017734091728926	0.0067017581313848495	0.0033508550841361284	0.01546419970691204	0.0028899016324430704	0.01173436176031828	0.005862049292773008	0.023399757221341133	0.07843960076570511	0.8337228894233704	0.005073669832199812	0.009759168140590191
1021	excitement	../Syntropy_Result_Finals/Models/Model_Journal_Tuned10	../Syntropy_Result_Finals/Models/Model_Journal_Tuned10	excitement	0.3994033634662628	0.3994033634662628	0.08955416828393936	0.3306829333305359	0.12169304490089417	0.017726276069879532	0.010096300393342972	0.009640859439969063	0.003797986777499318	0.0049665519036352634	0.0035595467779785395	0.00433874037116766	0.004540229216217995
1022	joy	../Syntropy_Result_Finals/Models/Model_Journal_Tuned10	../Syntropy_Result_Finals/Models/Model_Journal_Tuned10	pride	0.3296145498752594	0.3130986988544464	0.3296145498752594	0.1355627328157425	0.11835399270057678	0.024834077805280685	0.018929677084088326	0.019628793001174927	0.01115656178444624	0.010283935815095901	0.0075864787213504314	0.006300277542322874	0.0046502696350216866
1023	neutral	../Syntropy_Result_Finals/Models/Model_Journal_Tuned10	../Syntropy_Result_Finals/Models/Model_Journal_Tuned10	joy	0.4313018321990967	0.3211224675178528	0.03613791614770889	0.4313018321990967	0.1582072377204895	0.009071452543139458	0.012634212151169777	0.010110121220350266	0.005429977551102638	0.0036267507821321487	0.002845930866897106	0.003326981095597148	0.006185110192745924
1024	surprise	../Syntropy_Result_Finals/Models/Model_Journal_Tuned10	../Syntropy_Result_Finals/Models/Model_Journal_Tuned10	excitement	0.7908178567886353	0.7908178567886353	0.05829206854104996	0.07256267219781876	0.04127448797225952	0.011667492799460888	0.0060195839032530785	0.005901418160647154	0.004142262507230043	0.0020910364110022783	0.002211709739640355	0.002426430117338896	0.0025930851697921753
1025	disgust	../Syntropy_Result_Finals/Models/Model_Journal_Tuned10	../Syntropy_Result_Finals/Models/Model_Journal_Tuned10	disgust	0.9089493751525879	0.0020415685139596462	0.0035711447708308697	0.0020392993465065956	0.013035401701927185	0.004919230006635189	0.006743073463439941	0.0021480799186974764	0.032512906938791275	0.9089493751525879	0.016037235036492348	0.006071460898965597	0.0019311795476824045
1026	excitement	../Syntropy_Result_Finals/Models/Model_Journal_Tuned10	../Syntropy_Result_Finals/Models/Model_Journal_Tuned10	excitement	0.5499439835548401	0.5499439835548401	0.03991926461458206	0.3518136739730835	0.03367041423916817	0.00705036660656333	0.0034119300544261932	0.0036578145809471607	0.0022376475390046835	0.0021354651544243097	0.0020694273989647627	0.0019845236092805862	0.002105521271005273
1027	joy	../Syntropy_Result_Finals/Models/Model_Journal_Tuned10	../Syntropy_Result_Finals/Models/Model_Journal_Tuned10	pride	0.4165925681591034	0.07145331054925919	0.4165925681591034	0.0812581405043602	0.2608017325401306	0.01919960416853428	0.03934233635663986	0.028043966740369797	0.02719264291226864	0.017520368099212646	0.021784337237477303	0.00559532456099987	0.01121572032570839
1028	neutral	../Syntropy_Result_Finals/Models/Model_Journal_Tuned10	../Syntropy_Result_Finals/Models/Model_Journal_Tuned10	excitement	0.634162962436676	0.634162962436676	0.09597344696521759	0.1575205773115158	0.07170262932777405	0.014797487296164036	0.0051876939833164215	0.005401140544563532	0.0028313773218542337	0.0035849560517817736	0.0024333889596164227	0.00368091044947505	0.0027234347071498632
1029	pride	../Syntropy_Result_Finals/Models/Model_Journal_Tuned10	../Syntropy_Result_Finals/Models/Model_Journal_Tuned10	excitement	0.9293199777603149	0.9293199777603149	0.013184166513383389	0.0225585475564003	0.012850206345319748	0.010798243805766106	0.0020658711437135935	0.003508154768496752	0.001487869187258184	0.0011379458010196686	0.0013703468721359968	0.0009538785670883954	0.0007648784085176885
1030	excitement	../Syntropy_Result_Finals/Models/Model_Journal_Tuned10	../Syntropy_Result_Finals/Models/Model_Journal_Tuned10	pride	0.6550252437591553	0.03453584760427475	0.6550252437591553	0.04478974640369415	0.10728464275598526	0.016908733174204826	0.03146747872233391	0.0189034566283226	0.03040461242198944	0.017430149018764496	0.01760527864098549	0.009516420774161816	0.01612839475274086
1031	neutral	../Syntropy_Result_Finals/Models/Model_Journal_Tuned10	../Syntropy_Result_Finals/Models/Model_Journal_Tuned10	joy	0.39065319299697876	0.2585538327693939	0.04950408264994621	0.39065319299697876	0.24727827310562134	0.013459203764796257	0.009558374062180519	0.0098452502861619	0.005349365994334221	0.004118433687835932	0.003817587159574032	0.002774853026494384	0.0050875223241746426
1032	pride	../Syntropy_Result_Finals/Models/Model_Journal_Tuned10	../Syntropy_Result_Finals/Models/Model_Journal_Tuned10	excitement	0.3411507308483124	0.3411507308483124	0.06511939316987991	0.304336816072464	0.2056378722190857	0.02415696159005165	0.013195518404245377	0.015710527077317238	0.005082517396658659	0.006339024752378464	0.003571468172594905	0.006990321446210146	0.008708822540938854
1033	pride	../Syntropy_Result_Finals/Models/Model_Journal_Tuned10	../Syntropy_Result_Finals/Models/Model_Journal_Tuned10	excitement	0.5397449731826782	0.5397449731826782	0.16634011268615723	0.17907929420471191	0.07323446869850159	0.01346313301473856	0.006140115205198526	0.007690333295613527	0.0038843711372464895	0.00217106519266963	0.0029719150625169277	0.002123976591974497	0.0031562342774122953
1034	neutral	../Syntropy_Result_Finals/Models/Model_Journal_Tuned10	../Syntropy_Result_Finals/Models/Model_Journal_Tuned10	joy	0.34909552335739136	0.2990932762622833	0.1397581696510315	0.34909552335739136	0.15393230319023132	0.01766013912856579	0.008565239608287811	0.00817952398210764	0.0059352233074605465	0.004073114134371281	0.0038611420895904303	0.0034543192014098167	0.006392005831003189
1035	nervousness	../Syntropy_Result_Finals/Models/Model_Journal_Tuned10	../Syntropy_Result_Finals/Models/Model_Journal_Tuned10	nervousness	0.6512256264686584	0.029888981953263283	0.01237835269421339	0.014088575728237629	0.023725587874650955	0.01491241529583931	0.6512256264686584	0.037745147943496704	0.16037048399448395	0.015467334538698196	0.008459726348519325	0.017627369612455368	0.014110331423580647
1036	excitement	../Syntropy_Result_Finals/Models/Model_Journal_Tuned10	../Syntropy_Result_Finals/Models/Model_Journal_Tuned10	excitement	0.8509674668312073	0.8509674668312073	0.022350531071424484	0.023171337321400642	0.03883586451411247	0.024521611630916595	0.008763568475842476	0.012287665158510208	0.00709355715662241	0.004118139389902353	0.002844643546268344	0.0027873199433088303	0.0022582688834518194
1037	anger	../Syntropy_Result_Finals/Models/Model_Journal_Tuned10	../Syntropy_Result_Finals/Models/Model_Journal_Tuned10	disgust	0.4953976273536682	0.005072201602160931	0.0058868760243058205	0.0045295534655451775	0.019760074093937874	0.007120050489902496	0.0639369785785675	0.014636470936238766	0.14254853129386902	0.4953976273536682	0.2044813483953476	0.017130961641669273	0.019499341025948524
1038	neutral	../Syntropy_Result_Finals/Models/Model_Journal_Tuned10	../Syntropy_Result_Finals/Models/Model_Journal_Tuned10	neutral	0.5525560975074768	0.12416520714759827	0.10748416185379028	0.051258061081171036	0.5525560975074768	0.02949969284236431	0.022814037278294563	0.047695714980363846	0.018763594329357147	0.016642039641737938	0.014736277982592583	0.006602026522159576	0.007783073000609875
1039	surprise	../Syntropy_Result_Finals/Models/Model_Journal_Tuned10	../Syntropy_Result_Finals/Models/Model_Journal_Tuned10	excitement	0.8071600198745728	0.8071600198745728	0.015193887986242771	0.1283266693353653	0.015579826198518276	0.018766600638628006	0.002742169424891472	0.004063713364303112	0.0016725388122722507	0.0012560542672872543	0.0014985379530116916	0.0022163731046020985	0.001523603335954249
1040	surprise	../Syntropy_Result_Finals/Models/Model_Journal_Tuned10	../Syntropy_Result_Finals/Models/Model_Journal_Tuned10	excitement	0.8435069918632507	0.8435069918632507	0.012817833572626114	0.05553482845425606	0.03343269228935242	0.026837484911084175	0.004317149519920349	0.007427503354847431	0.003978738095611334	0.003955370280891657	0.0018160041654482484	0.003908249083906412	0.0024671300780028105
1041	embarrassment	../Syntropy_Result_Finals/Models/Model_Journal_Tuned10	../Syntropy_Result_Finals/Models/Model_Journal_Tuned10	embarrassment	0.7123169898986816	0.008173749782145023	0.01152015384286642	0.0066621024161577225	0.01607383042573929	0.006109676789492369	0.13918864727020264	0.024196580052375793	0.025906283408403397	0.030535373836755753	0.006445905659347773	0.7123169898986816	0.012870725244283676
1042	excitement	../Syntropy_Result_Finals/Models/Model_Journal_Tuned10	../Syntropy_Result_Finals/Models/Model_Journal_Tuned10	neutral	0.289558082818985	0.09274406731128693	0.145936980843544	0.041891902685165405	0.289558082818985	0.05039942264556885	0.13869355618953705	0.06821807473897934	0.05468587577342987	0.04445653408765793	0.024639101698994637	0.01782805658876896	0.030948301777243614
1043	pride	../Syntropy_Result_Finals/Models/Model_Journal_Tuned10	../Syntropy_Result_Finals/Models/Model_Journal_Tuned10	excitement	0.27628809213638306	0.27628809213638306	0.24586856365203857	0.1293584257364273	0.20168542861938477	0.05795398727059364	0.01510794647037983	0.02396300621330738	0.012262728996574879	0.017370956018567085	0.009696834720671177	0.006471822503954172	0.003972235601395369
1044	surprise	../Syntropy_Result_Finals/Models/Model_Journal_Tuned10	../Syntropy_Result_Finals/Models/Model_Journal_Tuned10	neutral	0.5751484632492065	0.10861804336309433	0.10669677704572678	0.04282327741384506	0.5751484632492065	0.03818197175860405	0.024857694283127785	0.053957849740982056	0.015113270841538906	0.012069706805050373	0.008882494643330574	0.00499362638220191	0.00865682028234005
1045	joy	../Syntropy_Result_Finals/Models/Model_Journal_Tuned10	../Syntropy_Result_Finals/Models/Model_Journal_Tuned10	excitement	0.5901296138763428	0.5901296138763428	0.10518378764390945	0.14428003132343292	0.10420511662960052	0.016996942460536957	0.01099257543683052	0.010016578249633312	0.00467490591108799	0.004348197020590305	0.0033875631634145975	0.003021339885890484	0.0027633102145045996
1046	nervousness	../Syntropy_Result_Finals/Models/Model_Journal_Tuned10	../Syntropy_Result_Finals/Models/Model_Journal_Tuned10	confusion	0.749264657497406	0.009148670360445976	0.004957658238708973	0.005587227642536163	0.041548021137714386	0.010335056111216545	0.09515447914600372	0.749264657497406	0.03161128610372543	0.005004168953746557	0.005500002298504114	0.012677500024437904	0.029211310669779778
1047	pride	../Syntropy_Result_Finals/Models/Model_Journal_Tuned10	../Syntropy_Result_Finals/Models/Model_Journal_Tuned10	pride	0.843048632144928	0.02183251455426216	0.843048632144928	0.01844033971428871	0.023407138884067535	0.014127074740827084	0.020490115508437157	0.015066105872392654	0.014590953476727009	0.010266434401273727	0.005798632744699717	0.008562581613659859	0.004369388334453106
1048	neutral	../Syntropy_Result_Finals/Models/Model_Journal_Tuned10	../Syntropy_Result_Finals/Models/Model_Journal_Tuned10	excitement	0.29061684012413025	0.29061684012413025	0.08965515345335007	0.26968902349472046	0.2618665099143982	0.018392927944660187	0.010695421136915684	0.022639617323875427	0.0056883348152041435	0.005414412822574377	0.003862508572638035	0.008591128513216972	0.012888154946267605
1049	joy	../Syntropy_Result_Finals/Models/Model_Journal_Tuned10	../Syntropy_Result_Finals/Models/Model_Journal_Tuned10	joy	0.43669167160987854	0.3164529800415039	0.11317034065723419	0.43669167160987854	0.08595303446054459	0.00677134096622467	0.007756131701171398	0.008223861455917358	0.0069464873522520065	0.003270617686212063	0.003383124014362693	0.0033194527495652437	0.008061068132519722
1050	joy	../Syntropy_Result_Finals/Models/Model_Journal_Tuned10	../Syntropy_Result_Finals/Models/Model_Journal_Tuned10	excitement	0.5064415335655212	0.5064415335655212	0.19685356318950653	0.14431048929691315	0.08091460913419724	0.020888041704893112	0.014051808975636959	0.012013528496026993	0.006901931017637253	0.005626126658171415	0.005181706044822931	0.0037196995690464973	0.003096971893683076
1051	excitement	../Syntropy_Result_Finals/Models/Model_Journal_Tuned10	../Syntropy_Result_Finals/Models/Model_Journal_Tuned10	excitement	0.8097606301307678	0.8097606301307678	0.05409502238035202	0.01901913620531559	0.02961035631597042	0.02795630693435669	0.01458242628723383	0.014277593232691288	0.01175804901868105	0.00549571355804801	0.006646820809692144	0.0033511139918118715	0.003446881892159581
1052	joy	../Syntropy_Result_Finals/Models/Model_Journal_Tuned10	../Syntropy_Result_Finals/Models/Model_Journal_Tuned10	joy	0.3107072710990906	0.20446260273456573	0.11799651384353638	0.3107072710990906	0.28097882866859436	0.012143837288022041	0.017086418345570564	0.01858910545706749	0.007272448390722275	0.008103453554213047	0.008856593631207943	0.007407724391669035	0.006395246367901564
1053	joy	../Syntropy_Result_Finals/Models/Model_Journal_Tuned10	../Syntropy_Result_Finals/Models/Model_Journal_Tuned10	excitement	0.5797969698905945	0.5797969698905945	0.05910624563694	0.23460574448108673	0.08341602236032486	0.01370471715927124	0.0045407358556985855	0.009924156591296196	0.0030932086519896984	0.00234675919637084	0.0019990853033959866	0.0031170498114079237	0.004349360242486
1054	anger	../Syntropy_Result_Finals/Models/Model_Journal_Tuned10	../Syntropy_Result_Finals/Models/Model_Journal_Tuned10	anger	0.323047399520874	0.019515283405780792	0.055298298597335815	0.01914815418422222	0.09195762127637863	0.013273379765450954	0.14759939908981323	0.037086449563503265	0.13436517119407654	0.1014072522521019	0.323047399520874	0.013898184522986412	0.04340338706970215
1055	nervousness	../Syntropy_Result_Finals/Models/Model_Journal_Tuned10	../Syntropy_Result_Finals/Models/Model_Journal_Tuned10	excitement	0.7356011867523193	0.7356011867523193	0.06103122979402542	0.1434188187122345	0.02737654373049736	0.0155479209497571	0.0033586453646421432	0.00545310927554965	0.001989052165299654	0.0017136794049292803	0.002018706174567342	0.001450033625587821	0.0010410816175863147
1056	joy	../Syntropy_Result_Finals/Models/Model_Journal_Tuned10	../Syntropy_Result_Finals/Models/Model_Journal_Tuned10	neutral	0.35974544286727905	0.04490106925368309	0.1476546674966812	0.04589007422327995	0.35974544286727905	0.01987154223024845	0.14334718883037567	0.042445648461580276	0.07959521561861038	0.03899947553873062	0.034554336220026016	0.010842304676771164	0.03215303272008896
1057	joy	../Syntropy_Result_Finals/Models/Model_Journal_Tuned10	../Syntropy_Result_Finals/Models/Model_Journal_Tuned10	joy	0.38055381178855896	0.1379135698080063	0.036923229694366455	0.38055381178855896	0.3734266757965088	0.015355868265032768	0.010487177409231663	0.0132344551384449	0.00525977648794651	0.00594941945746541	0.0060085575096309185	0.004689185414463282	0.010198360309004784
1058	sadness	../Syntropy_Result_Finals/Models/Model_Journal_Tuned10	../Syntropy_Result_Finals/Models/Model_Journal_Tuned10	sadness	0.3712065815925598	0.007045930251479149	0.029257891699671745	0.012901565991342068	0.09519125521183014	0.007492582779377699	0.24361667037010193	0.04963172972202301	0.05828150734305382	0.05243876576423645	0.04877425730228424	0.024161264300346375	0.3712065815925598
1059	pride	../Syntropy_Result_Finals/Models/Model_Journal_Tuned10	../Syntropy_Result_Finals/Models/Model_Journal_Tuned10	sadness	0.465512216091156	0.004602496512234211	0.022385023534297943	0.005978797096759081	0.25325947999954224	0.0034498022869229317	0.04726048931479454	0.02406112663447857	0.025132805109024048	0.07127463072538376	0.05391687899827957	0.02316627837717533	0.465512216091156
1060	excitement	../Syntropy_Result_Finals/Models/Model_Journal_Tuned10	../Syntropy_Result_Finals/Models/Model_Journal_Tuned10	excitement	0.4261859655380249	0.4261859655380249	0.07653845101594925	0.30679696798324585	0.14660663902759552	0.01198159996420145	0.006505187600851059	0.008520504459738731	0.0033515645191073418	0.0026583836879581213	0.003752429038286209	0.002322764601558447	0.004779496695846319
1061	joy	../Syntropy_Result_Finals/Models/Model_Journal_Tuned10	../Syntropy_Result_Finals/Models/Model_Journal_Tuned10	neutral	0.34337902069091797	0.1879475712776184	0.17192190885543823	0.19559554755687714	0.34337902069091797	0.019440609961748123	0.02112545445561409	0.0157207939773798	0.008085755631327629	0.007440703921020031	0.005026421509683132	0.009369936771690845	0.014946208335459232
1062	fear	../Syntropy_Result_Finals/Models/Model_Journal_Tuned10	../Syntropy_Result_Finals/Models/Model_Journal_Tuned10	nervousness	0.6706827878952026	0.016621634364128113	0.012319386005401611	0.014927476644515991	0.009304389357566833	0.007419383153319359	0.6706827878952026	0.009661342017352581	0.23655062913894653	0.007599904201924801	0.002398647367954254	0.007070920895785093	0.005443509668111801
1063	neutral	../Syntropy_Result_Finals/Models/Model_Journal_Tuned10	../Syntropy_Result_Finals/Models/Model_Journal_Tuned10	joy	0.41532498598098755	0.29215046763420105	0.11220111697912216	0.41532498598098755	0.11848674714565277	0.011698232963681221	0.011156507767736912	0.00961910281330347	0.006262604147195816	0.0035531772300601006	0.004455386660993099	0.003719506086781621	0.011372249573469162
1064	neutral	../Syntropy_Result_Finals/Models/Model_Journal_Tuned10	../Syntropy_Result_Finals/Models/Model_Journal_Tuned10	joy	0.34546977281570435	0.17722053825855255	0.27997374534606934	0.34546977281570435	0.1338275521993637	0.008607825264334679	0.011717705056071281	0.010467723943293095	0.009325838647782803	0.0033307259436696768	0.004842772614210844	0.0034728231839835644	0.01174295973032713
1065	excitement	../Syntropy_Result_Finals/Models/Model_Journal_Tuned10	../Syntropy_Result_Finals/Models/Model_Journal_Tuned10	excitement	0.4204123914241791	0.4204123914241791	0.0842200443148613	0.16937658190727234	0.2006293535232544	0.046374011784791946	0.015782639384269714	0.027249034494161606	0.0060372562147676945	0.009477832354605198	0.008477473631501198	0.007084237411618233	0.0048790886066854
1066	joy	../Syntropy_Result_Finals/Models/Model_Journal_Tuned10	../Syntropy_Result_Finals/Models/Model_Journal_Tuned10	pride	0.5786082744598389	0.05151595547795296	0.5786082744598389	0.061800267547369	0.13107042014598846	0.017311139032244682	0.03728615120053291	0.0181893277913332	0.030645277351140976	0.0197573471814394	0.029453350231051445	0.006046614143997431	0.018315935507416725
1067	joy	../Syntropy_Result_Finals/Models/Model_Journal_Tuned10	../Syntropy_Result_Finals/Models/Model_Journal_Tuned10	neutral	0.29096007347106934	0.1350182592868805	0.27107658982276917	0.2043011635541916	0.29096007347106934	0.019235052168369293	0.021123353391885757	0.015391678549349308	0.010609026066958904	0.008415047079324722	0.011031136848032475	0.004626464564353228	0.008212167769670486
1068	pride	../Syntropy_Result_Finals/Models/Model_Journal_Tuned10	../Syntropy_Result_Finals/Models/Model_Journal_Tuned10	joy	0.36465513706207275	0.1558057814836502	0.31400227546691895	0.36465513706207275	0.10688895732164383	0.00990369264036417	0.010471383109688759	0.008472911082208157	0.007927053608000278	0.003211343428120017	0.004146258346736431	0.004250704776495695	0.010264529846608639
1069	confusion	../Syntropy_Result_Finals/Models/Model_Journal_Tuned10	../Syntropy_Result_Finals/Models/Model_Journal_Tuned10	confusion	0.5969404578208923	0.05588541552424431	0.009033635258674622	0.006062672007828951	0.05950429290533066	0.05135408043861389	0.044160690158605576	0.5969404578208923	0.07514114677906036	0.02676733210682869	0.04320910573005676	0.020312706008553505	0.011628479696810246
1070	neutral	../Syntropy_Result_Finals/Models/Model_Journal_Tuned10	../Syntropy_Result_Finals/Models/Model_Journal_Tuned10	neutral	0.3533504009246826	0.05187258496880531	0.250778466463089	0.07025274634361267	0.3533504009246826	0.026229724287986755	0.048068318516016006	0.06786990165710449	0.04699767380952835	0.019009113311767578	0.03882863000035286	0.008848421275615692	0.01789405383169651
1071	surprise	../Syntropy_Result_Finals/Models/Model_Journal_Tuned10	../Syntropy_Result_Finals/Models/Model_Journal_Tuned10	excitement	0.7918848395347595	0.7918848395347595	0.02183537743985653	0.08892756700515747	0.027889428660273552	0.044762320816516876	0.0036480077542364597	0.0070358277298510075	0.0029467984568327665	0.004350445233285427	0.0024536852724850178	0.002653865609318018	0.0016118630301207304
1072	neutral	../Syntropy_Result_Finals/Models/Model_Journal_Tuned10	../Syntropy_Result_Finals/Models/Model_Journal_Tuned10	neutral	0.38137489557266235	0.03232366591691971	0.03308023139834404	0.03376687690615654	0.38137489557266235	0.023849189281463623	0.1675197184085846	0.07521402090787888	0.0918421596288681	0.06298450380563736	0.015624627470970154	0.035117488354444504	0.04730263724923134
1073	excitement	../Syntropy_Result_Finals/Models/Model_Journal_Tuned10	../Syntropy_Result_Finals/Models/Model_Journal_Tuned10	excitement	0.6018713712692261	0.6018713712692261	0.1818554699420929	0.06520358473062515	0.06594497710466385	0.033051904290914536	0.01474695559591055	0.012925062328577042	0.006435847841203213	0.005681912414729595	0.005866176448762417	0.0034270156174898148	0.0029897617641836405
1074	joy	../Syntropy_Result_Finals/Models/Model_Journal_Tuned10	../Syntropy_Result_Finals/Models/Model_Journal_Tuned10	pride	0.8117733001708984	0.05516207963228226	0.8117733001708984	0.01938007026910782	0.029047317802906036	0.020836282521486282	0.01700296625494957	0.011796101927757263	0.010392559692263603	0.009235518053174019	0.003542787628248334	0.007637719623744488	0.004193329252302647
1075	nervousness	../Syntropy_Result_Finals/Models/Model_Journal_Tuned10	../Syntropy_Result_Finals/Models/Model_Journal_Tuned10	excitement	0.46629786491394043	0.46629786491394043	0.12081876397132874	0.12999854981899261	0.16293646395206451	0.036304112523794174	0.028348136693239212	0.019600452855229378	0.0125963743776083	0.006192367523908615	0.004353422671556473	0.00418537063524127	0.008368078619241714
1076	neutral	../Syntropy_Result_Finals/Models/Model_Journal_Tuned10	../Syntropy_Result_Finals/Models/Model_Journal_Tuned10	excitement	0.60039222240448	0.60039222240448	0.033037684857845306	0.21765419840812683	0.0977087914943695	0.018570389598608017	0.008083408698439598	0.007260944694280624	0.0035623873118311167	0.004246535710990429	0.004240081179887056	0.002748872386291623	0.0024944960605353117
1077	joy	../Syntropy_Result_Finals/Models/Model_Journal_Tuned10	../Syntropy_Result_Finals/Models/Model_Journal_Tuned10	joy	0.5022367835044861	0.16987401247024536	0.06942472606897354	0.5022367835044861	0.19003087282180786	0.010167380794882774	0.015313662588596344	0.008251707069575787	0.009340168908238411	0.0043435716070234776	0.004398160148411989	0.0031082069035619497	0.013510838150978088
1078	pride	../Syntropy_Result_Finals/Models/Model_Journal_Tuned10	../Syntropy_Result_Finals/Models/Model_Journal_Tuned10	pride	0.532107949256897	0.0936739444732666	0.532107949256897	0.044783275574445724	0.15897774696350098	0.040030162781476974	0.03517880663275719	0.02603505365550518	0.01982651650905609	0.02109830267727375	0.01066591776907444	0.009728075936436653	0.007894240319728851
1079	joy	../Syntropy_Result_Finals/Models/Model_Journal_Tuned10	../Syntropy_Result_Finals/Models/Model_Journal_Tuned10	excitement	0.5796408653259277	0.5796408653259277	0.04180321469902992	0.24325145781040192	0.08582359552383423	0.02102973312139511	0.0050708879716694355	0.008984066545963287	0.002520268550142646	0.0036942828446626663	0.002837809734046459	0.0032805530354380608	0.0020632119849324226
1080	anger	../Syntropy_Result_Finals/Models/Model_Journal_Tuned10	../Syntropy_Result_Finals/Models/Model_Journal_Tuned10	nervousness	0.5701845288276672	0.04194139316678047	0.028841445222496986	0.017948925495147705	0.09148278832435608	0.020446600392460823	0.5701845288276672	0.0366726815700531	0.10880961269140244	0.02410823293030262	0.01346899475902319	0.013487478718161583	0.0326073057949543
1081	neutral	../Syntropy_Result_Finals/Models/Model_Journal_Tuned10	../Syntropy_Result_Finals/Models/Model_Journal_Tuned10	neutral	0.41020986437797546	0.14138390123844147	0.10690198093652725	0.22491605579853058	0.41020986437797546	0.01794930174946785	0.028037788346409798	0.020824424922466278	0.009404519572854042	0.006844968069344759	0.005347629077732563	0.006926720961928368	0.02125285565853119
1082	pride	../Syntropy_Result_Finals/Models/Model_Journal_Tuned10	../Syntropy_Result_Finals/Models/Model_Journal_Tuned10	pride	0.7855798006057739	0.03069530799984932	0.7855798006057739	0.022529030218720436	0.041081808507442474	0.0181024968624115	0.02840336039662361	0.016496742144227028	0.018147405236959457	0.014699159190058708	0.00846447516232729	0.009971202351152897	0.005829327739775181
1083	pride	../Syntropy_Result_Finals/Models/Model_Journal_Tuned10	../Syntropy_Result_Finals/Models/Model_Journal_Tuned10	neutral	0.4466509222984314	0.13331522047519684	0.20058386027812958	0.07069585472345352	0.4466509222984314	0.027768442407250404	0.028282267972826958	0.030075553804636	0.014669702388346195	0.015980403870344162	0.011472269892692566	0.009691194631159306	0.010814237408339977
1084	joy	../Syntropy_Result_Finals/Models/Model_Journal_Tuned10	../Syntropy_Result_Finals/Models/Model_Journal_Tuned10	joy	0.2898045778274536	0.2618977725505829	0.07949397712945938	0.2898045778274536	0.23553036153316498	0.030572155490517616	0.015608252957463264	0.018415169790387154	0.008491026237607002	0.0045645046047866344	0.0027319476939737797	0.015203773975372314	0.03768642619252205
1085	confusion	../Syntropy_Result_Finals/Models/Model_Journal_Tuned10	../Syntropy_Result_Finals/Models/Model_Journal_Tuned10	confusion	0.4021139144897461	0.19572435319423676	0.01875775307416916	0.03691449761390686	0.10618055611848831	0.13383054733276367	0.04237916320562363	0.4021139144897461	0.01054925937205553	0.013540157116949558	0.0061853318475186825	0.017747774720191956	0.016076697036623955
1086	joy	../Syntropy_Result_Finals/Models/Model_Journal_Tuned10	../Syntropy_Result_Finals/Models/Model_Journal_Tuned10	excitement	0.42394211888313293	0.42394211888313293	0.04190493002533913	0.3124106228351593	0.17675919830799103	0.0155272725969553	0.005052446387708187	0.008884468115866184	0.0021617833990603685	0.0033028176985681057	0.0023266386706382036	0.003982925321906805	0.0037447642534971237
1087	pride	../Syntropy_Result_Finals/Models/Model_Journal_Tuned10	../Syntropy_Result_Finals/Models/Model_Journal_Tuned10	joy	0.4970947206020355	0.27353838086128235	0.04027608036994934	0.4970947206020355	0.15615445375442505	0.005057262256741524	0.0045458488166332245	0.006292951758950949	0.0025512948632240295	0.002877142047509551	0.0036978377029299736	0.003037471091374755	0.004876565188169479
1088	excitement	../Syntropy_Result_Finals/Models/Model_Journal_Tuned10	../Syntropy_Result_Finals/Models/Model_Journal_Tuned10	excitement	0.3807837665081024	0.3807837665081024	0.08020082116127014	0.2099767029285431	0.19898991286754608	0.04206499084830284	0.018444323912262917	0.02186601608991623	0.01025456003844738	0.014787090942263603	0.008351503871381283	0.008223311975598335	0.0060569592751562595
1089	pride	../Syntropy_Result_Finals/Models/Model_Journal_Tuned10	../Syntropy_Result_Finals/Models/Model_Journal_Tuned10	excitement	0.6394029855728149	0.6394029855728149	0.03826959803700447	0.20593233406543732	0.06635307520627975	0.020032228901982307	0.005718170199543238	0.010622739791870117	0.0027155957650393248	0.003267842810600996	0.002922894898802042	0.0027107922360301018	0.0020517196971923113
1090	pride	../Syntropy_Result_Finals/Models/Model_Journal_Tuned10	../Syntropy_Result_Finals/Models/Model_Journal_Tuned10	neutral	0.30152958631515503	0.2395819127559662	0.22963900864124298	0.1006917953491211	0.30152958631515503	0.03760085999965668	0.021506326273083687	0.024494072422385216	0.012600056827068329	0.009769430384039879	0.009827150031924248	0.006017169915139675	0.006742565426975489
1091	neutral	../Syntropy_Result_Finals/Models/Model_Journal_Tuned10	../Syntropy_Result_Finals/Models/Model_Journal_Tuned10	neutral	0.2835756540298462	0.26634666323661804	0.12071192264556885	0.24810664355754852	0.2835756540298462	0.019440999254584312	0.015730805695056915	0.012874678708612919	0.008798946626484394	0.008545014075934887	0.006855760235339403	0.004062781110405922	0.004950054455548525
1092	surprise	../Syntropy_Result_Finals/Models/Model_Journal_Tuned10	../Syntropy_Result_Finals/Models/Model_Journal_Tuned10	excitement	0.4071318805217743	0.4071318805217743	0.13369327783584595	0.18464668095111847	0.18461564183235168	0.03573183715343475	0.01057062391191721	0.011798189021646976	0.005675887688994408	0.009652054868638515	0.0070214467123150826	0.005743146408349276	0.0037193179596215487
1093	excitement	../Syntropy_Result_Finals/Models/Model_Journal_Tuned10	../Syntropy_Result_Finals/Models/Model_Journal_Tuned10	neutral	0.5032148361206055	0.1460442841053009	0.04844580963253975	0.18797218799591064	0.5032148361206055	0.0305019561201334	0.015797538682818413	0.015676934272050858	0.0071855285204946995	0.017874490469694138	0.012556447647511959	0.00621804129332304	0.008511984720826149
1094	neutral	../Syntropy_Result_Finals/Models/Model_Journal_Tuned10	../Syntropy_Result_Finals/Models/Model_Journal_Tuned10	pride	0.8509288430213928	0.019756009802222252	0.8509288430213928	0.014565628953278065	0.024055147543549538	0.014056500047445297	0.01852714829146862	0.011846211738884449	0.015273633413016796	0.01087111420929432	0.006320914253592491	0.008065735921263695	0.0057330965064466
1095	surprise	../Syntropy_Result_Finals/Models/Model_Journal_Tuned10	../Syntropy_Result_Finals/Models/Model_Journal_Tuned10	excitement	0.6991977095603943	0.6991977095603943	0.03854627534747124	0.03351245075464249	0.10503049194812775	0.039885442703962326	0.01568901166319847	0.02429920621216297	0.012843762524425983	0.013392649590969086	0.0074010975658893585	0.005938345566391945	0.004263615235686302
1096	neutral	../Syntropy_Result_Finals/Models/Model_Journal_Tuned10	../Syntropy_Result_Finals/Models/Model_Journal_Tuned10	nervousness	0.3700583577156067	0.0256178081035614	0.04577703773975372	0.023881513625383377	0.13992881774902344	0.024326346814632416	0.3700583577156067	0.04836023971438408	0.16221684217453003	0.038312315940856934	0.02433180995285511	0.015712790191173553	0.0814761221408844
1097	joy	../Syntropy_Result_Finals/Models/Model_Journal_Tuned10	../Syntropy_Result_Finals/Models/Model_Journal_Tuned10	pride	0.6760706305503845	0.08273458480834961	0.6760706305503845	0.056376755237579346	0.0930589810013771	0.016550462692975998	0.02005632594227791	0.015520395711064339	0.011235294863581657	0.007999366149306297	0.00866666715592146	0.0064024352468550205	0.005328183062374592
1098	pride	../Syntropy_Result_Finals/Models/Model_Journal_Tuned10	../Syntropy_Result_Finals/Models/Model_Journal_Tuned10	excitement	0.4459746479988098	0.4459746479988098	0.03197849169373512	0.4360370934009552	0.06253526359796524	0.006499805022031069	0.003216829849407077	0.0037198590580374002	0.0020511317998170853	0.001652356470003724	0.0018377918750047684	0.0016068434342741966	0.002889905823394656
1099	pride	../Syntropy_Result_Finals/Models/Model_Journal_Tuned10	../Syntropy_Result_Finals/Models/Model_Journal_Tuned10	neutral	0.4874507188796997	0.08496756851673126	0.08138584345579147	0.1473149061203003	0.4874507188796997	0.01856737956404686	0.05359755456447601	0.028950627893209457	0.022477952763438225	0.018064375966787338	0.015426183119416237	0.009203829802572727	0.03259304165840149
1100	joy	../Syntropy_Result_Finals/Models/Model_Journal_Tuned10	../Syntropy_Result_Finals/Models/Model_Journal_Tuned10	neutral	0.7016314268112183	0.05332041159272194	0.03256542980670929	0.10906621813774109	0.7016314268112183	0.013909866102039814	0.021496979519724846	0.016961222514510155	0.006702582351863384	0.007805455010384321	0.0052206809632480145	0.006808655336499214	0.024510996416211128
1101	pride	../Syntropy_Result_Finals/Models/Model_Journal_Tuned10	../Syntropy_Result_Finals/Models/Model_Journal_Tuned10	excitement	0.39686694741249084	0.39686694741249084	0.1515856683254242	0.30658772587776184	0.10360017418861389	0.011596358381211758	0.006561340764164925	0.00803849846124649	0.00430116755887866	0.0028610751032829285	0.003224640619009733	0.002237814012914896	0.002538637723773718
1102	nervousness	../Syntropy_Result_Finals/Models/Model_Journal_Tuned10	../Syntropy_Result_Finals/Models/Model_Journal_Tuned10	nervousness	0.6925439834594727	0.037151601165533066	0.029427504166960716	0.026947354897856712	0.02286841906607151	0.014581668190658092	0.6925439834594727	0.01644335500895977	0.1306372731924057	0.010817766189575195	0.0038289467338472605	0.009526531212031841	0.00522569939494133
1103	neutral	../Syntropy_Result_Finals/Models/Model_Journal_Tuned10	../Syntropy_Result_Finals/Models/Model_Journal_Tuned10	excitement	0.3316068649291992	0.3316068649291992	0.17136134207248688	0.11685565859079361	0.26917439699172974	0.02592967264354229	0.021655233576893806	0.016074413433670998	0.011183037422597408	0.011427848599851131	0.010787229984998703	0.005301890894770622	0.008642335422337055
1104	neutral	../Syntropy_Result_Finals/Models/Model_Journal_Tuned10	../Syntropy_Result_Finals/Models/Model_Journal_Tuned10	neutral	0.3067514896392822	0.2724754214286804	0.1258171647787094	0.20316609740257263	0.3067514896392822	0.02533739060163498	0.01727573201060295	0.013391372747719288	0.007921268232166767	0.008570297621190548	0.0059776934795081615	0.005556715186685324	0.007759361062198877
1105	neutral	../Syntropy_Result_Finals/Models/Model_Journal_Tuned10	../Syntropy_Result_Finals/Models/Model_Journal_Tuned10	excitement	0.8182854652404785	0.8182854652404785	0.0368819385766983	0.05258236452937126	0.05518874153494835	0.012381735257804394	0.005564898252487183	0.006358481012284756	0.0030657772440463305	0.0023822826333343983	0.002455954672768712	0.0023095544893294573	0.0025427169166505337
1106	pride	../Syntropy_Result_Finals/Models/Model_Journal_Tuned10	../Syntropy_Result_Finals/Models/Model_Journal_Tuned10	pride	0.5648542642593384	0.13143034279346466	0.5648542642593384	0.05134715139865875	0.08881982415914536	0.036346107721328735	0.039649199694395065	0.027173195034265518	0.02282695472240448	0.010928493924438953	0.010944300331175327	0.008193432353436947	0.0074867503717541695
1107	excitement	../Syntropy_Result_Finals/Models/Model_Journal_Tuned10	../Syntropy_Result_Finals/Models/Model_Journal_Tuned10	fear	0.45142167806625366	0.017970610409975052	0.020685147494077682	0.016762930899858475	0.04528903588652611	0.011867345310747623	0.19561301171779633	0.018775658681988716	0.45142167806625366	0.15084917843341827	0.03759441524744034	0.009303697384893894	0.023867277428507805
1108	neutral	../Syntropy_Result_Finals/Models/Model_Journal_Tuned10	../Syntropy_Result_Finals/Models/Model_Journal_Tuned10	excitement	0.5182098150253296	0.5182098150253296	0.027587182819843292	0.34562551975250244	0.07891011238098145	0.008825179189443588	0.004049762152135372	0.00585133908316493	0.002182531636208296	0.0013659653486683965	0.0018598258029669523	0.002078439574688673	0.0034543750807642937
1109	joy	../Syntropy_Result_Finals/Models/Model_Journal_Tuned10	../Syntropy_Result_Finals/Models/Model_Journal_Tuned10	neutral	0.5846861004829407	0.05292220041155815	0.13646043837070465	0.05791950598359108	0.5846861004829407	0.014336986467242241	0.030291326344013214	0.03399268537759781	0.030505884438753128	0.01984553039073944	0.017223352566361427	0.006268585100769997	0.015547401271760464
1110	joy	../Syntropy_Result_Finals/Models/Model_Journal_Tuned10	../Syntropy_Result_Finals/Models/Model_Journal_Tuned10	pride	0.2812933325767517	0.23807650804519653	0.2812933325767517	0.25319260358810425	0.1336784064769745	0.0151299349963665	0.021045230329036713	0.013064779341220856	0.016108041629195213	0.0058905151672661304	0.006823372561484575	0.004090292379260063	0.011606902815401554
1111	excitement	../Syntropy_Result_Finals/Models/Model_Journal_Tuned10	../Syntropy_Result_Finals/Models/Model_Journal_Tuned10	excitement	0.3887696862220764	0.3887696862220764	0.07303593307733536	0.21777187287807465	0.2435147911310196	0.02395574003458023	0.0132332444190979	0.012996716424822807	0.004388077650219202	0.0053506107069551945	0.004359919112175703	0.004326173570007086	0.008297239430248737
1112	surprise	../Syntropy_Result_Finals/Models/Model_Journal_Tuned10	../Syntropy_Result_Finals/Models/Model_Journal_Tuned10	neutral	0.35132327675819397	0.271616667509079	0.07681729644536972	0.03446686640381813	0.35132327675819397	0.06739345192909241	0.03483247384428978	0.1211419627070427	0.016348067671060562	0.007802764419466257	0.00651564309373498	0.005943263415247202	0.0057982513681054115
1113	pride	../Syntropy_Result_Finals/Models/Model_Journal_Tuned10	../Syntropy_Result_Finals/Models/Model_Journal_Tuned10	pride	0.6078619956970215	0.03660653531551361	0.6078619956970215	0.06349097937345505	0.11414459347724915	0.01780100166797638	0.035961687564849854	0.0162644200026989	0.03458080068230629	0.028319356963038445	0.020537782460451126	0.009023904800415039	0.015406901016831398
1114	joy	../Syntropy_Result_Finals/Models/Model_Journal_Tuned10	../Syntropy_Result_Finals/Models/Model_Journal_Tuned10	neutral	0.5516627430915833	0.10641933977603912	0.029176633805036545	0.07087427377700806	0.5516627430915833	0.04874823987483978	0.05027104914188385	0.03260819986462593	0.015215138904750347	0.015705471858382225	0.010586926713585854	0.012960716150701046	0.055771343410015106
1115	neutral	../Syntropy_Result_Finals/Models/Model_Journal_Tuned10	../Syntropy_Result_Finals/Models/Model_Journal_Tuned10	neutral	0.42687270045280457	0.16025730967521667	0.12994268536567688	0.11436568200588226	0.42687270045280457	0.03041664883494377	0.04307743161916733	0.02850736305117607	0.019282452762126923	0.012478775344789028	0.011411941610276699	0.009328831918537617	0.014058209024369717
1116	pride	../Syntropy_Result_Finals/Models/Model_Journal_Tuned10	../Syntropy_Result_Finals/Models/Model_Journal_Tuned10	pride	0.8223080039024353	0.05278324335813522	0.8223080039024353	0.023267870768904686	0.02261507511138916	0.01424211822450161	0.01669522002339363	0.014676783233880997	0.01190222054719925	0.006371738389134407	0.004522045608609915	0.006300118286162615	0.004315637052059174
1117	neutral	../Syntropy_Result_Finals/Models/Model_Journal_Tuned10	../Syntropy_Result_Finals/Models/Model_Journal_Tuned10	joy	0.4623330235481262	0.2201174795627594	0.04127214476466179	0.4623330235481262	0.21296055614948273	0.01162690483033657	0.014689791947603226	0.008392038755118847	0.003958549816161394	0.005194634664803743	0.003541953396052122	0.005820501130074263	0.010092443786561489
1118	disgust	../Syntropy_Result_Finals/Models/Model_Journal_Tuned10	../Syntropy_Result_Finals/Models/Model_Journal_Tuned10	nervousness	0.5395281910896301	0.02416156977415085	0.03213359788060188	0.017314400523900986	0.06658816337585449	0.019763052463531494	0.5395281910896301	0.05459529906511307	0.10704834759235382	0.03099176287651062	0.02157328836619854	0.02170274406671524	0.06459963321685791
1119	joy	../Syntropy_Result_Finals/Models/Model_Journal_Tuned10	../Syntropy_Result_Finals/Models/Model_Journal_Tuned10	excitement	0.5362944602966309	0.5362944602966309	0.10039318352937698	0.19078578054904938	0.10525018721818924	0.02379726432263851	0.009944113902747631	0.010800870135426521	0.008216174319386482	0.0022910218685865402	0.002666319254785776	0.002462464151903987	0.007098097819834948
1120	surprise	../Syntropy_Result_Finals/Models/Model_Journal_Tuned10	../Syntropy_Result_Finals/Models/Model_Journal_Tuned10	surprise	0.74802565574646	0.19415020942687988	0.010471886955201626	0.010937060229480267	0.013197507709264755	0.74802565574646	0.003698872635141015	0.01005109865218401	0.0021171895787119865	0.0023900812957435846	0.00188903184607625	0.001838308060541749	0.0012332027545198798
1121	joy	../Syntropy_Result_Finals/Models/Model_Journal_Tuned10	../Syntropy_Result_Finals/Models/Model_Journal_Tuned10	excitement	0.7386545538902283	0.7386545538902283	0.05373840406537056	0.060311369597911835	0.08166419714689255	0.038218047469854355	0.0034192039165645838	0.01039179041981697	0.003208655398339033	0.003039983566850424	0.0026134129147976637	0.0025339091662317514	0.002206448232755065
1122	neutral	../Syntropy_Result_Finals/Models/Model_Journal_Tuned10	../Syntropy_Result_Finals/Models/Model_Journal_Tuned10	neutral	0.407816082239151	0.03801768273115158	0.2390863299369812	0.08371126651763916	0.407816082239151	0.013043452985584736	0.04581452161073685	0.02433464676141739	0.049756892025470734	0.024689525365829468	0.03404317423701286	0.0067221131175756454	0.03296434506773949
1123	pride	../Syntropy_Result_Finals/Models/Model_Journal_Tuned10	../Syntropy_Result_Finals/Models/Model_Journal_Tuned10	pride	0.6312076449394226	0.07476339489221573	0.6312076449394226	0.031101468950510025	0.0652228444814682	0.061318572610616684	0.03516243025660515	0.033043742179870605	0.024327101185917854	0.014781211502850056	0.009984009899199009	0.011319980956614017	0.007767564617097378
1124	joy	../Syntropy_Result_Finals/Models/Model_Journal_Tuned10	../Syntropy_Result_Finals/Models/Model_Journal_Tuned10	excitement	0.8602525591850281	0.8602525591850281	0.035645753145217896	0.02663588523864746	0.022373754531145096	0.029747338965535164	0.005582388956099749	0.005231825634837151	0.004435040056705475	0.0022484082728624344	0.0020507348235696554	0.002222365001216531	0.003574064467102289
1125	surprise	../Syntropy_Result_Finals/Models/Model_Journal_Tuned10	../Syntropy_Result_Finals/Models/Model_Journal_Tuned10	neutral	0.283002644777298	0.13479775190353394	0.11078885942697525	0.06536190956830978	0.283002644777298	0.059261247515678406	0.1462881714105606	0.046126093715429306	0.058639705181121826	0.020095670595765114	0.009881045669317245	0.021245602518320084	0.044511377811431885
1126	neutral	../Syntropy_Result_Finals/Models/Model_Journal_Tuned10	../Syntropy_Result_Finals/Models/Model_Journal_Tuned10	neutral	0.4474196135997772	0.06568746268749237	0.05593489855527878	0.08633274585008621	0.4474196135997772	0.021851256489753723	0.1333136111497879	0.03407473489642143	0.02385643869638443	0.025627074763178825	0.008933504112064838	0.021632013842463493	0.07533663511276245
1127	joy	../Syntropy_Result_Finals/Models/Model_Journal_Tuned10	../Syntropy_Result_Finals/Models/Model_Journal_Tuned10	fear	0.3469043970108032	0.03443949669599533	0.010032438673079014	0.012275517918169498	0.07565242797136307	0.013368799351155758	0.2206657975912094	0.02175462245941162	0.3469043970108032	0.0865960344672203	0.03495817631483078	0.02094257064163685	0.12240961939096451
1128	excitement	../Syntropy_Result_Finals/Models/Model_Journal_Tuned10	../Syntropy_Result_Finals/Models/Model_Journal_Tuned10	excitement	0.7545121908187866	0.7545121908187866	0.01601230911910534	0.17794477939605713	0.019749600440263748	0.01610935665667057	0.0024026515893638134	0.003818548284471035	0.001605352503247559	0.001995499711483717	0.0018905041506513953	0.002330571645870805	0.0016286654863506556
1129	anger	../Syntropy_Result_Finals/Models/Model_Journal_Tuned10	../Syntropy_Result_Finals/Models/Model_Journal_Tuned10	disgust	0.7241666913032532	0.0034703798592090607	0.009139662608504295	0.003981770947575569	0.039364516735076904	0.0046272194012999535	0.02312527783215046	0.012407657690346241	0.03990187868475914	0.7241666913032532	0.0471341572701931	0.08886337280273438	0.0038175068330019712
1130	joy	../Syntropy_Result_Finals/Models/Model_Journal_Tuned10	../Syntropy_Result_Finals/Models/Model_Journal_Tuned10	joy	0.5631239414215088	0.26419082283973694	0.03532947599887848	0.5631239414215088	0.09537185728549957	0.011153019033372402	0.005506644491106272	0.008737851865589619	0.0023207685444504023	0.003180866129696369	0.002432834589853883	0.004531348589807749	0.004120596218854189
1131	pride	../Syntropy_Result_Finals/Models/Model_Journal_Tuned10	../Syntropy_Result_Finals/Models/Model_Journal_Tuned10	neutral	0.6534003019332886	0.054428547620773315	0.05236254632472992	0.03745662420988083	0.6534003019332886	0.017454367130994797	0.04191332310438156	0.028392575681209564	0.014156469143927097	0.03854874521493912	0.019838249310851097	0.011728499084711075	0.03031976707279682
1132	pride	../Syntropy_Result_Finals/Models/Model_Journal_Tuned10	../Syntropy_Result_Finals/Models/Model_Journal_Tuned10	neutral	0.2815231382846832	0.27358144521713257	0.15532611310482025	0.07652553170919418	0.2815231382846832	0.0637919157743454	0.026226699352264404	0.058588892221450806	0.020112618803977966	0.016600286588072777	0.011490538716316223	0.010821511037647724	0.005411315709352493
1133	neutral	../Syntropy_Result_Finals/Models/Model_Journal_Tuned10	../Syntropy_Result_Finals/Models/Model_Journal_Tuned10	joy	0.39587506651878357	0.21214507520198822	0.2131355106830597	0.39587506651878357	0.11737395823001862	0.00804013479501009	0.01235375739634037	0.007301654201000929	0.010007455013692379	0.005118720233440399	0.00517056230455637	0.003839536104351282	0.009638537652790546
1134	sadness	../Syntropy_Result_Finals/Models/Model_Journal_Tuned10	../Syntropy_Result_Finals/Models/Model_Journal_Tuned10	nervousness	0.6791263222694397	0.024995435029268265	0.010151056572794914	0.014521502889692783	0.01939324289560318	0.011328005231916904	0.6791263222694397	0.02563965879380703	0.08787451684474945	0.01213611476123333	0.005081819370388985	0.029962558299303055	0.07978981733322144
1135	fear	../Syntropy_Result_Finals/Models/Model_Journal_Tuned10	../Syntropy_Result_Finals/Models/Model_Journal_Tuned10	confusion	0.40953904390335083	0.0104556605219841	0.01144160982221365	0.00721046794205904	0.025854766368865967	0.012063820846378803	0.33399590849876404	0.40953904390335083	0.08357612043619156	0.0176349189132452	0.022290688008069992	0.026036439463496208	0.039900608360767365
1136	joy	../Syntropy_Result_Finals/Models/Model_Journal_Tuned10	../Syntropy_Result_Finals/Models/Model_Journal_Tuned10	excitement	0.5774839520454407	0.5774839520454407	0.025438426062464714	0.030589574947953224	0.04373789206147194	0.2796468138694763	0.007752337958663702	0.012047884985804558	0.005809293128550053	0.006740556564182043	0.0037882470060139894	0.004477625712752342	0.0024874359369277954
1137	pride	../Syntropy_Result_Finals/Models/Model_Journal_Tuned10	../Syntropy_Result_Finals/Models/Model_Journal_Tuned10	pride	0.6616101861000061	0.042009808123111725	0.6616101861000061	0.031122341752052307	0.05254637077450752	0.030276920646429062	0.056946758180856705	0.02250008098781109	0.047600436955690384	0.02357904426753521	0.011975557543337345	0.011579511687159538	0.008252923376858234
1138	excitement	../Syntropy_Result_Finals/Models/Model_Journal_Tuned10	../Syntropy_Result_Finals/Models/Model_Journal_Tuned10	excitement	0.7768320441246033	0.7768320441246033	0.030949756503105164	0.06897470355033875	0.05932321771979332	0.03364189714193344	0.005906710401177406	0.007574817631393671	0.004377033561468124	0.0051866499707102776	0.0034645909909158945	0.0025278569664806128	0.0012407449539750814
1139	excitement	../Syntropy_Result_Finals/Models/Model_Journal_Tuned10	../Syntropy_Result_Finals/Models/Model_Journal_Tuned10	joy	0.4172998070716858	0.20664571225643158	0.08282028883695602	0.4172998070716858	0.21369381248950958	0.013605843298137188	0.019729051738977432	0.011079409159719944	0.0064208186231553555	0.005204701330512762	0.0033726654946804047	0.006218150723725557	0.013909852132201195
1140	excitement	../Syntropy_Result_Finals/Models/Model_Journal_Tuned10	../Syntropy_Result_Finals/Models/Model_Journal_Tuned10	excitement	0.5314793586730957	0.5314793586730957	0.05363118276000023	0.17925520241260529	0.14061295986175537	0.03296629711985588	0.011295275762677193	0.015793435275554657	0.00783119723200798	0.01336238719522953	0.005832066293805838	0.005288417916744947	0.0026522933039814234
1141	excitement	../Syntropy_Result_Finals/Models/Model_Journal_Tuned10	../Syntropy_Result_Finals/Models/Model_Journal_Tuned10	pride	0.7100539207458496	0.0982218012213707	0.7100539207458496	0.05962494760751724	0.05427059158682823	0.021859219297766685	0.014204531908035278	0.011837352067232132	0.008819971233606339	0.006692123599350452	0.004087225534021854	0.006143568549305201	0.004184789955615997
1142	pride	../Syntropy_Result_Finals/Models/Model_Journal_Tuned10	../Syntropy_Result_Finals/Models/Model_Journal_Tuned10	pride	0.7965088486671448	0.02977856807410717	0.7965088486671448	0.021675027906894684	0.03656206652522087	0.02043101191520691	0.025840038433670998	0.016656560823321342	0.01800856739282608	0.01300122868269682	0.006826096214354038	0.009930447675287724	0.004781514406204224
1143	confusion	../Syntropy_Result_Finals/Models/Model_Journal_Tuned10	../Syntropy_Result_Finals/Models/Model_Journal_Tuned10	neutral	0.33151981234550476	0.014577309601008892	0.049361877143383026	0.01607281155884266	0.33151981234550476	0.015494241379201412	0.1698472946882248	0.14278145134449005	0.05391247197985649	0.01874205283820629	0.008798090741038322	0.01820071041584015	0.16069179773330688
1144	disgust	../Syntropy_Result_Finals/Models/Model_Journal_Tuned10	../Syntropy_Result_Finals/Models/Model_Journal_Tuned10	disgust	0.7158852219581604	0.003082194132730365	0.0036219239700585604	0.003961023408919573	0.015887292101979256	0.007490545976907015	0.02030811831355095	0.007328260689973831	0.18290908634662628	0.7158852219581604	0.019063308835029602	0.015123839490115643	0.005339254159480333
1145	pride	../Syntropy_Result_Finals/Models/Model_Journal_Tuned10	../Syntropy_Result_Finals/Models/Model_Journal_Tuned10	neutral	0.5076359510421753	0.10277942568063736	0.18448981642723083	0.05934217572212219	0.5076359510421753	0.02608739212155342	0.03081812709569931	0.02927909791469574	0.012805871665477753	0.016580794006586075	0.012563580647110939	0.006201586686074734	0.011416018940508366
