textid	target	model	tokenizer	predicted	prob	neutral	nervousness	fear	sadness	disgust	confusion	embarrassment	pride	joy	surprise	excitement	anger
43	joy	../Syntropy_Result_Finals/Models/Model_Journal_Tuned10	../Syntropy_Result_Finals/Models/Model_Journal_Tuned10	neutral	0.339292049407959	0.339292049407959	0.18470536172389984	0.13262315094470978	0.08903184533119202	0.07939830422401428	0.04108794778585434	0.03204498812556267	0.029927629977464676	0.025422442704439163	0.020307296887040138	0.01419440284371376	0.011964564211666584
1160	pride	../Syntropy_Result_Finals/Models/Model_Journal_Tuned10	../Syntropy_Result_Finals/Models/Model_Journal_Tuned10	joy	0.4051196575164795	0.1500251442193985	0.006951497867703438	0.0032337564043700695	0.004842276219278574	0.0036271517165005207	0.010457615368068218	0.005947445053607225	0.06553918123245239	0.4051196575164795	0.015495135448873043	0.32653549313545227	0.002225784119218588
128	joy	../Syntropy_Result_Finals/Models/Model_Journal_Tuned10	../Syntropy_Result_Finals/Models/Model_Journal_Tuned10	pride	0.3941793143749237	0.3014362156391144	0.038920897990465164	0.04146362841129303	0.023405034095048904	0.02691182866692543	0.032784927636384964	0.008081612177193165	0.3941793143749237	0.04098747670650482	0.015805218368768692	0.03577858582139015	0.04024525731801987
1232	neutral	../Syntropy_Result_Finals/Models/Model_Journal_Tuned10	../Syntropy_Result_Finals/Models/Model_Journal_Tuned10	neutral	0.4873824417591095	0.4873824417591095	0.018846970051527023	0.0067243026569485664	0.01577276922762394	0.011622559279203415	0.022215483710169792	0.012920071370899677	0.07838822156190872	0.14721909165382385	0.03213139995932579	0.15964946150779724	0.007127224933356047
1193	pride	../Syntropy_Result_Finals/Models/Model_Journal_Tuned10	../Syntropy_Result_Finals/Models/Model_Journal_Tuned10	excitement	0.4167514741420746	0.11607478559017181	0.006265017669647932	0.003669019090011716	0.0048339758068323135	0.002603148575872183	0.008224488236010075	0.0038384890649467707	0.11079520732164383	0.3082093894481659	0.015871813520789146	0.4167514741420746	0.0028630660381168127
693	neutral	../Syntropy_Result_Finals/Models/Model_Journal_Tuned10	../Syntropy_Result_Finals/Models/Model_Journal_Tuned10	neutral	0.5349192023277283	0.5349192023277283	0.05823459103703499	0.027641531080007553	0.015171699225902557	0.018965257331728935	0.03669987618923187	0.006369514856487513	0.15889281034469604	0.06265724450349808	0.019783243536949158	0.03873957693576813	0.021925413981080055
1132	neutral	../Syntropy_Result_Finals/Models/Model_Journal_Tuned10	../Syntropy_Result_Finals/Models/Model_Journal_Tuned10	neutral	0.4505257308483124	0.4505257308483124	0.014459999278187752	0.004334174562245607	0.01136159896850586	0.00553528405725956	0.01194001641124487	0.00663693668320775	0.06057913973927498	0.18121562898159027	0.013909507542848587	0.23576964437961578	0.0037322784774005413
859	joy	../Syntropy_Result_Finals/Models/Model_Journal_Tuned10	../Syntropy_Result_Finals/Models/Model_Journal_Tuned10	excitement	0.456291139125824	0.1662476807832718	0.005206235218793154	0.0022282011341303587	0.0035998846869915724	0.002923952881246805	0.008802106603980064	0.0035615654196590185	0.05102096125483513	0.28155067563056946	0.01648142747581005	0.456291139125824	0.0020860747899860144
534	surprise	../Syntropy_Result_Finals/Models/Model_Journal_Tuned10	../Syntropy_Result_Finals/Models/Model_Journal_Tuned10	excitement	0.6996339559555054	0.042182181030511856	0.022228797897696495	0.018899228423833847	0.004179042764008045	0.009152693673968315	0.02724326029419899	0.004740796517580748	0.08986040204763412	0.017344661056995392	0.055570654571056366	0.6996339559555054	0.008964352309703827
778	excitement	../Syntropy_Result_Finals/Models/Model_Journal_Tuned10	../Syntropy_Result_Finals/Models/Model_Journal_Tuned10	excitement	0.5350657105445862	0.056027550250291824	0.01000789925456047	0.003805845510214567	0.0023333204444497824	0.0029612265061587095	0.009180782362818718	0.0036838867235928774	0.19323807954788208	0.15650275349617004	0.024896420538425446	0.5350657105445862	0.0022964500822126865
367	pride	../Syntropy_Result_Finals/Models/Model_Journal_Tuned10	../Syntropy_Result_Finals/Models/Model_Journal_Tuned10	pride	0.7501102089881897	0.0296481903642416	0.020272959023714066	0.011297009885311127	0.0034982170909643173	0.007591179106384516	0.015499886125326157	0.006139921955764294	0.7501102089881897	0.0337173230946064	0.023021932691335678	0.09420813620090485	0.00499506713822484
361	excitement	../Syntropy_Result_Finals/Models/Model_Journal_Tuned10	../Syntropy_Result_Finals/Models/Model_Journal_Tuned10	excitement	0.6380715370178223	0.06269453465938568	0.008134152740240097	0.006372066214680672	0.0022914798464626074	0.005569729954004288	0.016446247696876526	0.005285138264298439	0.13450655341148376	0.0827750638127327	0.03305618464946747	0.6380715370178223	0.004797312896698713
721	excitement	../Syntropy_Result_Finals/Models/Model_Journal_Tuned10	../Syntropy_Result_Finals/Models/Model_Journal_Tuned10	excitement	0.47864842414855957	0.05663431063294411	0.012565664947032928	0.007291977759450674	0.0034552086144685745	0.005827493034303188	0.018478291109204292	0.004810037091374397	0.2810187041759491	0.09171581268310547	0.03568675369024277	0.47864842414855957	0.0038673002272844315
873	pride	../Syntropy_Result_Finals/Models/Model_Journal_Tuned10	../Syntropy_Result_Finals/Models/Model_Journal_Tuned10	pride	0.8170753121376038	0.022735070437192917	0.016655534505844116	0.0117946220561862	0.004114590119570494	0.006437108851969242	0.015386262908577919	0.006354186218231916	0.8170753121376038	0.0225755013525486	0.015331627801060677	0.056989435106515884	0.004550802055746317
636	neutral	../Syntropy_Result_Finals/Models/Model_Journal_Tuned10	../Syntropy_Result_Finals/Models/Model_Journal_Tuned10	neutral	0.35151758790016174	0.35151758790016174	0.03577898070216179	0.009248941205441952	0.011583161540329456	0.0080687515437603	0.024016302078962326	0.006289075594395399	0.11272206157445908	0.12673743069171906	0.045006610453128815	0.2642623484134674	0.004768754355609417
123	excitement	../Syntropy_Result_Finals/Models/Model_Journal_Tuned10	../Syntropy_Result_Finals/Models/Model_Journal_Tuned10	pride	0.5900227427482605	0.047414544969797134	0.01531638577580452	0.0073415483348071575	0.0037696941290050745	0.0064574298448860645	0.01395072415471077	0.006745993625372648	0.5900227427482605	0.0555669441819191	0.02989690750837326	0.2195436805486679	0.003973416052758694
328	confusion	../Syntropy_Result_Finals/Models/Model_Journal_Tuned10	../Syntropy_Result_Finals/Models/Model_Journal_Tuned10	neutral	0.3169660270214081	0.3169660270214081	0.16959893703460693	0.07086116820573807	0.21874363720417023	0.049838870763778687	0.062842458486557	0.03500990569591522	0.025530986487865448	0.01625455915927887	0.012213441543281078	0.009615547955036163	0.01252448558807373
461	surprise	../Syntropy_Result_Finals/Models/Model_Journal_Tuned10	../Syntropy_Result_Finals/Models/Model_Journal_Tuned10	excitement	0.4071318805217743	0.18461564183235168	0.01057062391191721	0.005675887688994408	0.0037193179596215487	0.009652054868638515	0.011798189021646976	0.005743146408349276	0.13369327783584595	0.18464668095111847	0.03573183715343475	0.4071318805217743	0.0070214467123150826
247	joy	../Syntropy_Result_Finals/Models/Model_Journal_Tuned10	../Syntropy_Result_Finals/Models/Model_Journal_Tuned10	neutral	0.3888939321041107	0.3888939321041107	0.04258270934224129	0.05260826274752617	0.010051965713500977	0.009301590733230114	0.07554151862859726	0.006515065673738718	0.14800158143043518	0.06168544664978981	0.04127867892384529	0.1468396782875061	0.01669960841536522
974	pride	../Syntropy_Result_Finals/Models/Model_Journal_Tuned10	../Syntropy_Result_Finals/Models/Model_Journal_Tuned10	neutral	0.49700024724006653	0.49700024724006653	0.00962358433753252	0.008510527200996876	0.005859791301190853	0.012277286499738693	0.01917095296084881	0.006324800197035074	0.08169209957122803	0.1256760209798813	0.03597124293446541	0.1879669725894928	0.00992640946060419
409	excitement	../Syntropy_Result_Finals/Models/Model_Journal_Tuned10	../Syntropy_Result_Finals/Models/Model_Journal_Tuned10	joy	0.3669487237930298	0.10633134096860886	0.005583562888205051	0.003130159806460142	0.0032278713770210743	0.002504018135368824	0.007737023290246725	0.002467123093083501	0.1210649311542511	0.3669487237930298	0.0152175547555089	0.36235296726226807	0.0034346228931099176
51	confusion	../Syntropy_Result_Finals/Models/Model_Journal_Tuned10	../Syntropy_Result_Finals/Models/Model_Journal_Tuned10	embarrassment	0.4890560507774353	0.0851343423128128	0.10738662630319595	0.038367051631212234	0.024868737906217575	0.08195076882839203	0.11013692617416382	0.4890560507774353	0.01496265921741724	0.008710429072380066	0.01049509271979332	0.01050280686467886	0.018428485840559006
155	surprise	../Syntropy_Result_Finals/Models/Model_Journal_Tuned10	../Syntropy_Result_Finals/Models/Model_Journal_Tuned10	excitement	0.7796562314033508	0.04571085795760155	0.005628134123980999	0.003964592702686787	0.002974187722429633	0.0019522591028362513	0.006273480597883463	0.0025878786109387875	0.06446883827447891	0.07271268218755722	0.011881212703883648	0.7796562314033508	0.0021896378602832556
1248	excitement	../Syntropy_Result_Finals/Models/Model_Journal_Tuned10	../Syntropy_Result_Finals/Models/Model_Journal_Tuned10	excitement	0.5017117261886597	0.11824838817119598	0.01123930886387825	0.00708903931081295	0.003423688467592001	0.00621049664914608	0.010899771004915237	0.004068837966769934	0.13878285884857178	0.16081568598747253	0.034087006002664566	0.5017117261886597	0.003423166461288929
231	excitement	../Syntropy_Result_Finals/Models/Model_Journal_Tuned10	../Syntropy_Result_Finals/Models/Model_Journal_Tuned10	neutral	0.5731590390205383	0.5731590390205383	0.10275411605834961	0.044400837272405624	0.06198356673121452	0.04132306948304176	0.05632801353931427	0.018641885370016098	0.03514781966805458	0.01610775850713253	0.011826266534626484	0.01099949050694704	0.027328137308359146
1189	pride	../Syntropy_Result_Finals/Models/Model_Journal_Tuned10	../Syntropy_Result_Finals/Models/Model_Journal_Tuned10	pride	0.8149682879447937	0.026585573330521584	0.023604674264788628	0.017943918704986572	0.005148231517523527	0.01158959325402975	0.017442720010876656	0.009598379023373127	0.8149682879447937	0.01908760331571102	0.017783252522349358	0.029272286221385002	0.0069754417054355145
210	pride	../Syntropy_Result_Finals/Models/Model_Journal_Tuned10	../Syntropy_Result_Finals/Models/Model_Journal_Tuned10	excitement	0.7330463528633118	0.03490777313709259	0.012443242594599724	0.007848326116800308	0.0021035221870988607	0.005487247835844755	0.012698668986558914	0.003166666254401207	0.11334064602851868	0.028495220467448235	0.04115568473935127	0.7330463528633118	0.005306610371917486
63	pride	../Syntropy_Result_Finals/Models/Model_Journal_Tuned10	../Syntropy_Result_Finals/Models/Model_Journal_Tuned10	neutral	0.3409211039543152	0.3409211039543152	0.028044147416949272	0.02181553654372692	0.012770778499543667	0.031136665493249893	0.02664811909198761	0.010504024103283882	0.24574312567710876	0.04509272798895836	0.06061979755759239	0.15878601372241974	0.017917970195412636
1045	neutral	../Syntropy_Result_Finals/Models/Model_Journal_Tuned10	../Syntropy_Result_Finals/Models/Model_Journal_Tuned10	nervousness	0.5193878412246704	0.01283745002001524	0.5193878412246704	0.1251962035894394	0.018206022679805756	0.01630846969783306	0.04766062647104263	0.1649961620569229	0.009921373799443245	0.023134514689445496	0.011442783288657665	0.04180566594004631	0.009102923795580864
715	neutral	../Syntropy_Result_Finals/Models/Model_Journal_Tuned10	../Syntropy_Result_Finals/Models/Model_Journal_Tuned10	neutral	0.44877031445503235	0.44877031445503235	0.02977522276341915	0.008834121748805046	0.009983910247683525	0.010709460824728012	0.026549456641077995	0.008007243275642395	0.12221027165651321	0.11515550315380096	0.0329720675945282	0.1796364039182663	0.00739611592143774
23	joy	../Syntropy_Result_Finals/Models/Model_Journal_Tuned10	../Syntropy_Result_Finals/Models/Model_Journal_Tuned10	neutral	0.38572657108306885	0.38572657108306885	0.1360614150762558	0.04112429916858673	0.10171491652727127	0.013524954207241535	0.05063591152429581	0.019146980717778206	0.06290046870708466	0.06805092096328735	0.03090742789208889	0.08377382159233093	0.006432322319597006
265	excitement	../Syntropy_Result_Finals/Models/Model_Journal_Tuned10	../Syntropy_Result_Finals/Models/Model_Journal_Tuned10	neutral	0.44098299741744995	0.44098299741744995	0.045845892280340195	0.02689058892428875	0.0212994534522295	0.018735691905021667	0.03525156527757645	0.006708817556500435	0.1556551605463028	0.11085259169340134	0.015379793010652065	0.10080666095018387	0.02159073017537594
1265	excitement	../Syntropy_Result_Finals/Models/Model_Journal_Tuned10	../Syntropy_Result_Finals/Models/Model_Journal_Tuned10	joy	0.45280855894088745	0.18464967608451843	0.014082631096243858	0.0043443008325994015	0.009768038056790829	0.004296657629311085	0.008943102322518826	0.005029068328440189	0.07047417014837265	0.45280855894088745	0.013291430659592152	0.2294950783252716	0.0028172635938972235
76	joy	../Syntropy_Result_Finals/Models/Model_Journal_Tuned10	../Syntropy_Result_Finals/Models/Model_Journal_Tuned10	pride	0.27189603447914124	0.22449509799480438	0.022616423666477203	0.015626028180122375	0.019961891695857048	0.006091908551752567	0.022116297855973244	0.007107567973434925	0.27189603447914124	0.15953536331653595	0.02304898574948311	0.22120285034179688	0.006301606073975563
996	joy	../Syntropy_Result_Finals/Models/Model_Journal_Tuned10	../Syntropy_Result_Finals/Models/Model_Journal_Tuned10	neutral	0.5857554078102112	0.5857554078102112	0.01816924847662449	0.018148694187402725	0.010732618160545826	0.007576591335237026	0.03308496251702309	0.006801160052418709	0.16763131320476532	0.04247168451547623	0.02318107895553112	0.07380442321300507	0.012642841786146164
192	neutral	../Syntropy_Result_Finals/Models/Model_Journal_Tuned10	../Syntropy_Result_Finals/Models/Model_Journal_Tuned10	neutral	0.6587552428245544	0.6587552428245544	0.010579090565443039	0.0053017036989331245	0.012980149127542973	0.00651796767488122	0.022360391914844513	0.005741514731198549	0.018767379224300385	0.16927941143512726	0.017120663076639175	0.06736790388822556	0.005228576250374317
209	pride	../Syntropy_Result_Finals/Models/Model_Journal_Tuned10	../Syntropy_Result_Finals/Models/Model_Journal_Tuned10	pride	0.35402730107307434	0.14554600417613983	0.018393024802207947	0.008071483112871647	0.004859492182731628	0.007631097920238972	0.02192816324532032	0.004994083661586046	0.35402730107307434	0.08081135153770447	0.03319764882326126	0.31392043828964233	0.006619903724640608
332	neutral	../Syntropy_Result_Finals/Models/Model_Journal_Tuned10	../Syntropy_Result_Finals/Models/Model_Journal_Tuned10	neutral	0.6123666167259216	0.6123666167259216	0.030741674825549126	0.007497393060475588	0.021453270688652992	0.00918634794652462	0.022195152938365936	0.00872458703815937	0.07545511424541473	0.13442327082157135	0.017052771523594856	0.05718832090497017	0.0037154946476221085
618	joy	../Syntropy_Result_Finals/Models/Model_Journal_Tuned10	../Syntropy_Result_Finals/Models/Model_Journal_Tuned10	excitement	0.7786392569541931	0.05775419995188713	0.0030422210693359375	0.0028802729211747646	0.0017007588176056743	0.0027505678590387106	0.010324687696993351	0.0021601314656436443	0.04528046399354935	0.04690197482705116	0.0461362786591053	0.7786392569541931	0.002429152838885784
1124	excitement	../Syntropy_Result_Finals/Models/Model_Journal_Tuned10	../Syntropy_Result_Finals/Models/Model_Journal_Tuned10	neutral	0.4800924062728882	0.4800924062728882	0.006494433153420687	0.007256936747580767	0.006733902730047703	0.009999222122132778	0.016974039375782013	0.0050211683847010136	0.040413882583379745	0.030541054904460907	0.03542167320847511	0.3537105321884155	0.007340770680457354
101	surprise	../Syntropy_Result_Finals/Models/Model_Journal_Tuned10	../Syntropy_Result_Finals/Models/Model_Journal_Tuned10	neutral	0.5185385346412659	0.5185385346412659	0.06213509291410446	0.0432940237224102	0.07747235149145126	0.0204219538718462	0.029287559911608696	0.011897148564457893	0.09949973225593567	0.05629032850265503	0.024922022596001625	0.04823307320475578	0.008008170872926712
585	excitement	../Syntropy_Result_Finals/Models/Model_Journal_Tuned10	../Syntropy_Result_Finals/Models/Model_Journal_Tuned10	excitement	0.7944316267967224	0.03562970831990242	0.019495027139782906	0.00725538982078433	0.0026352708227932453	0.0064392853528261185	0.012518294155597687	0.002807607874274254	0.06523644179105759	0.021654533222317696	0.02347862347960472	0.7944316267967224	0.008418274112045765
425	pride	../Syntropy_Result_Finals/Models/Model_Journal_Tuned10	../Syntropy_Result_Finals/Models/Model_Journal_Tuned10	excitement	0.4179525375366211	0.10114716738462448	0.013064784929156303	0.00695690605789423	0.003604235127568245	0.006833485793322325	0.02612464316189289	0.004507426172494888	0.3044099509716034	0.06615786254405975	0.040949877351522446	0.4179525375366211	0.008291120640933514
1133	joy	../Syntropy_Result_Finals/Models/Model_Journal_Tuned10	../Syntropy_Result_Finals/Models/Model_Journal_Tuned10	excitement	0.3731728792190552	0.1806681752204895	0.021328428760170937	0.0076959822326898575	0.004946691915392876	0.008627956733107567	0.027614327147603035	0.006175671238452196	0.2567291259765625	0.06109070032835007	0.04692630469799042	0.3731728792190552	0.0050237406976521015
1164	neutral	../Syntropy_Result_Finals/Models/Model_Journal_Tuned10	../Syntropy_Result_Finals/Models/Model_Journal_Tuned10	neutral	0.848955512046814	0.848955512046814	0.009583222679793835	0.008710749447345734	0.004756757989525795	0.012053171172738075	0.0136732691898942	0.003232301212847233	0.03304719179868698	0.01707320846617222	0.009642642922699451	0.02861073799431324	0.010661250911653042
893	joy	../Syntropy_Result_Finals/Models/Model_Journal_Tuned10	../Syntropy_Result_Finals/Models/Model_Journal_Tuned10	neutral	0.6230614185333252	0.6230614185333252	0.016518941149115562	0.006093834526836872	0.019005365669727325	0.006314672529697418	0.013902796432375908	0.005992191378027201	0.06434552371501923	0.13268053531646729	0.015229139477014542	0.09347204118967056	0.0033835466019809246
519	joy	../Syntropy_Result_Finals/Models/Model_Journal_Tuned10	../Syntropy_Result_Finals/Models/Model_Journal_Tuned10	neutral	0.6553564071655273	0.6553564071655273	0.015169471502304077	0.01671859435737133	0.007136253174394369	0.015674857422709465	0.02941841445863247	0.005347312893718481	0.11231724917888641	0.04224012792110443	0.01732083223760128	0.06998279690742493	0.013317625038325787
1070	excitement	../Syntropy_Result_Finals/Models/Model_Journal_Tuned10	../Syntropy_Result_Finals/Models/Model_Journal_Tuned10	neutral	0.31109803915023804	0.31109803915023804	0.02336876280605793	0.015014640986919403	0.015024754218757153	0.023142358288168907	0.02594323270022869	0.008316811174154282	0.059578098356723785	0.16935721039772034	0.0361645333468914	0.2975342571735382	0.015457403846085072
1022	pride	../Syntropy_Result_Finals/Models/Model_Journal_Tuned10	../Syntropy_Result_Finals/Models/Model_Journal_Tuned10	neutral	0.38295668363571167	0.38295668363571167	0.013207832351326942	0.00544765405356884	0.0034160814248025417	0.006970074959099293	0.020085414871573448	0.005723069421947002	0.08630796521902084	0.12431593984365463	0.033724937587976456	0.3129764497280121	0.004867901559919119
168	joy	../Syntropy_Result_Finals/Models/Model_Journal_Tuned10	../Syntropy_Result_Finals/Models/Model_Journal_Tuned10	fear	0.30970093607902527	0.08066972345113754	0.21510882675647736	0.30970093607902527	0.15444837510585785	0.11067808419466019	0.02344173565506935	0.020020995289087296	0.008405876345932484	0.008226669393479824	0.010207487270236015	0.017223745584487915	0.04186758026480675
435	disgust	../Syntropy_Result_Finals/Models/Model_Journal_Tuned10	../Syntropy_Result_Finals/Models/Model_Journal_Tuned10	nervousness	0.3443761169910431	0.024335483089089394	0.3443761169910431	0.25901326537132263	0.03192964196205139	0.16837772727012634	0.034760139882564545	0.07189779728651047	0.008704658597707748	0.010748864151537418	0.013143391348421574	0.016505170613527298	0.016207648441195488
1149	joy	../Syntropy_Result_Finals/Models/Model_Journal_Tuned10	../Syntropy_Result_Finals/Models/Model_Journal_Tuned10	joy	0.46623140573501587	0.06861306726932526	0.004481493961066008	0.0024032429791986942	0.005019466392695904	0.0017876254860311747	0.00850087869912386	0.0032793129794299603	0.02492385171353817	0.46623140573501587	0.010250595398247242	0.40274372696876526	0.0017653555842116475
282	pride	../Syntropy_Result_Finals/Models/Model_Journal_Tuned10	../Syntropy_Result_Finals/Models/Model_Journal_Tuned10	pride	0.6059954166412354	0.08620935678482056	0.014795582741498947	0.006499135866761208	0.004243661183863878	0.008425703272223473	0.01382770948112011	0.004906137473881245	0.6059954166412354	0.06917118281126022	0.017950013279914856	0.15936686098575592	0.008609241805970669
941	neutral	../Syntropy_Result_Finals/Models/Model_Journal_Tuned10	../Syntropy_Result_Finals/Models/Model_Journal_Tuned10	neutral	0.662316083908081	0.662316083908081	0.02709157019853592	0.008434398099780083	0.012600639835000038	0.009056593291461468	0.024816114455461502	0.00802653655409813	0.07975023984909058	0.06342658400535583	0.019877498969435692	0.07903210073709488	0.00557161308825016
1233	excitement	../Syntropy_Result_Finals/Models/Model_Journal_Tuned10	../Syntropy_Result_Finals/Models/Model_Journal_Tuned10	pride	0.8057100176811218	0.02993624471127987	0.021755171939730644	0.013094735331833363	0.004408765584230423	0.010045401751995087	0.015387372113764286	0.008685863576829433	0.8057100176811218	0.022583667188882828	0.02182694710791111	0.0414365716278553	0.00512926559895277
643	joy	../Syntropy_Result_Finals/Models/Model_Journal_Tuned10	../Syntropy_Result_Finals/Models/Model_Journal_Tuned10	joy	0.371602326631546	0.11202005296945572	0.020161878317594528	0.012041045352816582	0.0063901315443217754	0.003811300965026021	0.011306209489703178	0.0033715753816068172	0.2262507528066635	0.371602326631546	0.014270370826125145	0.21460965275764465	0.00416476558893919
885	neutral	../Syntropy_Result_Finals/Models/Model_Journal_Tuned10	../Syntropy_Result_Finals/Models/Model_Journal_Tuned10	neutral	0.3781352639198303	0.3781352639198303	0.0552884005010128	0.03390375152230263	0.014534290879964828	0.030861783772706985	0.05125952512025833	0.010082069784402847	0.16445671021938324	0.04655174911022186	0.04208182170987129	0.15447388589382172	0.018370777368545532
1234	fear	../Syntropy_Result_Finals/Models/Model_Journal_Tuned10	../Syntropy_Result_Finals/Models/Model_Journal_Tuned10	neutral	0.43042147159576416	0.43042147159576416	0.03411596640944481	0.023039069026708603	0.02963399328291416	0.014305048622190952	0.043838564306497574	0.010881108231842518	0.040261708199977875	0.030897017568349838	0.05390411615371704	0.2816329598426819	0.007068905048072338
413	neutral	../Syntropy_Result_Finals/Models/Model_Journal_Tuned10	../Syntropy_Result_Finals/Models/Model_Journal_Tuned10	excitement	0.6274937987327576	0.08140813559293747	0.00929458998143673	0.009030990302562714	0.004085469990968704	0.0045782653614878654	0.009223872795701027	0.0031427317298948765	0.13655851781368256	0.0674344077706337	0.043473053723573685	0.6274937987327576	0.0042760963551700115
196	neutral	../Syntropy_Result_Finals/Models/Model_Journal_Tuned10	../Syntropy_Result_Finals/Models/Model_Journal_Tuned10	neutral	0.3377685546875	0.3377685546875	0.01975850947201252	0.005963905248790979	0.017717182636260986	0.011233512312173843	0.025459278374910355	0.01545229647308588	0.04674932733178139	0.28672656416893005	0.03055957518517971	0.19809044897556305	0.004520879127085209
438	excitement	../Syntropy_Result_Finals/Models/Model_Journal_Tuned10	../Syntropy_Result_Finals/Models/Model_Journal_Tuned10	pride	0.6658696532249451	0.04665502905845642	0.023231368511915207	0.012330688536167145	0.003717669053003192	0.006942113395780325	0.017787909135222435	0.006914279889315367	0.6658696532249451	0.03737076744437218	0.030133619904518127	0.14351296424865723	0.0055338297970592976
660	neutral	../Syntropy_Result_Finals/Models/Model_Journal_Tuned10	../Syntropy_Result_Finals/Models/Model_Journal_Tuned10	joy	0.29634755849838257	0.2946667969226837	0.016403406858444214	0.005487140733748674	0.00982571579515934	0.004375271964818239	0.011216703802347183	0.00423115398734808	0.05082723870873451	0.29634755849838257	0.012405692599713802	0.2906675934791565	0.003545645857229829
1260	neutral	../Syntropy_Result_Finals/Models/Model_Journal_Tuned10	../Syntropy_Result_Finals/Models/Model_Journal_Tuned10	neutral	0.5054041743278503	0.5054041743278503	0.10131964087486267	0.030823763459920883	0.14023618400096893	0.03941729664802551	0.08632516860961914	0.016660897061228752	0.019688237458467484	0.011500520631670952	0.014581529423594475	0.01131907943636179	0.022723505273461342
695	nervousness	../Syntropy_Result_Finals/Models/Model_Journal_Tuned10	../Syntropy_Result_Finals/Models/Model_Journal_Tuned10	excitement	0.5491077899932861	0.06174888461828232	0.009617790579795837	0.008996846154332161	0.0023651616647839546	0.005377577617764473	0.033155880868434906	0.0044746315106749535	0.026562271639704704	0.03804100304841995	0.25585758686065674	0.5491077899932861	0.004694574978202581
892	joy	../Syntropy_Result_Finals/Models/Model_Journal_Tuned10	../Syntropy_Result_Finals/Models/Model_Journal_Tuned10	neutral	0.6036757230758667	0.6036757230758667	0.013341422192752361	0.011777699925005436	0.0076866960152983665	0.014206198044121265	0.039554376155138016	0.009595313109457493	0.04162408038973808	0.04431796446442604	0.042413439601659775	0.1574145257472992	0.0143926115706563
220	joy	../Syntropy_Result_Finals/Models/Model_Journal_Tuned10	../Syntropy_Result_Finals/Models/Model_Journal_Tuned10	neutral	0.4111531972885132	0.4111531972885132	0.029119960963726044	0.01454512681812048	0.02092871069908142	0.026778051629662514	0.03357772156596184	0.017692986875772476	0.08696248382329941	0.2386506050825119	0.0224407110363245	0.08620636910200119	0.01194414496421814
889	pride	../Syntropy_Result_Finals/Models/Model_Journal_Tuned10	../Syntropy_Result_Finals/Models/Model_Journal_Tuned10	excitement	0.5315515995025635	0.1427271068096161	0.01968463324010372	0.012085157446563244	0.006117250770330429	0.00926556158810854	0.029691511765122414	0.009042198769748211	0.08039143681526184	0.07515012472867966	0.07915820926427841	0.5315515995025635	0.005135270766913891
528	neutral	../Syntropy_Result_Finals/Models/Model_Journal_Tuned10	../Syntropy_Result_Finals/Models/Model_Journal_Tuned10	excitement	0.6026169061660767	0.0763770341873169	0.011825521476566792	0.006803676951676607	0.0028113697189837694	0.005254341755062342	0.019726833328604698	0.0039034439250826836	0.1335388422012329	0.10852578282356262	0.023295335471630096	0.6026169061660767	0.005320939235389233
478	excitement	../Syntropy_Result_Finals/Models/Model_Journal_Tuned10	../Syntropy_Result_Finals/Models/Model_Journal_Tuned10	excitement	0.40781170129776	0.2384006679058075	0.012865553610026836	0.004305603913962841	0.00807073712348938	0.005570747423917055	0.01324620470404625	0.004355817101895809	0.07401715219020844	0.19974753260612488	0.027184147387742996	0.40781170129776	0.00442417711019516
620	excitement	../Syntropy_Result_Finals/Models/Model_Journal_Tuned10	../Syntropy_Result_Finals/Models/Model_Journal_Tuned10	excitement	0.8779248595237732	0.029430128633975983	0.0038051686715334654	0.002686642110347748	0.0011689321836456656	0.002128100721165538	0.005845151375979185	0.0013802755856886506	0.016724128276109695	0.0412769578397274	0.015661101788282394	0.8779248595237732	0.0019685523584485054
270	neutral	../Syntropy_Result_Finals/Models/Model_Journal_Tuned10	../Syntropy_Result_Finals/Models/Model_Journal_Tuned10	neutral	0.5722940564155579	0.5722940564155579	0.0879821702837944	0.04789900779724121	0.016930289566516876	0.02624119631946087	0.05174604803323746	0.0096763726323843	0.06043853983283043	0.030070865526795387	0.020848821848630905	0.04556804150342941	0.030304638668894768
261	neutral	../Syntropy_Result_Finals/Models/Model_Journal_Tuned10	../Syntropy_Result_Finals/Models/Model_Journal_Tuned10	joy	0.3222895562648773	0.19417113065719604	0.013705357909202576	0.005926154088228941	0.009508935734629631	0.0037416729610413313	0.008391221985220909	0.004083569161593914	0.12222035974264145	0.3222895562648773	0.009455600753426552	0.3033721446990967	0.0031344019807875156
81	pride	../Syntropy_Result_Finals/Models/Model_Journal_Tuned10	../Syntropy_Result_Finals/Models/Model_Journal_Tuned10	joy	0.5595437288284302	0.07707570493221283	0.004248368553817272	0.002437292132526636	0.0027301283553242683	0.0021818135865032673	0.004850704222917557	0.0018221123609691858	0.0539095401763916	0.5595437288284302	0.0075253769755363464	0.2816044092178345	0.0020708113443106413
1135	embarrassment	../Syntropy_Result_Finals/Models/Model_Journal_Tuned10	../Syntropy_Result_Finals/Models/Model_Journal_Tuned10	disgust	0.20551961660385132	0.1512528955936432	0.20129181444644928	0.11635321378707886	0.16199496388435364	0.20551961660385132	0.04765217378735542	0.04910285398364067	0.011014323681592941	0.010668898932635784	0.010335780680179596	0.009699716232717037	0.025113746523857117
78	pride	../Syntropy_Result_Finals/Models/Model_Journal_Tuned10	../Syntropy_Result_Finals/Models/Model_Journal_Tuned10	pride	0.7356393337249756	0.06164135783910751	0.02337152138352394	0.017408346757292747	0.006223051343113184	0.014785265550017357	0.02425258606672287	0.008630623109638691	0.7356393337249756	0.027261920273303986	0.02556697465479374	0.04527417942881584	0.009944777935743332
599	joy	../Syntropy_Result_Finals/Models/Model_Journal_Tuned10	../Syntropy_Result_Finals/Models/Model_Journal_Tuned10	neutral	0.24983437359333038	0.24983437359333038	0.1505446583032608	0.0701209232211113	0.032861802726984024	0.07960496842861176	0.08743089437484741	0.01799723505973816	0.10154809057712555	0.039285458624362946	0.02798481658101082	0.05272556468844414	0.09006135165691376
551	excitement	../Syntropy_Result_Finals/Models/Model_Journal_Tuned10	../Syntropy_Result_Finals/Models/Model_Journal_Tuned10	neutral	0.3917314112186432	0.3917314112186432	0.11461883038282394	0.10850857198238373	0.04473161697387695	0.028777161613106728	0.04025787115097046	0.015100399032235146	0.07268278300762177	0.06536491215229034	0.02228078618645668	0.08075922727584839	0.015186340548098087
58	surprise	../Syntropy_Result_Finals/Models/Model_Journal_Tuned10	../Syntropy_Result_Finals/Models/Model_Journal_Tuned10	neutral	0.3569071292877197	0.3569071292877197	0.010666330344974995	0.0034378489945083857	0.006931687239557505	0.006773423869162798	0.021916046738624573	0.007083369418978691	0.06413722783327103	0.30490559339523315	0.019548598676919937	0.19210609793663025	0.005586657673120499
1108	nervousness	../Syntropy_Result_Finals/Models/Model_Journal_Tuned10	../Syntropy_Result_Finals/Models/Model_Journal_Tuned10	anger	0.47489577531814575	0.06947249919176102	0.06304862350225449	0.04857076331973076	0.025554420426487923	0.20574098825454712	0.028650326654314995	0.013336282223463058	0.040065865963697433	0.009299559518694878	0.009837751276791096	0.011527235619723797	0.47489577531814575
464	pride	../Syntropy_Result_Finals/Models/Model_Journal_Tuned10	../Syntropy_Result_Finals/Models/Model_Journal_Tuned10	joy	0.49047261476516724	0.18521635234355927	0.008375748060643673	0.002789190737530589	0.009011061862111092	0.0037039045710116625	0.008020189590752125	0.0043960027396678925	0.04322193190455437	0.49047261476516724	0.00982019491493702	0.23194721341133118	0.0030255638994276524
700	nervousness	../Syntropy_Result_Finals/Models/Model_Journal_Tuned10	../Syntropy_Result_Finals/Models/Model_Journal_Tuned10	pride	0.5317619442939758	0.10967736691236496	0.08135588467121124	0.04285363480448723	0.006933511700481176	0.022772561758756638	0.03084542229771614	0.01229889690876007	0.5317619442939758	0.03487136960029602	0.0420573391020298	0.07248122245073318	0.012090875767171383
1247	disgust	../Syntropy_Result_Finals/Models/Model_Journal_Tuned10	../Syntropy_Result_Finals/Models/Model_Journal_Tuned10	sadness	0.307928204536438	0.043637365102767944	0.10709261894226074	0.0911819338798523	0.307928204536438	0.028357354924082756	0.13585355877876282	0.017057763412594795	0.00752851041033864	0.009423893876373768	0.006873561069369316	0.006718049757182598	0.23834720253944397
423	pride	../Syntropy_Result_Finals/Models/Model_Journal_Tuned10	../Syntropy_Result_Finals/Models/Model_Journal_Tuned10	excitement	0.3866162598133087	0.12080588936805725	0.005580885335803032	0.003533425973728299	0.0025578984059393406	0.002726220525801182	0.007990624755620956	0.0022047264501452446	0.14408375322818756	0.30915161967277527	0.01163820456713438	0.3866162598133087	0.0031104383524507284
49	joy	../Syntropy_Result_Finals/Models/Model_Journal_Tuned10	../Syntropy_Result_Finals/Models/Model_Journal_Tuned10	excitement	0.3713388442993164	0.2932010293006897	0.017657790333032608	0.005002819001674652	0.008850079961121082	0.0047650765627622604	0.028357889503240585	0.005755167454481125	0.06191639229655266	0.16694043576717377	0.0317438542842865	0.3713388442993164	0.0044706580229103565
289	surprise	../Syntropy_Result_Finals/Models/Model_Journal_Tuned10	../Syntropy_Result_Finals/Models/Model_Journal_Tuned10	neutral	0.26376745104789734	0.26376745104789734	0.24300910532474518	0.07303618639707565	0.09579449146986008	0.05867612361907959	0.12635570764541626	0.0620335228741169	0.017632516101002693	0.014894429594278336	0.024616990238428116	0.010185014456510544	0.009998492896556854
1161	excitement	../Syntropy_Result_Finals/Models/Model_Journal_Tuned10	../Syntropy_Result_Finals/Models/Model_Journal_Tuned10	neutral	0.4452897012233734	0.4452897012233734	0.05858321860432625	0.02824241854250431	0.01943470537662506	0.021879959851503372	0.036512624472379684	0.009093635715544224	0.15108411014080048	0.07388009130954742	0.019568361341953278	0.09131617099046707	0.045114945620298386
809	excitement	../Syntropy_Result_Finals/Models/Model_Journal_Tuned10	../Syntropy_Result_Finals/Models/Model_Journal_Tuned10	excitement	0.8077901005744934	0.048770394176244736	0.015935970470309258	0.009775805287063122	0.0025842594914138317	0.006840582937002182	0.011800865642726421	0.0030200881883502007	0.03785896673798561	0.018260665237903595	0.03051001951098442	0.8077901005744934	0.0068522049114108086
462	joy	../Syntropy_Result_Finals/Models/Model_Journal_Tuned10	../Syntropy_Result_Finals/Models/Model_Journal_Tuned10	excitement	0.5717808604240417	0.11524179577827454	0.007519925013184547	0.004455717746168375	0.00354524003341794	0.0037824888713657856	0.006879977881908417	0.003912604879587889	0.040198031812906265	0.22158503532409668	0.018850043416023254	0.5717808604240417	0.0022480953484773636
439	excitement	../Syntropy_Result_Finals/Models/Model_Journal_Tuned10	../Syntropy_Result_Finals/Models/Model_Journal_Tuned10	excitement	0.44027790427207947	0.21353904902935028	0.010184121318161488	0.004383735824376345	0.010993712581694126	0.005250850226730108	0.01960466429591179	0.00831651035696268	0.05207778140902519	0.20289823412895203	0.028222061693668365	0.44027790427207947	0.004251361824572086
355	neutral	../Syntropy_Result_Finals/Models/Model_Journal_Tuned10	../Syntropy_Result_Finals/Models/Model_Journal_Tuned10	neutral	0.5982823371887207	0.5982823371887207	0.050208333879709244	0.02391938492655754	0.028193775564432144	0.025197722017765045	0.02724984660744667	0.007281383499503136	0.07131008803844452	0.08325853943824768	0.017104865983128548	0.05331163853406906	0.014682130888104439
428	joy	../Syntropy_Result_Finals/Models/Model_Journal_Tuned10	../Syntropy_Result_Finals/Models/Model_Journal_Tuned10	joy	0.5618823766708374	0.08231549710035324	0.004886989016085863	0.002058524638414383	0.0033406030852347612	0.0016172691248357296	0.005540375132113695	0.002368973335251212	0.04542834311723709	0.5618823766708374	0.008027302101254463	0.2808641791343689	0.0016695833764970303
422	pride	../Syntropy_Result_Finals/Models/Model_Journal_Tuned10	../Syntropy_Result_Finals/Models/Model_Journal_Tuned10	joy	0.3183879852294922	0.1906140148639679	0.019970009103417397	0.008331560529768467	0.09008677303791046	0.003664958756417036	0.011579113081097603	0.005493067670613527	0.05631474405527115	0.3183879852294922	0.012394316494464874	0.27882757782936096	0.004335850942879915
374	excitement	../Syntropy_Result_Finals/Models/Model_Journal_Tuned10	../Syntropy_Result_Finals/Models/Model_Journal_Tuned10	excitement	0.3835987150669098	0.11037629842758179	0.010735863819718361	0.00810595415532589	0.008845797739923	0.0029594958759844303	0.008924081921577454	0.0028719883412122726	0.1810450255870819	0.2676786184310913	0.010928467847406864	0.3835987150669098	0.003929709549993277
1084	nervousness	../Syntropy_Result_Finals/Models/Model_Journal_Tuned10	../Syntropy_Result_Finals/Models/Model_Journal_Tuned10	nervousness	0.35844358801841736	0.16282469034194946	0.35844358801841736	0.10118554532527924	0.12254882603883743	0.06672998517751694	0.07463393360376358	0.020107781514525414	0.0229612085968256	0.01232164166867733	0.009944422170519829	0.006896643899381161	0.04140179231762886
667	excitement	../Syntropy_Result_Finals/Models/Model_Journal_Tuned10	../Syntropy_Result_Finals/Models/Model_Journal_Tuned10	excitement	0.893442690372467	0.021050168201327324	0.0062657552771270275	0.004523486364632845	0.0011028990847989917	0.003125580959022045	0.008151399902999401	0.0016487957909703255	0.02114560827612877	0.015167728066444397	0.02195124700665474	0.893442690372467	0.0024246168322861195
666	disgust	../Syntropy_Result_Finals/Models/Model_Journal_Tuned10	../Syntropy_Result_Finals/Models/Model_Journal_Tuned10	disgust	0.45296770334243774	0.08491700142621994	0.12424809485673904	0.07042182236909866	0.04050883278250694	0.45296770334243774	0.017887603491544724	0.03724813461303711	0.03075077384710312	0.008612925186753273	0.009213143028318882	0.007788739167153835	0.11543528735637665
1037	excitement	../Syntropy_Result_Finals/Models/Model_Journal_Tuned10	../Syntropy_Result_Finals/Models/Model_Journal_Tuned10	excitement	0.630837619304657	0.039018649607896805	0.02098972350358963	0.011103203520178795	0.0031787585467100143	0.007132766302675009	0.022748690098524094	0.004133888520300388	0.1807454377412796	0.02726082317531109	0.04713570699095726	0.630837619304657	0.005714752245694399
1183	excitement	../Syntropy_Result_Finals/Models/Model_Journal_Tuned10	../Syntropy_Result_Finals/Models/Model_Journal_Tuned10	pride	0.38185110688209534	0.25195029377937317	0.023780889809131622	0.017693080008029938	0.008950410410761833	0.015253261663019657	0.02528681606054306	0.005755606573075056	0.38185110688209534	0.07299112528562546	0.0316321924328804	0.15050627291202545	0.014348948374390602
714	neutral	../Syntropy_Result_Finals/Models/Model_Journal_Tuned10	../Syntropy_Result_Finals/Models/Model_Journal_Tuned10	excitement	0.864649772644043	0.02182665467262268	0.006739804055541754	0.0033352377358824015	0.0018036788096651435	0.002491810591891408	0.022618930786848068	0.002732863649725914	0.015154166147112846	0.02826073206961155	0.028481092303991318	0.864649772644043	0.0019052207935601473
208	joy	../Syntropy_Result_Finals/Models/Model_Journal_Tuned10	../Syntropy_Result_Finals/Models/Model_Journal_Tuned10	neutral	0.3847644329071045	0.3847644329071045	0.01765282452106476	0.006087947636842728	0.012085924856364727	0.007288807071745396	0.01766505092382431	0.006534199230372906	0.03654367849230766	0.3823733925819397	0.016469696536660194	0.10627228766679764	0.006261725910007954
240	excitement	../Syntropy_Result_Finals/Models/Model_Journal_Tuned10	../Syntropy_Result_Finals/Models/Model_Journal_Tuned10	excitement	0.7639737129211426	0.036476168781518936	0.004428226966410875	0.0021269440185278654	0.001631621504202485	0.0020421429071575403	0.006694581359624863	0.0026140399277210236	0.031105445697903633	0.13532979786396027	0.011937483213841915	0.7639737129211426	0.0016398619627580047
999	neutral	../Syntropy_Result_Finals/Models/Model_Journal_Tuned10	../Syntropy_Result_Finals/Models/Model_Journal_Tuned10	excitement	0.45254647731781006	0.10189897567033768	0.010133045725524426	0.00435525830835104	0.00519079202786088	0.003416671184822917	0.008871547877788544	0.003535280004143715	0.04664688557386398	0.34875237941741943	0.011720040813088417	0.45254647731781006	0.002932717790827155
243	neutral	../Syntropy_Result_Finals/Models/Model_Journal_Tuned10	../Syntropy_Result_Finals/Models/Model_Journal_Tuned10	excitement	0.32769861817359924	0.1313178688287735	0.02605699934065342	0.017430463805794716	0.008378715254366398	0.007283303886651993	0.018438294529914856	0.00565149262547493	0.2702682316303253	0.14890843629837036	0.03131470829248428	0.32769861817359924	0.007252861745655537
602	pride	../Syntropy_Result_Finals/Models/Model_Journal_Tuned10	../Syntropy_Result_Finals/Models/Model_Journal_Tuned10	pride	0.7623977661132812	0.042496196925640106	0.012894012965261936	0.006387901026755571	0.004574529826641083	0.0046091265976428986	0.013424514792859554	0.005283820442855358	0.7623977661132812	0.04456527903676033	0.014447779394686222	0.08557476848363876	0.0033443456050008535
983	pride	../Syntropy_Result_Finals/Models/Model_Journal_Tuned10	../Syntropy_Result_Finals/Models/Model_Journal_Tuned10	pride	0.4016425311565399	0.13015879690647125	0.017991401255130768	0.01095658726990223	0.005166232585906982	0.011709421873092651	0.021458443254232407	0.005951257888227701	0.4016425311565399	0.052059270441532135	0.04816925525665283	0.285010427236557	0.009726318530738354
1061	neutral	../Syntropy_Result_Finals/Models/Model_Journal_Tuned10	../Syntropy_Result_Finals/Models/Model_Journal_Tuned10	pride	0.4076498746871948	0.251056432723999	0.03013324737548828	0.028576964512467384	0.028469763696193695	0.010419189929962158	0.01726504974067211	0.005869189742952585	0.4076498746871948	0.09112709015607834	0.013865404762327671	0.09832538664340973	0.01724245771765709
984	excitement	../Syntropy_Result_Finals/Models/Model_Journal_Tuned10	../Syntropy_Result_Finals/Models/Model_Journal_Tuned10	excitement	0.8261011838912964	0.023217348381876945	0.01129566878080368	0.007585324812680483	0.0025870765093714	0.004262672271579504	0.009761621244251728	0.0025839623995125294	0.0602186918258667	0.018167326226830482	0.029587961733341217	0.8261011838912964	0.004631135147064924
765	joy	../Syntropy_Result_Finals/Models/Model_Journal_Tuned10	../Syntropy_Result_Finals/Models/Model_Journal_Tuned10	excitement	0.5989198684692383	0.07290968298912048	0.005135079845786095	0.002685755491256714	0.0022527105174958706	0.00228284765034914	0.00631015095859766	0.0018636590102687478	0.08858323842287064	0.20042626559734344	0.015236571431159973	0.5989198684692383	0.0033942004665732384
174	pride	../Syntropy_Result_Finals/Models/Model_Journal_Tuned10	../Syntropy_Result_Finals/Models/Model_Journal_Tuned10	neutral	0.5624600648880005	0.5624600648880005	0.025479013100266457	0.0109116705134511	0.005238416139036417	0.014525595121085644	0.037337373942136765	0.007827702909708023	0.10481641441583633	0.03600534796714783	0.027599884197115898	0.15800483524799347	0.009793697856366634
814	excitement	../Syntropy_Result_Finals/Models/Model_Journal_Tuned10	../Syntropy_Result_Finals/Models/Model_Journal_Tuned10	excitement	0.7894556522369385	0.019267186522483826	0.003347991267219186	0.00171349395532161	0.0012822399148717523	0.0011519514955580235	0.0036766058765351772	0.0014814247842878103	0.02874714694917202	0.14057821035385132	0.007931594736874104	0.7894556522369385	0.001366536715067923
994	pride	../Syntropy_Result_Finals/Models/Model_Journal_Tuned10	../Syntropy_Result_Finals/Models/Model_Journal_Tuned10	excitement	0.3487582206726074	0.1644921749830246	0.024547841399908066	0.018632663413882256	0.006251362152397633	0.017997365444898605	0.042758967727422714	0.00783171970397234	0.23661679029464722	0.06708872318267822	0.05331336706876755	0.3487582206726074	0.011710801161825657
967	neutral	../Syntropy_Result_Finals/Models/Model_Journal_Tuned10	../Syntropy_Result_Finals/Models/Model_Journal_Tuned10	excitement	0.5148453712463379	0.1337047517299652	0.00872750859707594	0.003749772673472762	0.005414420273154974	0.003953858278691769	0.008944335393607616	0.004365140572190285	0.047866642475128174	0.2507309913635254	0.01432767789810896	0.5148453712463379	0.003369600046426058
44	joy	../Syntropy_Result_Finals/Models/Model_Journal_Tuned10	../Syntropy_Result_Finals/Models/Model_Journal_Tuned10	joy	0.3364347815513611	0.2880575954914093	0.013464159332215786	0.008931651711463928	0.013267318718135357	0.0075898440554738045	0.011221524327993393	0.005790221970528364	0.2036120742559433	0.3364347815513611	0.009706133045256138	0.09605970233678818	0.005864931736141443
1211	joy	../Syntropy_Result_Finals/Models/Model_Journal_Tuned10	../Syntropy_Result_Finals/Models/Model_Journal_Tuned10	joy	0.43899136781692505	0.11711759120225906	0.005695415660738945	0.0026658284477889538	0.0034416657872498035	0.003066150238737464	0.005958771798759699	0.0034057695884257555	0.05810974910855293	0.43899136781692505	0.00892268680036068	0.350503534078598	0.0021214643493294716
477	excitement	../Syntropy_Result_Finals/Models/Model_Journal_Tuned10	../Syntropy_Result_Finals/Models/Model_Journal_Tuned10	excitement	0.3158203959465027	0.2801765203475952	0.016197504475712776	0.007997947745025158	0.005162328947335482	0.009229007177054882	0.017344975844025612	0.004277105908840895	0.1163494735956192	0.19981704652309418	0.020706573501229286	0.3158203959465027	0.006921134889125824
29	joy	../Syntropy_Result_Finals/Models/Model_Journal_Tuned10	../Syntropy_Result_Finals/Models/Model_Journal_Tuned10	excitement	0.46300655603408813	0.1121211051940918	0.010198135860264301	0.006192733068019152	0.0033881189301609993	0.010238372720777988	0.01587734743952751	0.007842262275516987	0.10858312994241714	0.2097654640674591	0.047722697257995605	0.46300655603408813	0.005064020864665508
31	pride	../Syntropy_Result_Finals/Models/Model_Journal_Tuned10	../Syntropy_Result_Finals/Models/Model_Journal_Tuned10	joy	0.3644048273563385	0.20091089606285095	0.009691745042800903	0.0029160485137254	0.007172859739512205	0.0031421834137290716	0.007385807111859322	0.004017888568341732	0.03981355205178261	0.3644048273563385	0.013066486455500126	0.3448881208896637	0.002589596901088953
1157	joy	../Syntropy_Result_Finals/Models/Model_Journal_Tuned10	../Syntropy_Result_Finals/Models/Model_Journal_Tuned10	joy	0.5478872656822205	0.06379720568656921	0.005688220728188753	0.00249841483309865	0.0038919635117053986	0.002765021054074168	0.007104847114533186	0.0027198102325201035	0.037650980055332184	0.5478872656822205	0.012052797712385654	0.31180524826049805	0.002138077514246106
382	neutral	../Syntropy_Result_Finals/Models/Model_Journal_Tuned10	../Syntropy_Result_Finals/Models/Model_Journal_Tuned10	excitement	0.5424996018409729	0.08096827566623688	0.006290509831160307	0.0026623934973031282	0.004352439194917679	0.002140338998287916	0.006314696278423071	0.003028840757906437	0.07017723470926285	0.2695612609386444	0.01003340445458889	0.5424996018409729	0.0019709719344973564
907	neutral	../Syntropy_Result_Finals/Models/Model_Journal_Tuned10	../Syntropy_Result_Finals/Models/Model_Journal_Tuned10	neutral	0.6535322070121765	0.6535322070121765	0.04002481326460838	0.017253240570425987	0.02339424565434456	0.00786813348531723	0.029538694769144058	0.005021273624151945	0.07973383367061615	0.07309836894273758	0.012058856897056103	0.04839607700705528	0.010080237872898579
583	sadness	../Syntropy_Result_Finals/Models/Model_Journal_Tuned10	../Syntropy_Result_Finals/Models/Model_Journal_Tuned10	sadness	0.6724215149879456	0.042943671345710754	0.13325077295303345	0.06270869821310043	0.6724215149879456	0.02263283170759678	0.014586876146495342	0.019267596304416656	0.010233272798359394	0.010251939296722412	0.004508247133344412	0.002494800603017211	0.004699760116636753
86	joy	../Syntropy_Result_Finals/Models/Model_Journal_Tuned10	../Syntropy_Result_Finals/Models/Model_Journal_Tuned10	excitement	0.5673325657844543	0.08711426705121994	0.006613208446651697	0.002946663647890091	0.0029626842588186264	0.002961281919851899	0.006928471848368645	0.003416938241571188	0.03940380737185478	0.2660338878631592	0.011880090460181236	0.5673325657844543	0.002406101441010833
1091	pride	../Syntropy_Result_Finals/Models/Model_Journal_Tuned10	../Syntropy_Result_Finals/Models/Model_Journal_Tuned10	excitement	0.4140263497829437	0.16152112185955048	0.016898520290851593	0.007403070572763681	0.004310326650738716	0.004685577936470509	0.01366131566464901	0.003864134894683957	0.20186886191368103	0.14702755212783813	0.01825821027159691	0.4140263497829437	0.006475020665675402
308	fear	../Syntropy_Result_Finals/Models/Model_Journal_Tuned10	../Syntropy_Result_Finals/Models/Model_Journal_Tuned10	neutral	0.5316978693008423	0.5316978693008423	0.08332178741693497	0.055009521543979645	0.15704046189785004	0.03535431623458862	0.04216377064585686	0.019912634044885635	0.026843013241887093	0.016586504876613617	0.011513695120811462	0.00939141120761633	0.011165114119648933
756	joy	../Syntropy_Result_Finals/Models/Model_Journal_Tuned10	../Syntropy_Result_Finals/Models/Model_Journal_Tuned10	pride	0.3633604943752289	0.29730260372161865	0.04159286990761757	0.032664746046066284	0.012141000479459763	0.02327575348317623	0.0352017767727375	0.006715990602970123	0.3633604943752289	0.0707407221198082	0.02010495401918888	0.06514736264944077	0.031751848757267
704	neutral	../Syntropy_Result_Finals/Models/Model_Journal_Tuned10	../Syntropy_Result_Finals/Models/Model_Journal_Tuned10	pride	0.38110247254371643	0.3130936920642853	0.04142448306083679	0.03100336715579033	0.011999519541859627	0.03410687297582626	0.03514554351568222	0.010125907137989998	0.38110247254371643	0.04485718905925751	0.02593989297747612	0.046456512063741684	0.024744583293795586
70	fear	../Syntropy_Result_Finals/Models/Model_Journal_Tuned10	../Syntropy_Result_Finals/Models/Model_Journal_Tuned10	nervousness	0.47291380167007446	0.06675625592470169	0.47291380167007446	0.09550587832927704	0.045731011778116226	0.10154520720243454	0.0681161880493164	0.07117250561714172	0.013043726794421673	0.015623919665813446	0.023349594324827194	0.016408804804086685	0.009833158925175667
1259	pride	../Syntropy_Result_Finals/Models/Model_Journal_Tuned10	../Syntropy_Result_Finals/Models/Model_Journal_Tuned10	pride	0.5754032731056213	0.08658212423324585	0.03603231906890869	0.020258836448192596	0.0069945561699569225	0.010726576671004295	0.027432575821876526	0.008035773411393166	0.5754032731056213	0.048064034432172775	0.03651201352477074	0.13301068544387817	0.010947338305413723
411	joy	../Syntropy_Result_Finals/Models/Model_Journal_Tuned10	../Syntropy_Result_Finals/Models/Model_Journal_Tuned10	joy	0.3342551290988922	0.29954609274864197	0.008740056306123734	0.0024114137049764395	0.009644233621656895	0.004629682283848524	0.010276376269757748	0.00652416842058301	0.03344013914465904	0.3342551290988922	0.017699113115668297	0.26881325244903564	0.004020339343696833
358	fear	../Syntropy_Result_Finals/Models/Model_Journal_Tuned10	../Syntropy_Result_Finals/Models/Model_Journal_Tuned10	confusion	0.40197134017944336	0.028442827984690666	0.33573102951049805	0.0822708010673523	0.041926268488168716	0.017278160899877548	0.40197134017944336	0.023439209908246994	0.013115807436406612	0.007539729587733746	0.012687296606600285	0.010481579229235649	0.02511601336300373
244	neutral	../Syntropy_Result_Finals/Models/Model_Journal_Tuned10	../Syntropy_Result_Finals/Models/Model_Journal_Tuned10	neutral	0.5575832724571228	0.5575832724571228	0.021536845713853836	0.005323024932295084	0.03979586064815521	0.01113432552665472	0.014189706183969975	0.011010495014488697	0.037073541432619095	0.21919268369674683	0.017175931483507156	0.05702238157391548	0.008961877785623074
952	joy	../Syntropy_Result_Finals/Models/Model_Journal_Tuned10	../Syntropy_Result_Finals/Models/Model_Journal_Tuned10	pride	0.7887662053108215	0.03381561115384102	0.028214218094944954	0.019979039207100868	0.004824697505682707	0.011555776000022888	0.01743583381175995	0.00936767179518938	0.7887662053108215	0.021849511191248894	0.019828444346785545	0.03700181096792221	0.007361157331615686
578	joy	../Syntropy_Result_Finals/Models/Model_Journal_Tuned10	../Syntropy_Result_Finals/Models/Model_Journal_Tuned10	excitement	0.6999243497848511	0.022588083520531654	0.0017216011183336377	0.0012848821934312582	0.0011579483980312943	0.0009672584128566086	0.003276624483987689	0.0012954042758792639	0.01946982368826866	0.23889689147472382	0.008166413754224777	0.6999243497848511	0.001250741071999073
535	pride	../Syntropy_Result_Finals/Models/Model_Journal_Tuned10	../Syntropy_Result_Finals/Models/Model_Journal_Tuned10	neutral	0.35769036412239075	0.35769036412239075	0.06347043067216873	0.0655188336968422	0.010015107691287994	0.0282707791775465	0.05926971137523651	0.009977247565984726	0.14924335479736328	0.04000147804617882	0.03993311524391174	0.1596672087907791	0.016942404210567474
1140	pride	../Syntropy_Result_Finals/Models/Model_Journal_Tuned10	../Syntropy_Result_Finals/Models/Model_Journal_Tuned10	excitement	0.5805315375328064	0.05653929337859154	0.0042700995691120625	0.0019357247510924935	0.0026420399080961943	0.0020206698682159185	0.005527270957827568	0.0023414420429617167	0.024899637326598167	0.30701884627342224	0.01058719027787447	0.5805315375328064	0.0016861672047525644
1175	excitement	../Syntropy_Result_Finals/Models/Model_Journal_Tuned10	../Syntropy_Result_Finals/Models/Model_Journal_Tuned10	excitement	0.7384881377220154	0.05676615610718727	0.004512221552431583	0.0035216985270380974	0.0011369114508852363	0.00457819364964962	0.009328698739409447	0.0024314254987984896	0.059811294078826904	0.08111332356929779	0.034660328179597855	0.7384881377220154	0.00365160359069705
113	neutral	../Syntropy_Result_Finals/Models/Model_Journal_Tuned10	../Syntropy_Result_Finals/Models/Model_Journal_Tuned10	excitement	0.8006415367126465	0.03610439971089363	0.004464120138436556	0.0029228166677057743	0.0014800041681155562	0.002792777493596077	0.009065913036465645	0.001981545938178897	0.06918587535619736	0.031355034559965134	0.03659486025571823	0.8006415367126465	0.0034111656714230776
497	joy	../Syntropy_Result_Finals/Models/Model_Journal_Tuned10	../Syntropy_Result_Finals/Models/Model_Journal_Tuned10	excitement	0.3117510974407196	0.2132401317358017	0.005887303035706282	0.005008886568248272	0.005047986283898354	0.006131141912192106	0.013975245878100395	0.0045645046047866344	0.28408464789390564	0.11840106546878815	0.02651091106235981	0.3117510974407196	0.005396995693445206
1026	neutral	../Syntropy_Result_Finals/Models/Model_Journal_Tuned10	../Syntropy_Result_Finals/Models/Model_Journal_Tuned10	excitement	0.28010764718055725	0.23149749636650085	0.02021072432398796	0.016735415905714035	0.00427181227132678	0.0075838565826416016	0.016054481267929077	0.003757556900382042	0.1782672107219696	0.20235538482666016	0.027157073840498924	0.28010764718055725	0.012001407332718372
1263	joy	../Syntropy_Result_Finals/Models/Model_Journal_Tuned10	../Syntropy_Result_Finals/Models/Model_Journal_Tuned10	excitement	0.5568535327911377	0.04541271924972534	0.004525419324636459	0.00308054406195879	0.0027609632816165686	0.0021309093572199345	0.00619462039321661	0.0024094837717711926	0.03384650498628616	0.3289088308811188	0.011479618959128857	0.5568535327911377	0.002396908588707447
309	neutral	../Syntropy_Result_Finals/Models/Model_Journal_Tuned10	../Syntropy_Result_Finals/Models/Model_Journal_Tuned10	nervousness	0.37763822078704834	0.15089702606201172	0.37763822078704834	0.07595442980527878	0.10338568687438965	0.08442289382219315	0.07121080160140991	0.05199475586414337	0.024248549714684486	0.013243337161839008	0.018959416076540947	0.01313247811049223	0.014912337996065617
107	pride	../Syntropy_Result_Finals/Models/Model_Journal_Tuned10	../Syntropy_Result_Finals/Models/Model_Journal_Tuned10	pride	0.575823187828064	0.06330674886703491	0.013610437512397766	0.008521528914570808	0.005574472714215517	0.006983032450079918	0.017043422907590866	0.007408000063151121	0.575823187828064	0.040136367082595825	0.04118765890598297	0.21515388786792755	0.0052512832917273045
985	pride	../Syntropy_Result_Finals/Models/Model_Journal_Tuned10	../Syntropy_Result_Finals/Models/Model_Journal_Tuned10	neutral	0.756683349609375	0.756683349609375	0.014067483134567738	0.01051073707640171	0.013603747822344303	0.006012650206685066	0.017480872571468353	0.0040044826455414295	0.08111084997653961	0.04451192915439606	0.006213370244950056	0.038120802491903305	0.0076796733774244785
1015	sadness	../Syntropy_Result_Finals/Models/Model_Journal_Tuned10	../Syntropy_Result_Finals/Models/Model_Journal_Tuned10	neutral	0.4958115518093109	0.4958115518093109	0.09227117151021957	0.0247137900441885	0.07284040749073029	0.08560170978307724	0.0628119558095932	0.03823743388056755	0.03302520886063576	0.011935019865632057	0.022372959181666374	0.015897665172815323	0.044481128454208374
926	pride	../Syntropy_Result_Finals/Models/Model_Journal_Tuned10	../Syntropy_Result_Finals/Models/Model_Journal_Tuned10	neutral	0.3791327178478241	0.3791327178478241	0.0539776012301445	0.050321582704782486	0.0438988097012043	0.027590436860919	0.0362931564450264	0.010642122477293015	0.2330336570739746	0.06177998334169388	0.02214968018233776	0.03946772962808609	0.04171254485845566
1172	neutral	../Syntropy_Result_Finals/Models/Model_Journal_Tuned10	../Syntropy_Result_Finals/Models/Model_Journal_Tuned10	excitement	0.7234420776367188	0.07909061014652252	0.003508089343085885	0.0017423160606995225	0.002254822291433811	0.002164822304621339	0.007612267974764109	0.0021231351420283318	0.026714442297816277	0.13492141664028168	0.01404800359159708	0.7234420776367188	0.002377973170951009
218	joy	../Syntropy_Result_Finals/Models/Model_Journal_Tuned10	../Syntropy_Result_Finals/Models/Model_Journal_Tuned10	excitement	0.6439592838287354	0.030967824161052704	0.00733520369976759	0.004981292877346277	0.0029150419868528843	0.001907428726553917	0.006039983127266169	0.002232577418908477	0.10826928913593292	0.1719534695148468	0.01684950292110443	0.6439592838287354	0.002589116571471095
514	neutral	../Syntropy_Result_Finals/Models/Model_Journal_Tuned10	../Syntropy_Result_Finals/Models/Model_Journal_Tuned10	neutral	0.42802587151527405	0.42802587151527405	0.026078710332512856	0.011086247861385345	0.018351677805185318	0.006344467867165804	0.019304215908050537	0.007845879532396793	0.04479633644223213	0.1734866499900818	0.030613834038376808	0.23053547739982605	0.0035306017380207777
346	neutral	../Syntropy_Result_Finals/Models/Model_Journal_Tuned10	../Syntropy_Result_Finals/Models/Model_Journal_Tuned10	excitement	0.31520867347717285	0.2806713581085205	0.027768798172473907	0.010235648602247238	0.007076445501297712	0.00931893102824688	0.03666367754340172	0.007247506640851498	0.19918318092823029	0.06137516349554062	0.037062015384435654	0.31520867347717285	0.008188694715499878
665	neutral	../Syntropy_Result_Finals/Models/Model_Journal_Tuned10	../Syntropy_Result_Finals/Models/Model_Journal_Tuned10	joy	0.30980128049850464	0.2330227494239807	0.014331553131341934	0.006728455889970064	0.007573871407657862	0.0039165266789495945	0.01060299389064312	0.004243576433509588	0.08967918157577515	0.30980128049850464	0.016108188778162003	0.29963043332099915	0.004361108411103487
708	excitement	../Syntropy_Result_Finals/Models/Model_Journal_Tuned10	../Syntropy_Result_Finals/Models/Model_Journal_Tuned10	pride	0.6282165050506592	0.06715922057628632	0.019648313522338867	0.008649039082229137	0.00480759097263217	0.008588047698140144	0.01438430417329073	0.005591753404587507	0.6282165050506592	0.0682850182056427	0.0192429106682539	0.14929474890232086	0.006132583599537611
1208	joy	../Syntropy_Result_Finals/Models/Model_Journal_Tuned10	../Syntropy_Result_Finals/Models/Model_Journal_Tuned10	excitement	0.5403847098350525	0.08109388500452042	0.012322835624217987	0.005958816967904568	0.002871871693059802	0.005019447300583124	0.011544127948582172	0.0035194391384720802	0.1689792424440384	0.14327511191368103	0.02039768360555172	0.5403847098350525	0.004632873460650444
294	joy	../Syntropy_Result_Finals/Models/Model_Journal_Tuned10	../Syntropy_Result_Finals/Models/Model_Journal_Tuned10	excitement	0.5414204597473145	0.08740177750587463	0.006009070202708244	0.004006258677691221	0.006018194369971752	0.006178074982017279	0.011618752963840961	0.006511885207146406	0.03274954855442047	0.2749578058719635	0.015307338908314705	0.5414204597473145	0.007820923812687397
1158	neutral	../Syntropy_Result_Finals/Models/Model_Journal_Tuned10	../Syntropy_Result_Finals/Models/Model_Journal_Tuned10	neutral	0.4840325117111206	0.4840325117111206	0.03439228981733322	0.011595015414059162	0.03378932178020477	0.011144343763589859	0.02413792349398136	0.010394125245511532	0.026656322181224823	0.21258866786956787	0.033914100378751755	0.11161376535892487	0.005741689819842577
286	joy	../Syntropy_Result_Finals/Models/Model_Journal_Tuned10	../Syntropy_Result_Finals/Models/Model_Journal_Tuned10	excitement	0.38627034425735474	0.07664027065038681	0.0071902829222381115	0.005472575780004263	0.004541130270808935	0.002138792537152767	0.00753883458673954	0.002214299514889717	0.145599365234375	0.34940305352211	0.010061518289148808	0.38627034425735474	0.002929483540356159
1117	sadness	../Syntropy_Result_Finals/Models/Model_Journal_Tuned10	../Syntropy_Result_Finals/Models/Model_Journal_Tuned10	neutral	0.6650429368019104	0.6650429368019104	0.031092705205082893	0.02317376434803009	0.03538147732615471	0.01266846526414156	0.032148122787475586	0.008502252399921417	0.09027053415775299	0.038415975868701935	0.009995141997933388	0.0399765744805336	0.013331984169781208
1239	neutral	../Syntropy_Result_Finals/Models/Model_Journal_Tuned10	../Syntropy_Result_Finals/Models/Model_Journal_Tuned10	neutral	0.29681310057640076	0.29681310057640076	0.007515551056712866	0.003633555257692933	0.003613632870838046	0.005358691792935133	0.013638216070830822	0.004141609184443951	0.07393704354763031	0.25254321098327637	0.06154179573059082	0.2735649645328522	0.003698637941852212
755	excitement	../Syntropy_Result_Finals/Models/Model_Journal_Tuned10	../Syntropy_Result_Finals/Models/Model_Journal_Tuned10	excitement	0.6494935750961304	0.16469864547252655	0.008664878085255623	0.006352955941110849	0.0038630703929811716	0.006357047241181135	0.016604911535978317	0.0042175897397100925	0.04982912912964821	0.04935237020254135	0.03137187659740448	0.6494935750961304	0.009193947538733482
1271	joy	../Syntropy_Result_Finals/Models/Model_Journal_Tuned10	../Syntropy_Result_Finals/Models/Model_Journal_Tuned10	excitement	0.3846590518951416	0.1779656559228897	0.013316279277205467	0.006291724741458893	0.007030207198113203	0.0037365539465099573	0.011466516181826591	0.004004503600299358	0.06534642726182938	0.3082734942436218	0.014624548144638538	0.3846590518951416	0.0032850096467882395
560	neutral	../Syntropy_Result_Finals/Models/Model_Journal_Tuned10	../Syntropy_Result_Finals/Models/Model_Journal_Tuned10	neutral	0.38277488946914673	0.38277488946914673	0.029316866770386696	0.019103912636637688	0.011943336576223373	0.01969281956553459	0.024719109758734703	0.008400301449000835	0.17855119705200195	0.11374220252037048	0.023184899240732193	0.1726965755224228	0.015873918309807777
54	pride	../Syntropy_Result_Finals/Models/Model_Journal_Tuned10	../Syntropy_Result_Finals/Models/Model_Journal_Tuned10	excitement	0.3700684905052185	0.19876858592033386	0.012000217102468014	0.004541903268545866	0.007269994355738163	0.005391622427850962	0.01477227732539177	0.006111669819802046	0.06790625303983688	0.286271333694458	0.023810140788555145	0.3700684905052185	0.0030875264201313257
303	anger	../Syntropy_Result_Finals/Models/Model_Journal_Tuned10	../Syntropy_Result_Finals/Models/Model_Journal_Tuned10	disgust	0.6941606402397156	0.0475970134139061	0.02558950148522854	0.04151653125882149	0.004129642620682716	0.6941606402397156	0.013934740796685219	0.09721395373344421	0.009776461869478226	0.004314258228987455	0.0051436647772789	0.003989831078797579	0.05263374000787735
339	neutral	../Syntropy_Result_Finals/Models/Model_Journal_Tuned10	../Syntropy_Result_Finals/Models/Model_Journal_Tuned10	neutral	0.43361741304397583	0.43361741304397583	0.15328504145145416	0.09900856763124466	0.04908960685133934	0.03297612816095352	0.0503755547106266	0.01952410861849785	0.058573946356773376	0.028325460851192474	0.022380169481039047	0.022135954350233078	0.030707979574799538
56	neutral	../Syntropy_Result_Finals/Models/Model_Journal_Tuned10	../Syntropy_Result_Finals/Models/Model_Journal_Tuned10	neutral	0.3634949326515198	0.3634949326515198	0.09357434511184692	0.0571160726249218	0.017925575375556946	0.04270930588245392	0.03790577873587608	0.011192779056727886	0.14529429376125336	0.035353273153305054	0.03808074817061424	0.12135856598615646	0.0359942652285099
858	nervousness	../Syntropy_Result_Finals/Models/Model_Journal_Tuned10	../Syntropy_Result_Finals/Models/Model_Journal_Tuned10	neutral	0.27357274293899536	0.27357274293899536	0.20956087112426758	0.08843197673559189	0.01298542320728302	0.02038765139877796	0.06085089221596718	0.010402624495327473	0.10068391263484955	0.037855908274650574	0.032227348536252975	0.13739222288131714	0.015648337081074715
109	excitement	../Syntropy_Result_Finals/Models/Model_Journal_Tuned10	../Syntropy_Result_Finals/Models/Model_Journal_Tuned10	excitement	0.6112194061279297	0.03369380161166191	0.0054326471872627735	0.003397576743736863	0.002698445226997137	0.004633708391338587	0.010671096853911877	0.005135728977620602	0.028991656377911568	0.08638749271631241	0.2048507183790207	0.6112194061279297	0.0028878285083919764
1049	neutral	../Syntropy_Result_Finals/Models/Model_Journal_Tuned10	../Syntropy_Result_Finals/Models/Model_Journal_Tuned10	joy	0.5088305473327637	0.07340878993272781	0.006347560323774815	0.0021952895913273096	0.005743384826928377	0.002746711717918515	0.005637881346046925	0.0034248805604875088	0.02587657794356346	0.5088305473327637	0.008214877918362617	0.35487276315689087	0.002700675744563341
676	pride	../Syntropy_Result_Finals/Models/Model_Journal_Tuned10	../Syntropy_Result_Finals/Models/Model_Journal_Tuned10	excitement	0.6078488826751709	0.07273375242948532	0.005708626937121153	0.0025559489149600267	0.0021067322231829166	0.003239842364564538	0.010900686495006084	0.002827576594427228	0.038980405777692795	0.23013800382614136	0.01993638090789318	0.6078488826751709	0.0030231282580643892
626	pride	../Syntropy_Result_Finals/Models/Model_Journal_Tuned10	../Syntropy_Result_Finals/Models/Model_Journal_Tuned10	excitement	0.4264426827430725	0.08945337682962418	0.014707468450069427	0.005940999370068312	0.0029507004655897617	0.004323954228311777	0.013120222836732864	0.0038479214999824762	0.3102429211139679	0.10079026967287064	0.024468151852488518	0.4264426827430725	0.003711374243721366
198	neutral	../Syntropy_Result_Finals/Models/Model_Journal_Tuned10	../Syntropy_Result_Finals/Models/Model_Journal_Tuned10	joy	0.4251193106174469	0.07566864788532257	0.007660387549549341	0.003987573552876711	0.004054440185427666	0.003745471592992544	0.006704698782414198	0.002992774359881878	0.03019486367702484	0.4251193106174469	0.012313331477344036	0.4245877265930176	0.0029707562644034624
415	joy	../Syntropy_Result_Finals/Models/Model_Journal_Tuned10	../Syntropy_Result_Finals/Models/Model_Journal_Tuned10	sadness	0.5586704015731812	0.13299137353897095	0.13780364394187927	0.03728237375617027	0.5586704015731812	0.016239142045378685	0.029331563040614128	0.021247824653983116	0.02525312639772892	0.022505251690745354	0.005099692847579718	0.006033851765096188	0.007541753817349672
506	neutral	../Syntropy_Result_Finals/Models/Model_Journal_Tuned10	../Syntropy_Result_Finals/Models/Model_Journal_Tuned10	excitement	0.8907021284103394	0.024854255840182304	0.005450400523841381	0.003917176742106676	0.0013822310138493776	0.0026003867387771606	0.00837236549705267	0.0016498480690643191	0.02241646684706211	0.022011753171682358	0.013675576075911522	0.8907021284103394	0.0029675012920051813
1062	nervousness	../Syntropy_Result_Finals/Models/Model_Journal_Tuned10	../Syntropy_Result_Finals/Models/Model_Journal_Tuned10	nervousness	0.4196661710739136	0.09993631392717361	0.4196661710739136	0.0911703109741211	0.061776742339134216	0.06003820523619652	0.0938524529337883	0.027471814304590225	0.04613415524363518	0.020821018144488335	0.021228846162557602	0.017376158386468887	0.04052777215838432
605	neutral	../Syntropy_Result_Finals/Models/Model_Journal_Tuned10	../Syntropy_Result_Finals/Models/Model_Journal_Tuned10	excitement	0.5957697629928589	0.0557161383330822	0.0035524589475244284	0.002839994616806507	0.0027836805675178766	0.0018190322443842888	0.003210528753697872	0.0018902861047536135	0.030609510838985443	0.2897561192512512	0.010321547277271748	0.5957697629928589	0.0017310339026153088
932	surprise	../Syntropy_Result_Finals/Models/Model_Journal_Tuned10	../Syntropy_Result_Finals/Models/Model_Journal_Tuned10	surprise	0.8106268644332886	0.021311776712536812	0.0027691060677170753	0.0022484983783215284	0.0009858949342742562	0.0030805617570877075	0.009191475808620453	0.002007350791245699	0.006907360162585974	0.00950047466903925	0.8106268644332886	0.12933768332004547	0.002032842254266143
977	pride	../Syntropy_Result_Finals/Models/Model_Journal_Tuned10	../Syntropy_Result_Finals/Models/Model_Journal_Tuned10	pride	0.37865257263183594	0.12446315586566925	0.02725124917924404	0.016975900158286095	0.0035892354790121317	0.010612841695547104	0.02661360427737236	0.006579346023499966	0.37865257263183594	0.08532775193452835	0.055768031626939774	0.25506094098091125	0.009105455130338669
1142	excitement	../Syntropy_Result_Finals/Models/Model_Journal_Tuned10	../Syntropy_Result_Finals/Models/Model_Journal_Tuned10	sadness	0.766770601272583	0.04225931689143181	0.09385426342487335	0.02304874360561371	0.766770601272583	0.007409137208014727	0.01375468261539936	0.019897086545825005	0.0055670165456831455	0.01168967317789793	0.005005512852221727	0.007556278258562088	0.0031877656001597643
296	confusion	../Syntropy_Result_Finals/Models/Model_Journal_Tuned10	../Syntropy_Result_Finals/Models/Model_Journal_Tuned10	nervousness	0.3607923984527588	0.16845418512821198	0.3607923984527588	0.08003563433885574	0.08058135956525803	0.02402978390455246	0.16743631660938263	0.029429197311401367	0.027552632614970207	0.01795581728219986	0.017590653151273727	0.016686854884028435	0.00945521704852581
485	surprise	../Syntropy_Result_Finals/Models/Model_Journal_Tuned10	../Syntropy_Result_Finals/Models/Model_Journal_Tuned10	excitement	0.3831401467323303	0.3352453410625458	0.006228260695934296	0.004177375230938196	0.0023129601031541824	0.007469655945897102	0.01825263723731041	0.004606885369867086	0.06568462401628494	0.1312575787305832	0.03607013821601868	0.3831401467323303	0.00555442413315177
442	surprise	../Syntropy_Result_Finals/Models/Model_Journal_Tuned10	../Syntropy_Result_Finals/Models/Model_Journal_Tuned10	excitement	0.6747384071350098	0.11926155537366867	0.017209568992257118	0.013836007565259933	0.004746392834931612	0.01484841387718916	0.026124630123376846	0.006473912391811609	0.03910460323095322	0.033703070133924484	0.04207920283079147	0.6747384071350098	0.007874209433794022
479	neutral	../Syntropy_Result_Finals/Models/Model_Journal_Tuned10	../Syntropy_Result_Finals/Models/Model_Journal_Tuned10	pride	0.45595675706863403	0.1259169727563858	0.03219916298985481	0.015396648086607456	0.006703835912048817	0.01388678327202797	0.023044150322675705	0.00747460825368762	0.45595675706863403	0.06296619772911072	0.03607015684247017	0.20909970998764038	0.011285008862614632
946	joy	../Syntropy_Result_Finals/Models/Model_Journal_Tuned10	../Syntropy_Result_Finals/Models/Model_Journal_Tuned10	pride	0.7407791018486023	0.07041389495134354	0.017121896147727966	0.012754309922456741	0.008601478300988674	0.008323190733790398	0.012018508277833462	0.007368715014308691	0.7407791018486023	0.05888428911566734	0.02164822444319725	0.03684384003281593	0.0052425311878323555
553	joy	../Syntropy_Result_Finals/Models/Model_Journal_Tuned10	../Syntropy_Result_Finals/Models/Model_Journal_Tuned10	excitement	0.8369971513748169	0.026081997901201248	0.003029224928468466	0.002777059795334935	0.0009103361517190933	0.005351557396352291	0.007851425558328629	0.002285159658640623	0.029842207208275795	0.03773793205618858	0.0435151681303978	0.8369971513748169	0.0036208033561706543
554	excitement	../Syntropy_Result_Finals/Models/Model_Journal_Tuned10	../Syntropy_Result_Finals/Models/Model_Journal_Tuned10	excitement	0.37863093614578247	0.06240774318575859	0.03803431987762451	0.01894245855510235	0.005821413826197386	0.009023556485772133	0.02113407291471958	0.004460430704057217	0.37111446261405945	0.046342264860868454	0.028834661468863487	0.37863093614578247	0.015253661200404167
1269	neutral	../Syntropy_Result_Finals/Models/Model_Journal_Tuned10	../Syntropy_Result_Finals/Models/Model_Journal_Tuned10	neutral	0.3309955894947052	0.3309955894947052	0.02160019613802433	0.02110358141362667	0.02622404135763645	0.007517798338085413	0.015907077118754387	0.004835932981222868	0.1913846880197525	0.27226072549819946	0.011548163369297981	0.08155044913291931	0.015071682631969452
886	excitement	../Syntropy_Result_Finals/Models/Model_Journal_Tuned10	../Syntropy_Result_Finals/Models/Model_Journal_Tuned10	excitement	0.8962064385414124	0.01657567359507084	0.007591968402266502	0.005855213385075331	0.0017206097254529595	0.002853448037058115	0.006836024112999439	0.002261041197925806	0.01992413029074669	0.015687905251979828	0.02188888192176819	0.8962064385414124	0.002598672406747937
333	excitement	../Syntropy_Result_Finals/Models/Model_Journal_Tuned10	../Syntropy_Result_Finals/Models/Model_Journal_Tuned10	excitement	0.447103351354599	0.10959476977586746	0.01827654428780079	0.006991848349571228	0.004439011216163635	0.008509869687259197	0.01613510400056839	0.005677454639226198	0.2801646888256073	0.06373772025108337	0.032119475305080414	0.447103351354599	0.007250278256833553
221	excitement	../Syntropy_Result_Finals/Models/Model_Journal_Tuned10	../Syntropy_Result_Finals/Models/Model_Journal_Tuned10	excitement	0.42519140243530273	0.149671271443367	0.008291722275316715	0.0025803290773183107	0.005635830573737621	0.0037134787999093533	0.010748157277703285	0.005647451616823673	0.04380733519792557	0.3255019187927246	0.016563916578888893	0.42519140243530273	0.0026471936143934727
825	sadness	../Syntropy_Result_Finals/Models/Model_Journal_Tuned10	../Syntropy_Result_Finals/Models/Model_Journal_Tuned10	excitement	0.6991572380065918	0.06816044449806213	0.00997371319681406	0.005940988194197416	0.006196248345077038	0.00356124946847558	0.013832814991474152	0.003932868130505085	0.0769924595952034	0.04681326076388359	0.06219707801938057	0.6991572380065918	0.003241594647988677
170	neutral	../Syntropy_Result_Finals/Models/Model_Journal_Tuned10	../Syntropy_Result_Finals/Models/Model_Journal_Tuned10	fear	0.8039821982383728	0.015489728190004826	0.11853868514299393	0.8039821982383728	0.00495713809505105	0.012296702712774277	0.00716396514326334	0.003533279523253441	0.01125625241547823	0.007411988917738199	0.006024439353495836	0.00454368581995368	0.004802018869668245
1179	sadness	../Syntropy_Result_Finals/Models/Model_Journal_Tuned10	../Syntropy_Result_Finals/Models/Model_Journal_Tuned10	sadness	0.3822671175003052	0.10279880464076996	0.224248468875885	0.0556611530482769	0.3822671175003052	0.05299634113907814	0.05067337676882744	0.023273885250091553	0.028798749670386314	0.01286938227713108	0.007408049423247576	0.007043699733912945	0.051961012184619904
925	surprise	../Syntropy_Result_Finals/Models/Model_Journal_Tuned10	../Syntropy_Result_Finals/Models/Model_Journal_Tuned10	neutral	0.41954800486564636	0.41954800486564636	0.015651725232601166	0.004651655908674002	0.015683267265558243	0.005625155754387379	0.01061563566327095	0.005169771146029234	0.04432695731520653	0.3289323151111603	0.011590863578021526	0.13353537023067474	0.004669249523431063
1093	pride	../Syntropy_Result_Finals/Models/Model_Journal_Tuned10	../Syntropy_Result_Finals/Models/Model_Journal_Tuned10	pride	0.5508148074150085	0.1640506088733673	0.011456552892923355	0.009487192146480083	0.014132922515273094	0.006531435996294022	0.010943303816020489	0.004136400762945414	0.5508148074150085	0.12767651677131653	0.012186083011329174	0.08111283928155899	0.007471354678273201
1262	joy	../Syntropy_Result_Finals/Models/Model_Journal_Tuned10	../Syntropy_Result_Finals/Models/Model_Journal_Tuned10	excitement	0.40342772006988525	0.1847514659166336	0.009017899632453918	0.004840609151870012	0.00453446339815855	0.006219179835170507	0.013666345737874508	0.006383790634572506	0.09968927502632141	0.23760493099689484	0.026039225980639458	0.40342772006988525	0.003825116204097867
1217	anger	../Syntropy_Result_Finals/Models/Model_Journal_Tuned10	../Syntropy_Result_Finals/Models/Model_Journal_Tuned10	anger	0.8094291687011719	0.02077518031001091	0.013573804870247841	0.026445753872394562	0.011167248710989952	0.08396868407726288	0.007132307160645723	0.0054574767127633095	0.01009971834719181	0.004317400511354208	0.0034849944058805704	0.004148249980062246	0.8094291687011719
297	nervousness	../Syntropy_Result_Finals/Models/Model_Journal_Tuned10	../Syntropy_Result_Finals/Models/Model_Journal_Tuned10	nervousness	0.5300359129905701	0.0506378710269928	0.5300359129905701	0.10581083595752716	0.10032094269990921	0.08553005009889603	0.03362393379211426	0.033060118556022644	0.015269467607140541	0.009543981403112411	0.016893187537789345	0.007519494276493788	0.011754333041608334
816	pride	../Syntropy_Result_Finals/Models/Model_Journal_Tuned10	../Syntropy_Result_Finals/Models/Model_Journal_Tuned10	excitement	0.6664384007453918	0.07277869433164597	0.0073569039814174175	0.006502709351480007	0.0033531375229358673	0.0029826010577380657	0.007384691387414932	0.0027095165569335222	0.13438564538955688	0.0706482008099556	0.02266610786318779	0.6664384007453918	0.002793416613712907
841	neutral	../Syntropy_Result_Finals/Models/Model_Journal_Tuned10	../Syntropy_Result_Finals/Models/Model_Journal_Tuned10	neutral	0.33781543374061584	0.33781543374061584	0.1366601586341858	0.06371111422777176	0.011577109806239605	0.011342133395373821	0.041497357189655304	0.007284839171916246	0.06642401963472366	0.05257752910256386	0.032130979001522064	0.22815963625907898	0.010819715447723866
1200	neutral	../Syntropy_Result_Finals/Models/Model_Journal_Tuned10	../Syntropy_Result_Finals/Models/Model_Journal_Tuned10	excitement	0.7377955913543701	0.08837883919477463	0.006913815625011921	0.002657185774296522	0.002772261155769229	0.002715067472308874	0.009273353964090347	0.0029636549297720194	0.040278587490320206	0.061000481247901917	0.04315616562962532	0.7377955913543701	0.0020950285252183676
1002	joy	../Syntropy_Result_Finals/Models/Model_Journal_Tuned10	../Syntropy_Result_Finals/Models/Model_Journal_Tuned10	neutral	0.42252716422080994	0.42252716422080994	0.11333823949098587	0.07471593469381332	0.23732632398605347	0.022060256451368332	0.03752949833869934	0.019142497330904007	0.01664244383573532	0.022583646699786186	0.01248164288699627	0.014057123102247715	0.007595209404826164
350	joy	../Syntropy_Result_Finals/Models/Model_Journal_Tuned10	../Syntropy_Result_Finals/Models/Model_Journal_Tuned10	neutral	0.3259067237377167	0.3259067237377167	0.02776186168193817	0.013570756651461124	0.017196601256728172	0.009000741876661777	0.015582798048853874	0.007075159810483456	0.16067759692668915	0.1587410271167755	0.01670347899198532	0.23841044306755066	0.009372939355671406
796	joy	../Syntropy_Result_Finals/Models/Model_Journal_Tuned10	../Syntropy_Result_Finals/Models/Model_Journal_Tuned10	neutral	0.4344913959503174	0.4344913959503174	0.031070081517100334	0.02574191801249981	0.01410333625972271	0.025729229673743248	0.032343022525310516	0.006549449637532234	0.11993321031332016	0.066533662378788	0.029087534174323082	0.1953934282064438	0.019023703411221504
199	excitement	../Syntropy_Result_Finals/Models/Model_Journal_Tuned10	../Syntropy_Result_Finals/Models/Model_Journal_Tuned10	excitement	0.6283125281333923	0.0321083590388298	0.004749793093651533	0.0031837583519518375	0.0018311062594875693	0.002347674686461687	0.00698136817663908	0.002199304522946477	0.03614266589283943	0.2685862183570862	0.01057247444987297	0.6283125281333923	0.0029846851248294115
430	excitement	../Syntropy_Result_Finals/Models/Model_Journal_Tuned10	../Syntropy_Result_Finals/Models/Model_Journal_Tuned10	neutral	0.6666576862335205	0.6666576862335205	0.01401769183576107	0.012870093807578087	0.008007395081222057	0.012261021882295609	0.019893353804945946	0.0041375840082764626	0.08503489196300507	0.041108567267656326	0.019320819526910782	0.10602796077728271	0.010662887245416641
494	joy	../Syntropy_Result_Finals/Models/Model_Journal_Tuned10	../Syntropy_Result_Finals/Models/Model_Journal_Tuned10	excitement	0.5842866897583008	0.052864618599414825	0.0054652453400194645	0.0033083378802984953	0.0028254741337150335	0.0028318511322140694	0.006019064225256443	0.0027746453415602446	0.031233642250299454	0.2901618182659149	0.01620440185070038	0.5842866897583008	0.002024120418354869
631	neutral	../Syntropy_Result_Finals/Models/Model_Journal_Tuned10	../Syntropy_Result_Finals/Models/Model_Journal_Tuned10	pride	0.8325468897819519	0.02276446297764778	0.02214784361422062	0.014829542487859726	0.004662585910409689	0.010940632782876492	0.0155198248103261	0.009461761452257633	0.8325468897819519	0.015499753877520561	0.018774231895804405	0.02741081267595291	0.005441685207188129
939	nervousness	../Syntropy_Result_Finals/Models/Model_Journal_Tuned10	../Syntropy_Result_Finals/Models/Model_Journal_Tuned10	nervousness	0.5278881788253784	0.033175572752952576	0.5278881788253784	0.1757436841726303	0.0203169584274292	0.015438965521752834	0.06567735970020294	0.016739048063755035	0.015125036239624023	0.022691592574119568	0.03965241461992264	0.06102791056036949	0.006523325107991695
10	joy	../Syntropy_Result_Finals/Models/Model_Journal_Tuned10	../Syntropy_Result_Finals/Models/Model_Journal_Tuned10	neutral	0.3402307629585266	0.3402307629585266	0.0154296038672328	0.003939996939152479	0.017174752429127693	0.005833768285810947	0.015005987137556076	0.008103221654891968	0.04662692919373512	0.28452837467193604	0.024953914806246758	0.23447920382022858	0.0036934830714017153
147	pride	../Syntropy_Result_Finals/Models/Model_Journal_Tuned10	../Syntropy_Result_Finals/Models/Model_Journal_Tuned10	pride	0.8004933595657349	0.03876912221312523	0.02379194274544716	0.020874420180916786	0.007248252630233765	0.014820953831076622	0.013334826566278934	0.007894542068243027	0.8004933595657349	0.026540584862232208	0.01640089601278305	0.02057175524532795	0.009259337559342384
298	pride	../Syntropy_Result_Finals/Models/Model_Journal_Tuned10	../Syntropy_Result_Finals/Models/Model_Journal_Tuned10	pride	0.5458755493164062	0.11830966919660568	0.029465416446328163	0.01900426484644413	0.007444402668625116	0.012927066534757614	0.022087205201387405	0.006815506145358086	0.5458755493164062	0.0614066906273365	0.021129099652171135	0.14312109351158142	0.012414042837917805
1031	excitement	../Syntropy_Result_Finals/Models/Model_Journal_Tuned10	../Syntropy_Result_Finals/Models/Model_Journal_Tuned10	joy	0.5585229396820068	0.1121102049946785	0.0033298474736511707	0.0015242397785186768	0.004507352598011494	0.0021164941135793924	0.006312341894954443	0.003311080625280738	0.01662345789372921	0.5585229396820068	0.007739396300166845	0.2817075848579407	0.0021951168309897184
622	joy	../Syntropy_Result_Finals/Models/Model_Journal_Tuned10	../Syntropy_Result_Finals/Models/Model_Journal_Tuned10	neutral	0.30671465396881104	0.30671465396881104	0.06321056187152863	0.02248995006084442	0.020735375583171844	0.025766944512724876	0.029254771769046783	0.007581173442304134	0.184098482131958	0.1459074318408966	0.028365233913064003	0.1394633650779724	0.026412110775709152
864	neutral	../Syntropy_Result_Finals/Models/Model_Journal_Tuned10	../Syntropy_Result_Finals/Models/Model_Journal_Tuned10	nervousness	0.27442190051078796	0.21510936319828033	0.27442190051078796	0.24112452566623688	0.04872604459524155	0.03197408467531204	0.029722439125180244	0.01917179301381111	0.03211141377687454	0.024215469136834145	0.011134909465909004	0.0431155189871788	0.029172515496611595
772	neutral	../Syntropy_Result_Finals/Models/Model_Journal_Tuned10	../Syntropy_Result_Finals/Models/Model_Journal_Tuned10	excitement	0.6029104590415955	0.07465632259845734	0.007157975807785988	0.005635416600853205	0.0027983817271888256	0.004699408542364836	0.01120961457490921	0.00342987640760839	0.16614456474781036	0.059539686888456345	0.05837826058268547	0.6029104590415955	0.003439956344664097
254	joy	../Syntropy_Result_Finals/Models/Model_Journal_Tuned10	../Syntropy_Result_Finals/Models/Model_Journal_Tuned10	neutral	0.3212522268295288	0.3212522268295288	0.012795032002031803	0.004950257483869791	0.007631850894540548	0.007142967078834772	0.019116027280688286	0.009401021525263786	0.10084185004234314	0.1803625524044037	0.02982204407453537	0.302192747592926	0.004491350147873163
777	nervousness	../Syntropy_Result_Finals/Models/Model_Journal_Tuned10	../Syntropy_Result_Finals/Models/Model_Journal_Tuned10	nervousness	0.7655808925628662	0.012223637662827969	0.7655808925628662	0.13229259848594666	0.00790344551205635	0.009480544365942478	0.011039435863494873	0.008126937784254551	0.011669134721159935	0.012561879120767117	0.008127233013510704	0.017418649047613144	0.0035756344441324472
682	neutral	../Syntropy_Result_Finals/Models/Model_Journal_Tuned10	../Syntropy_Result_Finals/Models/Model_Journal_Tuned10	excitement	0.43917152285575867	0.048926398158073425	0.008309454657137394	0.003554348135367036	0.0025845563504844904	0.003974205814301968	0.014797474257647991	0.004007416311651468	0.059745904058218	0.08174575865268707	0.33069008588790894	0.43917152285575867	0.0024928906932473183
1039	excitement	../Syntropy_Result_Finals/Models/Model_Journal_Tuned10	../Syntropy_Result_Finals/Models/Model_Journal_Tuned10	excitement	0.6853844523429871	0.051307838410139084	0.0025994323659688234	0.0017858609789982438	0.0013862455962225795	0.0030221149791032076	0.005730469711124897	0.002513255225494504	0.01801585964858532	0.2108389437198639	0.014401543885469437	0.6853844523429871	0.0030140357557684183
306	sadness	../Syntropy_Result_Finals/Models/Model_Journal_Tuned10	../Syntropy_Result_Finals/Models/Model_Journal_Tuned10	nervousness	0.6138107776641846	0.03391372784972191	0.6138107776641846	0.166520357131958	0.035687413066625595	0.033650610595941544	0.02005603350698948	0.01915827766060829	0.019007844850420952	0.013792012818157673	0.012496829964220524	0.016047539189457893	0.01585862785577774
915	joy	../Syntropy_Result_Finals/Models/Model_Journal_Tuned10	../Syntropy_Result_Finals/Models/Model_Journal_Tuned10	neutral	0.3141678273677826	0.3141678273677826	0.06014490872621536	0.05248619616031647	0.02539472095668316	0.015341361984610558	0.053172364830970764	0.009299413301050663	0.24234846234321594	0.05782102793455124	0.02538168430328369	0.1268300712108612	0.017611894756555557
1201	confusion	../Syntropy_Result_Finals/Models/Model_Journal_Tuned10	../Syntropy_Result_Finals/Models/Model_Journal_Tuned10	neutral	0.7485554218292236	0.7485554218292236	0.03750084713101387	0.01563750021159649	0.0565214641392231	0.014859987422823906	0.042112283408641815	0.013065208680927753	0.016650548204779625	0.018246816471219063	0.01253251451998949	0.012496799230575562	0.011820685118436813
1167	fear	../Syntropy_Result_Finals/Models/Model_Journal_Tuned10	../Syntropy_Result_Finals/Models/Model_Journal_Tuned10	neutral	0.6446473002433777	0.6446473002433777	0.0205382052809	0.011975374072790146	0.010524062439799309	0.02585430257022381	0.03357889875769615	0.009013034403324127	0.03790467604994774	0.05337425321340561	0.030393263325095177	0.11003270745277405	0.012163895182311535
233	neutral	../Syntropy_Result_Finals/Models/Model_Journal_Tuned10	../Syntropy_Result_Finals/Models/Model_Journal_Tuned10	neutral	0.41844379901885986	0.41844379901885986	0.03812883794307709	0.020386844873428345	0.008511635474860668	0.008475315757095814	0.02053929679095745	0.0053358967415988445	0.11073994636535645	0.17797553539276123	0.02624443732202053	0.1583317369222641	0.006886743009090424
1073	excitement	../Syntropy_Result_Finals/Models/Model_Journal_Tuned10	../Syntropy_Result_Finals/Models/Model_Journal_Tuned10	excitement	0.5695410370826721	0.02541193552315235	0.00393443601205945	0.0024267344269901514	0.0014397643972188234	0.003352533094584942	0.010600611567497253	0.0028290871996432543	0.026179056614637375	0.02822926454246044	0.32346343994140625	0.5695410370826721	0.002592173870652914
1181	neutral	../Syntropy_Result_Finals/Models/Model_Journal_Tuned10	../Syntropy_Result_Finals/Models/Model_Journal_Tuned10	neutral	0.46666938066482544	0.46666938066482544	0.03740403801202774	0.012896878644824028	0.02260848693549633	0.016796879470348358	0.020937861874699593	0.018491869792342186	0.06057235226035118	0.18411001563072205	0.018356328830122948	0.1332465410232544	0.007909281179308891
135	pride	../Syntropy_Result_Finals/Models/Model_Journal_Tuned10	../Syntropy_Result_Finals/Models/Model_Journal_Tuned10	neutral	0.3649693727493286	0.3649693727493286	0.14986583590507507	0.0473778210580349	0.05874032527208328	0.044786106795072556	0.16892050206661224	0.037457019090652466	0.03526679798960686	0.03676733747124672	0.019740665331482887	0.02218760922551155	0.013920580968260765
832	pride	../Syntropy_Result_Finals/Models/Model_Journal_Tuned10	../Syntropy_Result_Finals/Models/Model_Journal_Tuned10	pride	0.6059589982032776	0.11713557690382004	0.03617027774453163	0.03388303890824318	0.01497181598097086	0.029016241431236267	0.016072573140263557	0.008815850131213665	0.6059589982032776	0.06326709687709808	0.017948711290955544	0.035307422280311584	0.021452371031045914
259	excitement	../Syntropy_Result_Finals/Models/Model_Journal_Tuned10	../Syntropy_Result_Finals/Models/Model_Journal_Tuned10	excitement	0.4857761561870575	0.04074043780565262	0.023579200729727745	0.013626808300614357	0.0030837126541882753	0.007332724519073963	0.019522977992892265	0.004483509808778763	0.3070090115070343	0.03205753490328789	0.057110995054244995	0.4857761561870575	0.005676880944520235
680	pride	../Syntropy_Result_Finals/Models/Model_Journal_Tuned10	../Syntropy_Result_Finals/Models/Model_Journal_Tuned10	pride	0.808691143989563	0.0340297594666481	0.021490154787898064	0.013802643865346909	0.004223699681460857	0.011862185783684254	0.014831140637397766	0.0077434382401406765	0.808691143989563	0.02557060681283474	0.018993832170963287	0.0329565592110157	0.005804865621030331
1177	joy	../Syntropy_Result_Finals/Models/Model_Journal_Tuned10	../Syntropy_Result_Finals/Models/Model_Journal_Tuned10	neutral	0.36467355489730835	0.36467355489730835	0.008059864863753319	0.004886446055024862	0.003930232487618923	0.007920211181044579	0.011128603480756283	0.004141739569604397	0.07285836338996887	0.22741226851940155	0.02266494557261467	0.26552847027778625	0.006795292720198631
914	joy	../Syntropy_Result_Finals/Models/Model_Journal_Tuned10	../Syntropy_Result_Finals/Models/Model_Journal_Tuned10	neutral	0.28150883316993713	0.28150883316993713	0.01244325377047062	0.01363397017121315	0.011279908008873463	0.006882760673761368	0.010486803017556667	0.0037132082507014275	0.20949862897396088	0.14505703747272491	0.01586686447262764	0.2666403353214264	0.02298840507864952
1257	anger	../Syntropy_Result_Finals/Models/Model_Journal_Tuned10	../Syntropy_Result_Finals/Models/Model_Journal_Tuned10	nervousness	0.5128807425498962	0.12068406492471695	0.5128807425498962	0.11631455272436142	0.02896646037697792	0.027740800753235817	0.0358676016330719	0.012218043208122253	0.04492747038602829	0.01820136047899723	0.022404538467526436	0.0449180006980896	0.01487636473029852
597	surprise	../Syntropy_Result_Finals/Models/Model_Journal_Tuned10	../Syntropy_Result_Finals/Models/Model_Journal_Tuned10	neutral	0.3987917900085449	0.3987917900085449	0.17350995540618896	0.022487258538603783	0.21886046230793	0.01838364638388157	0.06079256907105446	0.02601407654583454	0.023373182862997055	0.0216081365942955	0.013380457647144794	0.014551813714206219	0.008246594108641148
363	neutral	../Syntropy_Result_Finals/Models/Model_Journal_Tuned10	../Syntropy_Result_Finals/Models/Model_Journal_Tuned10	joy	0.33509624004364014	0.1495095044374466	0.009186427108943462	0.0072069959715008736	0.011194695718586445	0.0029179095290601254	0.009750060737133026	0.003053054679185152	0.2650623321533203	0.33509624004364014	0.008507617749273777	0.19376198947429657	0.004753153305500746
158	pride	../Syntropy_Result_Finals/Models/Model_Journal_Tuned10	../Syntropy_Result_Finals/Models/Model_Journal_Tuned10	pride	0.5918360352516174	0.07750555127859116	0.024476027116179466	0.009836710058152676	0.005436829756945372	0.00960992369800806	0.01378046814352274	0.006066810339689255	0.5918360352516174	0.05201946943998337	0.02229584939777851	0.17905111610889435	0.008085193112492561
140	pride	../Syntropy_Result_Finals/Models/Model_Journal_Tuned10	../Syntropy_Result_Finals/Models/Model_Journal_Tuned10	pride	0.5658639073371887	0.0883994922041893	0.017988193780183792	0.010624224320054054	0.00702899694442749	0.011522608809173107	0.02671283669769764	0.008524170145392418	0.5658639073371887	0.04238281771540642	0.03472258523106575	0.17980490624904633	0.0064252689480781555
895	fear	../Syntropy_Result_Finals/Models/Model_Journal_Tuned10	../Syntropy_Result_Finals/Models/Model_Journal_Tuned10	neutral	0.44172146916389465	0.44172146916389465	0.0681125670671463	0.04157285392284393	0.08280865848064423	0.10429412126541138	0.10757804661989212	0.025300029665231705	0.021734455600380898	0.010298176668584347	0.0372769720852375	0.021136410534381866	0.038166191428899765
331	pride	../Syntropy_Result_Finals/Models/Model_Journal_Tuned10	../Syntropy_Result_Finals/Models/Model_Journal_Tuned10	excitement	0.3020726144313812	0.25122958421707153	0.0146797439083457	0.006751097273081541	0.006556742824614048	0.009702074341475964	0.021031754091382027	0.005245394539088011	0.24062380194664001	0.10241039097309113	0.03175996616482735	0.3020726144313812	0.00793687254190445
591	joy	../Syntropy_Result_Finals/Models/Model_Journal_Tuned10	../Syntropy_Result_Finals/Models/Model_Journal_Tuned10	neutral	0.4962730407714844	0.4962730407714844	0.07004751265048981	0.01470173243433237	0.21007180213928223	0.0326506681740284	0.07804863154888153	0.026976056396961212	0.008852110244333744	0.00681547075510025	0.019124820828437805	0.009752539917826653	0.026685630902647972
739	joy	../Syntropy_Result_Finals/Models/Model_Journal_Tuned10	../Syntropy_Result_Finals/Models/Model_Journal_Tuned10	neutral	0.5641064047813416	0.5641064047813416	0.03974190354347229	0.010491929017007351	0.06311213970184326	0.01397748477756977	0.01471482589840889	0.013073279522359371	0.10987070947885513	0.12354676425457001	0.011235938407480717	0.030038461089134216	0.00609020097181201
1103	neutral	../Syntropy_Result_Finals/Models/Model_Journal_Tuned10	../Syntropy_Result_Finals/Models/Model_Journal_Tuned10	joy	0.3579631447792053	0.2873750925064087	0.01765619032084942	0.006686541251838207	0.013425667770206928	0.004619897343218327	0.012216406874358654	0.004461473319679499	0.05670598894357681	0.3579631447792053	0.01541653461754322	0.21947336196899414	0.003999718930572271
371	sadness	../Syntropy_Result_Finals/Models/Model_Journal_Tuned10	../Syntropy_Result_Finals/Models/Model_Journal_Tuned10	disgust	0.33626583218574524	0.02846631407737732	0.20536522567272186	0.1829824149608612	0.054100386798381805	0.33626583218574524	0.02181030437350273	0.045782897621393204	0.00935931783169508	0.008762139827013016	0.008563977666199207	0.006752996705472469	0.09178822487592697
312	excitement	../Syntropy_Result_Finals/Models/Model_Journal_Tuned10	../Syntropy_Result_Finals/Models/Model_Journal_Tuned10	excitement	0.5383203625679016	0.07274814695119858	0.007447348907589912	0.004849476274102926	0.0027048049960285425	0.0059877666644752026	0.013847089372575283	0.005310161970555782	0.20383626222610474	0.10315696895122528	0.03805321455001831	0.5383203625679016	0.003738407278433442
65	neutral	../Syntropy_Result_Finals/Models/Model_Journal_Tuned10	../Syntropy_Result_Finals/Models/Model_Journal_Tuned10	fear	0.7741678357124329	0.01606328785419464	0.0705447643995285	0.7741678357124329	0.013014042750000954	0.054837990552186966	0.005881612654775381	0.006965144537389278	0.007101466413587332	0.017052941024303436	0.008795544505119324	0.016256432980298996	0.009318909607827663
572	excitement	../Syntropy_Result_Finals/Models/Model_Journal_Tuned10	../Syntropy_Result_Finals/Models/Model_Journal_Tuned10	excitement	0.4702025055885315	0.2644648849964142	0.009923579171299934	0.005799644626677036	0.00779704749584198	0.006079535000026226	0.019972171634435654	0.005772242788225412	0.03992370143532753	0.13592973351478577	0.029237160459160805	0.4702025055885315	0.004897783510386944
781	excitement	../Syntropy_Result_Finals/Models/Model_Journal_Tuned10	../Syntropy_Result_Finals/Models/Model_Journal_Tuned10	excitement	0.6416180729866028	0.03192732855677605	0.0059881750494241714	0.003316399408504367	0.00202295184135437	0.0020747194066643715	0.0071126059629023075	0.0025327892508357763	0.17151211202144623	0.11050292104482651	0.018574515357613564	0.6416180729866028	0.002817443571984768
32	nervousness	../Syntropy_Result_Finals/Models/Model_Journal_Tuned10	../Syntropy_Result_Finals/Models/Model_Journal_Tuned10	nervousness	0.7214628458023071	0.015075541101396084	0.7214628458023071	0.17822906374931335	0.011297381483018398	0.011253568343818188	0.013316075317561626	0.008704318664968014	0.011906643398106098	0.01260441355407238	0.006355376914143562	0.007786065340042114	0.002008748007938266
783	excitement	../Syntropy_Result_Finals/Models/Model_Journal_Tuned10	../Syntropy_Result_Finals/Models/Model_Journal_Tuned10	excitement	0.4105491042137146	0.1763465255498886	0.01910320669412613	0.014917436987161636	0.00539446109905839	0.0118965869769454	0.042087361216545105	0.007025900762528181	0.1960185170173645	0.04667672514915466	0.059350695461034775	0.4105491042137146	0.010633508674800396
743	excitement	../Syntropy_Result_Finals/Models/Model_Journal_Tuned10	../Syntropy_Result_Finals/Models/Model_Journal_Tuned10	excitement	0.7193363308906555	0.07120027393102646	0.006364696659147739	0.004137749783694744	0.0026361115742474794	0.002318434650078416	0.010846540331840515	0.0021457693073898554	0.06921171396970749	0.09369342029094696	0.0149755934253335	0.7193363308906555	0.0031334199011325836
290	excitement	../Syntropy_Result_Finals/Models/Model_Journal_Tuned10	../Syntropy_Result_Finals/Models/Model_Journal_Tuned10	excitement	0.49410006403923035	0.09835603088140488	0.012213383801281452	0.007009497378021479	0.004550758749246597	0.006047687027603388	0.022155823186039925	0.006031251512467861	0.22124363481998444	0.053093407303094864	0.0693221315741539	0.49410006403923035	0.005876342300325632
96	neutral	../Syntropy_Result_Finals/Models/Model_Journal_Tuned10	../Syntropy_Result_Finals/Models/Model_Journal_Tuned10	pride	0.2782481908798218	0.27472057938575745	0.025679927319288254	0.014070582576096058	0.005853527225553989	0.015186747536063194	0.02654014155268669	0.006735627539455891	0.2782481908798218	0.06676534563302994	0.03433272987604141	0.24063144624233246	0.011235124431550503
184	excitement	../Syntropy_Result_Finals/Models/Model_Journal_Tuned10	../Syntropy_Result_Finals/Models/Model_Journal_Tuned10	excitement	0.5780084133148193	0.05937539041042328	0.00552256079390645	0.0025303640868514776	0.004617684055119753	0.002332304837182164	0.005169659852981567	0.0030601483304053545	0.02940785139799118	0.29768818616867065	0.010238363407552242	0.5780084133148193	0.0020490565802901983
788	joy	../Syntropy_Result_Finals/Models/Model_Journal_Tuned10	../Syntropy_Result_Finals/Models/Model_Journal_Tuned10	neutral	0.6599256992340088	0.6599256992340088	0.03040277026593685	0.029760688543319702	0.035144902765750885	0.04707963019609451	0.025243090465664864	0.010579741559922695	0.032629359513521194	0.06650587916374207	0.01727127470076084	0.026349540799856186	0.01910739205777645
970	surprise	../Syntropy_Result_Finals/Models/Model_Journal_Tuned10	../Syntropy_Result_Finals/Models/Model_Journal_Tuned10	pride	0.28817155957221985	0.2594921588897705	0.08712676912546158	0.034267354756593704	0.03268405422568321	0.032714832574129105	0.024748094379901886	0.014226969331502914	0.28817155957221985	0.07067656517028809	0.03591160848736763	0.10662795603275299	0.01335215289145708
163	joy	../Syntropy_Result_Finals/Models/Model_Journal_Tuned10	../Syntropy_Result_Finals/Models/Model_Journal_Tuned10	pride	0.5889357924461365	0.05867644399404526	0.015438987873494625	0.008832979947328568	0.005133552476763725	0.006955274380743504	0.018793711438775063	0.00520345289260149	0.5889357924461365	0.04520903155207634	0.031943339854478836	0.2099638432264328	0.0049135517328977585
490	nervousness	../Syntropy_Result_Finals/Models/Model_Journal_Tuned10	../Syntropy_Result_Finals/Models/Model_Journal_Tuned10	nervousness	0.4716409742832184	0.093916155397892	0.4716409742832184	0.09161657094955444	0.11440994590520859	0.015634099021553993	0.08656692504882812	0.020900525152683258	0.040848780423402786	0.012841484509408474	0.02680276334285736	0.01830657571554184	0.006515251938253641
405	neutral	../Syntropy_Result_Finals/Models/Model_Journal_Tuned10	../Syntropy_Result_Finals/Models/Model_Journal_Tuned10	neutral	0.29725411534309387	0.29725411534309387	0.06566642969846725	0.04601230472326279	0.05102885514497757	0.018069639801979065	0.03909900784492493	0.014216985553503036	0.2790336012840271	0.0796223133802414	0.023954546079039574	0.07511751353740692	0.010924654081463814
156	joy	../Syntropy_Result_Finals/Models/Model_Journal_Tuned10	../Syntropy_Result_Finals/Models/Model_Journal_Tuned10	neutral	0.5210431218147278	0.5210431218147278	0.08069775253534317	0.05871827155351639	0.013318273238837719	0.04485566169023514	0.10231123119592667	0.018168659880757332	0.016714584082365036	0.018577052280306816	0.018093477934598923	0.03698950633406639	0.07051240652799606
650	joy	../Syntropy_Result_Finals/Models/Model_Journal_Tuned10	../Syntropy_Result_Finals/Models/Model_Journal_Tuned10	neutral	0.47419649362564087	0.47419649362564087	0.06298082321882248	0.0268792025744915	0.037156205624341965	0.013272013515233994	0.04424142464995384	0.00824420340359211	0.19431371986865997	0.05273249372839928	0.020969631150364876	0.051652729511260986	0.013360992074012756
770	excitement	../Syntropy_Result_Finals/Models/Model_Journal_Tuned10	../Syntropy_Result_Finals/Models/Model_Journal_Tuned10	excitement	0.5332483053207397	0.14069925248622894	0.0065644606947898865	0.004642212297767401	0.002784178825095296	0.0056469617411494255	0.012848161160945892	0.00518912123516202	0.07277145981788635	0.1885853111743927	0.02274724841117859	0.5332483053207397	0.00427338108420372
1003	disgust	../Syntropy_Result_Finals/Models/Model_Journal_Tuned10	../Syntropy_Result_Finals/Models/Model_Journal_Tuned10	disgust	0.6977606415748596	0.014197305776178837	0.02095484733581543	0.2024393230676651	0.005327664781361818	0.6977606415748596	0.007106215693056583	0.015550478361546993	0.0032534548081457615	0.0039000653196126223	0.007636816706508398	0.003114691935479641	0.018758589401841164
275	excitement	../Syntropy_Result_Finals/Models/Model_Journal_Tuned10	../Syntropy_Result_Finals/Models/Model_Journal_Tuned10	excitement	0.35436302423477173	0.2633811831474304	0.02676810510456562	0.01927627995610237	0.02098238281905651	0.016915693879127502	0.026057565584778786	0.010431051254272461	0.13050253689289093	0.07388254255056381	0.03137156739830971	0.35436302423477173	0.02606809325516224
394	sadness	../Syntropy_Result_Finals/Models/Model_Journal_Tuned10	../Syntropy_Result_Finals/Models/Model_Journal_Tuned10	anger	0.5967513918876648	0.1514088213443756	0.03823624923825264	0.025269314646720886	0.019373565912246704	0.07507247477769852	0.03042052872478962	0.0169381070882082	0.02093031071126461	0.01014758087694645	0.007324247155338526	0.008127446286380291	0.5967513918876648
1258	neutral	../Syntropy_Result_Finals/Models/Model_Journal_Tuned10	../Syntropy_Result_Finals/Models/Model_Journal_Tuned10	excitement	0.3395429253578186	0.10689152777194977	0.15655651688575745	0.030042286962270737	0.04882202297449112	0.025703342631459236	0.05791619420051575	0.03865866735577583	0.029630834236741066	0.0912967324256897	0.06804421544075012	0.3395429253578186	0.006894694175571203
575	excitement	../Syntropy_Result_Finals/Models/Model_Journal_Tuned10	../Syntropy_Result_Finals/Models/Model_Journal_Tuned10	excitement	0.7136335372924805	0.10503410547971725	0.009962866082787514	0.004581348970532417	0.0026656556874513626	0.0036710593849420547	0.009126397781074047	0.0026027513667941093	0.06384597718715668	0.06277358531951904	0.017019260674715042	0.7136335372924805	0.005083445459604263
614	excitement	../Syntropy_Result_Finals/Models/Model_Journal_Tuned10	../Syntropy_Result_Finals/Models/Model_Journal_Tuned10	excitement	0.6774208545684814	0.10126897692680359	0.0216017197817564	0.01679527759552002	0.0043529001995921135	0.011727336794137955	0.02788505330681801	0.004456127993762493	0.05708251893520355	0.018237603828310966	0.04765240103006363	0.6774208545684814	0.01151919737458229
826	pride	../Syntropy_Result_Finals/Models/Model_Journal_Tuned10	../Syntropy_Result_Finals/Models/Model_Journal_Tuned10	excitement	0.41317644715309143	0.10329415649175644	0.023055218160152435	0.013937830924987793	0.006892182864248753	0.009382490999996662	0.025355929508805275	0.006264058407396078	0.2989063858985901	0.03892594575881958	0.051693398505449295	0.41317644715309143	0.009115997701883316
277	neutral	../Syntropy_Result_Finals/Models/Model_Journal_Tuned10	../Syntropy_Result_Finals/Models/Model_Journal_Tuned10	neutral	0.5841767191886902	0.5841767191886902	0.01614168845117092	0.012918888591229916	0.009660854004323483	0.0259281937032938	0.019846012815833092	0.006412266753613949	0.17046016454696655	0.06488028913736343	0.01935320533812046	0.05066520720720291	0.0195564366877079
327	joy	../Syntropy_Result_Finals/Models/Model_Journal_Tuned10	../Syntropy_Result_Finals/Models/Model_Journal_Tuned10	joy	0.5460271835327148	0.13098007440567017	0.0069583263248205185	0.0027168444357812405	0.005556882359087467	0.0036129076033830643	0.009195994585752487	0.004860979970544577	0.05378063768148422	0.5460271835327148	0.010474973358213902	0.22279973328113556	0.0030355278868228197
1186	excitement	../Syntropy_Result_Finals/Models/Model_Journal_Tuned10	../Syntropy_Result_Finals/Models/Model_Journal_Tuned10	excitement	0.33733052015304565	0.14594140648841858	0.017236217856407166	0.0076559362933039665	0.003942297305911779	0.008574580773711205	0.01800602488219738	0.005611743777990341	0.33577024936676025	0.07958280295133591	0.03477095067501068	0.33733052015304565	0.005577246192842722
1052	pride	../Syntropy_Result_Finals/Models/Model_Journal_Tuned10	../Syntropy_Result_Finals/Models/Model_Journal_Tuned10	pride	0.46244481205940247	0.23961141705513	0.031045911833643913	0.01795133948326111	0.009758024476468563	0.02035561576485634	0.024886300787329674	0.009565258398652077	0.46244481205940247	0.06428788602352142	0.03870447725057602	0.06799863278865814	0.01339035015553236
624	nervousness	../Syntropy_Result_Finals/Models/Model_Journal_Tuned10	../Syntropy_Result_Finals/Models/Model_Journal_Tuned10	neutral	0.42815494537353516	0.42815494537353516	0.03970852494239807	0.03353795409202576	0.011196285486221313	0.03372206538915634	0.04374401271343231	0.00819322094321251	0.20413535833358765	0.031783249229192734	0.030918337404727936	0.1085771843791008	0.02632889337837696
581	excitement	../Syntropy_Result_Finals/Models/Model_Journal_Tuned10	../Syntropy_Result_Finals/Models/Model_Journal_Tuned10	pride	0.6419305205345154	0.12273943424224854	0.026595506817102432	0.028150271624326706	0.019754916429519653	0.017358867451548576	0.014892966486513615	0.009506596252322197	0.6419305205345154	0.049876436591148376	0.015255611389875412	0.036014292389154434	0.017924610525369644
570	pride	../Syntropy_Result_Finals/Models/Model_Journal_Tuned10	../Syntropy_Result_Finals/Models/Model_Journal_Tuned10	neutral	0.5750204920768738	0.5750204920768738	0.040581248700618744	0.024223946034908295	0.01855173148214817	0.020898034796118736	0.06736520677804947	0.01329423114657402	0.08453399688005447	0.031049910932779312	0.05200129374861717	0.05853552743792534	0.013944385573267937
922	neutral	../Syntropy_Result_Finals/Models/Model_Journal_Tuned10	../Syntropy_Result_Finals/Models/Model_Journal_Tuned10	neutral	0.566825270652771	0.566825270652771	0.04314057156443596	0.015757590532302856	0.06624751538038254	0.02214737795293331	0.026026656851172447	0.020980888977646828	0.03105488233268261	0.11086400598287582	0.040282346308231354	0.04860834404826164	0.008064504712820053
178	disgust	../Syntropy_Result_Finals/Models/Model_Journal_Tuned10	../Syntropy_Result_Finals/Models/Model_Journal_Tuned10	nervousness	0.3644360601902008	0.02727203071117401	0.3644360601902008	0.2659509778022766	0.1186562031507492	0.06526430696249008	0.0249017383903265	0.06576180458068848	0.009431612677872181	0.01388612762093544	0.01666761189699173	0.01679305173456669	0.010978504084050655
427	nervousness	../Syntropy_Result_Finals/Models/Model_Journal_Tuned10	../Syntropy_Result_Finals/Models/Model_Journal_Tuned10	sadness	0.3877062201499939	0.14912119507789612	0.16529977321624756	0.036213308572769165	0.3877062201499939	0.016212819144129753	0.03356330469250679	0.022895105183124542	0.04799135774374008	0.0534772090613842	0.023778026923537254	0.058241501450538635	0.005500223021954298
964	neutral	../Syntropy_Result_Finals/Models/Model_Journal_Tuned10	../Syntropy_Result_Finals/Models/Model_Journal_Tuned10	neutral	0.42005524039268494	0.42005524039268494	0.03173515200614929	0.012625882402062416	0.009808915667235851	0.008632487617433071	0.017039049416780472	0.005745836533606052	0.0942162498831749	0.21702247858047485	0.02104911021888256	0.15596909821033478	0.006100536324083805
377	anger	../Syntropy_Result_Finals/Models/Model_Journal_Tuned10	../Syntropy_Result_Finals/Models/Model_Journal_Tuned10	sadness	0.32207632064819336	0.053887899965047836	0.10502716153860092	0.059446342289447784	0.32207632064819336	0.2339560091495514	0.013716720044612885	0.1221119686961174	0.01304848026484251	0.005992442835122347	0.003256205003708601	0.00346976425498724	0.06401066482067108
381	pride	../Syntropy_Result_Finals/Models/Model_Journal_Tuned10	../Syntropy_Result_Finals/Models/Model_Journal_Tuned10	excitement	0.4626295566558838	0.0868753045797348	0.006216709967702627	0.0037462753243744373	0.0032315137796103954	0.0025162696838378906	0.006328897550702095	0.0022630677558481693	0.05656155198812485	0.3558516800403595	0.01068545039743185	0.4626295566558838	0.00309370132163167
861	neutral	../Syntropy_Result_Finals/Models/Model_Journal_Tuned10	../Syntropy_Result_Finals/Models/Model_Journal_Tuned10	neutral	0.746064305305481	0.746064305305481	0.03639576956629753	0.015503686852753162	0.011875893920660019	0.013096689246594906	0.028747770935297012	0.009384969249367714	0.022397950291633606	0.04153246432542801	0.021902132779359818	0.046518724411726	0.006579706910997629
88	pride	../Syntropy_Result_Finals/Models/Model_Journal_Tuned10	../Syntropy_Result_Finals/Models/Model_Journal_Tuned10	joy	0.34776967763900757	0.11615561693906784	0.011321637779474258	0.008239397779107094	0.010827132500708103	0.0034631642047315836	0.008714284747838974	0.0044419062323868275	0.33832424879074097	0.34776967763900757	0.010977206751704216	0.1353728175163269	0.004392972681671381
671	neutral	../Syntropy_Result_Finals/Models/Model_Journal_Tuned10	../Syntropy_Result_Finals/Models/Model_Journal_Tuned10	excitement	0.7451511025428772	0.04789265617728233	0.012195611372590065	0.0061119613237679005	0.0034863254986703396	0.005863511469215155	0.014485595747828484	0.002859116531908512	0.10406830906867981	0.022525956854224205	0.02853763848543167	0.7451511025428772	0.0068221199326217175
836	excitement	../Syntropy_Result_Finals/Models/Model_Journal_Tuned10	../Syntropy_Result_Finals/Models/Model_Journal_Tuned10	excitement	0.3606421649456024	0.11894864588975906	0.024227462708950043	0.012773396447300911	0.006837849970906973	0.008830894716084003	0.020903173834085464	0.004938038066029549	0.3364274203777313	0.0691765770316124	0.027049638330936432	0.3606421649456024	0.009244757704436779
1266	surprise	../Syntropy_Result_Finals/Models/Model_Journal_Tuned10	../Syntropy_Result_Finals/Models/Model_Journal_Tuned10	nervousness	0.4404515027999878	0.20727595686912537	0.4404515027999878	0.105251245200634	0.04166417196393013	0.01735948957502842	0.04124486818909645	0.019493475556373596	0.02015344798564911	0.03921572491526604	0.019359994679689407	0.041349273175001144	0.007180826272815466
481	joy	../Syntropy_Result_Finals/Models/Model_Journal_Tuned10	../Syntropy_Result_Finals/Models/Model_Journal_Tuned10	pride	0.4087672531604767	0.16165277361869812	0.028425417840480804	0.012712973169982433	0.006525652017444372	0.013627945445477962	0.026065172627568245	0.007307610008865595	0.4087672531604767	0.055283524096012115	0.036492329090833664	0.233850359916687	0.009288993664085865
943	disgust	../Syntropy_Result_Finals/Models/Model_Journal_Tuned10	../Syntropy_Result_Finals/Models/Model_Journal_Tuned10	surprise	0.2766237258911133	0.17155326902866364	0.07215775549411774	0.014684798195958138	0.07826045900583267	0.03363876789808273	0.07227469980716705	0.11037948727607727	0.019275277853012085	0.0245971716940403	0.2766237258911133	0.11279617995023727	0.013758408837020397
1006	pride	../Syntropy_Result_Finals/Models/Model_Journal_Tuned10	../Syntropy_Result_Finals/Models/Model_Journal_Tuned10	pride	0.8433678150177002	0.023292846977710724	0.015775837004184723	0.009614809416234493	0.003469162154942751	0.007688202895224094	0.013141367584466934	0.0071356650441884995	0.8433678150177002	0.01652008295059204	0.017397690564393997	0.03822855278849602	0.004367949441075325
285	joy	../Syntropy_Result_Finals/Models/Model_Journal_Tuned10	../Syntropy_Result_Finals/Models/Model_Journal_Tuned10	excitement	0.6171536445617676	0.02481858804821968	0.00513186352327466	0.0042579285800457	0.0032610467169433832	0.002060702070593834	0.006084755528718233	0.0024954990949481726	0.06449252367019653	0.25695329904556274	0.010347270406782627	0.6171536445617676	0.002942760242149234
1205	pride	../Syntropy_Result_Finals/Models/Model_Journal_Tuned10	../Syntropy_Result_Finals/Models/Model_Journal_Tuned10	excitement	0.48508933186531067	0.065801702439785	0.003994213417172432	0.0020975274965167046	0.0020822687074542046	0.0024906452745199203	0.00835572648793459	0.0034437323920428753	0.04570867866277695	0.36615726351737976	0.012358659878373146	0.48508933186531067	0.0024202216882258654
352	joy	../Syntropy_Result_Finals/Models/Model_Journal_Tuned10	../Syntropy_Result_Finals/Models/Model_Journal_Tuned10	excitement	0.45084449648857117	0.12392591685056686	0.0037470110692083836	0.00158075918443501	0.004645336419343948	0.001970054814592004	0.005353737156838179	0.002850685967132449	0.032140716910362244	0.36035260558128357	0.010345025919377804	0.45084449648857117	0.0022436371073126793
266	neutral	../Syntropy_Result_Finals/Models/Model_Journal_Tuned10	../Syntropy_Result_Finals/Models/Model_Journal_Tuned10	excitement	0.3550596833229065	0.217280775308609	0.010746420361101627	0.0052099996246397495	0.005791489500552416	0.00489196227863431	0.008625888265669346	0.004025171510875225	0.0959463119506836	0.2695069909095764	0.018731581047177315	0.3550596833229065	0.0041836765594780445
59	sadness	../Syntropy_Result_Finals/Models/Model_Journal_Tuned10	../Syntropy_Result_Finals/Models/Model_Journal_Tuned10	nervousness	0.4305304288864136	0.10806000977754593	0.4305304288864136	0.14207689464092255	0.06922095268964767	0.09568251669406891	0.03992600366473198	0.030394574627280235	0.027347292751073837	0.018778899684548378	0.017312221229076385	0.012456344440579414	0.008213918656110764
979	nervousness	../Syntropy_Result_Finals/Models/Model_Journal_Tuned10	../Syntropy_Result_Finals/Models/Model_Journal_Tuned10	fear	0.5829318165779114	0.028921524062752724	0.267978310585022	0.5829318165779114	0.007696154527366161	0.029372867196798325	0.015610642731189728	0.006648839917033911	0.017102345824241638	0.011670814827084541	0.011545239947736263	0.011999187059700489	0.008522325195372105
965	excitement	../Syntropy_Result_Finals/Models/Model_Journal_Tuned10	../Syntropy_Result_Finals/Models/Model_Journal_Tuned10	excitement	0.4310608506202698	0.15968285501003265	0.015330107882618904	0.008528812788426876	0.005378311034291983	0.012326214462518692	0.017859360203146935	0.0066208126954734325	0.07852710038423538	0.21905644237995148	0.03833208978176117	0.4310608506202698	0.007297045551240444
732	neutral	../Syntropy_Result_Finals/Models/Model_Journal_Tuned10	../Syntropy_Result_Finals/Models/Model_Journal_Tuned10	neutral	0.3790165185928345	0.3790165185928345	0.05554559454321861	0.03850196301937103	0.010053260251879692	0.026697970926761627	0.04453412443399429	0.009083705954253674	0.1896442174911499	0.0649254247546196	0.03115323930978775	0.11212025582790375	0.03872372955083847
615	pride	../Syntropy_Result_Finals/Models/Model_Journal_Tuned10	../Syntropy_Result_Finals/Models/Model_Journal_Tuned10	neutral	0.3781825602054596	0.3781825602054596	0.21165478229522705	0.03812640160322189	0.12699830532073975	0.0377621054649353	0.07145881652832031	0.03060767985880375	0.03233673423528671	0.02673238329589367	0.01767789199948311	0.02031194046139717	0.008150424808263779
1146	pride	../Syntropy_Result_Finals/Models/Model_Journal_Tuned10	../Syntropy_Result_Finals/Models/Model_Journal_Tuned10	pride	0.8317613005638123	0.025719311088323593	0.02268265001475811	0.02227279357612133	0.007265440188348293	0.015447146259248257	0.01373973023146391	0.009064754471182823	0.8317613005638123	0.0168500654399395	0.012683123350143433	0.012371761724352837	0.010141873732209206
573	neutral	../Syntropy_Result_Finals/Models/Model_Journal_Tuned10	../Syntropy_Result_Finals/Models/Model_Journal_Tuned10	neutral	0.7757772207260132	0.7757772207260132	0.009792834520339966	0.013200038112699986	0.0064574419520795345	0.00699136545881629	0.016769301146268845	0.003084012772887945	0.028701884672045708	0.03140577673912048	0.022125985473394394	0.061441659927368164	0.02425246313214302
820	surprise	../Syntropy_Result_Finals/Models/Model_Journal_Tuned10	../Syntropy_Result_Finals/Models/Model_Journal_Tuned10	surprise	0.41515448689460754	0.05760584771633148	0.011768078431487083	0.006824992597103119	0.0025865845382213593	0.006813832558691502	0.03365863487124443	0.0048767998814582825	0.05020691826939583	0.02704090066254139	0.41515448689460754	0.38005009293556213	0.0034128527622669935
678	pride	../Syntropy_Result_Finals/Models/Model_Journal_Tuned10	../Syntropy_Result_Finals/Models/Model_Journal_Tuned10	pride	0.8325714468955994	0.025837088003754616	0.01979173719882965	0.01364451926201582	0.0046184854581952095	0.010044251568615437	0.01461522001773119	0.0080818897113204	0.8325714468955994	0.02167653664946556	0.01492845918983221	0.028613179922103882	0.00557723781093955
451	neutral	../Syntropy_Result_Finals/Models/Model_Journal_Tuned10	../Syntropy_Result_Finals/Models/Model_Journal_Tuned10	excitement	0.47393032908439636	0.2706093192100525	0.011489360593259335	0.005973234307020903	0.004088124260306358	0.006158691365271807	0.009944179095327854	0.003843568032607436	0.04605400934815407	0.13017214834690094	0.031010404229164124	0.47393032908439636	0.006726650055497885
731	joy	../Syntropy_Result_Finals/Models/Model_Journal_Tuned10	../Syntropy_Result_Finals/Models/Model_Journal_Tuned10	excitement	0.5678229928016663	0.11055892705917358	0.010231256484985352	0.004225200042128563	0.003176167607307434	0.003927408717572689	0.01051509939134121	0.003031928790733218	0.07752064615488052	0.18768756091594696	0.016355913132429123	0.5678229928016663	0.0049468763172626495
420	neutral	../Syntropy_Result_Finals/Models/Model_Journal_Tuned10	../Syntropy_Result_Finals/Models/Model_Journal_Tuned10	neutral	0.3088209629058838	0.3088209629058838	0.026220019906759262	0.015909753739833832	0.004672938026487827	0.00867996271699667	0.027813144028186798	0.004653504118323326	0.15692488849163055	0.10249795764684677	0.025149649009108543	0.30476558208465576	0.013891716487705708
380	pride	../Syntropy_Result_Finals/Models/Model_Journal_Tuned10	../Syntropy_Result_Finals/Models/Model_Journal_Tuned10	neutral	0.2804618775844574	0.2804618775844574	0.03733975812792778	0.011508754454553127	0.009964804165065289	0.011668605729937553	0.03020622581243515	0.006892511621117592	0.21325865387916565	0.09033335745334625	0.0396488793194294	0.25772881507873535	0.010987769812345505
83	excitement	../Syntropy_Result_Finals/Models/Model_Journal_Tuned10	../Syntropy_Result_Finals/Models/Model_Journal_Tuned10	excitement	0.8861545324325562	0.03198779374361038	0.001786500564776361	0.0017234680708497763	0.0009245695546269417	0.0014339953195303679	0.007330616470426321	0.001316596637479961	0.014617890119552612	0.01773572713136673	0.032066840678453445	0.8861545324325562	0.0029215069953352213
129	pride	../Syntropy_Result_Finals/Models/Model_Journal_Tuned10	../Syntropy_Result_Finals/Models/Model_Journal_Tuned10	neutral	0.5370094776153564	0.5370094776153564	0.02023824118077755	0.01394564937800169	0.018682537600398064	0.007539046928286552	0.02548838220536709	0.007273312192410231	0.12474828213453293	0.06383469700813293	0.01768566481769085	0.15330371260643005	0.010251039639115334
916	neutral	../Syntropy_Result_Finals/Models/Model_Journal_Tuned10	../Syntropy_Result_Finals/Models/Model_Journal_Tuned10	excitement	0.5147784352302551	0.09226736426353455	0.0043063391931355	0.002260125009343028	0.004024964291602373	0.0013883126666769385	0.006304316688328981	0.002108592540025711	0.03137344494462013	0.33013269305229187	0.009204487316310406	0.5147784352302551	0.0018509803339838982
774	confusion	../Syntropy_Result_Finals/Models/Model_Journal_Tuned10	../Syntropy_Result_Finals/Models/Model_Journal_Tuned10	neutral	0.4594172537326813	0.4594172537326813	0.15231925249099731	0.05078664794564247	0.1356429159641266	0.03720726817846298	0.07384617626667023	0.015838511288166046	0.029857637360692024	0.011102250777184963	0.011446106247603893	0.008699636906385422	0.01383641641587019
1065	nervousness	../Syntropy_Result_Finals/Models/Model_Journal_Tuned10	../Syntropy_Result_Finals/Models/Model_Journal_Tuned10	excitement	0.6633337736129761	0.08749347180128098	0.012459979392588139	0.012378346174955368	0.003948752302676439	0.0077209994196891785	0.028373682871460915	0.003919155336916447	0.09254864603281021	0.03591446951031685	0.04601902887225151	0.6633337736129761	0.005889807362109423
522	pride	../Syntropy_Result_Finals/Models/Model_Journal_Tuned10	../Syntropy_Result_Finals/Models/Model_Journal_Tuned10	pride	0.5927594304084778	0.1294664591550827	0.026708142831921577	0.021243788301944733	0.015181041322648525	0.01981155388057232	0.019562428817152977	0.007176414132118225	0.5927594304084778	0.06911996006965637	0.01650111749768257	0.06263469904661179	0.019834890961647034
260	neutral	../Syntropy_Result_Finals/Models/Model_Journal_Tuned10	../Syntropy_Result_Finals/Models/Model_Journal_Tuned10	neutral	0.6858173608779907	0.6858173608779907	0.03170403093099594	0.008703646250069141	0.04063015803694725	0.010597018525004387	0.03739266097545624	0.014524792321026325	0.04125629737973213	0.05773181840777397	0.02442716434597969	0.04010767862200737	0.0071074520237743855
596	neutral	../Syntropy_Result_Finals/Models/Model_Journal_Tuned10	../Syntropy_Result_Finals/Models/Model_Journal_Tuned10	neutral	0.5025598406791687	0.5025598406791687	0.04691080003976822	0.01867368444800377	0.014666148461401463	0.010760068893432617	0.023719994351267815	0.006059452425688505	0.11552969366312027	0.13507848978042603	0.015554453246295452	0.10028282552957535	0.01020445954054594
818	surprise	../Syntropy_Result_Finals/Models/Model_Journal_Tuned10	../Syntropy_Result_Finals/Models/Model_Journal_Tuned10	excitement	0.3115426301956177	0.29665407538414	0.014659471809864044	0.011223739944398403	0.004971611313521862	0.01446121372282505	0.038618382066488266	0.006978435907512903	0.15789493918418884	0.08136678487062454	0.052357789129018784	0.3115426301956177	0.009270838461816311
988	pride	../Syntropy_Result_Finals/Models/Model_Journal_Tuned10	../Syntropy_Result_Finals/Models/Model_Journal_Tuned10	pride	0.3737833499908447	0.249297097325325	0.02607792615890503	0.02878333069384098	0.02006326988339424	0.012792328372597694	0.024141300469636917	0.007708241697400808	0.3737833499908447	0.07933278381824493	0.03105059079825878	0.13236960768699646	0.014600133523344994
906	pride	../Syntropy_Result_Finals/Models/Model_Journal_Tuned10	../Syntropy_Result_Finals/Models/Model_Journal_Tuned10	neutral	0.4119727611541748	0.4119727611541748	0.04387998208403587	0.03119243122637272	0.011465821415185928	0.020017696544528008	0.05508141219615936	0.00795395951718092	0.24281318485736847	0.04753459617495537	0.02746962197124958	0.0787353366613388	0.02188318595290184
138	pride	../Syntropy_Result_Finals/Models/Model_Journal_Tuned10	../Syntropy_Result_Finals/Models/Model_Journal_Tuned10	pride	0.855242908000946	0.02167975716292858	0.01894119381904602	0.012738228775560856	0.005330272018909454	0.00993705540895462	0.011145873926579952	0.009467524476349354	0.855242908000946	0.016205770894885063	0.01462557353079319	0.02009844034910202	0.004587444011121988
292	pride	../Syntropy_Result_Finals/Models/Model_Journal_Tuned10	../Syntropy_Result_Finals/Models/Model_Journal_Tuned10	excitement	0.2883611023426056	0.14364004135131836	0.01183519046753645	0.0057010347954928875	0.007383532356470823	0.004335423000156879	0.011789566837251186	0.004606235306710005	0.21500228345394135	0.2873283624649048	0.016832349821925163	0.2883611023426056	0.0031848757062107325
1035	confusion	../Syntropy_Result_Finals/Models/Model_Journal_Tuned10	../Syntropy_Result_Finals/Models/Model_Journal_Tuned10	nervousness	0.2646149694919586	0.12239313125610352	0.2646149694919586	0.03633378818631172	0.066587433218956	0.049597546458244324	0.2591167688369751	0.08624574542045593	0.015534796752035618	0.015246876515448093	0.043030641973018646	0.02870955877006054	0.012588839046657085
376	pride	../Syntropy_Result_Finals/Models/Model_Journal_Tuned10	../Syntropy_Result_Finals/Models/Model_Journal_Tuned10	pride	0.7840121388435364	0.032954368740320206	0.02074120007455349	0.013622741214931011	0.004180945921689272	0.010499071329832077	0.016162453219294548	0.0067026433534920216	0.7840121388435364	0.027509981766343117	0.020144686102867126	0.057463791221380234	0.006005939096212387
141	pride	../Syntropy_Result_Finals/Models/Model_Journal_Tuned10	../Syntropy_Result_Finals/Models/Model_Journal_Tuned10	neutral	0.7253371477127075	0.7253371477127075	0.019125107675790787	0.018389219418168068	0.04731031879782677	0.016701040789484978	0.017951980233192444	0.007910789921879768	0.05461371690034866	0.03290562704205513	0.009234228171408176	0.038585323840379715	0.011935582384467125
609	pride	../Syntropy_Result_Finals/Models/Model_Journal_Tuned10	../Syntropy_Result_Finals/Models/Model_Journal_Tuned10	pride	0.3583482801914215	0.15613386034965515	0.029666215181350708	0.013922778889536858	0.008437958545982838	0.012447996065020561	0.02008768916130066	0.008578876033425331	0.3583482801914215	0.08343273401260376	0.04876416549086571	0.25241658091545105	0.007762836292386055
838	pride	../Syntropy_Result_Finals/Models/Model_Journal_Tuned10	../Syntropy_Result_Finals/Models/Model_Journal_Tuned10	pride	0.8663409948348999	0.01999564655125141	0.015978537499904633	0.011428017169237137	0.004297883249819279	0.007448695600032806	0.010697374120354652	0.0062897177413105965	0.8663409948348999	0.01756254956126213	0.010977521538734436	0.024075446650385857	0.004907643888145685
1156	excitement	../Syntropy_Result_Finals/Models/Model_Journal_Tuned10	../Syntropy_Result_Finals/Models/Model_Journal_Tuned10	neutral	0.3290526568889618	0.3290526568889618	0.03474148362874985	0.016697250306606293	0.005912670399993658	0.01890174299478531	0.02990012988448143	0.011083662509918213	0.12161099165678024	0.07439383119344711	0.03902994468808174	0.3063087463378906	0.012366848066449165
139	neutral	../Syntropy_Result_Finals/Models/Model_Journal_Tuned10	../Syntropy_Result_Finals/Models/Model_Journal_Tuned10	sadness	0.639487624168396	0.12686499953269958	0.06996327638626099	0.017963241785764694	0.639487624168396	0.005086585879325867	0.03084573894739151	0.020989254117012024	0.014419945888221264	0.04288803040981293	0.005888341460376978	0.02271900326013565	0.00288406596519053
911	joy	../Syntropy_Result_Finals/Models/Model_Journal_Tuned10	../Syntropy_Result_Finals/Models/Model_Journal_Tuned10	excitement	0.576968789100647	0.05012898147106171	0.004061564803123474	0.0034030633978545666	0.002273682039231062	0.004580742213875055	0.007283022627234459	0.0034001681488007307	0.044613149017095566	0.2852649390697479	0.014734606258571148	0.576968789100647	0.003287308383733034
973	excitement	../Syntropy_Result_Finals/Models/Model_Journal_Tuned10	../Syntropy_Result_Finals/Models/Model_Journal_Tuned10	pride	0.742331862449646	0.04145897552371025	0.019650394096970558	0.011268559843301773	0.003853137604892254	0.010334573686122894	0.017609821632504463	0.008300777524709702	0.742331862449646	0.0282098650932312	0.030845899134874344	0.08104989677667618	0.005086217075586319
224	excitement	../Syntropy_Result_Finals/Models/Model_Journal_Tuned10	../Syntropy_Result_Finals/Models/Model_Journal_Tuned10	excitement	0.9090944528579712	0.017334962263703346	0.0030645187944173813	0.0016211791662499309	0.0012621559435501695	0.0012144368374720216	0.0046268729493021965	0.0011311908019706607	0.021282102912664413	0.0244073998183012	0.013057785108685493	0.9090944528579712	0.0019029808463528752
398	pride	../Syntropy_Result_Finals/Models/Model_Journal_Tuned10	../Syntropy_Result_Finals/Models/Model_Journal_Tuned10	pride	0.7551980018615723	0.03730237856507301	0.019874872639775276	0.012010017409920692	0.004328726325184107	0.008392350748181343	0.016556445509195328	0.0060090734623372555	0.7551980018615723	0.03327089175581932	0.021174399182200432	0.07904299348592758	0.006839826237410307
274	neutral	../Syntropy_Result_Finals/Models/Model_Journal_Tuned10	../Syntropy_Result_Finals/Models/Model_Journal_Tuned10	excitement	0.3477708697319031	0.23263946175575256	0.00968039222061634	0.005075898487120867	0.008512845262885094	0.0051785740070044994	0.011171051301062107	0.008033034391701221	0.1195431649684906	0.22441713511943817	0.024347810074687004	0.3477708697319031	0.0036298511549830437
323	pride	../Syntropy_Result_Finals/Models/Model_Journal_Tuned10	../Syntropy_Result_Finals/Models/Model_Journal_Tuned10	excitement	0.7632978558540344	0.02863408997654915	0.004860358778387308	0.002512854989618063	0.0015154079301282763	0.0016480954363942146	0.005991687998175621	0.001603460405021906	0.08425965160131454	0.08045937865972519	0.023041052743792534	0.7632978558540344	0.00217615719884634
342	pride	../Syntropy_Result_Finals/Models/Model_Journal_Tuned10	../Syntropy_Result_Finals/Models/Model_Journal_Tuned10	excitement	0.6423969864845276	0.0646730363368988	0.004325498826801777	0.0020440395455807447	0.0028429997619241476	0.00206764112226665	0.005698729772120714	0.002392805414274335	0.06107436120510101	0.1969570815563202	0.013107635080814362	0.6423969864845276	0.0024192084092646837
807	joy	../Syntropy_Result_Finals/Models/Model_Journal_Tuned10	../Syntropy_Result_Finals/Models/Model_Journal_Tuned10	excitement	0.3494756519794464	0.34674349427223206	0.009006096050143242	0.0036666314117610455	0.005310410168021917	0.005736323539167643	0.014655453152954578	0.008702865801751614	0.05563795939087868	0.17408406734466553	0.023129820823669434	0.3494756519794464	0.003851210931316018
1078	excitement	../Syntropy_Result_Finals/Models/Model_Journal_Tuned10	../Syntropy_Result_Finals/Models/Model_Journal_Tuned10	excitement	0.8380973935127258	0.05393267050385475	0.0077874911949038506	0.00475767906755209	0.0021111913956701756	0.0055838157422840595	0.012104911729693413	0.0023127030581235886	0.024044759571552277	0.017285313457250595	0.027239512652158737	0.8380973935127258	0.004742609802633524
718	neutral	../Syntropy_Result_Finals/Models/Model_Journal_Tuned10	../Syntropy_Result_Finals/Models/Model_Journal_Tuned10	neutral	0.4121968150138855	0.4121968150138855	0.05659901350736618	0.032227616757154465	0.027009284123778343	0.010081078857183456	0.025654632598161697	0.006496501620858908	0.1276969164609909	0.21074587106704712	0.016111968085169792	0.06032310053706169	0.014857238158583641
969	embarrassment	../Syntropy_Result_Finals/Models/Model_Journal_Tuned10	../Syntropy_Result_Finals/Models/Model_Journal_Tuned10	neutral	0.4584173858165741	0.4584173858165741	0.1052127555012703	0.041765108704566956	0.038450486958026886	0.01806805282831192	0.057157184928655624	0.014087540097534657	0.14258450269699097	0.02983037196099758	0.02912479266524315	0.05636477842926979	0.008937002159655094
447	neutral	../Syntropy_Result_Finals/Models/Model_Journal_Tuned10	../Syntropy_Result_Finals/Models/Model_Journal_Tuned10	nervousness	0.292684406042099	0.25634992122650146	0.292684406042099	0.15950216352939606	0.03082982823252678	0.018895737826824188	0.04338248074054718	0.01189148798584938	0.053432807326316833	0.04682312533259392	0.02381015755236149	0.04214557260274887	0.02025226317346096
634	neutral	../Syntropy_Result_Finals/Models/Model_Journal_Tuned10	../Syntropy_Result_Finals/Models/Model_Journal_Tuned10	neutral	0.7615703344345093	0.7615703344345093	0.0074799563735723495	0.00584571436047554	0.005326791200786829	0.012746254913508892	0.023679107427597046	0.007354529574513435	0.02780788578093052	0.0296812541782856	0.03403684124350548	0.07928694039583206	0.005184479057788849
344	joy	../Syntropy_Result_Finals/Models/Model_Journal_Tuned10	../Syntropy_Result_Finals/Models/Model_Journal_Tuned10	excitement	0.6652504801750183	0.0870419517159462	0.005675746593624353	0.0033284854143857956	0.002045513829216361	0.004492302890866995	0.006626795046031475	0.0025840611197054386	0.06529542058706284	0.13261328637599945	0.02154293842613697	0.6652504801750183	0.003503067884594202
1040	sadness	../Syntropy_Result_Finals/Models/Model_Journal_Tuned10	../Syntropy_Result_Finals/Models/Model_Journal_Tuned10	neutral	0.4157809317111969	0.4157809317111969	0.05390632525086403	0.031349509954452515	0.17493614554405212	0.006818408612161875	0.09750756621360779	0.02396765723824501	0.05296092480421066	0.06070513278245926	0.02569747157394886	0.04577495530247688	0.010595003142952919
1005	neutral	../Syntropy_Result_Finals/Models/Model_Journal_Tuned10	../Syntropy_Result_Finals/Models/Model_Journal_Tuned10	pride	0.796873152256012	0.028494086116552353	0.014227871783077717	0.008136965334415436	0.004014558158814907	0.004997363314032555	0.011465729214251041	0.004863240290433168	0.796873152256012	0.03531825914978981	0.013561551459133625	0.07418757677078247	0.003859560936689377
843	nervousness	../Syntropy_Result_Finals/Models/Model_Journal_Tuned10	../Syntropy_Result_Finals/Models/Model_Journal_Tuned10	nervousness	0.2698725759983063	0.20390094816684723	0.2698725759983063	0.10872043669223785	0.07620494812726974	0.03601152449846268	0.07187473773956299	0.0171019546687603	0.052431367337703705	0.02461501583456993	0.02878984995186329	0.08636263757944107	0.024113992229104042
549	embarrassment	../Syntropy_Result_Finals/Models/Model_Journal_Tuned10	../Syntropy_Result_Finals/Models/Model_Journal_Tuned10	embarrassment	0.6326519846916199	0.01861419714987278	0.19602654874324799	0.03274150565266609	0.01504489965736866	0.030792606994509697	0.026477159932255745	0.6326519846916199	0.01486996840685606	0.008623325265944004	0.007774913217872381	0.010201181285083294	0.006181770004332066
1112	neutral	../Syntropy_Result_Finals/Models/Model_Journal_Tuned10	../Syntropy_Result_Finals/Models/Model_Journal_Tuned10	excitement	0.6184306740760803	0.0857856497168541	0.005073389038443565	0.002545497380197048	0.0025970733258873224	0.0037593310698866844	0.009507471695542336	0.0035741941537708044	0.04258197173476219	0.20415200293064117	0.01904197223484516	0.6184306740760803	0.0029507724102586508
526	excitement	../Syntropy_Result_Finals/Models/Model_Journal_Tuned10	../Syntropy_Result_Finals/Models/Model_Journal_Tuned10	neutral	0.3219372034072876	0.3219372034072876	0.032465074211359024	0.014783686026930809	0.006636401638388634	0.009253207594156265	0.028448443859815598	0.005747397895902395	0.140426903963089	0.10445206612348557	0.024552306160330772	0.299508661031723	0.011788656003773212
365	excitement	../Syntropy_Result_Finals/Models/Model_Journal_Tuned10	../Syntropy_Result_Finals/Models/Model_Journal_Tuned10	neutral	0.2744825482368469	0.2744825482368469	0.035478170961141586	0.02716870605945587	0.007882816717028618	0.010189881548285484	0.03253611549735069	0.013941333629190922	0.14471420645713806	0.12111420929431915	0.059921830892562866	0.2675655484199524	0.00500454381108284
855	joy	../Syntropy_Result_Finals/Models/Model_Journal_Tuned10	../Syntropy_Result_Finals/Models/Model_Journal_Tuned10	excitement	0.3604922592639923	0.18770460784435272	0.01756776124238968	0.007631862070411444	0.004776439629495144	0.007676026318222284	0.029871094971895218	0.005099225789308548	0.22753068804740906	0.10392039269208908	0.04128822684288025	0.3604922592639923	0.006441422738134861
701	neutral	../Syntropy_Result_Finals/Models/Model_Journal_Tuned10	../Syntropy_Result_Finals/Models/Model_Journal_Tuned10	neutral	0.46057090163230896	0.46057090163230896	0.00824096892029047	0.011922396719455719	0.005938345566391945	0.009470030665397644	0.026400413364171982	0.007846567779779434	0.03820580989122391	0.08635125309228897	0.04351741820573807	0.2942080497741699	0.007327813655138016
321	surprise	../Syntropy_Result_Finals/Models/Model_Journal_Tuned10	../Syntropy_Result_Finals/Models/Model_Journal_Tuned10	excitement	0.806869387626648	0.04835858941078186	0.0070070913061499596	0.00665839621797204	0.003317490452900529	0.003813815303146839	0.011910777539014816	0.004783122334629297	0.021357571706175804	0.0465586893260479	0.037612516433000565	0.806869387626648	0.001752569805830717
803	joy	../Syntropy_Result_Finals/Models/Model_Journal_Tuned10	../Syntropy_Result_Finals/Models/Model_Journal_Tuned10	excitement	0.6183960437774658	0.03861772641539574	0.005852117668837309	0.0044280667789280415	0.0015897287521511316	0.009428581222891808	0.011022230610251427	0.0033243249636143446	0.03401736170053482	0.04915923625230789	0.21929022669792175	0.6183960437774658	0.004874347243458033
707	excitement	../Syntropy_Result_Finals/Models/Model_Journal_Tuned10	../Syntropy_Result_Finals/Models/Model_Journal_Tuned10	excitement	0.49264422059059143	0.037851348519325256	0.0034202374517917633	0.0021158000454306602	0.002251522848382592	0.002134880982339382	0.0036078188568353653	0.0019128391286358237	0.04251484200358391	0.40195226669311523	0.0075512900948524475	0.49264422059059143	0.0020429559517651796
944	pride	../Syntropy_Result_Finals/Models/Model_Journal_Tuned10	../Syntropy_Result_Finals/Models/Model_Journal_Tuned10	confusion	0.3256292939186096	0.31451860070228577	0.020504863932728767	0.01748545654118061	0.00905196089297533	0.005053212400525808	0.3256292939186096	0.006197964772582054	0.10594573616981506	0.030835848301649094	0.03496094420552254	0.12004097551107407	0.009775134734809399
613	neutral	../Syntropy_Result_Finals/Models/Model_Journal_Tuned10	../Syntropy_Result_Finals/Models/Model_Journal_Tuned10	neutral	0.5539796948432922	0.5539796948432922	0.053077686578035355	0.039638880640268326	0.06904123723506927	0.024010632187128067	0.025042450055480003	0.010497849434614182	0.09790922701358795	0.06547943502664566	0.014749585650861263	0.02709030546247959	0.01948307640850544
39	anger	../Syntropy_Result_Finals/Models/Model_Journal_Tuned10	../Syntropy_Result_Finals/Models/Model_Journal_Tuned10	neutral	0.5593558549880981	0.5593558549880981	0.04119465872645378	0.019670449197292328	0.007729309611022472	0.010417819023132324	0.079524464905262	0.006456013768911362	0.05093483626842499	0.05000431463122368	0.02753332071006298	0.14076629281044006	0.006412670481950045
30	excitement	../Syntropy_Result_Finals/Models/Model_Journal_Tuned10	../Syntropy_Result_Finals/Models/Model_Journal_Tuned10	excitement	0.5653504729270935	0.07658651471138	0.009926148690283298	0.005058689508587122	0.003077038563787937	0.005124530289322138	0.020593415945768356	0.004574736580252647	0.1695907860994339	0.05123011767864227	0.08432744443416595	0.5653504729270935	0.004560090601444244
242	excitement	../Syntropy_Result_Finals/Models/Model_Journal_Tuned10	../Syntropy_Result_Finals/Models/Model_Journal_Tuned10	neutral	0.7095897197723389	0.7095897197723389	0.022632509469985962	0.00430110190063715	0.027109352871775627	0.007223799824714661	0.01957632787525654	0.010435602627694607	0.03629431501030922	0.10536818951368332	0.01331526879221201	0.039487890899181366	0.004665841814130545
1110	joy	../Syntropy_Result_Finals/Models/Model_Journal_Tuned10	../Syntropy_Result_Finals/Models/Model_Journal_Tuned10	neutral	0.7386254668235779	0.7386254668235779	0.03159089758992195	0.009155073203146458	0.0366259403526783	0.009598704054951668	0.03032047301530838	0.008528430946171284	0.019917532801628113	0.057406943291425705	0.01952662691473961	0.03259783610701561	0.006106051150709391
136	joy	../Syntropy_Result_Finals/Models/Model_Journal_Tuned10	../Syntropy_Result_Finals/Models/Model_Journal_Tuned10	neutral	0.35966756939888	0.35966756939888	0.11449486017227173	0.03602873906493187	0.059723347425460815	0.02104094624519348	0.029478775337338448	0.013624507933855057	0.09038129448890686	0.1046530082821846	0.02863369882106781	0.1271631419658661	0.015110078267753124
310	excitement	../Syntropy_Result_Finals/Models/Model_Journal_Tuned10	../Syntropy_Result_Finals/Models/Model_Journal_Tuned10	neutral	0.3937956690788269	0.3937956690788269	0.10213343799114227	0.05466701090335846	0.18662208318710327	0.008275843225419521	0.08816216140985489	0.02123822085559368	0.055716123431921005	0.030028559267520905	0.015521586872637272	0.024351926520466805	0.019487349316477776
1066	nervousness	../Syntropy_Result_Finals/Models/Model_Journal_Tuned10	../Syntropy_Result_Finals/Models/Model_Journal_Tuned10	nervousness	0.8029574751853943	0.008303101174533367	0.8029574751853943	0.1181042268872261	0.007305892650038004	0.006734824739396572	0.011596607975661755	0.008467534556984901	0.0088032903149724	0.011160627007484436	0.006997415330260992	0.007821113802492619	0.0017479229718446732
503	neutral	../Syntropy_Result_Finals/Models/Model_Journal_Tuned10	../Syntropy_Result_Finals/Models/Model_Journal_Tuned10	joy	0.37180814146995544	0.3081405460834503	0.011408878490328789	0.008593971841037273	0.0074431318789720535	0.004294857382774353	0.010624006390571594	0.004293972626328468	0.0768076479434967	0.37180814146995544	0.015636425465345383	0.17731419205665588	0.0036342726089060307
780	neutral	../Syntropy_Result_Finals/Models/Model_Journal_Tuned10	../Syntropy_Result_Finals/Models/Model_Journal_Tuned10	neutral	0.532376229763031	0.532376229763031	0.013974038884043694	0.011341269128024578	0.006781464442610741	0.02466621994972229	0.036645375192165375	0.011203276924788952	0.04824789613485336	0.08442764729261398	0.06949061900377274	0.15215301513671875	0.008693031035363674
1122	excitement	../Syntropy_Result_Finals/Models/Model_Journal_Tuned10	../Syntropy_Result_Finals/Models/Model_Journal_Tuned10	excitement	0.4504045844078064	0.2646861672401428	0.008708232082426548	0.005285251885652542	0.0040268609300255775	0.007748184259980917	0.021480800583958626	0.005738172680139542	0.0696980282664299	0.11459330469369888	0.04232702776789665	0.4504045844078064	0.005303382873535156
1264	joy	../Syntropy_Result_Finals/Models/Model_Journal_Tuned10	../Syntropy_Result_Finals/Models/Model_Journal_Tuned10	neutral	0.3730589747428894	0.3730589747428894	0.15162521600723267	0.033445265144109726	0.1036088764667511	0.03718039020895958	0.06057066470384598	0.039326805621385574	0.0386161170899868	0.035680390894412994	0.03796873614192009	0.07863520085811615	0.01028332207351923
453	joy	../Syntropy_Result_Finals/Models/Model_Journal_Tuned10	../Syntropy_Result_Finals/Models/Model_Journal_Tuned10	excitement	0.4752279818058014	0.1723567396402359	0.01185735035687685	0.00800675805658102	0.003950741142034531	0.009109788574278355	0.014708098955452442	0.004501641727983952	0.11028247326612473	0.1547914743423462	0.027600016444921494	0.4752279818058014	0.007607082836329937
3	neutral	../Syntropy_Result_Finals/Models/Model_Journal_Tuned10	../Syntropy_Result_Finals/Models/Model_Journal_Tuned10	excitement	0.6946729421615601	0.10904324054718018	0.006042662542313337	0.00245103077031672	0.005850089713931084	0.0034451433457434177	0.00920127984136343	0.004564077593386173	0.035143814980983734	0.10423312336206436	0.02280106209218502	0.6946729421615601	0.002551506506279111
111	neutral	../Syntropy_Result_Finals/Models/Model_Journal_Tuned10	../Syntropy_Result_Finals/Models/Model_Journal_Tuned10	neutral	0.4608422517776489	0.4608422517776489	0.06789357960224152	0.06250137090682983	0.023945633322000504	0.06604765355587006	0.05076371878385544	0.015391671098768711	0.13391339778900146	0.03359078988432884	0.028376976028084755	0.028803246095776558	0.027929825708270073
670	joy	../Syntropy_Result_Finals/Models/Model_Journal_Tuned10	../Syntropy_Result_Finals/Models/Model_Journal_Tuned10	neutral	0.4093593657016754	0.4093593657016754	0.020931214094161987	0.007276739925146103	0.015540746040642262	0.007614040281623602	0.016266824677586555	0.008898260071873665	0.1688692569732666	0.1761564016342163	0.01751435361802578	0.14670412242412567	0.004868665244430304
1097	excitement	../Syntropy_Result_Finals/Models/Model_Journal_Tuned10	../Syntropy_Result_Finals/Models/Model_Journal_Tuned10	pride	0.7614414095878601	0.05139835178852081	0.017322320491075516	0.011278914287686348	0.004398361314088106	0.0110393725335598	0.012453564442694187	0.006801438983529806	0.7614414095878601	0.03593906760215759	0.025759359821677208	0.05693185329437256	0.005235966295003891
482	pride	../Syntropy_Result_Finals/Models/Model_Journal_Tuned10	../Syntropy_Result_Finals/Models/Model_Journal_Tuned10	pride	0.8196055293083191	0.027903862297534943	0.027343804016709328	0.02203521691262722	0.007562784943729639	0.015213063918054104	0.012693831697106361	0.009261497296392918	0.8196055293083191	0.020855970680713654	0.014108293689787388	0.014840747229754925	0.008575312793254852
921	pride	../Syntropy_Result_Finals/Models/Model_Journal_Tuned10	../Syntropy_Result_Finals/Models/Model_Journal_Tuned10	pride	0.43699032068252563	0.30514705181121826	0.017011472955346107	0.0130981570109725	0.017005033791065216	0.009961269795894623	0.02048632502555847	0.006586735602468252	0.43699032068252563	0.07844921946525574	0.020056894049048424	0.0648832619190216	0.01032427977770567
931	nervousness	../Syntropy_Result_Finals/Models/Model_Journal_Tuned10	../Syntropy_Result_Finals/Models/Model_Journal_Tuned10	excitement	0.7229493856430054	0.029756616801023483	0.0035240519791841507	0.0020142074208706617	0.0010747987544164062	0.0017758043250069022	0.005615175701677799	0.001468900591135025	0.06408356130123138	0.14926689863204956	0.01639343798160553	0.7229493856430054	0.0020772446878254414
1139	confusion	../Syntropy_Result_Finals/Models/Model_Journal_Tuned10	../Syntropy_Result_Finals/Models/Model_Journal_Tuned10	excitement	0.8953311443328857	0.019160570576786995	0.008091981522738934	0.00809552427381277	0.0015600729966536164	0.0023527524899691343	0.01012344565242529	0.001532906899228692	0.018282977864146233	0.016629070043563843	0.016827398911118507	0.8953311443328857	0.002012168522924185
429	joy	../Syntropy_Result_Finals/Models/Model_Journal_Tuned10	../Syntropy_Result_Finals/Models/Model_Journal_Tuned10	pride	0.3152308762073517	0.13730914890766144	0.0233582966029644	0.016849568113684654	0.011229366064071655	0.0063261729665100574	0.014397966675460339	0.004344706889241934	0.3152308762073517	0.22793112695217133	0.017062824219465256	0.21889975666999817	0.007060264237225056
314	joy	../Syntropy_Result_Finals/Models/Model_Journal_Tuned10	../Syntropy_Result_Finals/Models/Model_Journal_Tuned10	excitement	0.5523476600646973	0.07348435372114182	0.0042467969469726086	0.002781445160508156	0.0019274262012913823	0.0024599621538072824	0.0051222434267401695	0.002231562277302146	0.042797159403562546	0.2998541295528412	0.01056184247136116	0.5523476600646973	0.0021853195503354073
1030	surprise	../Syntropy_Result_Finals/Models/Model_Journal_Tuned10	../Syntropy_Result_Finals/Models/Model_Journal_Tuned10	excitement	0.520179808139801	0.10953220725059509	0.018562987446784973	0.004753128159791231	0.016386738047003746	0.00439867377281189	0.023322848603129387	0.008712518960237503	0.04123670607805252	0.1343269944190979	0.11546677350997925	0.520179808139801	0.003120665205642581
319	excitement	../Syntropy_Result_Finals/Models/Model_Journal_Tuned10	../Syntropy_Result_Finals/Models/Model_Journal_Tuned10	excitement	0.7231662273406982	0.06918666511774063	0.008255025371909142	0.0040526846423745155	0.002491752151399851	0.0034757223911583424	0.010872804559767246	0.0021870885975658894	0.09021887928247452	0.053873177617788315	0.028231659904122353	0.7231662273406982	0.003988277167081833
579	nervousness	../Syntropy_Result_Finals/Models/Model_Journal_Tuned10	../Syntropy_Result_Finals/Models/Model_Journal_Tuned10	nervousness	0.37079140543937683	0.04353109747171402	0.37079140543937683	0.0976455882191658	0.14172469079494476	0.01312089804559946	0.2515397369861603	0.02318371832370758	0.012286956422030926	0.011804552748799324	0.01480026077479124	0.009205278009176254	0.010365794412791729
630	pride	../Syntropy_Result_Finals/Models/Model_Journal_Tuned10	../Syntropy_Result_Finals/Models/Model_Journal_Tuned10	neutral	0.561427891254425	0.561427891254425	0.029653944075107574	0.011939829215407372	0.01179965678602457	0.012507034465670586	0.03007565252482891	0.007020887453109026	0.06142847612500191	0.10339164733886719	0.019219793379306793	0.13948212563991547	0.012053010985255241
5	nervousness	../Syntropy_Result_Finals/Models/Model_Journal_Tuned10	../Syntropy_Result_Finals/Models/Model_Journal_Tuned10	nervousness	0.28248605132102966	0.14299829304218292	0.28248605132102966	0.08559142798185349	0.17992658913135529	0.10463601350784302	0.04199746623635292	0.031830016523599625	0.033281706273555756	0.016056617721915245	0.01544817816466093	0.019259728491306305	0.046487946063280106
100	neutral	../Syntropy_Result_Finals/Models/Model_Journal_Tuned10	../Syntropy_Result_Finals/Models/Model_Journal_Tuned10	joy	0.3398572504520416	0.09812711924314499	0.007223379798233509	0.005792685318738222	0.006826219614595175	0.002444098237901926	0.0067038098350167274	0.002537703374400735	0.18440091609954834	0.3398572504520416	0.00998173002153635	0.33239224553108215	0.0037127742543816566
710	joy	../Syntropy_Result_Finals/Models/Model_Journal_Tuned10	../Syntropy_Result_Finals/Models/Model_Journal_Tuned10	excitement	0.3837659955024719	0.15798571705818176	0.006233841180801392	0.005342424847185612	0.005098635330796242	0.005767359398305416	0.023394044488668442	0.005984963849186897	0.05952799320220947	0.31779056787490845	0.019768131896853447	0.3837659955024719	0.009340271353721619
567	excitement	../Syntropy_Result_Finals/Models/Model_Journal_Tuned10	../Syntropy_Result_Finals/Models/Model_Journal_Tuned10	excitement	0.34820783138275146	0.13273710012435913	0.023531606420874596	0.014561768621206284	0.0074329557828605175	0.011102600023150444	0.03166649490594864	0.006275805179029703	0.31059756875038147	0.0545339435338974	0.05118190869688988	0.34820783138275146	0.008170461282134056
545	neutral	../Syntropy_Result_Finals/Models/Model_Journal_Tuned10	../Syntropy_Result_Finals/Models/Model_Journal_Tuned10	neutral	0.7432094812393188	0.7432094812393188	0.029676882550120354	0.01191907748579979	0.009548475034534931	0.014417086727917194	0.034682657569646835	0.00549666490405798	0.06018906831741333	0.03446102887392044	0.01566440984606743	0.03318357840180397	0.0075516607612371445
644	joy	../Syntropy_Result_Finals/Models/Model_Journal_Tuned10	../Syntropy_Result_Finals/Models/Model_Journal_Tuned10	joy	0.3885054290294647	0.21248844265937805	0.0087348073720932	0.004049940034747124	0.004459375981241465	0.005893914494663477	0.009163318201899529	0.0031535581219941378	0.07482337206602097	0.3885054290294647	0.01605108194053173	0.26796916127204895	0.004707560874521732
909	confusion	../Syntropy_Result_Finals/Models/Model_Journal_Tuned10	../Syntropy_Result_Finals/Models/Model_Journal_Tuned10	confusion	0.5273268222808838	0.024103958159685135	0.21915510296821594	0.06876718252897263	0.029369665309786797	0.008078198879957199	0.5273268222808838	0.04328425973653793	0.01095580868422985	0.0077812219969928265	0.015226641669869423	0.0184811819344759	0.02746996283531189
802	neutral	../Syntropy_Result_Finals/Models/Model_Journal_Tuned10	../Syntropy_Result_Finals/Models/Model_Journal_Tuned10	excitement	0.5956007838249207	0.1256909966468811	0.007324718404561281	0.003049831837415695	0.0037008204963058233	0.0028396276757121086	0.010566436685621738	0.0030515133403241634	0.10966750979423523	0.11275063455104828	0.022775711491703987	0.5956007838249207	0.002981500467285514
467	surprise	../Syntropy_Result_Finals/Models/Model_Journal_Tuned10	../Syntropy_Result_Finals/Models/Model_Journal_Tuned10	excitement	0.4633423984050751	0.1764770746231079	0.006914237048476934	0.003028114326298237	0.0038244943134486675	0.005272761452943087	0.011687499471008778	0.004088052082806826	0.03551938012242317	0.2605236768722534	0.024959679692983627	0.4633423984050751	0.004362630657851696
390	excitement	../Syntropy_Result_Finals/Models/Model_Journal_Tuned10	../Syntropy_Result_Finals/Models/Model_Journal_Tuned10	excitement	0.6944746971130371	0.07651292532682419	0.009679940529167652	0.0064570666290819645	0.0030464481096714735	0.00884182471781969	0.014895886182785034	0.00493867602199316	0.08140206336975098	0.03945379704236984	0.0554092600941658	0.6944746971130371	0.0048873573541641235
227	neutral	../Syntropy_Result_Finals/Models/Model_Journal_Tuned10	../Syntropy_Result_Finals/Models/Model_Journal_Tuned10	neutral	0.49514782428741455	0.49514782428741455	0.043167080730199814	0.013965213671326637	0.03398425132036209	0.01496038492769003	0.024839863181114197	0.012505663558840752	0.15296486020088196	0.13044095039367676	0.016878187656402588	0.052580010145902634	0.008565844036638737
536	excitement	../Syntropy_Result_Finals/Models/Model_Journal_Tuned10	../Syntropy_Result_Finals/Models/Model_Journal_Tuned10	excitement	0.8355154395103455	0.02140321210026741	0.010006324388086796	0.007036716677248478	0.002346978522837162	0.004644321743398905	0.009482836350798607	0.002647529589012265	0.05781571939587593	0.01478126086294651	0.02905822917819023	0.8355154395103455	0.005261451471596956
1057	neutral	../Syntropy_Result_Finals/Models/Model_Journal_Tuned10	../Syntropy_Result_Finals/Models/Model_Journal_Tuned10	excitement	0.8451691269874573	0.021215716376900673	0.0019489803817123175	0.001213211682625115	0.0007222101557999849	0.0017571873031556606	0.004460352007299662	0.0012590057449415326	0.030666012316942215	0.06957558542490005	0.0202482920140028	0.8451691269874573	0.0017642194870859385
712	neutral	../Syntropy_Result_Finals/Models/Model_Journal_Tuned10	../Syntropy_Result_Finals/Models/Model_Journal_Tuned10	surprise	0.7182688117027283	0.05246499180793762	0.004187917802482843	0.012379598803818226	0.0031766402535140514	0.03337514400482178	0.02157783880829811	0.007034097332507372	0.004390386398881674	0.007440601475536823	0.7182688117027283	0.0738404169678688	0.06186361238360405
471	neutral	../Syntropy_Result_Finals/Models/Model_Journal_Tuned10	../Syntropy_Result_Finals/Models/Model_Journal_Tuned10	neutral	0.5989442467689514	0.5989442467689514	0.012881414964795113	0.015994438901543617	0.008915125392377377	0.016498347744345665	0.031745392829179764	0.008174349553883076	0.05303170531988144	0.057190172374248505	0.04835502803325653	0.13950605690479279	0.008763819001615047
66	excitement	../Syntropy_Result_Finals/Models/Model_Journal_Tuned10	../Syntropy_Result_Finals/Models/Model_Journal_Tuned10	excitement	0.6695374250411987	0.052328526973724365	0.005321479868143797	0.0027018210384994745	0.0019064077641814947	0.0023951581679284573	0.008133184164762497	0.0028149874415248632	0.06166675686836243	0.17917673289775848	0.011947979219257832	0.6695374250411987	0.0020695882849395275
1089	neutral	../Syntropy_Result_Finals/Models/Model_Journal_Tuned10	../Syntropy_Result_Finals/Models/Model_Journal_Tuned10	neutral	0.4087274968624115	0.4087274968624115	0.03688430413603783	0.011838950216770172	0.018104759976267815	0.009431940503418446	0.01985418051481247	0.006964832544326782	0.10867223143577576	0.1484050154685974	0.02231515385210514	0.20250923931598663	0.0062918891198933125
67	surprise	../Syntropy_Result_Finals/Models/Model_Journal_Tuned10	../Syntropy_Result_Finals/Models/Model_Journal_Tuned10	nervousness	0.4827042520046234	0.05216292664408684	0.4827042520046234	0.23909276723861694	0.04590003192424774	0.02072232775390148	0.034082669764757156	0.02458161674439907	0.018620673567056656	0.012671920470893383	0.03497273847460747	0.02225636877119541	0.01223174761980772
629	joy	../Syntropy_Result_Finals/Models/Model_Journal_Tuned10	../Syntropy_Result_Finals/Models/Model_Journal_Tuned10	nervousness	0.27495625615119934	0.18803603947162628	0.27495625615119934	0.07801689207553864	0.03014664724469185	0.053409092128276825	0.0733017772436142	0.03564009070396423	0.0511440671980381	0.07771673798561096	0.02141203172504902	0.07011903077363968	0.04610131308436394
211	pride	../Syntropy_Result_Finals/Models/Model_Journal_Tuned10	../Syntropy_Result_Finals/Models/Model_Journal_Tuned10	pride	0.7877874374389648	0.049434594810009	0.02331722155213356	0.015674080699682236	0.0046915519051253796	0.011640607379376888	0.0206241887062788	0.00946324598044157	0.7877874374389648	0.020424725487828255	0.019608885049819946	0.029591532424092293	0.007741865236312151
12	pride	../Syntropy_Result_Finals/Models/Model_Journal_Tuned10	../Syntropy_Result_Finals/Models/Model_Journal_Tuned10	pride	0.4877074360847473	0.17330120503902435	0.019837496802210808	0.01079736277461052	0.008378611877560616	0.005676664412021637	0.022372735664248466	0.005572035908699036	0.4877074360847473	0.08939298242330551	0.016016095876693726	0.15572625398635864	0.005221076775342226
566	joy	../Syntropy_Result_Finals/Models/Model_Journal_Tuned10	../Syntropy_Result_Finals/Models/Model_Journal_Tuned10	neutral	0.6894733905792236	0.6894733905792236	0.012991312891244888	0.006712855771183968	0.01423363946378231	0.013101836666464806	0.02265053801238537	0.011737478896975517	0.022991063073277473	0.1260966807603836	0.020756835117936134	0.05287313461303711	0.006381182000041008
720	sadness	../Syntropy_Result_Finals/Models/Model_Journal_Tuned10	../Syntropy_Result_Finals/Models/Model_Journal_Tuned10	nervousness	0.4923718571662903	0.04875721037387848	0.4923718571662903	0.10717591643333435	0.21043609082698822	0.0285772867500782	0.029219578951597214	0.03104620799422264	0.013069570064544678	0.009880423545837402	0.005826131906360388	0.005992754362523556	0.017647041007876396
299	excitement	../Syntropy_Result_Finals/Models/Model_Journal_Tuned10	../Syntropy_Result_Finals/Models/Model_Journal_Tuned10	pride	0.6072911024093628	0.04953285679221153	0.02156089060008526	0.009009674191474915	0.004891773220151663	0.007378116250038147	0.019296718761324883	0.008130623959004879	0.6072911024093628	0.04358816519379616	0.03578927367925644	0.18812647461891174	0.005404291208833456
513	pride	../Syntropy_Result_Finals/Models/Model_Journal_Tuned10	../Syntropy_Result_Finals/Models/Model_Journal_Tuned10	pride	0.43412479758262634	0.2378067523241043	0.036283113062381744	0.0317477211356163	0.016627682372927666	0.017485523596405983	0.031706005334854126	0.009483406320214272	0.43412479758262634	0.056014470756053925	0.026867523789405823	0.09099456667900085	0.010858493857085705
849	nervousness	../Syntropy_Result_Finals/Models/Model_Journal_Tuned10	../Syntropy_Result_Finals/Models/Model_Journal_Tuned10	nervousness	0.4498438537120819	0.16505804657936096	0.4498438537120819	0.11555401980876923	0.018667303025722504	0.019800368696451187	0.10021525621414185	0.017341552302241325	0.022877797484397888	0.024442484602332115	0.021704452112317085	0.034472282975912094	0.010022545233368874
1141	sadness	../Syntropy_Result_Finals/Models/Model_Journal_Tuned10	../Syntropy_Result_Finals/Models/Model_Journal_Tuned10	neutral	0.4526827335357666	0.4526827335357666	0.020783821120858192	0.01572687365114689	0.04272869974374771	0.008893326856195927	0.017656082287430763	0.01367899402976036	0.17212006449699402	0.11643977463245392	0.021112648770213127	0.11235322058200836	0.005823845975100994
745	excitement	../Syntropy_Result_Finals/Models/Model_Journal_Tuned10	../Syntropy_Result_Finals/Models/Model_Journal_Tuned10	neutral	0.40882155299186707	0.40882155299186707	0.013762778602540493	0.013174652121961117	0.005909482482820749	0.014285396784543991	0.04256189242005348	0.004967300686985254	0.15115876495838165	0.0498429611325264	0.04883513227105141	0.23507553339004517	0.011604523286223412
754	embarrassment	../Syntropy_Result_Finals/Models/Model_Journal_Tuned10	../Syntropy_Result_Finals/Models/Model_Journal_Tuned10	neutral	0.4290824234485626	0.4290824234485626	0.05187361314892769	0.023082323372364044	0.014480354264378548	0.036546580493450165	0.03409659117460251	0.012926535680890083	0.2116761952638626	0.049087267369031906	0.02961578406393528	0.07731234282255173	0.03022000752389431
1207	nervousness	../Syntropy_Result_Finals/Models/Model_Journal_Tuned10	../Syntropy_Result_Finals/Models/Model_Journal_Tuned10	neutral	0.2326762080192566	0.2326762080192566	0.19753582775592804	0.09367157518863678	0.041401080787181854	0.07255459576845169	0.039327386766672134	0.013696976006031036	0.06867850571870804	0.028222357854247093	0.035225603729486465	0.1404629498720169	0.036546990275382996
558	neutral	../Syntropy_Result_Finals/Models/Model_Journal_Tuned10	../Syntropy_Result_Finals/Models/Model_Journal_Tuned10	excitement	0.3628670871257782	0.11085809022188187	0.021540846675634384	0.010404558852314949	0.0052323369309306145	0.00750235328450799	0.022984037175774574	0.005479288753122091	0.23108719289302826	0.19422730803489685	0.0200657956302166	0.3628670871257782	0.007751229219138622
589	pride	../Syntropy_Result_Finals/Models/Model_Journal_Tuned10	../Syntropy_Result_Finals/Models/Model_Journal_Tuned10	neutral	0.37313973903656006	0.37313973903656006	0.020997462794184685	0.016869351267814636	0.006130867637693882	0.013557626865804195	0.04486839845776558	0.0104178786277771	0.14407849311828613	0.07957589626312256	0.05977188050746918	0.22254127264022827	0.008051172830164433
1048	disgust	../Syntropy_Result_Finals/Models/Model_Journal_Tuned10	../Syntropy_Result_Finals/Models/Model_Journal_Tuned10	disgust	0.9363004565238953	0.009001540020108223	0.0043298243544995785	0.012657946906983852	0.001541012548841536	0.9363004565238953	0.0030487545300275087	0.009503968060016632	0.0021086949855089188	0.0013845755020156503	0.004623090848326683	0.0015743448166176677	0.013925820589065552
1188	joy	../Syntropy_Result_Finals/Models/Model_Journal_Tuned10	../Syntropy_Result_Finals/Models/Model_Journal_Tuned10	excitement	0.7920130491256714	0.0337989367544651	0.003318916307762265	0.002078430727124214	0.0016265705926343799	0.0017640858422964811	0.0049284896813333035	0.0021295256447046995	0.04692810773849487	0.0952538475394249	0.014518705196678638	0.7920130491256714	0.0016413304256275296
424	joy	../Syntropy_Result_Finals/Models/Model_Journal_Tuned10	../Syntropy_Result_Finals/Models/Model_Journal_Tuned10	pride	0.4582979083061218	0.13823175430297852	0.014427050948143005	0.009545433335006237	0.007350399624556303	0.006678352132439613	0.016897303983569145	0.005723230540752411	0.4582979083061218	0.08161187916994095	0.03492094576358795	0.2213699072599411	0.004945883061736822
1127	pride	../Syntropy_Result_Finals/Models/Model_Journal_Tuned10	../Syntropy_Result_Finals/Models/Model_Journal_Tuned10	joy	0.4911012053489685	0.17836906015872955	0.004363490268588066	0.002407969906926155	0.005270318128168583	0.0030827424488961697	0.006394743453711271	0.0033558872528374195	0.03758959472179413	0.4911012053489685	0.005532943177968264	0.25845038890838623	0.004081618506461382
1100	neutral	../Syntropy_Result_Finals/Models/Model_Journal_Tuned10	../Syntropy_Result_Finals/Models/Model_Journal_Tuned10	neutral	0.4463936984539032	0.4463936984539032	0.07608449459075928	0.02623252011835575	0.02352955937385559	0.03023276850581169	0.05248348042368889	0.011838508769869804	0.12463473528623581	0.04400629177689552	0.03248732164502144	0.10895119607448578	0.02312557026743889
273	joy	../Syntropy_Result_Finals/Models/Model_Journal_Tuned10	../Syntropy_Result_Finals/Models/Model_Journal_Tuned10	excitement	0.30799493193626404	0.28648287057876587	0.0077893962152302265	0.0036839095409959555	0.0071443975903093815	0.006669610273092985	0.01163382176309824	0.008004146628081799	0.04292820394039154	0.29322123527526855	0.020658176392316818	0.30799493193626404	0.0037892821710556746
937	joy	../Syntropy_Result_Finals/Models/Model_Journal_Tuned10	../Syntropy_Result_Finals/Models/Model_Journal_Tuned10	excitement	0.5776848196983337	0.09065312147140503	0.006219188682734966	0.0037115351296961308	0.002321806736290455	0.004631135147064924	0.008731762878596783	0.0033318486530333757	0.04470217972993851	0.23257870972156525	0.021937701851129532	0.5776848196983337	0.003496224293485284
362	joy	../Syntropy_Result_Finals/Models/Model_Journal_Tuned10	../Syntropy_Result_Finals/Models/Model_Journal_Tuned10	joy	0.47355860471725464	0.045293159782886505	0.0032948236912488937	0.0017460003728047013	0.0033338989596813917	0.0011354762827977538	0.003791454480960965	0.001993392128497362	0.02825917676091194	0.47355860471725464	0.006039868108928204	0.4301726222038269	0.0013815333368256688
237	joy	../Syntropy_Result_Finals/Models/Model_Journal_Tuned10	../Syntropy_Result_Finals/Models/Model_Journal_Tuned10	neutral	0.3786894679069519	0.3786894679069519	0.013059951364994049	0.0035721291787922382	0.012069976888597012	0.005416847765445709	0.013739565387368202	0.006145833525806665	0.05180731788277626	0.24003490805625916	0.02250795252621174	0.24881727993488312	0.004138708580285311
1165	excitement	../Syntropy_Result_Finals/Models/Model_Journal_Tuned10	../Syntropy_Result_Finals/Models/Model_Journal_Tuned10	excitement	0.6115586757659912	0.08978938311338425	0.0058924113400280476	0.0031565609388053417	0.0020751894917339087	0.004304039757698774	0.007461411412805319	0.003312446642667055	0.087806835770607	0.15659518539905548	0.025095028802752495	0.6115586757659912	0.002952887676656246
1220	embarrassment	../Syntropy_Result_Finals/Models/Model_Journal_Tuned10	../Syntropy_Result_Finals/Models/Model_Journal_Tuned10	nervousness	0.6711462140083313	0.012238247320055962	0.6711462140083313	0.10043646395206451	0.038314204663038254	0.010725005529820919	0.10166719555854797	0.02799069508910179	0.006689249072223902	0.00906238704919815	0.01082103606313467	0.007112422492355108	0.003796927398070693
2	joy	../Syntropy_Result_Finals/Models/Model_Journal_Tuned10	../Syntropy_Result_Finals/Models/Model_Journal_Tuned10	excitement	0.5238214731216431	0.05501359701156616	0.0032176214735955	0.0016892841085791588	0.00299274455755949	0.0016150990268215537	0.005472635850310326	0.0021354358177632093	0.01847599819302559	0.3730447590351105	0.010732377879321575	0.5238214731216431	0.0017889199079945683
6	pride	../Syntropy_Result_Finals/Models/Model_Journal_Tuned10	../Syntropy_Result_Finals/Models/Model_Journal_Tuned10	excitement	0.3619612455368042	0.2508883774280548	0.017831286415457726	0.010007665492594242	0.005499711260199547	0.011226453818380833	0.03368724510073662	0.005992859601974487	0.18554992973804474	0.05218689888715744	0.0582159198820591	0.3619612455368042	0.006952389143407345
1054	neutral	../Syntropy_Result_Finals/Models/Model_Journal_Tuned10	../Syntropy_Result_Finals/Models/Model_Journal_Tuned10	neutral	0.3989846110343933	0.3989846110343933	0.00972304493188858	0.0049894824624061584	0.005684012547135353	0.007021754514425993	0.01681753247976303	0.005317631643265486	0.04788887873291969	0.18717952072620392	0.02046699821949005	0.2917289137840271	0.004197532311081886
311	pride	../Syntropy_Result_Finals/Models/Model_Journal_Tuned10	../Syntropy_Result_Finals/Models/Model_Journal_Tuned10	neutral	0.521030843257904	0.521030843257904	0.04314957931637764	0.03824778273701668	0.014513901434838772	0.04260837286710739	0.026180274784564972	0.009105945937335491	0.16885828971862793	0.03790906071662903	0.027223339304327965	0.04920271784067154	0.02196989208459854
1092	disgust	../Syntropy_Result_Finals/Models/Model_Journal_Tuned10	../Syntropy_Result_Finals/Models/Model_Journal_Tuned10	disgust	0.890665590763092	0.022891301661729813	0.011057579889893532	0.0174971092492342	0.004406142979860306	0.890665590763092	0.007137077394872904	0.01475358847528696	0.0026867203414440155	0.0024204489309340715	0.006646428257226944	0.003436354221776128	0.016401702538132668
532	joy	../Syntropy_Result_Finals/Models/Model_Journal_Tuned10	../Syntropy_Result_Finals/Models/Model_Journal_Tuned10	neutral	0.5081728100776672	0.5081728100776672	0.09621637314558029	0.03440491855144501	0.09291182458400726	0.042624764144420624	0.06713175028562546	0.037806436419487	0.01618054509162903	0.028651947155594826	0.029840990900993347	0.025865180417895317	0.02019236795604229
552	surprise	../Syntropy_Result_Finals/Models/Model_Journal_Tuned10	../Syntropy_Result_Finals/Models/Model_Journal_Tuned10	excitement	0.33262863755226135	0.23036381602287292	0.06076306477189064	0.045380283147096634	0.007293146103620529	0.03409906104207039	0.042826034128665924	0.009592553600668907	0.12520132958889008	0.048752352595329285	0.04836682602763176	0.33262863755226135	0.014732884243130684
679	excitement	../Syntropy_Result_Finals/Models/Model_Journal_Tuned10	../Syntropy_Result_Finals/Models/Model_Journal_Tuned10	neutral	0.3330858647823334	0.3330858647823334	0.03654548153281212	0.024738501757383347	0.015097856521606445	0.0146204624325037	0.05058887600898743	0.014942603185772896	0.1907191127538681	0.10772331804037094	0.06182245910167694	0.13976317644119263	0.010352283716201782
966	pride	../Syntropy_Result_Finals/Models/Model_Journal_Tuned10	../Syntropy_Result_Finals/Models/Model_Journal_Tuned10	pride	0.5377561450004578	0.18091318011283875	0.03863963857293129	0.02430553361773491	0.010806567966938019	0.02314060367643833	0.03276875242590904	0.013073205016553402	0.5377561450004578	0.04228267818689346	0.028733497485518456	0.05319895222783089	0.01438131369650364
215	fear	../Syntropy_Result_Finals/Models/Model_Journal_Tuned10	../Syntropy_Result_Finals/Models/Model_Journal_Tuned10	nervousness	0.6910859942436218	0.016148140653967857	0.6910859942436218	0.1388135403394699	0.01189490221440792	0.010121852159500122	0.06883253157138824	0.013800610788166523	0.014501774683594704	0.011433239094913006	0.010740947909653187	0.008600419387221336	0.004026035312563181
527	nervousness	../Syntropy_Result_Finals/Models/Model_Journal_Tuned10	../Syntropy_Result_Finals/Models/Model_Journal_Tuned10	nervousness	0.40418148040771484	0.12872345745563507	0.40418148040771484	0.0960121676325798	0.061763133853673935	0.05530419573187828	0.08126066625118256	0.026117784902453423	0.04295756667852402	0.01629297062754631	0.01746642403304577	0.019763872027397156	0.05015626549720764
27	excitement	../Syntropy_Result_Finals/Models/Model_Journal_Tuned10	../Syntropy_Result_Finals/Models/Model_Journal_Tuned10	pride	0.7001054883003235	0.08624105155467987	0.02789357863366604	0.022454898804426193	0.014016254805028439	0.014367153868079185	0.018476493656635284	0.008507817052304745	0.7001054883003235	0.03787911683320999	0.019693199545145035	0.04048668593168259	0.009878265671432018
1227	neutral	../Syntropy_Result_Finals/Models/Model_Journal_Tuned10	../Syntropy_Result_Finals/Models/Model_Journal_Tuned10	neutral	0.4702521562576294	0.4702521562576294	0.10358785837888718	0.055837005376815796	0.02117127552628517	0.018814805895090103	0.060118962079286575	0.012998085469007492	0.042040422558784485	0.061333220452070236	0.0494454950094223	0.09675542265176773	0.0076451669447124004
727	joy	../Syntropy_Result_Finals/Models/Model_Journal_Tuned10	../Syntropy_Result_Finals/Models/Model_Journal_Tuned10	joy	0.48315826058387756	0.12925444543361664	0.00965763907879591	0.005343219265341759	0.008940267376601696	0.003069207537919283	0.006287211086601019	0.0022366191260516644	0.04295052960515022	0.48315826058387756	0.010521117597818375	0.2954731583595276	0.0031082897912710905
730	nervousness	../Syntropy_Result_Finals/Models/Model_Journal_Tuned10	../Syntropy_Result_Finals/Models/Model_Journal_Tuned10	pride	0.29391050338745117	0.17484919726848602	0.14973095059394836	0.07251449674367905	0.00918793398886919	0.02553793229162693	0.04796602204442024	0.012751354835927486	0.29391050338745117	0.0495285727083683	0.04620678722858429	0.09937641024589539	0.018439827486872673
875	neutral	../Syntropy_Result_Finals/Models/Model_Journal_Tuned10	../Syntropy_Result_Finals/Models/Model_Journal_Tuned10	neutral	0.30600282549858093	0.30600282549858093	0.017293129116296768	0.007939563132822514	0.00875365361571312	0.007234403397887945	0.015717482194304466	0.005126218777149916	0.06441542506217957	0.24113737046718597	0.019007980823516846	0.3008507192134857	0.006521325092762709
542	neutral	../Syntropy_Result_Finals/Models/Model_Journal_Tuned10	../Syntropy_Result_Finals/Models/Model_Journal_Tuned10	neutral	0.6103944778442383	0.6103944778442383	0.03104996867477894	0.019256018102169037	0.014479732140898705	0.028717169538140297	0.029562141746282578	0.007900777272880077	0.12225311249494553	0.049295008182525635	0.022268353030085564	0.04600934311747551	0.018813908100128174
541	excitement	../Syntropy_Result_Finals/Models/Model_Journal_Tuned10	../Syntropy_Result_Finals/Models/Model_Journal_Tuned10	excitement	0.8850828409194946	0.022667622193694115	0.00719200074672699	0.006882727611809969	0.0017140194540843368	0.003386316355317831	0.009381631389260292	0.0019949423149228096	0.01915767975151539	0.012634862214326859	0.026778569445014	0.8850828409194946	0.0031267586164176464
823	nervousness	../Syntropy_Result_Finals/Models/Model_Journal_Tuned10	../Syntropy_Result_Finals/Models/Model_Journal_Tuned10	neutral	0.46188434958457947	0.46188434958457947	0.030914733186364174	0.018789976835250854	0.008415806107223034	0.016992194578051567	0.03260241448879242	0.0074075511656701565	0.1371036171913147	0.05310014262795448	0.031022775918245316	0.18646766245365143	0.01529876608401537
598	joy	../Syntropy_Result_Finals/Models/Model_Journal_Tuned10	../Syntropy_Result_Finals/Models/Model_Journal_Tuned10	neutral	0.38161787390708923	0.38161787390708923	0.033588115125894547	0.013712489977478981	0.023396536707878113	0.010577228851616383	0.013868737034499645	0.005927513353526592	0.06045613810420036	0.33335191011428833	0.014132997952401638	0.09996843338012695	0.009402071125805378
354	pride	../Syntropy_Result_Finals/Models/Model_Journal_Tuned10	../Syntropy_Result_Finals/Models/Model_Journal_Tuned10	excitement	0.6819485425949097	0.021173687651753426	0.0030020633712410927	0.001838114345446229	0.0018543266924098134	0.0014569747727364302	0.0038199597038328648	0.0021079140715301037	0.02336162142455578	0.24982833862304688	0.008003627881407738	0.6819485425949097	0.0016049016267061234
1114	neutral	../Syntropy_Result_Finals/Models/Model_Journal_Tuned10	../Syntropy_Result_Finals/Models/Model_Journal_Tuned10	neutral	0.5687258839607239	0.5687258839607239	0.012385478243231773	0.0040795947425067425	0.01077781617641449	0.006248995661735535	0.014240631833672523	0.005061483941972256	0.023925408720970154	0.20488034188747406	0.015401538461446762	0.1289268434047699	0.005345987156033516
677	excitement	../Syntropy_Result_Finals/Models/Model_Journal_Tuned10	../Syntropy_Result_Finals/Models/Model_Journal_Tuned10	neutral	0.39599040150642395	0.39599040150642395	0.014596033841371536	0.007053157780319452	0.005489990580826998	0.01249545905739069	0.030399182811379433	0.008622676134109497	0.07111556082963943	0.16265825927257538	0.07041458785533905	0.2136266976594925	0.0075378925539553165
256	joy	../Syntropy_Result_Finals/Models/Model_Journal_Tuned10	../Syntropy_Result_Finals/Models/Model_Journal_Tuned10	neutral	0.45664262771606445	0.45664262771606445	0.013595628552138805	0.004535600543022156	0.015644310042262077	0.006507985759526491	0.011799904517829418	0.006645401008427143	0.07682420313358307	0.2737365961074829	0.00937884021550417	0.12014348059892654	0.004545451607555151
291	pride	../Syntropy_Result_Finals/Models/Model_Journal_Tuned10	../Syntropy_Result_Finals/Models/Model_Journal_Tuned10	pride	0.3841937780380249	0.19721132516860962	0.024714887142181396	0.01446310244500637	0.00667145848274231	0.012141521088778973	0.025675909593701363	0.007285033818334341	0.3841937780380249	0.0640420913696289	0.0575719028711319	0.1966361403465271	0.009392799809575081
25	excitement	../Syntropy_Result_Finals/Models/Model_Journal_Tuned10	../Syntropy_Result_Finals/Models/Model_Journal_Tuned10	excitement	0.5075720548629761	0.11738209426403046	0.011464596726000309	0.005651271436363459	0.003905355930328369	0.005486706271767616	0.016344202682375908	0.004604342393577099	0.11165642738342285	0.17204663157463074	0.03978429734706879	0.5075720548629761	0.004102070350199938
336	joy	../Syntropy_Result_Finals/Models/Model_Journal_Tuned10	../Syntropy_Result_Finals/Models/Model_Journal_Tuned10	neutral	0.2572738528251648	0.2572738528251648	0.03073369525372982	0.014491211622953415	0.011828415095806122	0.0116000697016716	0.017630238085985184	0.007036804687231779	0.24720817804336548	0.15067148208618164	0.044968266040086746	0.19770193099975586	0.008855778723955154
486	pride	../Syntropy_Result_Finals/Models/Model_Journal_Tuned10	../Syntropy_Result_Finals/Models/Model_Journal_Tuned10	neutral	0.4219363033771515	0.4219363033771515	0.008536633104085922	0.0038006589747965336	0.007365785073488951	0.0055787647143006325	0.012583755888044834	0.007409247104078531	0.03477826341986656	0.25911635160446167	0.015728307887911797	0.2191135585308075	0.004052307922393084
47	excitement	../Syntropy_Result_Finals/Models/Model_Journal_Tuned10	../Syntropy_Result_Finals/Models/Model_Journal_Tuned10	excitement	0.8772424459457397	0.022132892161607742	0.010899361222982407	0.008269807323813438	0.002179184230044484	0.004479714669287205	0.0075782607309520245	0.002518268534913659	0.020579908043146133	0.018727540969848633	0.021103117614984512	0.8772424459457397	0.00428957911208272
318	nervousness	../Syntropy_Result_Finals/Models/Model_Journal_Tuned10	../Syntropy_Result_Finals/Models/Model_Journal_Tuned10	excitement	0.3452022969722748	0.24427208304405212	0.0399610809981823	0.024607621133327484	0.026416489854454994	0.02128089964389801	0.03705380856990814	0.02708854153752327	0.08377539366483688	0.07713313400745392	0.04565237835049629	0.3452022969722748	0.02755620703101158
106	nervousness	../Syntropy_Result_Finals/Models/Model_Journal_Tuned10	../Syntropy_Result_Finals/Models/Model_Journal_Tuned10	nervousness	0.6858305335044861	0.01566261239349842	0.6858305335044861	0.19402286410331726	0.0207833144813776	0.01927613839507103	0.01382555440068245	0.015042933635413647	0.008946881629526615	0.009833469055593014	0.00756803760305047	0.00605598883703351	0.0031516561284661293
899	nervousness	../Syntropy_Result_Finals/Models/Model_Journal_Tuned10	../Syntropy_Result_Finals/Models/Model_Journal_Tuned10	neutral	0.3539491295814514	0.3539491295814514	0.05796697735786438	0.028015004470944405	0.010578393936157227	0.013624177314341068	0.027358803898096085	0.007301726844161749	0.1600913405418396	0.1367543339729309	0.02552284300327301	0.1621633917093277	0.016673875972628593
55	pride	../Syntropy_Result_Finals/Models/Model_Journal_Tuned10	../Syntropy_Result_Finals/Models/Model_Journal_Tuned10	pride	0.5173120498657227	0.09635226428508759	0.01574443280696869	0.010151912458240986	0.005161214154213667	0.006200986448675394	0.02057262882590294	0.004829134792089462	0.5173120498657227	0.06311327964067459	0.026616649702191353	0.2272360622882843	0.0067094191908836365
584	anger	../Syntropy_Result_Finals/Models/Model_Journal_Tuned10	../Syntropy_Result_Finals/Models/Model_Journal_Tuned10	sadness	0.5220615267753601	0.06163202226161957	0.23757348954677582	0.07837705314159393	0.5220615267753601	0.01886296272277832	0.016920968890190125	0.024612093344330788	0.01094654481858015	0.009142116643488407	0.0061002918519079685	0.004595525097101927	0.00917529035359621
213	neutral	../Syntropy_Result_Finals/Models/Model_Journal_Tuned10	../Syntropy_Result_Finals/Models/Model_Journal_Tuned10	neutral	0.5132719874382019	0.5132719874382019	0.03947733715176582	0.03232394531369209	0.00920386053621769	0.00893991719931364	0.028081368654966354	0.0083114393055439	0.0884595587849617	0.09339869022369385	0.03923054784536362	0.13178704679012299	0.007514332886785269
120	joy	../Syntropy_Result_Finals/Models/Model_Journal_Tuned10	../Syntropy_Result_Finals/Models/Model_Journal_Tuned10	excitement	0.8441973328590393	0.018613744527101517	0.0034725582227110863	0.0025848273653537035	0.0019736383110284805	0.0013363540638238192	0.0034926736261695623	0.0019701290875673294	0.03855162113904953	0.061194684356451035	0.02129199542105198	0.8441973328590393	0.001320367562584579
628	pride	../Syntropy_Result_Finals/Models/Model_Journal_Tuned10	../Syntropy_Result_Finals/Models/Model_Journal_Tuned10	excitement	0.5637693405151367	0.10921092331409454	0.014411442913115025	0.0046995473094284534	0.0031796572729945183	0.005283880978822708	0.017421904951334	0.004075313452631235	0.17595720291137695	0.061909087002277374	0.03568170964717865	0.5637693405151367	0.004400018602609634
842	neutral	../Syntropy_Result_Finals/Models/Model_Journal_Tuned10	../Syntropy_Result_Finals/Models/Model_Journal_Tuned10	joy	0.40381738543510437	0.25277212262153625	0.003933869767934084	0.0017991048516705632	0.006515298504382372	0.0023649069480597973	0.007479407358914614	0.0034143647644668818	0.019198328256607056	0.40381738543510437	0.008987747132778168	0.2861926853656769	0.0035247178748250008
582	joy	../Syntropy_Result_Finals/Models/Model_Journal_Tuned10	../Syntropy_Result_Finals/Models/Model_Journal_Tuned10	neutral	0.7641696333885193	0.7641696333885193	0.014778646640479565	0.007486853748559952	0.006972288712859154	0.013892577961087227	0.031268347054719925	0.005444839131087065	0.04857873171567917	0.051224853843450546	0.013655858114361763	0.034876514226198196	0.0076507944613695145
72	joy	../Syntropy_Result_Finals/Models/Model_Journal_Tuned10	../Syntropy_Result_Finals/Models/Model_Journal_Tuned10	pride	0.6619980931282043	0.09130650013685226	0.010661814361810684	0.009446884505450726	0.007779763545840979	0.0052745165303349495	0.011347445659339428	0.0048822215758264065	0.6619980931282043	0.08577582985162735	0.013326029293239117	0.0927632600069046	0.0054376027546823025
410	joy	../Syntropy_Result_Finals/Models/Model_Journal_Tuned10	../Syntropy_Result_Finals/Models/Model_Journal_Tuned10	neutral	0.3306349217891693	0.3306349217891693	0.015643801540136337	0.010048400610685349	0.006201240234076977	0.007406661286950111	0.025298237800598145	0.007268077693879604	0.14781156182289124	0.1253599375486374	0.05472278222441673	0.26438990235328674	0.00521452073007822
672	excitement	../Syntropy_Result_Finals/Models/Model_Journal_Tuned10	../Syntropy_Result_Finals/Models/Model_Journal_Tuned10	excitement	0.5943440794944763	0.11456265300512314	0.009211789816617966	0.007238937541842461	0.002188984304666519	0.012600117363035679	0.014871243387460709	0.004455800633877516	0.039819180965423584	0.16120696067810059	0.033732302486896515	0.5943440794944763	0.005767895840108395
839	neutral	../Syntropy_Result_Finals/Models/Model_Journal_Tuned10	../Syntropy_Result_Finals/Models/Model_Journal_Tuned10	neutral	0.849114179611206	0.849114179611206	0.00891848374158144	0.007406312040984631	0.021880926564335823	0.010682796128094196	0.022385600954294205	0.003993502818048	0.0120913777500391	0.023071715608239174	0.012992849573493004	0.016819369047880173	0.01064284797757864
919	joy	../Syntropy_Result_Finals/Models/Model_Journal_Tuned10	../Syntropy_Result_Finals/Models/Model_Journal_Tuned10	neutral	0.7011055946350098	0.7011055946350098	0.019291989505290985	0.006276191212236881	0.022471562027931213	0.00791831873357296	0.016398074105381966	0.0077097853645682335	0.03623722121119499	0.10949988663196564	0.013485923409461975	0.055101510137319565	0.004504070151597261
432	pride	../Syntropy_Result_Finals/Models/Model_Journal_Tuned10	../Syntropy_Result_Finals/Models/Model_Journal_Tuned10	excitement	0.3546179533004761	0.25154656171798706	0.02993210405111313	0.012114877812564373	0.012376410886645317	0.007205271627753973	0.018751712515950203	0.00787712074816227	0.15969456732273102	0.12087486684322357	0.020378686487674713	0.3546179533004761	0.004629947245121002
1085	neutral	../Syntropy_Result_Finals/Models/Model_Journal_Tuned10	../Syntropy_Result_Finals/Models/Model_Journal_Tuned10	neutral	0.9122580289840698	0.9122580289840698	0.005795672070235014	0.003934974782168865	0.013032275252044201	0.0062240539118647575	0.010826321318745613	0.0029696798883378506	0.009791933000087738	0.01549686398357153	0.0060056899674236774	0.008232198655605316	0.005432250909507275
1010	joy	../Syntropy_Result_Finals/Models/Model_Journal_Tuned10	../Syntropy_Result_Finals/Models/Model_Journal_Tuned10	excitement	0.557137131690979	0.14229120314121246	0.0066554793156683445	0.0035276636481285095	0.0026797240134328604	0.006865686271339655	0.009295977652072906	0.003605314763262868	0.07121168076992035	0.15958812832832336	0.03184224292635918	0.557137131690979	0.005299704615026712
881	surprise	../Syntropy_Result_Finals/Models/Model_Journal_Tuned10	../Syntropy_Result_Finals/Models/Model_Journal_Tuned10	surprise	0.527968168258667	0.03774767369031906	0.005844619125127792	0.002813188126310706	0.0023007236886769533	0.0032767336815595627	0.010607276111841202	0.002843893365934491	0.027088407427072525	0.04173954576253891	0.527968168258667	0.33551523089408875	0.002254597609862685
617	surprise	../Syntropy_Result_Finals/Models/Model_Journal_Tuned10	../Syntropy_Result_Finals/Models/Model_Journal_Tuned10	neutral	0.35353055596351624	0.35353055596351624	0.03328020125627518	0.015569829382002354	0.0056824516505002975	0.007588489912450314	0.11811309307813644	0.00594604155048728	0.07606303691864014	0.03395172581076622	0.06894699484109879	0.2748297154903412	0.0064978464506566525
1058	joy	../Syntropy_Result_Finals/Models/Model_Journal_Tuned10	../Syntropy_Result_Finals/Models/Model_Journal_Tuned10	excitement	0.43849894404411316	0.18491968512535095	0.01251514907926321	0.005856355652213097	0.005520223174244165	0.006435242947191	0.01448060292750597	0.005016735754907131	0.11715570837259293	0.1776990443468094	0.02727268636226654	0.43849894404411316	0.004629593808203936
523	neutral	../Syntropy_Result_Finals/Models/Model_Journal_Tuned10	../Syntropy_Result_Finals/Models/Model_Journal_Tuned10	excitement	0.8829255700111389	0.024178562685847282	0.006033227313309908	0.003753416705876589	0.0012910875957459211	0.0029391436837613583	0.007085332181304693	0.0015458507696166635	0.028004927560687065	0.021767981350421906	0.0168891754001379	0.8829255700111389	0.0035857083275914192
1033	neutral	../Syntropy_Result_Finals/Models/Model_Journal_Tuned10	../Syntropy_Result_Finals/Models/Model_Journal_Tuned10	neutral	0.42676079273223877	0.42676079273223877	0.03417213633656502	0.014722820371389389	0.010263501666486263	0.019007474184036255	0.024171099066734314	0.007343803066760302	0.25204649567604065	0.07360508292913437	0.02836553193628788	0.09457101672887802	0.014970239251852036
325	nervousness	../Syntropy_Result_Finals/Models/Model_Journal_Tuned10	../Syntropy_Result_Finals/Models/Model_Journal_Tuned10	nervousness	0.49078771471977234	0.05734710022807121	0.49078771471977234	0.22863022983074188	0.010512216947972775	0.017135389149188995	0.023972641676664352	0.01294692326337099	0.03475325554609299	0.020977206528186798	0.028611138463020325	0.067400261759758	0.006925971247255802
924	pride	../Syntropy_Result_Finals/Models/Model_Journal_Tuned10	../Syntropy_Result_Finals/Models/Model_Journal_Tuned10	neutral	0.644027829170227	0.644027829170227	0.023088200017809868	0.015931565314531326	0.008994233794510365	0.014371647499501705	0.03994997963309288	0.00814826413989067	0.03639648109674454	0.03234731778502464	0.0610525943338871	0.10905846953392029	0.00663346890360117
1250	joy	../Syntropy_Result_Finals/Models/Model_Journal_Tuned10	../Syntropy_Result_Finals/Models/Model_Journal_Tuned10	pride	0.4500124454498291	0.17006373405456543	0.020823078230023384	0.019153591245412827	0.0062743183225393295	0.01008290983736515	0.020575566217303276	0.005524602252990007	0.4500124454498291	0.10465128719806671	0.03206774219870567	0.148965984582901	0.011804778128862381
316	embarrassment	../Syntropy_Result_Finals/Models/Model_Journal_Tuned10	../Syntropy_Result_Finals/Models/Model_Journal_Tuned10	nervousness	0.48705852031707764	0.08925405889749527	0.48705852031707764	0.17787200212478638	0.012785608880221844	0.028260724619030952	0.026172665879130363	0.01067390013486147	0.05587366223335266	0.025836458429694176	0.019255319610238075	0.05131922662258148	0.01563783548772335
945	pride	../Syntropy_Result_Finals/Models/Model_Journal_Tuned10	../Syntropy_Result_Finals/Models/Model_Journal_Tuned10	excitement	0.4729158282279968	0.0998334065079689	0.007150453981012106	0.003853378351777792	0.004021733533591032	0.0029660288710147142	0.010859882459044456	0.003124992595985532	0.12080949544906616	0.2578778564929962	0.012716840952634811	0.4729158282279968	0.00387003761716187
933	disgust	../Syntropy_Result_Finals/Models/Model_Journal_Tuned10	../Syntropy_Result_Finals/Models/Model_Journal_Tuned10	neutral	0.6947282552719116	0.6947282552719116	0.026986239477992058	0.014004155993461609	0.007770317140966654	0.02334076724946499	0.058318618685007095	0.009235518053174019	0.055778469890356064	0.016333691775798798	0.029075277969241142	0.051713746041059494	0.01271500438451767
465	excitement	../Syntropy_Result_Finals/Models/Model_Journal_Tuned10	../Syntropy_Result_Finals/Models/Model_Journal_Tuned10	fear	0.515944242477417	0.07896889001131058	0.2557944357395172	0.515944242477417	0.014397801831364632	0.02186640165746212	0.013125342316925526	0.007287486456334591	0.0245203897356987	0.027002451941370964	0.017597481608390808	0.01598629541695118	0.007508794777095318
590	anger	../Syntropy_Result_Finals/Models/Model_Journal_Tuned10	../Syntropy_Result_Finals/Models/Model_Journal_Tuned10	fear	0.7907013297080994	0.01184835284948349	0.07375206053256989	0.7907013297080994	0.01794608309864998	0.06233019009232521	0.0065785180777311325	0.006416903808712959	0.005634002853184938	0.00473789731040597	0.008819440379738808	0.0035892834421247244	0.007645965553820133
1101	pride	../Syntropy_Result_Finals/Models/Model_Journal_Tuned10	../Syntropy_Result_Finals/Models/Model_Journal_Tuned10	pride	0.3900533616542816	0.1197885274887085	0.014699545688927174	0.006497369147837162	0.0032741865143179893	0.0072001260705292225	0.017626766115427017	0.005098820198327303	0.3900533616542816	0.11295660585165024	0.03253920376300812	0.2854675352573395	0.0047978600487113
1087	nervousness	../Syntropy_Result_Finals/Models/Model_Journal_Tuned10	../Syntropy_Result_Finals/Models/Model_Journal_Tuned10	nervousness	0.6110168099403381	0.03619401901960373	0.6110168099403381	0.16368304193019867	0.01328811701387167	0.017228389158844948	0.045059651136398315	0.016539709642529488	0.016150688752532005	0.01665954664349556	0.016627557575702667	0.036702487617731094	0.010850031860172749
561	joy	../Syntropy_Result_Finals/Models/Model_Journal_Tuned10	../Syntropy_Result_Finals/Models/Model_Journal_Tuned10	pride	0.35130980610847473	0.27511465549468994	0.04071000963449478	0.04182972386479378	0.04053410887718201	0.019365280866622925	0.017054494470357895	0.006636756472289562	0.35130980610847473	0.1265663057565689	0.014882167801260948	0.0464320071041584	0.019564732909202576
736	joy	../Syntropy_Result_Finals/Models/Model_Journal_Tuned10	../Syntropy_Result_Finals/Models/Model_Journal_Tuned10	excitement	0.6081655025482178	0.14393989741802216	0.011048324406147003	0.004857858642935753	0.003145226277410984	0.004708164371550083	0.01630348525941372	0.003379212459549308	0.09618469327688217	0.082003153860569	0.022049983963370323	0.6081655025482178	0.004214491229504347
60	surprise	../Syntropy_Result_Finals/Models/Model_Journal_Tuned10	../Syntropy_Result_Finals/Models/Model_Journal_Tuned10	excitement	0.4760097861289978	0.22147969901561737	0.016373587772250175	0.008642100729048252	0.009271850809454918	0.007605432532727718	0.0385606475174427	0.009421409107744694	0.04425973817706108	0.07153400778770447	0.08939012140035629	0.4760097861289978	0.007451615296304226
433	pride	../Syntropy_Result_Finals/Models/Model_Journal_Tuned10	../Syntropy_Result_Finals/Models/Model_Journal_Tuned10	excitement	0.7553688287734985	0.047673843801021576	0.002954448340460658	0.0026420701760798693	0.0013760722940787673	0.0036337405908852816	0.007805023342370987	0.002502045128494501	0.04740925505757332	0.033733468502759933	0.091168113052845	0.7553688287734985	0.0037331702187657356
808	excitement	../Syntropy_Result_Finals/Models/Model_Journal_Tuned10	../Syntropy_Result_Finals/Models/Model_Journal_Tuned10	neutral	0.42881128191947937	0.42881128191947937	0.010424149222671986	0.0066971066407859325	0.012858843430876732	0.004620106890797615	0.024956323206424713	0.008181910961866379	0.08127837628126144	0.18289928138256073	0.018204396590590477	0.2142341136932373	0.0068340362049639225
92	joy	../Syntropy_Result_Finals/Models/Model_Journal_Tuned10	../Syntropy_Result_Finals/Models/Model_Journal_Tuned10	neutral	0.26991817355155945	0.26991817355155945	0.2644358277320862	0.07251126319169998	0.16827501356601715	0.029112624004483223	0.05784225836396217	0.032305847853422165	0.020489871501922607	0.034499503672122955	0.01710013672709465	0.020865075290203094	0.012644445523619652
968	joy	../Syntropy_Result_Finals/Models/Model_Journal_Tuned10	../Syntropy_Result_Finals/Models/Model_Journal_Tuned10	excitement	0.4799252152442932	0.1268208771944046	0.00536450045183301	0.0033258122857660055	0.003538691671565175	0.004386060871183872	0.009844762273132801	0.0032902895472943783	0.04375264048576355	0.30128973722457886	0.014587023295462132	0.4799252152442932	0.0038744413759559393
493	joy	../Syntropy_Result_Finals/Models/Model_Journal_Tuned10	../Syntropy_Result_Finals/Models/Model_Journal_Tuned10	joy	0.5795869827270508	0.12552975118160248	0.005583525635302067	0.0022567391861230135	0.004460388328880072	0.0035521031823009253	0.00942633394151926	0.004869171418249607	0.03450974076986313	0.5795869827270508	0.01141295488923788	0.21620137989521027	0.0026109914761036634
351	joy	../Syntropy_Result_Finals/Models/Model_Journal_Tuned10	../Syntropy_Result_Finals/Models/Model_Journal_Tuned10	joy	0.5120099782943726	0.07074306160211563	0.003214864060282707	0.0018758154474198818	0.004104971885681152	0.002334610326215625	0.005587685853242874	0.003166642040014267	0.02501937747001648	0.5120099782943726	0.00704540591686964	0.3626508116722107	0.0022468457464128733
194	neutral	../Syntropy_Result_Finals/Models/Model_Journal_Tuned10	../Syntropy_Result_Finals/Models/Model_Journal_Tuned10	fear	0.8148544430732727	0.015416624024510384	0.09142735600471497	0.8148544430732727	0.004429963417351246	0.01355849951505661	0.007348374463617802	0.0035877879709005356	0.011861920356750488	0.01215312909334898	0.009050143882632256	0.012310225516557693	0.00400151452049613
280	neutral	../Syntropy_Result_Finals/Models/Model_Journal_Tuned10	../Syntropy_Result_Finals/Models/Model_Journal_Tuned10	excitement	0.683554470539093	0.0853969007730484	0.008193803019821644	0.00909621175378561	0.004635211080312729	0.006518524140119553	0.023696808144450188	0.009616157971322536	0.024730900302529335	0.09118544310331345	0.04992124065756798	0.683554470539093	0.003454325720667839
948	neutral	../Syntropy_Result_Finals/Models/Model_Journal_Tuned10	../Syntropy_Result_Finals/Models/Model_Journal_Tuned10	neutral	0.4742185175418854	0.4742185175418854	0.03991500288248062	0.023952987045049667	0.010009645484387875	0.016457341611385345	0.028421007096767426	0.00616944907233119	0.15729641914367676	0.06307253241539001	0.022665388882160187	0.1342894285917282	0.023532245308160782
884	pride	../Syntropy_Result_Finals/Models/Model_Journal_Tuned10	../Syntropy_Result_Finals/Models/Model_Journal_Tuned10	pride	0.7786189317703247	0.03496180847287178	0.03131043165922165	0.022947022691369057	0.005899518728256226	0.015426550060510635	0.01634085178375244	0.010055892169475555	0.7786189317703247	0.022981466725468636	0.022630948573350906	0.030267886817455292	0.008558744564652443
359	pride	../Syntropy_Result_Finals/Models/Model_Journal_Tuned10	../Syntropy_Result_Finals/Models/Model_Journal_Tuned10	excitement	0.37425318360328674	0.17282864451408386	0.011333450675010681	0.008418720215559006	0.0032102426048368216	0.012204669415950775	0.022225750610232353	0.005543343257158995	0.19806092977523804	0.12607666850090027	0.05871390551328659	0.37425318360328674	0.007130433805286884
1230	neutral	../Syntropy_Result_Finals/Models/Model_Journal_Tuned10	../Syntropy_Result_Finals/Models/Model_Journal_Tuned10	excitement	0.4882928729057312	0.17674396932125092	0.02207241952419281	0.008926763199269772	0.0029428584966808558	0.005987900774925947	0.02574246935546398	0.0037384163588285446	0.14551246166229248	0.0844101756811142	0.028135662898421288	0.4882928729057312	0.007493979763239622
930	excitement	../Syntropy_Result_Finals/Models/Model_Journal_Tuned10	../Syntropy_Result_Finals/Models/Model_Journal_Tuned10	excitement	0.46993833780288696	0.22128500044345856	0.017490793019533157	0.016934027895331383	0.0052242097444832325	0.013742029666900635	0.04075463116168976	0.005688825622200966	0.1097634881734848	0.04950304329395294	0.04041074216365814	0.46993833780288696	0.009264801628887653
938	neutral	../Syntropy_Result_Finals/Models/Model_Journal_Tuned10	../Syntropy_Result_Finals/Models/Model_Journal_Tuned10	nervousness	0.34125229716300964	0.16168947517871857	0.34125229716300964	0.11419928073883057	0.13252966105937958	0.042986150830984116	0.04744679853320122	0.04014158248901367	0.02272159233689308	0.034619588404893875	0.01681591384112835	0.030613264068961143	0.014984358102083206
588	excitement	../Syntropy_Result_Finals/Models/Model_Journal_Tuned10	../Syntropy_Result_Finals/Models/Model_Journal_Tuned10	neutral	0.33502429723739624	0.33502429723739624	0.018217694014310837	0.010279458947479725	0.022061454132199287	0.006158309523016214	0.013019454665482044	0.005013383459299803	0.1432410478591919	0.24496576189994812	0.011784592643380165	0.1795710176229477	0.010663527995347977
1029	neutral	../Syntropy_Result_Finals/Models/Model_Journal_Tuned10	../Syntropy_Result_Finals/Models/Model_Journal_Tuned10	neutral	0.30846360325813293	0.30846360325813293	0.015047567896544933	0.005470707546919584	0.010318073444068432	0.005050692707300186	0.016452688723802567	0.004929305519908667	0.08805766701698303	0.26048898696899414	0.019172048196196556	0.2623254358768463	0.004223288968205452
1041	fear	../Syntropy_Result_Finals/Models/Model_Journal_Tuned10	../Syntropy_Result_Finals/Models/Model_Journal_Tuned10	nervousness	0.33043211698532104	0.16454969346523285	0.33043211698532104	0.16655246913433075	0.13217943906784058	0.04063287004828453	0.051554758101701736	0.028912553563714027	0.02560279332101345	0.013402972370386124	0.01427885890007019	0.014173869043588638	0.017727578058838844
812	joy	../Syntropy_Result_Finals/Models/Model_Journal_Tuned10	../Syntropy_Result_Finals/Models/Model_Journal_Tuned10	neutral	0.38468921184539795	0.38468921184539795	0.01764361746609211	0.007440682966262102	0.010125743225216866	0.013069277629256248	0.02918309159576893	0.013156873174011707	0.042215168476104736	0.1120309978723526	0.05790766328573227	0.30713343620300293	0.005404291208833456
182	pride	../Syntropy_Result_Finals/Models/Model_Journal_Tuned10	../Syntropy_Result_Finals/Models/Model_Journal_Tuned10	excitement	0.44100990891456604	0.07421979308128357	0.018342941999435425	0.0077985720708966255	0.003893052926287055	0.007480808533728123	0.01736263558268547	0.005589426029473543	0.32973623275756836	0.060776159167289734	0.02792436070740223	0.44100990891456604	0.0058660563081502914
716	joy	../Syntropy_Result_Finals/Models/Model_Journal_Tuned10	../Syntropy_Result_Finals/Models/Model_Journal_Tuned10	neutral	0.5009599328041077	0.5009599328041077	0.028901133686304092	0.016826780512928963	0.009093145839869976	0.025695733726024628	0.03831607103347778	0.008920393884181976	0.07330265641212463	0.08701792359352112	0.034253768622875214	0.1615990400314331	0.015113430097699165
529	surprise	../Syntropy_Result_Finals/Models/Model_Journal_Tuned10	../Syntropy_Result_Finals/Models/Model_Journal_Tuned10	pride	0.3356587588787079	0.24820852279663086	0.07232850044965744	0.08157112449407578	0.023178333416581154	0.03350311145186424	0.04136497527360916	0.008726788684725761	0.3356587588787079	0.05173543095588684	0.025703508406877518	0.034658029675483704	0.04336291179060936
110	neutral	../Syntropy_Result_Finals/Models/Model_Journal_Tuned10	../Syntropy_Result_Finals/Models/Model_Journal_Tuned10	pride	0.6611565351486206	0.12603212893009186	0.02196687087416649	0.01724761351943016	0.00960712879896164	0.01441454328596592	0.015458893030881882	0.006545619107782841	0.6611565351486206	0.05853763222694397	0.015406445600092411	0.0421920083463192	0.011434542015194893
370	excitement	../Syntropy_Result_Finals/Models/Model_Journal_Tuned10	../Syntropy_Result_Finals/Models/Model_Journal_Tuned10	excitement	0.5853649973869324	0.07858135551214218	0.00415604654699564	0.0024861847050487995	0.0027336429338902235	0.0015436094254255295	0.005608065985143185	0.001930136582814157	0.06407760083675385	0.23860615491867065	0.012866510078310966	0.5853649973869324	0.00204566796310246
458	sadness	../Syntropy_Result_Finals/Models/Model_Journal_Tuned10	../Syntropy_Result_Finals/Models/Model_Journal_Tuned10	neutral	0.3138243854045868	0.3138243854045868	0.07412484288215637	0.1513727456331253	0.04081349819898605	0.08049917221069336	0.048490531742572784	0.04892807453870773	0.08890673518180847	0.0247191172093153	0.03180932253599167	0.03338245674967766	0.06312908232212067
239	neutral	../Syntropy_Result_Finals/Models/Model_Journal_Tuned10	../Syntropy_Result_Finals/Models/Model_Journal_Tuned10	joy	0.3324439823627472	0.2666589319705963	0.01246088370680809	0.004366085398942232	0.010254579596221447	0.004415329545736313	0.010956963524222374	0.004385440144687891	0.10800695419311523	0.3324439823627472	0.012307614088058472	0.23014779388904572	0.003595431102439761
1185	pride	../Syntropy_Result_Finals/Models/Model_Journal_Tuned10	../Syntropy_Result_Finals/Models/Model_Journal_Tuned10	pride	0.6775350570678711	0.05162768438458443	0.050991009920835495	0.044542089104652405	0.008197516202926636	0.0220047477632761	0.02134331315755844	0.010977447964251041	0.6775350570678711	0.029957350343465805	0.0290316641330719	0.042779043316841125	0.01101295743137598
661	joy	../Syntropy_Result_Finals/Models/Model_Journal_Tuned10	../Syntropy_Result_Finals/Models/Model_Journal_Tuned10	excitement	0.26912447810173035	0.2598843276500702	0.01333374623209238	0.007505448535084724	0.02742461860179901	0.004084761254489422	0.01941594108939171	0.013339596800506115	0.08828847110271454	0.2641807198524475	0.03097579814493656	0.26912447810173035	0.002442155033349991
204	excitement	../Syntropy_Result_Finals/Models/Model_Journal_Tuned10	../Syntropy_Result_Finals/Models/Model_Journal_Tuned10	excitement	0.868921160697937	0.03312011435627937	0.008898166939616203	0.006275954656302929	0.002325374400243163	0.00496410159394145	0.008721613325178623	0.0021969994995743036	0.02564173750579357	0.015197844244539738	0.019395435228943825	0.868921160697937	0.004341465886682272
594	joy	../Syntropy_Result_Finals/Models/Model_Journal_Tuned10	../Syntropy_Result_Finals/Models/Model_Journal_Tuned10	neutral	0.4139639735221863	0.4139639735221863	0.07175394892692566	0.03826284036040306	0.024959484115242958	0.040631864219903946	0.03241284564137459	0.00876698736101389	0.20969034731388092	0.05368708819150925	0.021127503365278244	0.04808731749653816	0.03665585443377495
908	neutral	../Syntropy_Result_Finals/Models/Model_Journal_Tuned10	../Syntropy_Result_Finals/Models/Model_Journal_Tuned10	neutral	0.8571616411209106	0.8571616411209106	0.01473479438573122	0.009984862059354782	0.0197321567684412	0.021860074251890182	0.027120664715766907	0.00649241404607892	0.006423525512218475	0.006884910631924868	0.012003450654447079	0.008054083213210106	0.009547587484121323
723	joy	../Syntropy_Result_Finals/Models/Model_Journal_Tuned10	../Syntropy_Result_Finals/Models/Model_Journal_Tuned10	neutral	0.4404853582382202	0.4404853582382202	0.02342992275953293	0.008754417300224304	0.01648685149848461	0.012946058996021748	0.021959790959954262	0.011550196446478367	0.11298543214797974	0.1743505597114563	0.024641171097755432	0.14545387029647827	0.006956458557397127
1131	joy	../Syntropy_Result_Finals/Models/Model_Journal_Tuned10	../Syntropy_Result_Finals/Models/Model_Journal_Tuned10	neutral	0.7990154027938843	0.7990154027938843	0.021009501069784164	0.009554327465593815	0.0451618954539299	0.012631530873477459	0.016044287011027336	0.007661666255444288	0.016509050503373146	0.03693459555506706	0.010536686517298222	0.016120806336402893	0.008820264600217342
1225	neutral	../Syntropy_Result_Finals/Models/Model_Journal_Tuned10	../Syntropy_Result_Finals/Models/Model_Journal_Tuned10	nervousness	0.4358821511268616	0.16508576273918152	0.4358821511268616	0.0661185011267662	0.07935751974582672	0.02732660621404648	0.05641511455178261	0.02424260601401329	0.0425543449819088	0.0244750939309597	0.02452358789741993	0.041160210967063904	0.012858567759394646
543	pride	../Syntropy_Result_Finals/Models/Model_Journal_Tuned10	../Syntropy_Result_Finals/Models/Model_Journal_Tuned10	excitement	0.40807637572288513	0.11072976142168045	0.009161161258816719	0.0068796430714428425	0.0038062413223087788	0.006860591005533934	0.020016895607113838	0.004878572188317776	0.2791273891925812	0.07909206300973892	0.06505993008613586	0.40807637572288513	0.006311430130153894
183	excitement	../Syntropy_Result_Finals/Models/Model_Journal_Tuned10	../Syntropy_Result_Finals/Models/Model_Journal_Tuned10	neutral	0.4548569917678833	0.4548569917678833	0.04871790483593941	0.03971057012677193	0.023825781419873238	0.05445118248462677	0.04195266216993332	0.014866926707327366	0.10056053847074509	0.05576888471841812	0.028352156281471252	0.09180933982133865	0.045127153396606445
137	pride	../Syntropy_Result_Finals/Models/Model_Journal_Tuned10	../Syntropy_Result_Finals/Models/Model_Journal_Tuned10	excitement	0.5524964928627014	0.07827150821685791	0.005839398596435785	0.003533926559612155	0.0029398149345070124	0.0021904888562858105	0.008173874579370022	0.0020661726593971252	0.15414834022521973	0.17276445031166077	0.014632695354521275	0.5524964928627014	0.002942838938906789
705	neutral	../Syntropy_Result_Finals/Models/Model_Journal_Tuned10	../Syntropy_Result_Finals/Models/Model_Journal_Tuned10	neutral	0.5826010704040527	0.5826010704040527	0.02923412062227726	0.009145744144916534	0.03186923637986183	0.013234253041446209	0.05053742229938507	0.014262846671044827	0.08334358036518097	0.09086331725120544	0.015426932834088802	0.07006566971540451	0.009415768086910248
80	excitement	../Syntropy_Result_Finals/Models/Model_Journal_Tuned10	../Syntropy_Result_Finals/Models/Model_Journal_Tuned10	excitement	0.6157304644584656	0.09440341591835022	0.006067186594009399	0.0032078446820378304	0.002096873475238681	0.004477277863770723	0.006440384779125452	0.002789698773995042	0.06841305643320084	0.17192573845386505	0.02059643715620041	0.6157304644584656	0.003851576242595911
890	neutral	../Syntropy_Result_Finals/Models/Model_Journal_Tuned10	../Syntropy_Result_Finals/Models/Model_Journal_Tuned10	neutral	0.49311697483062744	0.49311697483062744	0.10150264948606491	0.05206484720110893	0.03157679736614227	0.10066264867782593	0.0758102536201477	0.04143562540411949	0.010692779906094074	0.018323320895433426	0.04094831645488739	0.021514495834708214	0.01235128939151764
533	excitement	../Syntropy_Result_Finals/Models/Model_Journal_Tuned10	../Syntropy_Result_Finals/Models/Model_Journal_Tuned10	fear	0.4228726625442505	0.0422947071492672	0.21157985925674438	0.4228726625442505	0.025441104546189308	0.14551298320293427	0.022126341238617897	0.010891053825616837	0.01893586665391922	0.01860743574798107	0.012403847649693489	0.022632692009210587	0.04670139402151108
480	pride	../Syntropy_Result_Finals/Models/Model_Journal_Tuned10	../Syntropy_Result_Finals/Models/Model_Journal_Tuned10	neutral	0.32652488350868225	0.32652488350868225	0.053110335022211075	0.03513567894697189	0.01647207699716091	0.02608250267803669	0.03008086048066616	0.009128808975219727	0.3146874010562897	0.05590352416038513	0.024380935356020927	0.0870249792933464	0.021467985585331917
165	confusion	../Syntropy_Result_Finals/Models/Model_Journal_Tuned10	../Syntropy_Result_Finals/Models/Model_Journal_Tuned10	neutral	0.41111233830451965	0.41111233830451965	0.015791423618793488	0.011649392545223236	0.0068272193893790245	0.009845137596130371	0.044402044266462326	0.006360518746078014	0.03960626199841499	0.020110223442316055	0.03914125636219978	0.37873342633247375	0.01642078161239624
248	joy	../Syntropy_Result_Finals/Models/Model_Journal_Tuned10	../Syntropy_Result_Finals/Models/Model_Journal_Tuned10	excitement	0.5348751544952393	0.18532827496528625	0.009841828607022762	0.004364284686744213	0.008301002904772758	0.005069212522357702	0.011388941667973995	0.005815454758703709	0.05733657255768776	0.15239575505256653	0.02140573412179947	0.5348751544952393	0.0038776497822254896
307	anger	../Syntropy_Result_Finals/Models/Model_Journal_Tuned10	../Syntropy_Result_Finals/Models/Model_Journal_Tuned10	disgust	0.25623664259910583	0.22860591113567352	0.0722658634185791	0.11811252683401108	0.0354207344353199	0.25623664259910583	0.03063799999654293	0.017868245020508766	0.049285732209682465	0.008763217367231846	0.02758956141769886	0.013723459094762802	0.1414901465177536
857	excitement	../Syntropy_Result_Finals/Models/Model_Journal_Tuned10	../Syntropy_Result_Finals/Models/Model_Journal_Tuned10	excitement	0.41452327370643616	0.12320449948310852	0.005733145866543055	0.0024277889169752598	0.0037760050036013126	0.002354837954044342	0.00835234485566616	0.003392391372472048	0.04554992541670799	0.37516242265701294	0.013464512303471565	0.41452327370643616	0.002058795653283596
538	excitement	../Syntropy_Result_Finals/Models/Model_Journal_Tuned10	../Syntropy_Result_Finals/Models/Model_Journal_Tuned10	excitement	0.636107861995697	0.08750108629465103	0.005580454133450985	0.0031600547954440117	0.002329462906345725	0.0029208564665168524	0.008491285145282745	0.0035014196764677763	0.058724112808704376	0.16345219314098358	0.02535930834710598	0.636107861995697	0.0028719143010675907
334	neutral	../Syntropy_Result_Finals/Models/Model_Journal_Tuned10	../Syntropy_Result_Finals/Models/Model_Journal_Tuned10	neutral	0.515713632106781	0.515713632106781	0.011895259842276573	0.004242196213454008	0.010733826085925102	0.0041393740102648735	0.009384047240018845	0.0047762710601091385	0.06985598057508469	0.2038813978433609	0.011928328312933445	0.15003672242164612	0.003412960097193718
97	excitement	../Syntropy_Result_Finals/Models/Model_Journal_Tuned10	../Syntropy_Result_Finals/Models/Model_Journal_Tuned10	neutral	0.3947744369506836	0.3947744369506836	0.025458477437496185	0.017416322603821754	0.009381336160004139	0.01859705150127411	0.03147592768073082	0.00794000644236803	0.3358151614665985	0.04255301505327225	0.02361496537923813	0.06970751285552979	0.023265745490789413
548	neutral	../Syntropy_Result_Finals/Models/Model_Journal_Tuned10	../Syntropy_Result_Finals/Models/Model_Journal_Tuned10	neutral	0.7831788659095764	0.7831788659095764	0.014013140462338924	0.005795658566057682	0.0070959050208330154	0.0037155512254685163	0.041157618165016174	0.005158387124538422	0.024982791393995285	0.050730787217617035	0.014111576601862907	0.04437732324004173	0.005682389717549086
1121	joy	../Syntropy_Result_Finals/Models/Model_Journal_Tuned10	../Syntropy_Result_Finals/Models/Model_Journal_Tuned10	neutral	0.645511269569397	0.645511269569397	0.008715963922441006	0.006217534188181162	0.005402951501309872	0.01170411892235279	0.014204978942871094	0.004795458167791367	0.06060504540801048	0.13809943199157715	0.014912301674485207	0.08208566159009933	0.007745402865111828
904	joy	../Syntropy_Result_Finals/Models/Model_Journal_Tuned10	../Syntropy_Result_Finals/Models/Model_Journal_Tuned10	excitement	0.32360073924064636	0.27176743745803833	0.012086702510714531	0.007425626739859581	0.00962065253406763	0.010337934829294682	0.0132344551384449	0.008691427297890186	0.0899261087179184	0.22043275833129883	0.026229100301861763	0.32360073924064636	0.006647087167948484
850	neutral	../Syntropy_Result_Finals/Models/Model_Journal_Tuned10	../Syntropy_Result_Finals/Models/Model_Journal_Tuned10	pride	0.3307752311229706	0.22623497247695923	0.020259125158190727	0.019469507038593292	0.006915698293596506	0.008847746066749096	0.017333755269646645	0.0048426478169858456	0.3307752311229706	0.13671569526195526	0.02511524222791195	0.19280236959457397	0.010687957517802715
771	surprise	../Syntropy_Result_Finals/Models/Model_Journal_Tuned10	../Syntropy_Result_Finals/Models/Model_Journal_Tuned10	excitement	0.6071824431419373	0.13956321775913239	0.005868417210876942	0.007901296950876713	0.0021414069924503565	0.00662528770044446	0.03576992079615593	0.0035426358226686716	0.031511057168245316	0.023220542818307877	0.13093383610248566	0.6071824431419373	0.005739953834563494
759	excitement	../Syntropy_Result_Finals/Models/Model_Journal_Tuned10	../Syntropy_Result_Finals/Models/Model_Journal_Tuned10	neutral	0.7655650973320007	0.7655650973320007	0.01393742486834526	0.004448716528713703	0.017062677070498466	0.009639764204621315	0.02520599029958248	0.007847652770578861	0.030582156032323837	0.06748973578214645	0.00804507452994585	0.04261267930269241	0.007563048508018255
1150	neutral	../Syntropy_Result_Finals/Models/Model_Journal_Tuned10	../Syntropy_Result_Finals/Models/Model_Journal_Tuned10	neutral	0.5728471875190735	0.5728471875190735	0.020605051890015602	0.012872610241174698	0.0093696853145957	0.019582567736506462	0.02417794056236744	0.009177626110613346	0.04997489973902702	0.10352262109518051	0.030935870483517647	0.1376773715019226	0.009256632067263126
302	nervousness	../Syntropy_Result_Finals/Models/Model_Journal_Tuned10	../Syntropy_Result_Finals/Models/Model_Journal_Tuned10	nervousness	0.42312881350517273	0.097864530980587	0.42312881350517273	0.09687674790620804	0.029481789097189903	0.042413871735334396	0.1122589185833931	0.027049819007515907	0.051323484629392624	0.022207941859960556	0.023940391838550568	0.03448713570833206	0.03896656259894371
1042	sadness	../Syntropy_Result_Finals/Models/Model_Journal_Tuned10	../Syntropy_Result_Finals/Models/Model_Journal_Tuned10	nervousness	0.5273240804672241	0.05175047740340233	0.5273240804672241	0.20255890488624573	0.029520628973841667	0.023311825469136238	0.03151489049196243	0.01180301047861576	0.033105432987213135	0.016285086050629616	0.023351671174168587	0.028511863201856613	0.020962078124284744
388	pride	../Syntropy_Result_Finals/Models/Model_Journal_Tuned10	../Syntropy_Result_Finals/Models/Model_Journal_Tuned10	pride	0.48739713430404663	0.07553566247224808	0.013906257227063179	0.008458225056529045	0.0037953092250972986	0.0067832558415830135	0.018099596723914146	0.004845454357564449	0.48739713430404663	0.05424972251057625	0.03481411561369896	0.2871476709842682	0.004967620596289635
235	joy	../Syntropy_Result_Finals/Models/Model_Journal_Tuned10	../Syntropy_Result_Finals/Models/Model_Journal_Tuned10	pride	0.3679545819759369	0.07864134758710861	0.016489626839756966	0.007076161913573742	0.003623418277129531	0.008029036223888397	0.018705017864704132	0.00539803272113204	0.3679545819759369	0.12319239228963852	0.03147098794579506	0.33364981412887573	0.005769573617726564
912	nervousness	../Syntropy_Result_Finals/Models/Model_Journal_Tuned10	../Syntropy_Result_Finals/Models/Model_Journal_Tuned10	confusion	0.8492118716239929	0.022198375314474106	0.05571822449564934	0.013069689273834229	0.010468162596225739	0.002022355794906616	0.8492118716239929	0.014050302095711231	0.007432959508150816	0.003603394841775298	0.010451539419591427	0.008859410881996155	0.0029136203229427338
798	pride	../Syntropy_Result_Finals/Models/Model_Journal_Tuned10	../Syntropy_Result_Finals/Models/Model_Journal_Tuned10	pride	0.7995375394821167	0.036985721439123154	0.024233320727944374	0.020328490063548088	0.006202941294759512	0.014633560553193092	0.0186447873711586	0.00962014775723219	0.7995375394821167	0.019063904881477356	0.01698068343102932	0.023230405524373055	0.010538475587964058
305	pride	../Syntropy_Result_Finals/Models/Model_Journal_Tuned10	../Syntropy_Result_Finals/Models/Model_Journal_Tuned10	excitement	0.8189896941184998	0.04735289886593819	0.015851158648729324	0.009268000721931458	0.002784582320600748	0.004613357130438089	0.011030307039618492	0.0029218203853815794	0.038523830473423004	0.021682247519493103	0.023162566125392914	0.8189896941184998	0.003819459117949009
865	neutral	../Syntropy_Result_Finals/Models/Model_Journal_Tuned10	../Syntropy_Result_Finals/Models/Model_Journal_Tuned10	neutral	0.46130600571632385	0.46130600571632385	0.035816941410303116	0.02181895822286606	0.013325870968401432	0.017107777297496796	0.03570065274834633	0.0066259135492146015	0.12504883110523224	0.06616948544979095	0.02668805979192257	0.1750827431678772	0.015308835543692112
1032	joy	../Syntropy_Result_Finals/Models/Model_Journal_Tuned10	../Syntropy_Result_Finals/Models/Model_Journal_Tuned10	nervousness	0.520460307598114	0.08058543503284454	0.520460307598114	0.08002135902643204	0.076365165412426	0.03206705302000046	0.0658707469701767	0.04395556449890137	0.019156422466039658	0.02186237834393978	0.024471465498209	0.028134791180491447	0.007049388252198696
249	joy	../Syntropy_Result_Finals/Models/Model_Journal_Tuned10	../Syntropy_Result_Finals/Models/Model_Journal_Tuned10	excitement	0.524419903755188	0.0619719997048378	0.005305914673954248	0.002947608008980751	0.0034859399311244488	0.0027328219730407	0.0063393935561180115	0.003892546286806464	0.033165812492370605	0.33882299065589905	0.015097842551767826	0.524419903755188	0.0018173070857301354
852	joy	../Syntropy_Result_Finals/Models/Model_Journal_Tuned10	../Syntropy_Result_Finals/Models/Model_Journal_Tuned10	neutral	0.37494993209838867	0.37494993209838867	0.040261104702949524	0.02475452609360218	0.016661405563354492	0.021900326013565063	0.038019657135009766	0.008280840702354908	0.28431814908981323	0.07108120620250702	0.020757919177412987	0.07670086622238159	0.02231401763856411
1105	neutral	../Syntropy_Result_Finals/Models/Model_Journal_Tuned10	../Syntropy_Result_Finals/Models/Model_Journal_Tuned10	neutral	0.5073845386505127	0.5073845386505127	0.048529334366321564	0.03914923593401909	0.012058460153639317	0.018374627456068993	0.031112369149923325	0.009356104768812656	0.13195060193538666	0.0562804639339447	0.042547646909952164	0.08041678369045258	0.02283981256186962
71	joy	../Syntropy_Result_Finals/Models/Model_Journal_Tuned10	../Syntropy_Result_Finals/Models/Model_Journal_Tuned10	excitement	0.5352296233177185	0.1581367403268814	0.007857980206608772	0.004017869476228952	0.0054788291454315186	0.0034647679422050714	0.007463133428245783	0.0035266242921352386	0.0791509598493576	0.17785997688770294	0.013600725680589676	0.5352296233177185	0.004212789237499237
94	pride	../Syntropy_Result_Finals/Models/Model_Journal_Tuned10	../Syntropy_Result_Finals/Models/Model_Journal_Tuned10	excitement	0.6904642581939697	0.06880459189414978	0.007760948501527309	0.005527055356651545	0.0033380475360900164	0.004729065112769604	0.011368975043296814	0.0054021915420889854	0.06251832097768784	0.09718684107065201	0.04036049172282219	0.6904642581939697	0.0025392116513103247
610	neutral	../Syntropy_Result_Finals/Models/Model_Journal_Tuned10	../Syntropy_Result_Finals/Models/Model_Journal_Tuned10	neutral	0.30478814244270325	0.30478814244270325	0.17480742931365967	0.055345453321933746	0.05570908263325691	0.032512664794921875	0.11500059068202972	0.06063412129878998	0.03132559731602669	0.05678355321288109	0.053569283336400986	0.05249966308474541	0.007024376653134823
33	pride	../Syntropy_Result_Finals/Models/Model_Journal_Tuned10	../Syntropy_Result_Finals/Models/Model_Journal_Tuned10	neutral	0.5045405626296997	0.5045405626296997	0.02654595673084259	0.022907817736268044	0.004479127004742622	0.012882053852081299	0.1524781882762909	0.005832925904542208	0.06603474169969559	0.019181502982974052	0.05837265029549599	0.11732381582260132	0.009420685470104218
862	nervousness	../Syntropy_Result_Finals/Models/Model_Journal_Tuned10	../Syntropy_Result_Finals/Models/Model_Journal_Tuned10	neutral	0.39221498370170593	0.39221498370170593	0.019325481727719307	0.009571490809321404	0.006091554183512926	0.007098703645169735	0.07306091487407684	0.006523831747472286	0.12479881942272186	0.08031684160232544	0.048062216490507126	0.2243453711271286	0.008589919656515121
448	joy	../Syntropy_Result_Finals/Models/Model_Journal_Tuned10	../Syntropy_Result_Finals/Models/Model_Journal_Tuned10	neutral	0.5683351755142212	0.5683351755142212	0.0425434485077858	0.01266018021851778	0.07177142053842545	0.013883241452276707	0.03504243493080139	0.01329084113240242	0.026144905015826225	0.07146836072206497	0.04291921481490135	0.09225574880838394	0.009685027413070202
445	neutral	../Syntropy_Result_Finals/Models/Model_Journal_Tuned10	../Syntropy_Result_Finals/Models/Model_Journal_Tuned10	neutral	0.6383180618286133	0.6383180618286133	0.016282586380839348	0.010294342413544655	0.008520915172994137	0.01183172594755888	0.029166264459490776	0.007053412962704897	0.057200755923986435	0.03994574025273323	0.0262018870562315	0.1452917456626892	0.0098926005885005
990	disgust	../Syntropy_Result_Finals/Models/Model_Journal_Tuned10	../Syntropy_Result_Finals/Models/Model_Journal_Tuned10	confusion	0.6308771967887878	0.05227074399590492	0.1131412610411644	0.04931521415710449	0.038448166102170944	0.01823861338198185	0.6308771967887878	0.015520128421485424	0.014235241338610649	0.007592602167278528	0.012704223394393921	0.009929334744811058	0.03772726655006409
651	pride	../Syntropy_Result_Finals/Models/Model_Journal_Tuned10	../Syntropy_Result_Finals/Models/Model_Journal_Tuned10	neutral	0.30642253160476685	0.30642253160476685	0.18363584578037262	0.08183889836072922	0.04358683153986931	0.09706082195043564	0.08133893460035324	0.020837124437093735	0.07535887509584427	0.02639736793935299	0.02478821948170662	0.019772954285144806	0.03896154463291168
762	joy	../Syntropy_Result_Finals/Models/Model_Journal_Tuned10	../Syntropy_Result_Finals/Models/Model_Journal_Tuned10	excitement	0.7889299392700195	0.043154940009117126	0.004594792611896992	0.0029305049683898687	0.0016280155396088958	0.002972534392029047	0.009203430265188217	0.001862372737377882	0.06439800560474396	0.03261798247694969	0.04399886727333069	0.7889299392700195	0.0037086305674165487
77	neutral	../Syntropy_Result_Finals/Models/Model_Journal_Tuned10	../Syntropy_Result_Finals/Models/Model_Journal_Tuned10	neutral	0.5361207127571106	0.5361207127571106	0.05583056062459946	0.028821993619203568	0.020845066756010056	0.006912833079695702	0.06593427062034607	0.0060171098448336124	0.1009887084364891	0.10736514627933502	0.021411456167697906	0.03626766428351402	0.013484546914696693
84	fear	../Syntropy_Result_Finals/Models/Model_Journal_Tuned10	../Syntropy_Result_Finals/Models/Model_Journal_Tuned10	neutral	0.5848420262336731	0.5848420262336731	0.03199011832475662	0.02583257667720318	0.040950797498226166	0.022051172330975533	0.029974833130836487	0.0074143437668681145	0.14507290720939636	0.039558347314596176	0.008791330270469189	0.012452769093215466	0.051068730652332306
900	joy	../Syntropy_Result_Finals/Models/Model_Journal_Tuned10	../Syntropy_Result_Finals/Models/Model_Journal_Tuned10	neutral	0.3067117929458618	0.3067117929458618	0.08001720160245895	0.017012478783726692	0.23705117404460907	0.014310021884739399	0.08496063947677612	0.05305057391524315	0.026251547038555145	0.08677356690168381	0.03424207866191864	0.055638719350099564	0.003980185836553574
82	neutral	../Syntropy_Result_Finals/Models/Model_Journal_Tuned10	../Syntropy_Result_Finals/Models/Model_Journal_Tuned10	excitement	0.680581271648407	0.0346495546400547	0.0064348625019192696	0.004164354410022497	0.007745853625237942	0.002775935921818018	0.004892799537628889	0.0035131415352225304	0.021739741787314415	0.2164117693901062	0.013275145553052425	0.680581271648407	0.003815616015344858
457	excitement	../Syntropy_Result_Finals/Models/Model_Journal_Tuned10	../Syntropy_Result_Finals/Models/Model_Journal_Tuned10	neutral	0.6560626029968262	0.6560626029968262	0.007826649583876133	0.005644764751195908	0.005254238843917847	0.003938592039048672	0.06159977987408638	0.004196061287075281	0.04692015051841736	0.03313107043504715	0.044449105858802795	0.12531934678554535	0.005657588597387075
1107	nervousness	../Syntropy_Result_Finals/Models/Model_Journal_Tuned10	../Syntropy_Result_Finals/Models/Model_Journal_Tuned10	nervousness	0.47502031922340393	0.02328195422887802	0.47502031922340393	0.29360660910606384	0.019015077501535416	0.1090850755572319	0.012566774152219296	0.028928907588124275	0.007781433407217264	0.008110925555229187	0.008493168279528618	0.008005941286683083	0.006103838793933392
1050	neutral	../Syntropy_Result_Finals/Models/Model_Journal_Tuned10	../Syntropy_Result_Finals/Models/Model_Journal_Tuned10	excitement	0.4806699752807617	0.1694636344909668	0.008011654019355774	0.004073469899594784	0.0037344146985560656	0.003802105551585555	0.010459385812282562	0.004062643740326166	0.08557020127773285	0.21252477169036865	0.014507612213492393	0.4806699752807617	0.0031201026868075132
436	nervousness	../Syntropy_Result_Finals/Models/Model_Journal_Tuned10	../Syntropy_Result_Finals/Models/Model_Journal_Tuned10	neutral	0.47046124935150146	0.47046124935150146	0.031004343181848526	0.016468888148665428	0.013455155305564404	0.02245510369539261	0.03984561190009117	0.010580704547464848	0.17073197662830353	0.06278108805418015	0.03954749554395676	0.11127372086048126	0.011394748464226723
654	pride	../Syntropy_Result_Finals/Models/Model_Journal_Tuned10	../Syntropy_Result_Finals/Models/Model_Journal_Tuned10	pride	0.7719642519950867	0.043552666902542114	0.020873235538601875	0.012704616412520409	0.0076477015390992165	0.007836823351681232	0.015925632789731026	0.007495305500924587	0.7719642519950867	0.027431372553110123	0.018941089510917664	0.05853293091058731	0.007094345521181822
1008	joy	../Syntropy_Result_Finals/Models/Model_Journal_Tuned10	../Syntropy_Result_Finals/Models/Model_Journal_Tuned10	excitement	0.6467923521995544	0.050780508667230606	0.008146807551383972	0.005895025096833706	0.0024373943451792	0.005985899828374386	0.011046212166547775	0.00410448107868433	0.02964935638010502	0.030594998970627785	0.20058424770832062	0.6467923521995544	0.003982754424214363
404	nervousness	../Syntropy_Result_Finals/Models/Model_Journal_Tuned10	../Syntropy_Result_Finals/Models/Model_Journal_Tuned10	excitement	0.24892571568489075	0.20123188197612762	0.08170998841524124	0.094882532954216	0.015869786962866783	0.0288248248398304	0.09577832370996475	0.013420470058918	0.1003628596663475	0.03113461099565029	0.0637483224272728	0.24892571568489075	0.024110745638608932
1136	neutral	../Syntropy_Result_Finals/Models/Model_Journal_Tuned10	../Syntropy_Result_Finals/Models/Model_Journal_Tuned10	excitement	0.5261178016662598	0.06646831333637238	0.007635661866515875	0.00525277853012085	0.00313642923720181	0.0038432765286415815	0.011715839616954327	0.004084877669811249	0.28270605206489563	0.061730895191431046	0.02281835675239563	0.5261178016662598	0.004489686340093613
764	joy	../Syntropy_Result_Finals/Models/Model_Journal_Tuned10	../Syntropy_Result_Finals/Models/Model_Journal_Tuned10	neutral	0.37069517374038696	0.37069517374038696	0.025820892304182053	0.009771517477929592	0.025742899626493454	0.008409070782363415	0.01890557073056698	0.005995769519358873	0.10618232935667038	0.23479628562927246	0.016648737713694572	0.1699960082769394	0.007035770919173956
722	confusion	../Syntropy_Result_Finals/Models/Model_Journal_Tuned10	../Syntropy_Result_Finals/Models/Model_Journal_Tuned10	excitement	0.2999196946620941	0.28026488423347473	0.015182996168732643	0.006087384652346373	0.009178213775157928	0.011628247797489166	0.018632255494594574	0.005494639277458191	0.08594658225774765	0.23333129286766052	0.02188713476061821	0.2999196946620941	0.012446779757738113
104	surprise	../Syntropy_Result_Finals/Models/Model_Journal_Tuned10	../Syntropy_Result_Finals/Models/Model_Journal_Tuned10	excitement	0.8010827302932739	0.029919661581516266	0.003957775887101889	0.0021348849404603243	0.002148135332390666	0.002034250181168318	0.005252645816653967	0.0030814579222351313	0.025066960602998734	0.09930071979761124	0.024098820984363556	0.8010827302932739	0.0019220259273424745
1170	joy	../Syntropy_Result_Finals/Models/Model_Journal_Tuned10	../Syntropy_Result_Finals/Models/Model_Journal_Tuned10	neutral	0.5411478877067566	0.5411478877067566	0.029869941994547844	0.020874163135886192	0.01137230359017849	0.02729300782084465	0.044565118849277496	0.01350745651870966	0.0665498822927475	0.0736357793211937	0.03728143125772476	0.11845129728317261	0.015451773069798946
673	excitement	../Syntropy_Result_Finals/Models/Model_Journal_Tuned10	../Syntropy_Result_Finals/Models/Model_Journal_Tuned10	excitement	0.47257646918296814	0.08621508628129959	0.0063370210118591785	0.0030863562133163214	0.005610127933323383	0.0032762917689979076	0.009375719353556633	0.00516602024435997	0.04663388803601265	0.34850674867630005	0.010590638965368271	0.47257646918296814	0.0026256802957504988
62	sadness	../Syntropy_Result_Finals/Models/Model_Journal_Tuned10	../Syntropy_Result_Finals/Models/Model_Journal_Tuned10	nervousness	0.6906416416168213	0.029276585206389427	0.6906416416168213	0.08330249786376953	0.09419068694114685	0.012909472920000553	0.01819198951125145	0.018931951373815536	0.011849437840282917	0.01403343491256237	0.007035616785287857	0.01426128949970007	0.00537544209510088
281	pride	../Syntropy_Result_Finals/Models/Model_Journal_Tuned10	../Syntropy_Result_Finals/Models/Model_Journal_Tuned10	pride	0.7993349432945251	0.032845914363861084	0.016861358657479286	0.008751179091632366	0.003721491200849414	0.007711877580732107	0.015376881696283817	0.007240767125040293	0.7993349432945251	0.027212828397750854	0.01746877282857895	0.05945497378706932	0.004019036423414946
737	joy	../Syntropy_Result_Finals/Models/Model_Journal_Tuned10	../Syntropy_Result_Finals/Models/Model_Journal_Tuned10	excitement	0.3968619704246521	0.17547979950904846	0.005629693157970905	0.0015512049430981278	0.004908409435302019	0.0025920034386217594	0.00903309229761362	0.0035290364176034927	0.026779206469655037	0.35697776079177856	0.014138457365334034	0.3968619704246521	0.0025195018388330936
238	joy	../Syntropy_Result_Finals/Models/Model_Journal_Tuned10	../Syntropy_Result_Finals/Models/Model_Journal_Tuned10	neutral	0.3454658091068268	0.3454658091068268	0.019737228751182556	0.00834029819816351	0.016939925029873848	0.008692621253430843	0.02318546362221241	0.011868930421769619	0.11789882183074951	0.19137364625930786	0.02091076970100403	0.2284674048423767	0.007119107060134411
223	embarrassment	../Syntropy_Result_Finals/Models/Model_Journal_Tuned10	../Syntropy_Result_Finals/Models/Model_Journal_Tuned10	embarrassment	0.4349331259727478	0.04041527211666107	0.29276344180107117	0.04043208062648773	0.027358900755643845	0.057934507727622986	0.04565791040658951	0.4349331259727478	0.01797025091946125	0.011739431880414486	0.012754061259329319	0.009908548556268215	0.00813247449696064
145	neutral	../Syntropy_Result_Finals/Models/Model_Journal_Tuned10	../Syntropy_Result_Finals/Models/Model_Journal_Tuned10	neutral	0.39691242575645447	0.39691242575645447	0.020945271477103233	0.012647508643567562	0.01153101772069931	0.005918653216212988	0.01604204624891281	0.00589291425421834	0.12469436228275299	0.1660422682762146	0.017031129449605942	0.2180066853761673	0.004335747566074133
1187	nervousness	../Syntropy_Result_Finals/Models/Model_Journal_Tuned10	../Syntropy_Result_Finals/Models/Model_Journal_Tuned10	neutral	0.5155276656150818	0.5155276656150818	0.03451940044760704	0.0360940545797348	0.00882008858025074	0.0249429102987051	0.11314301937818527	0.007899041287600994	0.07673264294862747	0.018915515393018723	0.04713207855820656	0.09105934947729111	0.025214338675141335
373	fear	../Syntropy_Result_Finals/Models/Model_Journal_Tuned10	../Syntropy_Result_Finals/Models/Model_Journal_Tuned10	nervousness	0.8254415988922119	0.009160872548818588	0.8254415988922119	0.07187984883785248	0.0061745052225887775	0.005652522202581167	0.013524794019758701	0.010524112731218338	0.012336745858192444	0.0147080784663558	0.007547733373939991	0.021159956231713295	0.0018892227672040462
118	neutral	../Syntropy_Result_Finals/Models/Model_Journal_Tuned10	../Syntropy_Result_Finals/Models/Model_Journal_Tuned10	joy	0.34158241748809814	0.11931881308555603	0.00982249341905117	0.006282164249569178	0.012097733095288277	0.0054083773866295815	0.012484059669077396	0.010906103998422623	0.1633768528699875	0.34158241748809814	0.017504777759313583	0.2967972159385681	0.004419076722115278
905	neutral	../Syntropy_Result_Finals/Models/Model_Journal_Tuned10	../Syntropy_Result_Finals/Models/Model_Journal_Tuned10	pride	0.315308153629303	0.2055056244134903	0.015550152398645878	0.013779621571302414	0.011253749951720238	0.004731209948658943	0.015145200304687023	0.0033688193652778864	0.315308153629303	0.23299290239810944	0.012821421958506107	0.16177988052368164	0.007763206493109465
250	neutral	../Syntropy_Result_Finals/Models/Model_Journal_Tuned10	../Syntropy_Result_Finals/Models/Model_Journal_Tuned10	neutral	0.3268605172634125	0.3268605172634125	0.022296201437711716	0.009639984928071499	0.007063664961606264	0.011041073128581047	0.025906790047883987	0.006391212809830904	0.10331173986196518	0.14815598726272583	0.03117549419403076	0.2977735698223114	0.010383895598351955
1226	excitement	../Syntropy_Result_Finals/Models/Model_Journal_Tuned10	../Syntropy_Result_Finals/Models/Model_Journal_Tuned10	excitement	0.5366501212120056	0.21440447866916656	0.007760715205222368	0.003990297205746174	0.004230331163853407	0.004736327566206455	0.013462201692163944	0.00493215024471283	0.07540549337863922	0.09238357096910477	0.038843270391225815	0.5366501212120056	0.0032010115683078766
9	joy	../Syntropy_Result_Finals/Models/Model_Journal_Tuned10	../Syntropy_Result_Finals/Models/Model_Journal_Tuned10	pride	0.3482024371623993	0.2918057143688202	0.02161143533885479	0.024037988856434822	0.015207022428512573	0.008595221675932407	0.036262787878513336	0.01027763169258833	0.3482024371623993	0.06744270026683807	0.036041632294654846	0.13011077046394348	0.010404692962765694
449	joy	../Syntropy_Result_Finals/Models/Model_Journal_Tuned10	../Syntropy_Result_Finals/Models/Model_Journal_Tuned10	neutral	0.5219098925590515	0.5219098925590515	0.016126642003655434	0.005968610290437937	0.007495448458939791	0.00804876908659935	0.02657819725573063	0.009882883168756962	0.08016087114810944	0.12503482401371002	0.025483284145593643	0.16849756240844727	0.00481298565864563
987	joy	../Syntropy_Result_Finals/Models/Model_Journal_Tuned10	../Syntropy_Result_Finals/Models/Model_Journal_Tuned10	neutral	0.5374895930290222	0.5374895930290222	0.03493846207857132	0.01524901483207941	0.015592847019433975	0.010867559351027012	0.023814506828784943	0.011034599505364895	0.07983213663101196	0.08570796251296997	0.042847923934459686	0.1358417272567749	0.006783667020499706
593	joy	../Syntropy_Result_Finals/Models/Model_Journal_Tuned10	../Syntropy_Result_Finals/Models/Model_Journal_Tuned10	neutral	0.609979510307312	0.609979510307312	0.026343241333961487	0.008632569573819637	0.00896857213228941	0.011452041566371918	0.09055127203464508	0.007772184442728758	0.07616711407899857	0.05133312940597534	0.048198238015174866	0.05383621156215668	0.006765963975340128
389	excitement	../Syntropy_Result_Finals/Models/Model_Journal_Tuned10	../Syntropy_Result_Finals/Models/Model_Journal_Tuned10	pride	0.524211049079895	0.04646993800997734	0.01970800571143627	0.010799448005855083	0.0035708891227841377	0.0073894113302230835	0.018335610628128052	0.0056811049580574036	0.524211049079895	0.04502246901392937	0.03611543029546738	0.2772861421108246	0.005410453770309687
848	joy	../Syntropy_Result_Finals/Models/Model_Journal_Tuned10	../Syntropy_Result_Finals/Models/Model_Journal_Tuned10	neutral	0.5926951766014099	0.5926951766014099	0.07051713019609451	0.019249260425567627	0.025830810889601707	0.013299500569701195	0.04259605333209038	0.011978555470705032	0.051341842859983444	0.04308487847447395	0.021519692614674568	0.1004704087972641	0.007416765671223402
1024	neutral	../Syntropy_Result_Finals/Models/Model_Journal_Tuned10	../Syntropy_Result_Finals/Models/Model_Journal_Tuned10	neutral	0.5713350772857666	0.5713350772857666	0.02172951214015484	0.00952716264873743	0.007369389291852713	0.010029989294707775	0.03010587953031063	0.005614088848233223	0.05329717695713043	0.12889987230300903	0.0237054992467165	0.13077203929424286	0.007614297326654196
557	joy	../Syntropy_Result_Finals/Models/Model_Journal_Tuned10	../Syntropy_Result_Finals/Models/Model_Journal_Tuned10	confusion	0.9187317490577698	0.01892096921801567	0.014175023883581161	0.014540500938892365	0.005268187262117863	0.003196725156158209	0.9187317490577698	0.0035238689742982388	0.003615275491029024	0.0013069045962765813	0.006058337166905403	0.0024000261910259724	0.008262349292635918
460	excitement	../Syntropy_Result_Finals/Models/Model_Journal_Tuned10	../Syntropy_Result_Finals/Models/Model_Journal_Tuned10	excitement	0.6167382597923279	0.09453139454126358	0.009178024716675282	0.004630582872778177	0.0023847182746976614	0.002860035514459014	0.010014706291258335	0.0022759479470551014	0.10375704616308212	0.13145829737186432	0.018680891022086143	0.6167382597923279	0.0034901194740086794
1171	excitement	../Syntropy_Result_Finals/Models/Model_Journal_Tuned10	../Syntropy_Result_Finals/Models/Model_Journal_Tuned10	neutral	0.33965450525283813	0.33965450525283813	0.037902507930994034	0.016092872247099876	0.014214790426194668	0.021764203906059265	0.029857629910111427	0.023545602336525917	0.20825187861919403	0.06425367295742035	0.05474678426980972	0.18150131404399872	0.008214160799980164
144	excitement	../Syntropy_Result_Finals/Models/Model_Journal_Tuned10	../Syntropy_Result_Finals/Models/Model_Journal_Tuned10	excitement	0.6057349443435669	0.10209838300943375	0.012043921276926994	0.004100703168660402	0.004420065321028233	0.0038922270759940147	0.011460852809250355	0.004764181096106768	0.05165569484233856	0.1763245016336441	0.020590465515851974	0.6057349443435669	0.0029140885453671217
501	joy	../Syntropy_Result_Finals/Models/Model_Journal_Tuned10	../Syntropy_Result_Finals/Models/Model_Journal_Tuned10	excitement	0.5824934840202332	0.07492136210203171	0.008426563814282417	0.003876292845234275	0.0018384342547506094	0.004295819904655218	0.010418902151286602	0.0032182445283979177	0.18336161971092224	0.10168121010065079	0.022397276014089584	0.5824934840202332	0.003070858772844076
1174	joy	../Syntropy_Result_Finals/Models/Model_Journal_Tuned10	../Syntropy_Result_Finals/Models/Model_Journal_Tuned10	neutral	0.45727404952049255	0.45727404952049255	0.032770831137895584	0.011614509858191013	0.012813561595976353	0.010116747580468655	0.018425095826387405	0.006862400099635124	0.1293603777885437	0.12860649824142456	0.02498737908899784	0.1619679480791092	0.005200664978474379
539	excitement	../Syntropy_Result_Finals/Models/Model_Journal_Tuned10	../Syntropy_Result_Finals/Models/Model_Journal_Tuned10	neutral	0.40709033608436584	0.40709033608436584	0.014898989349603653	0.013467170298099518	0.014386821538209915	0.009817829355597496	0.0232195183634758	0.008392530493438244	0.2670458257198334	0.07868058234453201	0.029919026419520378	0.12406796216964722	0.009013369679450989
177	neutral	../Syntropy_Result_Finals/Models/Model_Journal_Tuned10	../Syntropy_Result_Finals/Models/Model_Journal_Tuned10	excitement	0.3591111898422241	0.26443570852279663	0.020351339131593704	0.008217780850827694	0.007803601212799549	0.011353611014783382	0.02086491696536541	0.006692802999168634	0.16706137359142303	0.07431131601333618	0.05232689157128334	0.3591111898422241	0.00746962008997798
1228	neutral	../Syntropy_Result_Finals/Models/Model_Journal_Tuned10	../Syntropy_Result_Finals/Models/Model_Journal_Tuned10	excitement	0.8057583570480347	0.0651700496673584	0.006009863689541817	0.0030350778251886368	0.0027660615742206573	0.002421887358650565	0.007638509850949049	0.002407371997833252	0.03799861669540405	0.050069428980350494	0.014118118211627007	0.8057583570480347	0.002606694819405675
1212	neutral	../Syntropy_Result_Finals/Models/Model_Journal_Tuned10	../Syntropy_Result_Finals/Models/Model_Journal_Tuned10	excitement	0.37915855646133423	0.19737692177295685	0.009548811241984367	0.003231142181903124	0.004535522777587175	0.004162434954196215	0.010725000873208046	0.003173527540639043	0.035208575427532196	0.3343600630760193	0.01410507783293724	0.37915855646133423	0.004414350725710392
649	sadness	../Syntropy_Result_Finals/Models/Model_Journal_Tuned10	../Syntropy_Result_Finals/Models/Model_Journal_Tuned10	nervousness	0.23554709553718567	0.13574905693531036	0.23554709553718567	0.08603665232658386	0.02800476737320423	0.1806510090827942	0.06131166219711304	0.03403964266180992	0.06918042153120041	0.026601208373904228	0.025216886773705482	0.02719919942319393	0.09046252071857452
1267	pride	../Syntropy_Result_Finals/Models/Model_Journal_Tuned10	../Syntropy_Result_Finals/Models/Model_Journal_Tuned10	neutral	0.2968401610851288	0.2968401610851288	0.08589436113834381	0.04339185357093811	0.02174750156700611	0.044092703610658646	0.08890482038259506	0.016214774921536446	0.19180139899253845	0.03294946253299713	0.039577752351760864	0.07571019232273102	0.06287501007318497
7	pride	../Syntropy_Result_Finals/Models/Model_Journal_Tuned10	../Syntropy_Result_Finals/Models/Model_Journal_Tuned10	pride	0.8075454831123352	0.0293248500674963	0.025437865406274796	0.019134659320116043	0.004872580990195274	0.01107500959187746	0.01585521176457405	0.008805733174085617	0.8075454831123352	0.021426832303404808	0.018071888014674187	0.0317898765206337	0.006659920327365398
621	neutral	../Syntropy_Result_Finals/Models/Model_Journal_Tuned10	../Syntropy_Result_Finals/Models/Model_Journal_Tuned10	neutral	0.3430251479148865	0.3430251479148865	0.02757982909679413	0.009617730975151062	0.00814964808523655	0.007611763663589954	0.018787503242492676	0.005897586699575186	0.07108113914728165	0.22003871202468872	0.019322173669934273	0.26171961426734924	0.007169258780777454
950	neutral	../Syntropy_Result_Finals/Models/Model_Journal_Tuned10	../Syntropy_Result_Finals/Models/Model_Journal_Tuned10	joy	0.374232679605484	0.2400319129228592	0.011741011403501034	0.004571956116706133	0.00975764635950327	0.0033162282779812813	0.009774928912520409	0.003440625499933958	0.05123467743396759	0.374232679605484	0.012518927454948425	0.27630186080932617	0.003077545901760459
357	sadness	../Syntropy_Result_Finals/Models/Model_Journal_Tuned10	../Syntropy_Result_Finals/Models/Model_Journal_Tuned10	sadness	0.6515523195266724	0.09304549545049667	0.08078069984912872	0.08037078380584717	0.6515523195266724	0.03254174068570137	0.01248200610280037	0.01594620943069458	0.008113745599985123	0.006443361286073923	0.0041240812279284	0.0023755941074341536	0.012223946861922741
329	nervousness	../Syntropy_Result_Finals/Models/Model_Journal_Tuned10	../Syntropy_Result_Finals/Models/Model_Journal_Tuned10	nervousness	0.4507068395614624	0.08294036984443665	0.4507068395614624	0.11565999686717987	0.07098880410194397	0.04735005274415016	0.05460908263921738	0.03812554478645325	0.04526379704475403	0.01771944761276245	0.024409005418419838	0.026554716750979424	0.02567231096327305
901	neutral	../Syntropy_Result_Finals/Models/Model_Journal_Tuned10	../Syntropy_Result_Finals/Models/Model_Journal_Tuned10	excitement	0.545324444770813	0.0910666212439537	0.006193876266479492	0.0034384180326014757	0.0032486352138221264	0.00385226309299469	0.007889694534242153	0.004218838177621365	0.05275014787912369	0.25393033027648926	0.02598629519343376	0.545324444770813	0.0021003950387239456
935	excitement	../Syntropy_Result_Finals/Models/Model_Journal_Tuned10	../Syntropy_Result_Finals/Models/Model_Journal_Tuned10	excitement	0.38950517773628235	0.1331811398267746	0.009590326808393002	0.003505527740344405	0.004399680998176336	0.0048002563416957855	0.010565167292952538	0.004411302041262388	0.09191267192363739	0.32591044902801514	0.018673859536647797	0.38950517773628235	0.0035443780943751335
258	pride	../Syntropy_Result_Finals/Models/Model_Journal_Tuned10	../Syntropy_Result_Finals/Models/Model_Journal_Tuned10	neutral	0.38203132152557373	0.38203132152557373	0.026427946984767914	0.014956495724618435	0.03570736199617386	0.018823258578777313	0.024705925956368446	0.014626801013946533	0.3012850284576416	0.1159399226307869	0.014956425875425339	0.04194823279976845	0.008591365069150925
1096	neutral	../Syntropy_Result_Finals/Models/Model_Journal_Tuned10	../Syntropy_Result_Finals/Models/Model_Journal_Tuned10	excitement	0.4302591383457184	0.22301891446113586	0.013449682854115963	0.008668361231684685	0.0031431603711098433	0.005443439353257418	0.013039162382483482	0.00356256403028965	0.09387709200382233	0.17318052053451538	0.028780221939086914	0.4302591383457184	0.0035777357406914234
1009	joy	../Syntropy_Result_Finals/Models/Model_Journal_Tuned10	../Syntropy_Result_Finals/Models/Model_Journal_Tuned10	neutral	0.48892226815223694	0.48892226815223694	0.06879597902297974	0.04034935683012009	0.023330779746174812	0.030792592093348503	0.05288589373230934	0.011273633688688278	0.13482552766799927	0.05953775718808174	0.017026128247380257	0.030334515497088432	0.04192553460597992
1153	joy	../Syntropy_Result_Finals/Models/Model_Journal_Tuned10	../Syntropy_Result_Finals/Models/Model_Journal_Tuned10	excitement	0.3272109925746918	0.3103564977645874	0.01180600468069315	0.008572635240852833	0.003446293529123068	0.013985318131744862	0.016233736649155617	0.005741202272474766	0.08898025006055832	0.1616140753030777	0.04591372236609459	0.3272109925746918	0.006139260251075029
668	joy	../Syntropy_Result_Finals/Models/Model_Journal_Tuned10	../Syntropy_Result_Finals/Models/Model_Journal_Tuned10	neutral	0.7054396867752075	0.7054396867752075	0.015154425986111164	0.008248277008533478	0.006706374231725931	0.010550526902079582	0.017400776967406273	0.004885038826614618	0.0556696355342865	0.0956413671374321	0.01576431840658188	0.05556713417172432	0.00897252932190895
934	sadness	../Syntropy_Result_Finals/Models/Model_Journal_Tuned10	../Syntropy_Result_Finals/Models/Model_Journal_Tuned10	sadness	0.41399791836738586	0.24876999855041504	0.06675733625888824	0.022486696019768715	0.41399791836738586	0.01150580309331417	0.023383086547255516	0.02016385830938816	0.016217024996876717	0.1159927025437355	0.013157255947589874	0.04335363954305649	0.0042147147469222546
525	nervousness	../Syntropy_Result_Finals/Models/Model_Journal_Tuned10	../Syntropy_Result_Finals/Models/Model_Journal_Tuned10	nervousness	0.500470757484436	0.05572222173213959	0.500470757484436	0.1559203416109085	0.12542714178562164	0.0260696392506361	0.04005582630634308	0.034438010305166245	0.015629800036549568	0.015161002986133099	0.010460607707500458	0.012796269729733467	0.007848385721445084
917	surprise	../Syntropy_Result_Finals/Models/Model_Journal_Tuned10	../Syntropy_Result_Finals/Models/Model_Journal_Tuned10	excitement	0.5689420700073242	0.06721071898937225	0.009433569386601448	0.005689970683306456	0.004138079471886158	0.006066827569156885	0.011563972570002079	0.0059742312878370285	0.05553156137466431	0.049555592238903046	0.2125239223241806	0.5689420700073242	0.0033694154117256403
1236	nervousness	../Syntropy_Result_Finals/Models/Model_Journal_Tuned10	../Syntropy_Result_Finals/Models/Model_Journal_Tuned10	neutral	0.6899463534355164	0.6899463534355164	0.03195144236087799	0.018931979313492775	0.0380752831697464	0.029619060456752777	0.0383489653468132	0.009616510942578316	0.03608391806483269	0.021464796736836433	0.014799301512539387	0.04584813490509987	0.02531423792243004
844	pride	../Syntropy_Result_Finals/Models/Model_Journal_Tuned10	../Syntropy_Result_Finals/Models/Model_Journal_Tuned10	neutral	0.4992354214191437	0.4992354214191437	0.03351125866174698	0.022201329469680786	0.006711178924888372	0.01284005120396614	0.03675321489572525	0.005619032308459282	0.21875222027301788	0.045706696808338165	0.028298771008849144	0.07232867181301117	0.018042225390672684
1210	excitement	../Syntropy_Result_Finals/Models/Model_Journal_Tuned10	../Syntropy_Result_Finals/Models/Model_Journal_Tuned10	neutral	0.4626922607421875	0.4626922607421875	0.041291192173957825	0.016858655959367752	0.02739877812564373	0.019995631650090218	0.03333309292793274	0.012662709690630436	0.20132780075073242	0.08107275515794754	0.024784846231341362	0.06838854402303696	0.01019365806132555
440	disgust	../Syntropy_Result_Finals/Models/Model_Journal_Tuned10	../Syntropy_Result_Finals/Models/Model_Journal_Tuned10	fear	0.5873188972473145	0.013306732289493084	0.2518497407436371	0.5873188972473145	0.03393958881497383	0.03468979522585869	0.018384555354714394	0.026250701397657394	0.005079869646579027	0.006474492605775595	0.008456003852188587	0.0046934401616454124	0.009556158445775509
531	joy	../Syntropy_Result_Finals/Models/Model_Journal_Tuned10	../Syntropy_Result_Finals/Models/Model_Journal_Tuned10	joy	0.40563341975212097	0.19563892483711243	0.004475642926990986	0.002011319389566779	0.005485649220645428	0.0016864687204360962	0.008725294843316078	0.0030934063252061605	0.05617291480302811	0.40563341975212097	0.008818057365715504	0.306147038936615	0.0021119171287864447
226	excitement	../Syntropy_Result_Finals/Models/Model_Journal_Tuned10	../Syntropy_Result_Finals/Models/Model_Journal_Tuned10	joy	0.43770045042037964	0.07657689601182938	0.004490758758038282	0.0018688561394810677	0.003740763058885932	0.0019553913734853268	0.0071128737181425095	0.0036366579588502645	0.029071088880300522	0.43770045042037964	0.014721536077558994	0.41761526465415955	0.0015093976398929954
228	pride	../Syntropy_Result_Finals/Models/Model_Journal_Tuned10	../Syntropy_Result_Finals/Models/Model_Journal_Tuned10	pride	0.7347719669342041	0.06392469257116318	0.028265509754419327	0.02166629582643509	0.00868898257613182	0.020134201273322105	0.015977149829268456	0.012012685649096966	0.7347719669342041	0.03406258672475815	0.021205268800258636	0.027357323095202446	0.011933374218642712
1116	neutral	../Syntropy_Result_Finals/Models/Model_Journal_Tuned10	../Syntropy_Result_Finals/Models/Model_Journal_Tuned10	excitement	0.41504111886024475	0.06457892060279846	0.007675759494304657	0.0038972303736954927	0.0035907025448977947	0.0038724688347429037	0.01017098966985941	0.003092037746682763	0.08242509514093399	0.38875314593315125	0.01332090888172388	0.41504111886024475	0.0035816836170852184
212	pride	../Syntropy_Result_Finals/Models/Model_Journal_Tuned10	../Syntropy_Result_Finals/Models/Model_Journal_Tuned10	pride	0.7689127922058105	0.04922834038734436	0.02888157032430172	0.015770867466926575	0.005294587463140488	0.015417528338730335	0.01800903119146824	0.010340522974729538	0.7689127922058105	0.021161727607250214	0.019679728895425797	0.03795289620757103	0.009350467473268509
79	nervousness	../Syntropy_Result_Finals/Models/Model_Journal_Tuned10	../Syntropy_Result_Finals/Models/Model_Journal_Tuned10	excitement	0.48366814851760864	0.21008643507957458	0.01869785413146019	0.010278944857418537	0.012471981346607208	0.009877922013401985	0.03521018102765083	0.018314922228455544	0.042638666927814484	0.07356254011392593	0.07837940752506256	0.48366814851760864	0.006812975276261568
148	pride	../Syntropy_Result_Finals/Models/Model_Journal_Tuned10	../Syntropy_Result_Finals/Models/Model_Journal_Tuned10	neutral	0.35479065775871277	0.35479065775871277	0.11949847638607025	0.03320269659161568	0.09760597348213196	0.02300153486430645	0.06521748751401901	0.015123290941119194	0.11476022750139236	0.07813498377799988	0.024362964555621147	0.06207989528775215	0.01222185418009758
1090	excitement	../Syntropy_Result_Finals/Models/Model_Journal_Tuned10	../Syntropy_Result_Finals/Models/Model_Journal_Tuned10	excitement	0.29566285014152527	0.29224836826324463	0.027462273836135864	0.011654708534479141	0.017330970615148544	0.008133020251989365	0.014279220253229141	0.009636027738451958	0.07111445814371109	0.22913287580013275	0.01859973929822445	0.29566285014152527	0.00474547129124403
793	excitement	../Syntropy_Result_Finals/Models/Model_Journal_Tuned10	../Syntropy_Result_Finals/Models/Model_Journal_Tuned10	neutral	0.501467764377594	0.501467764377594	0.0060782101936638355	0.0043953172862529755	0.0033240143675357103	0.009043961763381958	0.021384932100772858	0.004915250930935144	0.03971296548843384	0.07802554219961166	0.027365097776055336	0.29584547877311707	0.008441443555057049
851	joy	../Syntropy_Result_Finals/Models/Model_Journal_Tuned10	../Syntropy_Result_Finals/Models/Model_Journal_Tuned10	neutral	0.5173224210739136	0.5173224210739136	0.021141985431313515	0.013516482897102833	0.009434127248823643	0.01984441466629505	0.02359229326248169	0.008232285268604755	0.14656271040439606	0.08349410444498062	0.02971740998327732	0.11457787454128265	0.01256397645920515
133	joy	../Syntropy_Result_Finals/Models/Model_Journal_Tuned10	../Syntropy_Result_Finals/Models/Model_Journal_Tuned10	excitement	0.39464205503463745	0.12210982292890549	0.013112248852849007	0.0125495046377182	0.006890269927680492	0.004318833816796541	0.010778957046568394	0.003188624745234847	0.1501806378364563	0.2661486864089966	0.011289330199360847	0.39464205503463745	0.004791090730577707
1027	surprise	../Syntropy_Result_Finals/Models/Model_Journal_Tuned10	../Syntropy_Result_Finals/Models/Model_Journal_Tuned10	excitement	0.7947285771369934	0.028648298233747482	0.003935419488698244	0.0029409744311124086	0.0015322352992370725	0.004069524817168713	0.0066431863233447075	0.0024651968851685524	0.021984977647662163	0.09014149755239487	0.040653616189956665	0.7947285771369934	0.00225653569214046
408	nervousness	../Syntropy_Result_Finals/Models/Model_Journal_Tuned10	../Syntropy_Result_Finals/Models/Model_Journal_Tuned10	disgust	0.33163052797317505	0.07155075669288635	0.05957932025194168	0.02493502013385296	0.01562021765857935	0.33163052797317505	0.07923248410224915	0.249954953789711	0.010352738201618195	0.009794851765036583	0.07684227079153061	0.036605287343263626	0.033901624381542206
869	neutral	../Syntropy_Result_Finals/Models/Model_Journal_Tuned10	../Syntropy_Result_Finals/Models/Model_Journal_Tuned10	neutral	0.5208103060722351	0.5208103060722351	0.01428453903645277	0.005742639768868685	0.008501636795699596	0.008181914687156677	0.03783315047621727	0.012104074470698833	0.057055361568927765	0.08992235362529755	0.04389951005578041	0.19747276604175568	0.004191737622022629
507	fear	../Syntropy_Result_Finals/Models/Model_Journal_Tuned10	../Syntropy_Result_Finals/Models/Model_Journal_Tuned10	sadness	0.44719940423965454	0.04113413393497467	0.10404162108898163	0.026102926582098007	0.44719940423965454	0.1411837339401245	0.019141726195812225	0.18746539950370789	0.006441407836973667	0.005647002253681421	0.0039374916814267635	0.002781213028356433	0.014923939481377602
993	pride	../Syntropy_Result_Finals/Models/Model_Journal_Tuned10	../Syntropy_Result_Finals/Models/Model_Journal_Tuned10	neutral	0.5163413286209106	0.5163413286209106	0.05018715187907219	0.01975354552268982	0.0311823021620512	0.016519751399755478	0.027791213244199753	0.008595635183155537	0.07651491463184357	0.13779474794864655	0.01710467040538788	0.08382764458656311	0.014387068338692188
504	pride	../Syntropy_Result_Finals/Models/Model_Journal_Tuned10	../Syntropy_Result_Finals/Models/Model_Journal_Tuned10	neutral	0.4269234240055084	0.4269234240055084	0.050200529396533966	0.03177005052566528	0.015763957053422928	0.022456783801317215	0.04525770992040634	0.01149519719183445	0.0932396724820137	0.038302306085824966	0.04819059744477272	0.20854932069778442	0.007850485853850842
785	pride	../Syntropy_Result_Finals/Models/Model_Journal_Tuned10	../Syntropy_Result_Finals/Models/Model_Journal_Tuned10	neutral	0.5213004946708679	0.5213004946708679	0.04554704576730728	0.03928865119814873	0.019859330728650093	0.04790586978197098	0.03590960428118706	0.011502730660140514	0.12944269180297852	0.02330765128135681	0.04132479429244995	0.059280917048454285	0.025330213829874992
347	excitement	../Syntropy_Result_Finals/Models/Model_Journal_Tuned10	../Syntropy_Result_Finals/Models/Model_Journal_Tuned10	excitement	0.6414902806282043	0.06812702119350433	0.0071545979008078575	0.004292852710932493	0.002812935970723629	0.0042435722425580025	0.010846690274775028	0.002762934658676386	0.17160077393054962	0.058235131204128265	0.022914569824934006	0.6414902806282043	0.005518659483641386
386	pride	../Syntropy_Result_Finals/Models/Model_Journal_Tuned10	../Syntropy_Result_Finals/Models/Model_Journal_Tuned10	neutral	0.2720049023628235	0.2720049023628235	0.028633521869778633	0.014422580599784851	0.007233389187604189	0.01695854403078556	0.023949716240167618	0.007543807849287987	0.25162455439567566	0.059104930609464645	0.042712628841400146	0.26172977685928345	0.014081671833992004
0	joy	../Syntropy_Result_Finals/Models/Model_Journal_Tuned10	../Syntropy_Result_Finals/Models/Model_Journal_Tuned10	excitement	0.7665454149246216	0.04531214013695717	0.027115214616060257	0.03086424060165882	0.005387553945183754	0.006573444698005915	0.015009586699306965	0.004180663265287876	0.03764038905501366	0.024781323969364166	0.03121253103017807	0.7665454149246216	0.005377408117055893
360	excitement	../Syntropy_Result_Finals/Models/Model_Journal_Tuned10	../Syntropy_Result_Finals/Models/Model_Journal_Tuned10	neutral	0.3509826958179474	0.3509826958179474	0.02204352430999279	0.014232614077627659	0.005919872783124447	0.013465559110045433	0.05433930456638336	0.007337054703384638	0.2004079520702362	0.07217403501272202	0.05130838602781296	0.19579647481441498	0.011992506682872772
1203	joy	../Syntropy_Result_Finals/Models/Model_Journal_Tuned10	../Syntropy_Result_Finals/Models/Model_Journal_Tuned10	pride	0.5088457465171814	0.175523042678833	0.028590410947799683	0.016547149047255516	0.00574653223156929	0.01138868648558855	0.02095661126077175	0.005918783135712147	0.5088457465171814	0.09043823927640915	0.020968802273273468	0.10279282927513123	0.01228316593915224
475	joy	../Syntropy_Result_Finals/Models/Model_Journal_Tuned10	../Syntropy_Result_Finals/Models/Model_Journal_Tuned10	neutral	0.591701865196228	0.591701865196228	0.009259660728275776	0.005738990847021341	0.003645107615739107	0.008783716708421707	0.04247160255908966	0.007109310012310743	0.04302559420466423	0.06869657337665558	0.04601346701383591	0.16771270334720612	0.00584140932187438
872	pride	../Syntropy_Result_Finals/Models/Model_Journal_Tuned10	../Syntropy_Result_Finals/Models/Model_Journal_Tuned10	pride	0.7867742776870728	0.028281424194574356	0.016592130064964294	0.00820945855230093	0.0032919389195740223	0.006746006663888693	0.013883862644433975	0.005868764594197273	0.7867742776870728	0.022105539217591286	0.022719774395227432	0.08150614798069	0.004020805470645428
1223	neutral	../Syntropy_Result_Finals/Models/Model_Journal_Tuned10	../Syntropy_Result_Finals/Models/Model_Journal_Tuned10	neutral	0.45026856660842896	0.45026856660842896	0.11607475578784943	0.020189806818962097	0.0678272619843483	0.022056657820940018	0.03267927095293999	0.020910833030939102	0.06651263684034348	0.09761063009500504	0.02237319014966488	0.07698427140712738	0.006512092892080545
846	excitement	../Syntropy_Result_Finals/Models/Model_Journal_Tuned10	../Syntropy_Result_Finals/Models/Model_Journal_Tuned10	excitement	0.7445759177207947	0.026227405294775963	0.006109589710831642	0.0030919271521270275	0.0024954418186098337	0.0021271640434861183	0.0063531952910125256	0.0029276723507791758	0.12426923960447311	0.06319508701562881	0.016215169802308083	0.7445759177207947	0.0024121704045683146
711	pride	../Syntropy_Result_Finals/Models/Model_Journal_Tuned10	../Syntropy_Result_Finals/Models/Model_Journal_Tuned10	excitement	0.5144023895263672	0.16044165194034576	0.020773526281118393	0.016585666686296463	0.007150235585868359	0.01634451374411583	0.036551687866449356	0.005708466749638319	0.1310313642024994	0.02836405672132969	0.046013906598091125	0.5144023895263672	0.01663248799741268
172	pride	../Syntropy_Result_Finals/Models/Model_Journal_Tuned10	../Syntropy_Result_Finals/Models/Model_Journal_Tuned10	neutral	0.4966287612915039	0.4966287612915039	0.03192288801074028	0.01917485147714615	0.011346033774316311	0.016595453023910522	0.045002639293670654	0.007686549331992865	0.21716338396072388	0.04244948551058769	0.03064277023077011	0.06800541281700134	0.013381867669522762
450	joy	../Syntropy_Result_Finals/Models/Model_Journal_Tuned10	../Syntropy_Result_Finals/Models/Model_Journal_Tuned10	excitement	0.31196874380111694	0.14542140066623688	0.010607301257550716	0.005966135300695896	0.012331216596066952	0.002703340258449316	0.010364552959799767	0.004707269370555878	0.2719293236732483	0.20319490134716034	0.016898876056075096	0.31196874380111694	0.003906950354576111
125	pride	../Syntropy_Result_Finals/Models/Model_Journal_Tuned10	../Syntropy_Result_Finals/Models/Model_Journal_Tuned10	pride	0.7441996932029724	0.03451492264866829	0.013084006495773792	0.009488075040280819	0.0050825392827391624	0.00587820028886199	0.012374605983495712	0.005684722680598497	0.7441996932029724	0.030092604458332062	0.022167641669511795	0.1129651740193367	0.0044678556732833385
713	nervousness	../Syntropy_Result_Finals/Models/Model_Journal_Tuned10	../Syntropy_Result_Finals/Models/Model_Journal_Tuned10	nervousness	0.49924084544181824	0.058811500668525696	0.49924084544181824	0.1211734488606453	0.06763143092393875	0.044072475284338	0.07095324993133545	0.02470853365957737	0.02492777444422245	0.015287171117961407	0.017615700140595436	0.021018845960497856	0.0345589742064476
530	neutral	../Syntropy_Result_Finals/Models/Model_Journal_Tuned10	../Syntropy_Result_Finals/Models/Model_Journal_Tuned10	pride	0.44455432891845703	0.235846608877182	0.023449432104825974	0.01699819043278694	0.01670970767736435	0.008778475224971771	0.01791480928659439	0.004978851415216923	0.44455432891845703	0.1441372036933899	0.011118547059595585	0.06258690357208252	0.01292690634727478
90	neutral	../Syntropy_Result_Finals/Models/Model_Journal_Tuned10	../Syntropy_Result_Finals/Models/Model_Journal_Tuned10	excitement	0.8342401385307312	0.05480382591485977	0.008571057580411434	0.004667733330279589	0.002998656826093793	0.003618360962718725	0.008214428089559078	0.0030080857686698437	0.02593795768916607	0.035677991807460785	0.014345281757414341	0.8342401385307312	0.003916534129530191
1231	pride	../Syntropy_Result_Finals/Models/Model_Journal_Tuned10	../Syntropy_Result_Finals/Models/Model_Journal_Tuned10	neutral	0.37761685252189636	0.37761685252189636	0.02913142368197441	0.01201540231704712	0.009653126820921898	0.010012166574597359	0.023117179051041603	0.005565222352743149	0.1263112723827362	0.12380953133106232	0.03395545110106468	0.24080248177051544	0.008009923622012138
181	neutral	../Syntropy_Result_Finals/Models/Model_Journal_Tuned10	../Syntropy_Result_Finals/Models/Model_Journal_Tuned10	joy	0.36074841022491455	0.1841038316488266	0.008563810959458351	0.0032036590855568647	0.009661172516644001	0.005446363240480423	0.01153147965669632	0.008950388990342617	0.0313945896923542	0.36074841022491455	0.020355328917503357	0.3527306020259857	0.003310428699478507
989	neutral	../Syntropy_Result_Finals/Models/Model_Journal_Tuned10	../Syntropy_Result_Finals/Models/Model_Journal_Tuned10	neutral	0.6294164061546326	0.6294164061546326	0.01734144426882267	0.019308384507894516	0.012445888482034206	0.005787604954093695	0.058062776923179626	0.006360182072967291	0.09878452122211456	0.0524129793047905	0.020219240337610245	0.059823062270879745	0.020037483423948288
414	neutral	../Syntropy_Result_Finals/Models/Model_Journal_Tuned10	../Syntropy_Result_Finals/Models/Model_Journal_Tuned10	neutral	0.342631995677948	0.342631995677948	0.04495849832892418	0.05259796604514122	0.022042086347937584	0.019259903579950333	0.07967955619096756	0.008885078132152557	0.2113194316625595	0.07650776952505112	0.033082492649555206	0.06966003030538559	0.039375126361846924
251	disgust	../Syntropy_Result_Finals/Models/Model_Journal_Tuned10	../Syntropy_Result_Finals/Models/Model_Journal_Tuned10	nervousness	0.44374796748161316	0.10400285571813583	0.44374796748161316	0.11869075149297714	0.0702027902007103	0.0531049482524395	0.07398631423711777	0.019829075783491135	0.029565349221229553	0.01480549294501543	0.021692585200071335	0.01988324336707592	0.030488621443510056
69	excitement	../Syntropy_Result_Finals/Models/Model_Journal_Tuned10	../Syntropy_Result_Finals/Models/Model_Journal_Tuned10	neutral	0.5608393549919128	0.5608393549919128	0.025100408121943474	0.011100313626229763	0.017028765752911568	0.008319659158587456	0.015850894153118134	0.006280834786593914	0.14354047179222107	0.09166595339775085	0.014283720403909683	0.09830930083990097	0.007680284325033426
131	anger	../Syntropy_Result_Finals/Models/Model_Journal_Tuned10	../Syntropy_Result_Finals/Models/Model_Journal_Tuned10	fear	0.8202564120292664	0.017556723207235336	0.06312186270952225	0.8202564120292664	0.011781345121562481	0.029553432017564774	0.011043784208595753	0.0067142099142074585	0.005564399529248476	0.005627036094665527	0.007178391795605421	0.006797668058425188	0.014804729260504246
300	joy	../Syntropy_Result_Finals/Models/Model_Journal_Tuned10	../Syntropy_Result_Finals/Models/Model_Journal_Tuned10	sadness	0.498432993888855	0.11182122677564621	0.1940324306488037	0.05278129503130913	0.498432993888855	0.008250853978097439	0.03317193314433098	0.02216787450015545	0.03118008002638817	0.021426571533083916	0.010292574763298035	0.012145104818046093	0.004297077655792236
746	embarrassment	../Syntropy_Result_Finals/Models/Model_Journal_Tuned10	../Syntropy_Result_Finals/Models/Model_Journal_Tuned10	neutral	0.22933433949947357	0.22933433949947357	0.18390390276908875	0.04769466072320938	0.1418723464012146	0.042689841240644455	0.08840499818325043	0.15802393853664398	0.02739717625081539	0.021078145131468773	0.0137912817299366	0.019559629261493683	0.026249781250953674
326	nervousness	../Syntropy_Result_Finals/Models/Model_Journal_Tuned10	../Syntropy_Result_Finals/Models/Model_Journal_Tuned10	excitement	0.28116798400878906	0.23691971600055695	0.024993479251861572	0.010951315984129906	0.008749956265091896	0.008198590949177742	0.01932626962661743	0.0073402212001383305	0.20829059183597565	0.16617821156978607	0.023020779713988304	0.28116798400878906	0.004862902220338583
1244	excitement	../Syntropy_Result_Finals/Models/Model_Journal_Tuned10	../Syntropy_Result_Finals/Models/Model_Journal_Tuned10	excitement	0.3302136957645416	0.25170615315437317	0.019536567851901054	0.012459047138690948	0.010124536231160164	0.014188705012202263	0.04864030331373215	0.016960356384515762	0.08928526192903519	0.13759590685367584	0.060487035661935806	0.3302136957645416	0.008802450262010098
887	joy	../Syntropy_Result_Finals/Models/Model_Journal_Tuned10	../Syntropy_Result_Finals/Models/Model_Journal_Tuned10	pride	0.6716811656951904	0.10324052721261978	0.025887057185173035	0.022534111514687538	0.020587055012583733	0.017339766025543213	0.01604108139872551	0.011735044419765472	0.6716811656951904	0.04110483080148697	0.02718142420053482	0.03221062570810318	0.010457346215844154
499	joy	../Syntropy_Result_Finals/Models/Model_Journal_Tuned10	../Syntropy_Result_Finals/Models/Model_Journal_Tuned10	excitement	0.6993246078491211	0.07607372105121613	0.005918639246374369	0.00392095698043704	0.0020148884505033493	0.006361914332956076	0.018192345276474953	0.003568586427718401	0.07308492064476013	0.05216781795024872	0.054351210594177246	0.6993246078491211	0.005020392592996359
741	neutral	../Syntropy_Result_Finals/Models/Model_Journal_Tuned10	../Syntropy_Result_Finals/Models/Model_Journal_Tuned10	neutral	0.7348207235336304	0.7348207235336304	0.019256554543972015	0.009729412384331226	0.009543158113956451	0.015519107691943645	0.024900544434785843	0.0045660133473575115	0.03635573759675026	0.04751816391944885	0.019604431465268135	0.0665796548128128	0.011606465093791485
364	neutral	../Syntropy_Result_Finals/Models/Model_Journal_Tuned10	../Syntropy_Result_Finals/Models/Model_Journal_Tuned10	neutral	0.6749030947685242	0.6749030947685242	0.026288945227861404	0.014123296365141869	0.007014987524598837	0.007551930844783783	0.016238288953900337	0.005074571818113327	0.05160045623779297	0.10349713265895844	0.018791284412145615	0.06922926008701324	0.005686791148036718
495	joy	../Syntropy_Result_Finals/Models/Model_Journal_Tuned10	../Syntropy_Result_Finals/Models/Model_Journal_Tuned10	joy	0.31290146708488464	0.2347056120634079	0.012662003748118877	0.0042034112848341465	0.005540951155126095	0.007018106058239937	0.014388302341103554	0.008118901401758194	0.07227329909801483	0.31290146708488464	0.022601572796702385	0.3024262487888336	0.0031601362861692905
1252	joy	../Syntropy_Result_Finals/Models/Model_Journal_Tuned10	../Syntropy_Result_Finals/Models/Model_Journal_Tuned10	anger	0.5463929772377014	0.22796151041984558	0.012989690527319908	0.02031579054892063	0.01386543083935976	0.10724418610334396	0.01171964406967163	0.010297193191945553	0.022386662662029266	0.007871698588132858	0.011492649093270302	0.007462539244443178	0.5463929772377014
338	neutral	../Syntropy_Result_Finals/Models/Model_Journal_Tuned10	../Syntropy_Result_Finals/Models/Model_Journal_Tuned10	pride	0.4324491024017334	0.113468237221241	0.02560262195765972	0.012031007558107376	0.003827338572591543	0.007621682249009609	0.02163061685860157	0.005545788444578648	0.4324491024017334	0.07603955268859863	0.03641580045223236	0.2567029893398285	0.008665258064866066
421	nervousness	../Syntropy_Result_Finals/Models/Model_Journal_Tuned10	../Syntropy_Result_Finals/Models/Model_Journal_Tuned10	excitement	0.3449903726577759	0.2686436176300049	0.008267669938504696	0.0032245300244539976	0.006901983637362719	0.003180866129696369	0.008975300937891006	0.005520491860806942	0.06198083236813545	0.2732544541358948	0.01217954233288765	0.3449903726577759	0.00288027455098927
164	excitement	../Syntropy_Result_Finals/Models/Model_Journal_Tuned10	../Syntropy_Result_Finals/Models/Model_Journal_Tuned10	excitement	0.42027875781059265	0.16779103875160217	0.018933532759547234	0.009992368519306183	0.008203604258596897	0.008769504725933075	0.018115786835551262	0.005620471201837063	0.23464621603488922	0.06407816708087921	0.03409433737397194	0.42027875781059265	0.009476277977228165
28	confusion	../Syntropy_Result_Finals/Models/Model_Journal_Tuned10	../Syntropy_Result_Finals/Models/Model_Journal_Tuned10	nervousness	0.39059486985206604	0.0329788438975811	0.39059486985206604	0.18375959992408752	0.07646994292736053	0.014858797192573547	0.12103572487831116	0.03850773721933365	0.015119886957108974	0.008202407509088516	0.08667601644992828	0.024840425699949265	0.006955752149224281
516	excitement	../Syntropy_Result_Finals/Models/Model_Journal_Tuned10	../Syntropy_Result_Finals/Models/Model_Journal_Tuned10	neutral	0.7034817934036255	0.7034817934036255	0.04068595543503761	0.02601257711648941	0.015863990411162376	0.01664518192410469	0.024446425959467888	0.007325905840843916	0.06518412381410599	0.03881805017590523	0.02094125747680664	0.024895327165722847	0.015699436888098717
193	pride	../Syntropy_Result_Finals/Models/Model_Journal_Tuned10	../Syntropy_Result_Finals/Models/Model_Journal_Tuned10	excitement	0.35097944736480713	0.25948965549468994	0.017373954877257347	0.00680672749876976	0.006149544846266508	0.006300398148596287	0.039808377623558044	0.007522309198975563	0.13046887516975403	0.14451190829277039	0.026084821671247482	0.35097944736480713	0.004504074342548847
706	excitement	../Syntropy_Result_Finals/Models/Model_Journal_Tuned10	../Syntropy_Result_Finals/Models/Model_Journal_Tuned10	neutral	0.6672332882881165	0.6672332882881165	0.018277503550052643	0.011743463575839996	0.057637374848127365	0.011837532743811607	0.027591127902269363	0.00688584940508008	0.0759817585349083	0.0707290843129158	0.008728786371648312	0.020736977458000183	0.022617200389504433
874	joy	../Syntropy_Result_Finals/Models/Model_Journal_Tuned10	../Syntropy_Result_Finals/Models/Model_Journal_Tuned10	joy	0.32724735140800476	0.2643536627292633	0.020649300888180733	0.007033476606011391	0.02499794214963913	0.007801469881087542	0.01708264648914337	0.013139475136995316	0.0509723499417305	0.32724735140800476	0.031916145235300064	0.23057198524475098	0.004234120715409517
169	neutral	../Syntropy_Result_Finals/Models/Model_Journal_Tuned10	../Syntropy_Result_Finals/Models/Model_Journal_Tuned10	joy	0.3539477288722992	0.15465471148490906	0.007680254988372326	0.00507904589176178	0.006300893612205982	0.0037117069587111473	0.008025549352169037	0.0033540218137204647	0.13328750431537628	0.3539477288722992	0.01689607836306095	0.30331823229789734	0.0037442483007907867
1270	pride	../Syntropy_Result_Finals/Models/Model_Journal_Tuned10	../Syntropy_Result_Finals/Models/Model_Journal_Tuned10	surprise	0.5123758912086487	0.047829050570726395	0.006597151979804039	0.005349266342818737	0.0030867005698382854	0.006512478459626436	0.018633117899298668	0.006344555411487818	0.01822277531027794	0.05383974313735962	0.5123758912086487	0.3168504238128662	0.004358864855021238
652	pride	../Syntropy_Result_Finals/Models/Model_Journal_Tuned10	../Syntropy_Result_Finals/Models/Model_Journal_Tuned10	pride	0.5965941548347473	0.0747634619474411	0.027355482801795006	0.017710231244564056	0.006301629822701216	0.011747349984943867	0.034275855869054794	0.010401885025203228	0.5965941548347473	0.03460400924086571	0.07590321451425552	0.10156060755252838	0.008782071061432362
173	excitement	../Syntropy_Result_Finals/Models/Model_Journal_Tuned10	../Syntropy_Result_Finals/Models/Model_Journal_Tuned10	pride	0.3579561114311218	0.2677551507949829	0.03866034373641014	0.02362239919602871	0.009115919470787048	0.012447621673345566	0.06921111792325974	0.007994073443114758	0.3579561114311218	0.055553924292325974	0.04358580335974693	0.09996645897626877	0.014131016097962856
518	pride	../Syntropy_Result_Finals/Models/Model_Journal_Tuned10	../Syntropy_Result_Finals/Models/Model_Journal_Tuned10	pride	0.403016060590744	0.21186251938343048	0.033088747411966324	0.016983242705464363	0.005915764253586531	0.011401059105992317	0.025198396295309067	0.005996775813400745	0.403016060590744	0.07791030406951904	0.026190832257270813	0.16982951760292053	0.01260677631944418
1034	joy	../Syntropy_Result_Finals/Models/Model_Journal_Tuned10	../Syntropy_Result_Finals/Models/Model_Journal_Tuned10	excitement	0.550073504447937	0.10868321359157562	0.0045069423504173756	0.0027378681115806103	0.002626563422381878	0.003492853371426463	0.0074486988596618176	0.003938281908631325	0.07471141219139099	0.21695367991924286	0.021977435797452927	0.550073504447937	0.0028495227452367544
787	excitement	../Syntropy_Result_Finals/Models/Model_Journal_Tuned10	../Syntropy_Result_Finals/Models/Model_Journal_Tuned10	pride	0.49569952487945557	0.15743012726306915	0.028132162988185883	0.013631760142743587	0.007269571069628	0.01342916302382946	0.025677097961306572	0.010084237903356552	0.49569952487945557	0.05562164634466171	0.044048625975847244	0.1407560408115387	0.008220011368393898
491	pride	../Syntropy_Result_Finals/Models/Model_Journal_Tuned10	../Syntropy_Result_Finals/Models/Model_Journal_Tuned10	pride	0.38640716671943665	0.20659960806369781	0.04932672530412674	0.05390247330069542	0.08692221343517303	0.024119168519973755	0.02274758368730545	0.00880790501832962	0.38640716671943665	0.08065097779035568	0.011837290599942207	0.030004797503352165	0.03867393359541893
73	excitement	../Syntropy_Result_Finals/Models/Model_Journal_Tuned10	../Syntropy_Result_Finals/Models/Model_Journal_Tuned10	excitement	0.5765494108200073	0.12565696239471436	0.009541410952806473	0.00523058045655489	0.00315987691283226	0.0041080559603869915	0.010113178752362728	0.0029624314047396183	0.06360489875078201	0.18004226684570312	0.015281951986253262	0.5765494108200073	0.0037488951347768307
1190	surprise	../Syntropy_Result_Finals/Models/Model_Journal_Tuned10	../Syntropy_Result_Finals/Models/Model_Journal_Tuned10	surprise	0.9306542873382568	0.010368394665420055	0.0023809107951819897	0.001103164628148079	0.0012200031196698546	0.0015051570953801274	0.0060424115508794785	0.0015870837960392237	0.001768263871781528	0.003180922009050846	0.9306542873382568	0.03891771286725998	0.0012716997880488634
587	pride	../Syntropy_Result_Finals/Models/Model_Journal_Tuned10	../Syntropy_Result_Finals/Models/Model_Journal_Tuned10	neutral	0.4661795496940613	0.4661795496940613	0.0956948772072792	0.04692015051841736	0.05080782622098923	0.034597426652908325	0.049025099724531174	0.01606147177517414	0.12849153578281403	0.02873774617910385	0.030193310230970383	0.027967382222414017	0.02532355859875679
657	joy	../Syntropy_Result_Finals/Models/Model_Journal_Tuned10	../Syntropy_Result_Finals/Models/Model_Journal_Tuned10	pride	0.593934178352356	0.119749054312706	0.03068535029888153	0.018224503844976425	0.00807102583348751	0.022269845008850098	0.02385128103196621	0.009226322174072266	0.593934178352356	0.06547434628009796	0.026138680055737495	0.06695970147848129	0.015415741130709648
234	pride	../Syntropy_Result_Finals/Models/Model_Journal_Tuned10	../Syntropy_Result_Finals/Models/Model_Journal_Tuned10	pride	0.565886914730072	0.0697917640209198	0.021670889109373093	0.011602564714848995	0.0040046656504273415	0.008458984084427357	0.018153410404920578	0.006047467701137066	0.565886914730072	0.04816794395446777	0.03274722024798393	0.20785163342952728	0.005616624373942614
214	pride	../Syntropy_Result_Finals/Models/Model_Journal_Tuned10	../Syntropy_Result_Finals/Models/Model_Journal_Tuned10	neutral	0.39110153913497925	0.39110153913497925	0.059556297957897186	0.04283059015870094	0.019849363714456558	0.0382663793861866	0.04126107692718506	0.010962518863379955	0.22737057507038116	0.05150360241532326	0.03384243696928024	0.06221461296081543	0.021240992471575737
162	surprise	../Syntropy_Result_Finals/Models/Model_Journal_Tuned10	../Syntropy_Result_Finals/Models/Model_Journal_Tuned10	excitement	0.7155023813247681	0.049706630408763885	0.005469656549394131	0.0035716965794563293	0.0017008081777021289	0.001982324756681919	0.008022966794669628	0.002185591496527195	0.04516903683543205	0.1506471335887909	0.014107693918049335	0.7155023813247681	0.00193406967446208
132	joy	../Syntropy_Result_Finals/Models/Model_Journal_Tuned10	../Syntropy_Result_Finals/Models/Model_Journal_Tuned10	joy	0.376071572303772	0.06192175671458244	0.009943686425685883	0.008125701919198036	0.004895308520644903	0.0037827901542186737	0.0065590571612119675	0.0034388164058327675	0.1857152134180069	0.376071572303772	0.011698400601744652	0.32422828674316406	0.0036193858832120895
978	anger	../Syntropy_Result_Finals/Models/Model_Journal_Tuned10	../Syntropy_Result_Finals/Models/Model_Journal_Tuned10	anger	0.34169071912765503	0.09098541736602783	0.14182265102863312	0.12677718698978424	0.04474949464201927	0.09635096043348312	0.03743487596511841	0.013526516035199165	0.05443171411752701	0.01915629580616951	0.013326689600944519	0.01974749006330967	0.34169071912765503
1069	neutral	../Syntropy_Result_Finals/Models/Model_Journal_Tuned10	../Syntropy_Result_Finals/Models/Model_Journal_Tuned10	neutral	0.7115617990493774	0.7115617990493774	0.05063077062368393	0.013645566999912262	0.0269194096326828	0.0125877158716321	0.029594367370009422	0.009702010080218315	0.03779791668057442	0.059259142726659775	0.01514993142336607	0.026416897773742676	0.006734538823366165
1268	joy	../Syntropy_Result_Finals/Models/Model_Journal_Tuned10	../Syntropy_Result_Finals/Models/Model_Journal_Tuned10	neutral	0.4312288165092468	0.4312288165092468	0.017154552042484283	0.011223247274756432	0.006253127008676529	0.009138917550444603	0.1085062250494957	0.005714874714612961	0.10003957897424698	0.08702912926673889	0.04088420420885086	0.17191341519355774	0.010913948528468609
185	embarrassment	../Syntropy_Result_Finals/Models/Model_Journal_Tuned10	../Syntropy_Result_Finals/Models/Model_Journal_Tuned10	nervousness	0.39380696415901184	0.04381558671593666	0.39380696415901184	0.23582305014133453	0.021031171083450317	0.044447217136621475	0.08628915995359421	0.06435485929250717	0.014861751347780228	0.02467290312051773	0.034327056258916855	0.029583165422081947	0.006987149361521006
41	neutral	../Syntropy_Result_Finals/Models/Model_Journal_Tuned10	../Syntropy_Result_Finals/Models/Model_Journal_Tuned10	pride	0.4517068564891815	0.24490191042423248	0.027698615565896034	0.030622243881225586	0.02422061376273632	0.01282877940684557	0.018791284412145615	0.006586845498532057	0.4517068564891815	0.0900205597281456	0.018606990575790405	0.056159988045692444	0.017855297774076462
692	joy	../Syntropy_Result_Finals/Models/Model_Journal_Tuned10	../Syntropy_Result_Finals/Models/Model_Journal_Tuned10	neutral	0.7395132780075073	0.7395132780075073	0.022625574842095375	0.014419017359614372	0.0108195710927248	0.012623896822333336	0.03226623684167862	0.007268354296684265	0.04977553337812424	0.0464959479868412	0.011758733540773392	0.03798262029886246	0.014451189897954464
108	pride	../Syntropy_Result_Finals/Models/Model_Journal_Tuned10	../Syntropy_Result_Finals/Models/Model_Journal_Tuned10	excitement	0.6200026273727417	0.11938146501779556	0.007019026670604944	0.004455949645489454	0.005975234322249889	0.0033926034811884165	0.011789201758801937	0.006818278692662716	0.05806940793991089	0.10410580784082413	0.05513967201113701	0.6200026273727417	0.0038507021963596344
958	pride	../Syntropy_Result_Finals/Models/Model_Journal_Tuned10	../Syntropy_Result_Finals/Models/Model_Journal_Tuned10	neutral	0.3665579557418823	0.3665579557418823	0.179228737950325	0.06598351150751114	0.21757546067237854	0.019780097529292107	0.041048724204301834	0.012930987402796745	0.044935233891010284	0.019873593002557755	0.006751528941094875	0.010302326641976833	0.015031862072646618
568	fear	../Syntropy_Result_Finals/Models/Model_Journal_Tuned10	../Syntropy_Result_Finals/Models/Model_Journal_Tuned10	anger	0.3237757384777069	0.07508254796266556	0.17170001566410065	0.1348416656255722	0.04090438783168793	0.11559193581342697	0.055294252932071686	0.027626680210232735	0.014503184705972672	0.01457392517477274	0.010828076861798763	0.01527759525924921	0.3237757384777069
724	pride	../Syntropy_Result_Finals/Models/Model_Journal_Tuned10	../Syntropy_Result_Finals/Models/Model_Journal_Tuned10	excitement	0.704260528087616	0.07959797978401184	0.0073801749385893345	0.005388219375163317	0.0024954418186098337	0.004656196106225252	0.009259908460080624	0.0038048638962209225	0.049590058624744415	0.1110595166683197	0.019256912171840668	0.704260528087616	0.0032502373214811087
1077	excitement	../Syntropy_Result_Finals/Models/Model_Journal_Tuned10	../Syntropy_Result_Finals/Models/Model_Journal_Tuned10	neutral	0.8427360653877258	0.8427360653877258	0.008509740233421326	0.005029083229601383	0.005666198208928108	0.01278723031282425	0.01975002884864807	0.004653181880712509	0.030118852853775024	0.029344581067562103	0.012907078489661217	0.02128063328564167	0.007217274978756905
1224	neutral	../Syntropy_Result_Finals/Models/Model_Journal_Tuned10	../Syntropy_Result_Finals/Models/Model_Journal_Tuned10	excitement	0.41817179322242737	0.22230446338653564	0.013733599334955215	0.006835551466792822	0.004698780830949545	0.006419275421649218	0.013269659131765366	0.004393318202346563	0.11531295627355576	0.16867956519126892	0.019524065777659416	0.41817179322242737	0.006657021585851908
483	neutral	../Syntropy_Result_Finals/Models/Model_Journal_Tuned10	../Syntropy_Result_Finals/Models/Model_Journal_Tuned10	excitement	0.34798499941825867	0.24904724955558777	0.00816939678043127	0.0028791306540369987	0.005268019158393145	0.0030219005420804024	0.009012165479362011	0.003885030746459961	0.03758417069911957	0.31753575801849365	0.013070131652057171	0.34798499941825867	0.002542059635743499
468	joy	../Syntropy_Result_Finals/Models/Model_Journal_Tuned10	../Syntropy_Result_Finals/Models/Model_Journal_Tuned10	excitement	0.44620180130004883	0.1436462253332138	0.00637130718678236	0.00234194565564394	0.004082204308360815	0.0038125754799693823	0.006701639853417873	0.0038753796834498644	0.04845849424600601	0.3180951178073883	0.013675641268491745	0.44620180130004883	0.0027375968638807535
24	joy	../Syntropy_Result_Finals/Models/Model_Journal_Tuned10	../Syntropy_Result_Finals/Models/Model_Journal_Tuned10	pride	0.3905917704105377	0.20630347728729248	0.03797942399978638	0.01769918017089367	0.0091406824067235	0.022611254826188087	0.028193512931466103	0.010348030366003513	0.3905917704105377	0.05898739770054817	0.041074126958847046	0.16046874225139618	0.01660231500864029
752	neutral	../Syntropy_Result_Finals/Models/Model_Journal_Tuned10	../Syntropy_Result_Finals/Models/Model_Journal_Tuned10	neutral	0.6072396039962769	0.6072396039962769	0.029389362782239914	0.026690224185585976	0.016272619366645813	0.04609549045562744	0.025788050144910812	0.008615356869995594	0.09420497715473175	0.0292238499969244	0.02692738175392151	0.05239632725715637	0.037156686186790466
811	neutral	../Syntropy_Result_Finals/Models/Model_Journal_Tuned10	../Syntropy_Result_Finals/Models/Model_Journal_Tuned10	joy	0.4466640055179596	0.1777714043855667	0.0075294869020581245	0.0027412371709942818	0.008726834319531918	0.0028741841670125723	0.007954243570566177	0.0034040503669530153	0.07462334632873535	0.4466640055179596	0.012028202414512634	0.25318247079849243	0.0025004565250128508
845	neutral	../Syntropy_Result_Finals/Models/Model_Journal_Tuned10	../Syntropy_Result_Finals/Models/Model_Journal_Tuned10	neutral	0.6037909984588623	0.6037909984588623	0.05429903790354729	0.036947693675756454	0.0722958967089653	0.019699454307556152	0.05859702080488205	0.010623767971992493	0.054706767201423645	0.02387366257607937	0.02646908164024353	0.026018425822257996	0.012678158469498158
1075	neutral	../Syntropy_Result_Finals/Models/Model_Journal_Tuned10	../Syntropy_Result_Finals/Models/Model_Journal_Tuned10	neutral	0.5184630155563354	0.5184630155563354	0.015567513182759285	0.008938740938901901	0.01697275973856449	0.009853323921561241	0.033337052911520004	0.011083144694566727	0.07885593175888062	0.13513535261154175	0.033977534621953964	0.13408416509628296	0.0037314724177122116
366	excitement	../Syntropy_Result_Finals/Models/Model_Journal_Tuned10	../Syntropy_Result_Finals/Models/Model_Journal_Tuned10	excitement	0.4337499737739563	0.1281411200761795	0.007441292982548475	0.0042380657978355885	0.0032037203200161457	0.0028017901349812746	0.009410610422492027	0.0027279499918222427	0.2119709551334381	0.17048998177051544	0.022160300984978676	0.4337499737739563	0.0036642334889620543
947	neutral	../Syntropy_Result_Finals/Models/Model_Journal_Tuned10	../Syntropy_Result_Finals/Models/Model_Journal_Tuned10	neutral	0.3201150894165039	0.3201150894165039	0.04930183291435242	0.050238076597452164	0.022778285667300224	0.020483190193772316	0.03837943822145462	0.008293339982628822	0.319587379693985	0.07228421419858932	0.019608039408922195	0.04936414957046509	0.029566975310444832
1118	pride	../Syntropy_Result_Finals/Models/Model_Journal_Tuned10	../Syntropy_Result_Finals/Models/Model_Journal_Tuned10	neutral	0.343989759683609	0.343989759683609	0.20600682497024536	0.06393861025571823	0.017378421500325203	0.026901278644800186	0.04464555159211159	0.0154794342815876	0.09541233628988266	0.06213502213358879	0.02583090402185917	0.08123444020748138	0.017047405242919922
383	neutral	../Syntropy_Result_Finals/Models/Model_Journal_Tuned10	../Syntropy_Result_Finals/Models/Model_Journal_Tuned10	joy	0.4662349820137024	0.09122777730226517	0.004087751731276512	0.00197970331646502	0.0037083951756358147	0.002320172032341361	0.004056497476994991	0.0024845979642122984	0.029261386021971703	0.4662349820137024	0.009169407188892365	0.38315728306770325	0.0023121307604014874
717	nervousness	../Syntropy_Result_Finals/Models/Model_Journal_Tuned10	../Syntropy_Result_Finals/Models/Model_Journal_Tuned10	nervousness	0.4367308020591736	0.15117856860160828	0.4367308020591736	0.08962469547986984	0.022259589284658432	0.013225516304373741	0.08176963776350021	0.016911981627345085	0.034336190670728683	0.03469148278236389	0.03495150804519653	0.07555442303419113	0.008765658363699913
454	anger	../Syntropy_Result_Finals/Models/Model_Journal_Tuned10	../Syntropy_Result_Finals/Models/Model_Journal_Tuned10	nervousness	0.5452635288238525	0.025432761758565903	0.5452635288238525	0.338511198759079	0.017912758514285088	0.011218501254916191	0.01892022415995598	0.007958322763442993	0.00896098930388689	0.01086732093244791	0.006115500349551439	0.005360513925552368	0.0034783650189638138
264	excitement	../Syntropy_Result_Finals/Models/Model_Journal_Tuned10	../Syntropy_Result_Finals/Models/Model_Journal_Tuned10	excitement	0.3518252372741699	0.22500628232955933	0.030818864703178406	0.010387817397713661	0.007046561688184738	0.008918926119804382	0.027651702985167503	0.005937615409493446	0.21533724665641785	0.06931069493293762	0.04184477776288986	0.3518252372741699	0.005914207082241774
963	neutral	../Syntropy_Result_Finals/Models/Model_Journal_Tuned10	../Syntropy_Result_Finals/Models/Model_Journal_Tuned10	excitement	0.4863094091415405	0.09505916386842728	0.00423087365925312	0.001981872832402587	0.003012634813785553	0.001850409316830337	0.005849015433341265	0.0027441447600722313	0.0579204224050045	0.3287820816040039	0.01031472347676754	0.4863094091415405	0.001945223775692284
232	excitement	../Syntropy_Result_Finals/Models/Model_Journal_Tuned10	../Syntropy_Result_Finals/Models/Model_Journal_Tuned10	excitement	0.4484356939792633	0.22263824939727783	0.00583849661052227	0.0033357401844114065	0.005955323111265898	0.0024599877651780844	0.00886180717498064	0.00300171272829175	0.07014312595129013	0.21002890169620514	0.015725262463092804	0.4484356939792633	0.003575762500986457
444	excitement	../Syntropy_Result_Finals/Models/Model_Journal_Tuned10	../Syntropy_Result_Finals/Models/Model_Journal_Tuned10	pride	0.7147186994552612	0.029929235577583313	0.01463739201426506	0.00782118458300829	0.00410522660240531	0.005521368235349655	0.01062646321952343	0.005147600546479225	0.7147186994552612	0.038020066916942596	0.021625954657793045	0.14326490461826324	0.004581901710480452
395	joy	../Syntropy_Result_Finals/Models/Model_Journal_Tuned10	../Syntropy_Result_Finals/Models/Model_Journal_Tuned10	pride	0.23798868060112	0.19719906151294708	0.07554284483194351	0.044211700558662415	0.01715124025940895	0.02844120003283024	0.0547860749065876	0.011702567338943481	0.23798868060112	0.04195205122232437	0.04305582866072655	0.22829201817512512	0.019676711410284042
834	excitement	../Syntropy_Result_Finals/Models/Model_Journal_Tuned10	../Syntropy_Result_Finals/Models/Model_Journal_Tuned10	excitement	0.41813093423843384	0.2599823474884033	0.009356309659779072	0.006837263237684965	0.0033998843282461166	0.0062493798322975636	0.028398972004652023	0.005206418689340353	0.11437170207500458	0.0982530489563942	0.0449979193508625	0.41813093423843384	0.004815790802240372
176	confusion	../Syntropy_Result_Finals/Models/Model_Journal_Tuned10	../Syntropy_Result_Finals/Models/Model_Journal_Tuned10	nervousness	0.5264396667480469	0.07348812371492386	0.5264396667480469	0.15217402577400208	0.03141910582780838	0.03784150630235672	0.029551006853580475	0.01395092997699976	0.03769757226109505	0.021403469145298004	0.014770136214792728	0.02946130558848381	0.031803056597709656
18	nervousness	../Syntropy_Result_Finals/Models/Model_Journal_Tuned10	../Syntropy_Result_Finals/Models/Model_Journal_Tuned10	neutral	0.5518458485603333	0.5518458485603333	0.1067684069275856	0.03369170427322388	0.04884647578001022	0.02562851645052433	0.08910182863473892	0.018462050706148148	0.03218252584338188	0.014189084060490131	0.028438657522201538	0.0355948843061924	0.015250039286911488
1115	neutral	../Syntropy_Result_Finals/Models/Model_Journal_Tuned10	../Syntropy_Result_Finals/Models/Model_Journal_Tuned10	neutral	0.7511237263679504	0.7511237263679504	0.024391716346144676	0.01079249382019043	0.022077014669775963	0.010045363567769527	0.017989033833146095	0.005577416159212589	0.047055166214704514	0.05587682127952576	0.010908241383731365	0.03683900088071823	0.00732398871332407
813	excitement	../Syntropy_Result_Finals/Models/Model_Journal_Tuned10	../Syntropy_Result_Finals/Models/Model_Journal_Tuned10	excitement	0.810420572757721	0.05329391360282898	0.006964254193007946	0.004980926867574453	0.0020481881219893694	0.005346206482499838	0.008495692163705826	0.0024958334397524595	0.03131982311606407	0.05061456188559532	0.020648183301091194	0.810420572757721	0.0033718133345246315
918	pride	../Syntropy_Result_Finals/Models/Model_Journal_Tuned10	../Syntropy_Result_Finals/Models/Model_Journal_Tuned10	neutral	0.44133463501930237	0.44133463501930237	0.0253806971013546	0.03475406765937805	0.023761318996548653	0.024109074845910072	0.051389407366514206	0.011956515721976757	0.17096509039402008	0.0466647632420063	0.03605116531252861	0.10387882590293884	0.029754411429166794
767	excitement	../Syntropy_Result_Finals/Models/Model_Journal_Tuned10	../Syntropy_Result_Finals/Models/Model_Journal_Tuned10	pride	0.5655654668807983	0.17212797701358795	0.02214539237320423	0.011066077277064323	0.006173578090965748	0.01246105507016182	0.018057072535157204	0.006524871103465557	0.5655654668807983	0.06312499195337296	0.025623219087719917	0.08850474655628204	0.008625534363090992
595	joy	../Syntropy_Result_Finals/Models/Model_Journal_Tuned10	../Syntropy_Result_Finals/Models/Model_Journal_Tuned10	excitement	0.4875558614730835	0.16115538775920868	0.0072676339186728	0.0041886805556714535	0.0043400791473686695	0.003725123591721058	0.022947536781430244	0.004165892023593187	0.11041294038295746	0.13811330497264862	0.052537426352500916	0.4875558614730835	0.003590199165046215
61	neutral	../Syntropy_Result_Finals/Models/Model_Journal_Tuned10	../Syntropy_Result_Finals/Models/Model_Journal_Tuned10	neutral	0.5350426435470581	0.5350426435470581	0.021358361467719078	0.010607326403260231	0.012504256330430508	0.01069733314216137	0.016953548416495323	0.004458404146134853	0.10444551706314087	0.12608665227890015	0.020921336486935616	0.12769225239753723	0.009232409298419952
272	pride	../Syntropy_Result_Finals/Models/Model_Journal_Tuned10	../Syntropy_Result_Finals/Models/Model_Journal_Tuned10	excitement	0.9084086418151855	0.012910543940961361	0.0028489751275628805	0.002333045471459627	0.00101155461743474	0.0017531040357425809	0.0033801652025431395	0.0016004630597308278	0.012383777648210526	0.04319474473595619	0.008738785982131958	0.9084086418151855	0.0014362474903464317
1195	neutral	../Syntropy_Result_Finals/Models/Model_Journal_Tuned10	../Syntropy_Result_Finals/Models/Model_Journal_Tuned10	neutral	0.6385706067085266	0.6385706067085266	0.007992434315383434	0.003112016711384058	0.004350260365754366	0.004499791655689478	0.010128848254680634	0.0040352377109229565	0.057542674243450165	0.13434188067913055	0.01279398798942566	0.11966317892074585	0.0029690908268094063
278	joy	../Syntropy_Result_Finals/Models/Model_Journal_Tuned10	../Syntropy_Result_Finals/Models/Model_Journal_Tuned10	excitement	0.8441091179847717	0.04069456830620766	0.006725636776536703	0.005551982671022415	0.0020825646352022886	0.003436919767409563	0.009833328425884247	0.002335495548322797	0.02470504119992256	0.03222405165433884	0.025614740327000618	0.8441091179847717	0.002686494728550315
949	pride	../Syntropy_Result_Finals/Models/Model_Journal_Tuned10	../Syntropy_Result_Finals/Models/Model_Journal_Tuned10	neutral	0.4063110053539276	0.4063110053539276	0.04568371921777725	0.027925917878746986	0.012327853590250015	0.02225138060748577	0.03554749861359596	0.007373480591922998	0.26401957869529724	0.05600172281265259	0.02361682988703251	0.07755417376756668	0.021386941894888878
694	pride	../Syntropy_Result_Finals/Models/Model_Journal_Tuned10	../Syntropy_Result_Finals/Models/Model_Journal_Tuned10	pride	0.2396949827671051	0.23685848712921143	0.038176003843545914	0.020350757986307144	0.008143280632793903	0.02379842847585678	0.06625378876924515	0.012863528914749622	0.2396949827671051	0.11201729625463486	0.05737918242812157	0.16909080743789673	0.015373459085822105
368	neutral	../Syntropy_Result_Finals/Models/Model_Journal_Tuned10	../Syntropy_Result_Finals/Models/Model_Journal_Tuned10	joy	0.5649085640907288	0.07370603829622269	0.005357777234166861	0.002940952079370618	0.005539799574762583	0.0017283729976043105	0.00568332988768816	0.0026245550252497196	0.05290323868393898	0.5649085640907288	0.00495140952989459	0.277645081281662	0.002010758500546217
1004	joy	../Syntropy_Result_Finals/Models/Model_Journal_Tuned10	../Syntropy_Result_Finals/Models/Model_Journal_Tuned10	excitement	0.30773720145225525	0.26406121253967285	0.05417462810873985	0.012024790048599243	0.05088818818330765	0.014022158458828926	0.04369832202792168	0.017635181546211243	0.03345923125743866	0.13272330164909363	0.061673641204833984	0.30773720145225525	0.007902160286903381
735	neutral	../Syntropy_Result_Finals/Models/Model_Journal_Tuned10	../Syntropy_Result_Finals/Models/Model_Journal_Tuned10	excitement	0.7531105875968933	0.05368397757411003	0.008187617175281048	0.005860945209860802	0.0022481961641460657	0.004857370164245367	0.018768740817904472	0.0034691686742007732	0.0740095004439354	0.046862415969371796	0.024850275367498398	0.7531105875968933	0.004091267939656973
923	surprise	../Syntropy_Result_Finals/Models/Model_Journal_Tuned10	../Syntropy_Result_Finals/Models/Model_Journal_Tuned10	neutral	0.40961241722106934	0.40961241722106934	0.04728221893310547	0.026492662727832794	0.03116275742650032	0.015198830515146255	0.02210380509495735	0.011152471415698528	0.05048954114317894	0.13475297391414642	0.05334930494427681	0.18500930070877075	0.013393684290349483
971	surprise	../Syntropy_Result_Finals/Models/Model_Journal_Tuned10	../Syntropy_Result_Finals/Models/Model_Journal_Tuned10	excitement	0.5426127910614014	0.1596422791481018	0.006363422144204378	0.003957896493375301	0.002494517480954528	0.008577894419431686	0.014167962595820427	0.0044619073159992695	0.06736969947814941	0.15021896362304688	0.036437902599573135	0.5426127910614014	0.0036947603803128004
806	joy	../Syntropy_Result_Finals/Models/Model_Journal_Tuned10	../Syntropy_Result_Finals/Models/Model_Journal_Tuned10	joy	0.3961658179759979	0.1670112907886505	0.011239614337682724	0.004379455000162125	0.005513315089046955	0.004105350002646446	0.010229895822703838	0.004544857889413834	0.048063188791275024	0.3961658179759979	0.012803594581782818	0.33320310711860657	0.0027406844310462475
867	neutral	../Syntropy_Result_Finals/Models/Model_Journal_Tuned10	../Syntropy_Result_Finals/Models/Model_Journal_Tuned10	neutral	0.5237672924995422	0.5237672924995422	0.03885883837938309	0.013424502685666084	0.013859957456588745	0.007477606181055307	0.02031397446990013	0.007327474653720856	0.07499277591705322	0.11755983531475067	0.0351327508687973	0.14266343414783478	0.004621543455868959
547	pride	../Syntropy_Result_Finals/Models/Model_Journal_Tuned10	../Syntropy_Result_Finals/Models/Model_Journal_Tuned10	pride	0.7685797810554504	0.04090629890561104	0.02028733305633068	0.012149889953434467	0.00466168113052845	0.0095741618424654	0.015913723036646843	0.007569224573671818	0.7685797810554504	0.02662038244307041	0.024202296510338783	0.06321746855974197	0.006317741237580776
997	neutral	../Syntropy_Result_Finals/Models/Model_Journal_Tuned10	../Syntropy_Result_Finals/Models/Model_Journal_Tuned10	neutral	0.6829594373703003	0.6829594373703003	0.01813161000609398	0.016729416325688362	0.02388322725892067	0.01738431490957737	0.012216045521199703	0.004773961845785379	0.022667188197374344	0.14948639273643494	0.009706364013254642	0.0328681543469429	0.009193889796733856
688	excitement	../Syntropy_Result_Finals/Models/Model_Journal_Tuned10	../Syntropy_Result_Finals/Models/Model_Journal_Tuned10	excitement	0.7863917946815491	0.033796075731515884	0.01588386669754982	0.013181224465370178	0.0040401373989880085	0.00620230520144105	0.015577626414597034	0.0037631799932569265	0.06377158313989639	0.020319685339927673	0.029503237456083298	0.7863917946815491	0.007569322362542152
738	neutral	../Syntropy_Result_Finals/Models/Model_Journal_Tuned10	../Syntropy_Result_Finals/Models/Model_Journal_Tuned10	excitement	0.40319448709487915	0.3187992572784424	0.021938633173704147	0.006522596813738346	0.011535989120602608	0.006332791410386562	0.027598746120929718	0.005614208988845348	0.06278073787689209	0.08194988965988159	0.049889352172613144	0.40319448709487915	0.0038432327564805746
1018	pride	../Syntropy_Result_Finals/Models/Model_Journal_Tuned10	../Syntropy_Result_Finals/Models/Model_Journal_Tuned10	neutral	0.39649683237075806	0.39649683237075806	0.04663565754890442	0.026433147490024567	0.00741172069683671	0.011054600588977337	0.03313851356506348	0.0056922282092273235	0.12624898552894592	0.09721047431230545	0.021637897938489914	0.21541427075862885	0.01262572593986988
456	surprise	../Syntropy_Result_Finals/Models/Model_Journal_Tuned10	../Syntropy_Result_Finals/Models/Model_Journal_Tuned10	excitement	0.5758395195007324	0.1430589258670807	0.008464139886200428	0.0054728128015995026	0.002997790463268757	0.00542184803634882	0.01380567904561758	0.0047842212952673435	0.11562594026327133	0.07268434762954712	0.048013411462306976	0.5758395195007324	0.0038313481491059065
393	excitement	../Syntropy_Result_Finals/Models/Model_Journal_Tuned10	../Syntropy_Result_Finals/Models/Model_Journal_Tuned10	excitement	0.33831050992012024	0.21231821179389954	0.014582245610654354	0.006581595633178949	0.00428922101855278	0.010060371831059456	0.014546285383403301	0.004289953038096428	0.12113688141107559	0.23887565732002258	0.0286367516964674	0.33831050992012024	0.00637236749753356
675	excitement	../Syntropy_Result_Finals/Models/Model_Journal_Tuned10	../Syntropy_Result_Finals/Models/Model_Journal_Tuned10	neutral	0.6774644255638123	0.6774644255638123	0.02009095624089241	0.01155887357890606	0.013341231271624565	0.02356485277414322	0.01696087419986725	0.005174817051738501	0.06621724367141724	0.10033448040485382	0.013790244236588478	0.0355062410235405	0.015995817258954048
760	pride	../Syntropy_Result_Finals/Models/Model_Journal_Tuned10	../Syntropy_Result_Finals/Models/Model_Journal_Tuned10	pride	0.5018714666366577	0.19044643640518188	0.03123178891837597	0.01617935672402382	0.008231142535805702	0.01972549594938755	0.029341019690036774	0.009275702759623528	0.5018714666366577	0.04459148645401001	0.040759362280368805	0.09679755568504333	0.01154924277216196
1253	pride	../Syntropy_Result_Finals/Models/Model_Journal_Tuned10	../Syntropy_Result_Finals/Models/Model_Journal_Tuned10	sadness	0.4532669484615326	0.2655259668827057	0.046647921204566956	0.0240419153124094	0.4532669484615326	0.06861311942338943	0.025872964411973953	0.023469608277082443	0.023229418322443962	0.006066130939871073	0.0033260993659496307	0.004542353563010693	0.05539742857217789
728	joy	../Syntropy_Result_Finals/Models/Model_Journal_Tuned10	../Syntropy_Result_Finals/Models/Model_Journal_Tuned10	excitement	0.5340394973754883	0.08993417024612427	0.00715686334297061	0.0033914113882929087	0.0028434298001229763	0.0024692213628441095	0.01076968852430582	0.0031524498481303453	0.18555349111557007	0.13227951526641846	0.025322720408439636	0.5340394973754883	0.0030875192023813725
419	pride	../Syntropy_Result_Finals/Models/Model_Journal_Tuned10	../Syntropy_Result_Finals/Models/Model_Journal_Tuned10	excitement	0.7790330648422241	0.06911130994558334	0.011638720519840717	0.008798941969871521	0.004172688815742731	0.005407996010035276	0.012103081680834293	0.004050965420901775	0.05293558910489082	0.029794063419103622	0.01897813379764557	0.7790330648422241	0.003975409548729658
375	neutral	../Syntropy_Result_Finals/Models/Model_Journal_Tuned10	../Syntropy_Result_Finals/Models/Model_Journal_Tuned10	neutral	0.6726468801498413	0.6726468801498413	0.025210857391357422	0.016309302300214767	0.009229125455021858	0.019353244453668594	0.015853479504585266	0.00496379379183054	0.07127030938863754	0.07691646367311478	0.01531131099909544	0.05560564622282982	0.01732969656586647
412	joy	../Syntropy_Result_Finals/Models/Model_Journal_Tuned10	../Syntropy_Result_Finals/Models/Model_Journal_Tuned10	pride	0.4873685836791992	0.20104819536209106	0.029500402510166168	0.031981900334358215	0.0144494054839015	0.01937740482389927	0.025979628786444664	0.007641449570655823	0.4873685836791992	0.07319879531860352	0.023596225306391716	0.06573881953954697	0.020119138062000275
74	sadness	../Syntropy_Result_Finals/Models/Model_Journal_Tuned10	../Syntropy_Result_Finals/Models/Model_Journal_Tuned10	nervousness	0.3904828131198883	0.05320855602622032	0.3904828131198883	0.08511117845773697	0.0218214001506567	0.17695215344429016	0.040258925408124924	0.17237892746925354	0.013986571691930294	0.010328026488423347	0.012440294027328491	0.00990309752523899	0.013127977028489113
1191	neutral	../Syntropy_Result_Finals/Models/Model_Journal_Tuned10	../Syntropy_Result_Finals/Models/Model_Journal_Tuned10	excitement	0.4351836144924164	0.0985957458615303	0.012884585186839104	0.006346625275909901	0.006443210877478123	0.004535907879471779	0.008731300942599773	0.0039507015608251095	0.044030409306287766	0.3605486750602722	0.01509798038750887	0.4351836144924164	0.003651281353086233
1242	neutral	../Syntropy_Result_Finals/Models/Model_Journal_Tuned10	../Syntropy_Result_Finals/Models/Model_Journal_Tuned10	joy	0.43309980630874634	0.10775909572839737	0.00867472868412733	0.006426555570214987	0.0076370020397007465	0.0038054771721363068	0.006213565822690725	0.003374665044248104	0.1320458948612213	0.43309980630874634	0.00719961803406477	0.28003963828086853	0.0037239568773657084
500	pride	../Syntropy_Result_Finals/Models/Model_Journal_Tuned10	../Syntropy_Result_Finals/Models/Model_Journal_Tuned10	pride	0.41983741521835327	0.11821307241916656	0.02264625020325184	0.0137080242857337	0.008951947093009949	0.011270301416516304	0.021567801013588905	0.008247116580605507	0.41983741521835327	0.060510892421007156	0.04765143617987633	0.26054176688194275	0.006853936705738306
903	joy	../Syntropy_Result_Finals/Models/Model_Journal_Tuned10	../Syntropy_Result_Finals/Models/Model_Journal_Tuned10	joy	0.37075576186180115	0.23940502107143402	0.006418029777705669	0.0029926516581326723	0.0050346036441624165	0.003810534253716469	0.00863583106547594	0.004461891949176788	0.03863107040524483	0.37075576186180115	0.011246733367443085	0.3058704435825348	0.002737536793574691
616	pride	../Syntropy_Result_Finals/Models/Model_Journal_Tuned10	../Syntropy_Result_Finals/Models/Model_Journal_Tuned10	neutral	0.7332080602645874	0.7332080602645874	0.015665382146835327	0.011627881787717342	0.0071397628635168076	0.022654760628938675	0.019253868609666824	0.005429643206298351	0.0748620256781578	0.048495884984731674	0.01696494221687317	0.032062772661447525	0.012635007500648499
114	joy	../Syntropy_Result_Finals/Models/Model_Journal_Tuned10	../Syntropy_Result_Finals/Models/Model_Journal_Tuned10	joy	0.4295898973941803	0.14216484129428864	0.002793777734041214	0.002263966016471386	0.0031121785286813974	0.0018011803040280938	0.006083501968532801	0.0022238576784729958	0.03945734351873398	0.4295898973941803	0.011978338472545147	0.3560158908367157	0.002515285974368453
417	pride	../Syntropy_Result_Finals/Models/Model_Journal_Tuned10	../Syntropy_Result_Finals/Models/Model_Journal_Tuned10	neutral	0.753706693649292	0.753706693649292	0.009765285067260265	0.010889807716012001	0.01970301941037178	0.015850085765123367	0.015924258157610893	0.004536251537501812	0.07775402069091797	0.0263352170586586	0.012313495390117168	0.023706497624516487	0.029515273869037628
601	neutral	../Syntropy_Result_Finals/Models/Model_Journal_Tuned10	../Syntropy_Result_Finals/Models/Model_Journal_Tuned10	neutral	0.6533644199371338	0.6533644199371338	0.07505117356777191	0.013891571201384068	0.03522969409823418	0.02004839852452278	0.032740090042352676	0.010806603357195854	0.051877137273550034	0.05231387913227081	0.015575065277516842	0.03208770975470543	0.007014265283942223
604	joy	../Syntropy_Result_Finals/Models/Model_Journal_Tuned10	../Syntropy_Result_Finals/Models/Model_Journal_Tuned10	neutral	0.6061206459999084	0.6061206459999084	0.02180372178554535	0.014588838443160057	0.01427798718214035	0.026621675118803978	0.025605229660868645	0.011182749643921852	0.0374663881957531	0.12014522403478622	0.027894949540495872	0.08469521999359131	0.00959733035415411
940	excitement	../Syntropy_Result_Finals/Models/Model_Journal_Tuned10	../Syntropy_Result_Finals/Models/Model_Journal_Tuned10	excitement	0.44573739171028137	0.10829215496778488	0.009026228450238705	0.00498269684612751	0.006494977977126837	0.0046091219410300255	0.015476416796445847	0.004394596442580223	0.2136700451374054	0.1591164469718933	0.02242109924554825	0.44573739171028137	0.005778796970844269
89	pride	../Syntropy_Result_Finals/Models/Model_Journal_Tuned10	../Syntropy_Result_Finals/Models/Model_Journal_Tuned10	joy	0.3722653388977051	0.14422735571861267	0.01735701411962509	0.008493549190461636	0.011125260964035988	0.004206510726362467	0.009748773649334908	0.003737669438123703	0.1686701625585556	0.3722653388977051	0.012390281073749065	0.2431875616312027	0.004590544383972883
1169	nervousness	../Syntropy_Result_Finals/Models/Model_Journal_Tuned10	../Syntropy_Result_Finals/Models/Model_Journal_Tuned10	fear	0.761939287185669	0.011292539536952972	0.1750045269727707	0.761939287185669	0.005512721370905638	0.008738052099943161	0.005280556157231331	0.0034077775198966265	0.009262416511774063	0.007679369300603867	0.004050306975841522	0.004477913957089186	0.0033544760663062334
1218	joy	../Syntropy_Result_Finals/Models/Model_Journal_Tuned10	../Syntropy_Result_Finals/Models/Model_Journal_Tuned10	excitement	0.5877006649971008	0.08522611111402512	0.004858247935771942	0.0024310604203492403	0.0019941157661378384	0.0036492743529379368	0.008728486485779285	0.0032034439500421286	0.03920293599367142	0.239621102809906	0.02057543396949768	0.5877006649971008	0.0028092002030462027
753	sadness	../Syntropy_Result_Finals/Models/Model_Journal_Tuned10	../Syntropy_Result_Finals/Models/Model_Journal_Tuned10	nervousness	0.43903765082359314	0.07656680047512054	0.43903765082359314	0.12330985069274902	0.2324894368648529	0.009674698114395142	0.03676565736532211	0.018990902230143547	0.025874875485897064	0.013601074926555157	0.009640997275710106	0.007676458451896906	0.006371616385877132
498	disgust	../Syntropy_Result_Finals/Models/Model_Journal_Tuned10	../Syntropy_Result_Finals/Models/Model_Journal_Tuned10	nervousness	0.3217827379703522	0.13610930740833282	0.3217827379703522	0.059888437390327454	0.2785136103630066	0.03411927819252014	0.05819971114397049	0.057620156556367874	0.013967430219054222	0.011860387399792671	0.011279741302132607	0.008614612743258476	0.008044607006013393
1206	joy	../Syntropy_Result_Finals/Models/Model_Journal_Tuned10	../Syntropy_Result_Finals/Models/Model_Journal_Tuned10	excitement	0.6408103108406067	0.060350965708494186	0.004018409643322229	0.003067619865760207	0.002022246830165386	0.004503475036472082	0.009352924302220345	0.0036825798451900482	0.07259827107191086	0.1568661630153656	0.0394887775182724	0.6408103108406067	0.0032382605131715536
1000	neutral	../Syntropy_Result_Finals/Models/Model_Journal_Tuned10	../Syntropy_Result_Finals/Models/Model_Journal_Tuned10	neutral	0.4770677387714386	0.4770677387714386	0.011737787164747715	0.008833312429487705	0.005953554529696703	0.011175362393260002	0.024685576558113098	0.0046507688239216805	0.12673063576221466	0.030777934938669205	0.033499620854854584	0.250640332698822	0.01424742303788662
998	joy	../Syntropy_Result_Finals/Models/Model_Journal_Tuned10	../Syntropy_Result_Finals/Models/Model_Journal_Tuned10	excitement	0.5050473809242249	0.14177964627742767	0.008293118327856064	0.005224486347287893	0.007289770059287548	0.004943581763654947	0.008304799906909466	0.0044252402149140835	0.028389345854520798	0.2723037600517273	0.008908228017389774	0.5050473809242249	0.005090565420687199
11	joy	../Syntropy_Result_Finals/Models/Model_Journal_Tuned10	../Syntropy_Result_Finals/Models/Model_Journal_Tuned10	excitement	0.7928401231765747	0.0250480268150568	0.0026152129285037518	0.0017365829553455114	0.002141072880476713	0.0012051108060404658	0.0034730187617242336	0.0017803300870582461	0.04409594461321831	0.10963720828294754	0.013804876245558262	0.7928401231765747	0.00162248604465276
396	nervousness	../Syntropy_Result_Finals/Models/Model_Journal_Tuned10	../Syntropy_Result_Finals/Models/Model_Journal_Tuned10	neutral	0.4487035572528839	0.4487035572528839	0.044904787093400955	0.03882581740617752	0.01824149303138256	0.041221000254154205	0.04879371449351311	0.008008942008018494	0.1834210902452469	0.05065806955099106	0.021350029855966568	0.06336214393377304	0.03250935673713684
847	excitement	../Syntropy_Result_Finals/Models/Model_Journal_Tuned10	../Syntropy_Result_Finals/Models/Model_Journal_Tuned10	excitement	0.6291279196739197	0.08334113657474518	0.004175744019448757	0.002547746291384101	0.0019364050822332501	0.004166408441960812	0.0070132180117070675	0.003145583439618349	0.036270562559366226	0.1966448575258255	0.028416724875569344	0.6291279196739197	0.003213642630726099
555	excitement	../Syntropy_Result_Finals/Models/Model_Journal_Tuned10	../Syntropy_Result_Finals/Models/Model_Journal_Tuned10	pride	0.3821069598197937	0.10225965082645416	0.023429522290825844	0.01737917587161064	0.007287000771611929	0.017719337716698647	0.036806683987379074	0.0077896337024867535	0.3821069598197937	0.08036047220230103	0.053748950362205505	0.2600475251674652	0.01106515433639288
42	surprise	../Syntropy_Result_Finals/Models/Model_Journal_Tuned10	../Syntropy_Result_Finals/Models/Model_Journal_Tuned10	neutral	0.47470685839653015	0.47470685839653015	0.025111176073551178	0.014433346688747406	0.022486107423901558	0.01015025656670332	0.019473133608698845	0.007032453548163176	0.05571822449564934	0.10987109690904617	0.061668407171964645	0.19402918219566345	0.005319698713719845
167	anger	../Syntropy_Result_Finals/Models/Model_Journal_Tuned10	../Syntropy_Result_Finals/Models/Model_Journal_Tuned10	disgust	0.4643600583076477	0.02426452375948429	0.164446622133255	0.14727087318897247	0.02178896963596344	0.4643600583076477	0.035969216376543045	0.07426023483276367	0.006400502752512693	0.007903022691607475	0.020854691043496132	0.00926337018609047	0.023217985406517982
416	joy	../Syntropy_Result_Finals/Models/Model_Journal_Tuned10	../Syntropy_Result_Finals/Models/Model_Journal_Tuned10	pride	0.45179587602615356	0.14552058279514313	0.020892515778541565	0.020632131025195122	0.008258020505309105	0.008309291675686836	0.01904885657131672	0.0069292448461055756	0.45179587602615356	0.10452984273433685	0.02463691681623459	0.1828092783689499	0.006637386046350002
576	neutral	../Syntropy_Result_Finals/Models/Model_Journal_Tuned10	../Syntropy_Result_Finals/Models/Model_Journal_Tuned10	excitement	0.3400927484035492	0.1924630105495453	0.005118739325553179	0.003713496495038271	0.003847838845103979	0.0031244484707713127	0.008300417102873325	0.0030298230703920126	0.20723453164100647	0.20592544972896576	0.022907456383109093	0.3400927484035492	0.004241949412971735
267	joy	../Syntropy_Result_Finals/Models/Model_Journal_Tuned10	../Syntropy_Result_Finals/Models/Model_Journal_Tuned10	excitement	0.9174713492393494	0.01358653511852026	0.00617257971316576	0.006539638619869947	0.001227639033459127	0.002600828418508172	0.006741867866367102	0.001824617269448936	0.011554916389286518	0.014215698465704918	0.015908244997262955	0.9174713492393494	0.0021561027970165014
910	joy	../Syntropy_Result_Finals/Models/Model_Journal_Tuned10	../Syntropy_Result_Finals/Models/Model_Journal_Tuned10	excitement	0.4106827974319458	0.23098154366016388	0.02081555686891079	0.010313154198229313	0.006839998997747898	0.011638033203780651	0.028933804482221603	0.01029575988650322	0.09282485395669937	0.127369225025177	0.04094558209180832	0.4106827974319458	0.008359684608876705
426	excitement	../Syntropy_Result_Finals/Models/Model_Journal_Tuned10	../Syntropy_Result_Finals/Models/Model_Journal_Tuned10	pride	0.8385198712348938	0.025724265724420547	0.017815260216593742	0.011187939904630184	0.00378724979236722	0.007487482391297817	0.013313783332705498	0.007531138136982918	0.8385198712348938	0.01727275736629963	0.016219856217503548	0.03556733950972557	0.005573050584644079
690	neutral	../Syntropy_Result_Finals/Models/Model_Journal_Tuned10	../Syntropy_Result_Finals/Models/Model_Journal_Tuned10	excitement	0.38178080320358276	0.2551960349082947	0.007261142134666443	0.0025153951719403267	0.004847319331020117	0.0034822551533579826	0.011493416503071785	0.004123237915337086	0.03809357434511185	0.27108705043792725	0.017280155792832375	0.38178080320358276	0.0028396507259458303
544	pride	../Syntropy_Result_Finals/Models/Model_Journal_Tuned10	../Syntropy_Result_Finals/Models/Model_Journal_Tuned10	excitement	0.4438471496105194	0.30633464455604553	0.00803940650075674	0.006692730356007814	0.00420654471963644	0.006759637035429478	0.019213873893022537	0.0042040045373141766	0.08486703038215637	0.06959867477416992	0.03826451674103737	0.4438471496105194	0.00797189585864544
1192	neutral	../Syntropy_Result_Finals/Models/Model_Journal_Tuned10	../Syntropy_Result_Finals/Models/Model_Journal_Tuned10	neutral	0.5705936551094055	0.5705936551094055	0.04180065542459488	0.01624014787375927	0.013825943693518639	0.016115181148052216	0.01998733915388584	0.006394124124199152	0.09121596813201904	0.06551948934793472	0.019738584756851196	0.12590958178043365	0.012659280560910702
674	excitement	../Syntropy_Result_Finals/Models/Model_Journal_Tuned10	../Syntropy_Result_Finals/Models/Model_Journal_Tuned10	pride	0.31016021966934204	0.21081556379795074	0.05195923149585724	0.02106914296746254	0.014669652096927166	0.027189375832676888	0.028424156829714775	0.013192398473620415	0.31016021966934204	0.04808579012751579	0.048421330749988556	0.2101323902606964	0.015880823135375977
689	joy	../Syntropy_Result_Finals/Models/Model_Journal_Tuned10	../Syntropy_Result_Finals/Models/Model_Journal_Tuned10	excitement	0.46435147523880005	0.17898325622081757	0.011027182452380657	0.008309410884976387	0.0030320503283292055	0.018487539142370224	0.02377421036362648	0.00675944983959198	0.06560871750116348	0.15701590478420258	0.05398060381412506	0.46435147523880005	0.008670130744576454
1120	surprise	../Syntropy_Result_Finals/Models/Model_Journal_Tuned10	../Syntropy_Result_Finals/Models/Model_Journal_Tuned10	surprise	0.8794195055961609	0.01338904071599245	0.002916257129982114	0.0023025653790682554	0.002177479676902294	0.004201709292829037	0.010157553479075432	0.004012904595583677	0.0029516504146158695	0.00794471800327301	0.8794195055961609	0.06788928806781769	0.0026373399887233973
1246	excitement	../Syntropy_Result_Finals/Models/Model_Journal_Tuned10	../Syntropy_Result_Finals/Models/Model_Journal_Tuned10	sadness	0.32321542501449585	0.0898209810256958	0.16911888122558594	0.03823031485080719	0.32321542501449585	0.045136548578739166	0.04307526350021362	0.21050113439559937	0.019811242818832397	0.017016639932990074	0.005048587918281555	0.010784854181110859	0.028240207582712173
159	joy	../Syntropy_Result_Finals/Models/Model_Journal_Tuned10	../Syntropy_Result_Finals/Models/Model_Journal_Tuned10	neutral	0.7863519787788391	0.7863519787788391	0.007660694420337677	0.0036782154347747564	0.0024954811669886112	0.0035831613931804895	0.11703560501337051	0.0028576580807566643	0.01492404006421566	0.011855208314955235	0.01784779131412506	0.02698712795972824	0.004722984973341227
1001	joy	../Syntropy_Result_Finals/Models/Model_Journal_Tuned10	../Syntropy_Result_Finals/Models/Model_Journal_Tuned10	excitement	0.6325302720069885	0.09986857324838638	0.003498822683468461	0.005463880021125078	0.0035877928603440523	0.009100879542529583	0.01594008319079876	0.005791760049760342	0.013821618631482124	0.0327589325606823	0.1510559618473053	0.6325302720069885	0.0265814159065485
257	excitement	../Syntropy_Result_Finals/Models/Model_Journal_Tuned10	../Syntropy_Result_Finals/Models/Model_Journal_Tuned10	joy	0.40719905495643616	0.13382621109485626	0.012353545054793358	0.004390497226268053	0.007010370027273893	0.003919237293303013	0.008720803074538708	0.004782524425536394	0.08661860227584839	0.40719905495643616	0.011547772213816643	0.3164061903953552	0.0032252022065222263
1221	pride	../Syntropy_Result_Finals/Models/Model_Journal_Tuned10	../Syntropy_Result_Finals/Models/Model_Journal_Tuned10	joy	0.38073277473449707	0.19430336356163025	0.006789734587073326	0.003256352385506034	0.003230737056583166	0.003819207428023219	0.008982700295746326	0.002818652894347906	0.06275437027215958	0.38073277473449707	0.018324173986911774	0.3120746910572052	0.002913249423727393
335	neutral	../Syntropy_Result_Finals/Models/Model_Journal_Tuned10	../Syntropy_Result_Finals/Models/Model_Journal_Tuned10	joy	0.41386735439300537	0.2146325260400772	0.012788486666977406	0.005597299430519342	0.007652008906006813	0.004384963307529688	0.006225062999874353	0.004377148114144802	0.1177542507648468	0.41386735439300537	0.009884377010166645	0.19941510260105133	0.0034212947357445955
976	joy	../Syntropy_Result_Finals/Models/Model_Journal_Tuned10	../Syntropy_Result_Finals/Models/Model_Journal_Tuned10	neutral	0.7238607406616211	0.7238607406616211	0.021248923614621162	0.019880669191479683	0.021095098927617073	0.014105669222772121	0.043826956301927567	0.005343275610357523	0.04665219038724899	0.03670753166079521	0.011616138741374016	0.043556634336709976	0.012106134556233883
15	pride	../Syntropy_Result_Finals/Models/Model_Journal_Tuned10	../Syntropy_Result_Finals/Models/Model_Journal_Tuned10	excitement	0.5935403108596802	0.15116873383522034	0.007678153458982706	0.0036254297010600567	0.005442596040666103	0.003126415889710188	0.00815126858651638	0.0034370000939816236	0.05907322093844414	0.1417989581823349	0.020779339596629143	0.5935403108596802	0.0021785639692097902
1144	joy	../Syntropy_Result_Finals/Models/Model_Journal_Tuned10	../Syntropy_Result_Finals/Models/Model_Journal_Tuned10	joy	0.5195840001106262	0.14854300022125244	0.006815473549067974	0.0026808015536516905	0.00560590298846364	0.002976035000756383	0.0065339067950844765	0.003417078172788024	0.02625878155231476	0.5195840001106262	0.008566047996282578	0.266161173582077	0.0028578517958521843
324	excitement	../Syntropy_Result_Finals/Models/Model_Journal_Tuned10	../Syntropy_Result_Finals/Models/Model_Journal_Tuned10	excitement	0.9145093560218811	0.015542353503406048	0.003630005056038499	0.002673620590940118	0.0011557291727513075	0.0017102614510804415	0.004435689654201269	0.0012179861078038812	0.014333691447973251	0.01900573819875717	0.019913682714104652	0.9145093560218811	0.001871819724328816
768	surprise	../Syntropy_Result_Finals/Models/Model_Journal_Tuned10	../Syntropy_Result_Finals/Models/Model_Journal_Tuned10	pride	0.6102750301361084	0.07698221504688263	0.015249836258590221	0.009444632567465305	0.0047438968904316425	0.007976851426064968	0.014797374606132507	0.005043480079621077	0.6102750301361084	0.05235983803868294	0.03045899234712124	0.16538508236408234	0.0072827935218811035
607	pride	../Syntropy_Result_Finals/Models/Model_Journal_Tuned10	../Syntropy_Result_Finals/Models/Model_Journal_Tuned10	neutral	0.39409399032592773	0.39409399032592773	0.032481737434864044	0.01303133089095354	0.008770574815571308	0.015730377286672592	0.027407530695199966	0.011348766274750233	0.2027367353439331	0.07302580773830414	0.03561565279960632	0.1753571331501007	0.010400465689599514
1119	excitement	../Syntropy_Result_Finals/Models/Model_Journal_Tuned10	../Syntropy_Result_Finals/Models/Model_Journal_Tuned10	pride	0.3246495723724365	0.27121782302856445	0.023189177736639977	0.022373147308826447	0.011023523285984993	0.009291864931583405	0.03668827936053276	0.008477485738694668	0.3246495723724365	0.10283970087766647	0.03343409672379494	0.1469186693429947	0.009896649047732353
888	excitement	../Syntropy_Result_Finals/Models/Model_Journal_Tuned10	../Syntropy_Result_Finals/Models/Model_Journal_Tuned10	excitement	0.38483497500419617	0.08057140558958054	0.018950313329696655	0.010101212188601494	0.0052209473215043545	0.012309480458498001	0.03295392543077469	0.009456939995288849	0.3067493140697479	0.0658959299325943	0.06525447219610214	0.38483497500419617	0.0077011617831885815
1023	neutral	../Syntropy_Result_Finals/Models/Model_Journal_Tuned10	../Syntropy_Result_Finals/Models/Model_Journal_Tuned10	excitement	0.471985399723053	0.2964467406272888	0.011176160536706448	0.005661812610924244	0.006653835065662861	0.006854446139186621	0.016323616728186607	0.0037495403084903955	0.07065407931804657	0.07013017684221268	0.034965209662914276	0.471985399723053	0.005398987792432308
222	fear	../Syntropy_Result_Finals/Models/Model_Journal_Tuned10	../Syntropy_Result_Finals/Models/Model_Journal_Tuned10	nervousness	0.6575252413749695	0.028866471722722054	0.6575252413749695	0.17975619435310364	0.008421783335506916	0.010058813728392124	0.025101246312260628	0.008752801455557346	0.023007003590464592	0.01638827845454216	0.013396072201430798	0.023977521806955338	0.004748592618852854
179	joy	../Syntropy_Result_Finals/Models/Model_Journal_Tuned10	../Syntropy_Result_Finals/Models/Model_Journal_Tuned10	excitement	0.4613540768623352	0.19697241485118866	0.007391155231744051	0.0034438539296388626	0.004971168003976345	0.004124966450035572	0.009577143006026745	0.0027136323042213917	0.06675413995981216	0.2205786406993866	0.015139936469495296	0.4613540768623352	0.006978924851864576
868	excitement	../Syntropy_Result_Finals/Models/Model_Journal_Tuned10	../Syntropy_Result_Finals/Models/Model_Journal_Tuned10	excitement	0.7606081962585449	0.07215111702680588	0.015457270666956902	0.011815606616437435	0.003695443971082568	0.010825686156749725	0.014164578169584274	0.0037105195224285126	0.04756474867463112	0.027254220098257065	0.026283448562026024	0.7606081962585449	0.006469206418842077
99	disgust	../Syntropy_Result_Finals/Models/Model_Journal_Tuned10	../Syntropy_Result_Finals/Models/Model_Journal_Tuned10	nervousness	0.2659570872783661	0.21848133206367493	0.2659570872783661	0.05945480242371559	0.05348298326134682	0.11070193350315094	0.0989905595779419	0.04770549759268761	0.03854608163237572	0.01899005100131035	0.022496836259961128	0.02831549011170864	0.036877330392599106
757	joy	../Syntropy_Result_Finals/Models/Model_Journal_Tuned10	../Syntropy_Result_Finals/Models/Model_Journal_Tuned10	excitement	0.4493115544319153	0.12285207211971283	0.006701942998915911	0.0033412182237952948	0.006394816096872091	0.0016091353027150035	0.009463666006922722	0.0030029481276869774	0.09223015606403351	0.29260289669036865	0.011013025417923927	0.4493115544319153	0.001476518576964736
521	neutral	../Syntropy_Result_Finals/Models/Model_Journal_Tuned10	../Syntropy_Result_Finals/Models/Model_Journal_Tuned10	neutral	0.7224162817001343	0.7224162817001343	0.0265498124063015	0.016179818660020828	0.030865946784615517	0.013479134067893028	0.01600351557135582	0.005368661601096392	0.052156511694192886	0.07667455822229385	0.007502904161810875	0.020925864577293396	0.011876936070621014
761	confusion	../Syntropy_Result_Finals/Models/Model_Journal_Tuned10	../Syntropy_Result_Finals/Models/Model_Journal_Tuned10	neutral	0.6046121120452881	0.6046121120452881	0.04385958984494209	0.034975383430719376	0.01261201873421669	0.03907179832458496	0.06684546172618866	0.011298809200525284	0.06386485695838928	0.02164442464709282	0.02597173862159252	0.05394631251692772	0.021297553554177284
22	surprise	../Syntropy_Result_Finals/Models/Model_Journal_Tuned10	../Syntropy_Result_Finals/Models/Model_Journal_Tuned10	nervousness	0.22248117625713348	0.0986752137541771	0.22248117625713348	0.16098015010356903	0.03411838412284851	0.09644169360399246	0.07099922746419907	0.01651919260621071	0.029962308704853058	0.019716016948223114	0.03132828697562218	0.05814822390675545	0.16063013672828674
356	neutral	../Syntropy_Result_Finals/Models/Model_Journal_Tuned10	../Syntropy_Result_Finals/Models/Model_Journal_Tuned10	excitement	0.3436543047428131	0.27689459919929504	0.01805511862039566	0.008557149209082127	0.007614334113895893	0.00995253399014473	0.016049521043896675	0.004963074345141649	0.1551283895969391	0.12251029163599014	0.02735731564462185	0.3436543047428131	0.009263405576348305
733	confusion	../Syntropy_Result_Finals/Models/Model_Journal_Tuned10	../Syntropy_Result_Finals/Models/Model_Journal_Tuned10	nervousness	0.39106035232543945	0.07764987647533417	0.39106035232543945	0.07955531775951385	0.035879310220479965	0.004961446858942509	0.3258779048919678	0.02145162783563137	0.01502246130257845	0.012034117244184017	0.014430957846343517	0.017738375812768936	0.004338262602686882
1055	excitement	../Syntropy_Result_Finals/Models/Model_Journal_Tuned10	../Syntropy_Result_Finals/Models/Model_Journal_Tuned10	pride	0.7125819325447083	0.030773526057600975	0.013066243380308151	0.00722772441804409	0.003293342422693968	0.00434108916670084	0.011110284365713596	0.004544292576611042	0.7125819325447083	0.05601996183395386	0.014945645816624165	0.13889196515083313	0.0032040076330304146
1178	neutral	../Syntropy_Result_Finals/Models/Model_Journal_Tuned10	../Syntropy_Result_Finals/Models/Model_Journal_Tuned10	excitement	0.33644160628318787	0.3131583631038666	0.025631051510572433	0.009902525693178177	0.010416368022561073	0.006368293892592192	0.019761143252253532	0.005294975824654102	0.12113367766141891	0.11967787146568298	0.027182752266526222	0.33644160628318787	0.005031399894505739
611	joy	../Syntropy_Result_Finals/Models/Model_Journal_Tuned10	../Syntropy_Result_Finals/Models/Model_Journal_Tuned10	excitement	0.530384361743927	0.20861698687076569	0.01291173230856657	0.010988100431859493	0.0029103546403348446	0.009714684449136257	0.020617881789803505	0.0037730801850557327	0.08566209673881531	0.06675870716571808	0.04095762223005295	0.530384361743927	0.006704372353851795
1245	joy	../Syntropy_Result_Finals/Models/Model_Journal_Tuned10	../Syntropy_Result_Finals/Models/Model_Journal_Tuned10	neutral	0.6974660754203796	0.6974660754203796	0.012763180769979954	0.006938575301319361	0.005588362459093332	0.009167680516839027	0.03479500859975815	0.006988191977143288	0.05504992976784706	0.057427845895290375	0.03598898649215698	0.0720902606844902	0.005735820159316063
340	excitement	../Syntropy_Result_Finals/Models/Model_Journal_Tuned10	../Syntropy_Result_Finals/Models/Model_Journal_Tuned10	pride	0.36868876218795776	0.09524558484554291	0.027796361595392227	0.010864310897886753	0.006469156593084335	0.010418365709483624	0.01549459621310234	0.007328355219215155	0.36868876218795776	0.057857122272253036	0.033901333808898926	0.35770851373672485	0.008227547630667686
431	neutral	../Syntropy_Result_Finals/Models/Model_Journal_Tuned10	../Syntropy_Result_Finals/Models/Model_Journal_Tuned10	pride	0.8536027073860168	0.025826845318078995	0.01632719114422798	0.012034047394990921	0.004516046494245529	0.009659997187554836	0.011904418468475342	0.007510736119002104	0.8536027073860168	0.013582694344222546	0.01470822561532259	0.024604883044958115	0.005722245667129755
879	excitement	../Syntropy_Result_Finals/Models/Model_Journal_Tuned10	../Syntropy_Result_Finals/Models/Model_Journal_Tuned10	excitement	0.3703509569168091	0.1932058185338974	0.006414961069822311	0.0034178004134446383	0.0038015886675566435	0.00396281061694026	0.01185869611799717	0.003829777706414461	0.1329127997159958	0.2459397166967392	0.021673819050192833	0.3703509569168091	0.002631259150803089
217	pride	../Syntropy_Result_Finals/Models/Model_Journal_Tuned10	../Syntropy_Result_Finals/Models/Model_Journal_Tuned10	excitement	0.36503463983535767	0.06703145056962967	0.007103634066879749	0.003430943237617612	0.005379724316298962	0.0028147876728326082	0.00839008204638958	0.00420294189825654	0.3237980902194977	0.19207601249217987	0.01835900917649269	0.36503463983535767	0.0023786898236721754
203	joy	../Syntropy_Result_Finals/Models/Model_Journal_Tuned10	../Syntropy_Result_Finals/Models/Model_Journal_Tuned10	neutral	0.3572150766849518	0.3572150766849518	0.015170960687100887	0.008060076273977757	0.006614255718886852	0.008263185620307922	0.025404199957847595	0.005302947945892811	0.12511998414993286	0.10375570505857468	0.05988902226090431	0.2781068682670593	0.0070977527648210526
1255	nervousness	../Syntropy_Result_Finals/Models/Model_Journal_Tuned10	../Syntropy_Result_Finals/Models/Model_Journal_Tuned10	excitement	0.5599986910820007	0.2571903169155121	0.010158618912100792	0.008239704184234142	0.005631408654153347	0.007379139773547649	0.013636955060064793	0.0042311944998800755	0.05782102793455124	0.04867580160498619	0.017919344827532768	0.5599986910820007	0.009117758832871914
1036	neutral	../Syntropy_Result_Finals/Models/Model_Journal_Tuned10	../Syntropy_Result_Finals/Models/Model_Journal_Tuned10	neutral	0.4128204584121704	0.4128204584121704	0.16486629843711853	0.06988611817359924	0.09162541478872299	0.029163870960474014	0.06653314083814621	0.02514711022377014	0.03163359686732292	0.03324302285909653	0.02596590667963028	0.030818505212664604	0.018296513706445694
93	joy	../Syntropy_Result_Finals/Models/Model_Journal_Tuned10	../Syntropy_Result_Finals/Models/Model_Journal_Tuned10	joy	0.42561474442481995	0.21393004059791565	0.00953451544046402	0.005327070131897926	0.012250368483364582	0.002999060321599245	0.009107647463679314	0.003262482350692153	0.1812213957309723	0.42561474442481995	0.006484775338321924	0.12640447914600372	0.003863506717607379
898	neutral	../Syntropy_Result_Finals/Models/Model_Journal_Tuned10	../Syntropy_Result_Finals/Models/Model_Journal_Tuned10	excitement	0.5527788400650024	0.11270570009946823	0.009708723984658718	0.0035619866102933884	0.0034344263840466738	0.0027080276049673557	0.009057491086423397	0.0027427198365330696	0.09474971890449524	0.18346574902534485	0.02307434007525444	0.5527788400650024	0.002012375509366393
68	surprise	../Syntropy_Result_Finals/Models/Model_Journal_Tuned10	../Syntropy_Result_Finals/Models/Model_Journal_Tuned10	neutral	0.2717633545398712	0.2717633545398712	0.1484839916229248	0.07348746806383133	0.036644380539655685	0.022472186014056206	0.04881355166435242	0.022673679515719414	0.09777390211820602	0.05958535894751549	0.062269292771816254	0.14363431930541992	0.012398538179695606
1013	fear	../Syntropy_Result_Finals/Models/Model_Journal_Tuned10	../Syntropy_Result_Finals/Models/Model_Journal_Tuned10	fear	0.37827473878860474	0.06618540734052658	0.37421637773513794	0.37827473878860474	0.010945715010166168	0.01219589076936245	0.0776539146900177	0.010558055713772774	0.016873350366950035	0.014129661954939365	0.01515457034111023	0.014486873522400856	0.009325412102043629
284	joy	../Syntropy_Result_Finals/Models/Model_Journal_Tuned10	../Syntropy_Result_Finals/Models/Model_Journal_Tuned10	joy	0.35933610796928406	0.1138756275177002	0.007961609400808811	0.006001945585012436	0.014273235574364662	0.002423507161438465	0.00889181811362505	0.0029499633237719536	0.23101572692394257	0.35933610796928406	0.008148987777531147	0.24124442040920258	0.0038770711980760098
696	excitement	../Syntropy_Result_Finals/Models/Model_Journal_Tuned10	../Syntropy_Result_Finals/Models/Model_Journal_Tuned10	excitement	0.8648006916046143	0.021934643387794495	0.007695512380450964	0.004406989552080631	0.0013613305054605007	0.0031915069557726383	0.01050280686467886	0.0020399901550263166	0.03316102921962738	0.013863539323210716	0.03422809764742851	0.8648006916046143	0.0028139096684753895
85	joy	../Syntropy_Result_Finals/Models/Model_Journal_Tuned10	../Syntropy_Result_Finals/Models/Model_Journal_Tuned10	pride	0.2856307923793793	0.12414977699518204	0.02441069856286049	0.015740783885121346	0.01126445084810257	0.006016630679368973	0.014733151532709599	0.004648163914680481	0.2856307923793793	0.21258848905563354	0.016786541789770126	0.27694031596183777	0.007090104278177023
434	joy	../Syntropy_Result_Finals/Models/Model_Journal_Tuned10	../Syntropy_Result_Finals/Models/Model_Journal_Tuned10	joy	0.42464131116867065	0.12446393072605133	0.005064745433628559	0.004417456686496735	0.007844449952244759	0.002378941746428609	0.00756603479385376	0.0031743161380290985	0.09445831179618835	0.42464131116867065	0.007417564745992422	0.3154577910900116	0.0031151077710092068
894	neutral	../Syntropy_Result_Finals/Models/Model_Journal_Tuned10	../Syntropy_Result_Finals/Models/Model_Journal_Tuned10	neutral	0.6987496018409729	0.6987496018409729	0.023429036140441895	0.013182174414396286	0.01013173721730709	0.025814680382609367	0.02706151455640793	0.00793595239520073	0.0827479362487793	0.041784752160310745	0.020268943160772324	0.03277387097477913	0.016119707375764847
153	joy	../Syntropy_Result_Finals/Models/Model_Journal_Tuned10	../Syntropy_Result_Finals/Models/Model_Journal_Tuned10	neutral	0.5560141205787659	0.5560141205787659	0.0397346168756485	0.012675898149609566	0.027477094903588295	0.016779139637947083	0.01697494462132454	0.00939365103840828	0.11154534667730331	0.13699309527873993	0.011985634453594685	0.0524710975587368	0.0079553397372365
75	nervousness	../Syntropy_Result_Finals/Models/Model_Journal_Tuned10	../Syntropy_Result_Finals/Models/Model_Journal_Tuned10	nervousness	0.4159328043460846	0.10309447348117828	0.4159328043460846	0.12190878391265869	0.028477855026721954	0.07193949818611145	0.07123926281929016	0.021146399900317192	0.051002487540245056	0.023374207317829132	0.021599525585770607	0.02189142070710659	0.048393331468105316
1106	sadness	../Syntropy_Result_Finals/Models/Model_Journal_Tuned10	../Syntropy_Result_Finals/Models/Model_Journal_Tuned10	neutral	0.5511889457702637	0.5511889457702637	0.011715944856405258	0.014418535865843296	0.009769318625330925	0.010923394002020359	0.026669252663850784	0.007133147679269314	0.0643179789185524	0.04947277903556824	0.03969812020659447	0.20443394780158997	0.010258633643388748
789	neutral	../Syntropy_Result_Finals/Models/Model_Journal_Tuned10	../Syntropy_Result_Finals/Models/Model_Journal_Tuned10	pride	0.388182133436203	0.26730382442474365	0.04746631532907486	0.03527475520968437	0.012928983196616173	0.02604050561785698	0.03318459913134575	0.008137020282447338	0.388182133436203	0.07283295691013336	0.022424306720495224	0.0651562511920929	0.02106841467320919
580	neutral	../Syntropy_Result_Finals/Models/Model_Journal_Tuned10	../Syntropy_Result_Finals/Models/Model_Journal_Tuned10	joy	0.4645801782608032	0.1547226905822754	0.009574503637850285	0.005487870890647173	0.010689083486795425	0.0028938124887645245	0.008032229728996754	0.0027840298134833574	0.095905601978302	0.4645801782608032	0.008394836448132992	0.2334943413734436	0.003440894652158022
446	excitement	../Syntropy_Result_Finals/Models/Model_Journal_Tuned10	../Syntropy_Result_Finals/Models/Model_Journal_Tuned10	neutral	0.4742812514305115	0.4742812514305115	0.012443485669791698	0.0048242234624922276	0.017543742433190346	0.011280511505901814	0.01579364575445652	0.009805847890675068	0.03645080700516701	0.287940114736557	0.016625970602035522	0.1051204651594162	0.007889969274401665
703	pride	../Syntropy_Result_Finals/Models/Model_Journal_Tuned10	../Syntropy_Result_Finals/Models/Model_Journal_Tuned10	neutral	0.8023340702056885	0.8023340702056885	0.00708081666380167	0.006515596993267536	0.0052145132794976234	0.009974145330488682	0.02181779406964779	0.0052954936400055885	0.05174528434872627	0.019522031769156456	0.013976090587675571	0.04563932120800018	0.010884813033044338
188	nervousness	../Syntropy_Result_Finals/Models/Model_Journal_Tuned10	../Syntropy_Result_Finals/Models/Model_Journal_Tuned10	excitement	0.443315714597702	0.17361246049404144	0.028879966586828232	0.01260958332568407	0.008482075296342373	0.00592966191470623	0.020897356793284416	0.00438742944970727	0.13590644299983978	0.1259629726409912	0.035571951419115067	0.443315714597702	0.00444429786875844
271	neutral	../Syntropy_Result_Finals/Models/Model_Journal_Tuned10	../Syntropy_Result_Finals/Models/Model_Journal_Tuned10	pride	0.35520777106285095	0.2933240532875061	0.026272058486938477	0.017736462876200676	0.006741803605109453	0.012544909492135048	0.034341201186180115	0.006571770645678043	0.35520777106285095	0.06252241879701614	0.034986577928066254	0.13714759051799774	0.01260343473404646
236	joy	../Syntropy_Result_Finals/Models/Model_Journal_Tuned10	../Syntropy_Result_Finals/Models/Model_Journal_Tuned10	neutral	0.5055751204490662	0.5055751204490662	0.02006835862994194	0.005863548256456852	0.01598651520907879	0.005643126089125872	0.014608412981033325	0.006986426189541817	0.07484260946512222	0.18913938105106354	0.015923529863357544	0.1420324146747589	0.003330581123009324
487	pride	../Syntropy_Result_Finals/Models/Model_Journal_Tuned10	../Syntropy_Result_Finals/Models/Model_Journal_Tuned10	neutral	0.3171662390232086	0.3171662390232086	0.05324916914105415	0.018683426082134247	0.018645871430635452	0.015640683472156525	0.048831697553396225	0.014092513360083103	0.2723969519138336	0.07222605496644974	0.025669371709227562	0.13024044036865234	0.013157544657588005
1229	nervousness	../Syntropy_Result_Finals/Models/Model_Journal_Tuned10	../Syntropy_Result_Finals/Models/Model_Journal_Tuned10	nervousness	0.5027472376823425	0.05537528172135353	0.5027472376823425	0.10967674106359482	0.0937744751572609	0.0389670729637146	0.07106397300958633	0.04768044874072075	0.010583990253508091	0.015038702636957169	0.016818711534142494	0.026976771652698517	0.011296638287603855
559	fear	../Syntropy_Result_Finals/Models/Model_Journal_Tuned10	../Syntropy_Result_Finals/Models/Model_Journal_Tuned10	neutral	0.7296998500823975	0.7296998500823975	0.04550863429903984	0.019520264118909836	0.03394436091184616	0.02231614477932453	0.0435526967048645	0.010991155169904232	0.031115107238292694	0.018992116674780846	0.01415768451988697	0.017700910568237305	0.012501049786806107
117	excitement	../Syntropy_Result_Finals/Models/Model_Journal_Tuned10	../Syntropy_Result_Finals/Models/Model_Journal_Tuned10	pride	0.3707180321216583	0.19015054404735565	0.023256506770849228	0.015903662890195847	0.009007169865071774	0.010314404033124447	0.021292679011821747	0.00558398338034749	0.3707180321216583	0.14267683029174805	0.020415304228663445	0.18071825802326202	0.009962647221982479
637	joy	../Syntropy_Result_Finals/Models/Model_Journal_Tuned10	../Syntropy_Result_Finals/Models/Model_Journal_Tuned10	excitement	0.8666781187057495	0.02274511754512787	0.0056512500159442425	0.004233567509800196	0.003533645300194621	0.002229287289083004	0.005435904487967491	0.0021783229894936085	0.03319947421550751	0.025290904566645622	0.026700807735323906	0.8666781187057495	0.002123549347743392
1143	joy	../Syntropy_Result_Finals/Models/Model_Journal_Tuned10	../Syntropy_Result_Finals/Models/Model_Journal_Tuned10	neutral	0.26964059472084045	0.26964059472084045	0.045069146901369095	0.019458042457699776	0.010430175811052322	0.017065558582544327	0.03659620136022568	0.008386477828025818	0.25721338391304016	0.06749216467142105	0.03132662549614906	0.2254871279001236	0.011834507808089256
801	embarrassment	../Syntropy_Result_Finals/Models/Model_Journal_Tuned10	../Syntropy_Result_Finals/Models/Model_Journal_Tuned10	neutral	0.3611726760864258	0.3611726760864258	0.045002274215221405	0.03036031685769558	0.02355870231986046	0.12573038041591644	0.02753089927136898	0.021747827529907227	0.03343154489994049	0.1565863937139511	0.01228249166160822	0.0464155487716198	0.11618094146251678
750	neutral	../Syntropy_Result_Finals/Models/Model_Journal_Tuned10	../Syntropy_Result_Finals/Models/Model_Journal_Tuned10	neutral	0.7010965943336487	0.7010965943336487	0.03668064624071121	0.015217394568026066	0.03297780454158783	0.025115985423326492	0.030660266056656837	0.010834888555109501	0.05480841547250748	0.038144439458847046	0.01865789107978344	0.024467620998620987	0.01133798062801361
512	anger	../Syntropy_Result_Finals/Models/Model_Journal_Tuned10	../Syntropy_Result_Finals/Models/Model_Journal_Tuned10	anger	0.6092272400856018	0.08930563926696777	0.04976559057831764	0.04708161577582359	0.027173733338713646	0.07348047941923141	0.03263356164097786	0.017588162794709206	0.01948893442749977	0.011769896373152733	0.010233881883323193	0.01225137896835804	0.6092272400856018
633	excitement	../Syntropy_Result_Finals/Models/Model_Journal_Tuned10	../Syntropy_Result_Finals/Models/Model_Journal_Tuned10	neutral	0.3544608950614929	0.3544608950614929	0.11926045268774033	0.09610579907894135	0.052366677671670914	0.019197402521967888	0.04540230333805084	0.01043538935482502	0.13222452998161316	0.0960957407951355	0.01759510673582554	0.03955341503024101	0.01730227656662464
936	joy	../Syntropy_Result_Finals/Models/Model_Journal_Tuned10	../Syntropy_Result_Finals/Models/Model_Journal_Tuned10	excitement	0.3295782506465912	0.32060471177101135	0.009537676349282265	0.003718046937137842	0.009348590858280659	0.0049424623139202595	0.008619921281933784	0.005584841128438711	0.0701964721083641	0.21469129621982574	0.019006570801138878	0.3295782506465912	0.004171075765043497
1079	neutral	../Syntropy_Result_Finals/Models/Model_Journal_Tuned10	../Syntropy_Result_Finals/Models/Model_Journal_Tuned10	neutral	0.38022279739379883	0.38022279739379883	0.02157413773238659	0.007038099691271782	0.006885987240821123	0.007700453512370586	0.023286711424589157	0.006160421296954155	0.16350704431533813	0.13883717358112335	0.029430031776428223	0.21024774014949799	0.005109287798404694
962	surprise	../Syntropy_Result_Finals/Models/Model_Journal_Tuned10	../Syntropy_Result_Finals/Models/Model_Journal_Tuned10	joy	0.5351144671440125	0.153799369931221	0.013807989656925201	0.006255161017179489	0.01409639697521925	0.005793174263089895	0.009659582749009132	0.005378752015531063	0.043831050395965576	0.5351144671440125	0.015120903961360455	0.19295959174633026	0.004183539189398289
126	neutral	../Syntropy_Result_Finals/Models/Model_Journal_Tuned10	../Syntropy_Result_Finals/Models/Model_Journal_Tuned10	pride	0.30350926518440247	0.26553285121917725	0.03511471673846245	0.024657201021909714	0.016361387446522713	0.008306000381708145	0.020564967766404152	0.005634435918182135	0.30350926518440247	0.1782556027173996	0.015395921654999256	0.11716688424348831	0.009500691667199135
790	neutral	../Syntropy_Result_Finals/Models/Model_Journal_Tuned10	../Syntropy_Result_Finals/Models/Model_Journal_Tuned10	excitement	0.4195028245449066	0.1260175108909607	0.01657048799097538	0.006285957992076874	0.005288589280098677	0.006744163576513529	0.031452324241399765	0.0075698853470385075	0.1752440184354782	0.1499394327402115	0.05143905431032181	0.4195028245449066	0.00394574087113142
829	joy	../Syntropy_Result_Finals/Models/Model_Journal_Tuned10	../Syntropy_Result_Finals/Models/Model_Journal_Tuned10	neutral	0.6352501511573792	0.6352501511573792	0.021316131576895714	0.009795982390642166	0.009548570029437542	0.01186282467097044	0.02230629324913025	0.006492537911981344	0.07354630529880524	0.09134203940629959	0.016142236068844795	0.08991442620754242	0.012482565827667713
116	excitement	../Syntropy_Result_Finals/Models/Model_Journal_Tuned10	../Syntropy_Result_Finals/Models/Model_Journal_Tuned10	excitement	0.7903193831443787	0.03320026025176048	0.015534796752035618	0.010055029764771461	0.002855907892808318	0.0060722921043634415	0.016859877854585648	0.003540987381711602	0.06501823663711548	0.02129971794784069	0.029818354174494743	0.7903193831443787	0.00542515330016613
473	embarrassment	../Syntropy_Result_Finals/Models/Model_Journal_Tuned10	../Syntropy_Result_Finals/Models/Model_Journal_Tuned10	nervousness	0.43390658497810364	0.01284504309296608	0.43390658497810364	0.3719167113304138	0.030022332444787025	0.04814104735851288	0.022082151845097542	0.03773915395140648	0.0065859719179570675	0.01183488592505455	0.007537860423326492	0.011013456620275974	0.0063747926615178585
740	excitement	../Syntropy_Result_Finals/Models/Model_Journal_Tuned10	../Syntropy_Result_Finals/Models/Model_Journal_Tuned10	neutral	0.6041882634162903	0.6041882634162903	0.038741737604141235	0.01031370460987091	0.031434379518032074	0.012555981054902077	0.043666332960128784	0.022503990679979324	0.04670068994164467	0.08512193709611893	0.016110192984342575	0.08170745521783829	0.006955380085855722
1074	neutral	../Syntropy_Result_Finals/Models/Model_Journal_Tuned10	../Syntropy_Result_Finals/Models/Model_Journal_Tuned10	neutral	0.7028490304946899	0.7028490304946899	0.03181033581495285	0.010584988631308079	0.019193070009350777	0.019372204318642616	0.018998026847839355	0.01170939952135086	0.03933742269873619	0.057880885899066925	0.019171856343746185	0.06007575988769531	0.009017066098749638
57	joy	../Syntropy_Result_Finals/Models/Model_Journal_Tuned10	../Syntropy_Result_Finals/Models/Model_Journal_Tuned10	pride	0.4357837438583374	0.06536457687616348	0.0067069148644804955	0.00501970062032342	0.004162728786468506	0.003235872834920883	0.009674790315330029	0.0034395214170217514	0.4357837438583374	0.08793259412050247	0.015131283551454544	0.35963088274002075	0.0039173634722828865
603	excitement	../Syntropy_Result_Finals/Models/Model_Journal_Tuned10	../Syntropy_Result_Finals/Models/Model_Journal_Tuned10	neutral	0.40286433696746826	0.40286433696746826	0.02672317624092102	0.01253213919699192	0.019669240340590477	0.02213391661643982	0.06066996976733208	0.023417256772518158	0.0461171418428421	0.1151122972369194	0.06638703495264053	0.18668656051158905	0.01768692210316658
786	neutral	../Syntropy_Result_Finals/Models/Model_Journal_Tuned10	../Syntropy_Result_Finals/Models/Model_Journal_Tuned10	nervousness	0.41202694177627563	0.17943772673606873	0.41202694177627563	0.10079687088727951	0.08319561928510666	0.05754386633634567	0.05345984920859337	0.027659665793180466	0.022298838943243027	0.018368544057011604	0.013998814858496189	0.017511174082756042	0.013702057301998138
830	joy	../Syntropy_Result_Finals/Models/Model_Journal_Tuned10	../Syntropy_Result_Finals/Models/Model_Journal_Tuned10	joy	0.46621838212013245	0.1993446946144104	0.0071684932336211205	0.0037789843045175076	0.012167567387223244	0.002922761021181941	0.014691508375108242	0.004526101052761078	0.05203160271048546	0.46621838212013245	0.011423048563301563	0.22306810319423676	0.002658733632415533
119	neutral	../Syntropy_Result_Finals/Models/Model_Journal_Tuned10	../Syntropy_Result_Finals/Models/Model_Journal_Tuned10	excitement	0.8017635345458984	0.03647534176707268	0.003944008145481348	0.0016515798633918166	0.0012416942045092583	0.0014810609864071012	0.00779412966221571	0.0020586345344781876	0.027553513646125793	0.10142981261014938	0.013021714985370636	0.8017635345458984	0.0015850274357944727
656	pride	../Syntropy_Result_Finals/Models/Model_Journal_Tuned10	../Syntropy_Result_Finals/Models/Model_Journal_Tuned10	pride	0.3742877244949341	0.11882372945547104	0.016395844519138336	0.009112908504903316	0.006178879179060459	0.011654052883386612	0.025962425395846367	0.007886143401265144	0.3742877244949341	0.05110430717468262	0.04758954420685768	0.3238425552845001	0.007161895278841257
1214	excitement	../Syntropy_Result_Finals/Models/Model_Journal_Tuned10	../Syntropy_Result_Finals/Models/Model_Journal_Tuned10	excitement	0.8808542490005493	0.021777991205453873	0.009881366044282913	0.00799427181482315	0.0013727149926126003	0.004272887948900461	0.011421414092183113	0.0018878963310271502	0.023967383429408073	0.010875952430069447	0.021479781717061996	0.8808542490005493	0.004214006941765547
669	neutral	../Syntropy_Result_Finals/Models/Model_Journal_Tuned10	../Syntropy_Result_Finals/Models/Model_Journal_Tuned10	neutral	0.4890972375869751	0.4890972375869751	0.01441470067948103	0.008814757689833641	0.007790606934577227	0.017847474664449692	0.023836974054574966	0.009084208868443966	0.04785511642694473	0.12380816787481308	0.05459482967853546	0.19557689130306244	0.0072790756821632385
105	sadness	../Syntropy_Result_Finals/Models/Model_Journal_Tuned10	../Syntropy_Result_Finals/Models/Model_Journal_Tuned10	sadness	0.4532319903373718	0.045895446091890335	0.29271960258483887	0.04729270190000534	0.4532319903373718	0.026031745597720146	0.03512347489595413	0.06961392611265182	0.006164988037198782	0.008303041569888592	0.0051180049777030945	0.004575024824589491	0.005929919425398111
635	neutral	../Syntropy_Result_Finals/Models/Model_Journal_Tuned10	../Syntropy_Result_Finals/Models/Model_Journal_Tuned10	neutral	0.6415535807609558	0.6415535807609558	0.03516155853867531	0.009745705872774124	0.024606354534626007	0.011770693585276604	0.021492615342140198	0.006897479295730591	0.04292955622076988	0.1276077777147293	0.015702446922659874	0.05293579027056694	0.009596383199095726
369	neutral	../Syntropy_Result_Finals/Models/Model_Journal_Tuned10	../Syntropy_Result_Finals/Models/Model_Journal_Tuned10	neutral	0.3882320523262024	0.3882320523262024	0.01829983852803707	0.007418555673211813	0.005278529599308968	0.004616488702595234	0.0164081621915102	0.004102437756955624	0.06059533357620239	0.26237642765045166	0.019196538254618645	0.20919586718082428	0.00427983095869422
268	neutral	../Syntropy_Result_Finals/Models/Model_Journal_Tuned10	../Syntropy_Result_Finals/Models/Model_Journal_Tuned10	joy	0.4832077920436859	0.08446269482374191	0.008129717782139778	0.0027306789997965097	0.0038361980114132166	0.0032040411606431007	0.010626701638102531	0.003828924847766757	0.0317874476313591	0.4832077920436859	0.011653214693069458	0.353534072637558	0.0029984896536916494
655	neutral	../Syntropy_Result_Finals/Models/Model_Journal_Tuned10	../Syntropy_Result_Finals/Models/Model_Journal_Tuned10	neutral	0.57909095287323	0.57909095287323	0.0483848862349987	0.011711381375789642	0.03881847858428955	0.010890181176364422	0.03812431916594505	0.022074533626437187	0.0368054173886776	0.0900125503540039	0.05562744289636612	0.06435200572013855	0.004107815213501453
819	joy	../Syntropy_Result_Finals/Models/Model_Journal_Tuned10	../Syntropy_Result_Finals/Models/Model_Journal_Tuned10	pride	0.6240918040275574	0.12298652529716492	0.02718839794397354	0.01817120797932148	0.0068265944719314575	0.016219206154346466	0.026158884167671204	0.008450275287032127	0.6240918040275574	0.054342709481716156	0.019780758768320084	0.06220545619726181	0.01357815507799387
822	excitement	../Syntropy_Result_Finals/Models/Model_Journal_Tuned10	../Syntropy_Result_Finals/Models/Model_Journal_Tuned10	excitement	0.40787649154663086	0.3170710802078247	0.02061338908970356	0.017662346363067627	0.009306376799941063	0.00840592011809349	0.039771124720573425	0.00881875492632389	0.0818718746304512	0.03758207708597183	0.045598775148391724	0.40787649154663086	0.005421744659543037
953	pride	../Syntropy_Result_Finals/Models/Model_Journal_Tuned10	../Syntropy_Result_Finals/Models/Model_Journal_Tuned10	pride	0.8459671139717102	0.02153776027262211	0.02197606861591339	0.016708608716726303	0.005218794569373131	0.01050651352852583	0.014141147956252098	0.008800494484603405	0.8459671139717102	0.01665223203599453	0.013936175964772701	0.018307674676179886	0.006247410550713539
46	nervousness	../Syntropy_Result_Finals/Models/Model_Journal_Tuned10	../Syntropy_Result_Finals/Models/Model_Journal_Tuned10	pride	0.739446222782135	0.046890974044799805	0.03911157697439194	0.02565056085586548	0.006215352565050125	0.017435749992728233	0.023993076756596565	0.012482685036957264	0.739446222782135	0.023454058915376663	0.025750204920768738	0.02978282980620861	0.009786798618733883
349	surprise	../Syntropy_Result_Finals/Models/Model_Journal_Tuned10	../Syntropy_Result_Finals/Models/Model_Journal_Tuned10	excitement	0.8385671377182007	0.02733258716762066	0.0057854061014950275	0.0054131424985826015	0.003279964905232191	0.003111697733402252	0.0038033477030694485	0.002230512211099267	0.03506193682551384	0.04510744661092758	0.02796473540365696	0.8385671377182007	0.002342106541618705
1098	neutral	../Syntropy_Result_Finals/Models/Model_Journal_Tuned10	../Syntropy_Result_Finals/Models/Model_Journal_Tuned10	joy	0.3830488920211792	0.26444607973098755	0.009633391164243221	0.004911928437650204	0.005141293630003929	0.003971965052187443	0.01010842528194189	0.00267071183770895	0.04719977453351021	0.3830488920211792	0.0137145034968853	0.25156277418136597	0.003590159583836794
876	disgust	../Syntropy_Result_Finals/Models/Model_Journal_Tuned10	../Syntropy_Result_Finals/Models/Model_Journal_Tuned10	neutral	0.3005453050136566	0.3005453050136566	0.21246053278446198	0.05457526817917824	0.13752254843711853	0.0735819935798645	0.06813998520374298	0.027222469449043274	0.037919048219919205	0.016174443066120148	0.018977569416165352	0.019251417368650436	0.033629387617111206
773	pride	../Syntropy_Result_Finals/Models/Model_Journal_Tuned10	../Syntropy_Result_Finals/Models/Model_Journal_Tuned10	neutral	0.7341243028640747	0.7341243028640747	0.01018213015049696	0.0066530643962323666	0.010170445777475834	0.02004852332174778	0.03815172240138054	0.010744769126176834	0.01815594732761383	0.03005840629339218	0.032775528728961945	0.08178681880235672	0.007148377597332001
195	neutral	../Syntropy_Result_Finals/Models/Model_Journal_Tuned10	../Syntropy_Result_Finals/Models/Model_Journal_Tuned10	neutral	0.42422372102737427	0.42422372102737427	0.04377126321196556	0.024867095053195953	0.008801267482340336	0.01639539934694767	0.027227798476815224	0.007910077460110188	0.10139315575361252	0.14371445775032043	0.021989762783050537	0.16182611882686615	0.017879853025078773
102	pride	../Syntropy_Result_Finals/Models/Model_Journal_Tuned10	../Syntropy_Result_Finals/Models/Model_Journal_Tuned10	excitement	0.465656042098999	0.07120152562856674	0.005504730623215437	0.003947509452700615	0.0036829381715506315	0.0018641551723703742	0.006510637234896421	0.0022612966131418943	0.08039063960313797	0.3480583429336548	0.008821551688015461	0.465656042098999	0.0021006653551012278
4	joy	../Syntropy_Result_Finals/Models/Model_Journal_Tuned10	../Syntropy_Result_Finals/Models/Model_Journal_Tuned10	pride	0.25618019700050354	0.1906665414571762	0.0392293855547905	0.02854982018470764	0.019565260037779808	0.008945461362600327	0.023151535540819168	0.00772788655012846	0.25618019700050354	0.12903596460819244	0.0478857047855854	0.24283280968666077	0.0062294877134263515
619	surprise	../Syntropy_Result_Finals/Models/Model_Journal_Tuned10	../Syntropy_Result_Finals/Models/Model_Journal_Tuned10	neutral	0.5133670568466187	0.5133670568466187	0.1159387081861496	0.06554780155420303	0.03535276651382446	0.029925504699349403	0.08958709985017776	0.018491173163056374	0.0416177399456501	0.021587107330560684	0.01814447157084942	0.024730712175369263	0.02570980414748192
571	excitement	../Syntropy_Result_Finals/Models/Model_Journal_Tuned10	../Syntropy_Result_Finals/Models/Model_Journal_Tuned10	excitement	0.8278329372406006	0.03894501179456711	0.0035841406788676977	0.0018699481151998043	0.0012144328793510795	0.0011806697584688663	0.005354681517928839	0.001275732065550983	0.033790186047554016	0.07163791358470917	0.011037766933441162	0.8278329372406006	0.0022766815964132547
52	excitement	../Syntropy_Result_Finals/Models/Model_Journal_Tuned10	../Syntropy_Result_Finals/Models/Model_Journal_Tuned10	excitement	0.5840757489204407	0.09377646446228027	0.01488183531910181	0.0064325155690312386	0.0034205929841846228	0.00608318904414773	0.016073906794190407	0.0038958999793976545	0.15443651378154755	0.07247741520404816	0.03853294998407364	0.5840757489204407	0.005912892986088991
263	neutral	../Syntropy_Result_Finals/Models/Model_Journal_Tuned10	../Syntropy_Result_Finals/Models/Model_Journal_Tuned10	pride	0.5634515881538391	0.14674393832683563	0.038334593176841736	0.03674160689115524	0.025425121188163757	0.03137872740626335	0.020083198323845863	0.00947902537882328	0.5634515881538391	0.05450008809566498	0.018263624981045723	0.030342761427164078	0.025255799293518066
1159	excitement	../Syntropy_Result_Finals/Models/Model_Journal_Tuned10	../Syntropy_Result_Finals/Models/Model_Journal_Tuned10	excitement	0.4467763900756836	0.1721896529197693	0.012828717939555645	0.007120577152818441	0.00513320742174983	0.006083209067583084	0.01740139164030552	0.0038317430298775434	0.15446911752223969	0.1489395648241043	0.018567970022559166	0.4467763900756836	0.006658428348600864
443	joy	../Syntropy_Result_Finals/Models/Model_Journal_Tuned10	../Syntropy_Result_Finals/Models/Model_Journal_Tuned10	pride	0.3409765362739563	0.22758808732032776	0.027049148455262184	0.015190222300589085	0.007039106450974941	0.01354881189763546	0.027186082676053047	0.007296937517821789	0.3409765362739563	0.12252774834632874	0.02810550108551979	0.17328405380249023	0.010207715444266796
1138	joy	../Syntropy_Result_Finals/Models/Model_Journal_Tuned10	../Syntropy_Result_Finals/Models/Model_Journal_Tuned10	excitement	0.5579684376716614	0.08351383358240128	0.008780375123023987	0.005363579839468002	0.003425901522859931	0.003930666949599981	0.01615968719124794	0.0032869933638721704	0.180105522274971	0.10710535198450089	0.02548268809914589	0.5579684376716614	0.0048770420253276825
782	nervousness	../Syntropy_Result_Finals/Models/Model_Journal_Tuned10	../Syntropy_Result_Finals/Models/Model_Journal_Tuned10	excitement	0.6720276474952698	0.10116712003946304	0.03756992518901825	0.03392289578914642	0.005623830482363701	0.006715907249599695	0.024183642119169235	0.004965865518897772	0.04710662364959717	0.0365363173186779	0.02518330328166485	0.6720276474952698	0.004996951669454575
837	neutral	../Syntropy_Result_Finals/Models/Model_Journal_Tuned10	../Syntropy_Result_Finals/Models/Model_Journal_Tuned10	neutral	0.4724811017513275	0.4724811017513275	0.022246425971388817	0.008427262306213379	0.10700027644634247	0.007109167519956827	0.020840924233198166	0.013022062368690968	0.07125658541917801	0.19887308776378632	0.01389064360409975	0.05995651334524155	0.004895975813269615
1047	excitement	../Syntropy_Result_Finals/Models/Model_Journal_Tuned10	../Syntropy_Result_Finals/Models/Model_Journal_Tuned10	neutral	0.5520776510238647	0.5520776510238647	0.02360650524497032	0.016318613663315773	0.012121609412133694	0.023063719272613525	0.0293892715126276	0.009020540863275528	0.09087194502353668	0.058836519718170166	0.06575952470302582	0.1062198281288147	0.01271427609026432
691	joy	../Syntropy_Result_Finals/Models/Model_Journal_Tuned10	../Syntropy_Result_Finals/Models/Model_Journal_Tuned10	joy	0.3781730830669403	0.1974913328886032	0.010682276450097561	0.004655974451452494	0.007936368696391582	0.005065955221652985	0.007485868409276009	0.0047416239976882935	0.04630955308675766	0.3781730830669403	0.013105473481118679	0.32106828689575195	0.003284220350906253
304	nervousness	../Syntropy_Result_Finals/Models/Model_Journal_Tuned10	../Syntropy_Result_Finals/Models/Model_Journal_Tuned10	neutral	0.35322463512420654	0.35322463512420654	0.15759991109371185	0.08807308226823807	0.0794939398765564	0.0544767789542675	0.060536693781614304	0.018834926187992096	0.09053488820791245	0.02828134410083294	0.016384761780500412	0.02130056545138359	0.03125833719968796
341	excitement	../Syntropy_Result_Finals/Models/Model_Journal_Tuned10	../Syntropy_Result_Finals/Models/Model_Journal_Tuned10	excitement	0.5890863537788391	0.07468610256910324	0.004943923093378544	0.0023527436424046755	0.0032915982883423567	0.0024107513017952442	0.00602971576154232	0.0026670554652810097	0.09105910360813141	0.20616401731967926	0.01464411523193121	0.5890863537788391	0.0026644610334187746
991	joy	../Syntropy_Result_Finals/Models/Model_Journal_Tuned10	../Syntropy_Result_Finals/Models/Model_Journal_Tuned10	sadness	0.72410649061203	0.11983568966388702	0.056810785084962845	0.014655816368758678	0.72410649061203	0.008486873470246792	0.013839583843946457	0.022814221680164337	0.010954167693853378	0.014970188960433006	0.00396655173972249	0.0056477319449186325	0.003912011627107859
313	neutral	../Syntropy_Result_Finals/Models/Model_Journal_Tuned10	../Syntropy_Result_Finals/Models/Model_Journal_Tuned10	neutral	0.4141139090061188	0.4141139090061188	0.029065102338790894	0.013959953561425209	0.01431252621114254	0.017397524788975716	0.02613622508943081	0.008735215291380882	0.10133880376815796	0.11948167532682419	0.028376448899507523	0.21332696080207825	0.013755672611296177
149	joy	../Syntropy_Result_Finals/Models/Model_Journal_Tuned10	../Syntropy_Result_Finals/Models/Model_Journal_Tuned10	pride	0.6343151330947876	0.1269371658563614	0.023913128301501274	0.013503752648830414	0.005679980851709843	0.010403765365481377	0.01776358298957348	0.006782544311136007	0.6343151330947876	0.0551745742559433	0.019605711102485657	0.0752117782831192	0.010708924382925034
124	pride	../Syntropy_Result_Finals/Models/Model_Journal_Tuned10	../Syntropy_Result_Finals/Models/Model_Journal_Tuned10	pride	0.7084892988204956	0.04520030319690704	0.01836642064154148	0.009294825606048107	0.004757266491651535	0.008216578513383865	0.017398985102772713	0.0075293793343007565	0.7084892988204956	0.03856021910905838	0.029248613864183426	0.10811394453048706	0.004824184346944094
1128	pride	../Syntropy_Result_Finals/Models/Model_Journal_Tuned10	../Syntropy_Result_Finals/Models/Model_Journal_Tuned10	joy	0.46473428606987	0.1523323357105255	0.012061577290296555	0.004982390441000462	0.01239550020545721	0.0028112411964684725	0.007155188359320164	0.003570441622287035	0.10787762701511383	0.46473428606987	0.008795192465186119	0.2203453928232193	0.002938811434432864
574	joy	../Syntropy_Result_Finals/Models/Model_Journal_Tuned10	../Syntropy_Result_Finals/Models/Model_Journal_Tuned10	nervousness	0.4054787755012512	0.14369842410087585	0.4054787755012512	0.1141446977853775	0.06428693234920502	0.05808285251259804	0.07016269117593765	0.04402392357587814	0.02198006585240364	0.019940102472901344	0.022565921768546104	0.024214770644903183	0.01142079383134842
697	nervousness	../Syntropy_Result_Finals/Models/Model_Journal_Tuned10	../Syntropy_Result_Finals/Models/Model_Journal_Tuned10	nervousness	0.5852096676826477	0.07365001738071442	0.5852096676826477	0.11202360689640045	0.015822764486074448	0.017134279012680054	0.027888577431440353	0.011755997315049171	0.042104803025722504	0.02458052709698677	0.01978173293173313	0.061191149055957794	0.008856872096657753
664	pride	../Syntropy_Result_Finals/Models/Model_Journal_Tuned10	../Syntropy_Result_Finals/Models/Model_Journal_Tuned10	neutral	0.5163141489028931	0.5163141489028931	0.04060884192585945	0.014064028859138489	0.016410887241363525	0.018513159826397896	0.040291815996170044	0.01166649628430605	0.15199662744998932	0.05618453770875931	0.03053411655128002	0.0912013128399849	0.012214001268148422
50	excitement	../Syntropy_Result_Finals/Models/Model_Journal_Tuned10	../Syntropy_Result_Finals/Models/Model_Journal_Tuned10	excitement	0.6482899785041809	0.060615476220846176	0.008766352199018002	0.006044806446880102	0.0031547672115266323	0.0023064741399139166	0.03743131831288338	0.003903408534824848	0.09626992046833038	0.04364699125289917	0.0866546705365181	0.6482899785041809	0.0029158482793718576
1125	pride	../Syntropy_Result_Finals/Models/Model_Journal_Tuned10	../Syntropy_Result_Finals/Models/Model_Journal_Tuned10	pride	0.5023130774497986	0.11967813223600388	0.023216048255562782	0.008621475659310818	0.004410452209413052	0.00755833275616169	0.020561110228300095	0.005687030032277107	0.5023130774497986	0.06598667800426483	0.02359745278954506	0.2110418975353241	0.007328289095312357
726	surprise	../Syntropy_Result_Finals/Models/Model_Journal_Tuned10	../Syntropy_Result_Finals/Models/Model_Journal_Tuned10	surprise	0.6416895985603333	0.016873745247721672	0.003936095163226128	0.002244067145511508	0.0016182234976440668	0.002987838117405772	0.011090947315096855	0.0024713771417737007	0.013589367270469666	0.018748462200164795	0.6416895985603333	0.28239166736602783	0.0023585744202136993
799	joy	../Syntropy_Result_Finals/Models/Model_Journal_Tuned10	../Syntropy_Result_Finals/Models/Model_Journal_Tuned10	pride	0.35089924931526184	0.06959638744592667	0.016029734164476395	0.007224358152598143	0.004936574026942253	0.005327560473233461	0.014042786322534084	0.004022464156150818	0.35089924931526184	0.262265145778656	0.016325173899531364	0.2445954531431198	0.004735094495117664
833	pride	../Syntropy_Result_Finals/Models/Model_Journal_Tuned10	../Syntropy_Result_Finals/Models/Model_Journal_Tuned10	neutral	0.6708264350891113	0.6708264350891113	0.008968760259449482	0.005513107404112816	0.004714003298431635	0.0070783221162855625	0.016627509146928787	0.0035857849288731813	0.0676286444067955	0.04259610176086426	0.016305390745401382	0.14679105579853058	0.00936480425298214
353	joy	../Syntropy_Result_Finals/Models/Model_Journal_Tuned10	../Syntropy_Result_Finals/Models/Model_Journal_Tuned10	pride	0.33172711730003357	0.2465147078037262	0.03178294748067856	0.022411681711673737	0.017614003270864487	0.014314812608063221	0.022149501368403435	0.011724132113158703	0.33172711730003357	0.1534477174282074	0.026918228715658188	0.11153598129749298	0.009859235025942326
1222	joy	../Syntropy_Result_Finals/Models/Model_Journal_Tuned10	../Syntropy_Result_Finals/Models/Model_Journal_Tuned10	neutral	0.48736992478370667	0.48736992478370667	0.011637033894658089	0.010711687617003918	0.004474034067243338	0.017722126096487045	0.036128122359514236	0.007113552186638117	0.09007526189088821	0.07896636426448822	0.05656351149082184	0.19089695811271667	0.008341403678059578
142	fear	../Syntropy_Result_Finals/Models/Model_Journal_Tuned10	../Syntropy_Result_Finals/Models/Model_Journal_Tuned10	fear	0.47812891006469727	0.13358618319034576	0.17324964702129364	0.47812891006469727	0.050190869718790054	0.0550558902323246	0.021707141771912575	0.013003125786781311	0.02072056382894516	0.01645735651254654	0.02007441781461239	0.008466263301670551	0.009359580464661121
470	surprise	../Syntropy_Result_Finals/Models/Model_Journal_Tuned10	../Syntropy_Result_Finals/Models/Model_Journal_Tuned10	neutral	0.5440455675125122	0.5440455675125122	0.07784274220466614	0.05734577402472496	0.029596444219350815	0.04841304197907448	0.074988953769207	0.024224810302257538	0.04531051963567734	0.019708897918462753	0.02556265890598297	0.042486269026994705	0.010474379174411297
882	joy	../Syntropy_Result_Finals/Models/Model_Journal_Tuned10	../Syntropy_Result_Finals/Models/Model_Journal_Tuned10	pride	0.3566647171974182	0.20931538939476013	0.051614630967378616	0.02332141436636448	0.010529971681535244	0.018878459930419922	0.0321870893239975	0.008776841685175896	0.3566647171974182	0.06338433176279068	0.04598139226436615	0.16730345785617828	0.012042377144098282
653	pride	../Syntropy_Result_Finals/Models/Model_Journal_Tuned10	../Syntropy_Result_Finals/Models/Model_Journal_Tuned10	neutral	0.43204447627067566	0.43204447627067566	0.013316971249878407	0.008139383047819138	0.005069045815616846	0.014577740803360939	0.0320303849875927	0.00958474911749363	0.10355772823095322	0.15545393526554108	0.0438716895878315	0.17344453930854797	0.00890941359102726
399	nervousness	../Syntropy_Result_Finals/Models/Model_Journal_Tuned10	../Syntropy_Result_Finals/Models/Model_Journal_Tuned10	nervousness	0.27328360080718994	0.17062443494796753	0.27328360080718994	0.1147610992193222	0.11703446507453918	0.035925593227148056	0.13269443809986115	0.06309888511896133	0.01935441419482231	0.01517402846366167	0.017269151285290718	0.022310400381684303	0.018469564616680145
1072	neutral	../Syntropy_Result_Finals/Models/Model_Journal_Tuned10	../Syntropy_Result_Finals/Models/Model_Journal_Tuned10	excitement	0.39821040630340576	0.2578485906124115	0.016694553196430206	0.010783270001411438	0.00545496866106987	0.00786706805229187	0.023474443703889847	0.0049574002623558044	0.1779521405696869	0.061886951327323914	0.028156239539384842	0.39821040630340576	0.006714011542499065
1219	anger	../Syntropy_Result_Finals/Models/Model_Journal_Tuned10	../Syntropy_Result_Finals/Models/Model_Journal_Tuned10	neutral	0.7249466776847839	0.7249466776847839	0.027642691507935524	0.03862812742590904	0.015111462213099003	0.017953701317310333	0.025291316211223602	0.00751527538523078	0.03549013286828995	0.03565402328968048	0.018908143043518066	0.03680679574608803	0.016051756218075752
320	joy	../Syntropy_Result_Finals/Models/Model_Journal_Tuned10	../Syntropy_Result_Finals/Models/Model_Journal_Tuned10	neutral	0.38084518909454346	0.38084518909454346	0.01963413879275322	0.018853522837162018	0.006484419573098421	0.012750745750963688	0.039902716875076294	0.005762969143688679	0.11696330457925797	0.048517778515815735	0.06002160161733627	0.2739872932434082	0.01627623662352562
19	joy	../Syntropy_Result_Finals/Models/Model_Journal_Tuned10	../Syntropy_Result_Finals/Models/Model_Journal_Tuned10	neutral	0.5208519101142883	0.5208519101142883	0.0345296710729599	0.021923234686255455	0.04433433711528778	0.013813547790050507	0.021183574572205544	0.015252207405865192	0.07697940617799759	0.050442300736904144	0.054540276527404785	0.13833962380886078	0.007809970993548632
684	pride	../Syntropy_Result_Finals/Models/Model_Journal_Tuned10	../Syntropy_Result_Finals/Models/Model_Journal_Tuned10	pride	0.53138667345047	0.11889656633138657	0.02639836259186268	0.014726780354976654	0.005709846504032612	0.010098240338265896	0.01702902652323246	0.005291043780744076	0.53138667345047	0.09144432097673416	0.023418642580509186	0.1458762139081955	0.009724338538944721
35	anger	../Syntropy_Result_Finals/Models/Model_Journal_Tuned10	../Syntropy_Result_Finals/Models/Model_Journal_Tuned10	anger	0.826592743396759	0.00730247562751174	0.005739259067922831	0.011875474825501442	0.0046287886798381805	0.12258139997720718	0.008797179907560349	0.0037040426395833492	0.0013274962548166513	0.0018373607890680432	0.0031065738294273615	0.0025071483105421066	0.826592743396759
824	excitement	../Syntropy_Result_Finals/Models/Model_Journal_Tuned10	../Syntropy_Result_Finals/Models/Model_Journal_Tuned10	pride	0.3131231665611267	0.18177016079425812	0.022266972810029984	0.012754601426422596	0.004764540120959282	0.012906906194984913	0.026083000004291534	0.0060330466367304325	0.3131231665611267	0.05679665878415108	0.04079178720712662	0.310200959444046	0.012508216314017773
902	neutral	../Syntropy_Result_Finals/Models/Model_Journal_Tuned10	../Syntropy_Result_Finals/Models/Model_Journal_Tuned10	neutral	0.2690591812133789	0.2690591812133789	0.04009552672505379	0.015002288855612278	0.022844763472676277	0.022136371582746506	0.0682888776063919	0.015820583328604698	0.0873732715845108	0.23704226315021515	0.04342816025018692	0.167031392455101	0.011877365410327911
505	pride	../Syntropy_Result_Finals/Models/Model_Journal_Tuned10	../Syntropy_Result_Finals/Models/Model_Journal_Tuned10	pride	0.7205373048782349	0.03975041210651398	0.039341967552900314	0.023897502571344376	0.005860581994056702	0.011592715047299862	0.01866655983030796	0.010439256206154823	0.7205373048782349	0.028236741200089455	0.0268972497433424	0.06746982038021088	0.007309930864721537
827	joy	../Syntropy_Result_Finals/Models/Model_Journal_Tuned10	../Syntropy_Result_Finals/Models/Model_Journal_Tuned10	neutral	0.4275996685028076	0.4275996685028076	0.020123617723584175	0.005776629317551851	0.01661302149295807	0.010813175700604916	0.01823439635336399	0.011610500514507294	0.06006251648068428	0.1903093159198761	0.022930193692445755	0.21000364422798157	0.0059233601205050945
1137	joy	../Syntropy_Result_Finals/Models/Model_Journal_Tuned10	../Syntropy_Result_Finals/Models/Model_Journal_Tuned10	joy	0.6797504425048828	0.08692192286252975	0.005257283803075552	0.0036169015802443027	0.004500553477555513	0.0025414417032152414	0.007037025410681963	0.004242862109094858	0.03567523881793022	0.6797504425048828	0.012090656906366348	0.1562763750553131	0.0020892773754894733
407	excitement	../Syntropy_Result_Finals/Models/Model_Journal_Tuned10	../Syntropy_Result_Finals/Models/Model_Journal_Tuned10	pride	0.5195725560188293	0.11371815204620361	0.016491960734128952	0.007693009916692972	0.004620811901986599	0.009155046194791794	0.02334263175725937	0.0063494429923594	0.5195725560188293	0.05651620775461197	0.04435478150844574	0.19142407178878784	0.00676132645457983
920	joy	../Syntropy_Result_Finals/Models/Model_Journal_Tuned10	../Syntropy_Result_Finals/Models/Model_Journal_Tuned10	neutral	0.43463337421417236	0.43463337421417236	0.03238101676106453	0.017621589824557304	0.011778340674936771	0.01981721818447113	0.024596326053142548	0.008037214167416096	0.1652580052614212	0.09491312503814697	0.0275172870606184	0.1500399112701416	0.013406642712652683
817	neutral	../Syntropy_Result_Finals/Models/Model_Journal_Tuned10	../Syntropy_Result_Finals/Models/Model_Journal_Tuned10	excitement	0.4997340738773346	0.06789270788431168	0.004680122714489698	0.0024560929741710424	0.0031306794844567776	0.001970556564629078	0.0061975158751010895	0.0018362037371844053	0.049079716205596924	0.34928545355796814	0.012119950726628304	0.4997340738773346	0.0016168683068826795
866	surprise	../Syntropy_Result_Finals/Models/Model_Journal_Tuned10	../Syntropy_Result_Finals/Models/Model_Journal_Tuned10	neutral	0.38519877195358276	0.38519877195358276	0.048147495836019516	0.027241071686148643	0.02304118499159813	0.029845736920833588	0.029622415080666542	0.008485998958349228	0.10437095910310745	0.03350536525249481	0.041272833943367004	0.24869059026241302	0.02057756297290325
537	neutral	../Syntropy_Result_Finals/Models/Model_Journal_Tuned10	../Syntropy_Result_Finals/Models/Model_Journal_Tuned10	neutral	0.46204403042793274	0.46204403042793274	0.029059670865535736	0.013025403954088688	0.00984734483063221	0.009417353197932243	0.027000706642866135	0.008046155795454979	0.1092117577791214	0.11425025761127472	0.030554667115211487	0.1782887578010559	0.00925382599234581
758	pride	../Syntropy_Result_Finals/Models/Model_Journal_Tuned10	../Syntropy_Result_Finals/Models/Model_Journal_Tuned10	neutral	0.7604449391365051	0.7604449391365051	0.03790745139122009	0.016040638089179993	0.023802688345313072	0.011416503228247166	0.045650020241737366	0.005728084594011307	0.03747595474123955	0.01683812215924263	0.01210426539182663	0.016404978930950165	0.01618637703359127
1134	surprise	../Syntropy_Result_Finals/Models/Model_Journal_Tuned10	../Syntropy_Result_Finals/Models/Model_Journal_Tuned10	excitement	0.6523199677467346	0.09852921962738037	0.005814220756292343	0.003244048450142145	0.002185826888307929	0.002780335256829858	0.014851848594844341	0.0032349780667573214	0.08121149241924286	0.10528514534235	0.02734992653131485	0.6523199677467346	0.0031929989345371723
1011	pride	../Syntropy_Result_Finals/Models/Model_Journal_Tuned10	../Syntropy_Result_Finals/Models/Model_Journal_Tuned10	neutral	0.4632111191749573	0.4632111191749573	0.014252751134335995	0.00574398972094059	0.005285526625812054	0.006707160733640194	0.03704450652003288	0.005309027619659901	0.034109003841876984	0.0630202367901802	0.03029877133667469	0.3313053250312805	0.0037126203533262014
38	nervousness	../Syntropy_Result_Finals/Models/Model_Journal_Tuned10	../Syntropy_Result_Finals/Models/Model_Journal_Tuned10	anger	0.2251594364643097	0.1373889446258545	0.1343695968389511	0.08188306540250778	0.03327188640832901	0.1276879608631134	0.0668141320347786	0.018348051235079765	0.11795173585414886	0.020715050399303436	0.018239371478557587	0.018170764669775963	0.2251594364643097
175	pride	../Syntropy_Result_Finals/Models/Model_Journal_Tuned10	../Syntropy_Result_Finals/Models/Model_Journal_Tuned10	joy	0.4184670150279999	0.09895344078540802	0.009168118238449097	0.0029546425212174654	0.005305287428200245	0.004354652017354965	0.010608485899865627	0.00484895845875144	0.03936942666769028	0.4184670150279999	0.01556839607656002	0.3875900208950043	0.002811533398926258
245	joy	../Syntropy_Result_Finals/Models/Model_Journal_Tuned10	../Syntropy_Result_Finals/Models/Model_Journal_Tuned10	neutral	0.5212738513946533	0.5212738513946533	0.019966786727309227	0.006285897921770811	0.011313111521303654	0.011646181344985962	0.03305702283978462	0.008897276595234871	0.037658024579286575	0.1229824498295784	0.027237543836236	0.19405274093151093	0.005629113409668207
810	pride	../Syntropy_Result_Finals/Models/Model_Journal_Tuned10	../Syntropy_Result_Finals/Models/Model_Journal_Tuned10	neutral	0.31521162390708923	0.31521162390708923	0.014743608422577381	0.014071729965507984	0.004924874287098646	0.010869067162275314	0.022730804979801178	0.005111200734972954	0.1828758716583252	0.1231929212808609	0.027622701600193977	0.2692152261734009	0.00943033117800951
1151	joy	../Syntropy_Result_Finals/Models/Model_Journal_Tuned10	../Syntropy_Result_Finals/Models/Model_Journal_Tuned10	excitement	0.6197081208229065	0.1369517594575882	0.013459524139761925	0.006199194584041834	0.004839148838073015	0.013435478322207928	0.020069217309355736	0.007652183994650841	0.04966878145933151	0.07220189273357391	0.050195034593343735	0.6197081208229065	0.0056196353398263454
1083	pride	../Syntropy_Result_Finals/Models/Model_Journal_Tuned10	../Syntropy_Result_Finals/Models/Model_Journal_Tuned10	excitement	0.36922943592071533	0.1344079226255417	0.02243877947330475	0.010054003447294235	0.005959015805274248	0.009295010939240456	0.017998626455664635	0.005799014121294022	0.32102370262145996	0.06177448853850365	0.033439964056015015	0.36922943592071533	0.008580033667385578
1168	joy	../Syntropy_Result_Finals/Models/Model_Journal_Tuned10	../Syntropy_Result_Finals/Models/Model_Journal_Tuned10	neutral	0.7618298530578613	0.7618298530578613	0.014774080365896225	0.011060459539294243	0.006094656884670258	0.015593740157783031	0.02324366196990013	0.006742092780768871	0.04830138012766838	0.028261203318834305	0.02426646091043949	0.05276976898312569	0.007062577176839113
784	embarrassment	../Syntropy_Result_Finals/Models/Model_Journal_Tuned10	../Syntropy_Result_Finals/Models/Model_Journal_Tuned10	neutral	0.26749730110168457	0.26749730110168457	0.16299493610858917	0.08385362476110458	0.05011552572250366	0.14185942709445953	0.04065888002514839	0.016911031678318977	0.04727201908826828	0.02338027022778988	0.012956613674759865	0.021433664485812187	0.13106669485569
1256	neutral	../Syntropy_Result_Finals/Models/Model_Journal_Tuned10	../Syntropy_Result_Finals/Models/Model_Journal_Tuned10	pride	0.8180418610572815	0.03183013200759888	0.022587701678276062	0.017895009368658066	0.00554727204144001	0.014549622312188148	0.015323076397180557	0.009165070950984955	0.8180418610572815	0.019928833469748497	0.015189092606306076	0.02088850550353527	0.009053928777575493
489	neutral	../Syntropy_Result_Finals/Models/Model_Journal_Tuned10	../Syntropy_Result_Finals/Models/Model_Journal_Tuned10	neutral	0.5187134146690369	0.5187134146690369	0.05930497497320175	0.017359711229801178	0.03356288745999336	0.02109943889081478	0.08014366775751114	0.022554295137524605	0.040423549711704254	0.05886000394821167	0.05043887719511986	0.0902695432305336	0.007269539870321751
154	excitement	../Syntropy_Result_Finals/Models/Model_Journal_Tuned10	../Syntropy_Result_Finals/Models/Model_Journal_Tuned10	excitement	0.7768320441246033	0.05932321771979332	0.005906710401177406	0.004377033561468124	0.0012407449539750814	0.0051866499707102776	0.007574817631393671	0.0025278569664806128	0.030949756503105164	0.06897470355033875	0.03364189714193344	0.7768320441246033	0.0034645909909158945
638	anger	../Syntropy_Result_Finals/Models/Model_Journal_Tuned10	../Syntropy_Result_Finals/Models/Model_Journal_Tuned10	anger	0.7626917362213135	0.05620548129081726	0.022631673142313957	0.017188023775815964	0.014536432921886444	0.05936082825064659	0.012798705138266087	0.006901466753333807	0.02553984522819519	0.007537292782217264	0.0054215737618505955	0.009187009185552597	0.7626917362213135
961	neutral	../Syntropy_Result_Finals/Models/Model_Journal_Tuned10	../Syntropy_Result_Finals/Models/Model_Journal_Tuned10	neutral	0.6111270785331726	0.6111270785331726	0.03005390614271164	0.010990489274263382	0.017379680648446083	0.015911703929305077	0.029183389618992805	0.011283943429589272	0.04530887305736542	0.0896657332777977	0.026929840445518494	0.10368601977825165	0.008479280397295952
662	pride	../Syntropy_Result_Finals/Models/Model_Journal_Tuned10	../Syntropy_Result_Finals/Models/Model_Journal_Tuned10	excitement	0.4011524021625519	0.12236400693655014	0.008590968325734138	0.005912715569138527	0.011261379346251488	0.003495715791359544	0.007866219617426395	0.003643567906692624	0.06753808259963989	0.3533667027950287	0.01166809443384409	0.4011524021625519	0.0031401643063873053
853	excitement	../Syntropy_Result_Finals/Models/Model_Journal_Tuned10	../Syntropy_Result_Finals/Models/Model_Journal_Tuned10	excitement	0.4412744641304016	0.07872965186834335	0.03852641582489014	0.016931913793087006	0.004225404001772404	0.007128071039915085	0.026544487103819847	0.005850683432072401	0.2732008397579193	0.06091118976473808	0.03943946585059166	0.4412744641304016	0.007237380836158991
942	surprise	../Syntropy_Result_Finals/Models/Model_Journal_Tuned10	../Syntropy_Result_Finals/Models/Model_Journal_Tuned10	neutral	0.44788509607315063	0.44788509607315063	0.025619884952902794	0.013124396093189716	0.013606199063360691	0.01571560837328434	0.0212652999907732	0.008371862582862377	0.2801119089126587	0.08372301608324051	0.021498000249266624	0.0596446692943573	0.009434100240468979
287	excitement	../Syntropy_Result_Finals/Models/Model_Journal_Tuned10	../Syntropy_Result_Finals/Models/Model_Journal_Tuned10	excitement	0.8086376786231995	0.0399864986538887	0.007433480117470026	0.004551622550934553	0.001968581462278962	0.0024672995787113905	0.007978658191859722	0.0024638171307742596	0.0495891347527504	0.05863165110349655	0.013496292755007744	0.8086376786231995	0.0027953556273132563
625	excitement	../Syntropy_Result_Finals/Models/Model_Journal_Tuned10	../Syntropy_Result_Finals/Models/Model_Journal_Tuned10	joy	0.4298122227191925	0.09289244562387466	0.004408469423651695	0.002481736009940505	0.0030992249958217144	0.0027022112626582384	0.005482296925038099	0.0029055029153823853	0.04485204815864563	0.4298122227191925	0.012731536291539669	0.39633727073669434	0.0022949427366256714
1196	joy	../Syntropy_Result_Finals/Models/Model_Journal_Tuned10	../Syntropy_Result_Finals/Models/Model_Journal_Tuned10	neutral	0.4102897047996521	0.4102897047996521	0.008366997353732586	0.006624880712479353	0.0029734999407082796	0.005820578429847956	0.029792634770274162	0.004797873552888632	0.057956572622060776	0.07923949509859085	0.03780524432659149	0.35024791955947876	0.006084558088332415
685	joy	../Syntropy_Result_Finals/Models/Model_Journal_Tuned10	../Syntropy_Result_Finals/Models/Model_Journal_Tuned10	joy	0.4631258249282837	0.10856983065605164	0.00806424394249916	0.0033047585748136044	0.011365917511284351	0.0025604916736483574	0.012545119039714336	0.006044789217412472	0.03711339831352234	0.4631258249282837	0.012452335096895695	0.33255404233932495	0.002299188170582056
1080	neutral	../Syntropy_Result_Finals/Models/Model_Journal_Tuned10	../Syntropy_Result_Finals/Models/Model_Journal_Tuned10	neutral	0.5083822011947632	0.5083822011947632	0.019497355446219444	0.015040768310427666	0.006636942736804485	0.014638606458902359	0.044030193239450455	0.006233297288417816	0.09311307221651077	0.05305197834968567	0.03391323238611221	0.19305412471294403	0.012408296577632427
986	neutral	../Syntropy_Result_Finals/Models/Model_Journal_Tuned10	../Syntropy_Result_Finals/Models/Model_Journal_Tuned10	neutral	0.30233603715896606	0.30233603715896606	0.23423025012016296	0.06489096581935883	0.06469502300024033	0.01960759051144123	0.024924594908952713	0.019392946735024452	0.05958174914121628	0.06145663186907768	0.03521602600812912	0.1031108871102333	0.010557220317423344
569	joy	../Syntropy_Result_Finals/Models/Model_Journal_Tuned10	../Syntropy_Result_Finals/Models/Model_Journal_Tuned10	neutral	0.6857358813285828	0.6857358813285828	0.015489417128264904	0.010626660659909248	0.009580577723681927	0.014498808421194553	0.040535371750593185	0.006772067863494158	0.02788504585623741	0.0515027679502964	0.029834972694516182	0.09826560318470001	0.009272805415093899
1213	excitement	../Syntropy_Result_Finals/Models/Model_Journal_Tuned10	../Syntropy_Result_Finals/Models/Model_Journal_Tuned10	neutral	0.628820538520813	0.628820538520813	0.014880131930112839	0.0072037456557154655	0.011875180527567863	0.012898679822683334	0.0173590499907732	0.004851162433624268	0.07190392911434174	0.0632314532995224	0.022808436304330826	0.133151113986969	0.011016524396836758
734	excitement	../Syntropy_Result_Finals/Models/Model_Journal_Tuned10	../Syntropy_Result_Finals/Models/Model_Journal_Tuned10	neutral	0.32850706577301025	0.32850706577301025	0.18305827677249908	0.06939855217933655	0.04085489362478256	0.06307161599397659	0.057467665523290634	0.019028402864933014	0.08773364871740341	0.03146485239267349	0.0394451804459095	0.05138367414474487	0.028586123138666153
792	pride	../Syntropy_Result_Finals/Models/Model_Journal_Tuned10	../Syntropy_Result_Finals/Models/Model_Journal_Tuned10	neutral	0.39086323976516724	0.39086323976516724	0.04592267796397209	0.02718082070350647	0.011294758878648281	0.020818600431084633	0.04445189982652664	0.007544782478362322	0.27520841360092163	0.05856774374842644	0.03284550830721855	0.06864440441131592	0.016657060012221336
17	sadness	../Syntropy_Result_Finals/Models/Model_Journal_Tuned10	../Syntropy_Result_Finals/Models/Model_Journal_Tuned10	nervousness	0.33355391025543213	0.0663035437464714	0.33355391025543213	0.10316882282495499	0.32974138855934143	0.026892466470599174	0.03231385722756386	0.0469743050634861	0.01212109625339508	0.015686146914958954	0.014219895005226135	0.011729227378964424	0.007295406889170408
127	neutral	../Syntropy_Result_Finals/Models/Model_Journal_Tuned10	../Syntropy_Result_Finals/Models/Model_Journal_Tuned10	neutral	0.407816082239151	0.407816082239151	0.04581452161073685	0.049756892025470734	0.03296434506773949	0.024689525365829468	0.02433464676141739	0.0067221131175756454	0.2390863299369812	0.08371126651763916	0.013043452985584736	0.03801768273115158	0.03404317423701286
322	confusion	../Syntropy_Result_Finals/Models/Model_Journal_Tuned10	../Syntropy_Result_Finals/Models/Model_Journal_Tuned10	neutral	0.3993130922317505	0.3993130922317505	0.11890476197004318	0.045080214738845825	0.12609559297561646	0.016485167667269707	0.15277788043022156	0.014920544810593128	0.06272426247596741	0.019915597513318062	0.01592416688799858	0.018739627674221992	0.009119058959186077
255	nervousness	../Syntropy_Result_Finals/Models/Model_Journal_Tuned10	../Syntropy_Result_Finals/Models/Model_Journal_Tuned10	nervousness	0.717898964881897	0.03677529841661453	0.717898964881897	0.0799795538187027	0.015092486515641212	0.013623066246509552	0.03379431739449501	0.022856121882796288	0.016544591635465622	0.017905158922076225	0.013394954614341259	0.02629203535616398	0.005843484774231911
1046	joy	../Syntropy_Result_Finals/Models/Model_Journal_Tuned10	../Syntropy_Result_Finals/Models/Model_Journal_Tuned10	neutral	0.38357681035995483	0.38357681035995483	0.017215987667441368	0.010354822501540184	0.007944914512336254	0.008737056516110897	0.019763607531785965	0.003968453034758568	0.09293586760759354	0.11999647319316864	0.01399264857172966	0.3057529032230377	0.015760470181703568
982	nervousness	../Syntropy_Result_Finals/Models/Model_Journal_Tuned10	../Syntropy_Result_Finals/Models/Model_Journal_Tuned10	nervousness	0.7719839215278625	0.01768619753420353	0.7719839215278625	0.09732424467802048	0.009004471823573112	0.008810358121991158	0.016953548416495323	0.00866488553583622	0.0176953487098217	0.015422637574374676	0.010818539187312126	0.02168847806751728	0.00394741166383028
927	neutral	../Syntropy_Result_Finals/Models/Model_Journal_Tuned10	../Syntropy_Result_Finals/Models/Model_Journal_Tuned10	nervousness	0.5914888381958008	0.046392690390348434	0.5914888381958008	0.19659774005413055	0.014151879586279392	0.015304683707654476	0.018559591844677925	0.00734359584748745	0.04046492651104927	0.02598613314330578	0.0172287505120039	0.01985226571559906	0.006628865376114845
980	neutral	../Syntropy_Result_Finals/Models/Model_Journal_Tuned10	../Syntropy_Result_Finals/Models/Model_Journal_Tuned10	excitement	0.46121785044670105	0.11704445630311966	0.006195598281919956	0.0038100783713161945	0.0026265543419867754	0.0034433992113918066	0.007786525413393974	0.0027417391538619995	0.03664179518818855	0.34686368703842163	0.008683805353939533	0.46121785044670105	0.0029445441905409098
1249	joy	../Syntropy_Result_Finals/Models/Model_Journal_Tuned10	../Syntropy_Result_Finals/Models/Model_Journal_Tuned10	joy	0.3769797384738922	0.3251950144767761	0.008578335866332054	0.0026471521705389023	0.008335200138390064	0.005110233556479216	0.010325420647859573	0.005421840585768223	0.03159534931182861	0.3769797384738922	0.014438909478485584	0.2075052112340927	0.0038675712421536446
190	joy	../Syntropy_Result_Finals/Models/Model_Journal_Tuned10	../Syntropy_Result_Finals/Models/Model_Journal_Tuned10	excitement	0.39120036363601685	0.14660383760929108	0.010089023038744926	0.003981305751949549	0.006324734538793564	0.005828913301229477	0.010195238515734673	0.006467892322689295	0.03744295611977577	0.35621973872184753	0.0223165862262249	0.39120036363601685	0.003329325234517455
115	neutral	../Syntropy_Result_Finals/Models/Model_Journal_Tuned10	../Syntropy_Result_Finals/Models/Model_Journal_Tuned10	neutral	0.4038032293319702	0.4038032293319702	0.01965603418648243	0.013544103130698204	0.00948887038975954	0.010887347161769867	0.025107912719249725	0.006119103170931339	0.19217891991138458	0.08225671201944351	0.023308640345931053	0.200529545545578	0.013119615614414215
992	pride	../Syntropy_Result_Finals/Models/Model_Journal_Tuned10	../Syntropy_Result_Finals/Models/Model_Journal_Tuned10	neutral	0.607788622379303	0.607788622379303	0.0692802295088768	0.027515916153788567	0.029869727790355682	0.033483028411865234	0.046444814652204514	0.010269313119351864	0.07737917453050613	0.02879808284342289	0.020668210461735725	0.029623595997691154	0.018879277631640434
1243	neutral	../Syntropy_Result_Finals/Models/Model_Journal_Tuned10	../Syntropy_Result_Finals/Models/Model_Journal_Tuned10	neutral	0.6922491788864136	0.6922491788864136	0.037454333156347275	0.05931774899363518	0.03268583118915558	0.04667837545275688	0.03480400890111923	0.015659736469388008	0.01320723444223404	0.019050978124141693	0.016441410407423973	0.017028221860527992	0.015422931872308254
1007	excitement	../Syntropy_Result_Finals/Models/Model_Journal_Tuned10	../Syntropy_Result_Finals/Models/Model_Journal_Tuned10	neutral	0.3773718476295471	0.3773718476295471	0.017666583880782127	0.006829742807894945	0.006941759493201971	0.006468808278441429	0.01439767237752676	0.00455984054133296	0.037362705916166306	0.2703794240951538	0.015697916969656944	0.2358769327402115	0.006446782033890486
606	pride	../Syntropy_Result_Finals/Models/Model_Journal_Tuned10	../Syntropy_Result_Finals/Models/Model_Journal_Tuned10	pride	0.7222194671630859	0.062284279614686966	0.023900026455521584	0.013006511144340038	0.005197538528591394	0.010360941290855408	0.019808148965239525	0.007181315682828426	0.7222194671630859	0.034747812896966934	0.026708176359534264	0.06670316308736801	0.007882689125835896
180	excitement	../Syntropy_Result_Finals/Models/Model_Journal_Tuned10	../Syntropy_Result_Finals/Models/Model_Journal_Tuned10	excitement	0.49835386872291565	0.06098286807537079	0.018054094165563583	0.007051469292491674	0.002973817754536867	0.005077619571238756	0.016559502109885216	0.00460925605148077	0.2876923382282257	0.0648590698838234	0.029116330668330193	0.49835386872291565	0.004669719375669956
301	neutral	../Syntropy_Result_Finals/Models/Model_Journal_Tuned10	../Syntropy_Result_Finals/Models/Model_Journal_Tuned10	neutral	0.5488536953926086	0.5488536953926086	0.06153568997979164	0.06611303240060806	0.011004962958395481	0.01366934459656477	0.036099836230278015	0.005831768736243248	0.07556162774562836	0.08583540469408035	0.016212742775678635	0.05521910637617111	0.024062765762209892
496	joy	../Syntropy_Result_Finals/Models/Model_Journal_Tuned10	../Syntropy_Result_Finals/Models/Model_Journal_Tuned10	excitement	0.43333712220191956	0.08744312822818756	0.004806217737495899	0.0031153943855315447	0.007958208210766315	0.0019632934127002954	0.003874736838042736	0.0025729606859385967	0.06841421127319336	0.37498775124549866	0.009077544324100018	0.43333712220191956	0.0024494591634720564
348	joy	../Syntropy_Result_Finals/Models/Model_Journal_Tuned10	../Syntropy_Result_Finals/Models/Model_Journal_Tuned10	excitement	0.38106390833854675	0.1355443000793457	0.013079670257866383	0.005816405639052391	0.005078716669231653	0.005362945608794689	0.017409980297088623	0.0034978152252733707	0.29664716124534607	0.10173867642879486	0.027484092861413956	0.38106390833854675	0.007276291958987713
1099	sadness	../Syntropy_Result_Finals/Models/Model_Journal_Tuned10	../Syntropy_Result_Finals/Models/Model_Journal_Tuned10	nervousness	0.6760525107383728	0.02781831845641136	0.6760525107383728	0.11507914960384369	0.024337084963917732	0.01569429412484169	0.049186822026968	0.01437989342957735	0.015147959813475609	0.020937427878379822	0.012859039939939976	0.019219322130084038	0.009288232773542404
36	pride	../Syntropy_Result_Finals/Models/Model_Journal_Tuned10	../Syntropy_Result_Finals/Models/Model_Journal_Tuned10	pride	0.5557003021240234	0.1668935865163803	0.0359935462474823	0.02590600587427616	0.009623327292501926	0.024664558470249176	0.03446013480424881	0.011233307421207428	0.5557003021240234	0.044965993613004684	0.02753654308617115	0.04106662794947624	0.021956047043204308
744	pride	../Syntropy_Result_Finals/Models/Model_Journal_Tuned10	../Syntropy_Result_Finals/Models/Model_Journal_Tuned10	pride	0.8098676204681396	0.033284444361925125	0.02392606809735298	0.017403241246938705	0.004813871346414089	0.012190408073365688	0.015484417788684368	0.009260865859687328	0.8098676204681396	0.022369856014847755	0.019876645877957344	0.025166239589452744	0.006356186233460903
1148	neutral	../Syntropy_Result_Finals/Models/Model_Journal_Tuned10	../Syntropy_Result_Finals/Models/Model_Journal_Tuned10	neutral	0.30967190861701965	0.30967190861701965	0.010162243619561195	0.005851194262504578	0.01079185027629137	0.007450244389474392	0.007891707122325897	0.003684615483507514	0.05780431628227234	0.30738914012908936	0.01510046236217022	0.2586199641227722	0.00558234890922904
1053	excitement	../Syntropy_Result_Finals/Models/Model_Journal_Tuned10	../Syntropy_Result_Finals/Models/Model_Journal_Tuned10	excitement	0.8702026009559631	0.025438962504267693	0.006470147520303726	0.003448448609560728	0.0016934642335399985	0.0027775047346949577	0.00794874969869852	0.0016830407548695803	0.03969097509980202	0.02137567475438118	0.015619502402842045	0.8702026009559631	0.003651001024991274
517	joy	../Syntropy_Result_Finals/Models/Model_Journal_Tuned10	../Syntropy_Result_Finals/Models/Model_Journal_Tuned10	fear	0.2885622978210449	0.18210305273532867	0.043969590216875076	0.2885622978210449	0.07037072628736496	0.27617818117141724	0.01761070266366005	0.020941970869898796	0.011781221255660057	0.006036136299371719	0.007699381560087204	0.0031283185817301273	0.07161845266819
372	pride	../Syntropy_Result_Finals/Models/Model_Journal_Tuned10	../Syntropy_Result_Finals/Models/Model_Journal_Tuned10	neutral	0.3852156698703766	0.3852156698703766	0.0358162596821785	0.015826672315597534	0.008373371325433254	0.0092516103759408	0.048085857182741165	0.005981480237096548	0.18385085463523865	0.0825786367058754	0.0336320661008358	0.18308454751968384	0.008302994072437286
45	neutral	../Syntropy_Result_Finals/Models/Model_Journal_Tuned10	../Syntropy_Result_Finals/Models/Model_Journal_Tuned10	excitement	0.8872889876365662	0.009855235926806927	0.00222744676284492	0.0018628817051649094	0.0006987519445829093	0.001578531926497817	0.004862021189182997	0.0012796299997717142	0.00930879171937704	0.016834435984492302	0.0627201497554779	0.8872889876365662	0.0014831904554739594
476	joy	../Syntropy_Result_Finals/Models/Model_Journal_Tuned10	../Syntropy_Result_Finals/Models/Model_Journal_Tuned10	joy	0.39305388927459717	0.16330920159816742	0.011375508271157742	0.004105764906853437	0.005292534828186035	0.004839641973376274	0.015627674758434296	0.006565900985151529	0.05809800326824188	0.39305388927459717	0.01673310250043869	0.3175331950187683	0.003465584246441722
157	nervousness	../Syntropy_Result_Finals/Models/Model_Journal_Tuned10	../Syntropy_Result_Finals/Models/Model_Journal_Tuned10	confusion	0.7508847713470459	0.05411278456449509	0.09176108986139297	0.023521261289715767	0.017555532976984978	0.003611836349591613	0.7508847713470459	0.009161999449133873	0.011272848583757877	0.007376185152679682	0.016601650044322014	0.010169698856770992	0.003970385529100895
1111	excitement	../Syntropy_Result_Finals/Models/Model_Journal_Tuned10	../Syntropy_Result_Finals/Models/Model_Journal_Tuned10	pride	0.5266462564468384	0.09882289916276932	0.011966229416429996	0.008856792002916336	0.004973017144948244	0.004589125979691744	0.010830575600266457	0.004480408970266581	0.5266462564468384	0.11468114703893661	0.01761084608733654	0.1924062818288803	0.00413642218336463
171	pride	../Syntropy_Result_Finals/Models/Model_Journal_Tuned10	../Syntropy_Result_Finals/Models/Model_Journal_Tuned10	neutral	0.41112786531448364	0.41112786531448364	0.0363878458738327	0.02133599855005741	0.015182647854089737	0.020848507061600685	0.04022593051195145	0.009661190211772919	0.27307358384132385	0.06315979361534119	0.033582933247089386	0.059496890753507614	0.015916939824819565
16	neutral	../Syntropy_Result_Finals/Models/Model_Journal_Tuned10	../Syntropy_Result_Finals/Models/Model_Journal_Tuned10	excitement	0.596950113773346	0.14904683828353882	0.005855271592736244	0.0038835229352116585	0.0031896329019218683	0.005190670490264893	0.008150906302034855	0.003504446242004633	0.12171892821788788	0.06937163323163986	0.02871311642229557	0.596950113773346	0.00442489655688405
511	nervousness	../Syntropy_Result_Finals/Models/Model_Journal_Tuned10	../Syntropy_Result_Finals/Models/Model_Journal_Tuned10	nervousness	0.5500602126121521	0.06953402608633041	0.5500602126121521	0.07112583518028259	0.02994518168270588	0.06158958747982979	0.08579303324222565	0.027992725372314453	0.022700753062963486	0.01588882878422737	0.01889306679368019	0.017232397571206093	0.029244348406791687
48	nervousness	../Syntropy_Result_Finals/Models/Model_Journal_Tuned10	../Syntropy_Result_Finals/Models/Model_Journal_Tuned10	excitement	0.9390772581100464	0.008574532344937325	0.002245374256744981	0.0018234439194202423	0.0006549818208441138	0.0015756763750687242	0.0030511643271893263	0.0010582682443782687	0.011215190403163433	0.017020203173160553	0.012043031863868237	0.9390772581100464	0.001660871203057468
191	pride	../Syntropy_Result_Finals/Models/Model_Journal_Tuned10	../Syntropy_Result_Finals/Models/Model_Journal_Tuned10	neutral	0.5379946827888489	0.5379946827888489	0.10456528514623642	0.04049017280340195	0.08705751597881317	0.038603171706199646	0.04821891710162163	0.021956177428364754	0.03589191287755966	0.034013502299785614	0.015496620908379555	0.021375177428126335	0.014336856082081795
546	surprise	../Syntropy_Result_Finals/Models/Model_Journal_Tuned10	../Syntropy_Result_Finals/Models/Model_Journal_Tuned10	neutral	0.4154370129108429	0.4154370129108429	0.04748588800430298	0.03711388632655144	0.019344709813594818	0.018752699717879295	0.047576047480106354	0.012693154625594616	0.22597701847553253	0.06049356982111931	0.02460365742444992	0.07513584196567535	0.015386505983769894
515	pride	../Syntropy_Result_Finals/Models/Model_Journal_Tuned10	../Syntropy_Result_Finals/Models/Model_Journal_Tuned10	joy	0.47128477692604065	0.13493499159812927	0.008271688595414162	0.0033293822780251503	0.009186917915940285	0.002674601273611188	0.00626351498067379	0.003257930278778076	0.05751148611307144	0.47128477692604065	0.009659421630203724	0.2909521162509918	0.0026732764672487974
658	pride	../Syntropy_Result_Finals/Models/Model_Journal_Tuned10	../Syntropy_Result_Finals/Models/Model_Journal_Tuned10	excitement	0.29916536808013916	0.27071523666381836	0.021975794807076454	0.00982315931469202	0.006609412841498852	0.009280895814299583	0.02300715632736683	0.005270961206406355	0.2250102013349533	0.09361544996500015	0.02514970861375332	0.29916536808013916	0.010376708582043648
1043	excitement	../Syntropy_Result_Finals/Models/Model_Journal_Tuned10	../Syntropy_Result_Finals/Models/Model_Journal_Tuned10	excitement	0.9002680778503418	0.02029423788189888	0.006841995287686586	0.00433635339140892	0.0016474880976602435	0.0029411357827484608	0.007498851511627436	0.002285173861309886	0.018815599381923676	0.01890007220208645	0.01356134470552206	0.9002680778503418	0.0026097455993294716
828	nervousness	../Syntropy_Result_Finals/Models/Model_Journal_Tuned10	../Syntropy_Result_Finals/Models/Model_Journal_Tuned10	pride	0.6399840116500854	0.05794196575880051	0.0513925664126873	0.03506380319595337	0.0065997387282550335	0.019096357747912407	0.034791480749845505	0.011567519046366215	0.6399840116500854	0.02668784372508526	0.03680048882961273	0.06573557108640671	0.014338674955070019
1019	excitement	../Syntropy_Result_Finals/Models/Model_Journal_Tuned10	../Syntropy_Result_Finals/Models/Model_Journal_Tuned10	excitement	0.8509674668312073	0.03883586451411247	0.008763568475842476	0.00709355715662241	0.0022582688834518194	0.004118139389902353	0.012287665158510208	0.0027873199433088303	0.022350531071424484	0.023171337321400642	0.024521611630916595	0.8509674668312073	0.002844643546268344
1067	neutral	../Syntropy_Result_Finals/Models/Model_Journal_Tuned10	../Syntropy_Result_Finals/Models/Model_Journal_Tuned10	excitement	0.3292582035064697	0.24591940641403198	0.01257870439440012	0.008041204884648323	0.0058534713461995125	0.0043261549435555935	0.016241805627942085	0.0032047133427113295	0.14444395899772644	0.203424870967865	0.020828714594244957	0.3292582035064697	0.005878858733922243
959	neutral	../Syntropy_Result_Finals/Models/Model_Journal_Tuned10	../Syntropy_Result_Finals/Models/Model_Journal_Tuned10	joy	0.3953740894794464	0.23566225171089172	0.015928737819194794	0.0070492904633283615	0.006668789777904749	0.004484726581722498	0.011193499900400639	0.00310585112310946	0.1221468597650528	0.3953740894794464	0.01227077841758728	0.1806257963180542	0.005489427596330643
1198	sadness	../Syntropy_Result_Finals/Models/Model_Journal_Tuned10	../Syntropy_Result_Finals/Models/Model_Journal_Tuned10	embarrassment	0.7512910962104797	0.008628142066299915	0.05386516451835632	0.027158072218298912	0.023338796570897102	0.09966008365154266	0.010170348919928074	0.7512910962104797	0.004245804622769356	0.002823239890858531	0.001971659017726779	0.002563083777204156	0.014284558594226837
283	pride	../Syntropy_Result_Finals/Models/Model_Journal_Tuned10	../Syntropy_Result_Finals/Models/Model_Journal_Tuned10	pride	0.6440804600715637	0.09625289589166641	0.022623904049396515	0.018790101632475853	0.010472821071743965	0.01954674907028675	0.017329920083284378	0.007740838918834925	0.6440804600715637	0.07037512212991714	0.01655895635485649	0.05952921509742737	0.016699081286787987
797	joy	../Syntropy_Result_Finals/Models/Model_Journal_Tuned10	../Syntropy_Result_Finals/Models/Model_Journal_Tuned10	pride	0.4796358346939087	0.04153359308838844	0.015122216194868088	0.008814794942736626	0.0040625836700201035	0.0047142524272203445	0.013986698351800442	0.004245472606271505	0.4796358346939087	0.07726888358592987	0.01849188096821308	0.32795771956443787	0.004166125785559416
225	embarrassment	../Syntropy_Result_Finals/Models/Model_Journal_Tuned10	../Syntropy_Result_Finals/Models/Model_Journal_Tuned10	confusion	0.5009028911590576	0.15470238029956818	0.09462587535381317	0.014757956378161907	0.03824041411280632	0.03038543090224266	0.5009028911590576	0.0877971202135086	0.006530536338686943	0.007075001485645771	0.0432765819132328	0.014809374697506428	0.006896400824189186
26	disgust	../Syntropy_Result_Finals/Models/Model_Journal_Tuned10	../Syntropy_Result_Finals/Models/Model_Journal_Tuned10	nervousness	0.41157057881355286	0.03294387087225914	0.41157057881355286	0.1709260791540146	0.08776459097862244	0.18727371096611023	0.018214723095297813	0.03807828202843666	0.00857849046587944	0.009588117711246014	0.011160019785165787	0.008632751181721687	0.015268746763467789
437	neutral	../Syntropy_Result_Finals/Models/Model_Journal_Tuned10	../Syntropy_Result_Finals/Models/Model_Journal_Tuned10	neutral	0.6533135771751404	0.6533135771751404	0.03925587609410286	0.02206726185977459	0.021351400762796402	0.009618904441595078	0.03829497471451759	0.006546349730342627	0.055046506226062775	0.0641903206706047	0.020785275846719742	0.0562342144548893	0.013295398093760014
1237	neutral	../Syntropy_Result_Finals/Models/Model_Journal_Tuned10	../Syntropy_Result_Finals/Models/Model_Journal_Tuned10	neutral	0.5404921174049377	0.5404921174049377	0.0908871740102768	0.027633385732769966	0.04227782413363457	0.01922280341386795	0.08338132500648499	0.011997774243354797	0.07525566965341568	0.020713482052087784	0.02709922008216381	0.046927355229854584	0.01411194633692503
229	excitement	../Syntropy_Result_Finals/Models/Model_Journal_Tuned10	../Syntropy_Result_Finals/Models/Model_Journal_Tuned10	pride	0.639661431312561	0.06447246670722961	0.013953424990177155	0.008266334421932697	0.004561088513582945	0.006468903739005327	0.011600716039538383	0.005740821827203035	0.639661431312561	0.08033595234155655	0.023108389228582382	0.1374402642250061	0.0043902648612856865
37	neutral	../Syntropy_Result_Finals/Models/Model_Journal_Tuned10	../Syntropy_Result_Finals/Models/Model_Journal_Tuned10	excitement	0.674235463142395	0.07166733592748642	0.011062146164476871	0.0042655556462705135	0.003146817907691002	0.005331026390194893	0.01633797585964203	0.0034688510932028294	0.07563135027885437	0.1030125543475151	0.027832800522446632	0.674235463142395	0.0040080491453409195
749	joy	../Syntropy_Result_Finals/Models/Model_Journal_Tuned10	../Syntropy_Result_Finals/Models/Model_Journal_Tuned10	nervousness	0.3312153220176697	0.24394744634628296	0.3312153220176697	0.1368066668510437	0.05882008373737335	0.045830462127923965	0.04183225706219673	0.01688922382891178	0.047321632504463196	0.020086664706468582	0.025892872363328934	0.019126074388623238	0.012231258675456047
469	joy	../Syntropy_Result_Finals/Models/Model_Journal_Tuned10	../Syntropy_Result_Finals/Models/Model_Journal_Tuned10	joy	0.4037753939628601	0.18537503480911255	0.005158746615052223	0.0022258542012423277	0.00416303426027298	0.002830302808433771	0.006291202735155821	0.003183904103934765	0.043187763541936874	0.4037753939628601	0.01165219210088253	0.32959112524986267	0.002565370174124837
1088	pride	../Syntropy_Result_Finals/Models/Model_Journal_Tuned10	../Syntropy_Result_Finals/Models/Model_Journal_Tuned10	pride	0.8006585240364075	0.028313133865594864	0.019932644441723824	0.011365391314029694	0.0038083307445049286	0.008066793903708458	0.014536314643919468	0.007216962054371834	0.8006585240364075	0.0238531231880188	0.020529745146632195	0.05670357123017311	0.005015490110963583
1251	sadness	../Syntropy_Result_Finals/Models/Model_Journal_Tuned10	../Syntropy_Result_Finals/Models/Model_Journal_Tuned10	nervousness	0.4582105875015259	0.03502192720770836	0.4582105875015259	0.04985510930418968	0.25915268063545227	0.012060110457241535	0.07031141221523285	0.07106873393058777	0.006088995840400457	0.01122524868696928	0.010800107382237911	0.010025451891124249	0.006179668940603733
687	pride	../Syntropy_Result_Finals/Models/Model_Journal_Tuned10	../Syntropy_Result_Finals/Models/Model_Journal_Tuned10	excitement	0.7753840088844299	0.04636508971452713	0.009557307697832584	0.004462075419723988	0.0027859939727932215	0.0038997845258563757	0.011167526245117188	0.002688273321837187	0.08470434695482254	0.027771757915616035	0.027404848486185074	0.7753840088844299	0.0038090499583631754
639	joy	../Syntropy_Result_Finals/Models/Model_Journal_Tuned10	../Syntropy_Result_Finals/Models/Model_Journal_Tuned10	joy	0.4373564124107361	0.11551821231842041	0.005229483358561993	0.002263577189296484	0.003401533467695117	0.00232411059550941	0.004654513671994209	0.002498899819329381	0.05443694442510605	0.4373564124107361	0.009679731912910938	0.3608177900314331	0.0018187920795753598
1102	joy	../Syntropy_Result_Finals/Models/Model_Journal_Tuned10	../Syntropy_Result_Finals/Models/Model_Journal_Tuned10	neutral	0.6885932683944702	0.6885932683944702	0.016482260078191757	0.008477049879729748	0.0098227234557271	0.013937312178313732	0.023142728954553604	0.007743534166365862	0.07006870955228806	0.06669623404741287	0.019011665135622025	0.06850968301296234	0.007514765951782465
1063	pride	../Syntropy_Result_Finals/Models/Model_Journal_Tuned10	../Syntropy_Result_Finals/Models/Model_Journal_Tuned10	pride	0.39702823758125305	0.23798352479934692	0.061018891632556915	0.07457316666841507	0.025234106928110123	0.027504853904247284	0.036197055131196976	0.011193126440048218	0.39702823758125305	0.042138587683439255	0.023778405040502548	0.03819018602371216	0.025159843266010284
1235	joy	../Syntropy_Result_Finals/Models/Model_Journal_Tuned10	../Syntropy_Result_Finals/Models/Model_Journal_Tuned10	joy	0.616012454032898	0.06084856763482094	0.005576496012508869	0.002367486245930195	0.004163044039160013	0.002329077571630478	0.0062364754267036915	0.003029418410733342	0.024463683366775513	0.616012454032898	0.007739288732409477	0.2653696835041046	0.0018643656512722373
800	joy	../Syntropy_Result_Finals/Models/Model_Journal_Tuned10	../Syntropy_Result_Finals/Models/Model_Journal_Tuned10	excitement	0.32542091608047485	0.21694272756576538	0.01015525870025158	0.0042841131798923016	0.006985933054238558	0.004905606620013714	0.010136960074305534	0.006399150937795639	0.07831798493862152	0.3161102533340454	0.017295990139245987	0.32542091608047485	0.003045101882889867
160	disgust	../Syntropy_Result_Finals/Models/Model_Journal_Tuned10	../Syntropy_Result_Finals/Models/Model_Journal_Tuned10	nervousness	0.5406455993652344	0.06784676015377045	0.5406455993652344	0.10557285696268082	0.06366552412509918	0.033372215926647186	0.05216071754693985	0.020802807062864304	0.03354600816965103	0.01648055389523506	0.01900836080312729	0.022855298593640327	0.024043360725045204
956	pride	../Syntropy_Result_Finals/Models/Model_Journal_Tuned10	../Syntropy_Result_Finals/Models/Model_Journal_Tuned10	excitement	0.6298344731330872	0.06253185123205185	0.016504846513271332	0.009946242906153202	0.0038348666857928038	0.005427158437669277	0.022380217909812927	0.004022521898150444	0.16244152188301086	0.04321582242846489	0.03461422398686409	0.6298344731330872	0.005246252752840519
821	pride	../Syntropy_Result_Finals/Models/Model_Journal_Tuned10	../Syntropy_Result_Finals/Models/Model_Journal_Tuned10	pride	0.5155975818634033	0.11167038232088089	0.0688822939991951	0.052023205906152725	0.013049599714577198	0.04568037390708923	0.03916530683636665	0.01378023810684681	0.5155975818634033	0.036691755056381226	0.03218129649758339	0.034250326454639435	0.03702763840556145
1081	joy	../Syntropy_Result_Finals/Models/Model_Journal_Tuned10	../Syntropy_Result_Finals/Models/Model_Journal_Tuned10	neutral	0.5744479298591614	0.5744479298591614	0.01067229826003313	0.004740229342132807	0.006736260373145342	0.009938746690750122	0.017903612926602364	0.005172483157366514	0.057527780532836914	0.1578136533498764	0.019766785204410553	0.12914635241031647	0.006133923307061195
877	nervousness	../Syntropy_Result_Finals/Models/Model_Journal_Tuned10	../Syntropy_Result_Finals/Models/Model_Journal_Tuned10	neutral	0.6738705635070801	0.6738705635070801	0.04271826148033142	0.03275478631258011	0.00796557404100895	0.020220430567860603	0.06584101170301437	0.007721440866589546	0.04481303319334984	0.022883018478751183	0.024509651586413383	0.0447564497590065	0.011945830658078194
913	pride	../Syntropy_Result_Finals/Models/Model_Journal_Tuned10	../Syntropy_Result_Finals/Models/Model_Journal_Tuned10	pride	0.6943515539169312	0.09686935693025589	0.02213887684047222	0.017488926649093628	0.010146304033696651	0.0154571533203125	0.016082188114523888	0.007029539905488491	0.6943515539169312	0.04510584473609924	0.017387215048074722	0.04720006883144379	0.01074301265180111
152	excitement	../Syntropy_Result_Finals/Models/Model_Journal_Tuned10	../Syntropy_Result_Finals/Models/Model_Journal_Tuned10	excitement	0.801930844783783	0.05131330341100693	0.006032658275216818	0.00402282876893878	0.003206050954759121	0.0029854667373001575	0.008161356672644615	0.00396207720041275	0.042353253811597824	0.05645782873034477	0.017007261514663696	0.801930844783783	0.0025670919567346573
1163	pride	../Syntropy_Result_Finals/Models/Model_Journal_Tuned10	../Syntropy_Result_Finals/Models/Model_Journal_Tuned10	excitement	0.6621968150138855	0.0869118720293045	0.013920987024903297	0.009182975627481937	0.004059001337736845	0.008013713173568249	0.025571130216121674	0.004193995147943497	0.10997671633958817	0.025886019691824913	0.0414099246263504	0.6621968150138855	0.008676889352500439
509	pride	../Syntropy_Result_Finals/Models/Model_Journal_Tuned10	../Syntropy_Result_Finals/Models/Model_Journal_Tuned10	neutral	0.3894282877445221	0.3894282877445221	0.03670889511704445	0.02047480270266533	0.011218775063753128	0.016022086143493652	0.029351606965065002	0.007444459013640881	0.22719451785087585	0.0880400761961937	0.02685944177210331	0.13536138832569122	0.011895622126758099
1068	pride	../Syntropy_Result_Finals/Models/Model_Journal_Tuned10	../Syntropy_Result_Finals/Models/Model_Journal_Tuned10	neutral	0.6404988169670105	0.6404988169670105	0.01878015324473381	0.012504619546234608	0.010006486438214779	0.017306897789239883	0.018520081415772438	0.005857824347913265	0.11669626832008362	0.05992136895656586	0.0166009534150362	0.06862727552652359	0.014679253101348877
103	joy	../Syntropy_Result_Finals/Models/Model_Journal_Tuned10	../Syntropy_Result_Finals/Models/Model_Journal_Tuned10	excitement	0.3464183211326599	0.2393428087234497	0.009701325558125973	0.0050201150588691235	0.0031119498889893293	0.008956755511462688	0.012405160814523697	0.005387973040342331	0.125402569770813	0.20735697448253632	0.03098997287452221	0.3464183211326599	0.005906009115278721
586	neutral	../Syntropy_Result_Finals/Models/Model_Journal_Tuned10	../Syntropy_Result_Finals/Models/Model_Journal_Tuned10	neutral	0.6921297907829285	0.6921297907829285	0.01940843276679516	0.0074328212067484856	0.004976250231266022	0.007530937436968088	0.017477229237556458	0.00444389320909977	0.04408366605639458	0.08836638927459717	0.009727436117827892	0.0935613140463829	0.010861803777515888
1272	neutral	../Syntropy_Result_Finals/Models/Model_Journal_Tuned10	../Syntropy_Result_Finals/Models/Model_Journal_Tuned10	neutral	0.37865152955055237	0.37865152955055237	0.011850985698401928	0.004037713166326284	0.008511140011250973	0.006258114241063595	0.01838606595993042	0.007875689305365086	0.033437419682741165	0.26247549057006836	0.023967549204826355	0.24017316102981567	0.004375265911221504
53	neutral	../Syntropy_Result_Finals/Models/Model_Journal_Tuned10	../Syntropy_Result_Finals/Models/Model_Journal_Tuned10	excitement	0.7359815835952759	0.02513035386800766	0.0025708512403070927	0.0017557601677253842	0.0014219392323866487	0.002013836521655321	0.004458718933165073	0.0021472147200256586	0.02427443489432335	0.18330098688602448	0.01515138428658247	0.7359815835952759	0.0017929831519722939
151	joy	../Syntropy_Result_Finals/Models/Model_Journal_Tuned10	../Syntropy_Result_Finals/Models/Model_Journal_Tuned10	neutral	0.5010343790054321	0.5010343790054321	0.05901864543557167	0.08326639980077744	0.043773550540208817	0.06501637399196625	0.05132940784096718	0.011635735630989075	0.0819912701845169	0.01887962967157364	0.01577933505177498	0.016738200560212135	0.051537081599235535
403	anger	../Syntropy_Result_Finals/Models/Model_Journal_Tuned10	../Syntropy_Result_Finals/Models/Model_Journal_Tuned10	nervousness	0.7108870148658752	0.016273830085992813	0.7108870148658752	0.17266018688678741	0.014773573726415634	0.009617611765861511	0.015162941068410873	0.00752198975533247	0.014162592589855194	0.014741702936589718	0.00784989446401596	0.010700210928916931	0.005648520775139332
207	joy	../Syntropy_Result_Finals/Models/Model_Journal_Tuned10	../Syntropy_Result_Finals/Models/Model_Journal_Tuned10	neutral	0.4352738857269287	0.4352738857269287	0.012827537022531033	0.009485730901360512	0.004377995617687702	0.007451434154063463	0.03165731579065323	0.004480598960071802	0.15868033468723297	0.04831512272357941	0.051678065210580826	0.22736728191375732	0.00840468518435955
1204	neutral	../Syntropy_Result_Finals/Models/Model_Journal_Tuned10	../Syntropy_Result_Finals/Models/Model_Journal_Tuned10	joy	0.3007274568080902	0.10782645642757416	0.007272650022059679	0.006624946836382151	0.008405983448028564	0.0028513562865555286	0.009122694842517376	0.0032181967981159687	0.2596372663974762	0.3007274568080902	0.010924403555691242	0.2789154350757599	0.004473106004297733
8	pride	../Syntropy_Result_Finals/Models/Model_Journal_Tuned10	../Syntropy_Result_Finals/Models/Model_Journal_Tuned10	neutral	0.6850028038024902	0.6850028038024902	0.03265794739127159	0.010658479295670986	0.023426169529557228	0.034434158354997635	0.026366377249360085	0.010426709428429604	0.04520431160926819	0.03917940706014633	0.01718222349882126	0.05865238606929779	0.016808945685625076
1014	confusion	../Syntropy_Result_Finals/Models/Model_Journal_Tuned10	../Syntropy_Result_Finals/Models/Model_Journal_Tuned10	nervousness	0.44711610674858093	0.05877676606178284	0.44711610674858093	0.16002735495567322	0.06097035109996796	0.05044376850128174	0.08269022405147552	0.019746558740735054	0.01980489119887352	0.01949494332075119	0.017162472009658813	0.02011026069521904	0.04365629702806473
1060	joy	../Syntropy_Result_Finals/Models/Model_Journal_Tuned10	../Syntropy_Result_Finals/Models/Model_Journal_Tuned10	excitement	0.7138895392417908	0.052530523389577866	0.00710783526301384	0.0044418866746127605	0.002697500865906477	0.005800305400043726	0.014959728345274925	0.004798507317900658	0.04456629976630211	0.0894441232085228	0.05706099048256874	0.7138895392417908	0.0027027511969208717
452	joy	../Syntropy_Result_Finals/Models/Model_Journal_Tuned10	../Syntropy_Result_Finals/Models/Model_Journal_Tuned10	neutral	0.35276201367378235	0.35276201367378235	0.016605449840426445	0.00875311903655529	0.006126574706286192	0.012012102641165257	0.020714398473501205	0.005072283558547497	0.1511050909757614	0.09149825572967529	0.031185977160930634	0.29569169878959656	0.008473092690110207
253	joy	../Syntropy_Result_Finals/Models/Model_Journal_Tuned10	../Syntropy_Result_Finals/Models/Model_Journal_Tuned10	excitement	0.34896090626716614	0.1799096018075943	0.013882499188184738	0.0043523600324988365	0.004766882862895727	0.004811955150216818	0.018102670088410378	0.005762213841080666	0.10824143141508102	0.28989583253860474	0.017790988087654114	0.34896090626716614	0.003522629151120782
896	excitement	../Syntropy_Result_Finals/Models/Model_Journal_Tuned10	../Syntropy_Result_Finals/Models/Model_Journal_Tuned10	pride	0.596291720867157	0.16683614253997803	0.019318459555506706	0.014635654166340828	0.015454323031008244	0.008561654947698116	0.013776672072708607	0.006170317064970732	0.596291720867157	0.07855480909347534	0.014930281788110733	0.05772683396935463	0.00774301728233695
1113	joy	../Syntropy_Result_Finals/Models/Model_Journal_Tuned10	../Syntropy_Result_Finals/Models/Model_Journal_Tuned10	joy	0.45500633120536804	0.12502384185791016	0.019530141726136208	0.01733292080461979	0.0076467678882181644	0.0033739088103175163	0.010783351957798004	0.0033611285034567118	0.13964536786079407	0.45500633120536804	0.012295665219426155	0.20153246819972992	0.00446802843362093
880	pride	../Syntropy_Result_Finals/Models/Model_Journal_Tuned10	../Syntropy_Result_Finals/Models/Model_Journal_Tuned10	neutral	0.6570157408714294	0.6570157408714294	0.006800719071179628	0.004843098111450672	0.00258237705565989	0.006025800947099924	0.11833483725786209	0.005827985238283873	0.016960138455033302	0.02421160787343979	0.07825760543346405	0.07431482523679733	0.0048251827247440815
1202	pride	../Syntropy_Result_Finals/Models/Model_Journal_Tuned10	../Syntropy_Result_Finals/Models/Model_Journal_Tuned10	neutral	0.39715567231178284	0.39715567231178284	0.062240101397037506	0.038301412016153336	0.025054657831788063	0.03829425200819969	0.03472283482551575	0.011834749951958656	0.22877736389636993	0.04167787358164787	0.027588997036218643	0.05839874967932701	0.035953339189291
623	disgust	../Syntropy_Result_Finals/Models/Model_Journal_Tuned10	../Syntropy_Result_Finals/Models/Model_Journal_Tuned10	disgust	0.9234744310379028	0.011519559659063816	0.0061293793842196465	0.023591138422489166	0.001635903143323958	0.9234744310379028	0.0021766512654721737	0.006918303668498993	0.0028602455276995897	0.0017722760094329715	0.004232100676745176	0.001656620646826923	0.01403336226940155
345	joy	../Syntropy_Result_Finals/Models/Model_Journal_Tuned10	../Syntropy_Result_Finals/Models/Model_Journal_Tuned10	joy	0.4031350016593933	0.23588964343070984	0.009631958790123463	0.0028367233462631702	0.007420865818858147	0.005201607011258602	0.01107821986079216	0.005735705140978098	0.054566290229558945	0.4031350016593933	0.015892496332526207	0.24496690928936005	0.0036446680314838886
1094	neutral	../Syntropy_Result_Finals/Models/Model_Journal_Tuned10	../Syntropy_Result_Finals/Models/Model_Journal_Tuned10	neutral	0.6616544127464294	0.6616544127464294	0.06796702742576599	0.01592332497239113	0.05922478809952736	0.01621302030980587	0.031395550817251205	0.012846219353377819	0.029128389433026314	0.04595283046364784	0.014623487368226051	0.03498313948512077	0.010087753646075726
262	excitement	../Syntropy_Result_Finals/Models/Model_Journal_Tuned10	../Syntropy_Result_Finals/Models/Model_Journal_Tuned10	excitement	0.4320152997970581	0.12835852801799774	0.004434050526469946	0.0026499242521822453	0.004149347543716431	0.0023797473404556513	0.00602186331525445	0.002418397692963481	0.05448047071695328	0.34796142578125	0.01225966028869152	0.4320152997970581	0.0028713680803775787
150	neutral	../Syntropy_Result_Finals/Models/Model_Journal_Tuned10	../Syntropy_Result_Finals/Models/Model_Journal_Tuned10	neutral	0.3457149267196655	0.3457149267196655	0.005107395350933075	0.002832388738170266	0.007060409057885408	0.003347386373206973	0.006305140443146229	0.0041574775241315365	0.03668387234210968	0.23915432393550873	0.008446408435702324	0.3374287784099579	0.0037616065237671137
472	joy	../Syntropy_Result_Finals/Models/Model_Journal_Tuned10	../Syntropy_Result_Finals/Models/Model_Journal_Tuned10	neutral	0.5997302532196045	0.5997302532196045	0.02495342493057251	0.010064574889838696	0.01736176572740078	0.01300718728452921	0.022186381742358208	0.007515135686844587	0.07188788801431656	0.06704654544591904	0.018521705642342567	0.1408304125070572	0.006894848775118589
640	pride	../Syntropy_Result_Finals/Models/Model_Journal_Tuned10	../Syntropy_Result_Finals/Models/Model_Journal_Tuned10	pride	0.463485449552536	0.12266217917203903	0.02155120298266411	0.011024185456335545	0.006519388407468796	0.008374965749680996	0.020220136269927025	0.0059919655323028564	0.463485449552536	0.06170807406306267	0.04138762876391411	0.2305656224489212	0.006509202998131514
1261	neutral	../Syntropy_Result_Finals/Models/Model_Journal_Tuned10	../Syntropy_Result_Finals/Models/Model_Journal_Tuned10	neutral	0.3852744996547699	0.3852744996547699	0.02450757846236229	0.022802067920565605	0.019379669800400734	0.012778276577591896	0.023198014125227928	0.005547430831938982	0.34012067317962646	0.07231160253286362	0.014792458154261112	0.05575037747621536	0.023537391796708107
1199	excitement	../Syntropy_Result_Finals/Models/Model_Journal_Tuned10	../Syntropy_Result_Finals/Models/Model_Journal_Tuned10	excitement	0.5475269556045532	0.17195050418376923	0.006026277784258127	0.0035794591531157494	0.005613456945866346	0.004002987872809172	0.007849344052374363	0.0038019204512238503	0.0631365031003952	0.15373408794403076	0.030147459357976913	0.5475269556045532	0.0026311399415135384
550	sadness	../Syntropy_Result_Finals/Models/Model_Journal_Tuned10	../Syntropy_Result_Finals/Models/Model_Journal_Tuned10	neutral	0.29246336221694946	0.29246336221694946	0.1470872014760971	0.07367810606956482	0.24552862346172333	0.02921205572783947	0.10534968227148056	0.0283055417239666	0.022298701107501984	0.012165293097496033	0.008865559473633766	0.010045813396573067	0.025000113993883133
928	joy	../Syntropy_Result_Finals/Models/Model_Journal_Tuned10	../Syntropy_Result_Finals/Models/Model_Journal_Tuned10	neutral	0.5379617810249329	0.5379617810249329	0.004791796673089266	0.0021406738087534904	0.004212209023535252	0.002993450965732336	0.007917986251413822	0.0034519496839493513	0.036110855638980865	0.26745307445526123	0.006242220290005207	0.12441737949848175	0.002306707203388214
488	nervousness	../Syntropy_Result_Finals/Models/Model_Journal_Tuned10	../Syntropy_Result_Finals/Models/Model_Journal_Tuned10	neutral	0.47060900926589966	0.47060900926589966	0.034691307693719864	0.0409882627427578	0.008840357884764671	0.02722746878862381	0.060744814574718475	0.009198306128382683	0.12375298142433167	0.02679417096078396	0.05139562115073204	0.12205145508050919	0.02370629459619522
1147	anger	../Syntropy_Result_Finals/Models/Model_Journal_Tuned10	../Syntropy_Result_Finals/Models/Model_Journal_Tuned10	nervousness	0.562604546546936	0.042684927582740784	0.562604546546936	0.11338350921869278	0.08522619307041168	0.018021967262029648	0.05165396258234978	0.06419412046670914	0.012689752504229546	0.01245139166712761	0.014803684316575527	0.013453646562993526	0.008832323364913464
146	neutral	../Syntropy_Result_Finals/Models/Model_Journal_Tuned10	../Syntropy_Result_Finals/Models/Model_Journal_Tuned10	neutral	0.6609281301498413	0.6609281301498413	0.012624690309166908	0.008012456819415092	0.00621988857164979	0.009227263741195202	0.01784638501703739	0.005299156066030264	0.11712954193353653	0.046082984656095505	0.020050501450896263	0.08954993635416031	0.007029030937701464
402	joy	../Syntropy_Result_Finals/Models/Model_Journal_Tuned10	../Syntropy_Result_Finals/Models/Model_Journal_Tuned10	excitement	0.7822471857070923	0.019667580723762512	0.0038408783730119467	0.0023674240801483393	0.002795406151562929	0.001577640068717301	0.015469606034457684	0.0030854674987494946	0.02364569902420044	0.06991348415613174	0.07291809469461441	0.7822471857070923	0.0024714795872569084
954	pride	../Syntropy_Result_Finals/Models/Model_Journal_Tuned10	../Syntropy_Result_Finals/Models/Model_Journal_Tuned10	pride	0.8585245013237	0.024136213585734367	0.014603538438677788	0.008526735007762909	0.0037860616575926542	0.00813574343919754	0.013332690112292767	0.008216985501348972	0.8585245013237	0.01585329696536064	0.014471725560724735	0.025627130642533302	0.00478545343503356
1194	confusion	../Syntropy_Result_Finals/Models/Model_Journal_Tuned10	../Syntropy_Result_Finals/Models/Model_Journal_Tuned10	nervousness	0.19992360472679138	0.1288796216249466	0.19992360472679138	0.19357168674468994	0.04439005255699158	0.03606834262609482	0.08949719369411469	0.12697499990463257	0.02029769867658615	0.044324178248643875	0.047859519720077515	0.06130961328744888	0.006903422065079212
659	joy	../Syntropy_Result_Finals/Models/Model_Journal_Tuned10	../Syntropy_Result_Finals/Models/Model_Journal_Tuned10	neutral	0.5116141438484192	0.5116141438484192	0.023353252559900284	0.01974143274128437	0.07495652884244919	0.0075068906880915165	0.04669514670968056	0.01728433184325695	0.03060106188058853	0.13613653182983398	0.02951699122786522	0.09601715952157974	0.0065765040926635265
463	joy	../Syntropy_Result_Finals/Models/Model_Journal_Tuned10	../Syntropy_Result_Finals/Models/Model_Journal_Tuned10	joy	0.40776142477989197	0.22700542211532593	0.007408901117742062	0.0026975071523338556	0.006557033862918615	0.003923678305000067	0.007724611554294825	0.005861420650035143	0.05823931097984314	0.40776142477989197	0.016672827303409576	0.2536684274673462	0.0024794426281005144
186	surprise	../Syntropy_Result_Finals/Models/Model_Journal_Tuned10	../Syntropy_Result_Finals/Models/Model_Journal_Tuned10	pride	0.288082093000412	0.17731252312660217	0.02926490269601345	0.013707272708415985	0.006474208552390337	0.012006530538201332	0.040298979729413986	0.006773837376385927	0.288082093000412	0.05657254531979561	0.08973529934883118	0.2708720862865448	0.008899732492864132
608	joy	../Syntropy_Result_Finals/Models/Model_Journal_Tuned10	../Syntropy_Result_Finals/Models/Model_Journal_Tuned10	neutral	0.3928912580013275	0.3928912580013275	0.014331559650599957	0.008415705524384975	0.0058126733638346195	0.011242524720728397	0.015630781650543213	0.0056406049989163876	0.17946889996528625	0.132064089179039	0.02939482033252716	0.19799084961414337	0.007116289809346199
143	joy	../Syntropy_Result_Finals/Models/Model_Journal_Tuned10	../Syntropy_Result_Finals/Models/Model_Journal_Tuned10	neutral	0.664667546749115	0.664667546749115	0.037849005311727524	0.01779204048216343	0.04885164648294449	0.019802842289209366	0.021716102957725525	0.008399921469390392	0.08452221751213074	0.03992464393377304	0.018955713137984276	0.028941160067915916	0.008577108383178711
751	joy	../Syntropy_Result_Finals/Models/Model_Journal_Tuned10	../Syntropy_Result_Finals/Models/Model_Journal_Tuned10	pride	0.4493790566921234	0.1474236100912094	0.031503282487392426	0.017146922647953033	0.009054239839315414	0.011267893947660923	0.015024195425212383	0.005355258472263813	0.4493790566921234	0.17643217742443085	0.01613071747124195	0.11120672523975372	0.010075903497636318
981	joy	../Syntropy_Result_Finals/Models/Model_Journal_Tuned10	../Syntropy_Result_Finals/Models/Model_Journal_Tuned10	neutral	0.4057769775390625	0.4057769775390625	0.01206008717417717	0.008252553641796112	0.00764370895922184	0.006785727571696043	0.013204116374254227	0.0033042733557522297	0.20898321270942688	0.1828269362449646	0.009898984804749489	0.1290351003408432	0.012228365987539291
197	joy	../Syntropy_Result_Finals/Models/Model_Journal_Tuned10	../Syntropy_Result_Finals/Models/Model_Journal_Tuned10	excitement	0.5279578566551208	0.12189727276563644	0.00925428420305252	0.007061253767460585	0.007067276630550623	0.0020762067288160324	0.01168065145611763	0.002405171049758792	0.09108316153287888	0.1906595677137375	0.02648903615772724	0.5279578566551208	0.0023681679740548134
883	pride	../Syntropy_Result_Finals/Models/Model_Journal_Tuned10	../Syntropy_Result_Finals/Models/Model_Journal_Tuned10	joy	0.30067452788352966	0.29262810945510864	0.04360919073224068	0.01574951596558094	0.041899774223566055	0.006499272305518389	0.013490714132785797	0.00623132660984993	0.08124765008687973	0.30067452788352966	0.016168057918548584	0.17813469469547272	0.0036670949775725603
279	excitement	../Syntropy_Result_Finals/Models/Model_Journal_Tuned10	../Syntropy_Result_Finals/Models/Model_Journal_Tuned10	neutral	0.401477187871933	0.401477187871933	0.012130063027143478	0.007604449987411499	0.006916954182088375	0.010991096496582031	0.011525883339345455	0.005282379221171141	0.09573275595903397	0.12610210478305817	0.0298194270581007	0.28430184721946716	0.008115881122648716
293	excitement	../Syntropy_Result_Finals/Models/Model_Journal_Tuned10	../Syntropy_Result_Finals/Models/Model_Journal_Tuned10	joy	0.37741971015930176	0.2995258569717407	0.026586301624774933	0.007599208503961563	0.014896538108587265	0.004946375731378794	0.014568936079740524	0.0057716043666005135	0.05280435457825661	0.37741971015930176	0.014271650463342667	0.17759408056735992	0.004015396814793348
1155	pride	../Syntropy_Result_Finals/Models/Model_Journal_Tuned10	../Syntropy_Result_Finals/Models/Model_Journal_Tuned10	excitement	0.5239947438240051	0.10981149226427078	0.020313527435064316	0.010586902499198914	0.004189557395875454	0.009161658585071564	0.02547459863126278	0.0046404879540205	0.20988938212394714	0.03727133572101593	0.035986047238111496	0.5239947438240051	0.008680199272930622
400	joy	../Syntropy_Result_Finals/Models/Model_Journal_Tuned10	../Syntropy_Result_Finals/Models/Model_Journal_Tuned10	pride	0.46147608757019043	0.07619008421897888	0.022612012922763824	0.015097050927579403	0.005180045962333679	0.009549831971526146	0.024293923750519753	0.007774668280035257	0.46147608757019043	0.06794152408838272	0.04350314289331436	0.26028144359588623	0.006100233644247055
122	excitement	../Syntropy_Result_Finals/Models/Model_Journal_Tuned10	../Syntropy_Result_Finals/Models/Model_Journal_Tuned10	joy	0.3757297396659851	0.1292065680027008	0.01259131170809269	0.009326554834842682	0.009256362915039062	0.004044299013912678	0.009533988311886787	0.003688321216031909	0.31794050335884094	0.3757297396659851	0.007378760259598494	0.11566377431154251	0.005639814306050539
202	excitement	../Syntropy_Result_Finals/Models/Model_Journal_Tuned10	../Syntropy_Result_Finals/Models/Model_Journal_Tuned10	excitement	0.6277717351913452	0.07994645088911057	0.004269725177437067	0.002314241835847497	0.002813793020322919	0.002237901324406266	0.006354256067425013	0.0019781559240072966	0.04815426096320152	0.20924291014671326	0.012389336712658405	0.6277717351913452	0.002527244621887803
835	excitement	../Syntropy_Result_Finals/Models/Model_Journal_Tuned10	../Syntropy_Result_Finals/Models/Model_Journal_Tuned10	excitement	0.6244639754295349	0.03120788000524044	0.004704042803496122	0.0024286606349051	0.0022787018679082394	0.0034246407449245453	0.01201864518225193	0.00468300050124526	0.02528703399002552	0.1343422383069992	0.1527462899684906	0.6244639754295349	0.002414847258478403
246	excitement	../Syntropy_Result_Finals/Models/Model_Journal_Tuned10	../Syntropy_Result_Finals/Models/Model_Journal_Tuned10	excitement	0.3076903223991394	0.29978910088539124	0.018813299015164375	0.008032957091927528	0.011463230475783348	0.014796443283557892	0.02682936191558838	0.012313530780375004	0.028989985585212708	0.21746915578842163	0.04880943521857262	0.3076903223991394	0.005003152880817652
1209	excitement	../Syntropy_Result_Finals/Models/Model_Journal_Tuned10	../Syntropy_Result_Finals/Models/Model_Journal_Tuned10	excitement	0.9184132218360901	0.012660554610192776	0.002926293294876814	0.0021971126552671194	0.0010137907229363918	0.001359315705485642	0.003352913772687316	0.0012088770745322108	0.021197989583015442	0.02468479983508587	0.008978581055998802	0.9184132218360901	0.0020065288990736008
1197	neutral	../Syntropy_Result_Finals/Models/Model_Journal_Tuned10	../Syntropy_Result_Finals/Models/Model_Journal_Tuned10	neutral	0.3285543620586395	0.3285543620586395	0.07801174372434616	0.12380323559045792	0.11347251385450363	0.010599751956760883	0.2271880954504013	0.011739511042833328	0.024643002077937126	0.014736896380782127	0.031131522729992867	0.018964841961860657	0.017154471948742867
384	excitement	../Syntropy_Result_Finals/Models/Model_Journal_Tuned10	../Syntropy_Result_Finals/Models/Model_Journal_Tuned10	excitement	0.5886654257774353	0.07451870292425156	0.008040054701268673	0.003983624279499054	0.003205136861652136	0.002674186835065484	0.009834842756390572	0.0031086085364222527	0.04961029067635536	0.24115203320980072	0.01181861013174057	0.5886654257774353	0.003388546872884035
854	joy	../Syntropy_Result_Finals/Models/Model_Journal_Tuned10	../Syntropy_Result_Finals/Models/Model_Journal_Tuned10	excitement	0.5307528376579285	0.13994204998016357	0.008716358803212643	0.007788081653416157	0.005411949940025806	0.00492246076464653	0.013569812290370464	0.006442651618272066	0.10703747719526291	0.11954230815172195	0.05182313174009323	0.5307528376579285	0.004050901625305414
219	neutral	../Syntropy_Result_Finals/Models/Model_Journal_Tuned10	../Syntropy_Result_Finals/Models/Model_Journal_Tuned10	joy	0.4743845760822296	0.1935703009366989	0.012860774993896484	0.004825795069336891	0.0077887349762022495	0.003611064748838544	0.008360186591744423	0.003312615444883704	0.06448543816804886	0.4743845760822296	0.011057743802666664	0.21214768290519714	0.0035950196906924248
641	fear	../Syntropy_Result_Finals/Models/Model_Journal_Tuned10	../Syntropy_Result_Finals/Models/Model_Journal_Tuned10	nervousness	0.4199124574661255	0.11079813539981842	0.4199124574661255	0.12314716726541519	0.10758668929338455	0.04205578565597534	0.07528799772262573	0.021998215466737747	0.022358344867825508	0.018063049763441086	0.012883853167295456	0.016511380672454834	0.02939683385193348
1	neutral	../Syntropy_Result_Finals/Models/Model_Journal_Tuned10	../Syntropy_Result_Finals/Models/Model_Journal_Tuned10	neutral	0.5435416102409363	0.5435416102409363	0.03736979886889458	0.029191480949521065	0.008296685293316841	0.016049567610025406	0.038150448352098465	0.005797399207949638	0.13600482046604156	0.05381004884839058	0.020235877484083176	0.08619856089353561	0.025353703647851944
112	joy	../Syntropy_Result_Finals/Models/Model_Journal_Tuned10	../Syntropy_Result_Finals/Models/Model_Journal_Tuned10	neutral	0.3273208439350128	0.3273208439350128	0.06917288154363632	0.03639419004321098	0.04879200458526611	0.011854009702801704	0.02160065807402134	0.017403505742549896	0.055882684886455536	0.0906640812754631	0.04089358448982239	0.2753380537033081	0.004683509469032288
698	pride	../Syntropy_Result_Finals/Models/Model_Journal_Tuned10	../Syntropy_Result_Finals/Models/Model_Journal_Tuned10	excitement	0.5982271432876587	0.03677070513367653	0.003883939702063799	0.0019437690498307347	0.004033802542835474	0.0014755669981241226	0.003722341498360038	0.0030789535958319902	0.024994399398565292	0.3106997311115265	0.00961601547896862	0.5982271432876587	0.0015536335995420814
1216	excitement	../Syntropy_Result_Finals/Models/Model_Journal_Tuned10	../Syntropy_Result_Finals/Models/Model_Journal_Tuned10	neutral	0.42161521315574646	0.42161521315574646	0.020319180563092232	0.00874033197760582	0.01314325351268053	0.014257964678108692	0.026850733906030655	0.01500580832362175	0.08973575383424759	0.24692492187023163	0.021027235314249992	0.11557011306285858	0.0068094152957201
951	pride	../Syntropy_Result_Finals/Models/Model_Journal_Tuned10	../Syntropy_Result_Finals/Models/Model_Journal_Tuned10	neutral	0.29050004482269287	0.29050004482269287	0.03245173394680023	0.01421824749559164	0.009385609067976475	0.016933899372816086	0.03247103467583656	0.007432966958731413	0.19031551480293274	0.06970535218715668	0.04281015321612358	0.2803006172180176	0.013474834151566029
1145	excitement	../Syntropy_Result_Finals/Models/Model_Journal_Tuned10	../Syntropy_Result_Finals/Models/Model_Journal_Tuned10	pride	0.33080780506134033	0.1809602528810501	0.030062705278396606	0.013549257069826126	0.008267232216894627	0.01217885222285986	0.032414261251688004	0.009551393799483776	0.33080780506134033	0.04115159437060356	0.06261678785085678	0.2688334882259369	0.009606446139514446
441	pride	../Syntropy_Result_Finals/Models/Model_Journal_Tuned10	../Syntropy_Result_Finals/Models/Model_Journal_Tuned10	nervousness	0.28378310799598694	0.2658292353153229	0.28378310799598694	0.05861756578087807	0.10778440535068512	0.06458240002393723	0.06313738971948624	0.027730543166399002	0.05830356106162071	0.027676858007907867	0.011886028572916985	0.014787035062909126	0.015881890431046486
663	surprise	../Syntropy_Result_Finals/Models/Model_Journal_Tuned10	../Syntropy_Result_Finals/Models/Model_Journal_Tuned10	neutral	0.4699183702468872	0.4699183702468872	0.0331910066306591	0.023956574499607086	0.009174143895506859	0.019831053912639618	0.052862778306007385	0.008103681728243828	0.20883700251579285	0.04493184760212898	0.023236596956849098	0.0871390849351883	0.018817810341715813
1182	confusion	../Syntropy_Result_Finals/Models/Model_Journal_Tuned10	../Syntropy_Result_Finals/Models/Model_Journal_Tuned10	neutral	0.9144055843353271	0.9144055843353271	0.006442912854254246	0.003432332305237651	0.016838524490594864	0.009686870500445366	0.023082096129655838	0.004775277804583311	0.0035768451634794474	0.004337203223258257	0.004824775271117687	0.0032096654176712036	0.005387941841036081
317	confusion	../Syntropy_Result_Finals/Models/Model_Journal_Tuned10	../Syntropy_Result_Finals/Models/Model_Journal_Tuned10	nervousness	0.7420570254325867	0.01038800086826086	0.7420570254325867	0.14936695992946625	0.011186947114765644	0.011550527065992355	0.028057536110281944	0.010420302860438824	0.007155898027122021	0.009090349078178406	0.010928389616310596	0.007438902277499437	0.0023592065554112196
648	joy	../Syntropy_Result_Finals/Models/Model_Journal_Tuned10	../Syntropy_Result_Finals/Models/Model_Journal_Tuned10	neutral	0.5694406628608704	0.5694406628608704	0.009228359907865524	0.007669257931411266	0.00749818654730916	0.026036452502012253	0.04224582016468048	0.012528016231954098	0.02606056071817875	0.08856704086065292	0.08185048401355743	0.11313570290803909	0.015739470720291138
709	anger	../Syntropy_Result_Finals/Models/Model_Journal_Tuned10	../Syntropy_Result_Finals/Models/Model_Journal_Tuned10	fear	0.3413069546222687	0.0564860999584198	0.28419238328933716	0.3413069546222687	0.13980895280838013	0.08376890420913696	0.023774681612849236	0.029988141730427742	0.008256671018898487	0.006980366073548794	0.009708493016660213	0.006972112692892551	0.00875626690685749
972	pride	../Syntropy_Result_Finals/Models/Model_Journal_Tuned10	../Syntropy_Result_Finals/Models/Model_Journal_Tuned10	excitement	0.4087907373905182	0.22017735242843628	0.01076267659664154	0.009487227536737919	0.0075438725762069225	0.013952034525573254	0.03273731470108032	0.010679272003471851	0.042491961270570755	0.04760662466287613	0.1873827427625656	0.4087907373905182	0.008388246409595013
627	pride	../Syntropy_Result_Finals/Models/Model_Journal_Tuned10	../Syntropy_Result_Finals/Models/Model_Journal_Tuned10	excitement	0.6048772931098938	0.13474686443805695	0.009301772341132164	0.005334080662578344	0.003322809934616089	0.005160495638847351	0.017783354967832565	0.00429861294105649	0.0736066922545433	0.10649759322404861	0.0299636572599411	0.6048772931098938	0.00510686170309782
632	excitement	../Syntropy_Result_Finals/Models/Model_Journal_Tuned10	../Syntropy_Result_Finals/Models/Model_Journal_Tuned10	excitement	0.6839206218719482	0.03388534113764763	0.0045703197829425335	0.003494387725368142	0.0018319376977160573	0.004028927534818649	0.005570936016738415	0.0026617662515491247	0.04770622402429581	0.1970314085483551	0.012666157446801662	0.6839206218719482	0.0026319781318306923
1241	anger	../Syntropy_Result_Finals/Models/Model_Journal_Tuned10	../Syntropy_Result_Finals/Models/Model_Journal_Tuned10	nervousness	0.3121853172779083	0.19795867800712585	0.3121853172779083	0.08062921464443207	0.06107668951153755	0.08874569088220596	0.04314826428890228	0.020880229771137238	0.0431029386818409	0.023793088272213936	0.017444109544157982	0.02515171654522419	0.08588406443595886
1173	joy	../Syntropy_Result_Finals/Models/Model_Journal_Tuned10	../Syntropy_Result_Finals/Models/Model_Journal_Tuned10	excitement	0.43606626987457275	0.1260126531124115	0.005218652542680502	0.003847117768600583	0.0045037949457764626	0.002023030072450638	0.008857510052621365	0.0029331569094210863	0.14257824420928955	0.25061696767807007	0.013715366832911968	0.43606626987457275	0.00362729886546731
795	neutral	../Syntropy_Result_Finals/Models/Model_Journal_Tuned10	../Syntropy_Result_Finals/Models/Model_Journal_Tuned10	excitement	0.43649864196777344	0.1285666674375534	0.0092308996245265	0.005103507544845343	0.0033954065293073654	0.005302421748638153	0.008484757505357265	0.003184493165463209	0.10068602859973907	0.28128567337989807	0.014162775129079819	0.43649864196777344	0.004098714794963598
645	surprise	../Syntropy_Result_Finals/Models/Model_Journal_Tuned10	../Syntropy_Result_Finals/Models/Model_Journal_Tuned10	excitement	0.6120444536209106	0.033372391015291214	0.00680465018376708	0.0047540622763335705	0.0031117303296923637	0.005384333897382021	0.012401387095451355	0.005207955837249756	0.054570648819208145	0.1162416934967041	0.14351490139961243	0.6120444536209106	0.0025917908642441034
1012	nervousness	../Syntropy_Result_Finals/Models/Model_Journal_Tuned10	../Syntropy_Result_Finals/Models/Model_Journal_Tuned10	neutral	0.41877612471580505	0.41877612471580505	0.07863381505012512	0.031405724585056305	0.02545849047601223	0.041616033762693405	0.042228881269693375	0.009786121547222137	0.16696248948574066	0.06016256660223007	0.026458457112312317	0.061565157026052475	0.03694630041718483
556	joy	../Syntropy_Result_Finals/Models/Model_Journal_Tuned10	../Syntropy_Result_Finals/Models/Model_Journal_Tuned10	pride	0.2879975438117981	0.20465725660324097	0.010758002288639545	0.011017926037311554	0.008407202549278736	0.004249418154358864	0.010965535417199135	0.002891734940931201	0.2879975438117981	0.17887315154075623	0.013084436766803265	0.2607194781303406	0.00637843506410718
681	joy	../Syntropy_Result_Finals/Models/Model_Journal_Tuned10	../Syntropy_Result_Finals/Models/Model_Journal_Tuned10	excitement	0.5248619318008423	0.06897496432065964	0.005645518656820059	0.00291995145380497	0.007671393919736147	0.001984682632610202	0.005416762549430132	0.0035326748620718718	0.04514862224459648	0.32281744480133057	0.008966438472270966	0.5248619318008423	0.002059586113318801
577	pride	../Syntropy_Result_Finals/Models/Model_Journal_Tuned10	../Syntropy_Result_Finals/Models/Model_Journal_Tuned10	excitement	0.47171682119369507	0.08981751650571823	0.009526990354061127	0.004575628787279129	0.0040878611616790295	0.003259708173573017	0.00776627566665411	0.00312856025993824	0.1026029959321022	0.2902212142944336	0.010510136373341084	0.47171682119369507	0.0027863315772265196
1109	joy	../Syntropy_Result_Finals/Models/Model_Journal_Tuned10	../Syntropy_Result_Finals/Models/Model_Journal_Tuned10	excitement	0.6691068410873413	0.10906095057725906	0.005277923308312893	0.002516247099265456	0.002042236505076289	0.0030873087234795094	0.01541331596672535	0.0035113710910081863	0.028462935239076614	0.14066670835018158	0.01754741743206978	0.6691068410873413	0.0033066722098737955
524	nervousness	../Syntropy_Result_Finals/Models/Model_Journal_Tuned10	../Syntropy_Result_Finals/Models/Model_Journal_Tuned10	nervousness	0.7324705123901367	0.019981272518634796	0.7324705123901367	0.05473664402961731	0.00838074553757906	0.00846284069120884	0.04143690690398216	0.025499863550066948	0.01677759550511837	0.024437736719846725	0.016522454097867012	0.04740741476416588	0.003886096179485321
1059	neutral	../Syntropy_Result_Finals/Models/Model_Journal_Tuned10	../Syntropy_Result_Finals/Models/Model_Journal_Tuned10	excitement	0.6557298302650452	0.08121030777692795	0.004782501608133316	0.003078576410189271	0.0027003383729606867	0.001750634633935988	0.007378770504146814	0.0018776527140289545	0.06449269503355026	0.16018889844417572	0.014515998773276806	0.6557298302650452	0.002293802797794342
540	nervousness	../Syntropy_Result_Finals/Models/Model_Journal_Tuned10	../Syntropy_Result_Finals/Models/Model_Journal_Tuned10	fear	0.6349579095840454	0.015668543055653572	0.23470480740070343	0.6349579095840454	0.021691415458917618	0.017495298758149147	0.017576206475496292	0.01236710138618946	0.011016382835805416	0.012894762679934502	0.010157616809010506	0.007985634729266167	0.003484346205368638
748	neutral	../Syntropy_Result_Finals/Models/Model_Journal_Tuned10	../Syntropy_Result_Finals/Models/Model_Journal_Tuned10	neutral	0.43588995933532715	0.43588995933532715	0.047651130706071854	0.016292978078126907	0.01738174445927143	0.007109340745955706	0.020317010581493378	0.007684493437409401	0.08012057840824127	0.1604340374469757	0.01468485314399004	0.18697118759155273	0.005462613422423601
1176	embarrassment	../Syntropy_Result_Finals/Models/Model_Journal_Tuned10	../Syntropy_Result_Finals/Models/Model_Journal_Tuned10	nervousness	0.566170334815979	0.05819425731897354	0.566170334815979	0.07341562211513519	0.16457393765449524	0.018029024824500084	0.03856129199266434	0.03157740458846092	0.014222987927496433	0.012102833949029446	0.009473146870732307	0.007928671315312386	0.005750460084527731
484	pride	../Syntropy_Result_Finals/Models/Model_Journal_Tuned10	../Syntropy_Result_Finals/Models/Model_Journal_Tuned10	pride	0.33124199509620667	0.09669378399848938	0.009385533630847931	0.006817638874053955	0.005613472778350115	0.0030281259678304195	0.009977670386433601	0.0039129313081502914	0.33124199509620667	0.23825892806053162	0.032491255551576614	0.2588013708591461	0.0037772529758512974
95	pride	../Syntropy_Result_Finals/Models/Model_Journal_Tuned10	../Syntropy_Result_Finals/Models/Model_Journal_Tuned10	excitement	0.5889338850975037	0.06040420010685921	0.008391138166189194	0.004656593780964613	0.002662967424839735	0.0058243959210813046	0.015543894842267036	0.005303547251969576	0.0875130221247673	0.07973720878362656	0.13757427036762238	0.5889338850975037	0.003454795340076089
1020	neutral	../Syntropy_Result_Finals/Models/Model_Journal_Tuned10	../Syntropy_Result_Finals/Models/Model_Journal_Tuned10	joy	0.5466101169586182	0.07900958508253098	0.004462821874767542	0.0026698089204728603	0.0027799243107438087	0.0023343386128544807	0.007179785519838333	0.0026828539557754993	0.04452205449342728	0.5466101169586182	0.007045943755656481	0.297762006521225	0.0029407753609120846
563	neutral	../Syntropy_Result_Finals/Models/Model_Journal_Tuned10	../Syntropy_Result_Finals/Models/Model_Journal_Tuned10	excitement	0.4966861605644226	0.09362978488206863	0.005939014256000519	0.0029179053381085396	0.005767400376498699	0.0018590970430523157	0.006829709745943546	0.003627542871981859	0.09794188290834427	0.27063798904418945	0.012232488952577114	0.4966861605644226	0.0019310747738927603
742	surprise	../Syntropy_Result_Finals/Models/Model_Journal_Tuned10	../Syntropy_Result_Finals/Models/Model_Journal_Tuned10	excitement	0.2673048973083496	0.2632758319377899	0.021574167534708977	0.011890683323144913	0.008497538976371288	0.006630518473684788	0.019472191110253334	0.00520304823294282	0.16435880959033966	0.1827523112297058	0.04259740188717842	0.2673048973083496	0.006442608777433634
863	joy	../Syntropy_Result_Finals/Models/Model_Journal_Tuned10	../Syntropy_Result_Finals/Models/Model_Journal_Tuned10	neutral	0.4073523283004761	0.4073523283004761	0.02036585658788681	0.008425659500062466	0.01214445661753416	0.00938760582357645	0.020418498665094376	0.008344948291778564	0.19715933501720428	0.1566258817911148	0.025777336210012436	0.12792712450027466	0.006070994772017002
891	joy	../Syntropy_Result_Finals/Models/Model_Journal_Tuned10	../Syntropy_Result_Finals/Models/Model_Journal_Tuned10	neutral	0.5638445019721985	0.5638445019721985	0.12191444635391235	0.029756417497992516	0.07664425671100616	0.027774956077337265	0.03969757258892059	0.013545040041208267	0.042135756462812424	0.03735712170600891	0.016045328229665756	0.016887757927179337	0.014396785758435726
1038	neutral	../Syntropy_Result_Finals/Models/Model_Journal_Tuned10	../Syntropy_Result_Finals/Models/Model_Journal_Tuned10	neutral	0.4037742018699646	0.4037742018699646	0.05214381590485573	0.010883931070566177	0.04604122042655945	0.014702090062201023	0.039497654885053635	0.011646081693470478	0.06558669358491898	0.19150236248970032	0.014642355963587761	0.139136403799057	0.010443169623613358
206	neutral	../Syntropy_Result_Finals/Models/Model_Journal_Tuned10	../Syntropy_Result_Finals/Models/Model_Journal_Tuned10	joy	0.39049604535102844	0.09034552425146103	0.005332722794264555	0.0034383784513920546	0.00523564126342535	0.002070873510092497	0.007023489102721214	0.00277022086083889	0.09698279947042465	0.39049604535102844	0.00956103578209877	0.3836900293827057	0.0030531769152730703
392	embarrassment	../Syntropy_Result_Finals/Models/Model_Journal_Tuned10	../Syntropy_Result_Finals/Models/Model_Journal_Tuned10	disgust	0.6454015374183655	0.09352977573871613	0.04601726308465004	0.04633169621229172	0.027845045551657677	0.6454015374183655	0.021423369646072388	0.043841563165187836	0.006834815256297588	0.007928626611828804	0.018517423421144485	0.008629445917904377	0.03369938209652901
794	joy	../Syntropy_Result_Finals/Models/Model_Journal_Tuned10	../Syntropy_Result_Finals/Models/Model_Journal_Tuned10	joy	0.4298838973045349	0.14593841135501862	0.009681394323706627	0.005353826563805342	0.007488707080483437	0.0027788812294602394	0.006215705070644617	0.002751845633611083	0.16877934336662292	0.4298838973045349	0.009946698322892189	0.20798146724700928	0.0031998150516301394
870	pride	../Syntropy_Result_Finals/Models/Model_Journal_Tuned10	../Syntropy_Result_Finals/Models/Model_Journal_Tuned10	excitement	0.4235697090625763	0.07545880228281021	0.006866831798106432	0.004091367125511169	0.0034233490005135536	0.003788187401369214	0.008326910436153412	0.004142183810472488	0.12051752209663391	0.33419060707092285	0.012755611911416054	0.4235697090625763	0.002868918003514409
397	sadness	../Syntropy_Result_Finals/Models/Model_Journal_Tuned10	../Syntropy_Result_Finals/Models/Model_Journal_Tuned10	fear	0.20878206193447113	0.0837211012840271	0.18887066841125488	0.20878206193447113	0.13485518097877502	0.18842428922653198	0.059597548097372055	0.0493118017911911	0.010008495301008224	0.008137889206409454	0.0068213846534490585	0.005818020086735487	0.05565153434872627
766	excitement	../Syntropy_Result_Finals/Models/Model_Journal_Tuned10	../Syntropy_Result_Finals/Models/Model_Journal_Tuned10	neutral	0.31980374455451965	0.31980374455451965	0.050091348588466644	0.03017817623913288	0.015355011448264122	0.02881648950278759	0.030804112553596497	0.010855009779334068	0.2515101134777069	0.038513120263814926	0.03415049612522125	0.15760789811611176	0.03231442719697952
1166	pride	../Syntropy_Result_Finals/Models/Model_Journal_Tuned10	../Syntropy_Result_Finals/Models/Model_Journal_Tuned10	pride	0.8260530233383179	0.026824435219168663	0.017915867269039154	0.010127829387784004	0.004036723170429468	0.008924422785639763	0.012443575076758862	0.007223252207040787	0.8260530233383179	0.02510342374444008	0.017601056024432182	0.039059363305568695	0.0046870168298482895
1028	joy	../Syntropy_Result_Finals/Models/Model_Journal_Tuned10	../Syntropy_Result_Finals/Models/Model_Journal_Tuned10	neutral	0.42566338181495667	0.42566338181495667	0.0038403489161282778	0.002499230904504657	0.00583353778347373	0.00361796747893095	0.006165864411741495	0.004715603776276112	0.03376755490899086	0.31433042883872986	0.00841545220464468	0.18759918212890625	0.0035514291375875473
642	neutral	../Syntropy_Result_Finals/Models/Model_Journal_Tuned10	../Syntropy_Result_Finals/Models/Model_Journal_Tuned10	neutral	0.584739625453949	0.584739625453949	0.0395304411649704	0.019199980422854424	0.018396900966763496	0.024530557915568352	0.03314242139458656	0.009972053579986095	0.10453291237354279	0.034006837755441666	0.02881983481347561	0.08082190901041031	0.022306442260742188
612	joy	../Syntropy_Result_Finals/Models/Model_Journal_Tuned10	../Syntropy_Result_Finals/Models/Model_Journal_Tuned10	excitement	0.444148987531662	0.14355045557022095	0.006701323669403791	0.002560382941737771	0.005373537540435791	0.0021406656596809626	0.007649678271263838	0.0023642191663384438	0.046146210283041	0.3225715160369873	0.014724421314895153	0.444148987531662	0.0020685908384621143
960	neutral	../Syntropy_Result_Finals/Models/Model_Journal_Tuned10	../Syntropy_Result_Finals/Models/Model_Journal_Tuned10	excitement	0.39185354113578796	0.2872079014778137	0.03519328683614731	0.013168910518288612	0.01289649773389101	0.011119543574750423	0.04019854962825775	0.007394419517368078	0.045902930200099945	0.09793644398450851	0.05231042578816414	0.39185354113578796	0.00481761246919632
725	pride	../Syntropy_Result_Finals/Models/Model_Journal_Tuned10	../Syntropy_Result_Finals/Models/Model_Journal_Tuned10	pride	0.8073613047599792	0.033439550548791885	0.025441821664571762	0.01829180307686329	0.005089599173516035	0.014218403957784176	0.01437612995505333	0.008821708150207996	0.8073613047599792	0.018373196944594383	0.01975095085799694	0.027022650465369225	0.007812920957803726
683	neutral	../Syntropy_Result_Finals/Models/Model_Journal_Tuned10	../Syntropy_Result_Finals/Models/Model_Journal_Tuned10	nervousness	0.29856157302856445	0.23296771943569183	0.29856157302856445	0.055320415645837784	0.0716995969414711	0.09127651154994965	0.08716225624084473	0.040122196078300476	0.03998541086912155	0.016187520697712898	0.02120859920978546	0.016803978011012077	0.028704266995191574
98	pride	../Syntropy_Result_Finals/Models/Model_Journal_Tuned10	../Syntropy_Result_Finals/Models/Model_Journal_Tuned10	pride	0.7327556014060974	0.05024966970086098	0.02144254744052887	0.01224678847938776	0.005000955890864134	0.012540255673229694	0.023311007767915726	0.007849857211112976	0.7327556014060974	0.029289772734045982	0.022050637751817703	0.07514525204896927	0.008117631077766418
804	neutral	../Syntropy_Result_Finals/Models/Model_Journal_Tuned10	../Syntropy_Result_Finals/Models/Model_Journal_Tuned10	neutral	0.4797610342502594	0.4797610342502594	0.022251687943935394	0.009542757645249367	0.021325865760445595	0.01905180886387825	0.027597984299063683	0.017383377999067307	0.0468253418803215	0.22937645018100739	0.026932647451758385	0.0895712748169899	0.010379821062088013
406	pride	../Syntropy_Result_Finals/Models/Model_Journal_Tuned10	../Syntropy_Result_Finals/Models/Model_Journal_Tuned10	pride	0.836110532283783	0.02211289294064045	0.019095992669463158	0.013229425996541977	0.00399650726467371	0.008462727069854736	0.0112635912373662	0.006822939496487379	0.836110532283783	0.021733133122324944	0.015433430671691895	0.03696461766958237	0.004774312488734722
502	pride	../Syntropy_Result_Finals/Models/Model_Journal_Tuned10	../Syntropy_Result_Finals/Models/Model_Journal_Tuned10	pride	0.4082739055156708	0.1508195847272873	0.01431531086564064	0.009330816566944122	0.005791011732071638	0.009432385675609112	0.020191671326756477	0.0062081050127744675	0.4082739055156708	0.06687212735414505	0.04769450053572655	0.2538876533508301	0.007182911969721317
1071	joy	../Syntropy_Result_Finals/Models/Model_Journal_Tuned10	../Syntropy_Result_Finals/Models/Model_Journal_Tuned10	joy	0.4651274085044861	0.1111692413687706	0.006122625898569822	0.0036635363940149546	0.010343043133616447	0.0017571463249623775	0.009899570606648922	0.0038788740057498217	0.04689277336001396	0.4651274085044861	0.009557174518704414	0.3298083543777466	0.0017802570946514606
1056	excitement	../Syntropy_Result_Finals/Models/Model_Journal_Tuned10	../Syntropy_Result_Finals/Models/Model_Journal_Tuned10	excitement	0.28848668932914734	0.2507018744945526	0.0134021807461977	0.007004475686699152	0.006624153815209866	0.00683966651558876	0.018393727019429207	0.00730079086497426	0.20631085336208344	0.1622697114944458	0.02646905556321144	0.28848668932914734	0.0061967745423316956
929	neutral	../Syntropy_Result_Finals/Models/Model_Journal_Tuned10	../Syntropy_Result_Finals/Models/Model_Journal_Tuned10	joy	0.3775360584259033	0.3658997714519501	0.02196638658642769	0.008125384338200092	0.012115046381950378	0.006782534532248974	0.014973165467381477	0.0069486345164477825	0.047343574464321136	0.3775360584259033	0.016437914222478867	0.11806601285934448	0.003805548185482621
779	excitement	../Syntropy_Result_Finals/Models/Model_Journal_Tuned10	../Syntropy_Result_Finals/Models/Model_Journal_Tuned10	excitement	0.47444748878479004	0.2922382056713104	0.007542653474956751	0.005040832795202732	0.00211524311453104	0.0038317593280225992	0.013319840654730797	0.0028834540862590075	0.07129203528165817	0.0979616641998291	0.02442230097949505	0.47444748878479004	0.004904443863779306
200	excitement	../Syntropy_Result_Finals/Models/Model_Journal_Tuned10	../Syntropy_Result_Finals/Models/Model_Journal_Tuned10	neutral	0.40273505449295044	0.40273505449295044	0.015080236829817295	0.004297047387808561	0.020642129704356194	0.007072083652019501	0.013835505582392216	0.00789452251046896	0.04870246723294258	0.29761749505996704	0.01165950670838356	0.16576538980007172	0.004698633216321468
134	joy	../Syntropy_Result_Finals/Models/Model_Journal_Tuned10	../Syntropy_Result_Finals/Models/Model_Journal_Tuned10	pride	0.3209000527858734	0.2611045241355896	0.02150529995560646	0.015431656502187252	0.02115614339709282	0.008099609054625034	0.01518525555729866	0.007123188581317663	0.3209000527858734	0.15801385045051575	0.012860621325671673	0.14817121624946594	0.010448453947901726
1051	pride	../Syntropy_Result_Finals/Models/Model_Journal_Tuned10	../Syntropy_Result_Finals/Models/Model_Journal_Tuned10	neutral	0.4844927489757538	0.4844927489757538	0.02598266303539276	0.010344957001507282	0.008314329199492931	0.009902667254209518	0.02877420373260975	0.005064808297902346	0.1776239275932312	0.06954725831747055	0.027447691187262535	0.14366506040096283	0.008839708752930164
40	neutral	../Syntropy_Result_Finals/Models/Model_Journal_Tuned10	../Syntropy_Result_Finals/Models/Model_Journal_Tuned10	pride	0.4816005229949951	0.1638810783624649	0.04910761117935181	0.02690049633383751	0.010094128549098969	0.03245627507567406	0.03625635430216789	0.0094498535618186	0.4816005229949951	0.052186548709869385	0.025510797277092934	0.08538634330034256	0.027170002460479736
1017	neutral	../Syntropy_Result_Finals/Models/Model_Journal_Tuned10	../Syntropy_Result_Finals/Models/Model_Journal_Tuned10	joy	0.3259952664375305	0.14511467516422272	0.008630919270217419	0.006208356004208326	0.011402107775211334	0.002773559419438243	0.012050160206854343	0.003634367836639285	0.24957047402858734	0.3259952664375305	0.01386694423854351	0.2168900966644287	0.003863072255626321
230	neutral	../Syntropy_Result_Finals/Models/Model_Journal_Tuned10	../Syntropy_Result_Finals/Models/Model_Journal_Tuned10	neutral	0.42956140637397766	0.42956140637397766	0.02248702198266983	0.017312319949269295	0.020817574113607407	0.013901849277317524	0.02461223490536213	0.006106249056756496	0.16406671702861786	0.07884173095226288	0.023125795647501945	0.1805144101381302	0.018652701750397682
378	nervousness	../Syntropy_Result_Finals/Models/Model_Journal_Tuned10	../Syntropy_Result_Finals/Models/Model_Journal_Tuned10	pride	0.4761948585510254	0.09144369512796402	0.03542498126626015	0.017251906916499138	0.007635301444679499	0.0150754414498806	0.033791426569223404	0.009325051680207253	0.4761948585510254	0.03728528693318367	0.04238739609718323	0.21962670981884003	0.01455795019865036
288	joy	../Syntropy_Result_Finals/Models/Model_Journal_Tuned10	../Syntropy_Result_Finals/Models/Model_Journal_Tuned10	neutral	0.5777289271354675	0.5777289271354675	0.018811935558915138	0.008134715259075165	0.004924188368022442	0.010256178677082062	0.019453207030892372	0.0050220731645822525	0.12022551149129868	0.12450210005044937	0.011154843494296074	0.0852644219994545	0.01452189777046442
418	surprise	../Syntropy_Result_Finals/Models/Model_Journal_Tuned10	../Syntropy_Result_Finals/Models/Model_Journal_Tuned10	neutral	0.565136730670929	0.565136730670929	0.025721769779920578	0.01587756723165512	0.009692776016891003	0.012694716453552246	0.052744802087545395	0.005235306918621063	0.10847938060760498	0.04364558681845665	0.039621833711862564	0.11220477521419525	0.008944710716605186
391	surprise	../Syntropy_Result_Finals/Models/Model_Journal_Tuned10	../Syntropy_Result_Finals/Models/Model_Journal_Tuned10	excitement	0.5432167649269104	0.10119888931512833	0.018162189051508904	0.00852990336716175	0.0037708464078605175	0.00806423556059599	0.01841186359524727	0.005418431479483843	0.16579478979110718	0.08912617713212967	0.0335056446492672	0.5432167649269104	0.004800345283001661
592	surprise	../Syntropy_Result_Finals/Models/Model_Journal_Tuned10	../Syntropy_Result_Finals/Models/Model_Journal_Tuned10	surprise	0.5643206238746643	0.020099781453609467	0.010966732166707516	0.044718630611896515	0.003688052063807845	0.03185589611530304	0.017516927793622017	0.010198078118264675	0.008969572372734547	0.014709620736539364	0.5643206238746643	0.26331228017807007	0.009643809869885445
1162	joy	../Syntropy_Result_Finals/Models/Model_Journal_Tuned10	../Syntropy_Result_Finals/Models/Model_Journal_Tuned10	excitement	0.45441868901252747	0.1242547556757927	0.020125307142734528	0.008839518763124943	0.006295142695307732	0.007137958891689777	0.026706436648964882	0.006125671789050102	0.22333765029907227	0.07309436798095703	0.04406986013054848	0.45441868901252747	0.005594657734036446
1086	joy	../Syntropy_Result_Finals/Models/Model_Journal_Tuned10	../Syntropy_Result_Finals/Models/Model_Journal_Tuned10	excitement	0.31210193037986755	0.218709796667099	0.027579251676797867	0.015175338834524155	0.00791122019290924	0.009309444576501846	0.027364198118448257	0.005065049510449171	0.26166775822639465	0.0737556591629982	0.03276769816875458	0.31210193037986755	0.008592627942562103
647	excitement	../Syntropy_Result_Finals/Models/Model_Journal_Tuned10	../Syntropy_Result_Finals/Models/Model_Journal_Tuned10	excitement	0.47046777606010437	0.0384984128177166	0.023033535107970238	0.011069972068071365	0.0035833443980664015	0.008783507160842419	0.018092133104801178	0.004908503033220768	0.34047582745552063	0.03453214094042778	0.0388076975941658	0.47046777606010437	0.007747175637632608
1152	excitement	../Syntropy_Result_Finals/Models/Model_Journal_Tuned10	../Syntropy_Result_Finals/Models/Model_Journal_Tuned10	neutral	0.3503391742706299	0.3503391742706299	0.017919644713401794	0.004747666884213686	0.00990094430744648	0.005025599617511034	0.03490277752280235	0.005585749167948961	0.1303858458995819	0.21108171343803406	0.03368321433663368	0.19252298772335052	0.0039047154132276773
520	neutral	../Syntropy_Result_Finals/Models/Model_Journal_Tuned10	../Syntropy_Result_Finals/Models/Model_Journal_Tuned10	pride	0.4657636880874634	0.2833571434020996	0.026047982275485992	0.025560732930898666	0.017990218475461006	0.014824749901890755	0.0357549674808979	0.008586004376411438	0.4657636880874634	0.03754318132996559	0.020042572170495987	0.03712185099720955	0.02740686573088169
64	neutral	../Syntropy_Result_Finals/Models/Model_Journal_Tuned10	../Syntropy_Result_Finals/Models/Model_Journal_Tuned10	neutral	0.7910489439964294	0.7910489439964294	0.015010925009846687	0.004469477105885744	0.01864401251077652	0.00507234875112772	0.014630421064794064	0.00543659133836627	0.040183812379837036	0.06323190778493881	0.0067616417072713375	0.03236403688788414	0.0031458802986890078
14	excitement	../Syntropy_Result_Finals/Models/Model_Journal_Tuned10	../Syntropy_Result_Finals/Models/Model_Journal_Tuned10	pride	0.34322649240493774	0.23970305919647217	0.02568170614540577	0.015609399415552616	0.007695684675127268	0.01354883797466755	0.030734091997146606	0.006899179890751839	0.34322649240493774	0.051256950944662094	0.0469701923429966	0.20520983636379242	0.013464576564729214
1180	excitement	../Syntropy_Result_Finals/Models/Model_Journal_Tuned10	../Syntropy_Result_Finals/Models/Model_Journal_Tuned10	neutral	0.336929589509964	0.336929589509964	0.014908242039382458	0.012278738431632519	0.005143137648701668	0.010694283992052078	0.034011729061603546	0.007107066456228495	0.1425052434206009	0.08184761554002762	0.040522873401641846	0.3059139847755432	0.008137458004057407
1064	surprise	../Syntropy_Result_Finals/Models/Model_Journal_Tuned10	../Syntropy_Result_Finals/Models/Model_Journal_Tuned10	neutral	0.7078909277915955	0.7078909277915955	0.013831891119480133	0.011259767226874828	0.009768112562596798	0.007150106132030487	0.0334940142929554	0.006058654747903347	0.049469996243715286	0.02874084934592247	0.022273525595664978	0.10052627325057983	0.00953592173755169
492	joy	../Syntropy_Result_Finals/Models/Model_Journal_Tuned10	../Syntropy_Result_Finals/Models/Model_Journal_Tuned10	joy	0.5042432546615601	0.08941546827554703	0.003970447927713394	0.0019925618544220924	0.003301842836663127	0.00309706199914217	0.006219508592039347	0.0035848943516612053	0.033062104135751724	0.5042432546615601	0.013394865207374096	0.33534467220306396	0.0023733796551823616
379	pride	../Syntropy_Result_Finals/Models/Model_Journal_Tuned10	../Syntropy_Result_Finals/Models/Model_Journal_Tuned10	pride	0.31516000628471375	0.2217482179403305	0.04650753363966942	0.029516413807868958	0.009012432768940926	0.016905467957258224	0.03447870910167694	0.0076495688408613205	0.31516000628471375	0.059744127094745636	0.042001873254776	0.2042059600353241	0.013069726526737213
187	excitement	../Syntropy_Result_Finals/Models/Model_Journal_Tuned10	../Syntropy_Result_Finals/Models/Model_Journal_Tuned10	excitement	0.7326144576072693	0.049297917634248734	0.0042216358706355095	0.0024028602056205273	0.0019806900527328253	0.0027021944988518953	0.006869897712022066	0.00317391031421721	0.03161751106381416	0.14732946455478668	0.01584704779088497	0.7326144576072693	0.0019425033824518323
763	neutral	../Syntropy_Result_Finals/Models/Model_Journal_Tuned10	../Syntropy_Result_Finals/Models/Model_Journal_Tuned10	excitement	0.4208409786224365	0.13048243522644043	0.0047034346498548985	0.0023207685444504023	0.004033052362501621	0.0020082383416593075	0.0055800313130021095	0.0023474209010601044	0.03550540283322334	0.37995240092277527	0.0100840600207448	0.4208409786224365	0.0021417613606899977
216	joy	../Syntropy_Result_Finals/Models/Model_Journal_Tuned10	../Syntropy_Result_Finals/Models/Model_Journal_Tuned10	neutral	0.2971629798412323	0.2971629798412323	0.01608046144247055	0.006878025829792023	0.005847322754561901	0.005402734968811274	0.01793888956308365	0.0034897851292043924	0.2343769669532776	0.14353615045547485	0.018565434962511063	0.2439035177230835	0.006817677523940802
791	neutral	../Syntropy_Result_Finals/Models/Model_Journal_Tuned10	../Syntropy_Result_Finals/Models/Model_Journal_Tuned10	neutral	0.42176488041877747	0.42176488041877747	0.025576120242476463	0.012591793201863766	0.005463064182549715	0.007916906848549843	0.020175881683826447	0.004913123324513435	0.10726755857467651	0.1600910723209381	0.03050117753446102	0.19700941443443298	0.006728879641741514
1076	joy	../Syntropy_Result_Finals/Models/Model_Journal_Tuned10	../Syntropy_Result_Finals/Models/Model_Journal_Tuned10	neutral	0.44157177209854126	0.44157177209854126	0.018605519086122513	0.006680910009890795	0.015547490678727627	0.006716339848935604	0.017693711444735527	0.009887483902275562	0.14525482058525085	0.1844177395105362	0.021074332296848297	0.12853284180164337	0.00401698425412178
878	anger	../Syntropy_Result_Finals/Models/Model_Journal_Tuned10	../Syntropy_Result_Finals/Models/Model_Journal_Tuned10	neutral	0.7528135776519775	0.7528135776519775	0.018914740532636642	0.0055071222595870495	0.02731802687048912	0.008495963178575039	0.020214978605508804	0.008245095610618591	0.019752109423279762	0.0639905333518982	0.020146258175373077	0.04914933443069458	0.005452204495668411
337	pride	../Syntropy_Result_Finals/Models/Model_Journal_Tuned10	../Syntropy_Result_Finals/Models/Model_Journal_Tuned10	excitement	0.5758405327796936	0.07380492985248566	0.018749382346868515	0.0068494477309286594	0.003389662131667137	0.005300713237375021	0.029998254030942917	0.00397935276851058	0.0817030519247055	0.048596978187561035	0.1474457085132599	0.5758405327796936	0.004341989755630493
719	excitement	../Syntropy_Result_Finals/Models/Model_Journal_Tuned10	../Syntropy_Result_Finals/Models/Model_Journal_Tuned10	excitement	0.7066506743431091	0.03273731470108032	0.01075789425522089	0.008831224404275417	0.0021750296000391245	0.004082434345036745	0.014593563042581081	0.0032671152148395777	0.10001330822706223	0.05348080396652222	0.05972101539373398	0.7066506743431091	0.0036896353121846914
295	pride	../Syntropy_Result_Finals/Models/Model_Journal_Tuned10	../Syntropy_Result_Finals/Models/Model_Journal_Tuned10	pride	0.8544101119041443	0.02176113799214363	0.016888145357370377	0.010695569217205048	0.004168852232396603	0.010095158591866493	0.01174923311918974	0.008153884671628475	0.8544101119041443	0.017830343917012215	0.014809679239988327	0.025051390752196312	0.004386483691632748
1016	neutral	../Syntropy_Result_Finals/Models/Model_Journal_Tuned10	../Syntropy_Result_Finals/Models/Model_Journal_Tuned10	excitement	0.6237791776657104	0.1362660974264145	0.00855601392686367	0.00455331988632679	0.00329357641749084	0.005068103317171335	0.013255581259727478	0.003878450719639659	0.06746646016836166	0.11058107763528824	0.019976962357759476	0.6237791776657104	0.003325179684907198
455	disgust	../Syntropy_Result_Finals/Models/Model_Journal_Tuned10	../Syntropy_Result_Finals/Models/Model_Journal_Tuned10	disgust	0.5914007425308228	0.05771348252892494	0.011942391283810139	0.01561391819268465	0.018448689952492714	0.5914007425308228	0.005798068828880787	0.012644126079976559	0.010348227806389332	0.0035303207114338875	0.005390956532210112	0.004145295824855566	0.2630237936973572
815	joy	../Syntropy_Result_Finals/Models/Model_Journal_Tuned10	../Syntropy_Result_Finals/Models/Model_Journal_Tuned10	excitement	0.4917186498641968	0.20637603104114532	0.006767706014215946	0.0036776280030608177	0.006603037007153034	0.004239280708134174	0.017803369089961052	0.007668135222047567	0.06130487844347954	0.11636204272508621	0.0744900107383728	0.4917186498641968	0.0029891901649534702
269	joy	../Syntropy_Result_Finals/Models/Model_Journal_Tuned10	../Syntropy_Result_Finals/Models/Model_Journal_Tuned10	neutral	0.49492934346199036	0.49492934346199036	0.028879696503281593	0.02768724597990513	0.013384126126766205	0.04087057337164879	0.027981000021100044	0.009670081548392773	0.04237205907702446	0.09277531504631042	0.02783289924263954	0.16343264281749725	0.030185090377926826
995	neutral	../Syntropy_Result_Finals/Models/Model_Journal_Tuned10	../Syntropy_Result_Finals/Models/Model_Journal_Tuned10	excitement	0.37005966901779175	0.24813233315944672	0.013001606799662113	0.005759787745773792	0.004435794893652201	0.005185702815651894	0.011740384623408318	0.0037011574022471905	0.17526204884052277	0.1381501704454422	0.02059653401374817	0.37005966901779175	0.003974842838943005
201	neutral	../Syntropy_Result_Finals/Models/Model_Journal_Tuned10	../Syntropy_Result_Finals/Models/Model_Journal_Tuned10	nervousness	0.5898751020431519	0.06328701227903366	0.5898751020431519	0.09562130272388458	0.01354843657463789	0.03233269974589348	0.05793217197060585	0.01701485551893711	0.03501381352543831	0.023353874683380127	0.02041521668434143	0.028601545840501785	0.023003991693258286
161	neutral	../Syntropy_Result_Finals/Models/Model_Journal_Tuned10	../Syntropy_Result_Finals/Models/Model_Journal_Tuned10	neutral	0.7208749055862427	0.7208749055862427	0.02996067889034748	0.015604056417942047	0.02240675687789917	0.03525518625974655	0.021593578159809113	0.011716118082404137	0.04549538344144821	0.031252048909664154	0.026020584627985954	0.02906247042119503	0.01075830403715372
729	anger	../Syntropy_Result_Finals/Models/Model_Journal_Tuned10	../Syntropy_Result_Finals/Models/Model_Journal_Tuned10	neutral	0.5750894546508789	0.5750894546508789	0.050918761640787125	0.032496701925992966	0.02283676341176033	0.0402257964015007	0.03569265455007553	0.012592164799571037	0.05984459072351456	0.06018952652812004	0.025107230991125107	0.06740909814834595	0.017597220838069916
401	pride	../Syntropy_Result_Finals/Models/Model_Journal_Tuned10	../Syntropy_Result_Finals/Models/Model_Journal_Tuned10	excitement	0.4209553301334381	0.06590615212917328	0.008480554446578026	0.005276745185256004	0.003616723697632551	0.0032444847747683525	0.006255772430449724	0.002576122060418129	0.24511124193668365	0.2188263237476349	0.01684410497546196	0.4209553301334381	0.0029064060654491186
702	neutral	../Syntropy_Result_Finals/Models/Model_Journal_Tuned10	../Syntropy_Result_Finals/Models/Model_Journal_Tuned10	pride	0.32473352551460266	0.19484664499759674	0.026759766042232513	0.017066698521375656	0.013289440423250198	0.005460147280246019	0.018753834068775177	0.00497702369466424	0.32473352551460266	0.20999222993850708	0.016486993059515953	0.16235797107219696	0.0052757891826331615
1129	joy	../Syntropy_Result_Finals/Models/Model_Journal_Tuned10	../Syntropy_Result_Finals/Models/Model_Journal_Tuned10	excitement	0.47946956753730774	0.10202871263027191	0.005250001326203346	0.0029815032612532377	0.003968163393437862	0.004345280583947897	0.008898400701582432	0.003131419885903597	0.03585565835237503	0.3324899971485138	0.017506355419754982	0.47946956753730774	0.004075016360729933
565	neutral	../Syntropy_Result_Finals/Models/Model_Journal_Tuned10	../Syntropy_Result_Finals/Models/Model_Journal_Tuned10	neutral	0.6079297065734863	0.6079297065734863	0.04970582202076912	0.024382872506976128	0.01826198771595955	0.07221737504005432	0.07299423217773438	0.018842818215489388	0.03916267305612564	0.018114136531949043	0.021629733964800835	0.01970520056784153	0.037053462117910385
1021	joy	../Syntropy_Result_Finals/Models/Model_Journal_Tuned10	../Syntropy_Result_Finals/Models/Model_Journal_Tuned10	neutral	0.6765031814575195	0.6765031814575195	0.018643386662006378	0.014803169295191765	0.007611821871250868	0.024099430069327354	0.03192394599318504	0.008039065636694431	0.07744336128234863	0.027796056121587753	0.04437881335616112	0.05797950178384781	0.010778257623314857
1025	joy	../Syntropy_Result_Finals/Models/Model_Journal_Tuned10	../Syntropy_Result_Finals/Models/Model_Journal_Tuned10	neutral	0.5876819491386414	0.5876819491386414	0.030428839847445488	0.009353063069283962	0.014012466184794903	0.010777353309094906	0.027490193024277687	0.01081695593893528	0.06632226705551147	0.08275268971920013	0.026674840599298477	0.1282844841480255	0.005405012983828783
1104	joy	../Syntropy_Result_Finals/Models/Model_Journal_Tuned10	../Syntropy_Result_Finals/Models/Model_Journal_Tuned10	excitement	0.46192455291748047	0.31942859292030334	0.004715421702712774	0.004885861184448004	0.0021834736689925194	0.008225520141422749	0.016602298244833946	0.003718174295499921	0.04647350311279297	0.08058018982410431	0.04561334848403931	0.46192455291748047	0.005649134982377291
205	excitement	../Syntropy_Result_Finals/Models/Model_Journal_Tuned10	../Syntropy_Result_Finals/Models/Model_Journal_Tuned10	excitement	0.9196484088897705	0.011342598125338554	0.004866871051490307	0.003032261272892356	0.00126123137306422	0.0015670551219955087	0.004696906078606844	0.0015315208584070206	0.016483737155795097	0.021722659468650818	0.012287851423025131	0.9196484088897705	0.001558949239552021
34	pride	../Syntropy_Result_Finals/Models/Model_Journal_Tuned10	../Syntropy_Result_Finals/Models/Model_Journal_Tuned10	neutral	0.6154587864875793	0.6154587864875793	0.09291738271713257	0.024430494755506516	0.02929910458624363	0.026494821533560753	0.09564172476530075	0.013911259360611439	0.017283977940678596	0.012285051867365837	0.03917240351438522	0.021896472200751305	0.011208385229110718
775	neutral	../Syntropy_Result_Finals/Models/Model_Journal_Tuned10	../Syntropy_Result_Finals/Models/Model_Journal_Tuned10	excitement	0.5579466223716736	0.06299818307161331	0.005792207550257444	0.003197307465597987	0.002115451032295823	0.0034464760683476925	0.007886414416134357	0.002937322249636054	0.19678941369056702	0.1289484053850174	0.025459278374910355	0.5579466223716736	0.002482957672327757
508	sadness	../Syntropy_Result_Finals/Models/Model_Journal_Tuned10	../Syntropy_Result_Finals/Models/Model_Journal_Tuned10	excitement	0.34798887372016907	0.24965766072273254	0.06363435834646225	0.06867443025112152	0.018278000876307487	0.03538361191749573	0.05604518577456474	0.013249831274151802	0.04878435283899307	0.026018314063549042	0.05267775431275368	0.34798887372016907	0.01960749737918377
1254	excitement	../Syntropy_Result_Finals/Models/Model_Journal_Tuned10	../Syntropy_Result_Finals/Models/Model_Journal_Tuned10	neutral	0.2973431348800659	0.2973431348800659	0.012961427681148052	0.007573781069368124	0.011459928937256336	0.004700952675193548	0.017410146072506905	0.00658191554248333	0.2218456268310547	0.23636668920516968	0.012064384296536446	0.16636492311954498	0.005327136255800724
91	pride	../Syntropy_Result_Finals/Models/Model_Journal_Tuned10	../Syntropy_Result_Finals/Models/Model_Journal_Tuned10	pride	0.5134086012840271	0.17134413123130798	0.028739094734191895	0.014258644543588161	0.005217552650719881	0.012674410827457905	0.02919592894613743	0.007983689196407795	0.5134086012840271	0.05706379562616348	0.04499317705631256	0.10550494492053986	0.009615923278033733
897	neutral	../Syntropy_Result_Finals/Models/Model_Journal_Tuned10	../Syntropy_Result_Finals/Models/Model_Journal_Tuned10	excitement	0.40127262473106384	0.15450382232666016	0.008076338097453117	0.002809264464303851	0.007857920601963997	0.0024763126857578754	0.007241917308419943	0.0032529071904718876	0.042108096182346344	0.35434314608573914	0.013417571783065796	0.40127262473106384	0.002640089252963662
564	joy	../Syntropy_Result_Finals/Models/Model_Journal_Tuned10	../Syntropy_Result_Finals/Models/Model_Journal_Tuned10	joy	0.34327369928359985	0.2075950652360916	0.01700654998421669	0.00683498103171587	0.007675737142562866	0.007197854109108448	0.010595482774078846	0.003915213979780674	0.09184632450342178	0.34327369928359985	0.017190055921673775	0.2809479534626007	0.005921171046793461
776	excitement	../Syntropy_Result_Finals/Models/Model_Journal_Tuned10	../Syntropy_Result_Finals/Models/Model_Journal_Tuned10	excitement	0.7716294527053833	0.027208402752876282	0.0017306971130892634	0.0010740958387032151	0.001460151863284409	0.0016045236261561513	0.003460781881585717	0.002136585535481572	0.01448408979922533	0.1580435037612915	0.015080372802913189	0.7716294527053833	0.002087302738800645
241	neutral	../Syntropy_Result_Finals/Models/Model_Journal_Tuned10	../Syntropy_Result_Finals/Models/Model_Journal_Tuned10	neutral	0.39608263969421387	0.39608263969421387	0.024207664653658867	0.008537406101822853	0.023828472942113876	0.009637967683374882	0.014553278684616089	0.00769231328740716	0.07812824100255966	0.3024618625640869	0.014057217165827751	0.11516989022493362	0.005642988253384829
13	excitement	../Syntropy_Result_Finals/Models/Model_Journal_Tuned10	../Syntropy_Result_Finals/Models/Model_Journal_Tuned10	excitement	0.6842337250709534	0.04972318559885025	0.01054924912750721	0.004819025285542011	0.002311147516593337	0.00475563108921051	0.010965586639940739	0.0032029016874730587	0.13973112404346466	0.04654261842370033	0.03923242911696434	0.6842337250709534	0.003933384083211422
315	excitement	../Syntropy_Result_Finals/Models/Model_Journal_Tuned10	../Syntropy_Result_Finals/Models/Model_Journal_Tuned10	excitement	0.7110235691070557	0.0586077943444252	0.003684970550239086	0.0024449629709124565	0.0028916425071656704	0.002810184843838215	0.004821061622351408	0.002354288939386606	0.02380787581205368	0.16999463737010956	0.015109776519238949	0.7110235691070557	0.002449161373078823
600	pride	../Syntropy_Result_Finals/Models/Model_Journal_Tuned10	../Syntropy_Result_Finals/Models/Model_Journal_Tuned10	pride	0.7526196837425232	0.03778376430273056	0.028726086020469666	0.013354750350117683	0.005420868285000324	0.01093358639627695	0.019074566662311554	0.009648515842854977	0.7526196837425232	0.024784302338957787	0.0266557689756155	0.06380859017372131	0.007189511321485043
387	neutral	../Syntropy_Result_Finals/Models/Model_Journal_Tuned10	../Syntropy_Result_Finals/Models/Model_Journal_Tuned10	neutral	0.6417355537414551	0.6417355537414551	0.0533117949962616	0.04432354494929314	0.032761573791503906	0.01968991383910179	0.02710728533565998	0.009095825254917145	0.03477754816412926	0.06149793788790703	0.013092730194330215	0.04516945034265518	0.017436781898140907
166	confusion	../Syntropy_Result_Finals/Models/Model_Journal_Tuned10	../Syntropy_Result_Finals/Models/Model_Journal_Tuned10	confusion	0.5291616916656494	0.07143660634756088	0.044602036476135254	0.09150170534849167	0.010253772139549255	0.03282272815704346	0.5291616916656494	0.01879468560218811	0.011990847997367382	0.006669196765869856	0.0587497241795063	0.06657568365335464	0.057441338896751404
840	anger	../Syntropy_Result_Finals/Models/Model_Journal_Tuned10	../Syntropy_Result_Finals/Models/Model_Journal_Tuned10	anger	0.6505234241485596	0.045839376747608185	0.03149013593792915	0.04350100830197334	0.010115941986441612	0.15811042487621307	0.021020222455263138	0.008232512511312962	0.005903559736907482	0.004043435212224722	0.010136811062693596	0.01108319777995348	0.6505234241485596
20	excitement	../Syntropy_Result_Finals/Models/Model_Journal_Tuned10	../Syntropy_Result_Finals/Models/Model_Journal_Tuned10	pride	0.5318179726600647	0.07910607010126114	0.03308270871639252	0.016955876722931862	0.010095067322254181	0.016760963946580887	0.02659500576555729	0.013168483972549438	0.5318179726600647	0.051897499710321426	0.04918099567294121	0.16170349717140198	0.00963587686419487
646	joy	../Syntropy_Result_Finals/Models/Model_Journal_Tuned10	../Syntropy_Result_Finals/Models/Model_Journal_Tuned10	joy	0.4532097578048706	0.11428472399711609	0.007667630910873413	0.003997381776571274	0.004528452176600695	0.003058976959437132	0.009500759653747082	0.003042773809283972	0.07772964984178543	0.4532097578048706	0.01336869690567255	0.30650532245635986	0.003105966607108712
1154	excitement	../Syntropy_Result_Finals/Models/Model_Journal_Tuned10	../Syntropy_Result_Finals/Models/Model_Journal_Tuned10	excitement	0.2902238070964813	0.2571863532066345	0.018657762557268143	0.013337980955839157	0.007987014017999172	0.01459313090890646	0.05192042142152786	0.010330730117857456	0.2060832679271698	0.07375167310237885	0.04617682099342346	0.2902238070964813	0.009751069359481335
831	neutral	../Syntropy_Result_Finals/Models/Model_Journal_Tuned10	../Syntropy_Result_Finals/Models/Model_Journal_Tuned10	neutral	0.7233099937438965	0.7233099937438965	0.030663352459669113	0.010130316950380802	0.02276226505637169	0.011635846458375454	0.026805466040968895	0.009432228282094002	0.03547218441963196	0.05793623626232147	0.02985784225165844	0.03546147048473358	0.006532906088978052
562	neutral	../Syntropy_Result_Finals/Models/Model_Journal_Tuned10	../Syntropy_Result_Finals/Models/Model_Journal_Tuned10	excitement	0.45528531074523926	0.14840085804462433	0.01950514316558838	0.012421556748449802	0.00461078155785799	0.0079504931345582	0.02063421905040741	0.006825422402471304	0.20131376385688782	0.0804142951965332	0.03553204610943794	0.45528531074523926	0.007106171455234289
1240	neutral	../Syntropy_Result_Finals/Models/Model_Journal_Tuned10	../Syntropy_Result_Finals/Models/Model_Journal_Tuned10	neutral	0.27998021245002747	0.27998021245002747	0.017743468284606934	0.019507942721247673	0.005475214216858149	0.009221401065587997	0.032219067215919495	0.006654907949268818	0.252333402633667	0.0624537356197834	0.04141739383339882	0.2621051073074341	0.010888135991990566
686	neutral	../Syntropy_Result_Finals/Models/Model_Journal_Tuned10	../Syntropy_Result_Finals/Models/Model_Journal_Tuned10	neutral	0.34064769744873047	0.34064769744873047	0.02748742699623108	0.02129582315683365	0.019609326496720314	0.009812980890274048	0.026383506134152412	0.005643434822559357	0.3386884033679962	0.08962211012840271	0.018754931166768074	0.08546087890863419	0.0165934506803751
957	excitement	../Syntropy_Result_Finals/Models/Model_Journal_Tuned10	../Syntropy_Result_Finals/Models/Model_Journal_Tuned10	excitement	0.2562883794307709	0.23806262016296387	0.01629508286714554	0.010535781271755695	0.007654976099729538	0.0061095841228961945	0.01879953406751156	0.0037171461153775454	0.2544853985309601	0.16241398453712463	0.018462704494595528	0.2562883794307709	0.007174791768193245
189	nervousness	../Syntropy_Result_Finals/Models/Model_Journal_Tuned10	../Syntropy_Result_Finals/Models/Model_Journal_Tuned10	neutral	0.395586222410202	0.395586222410202	0.10906048119068146	0.08739558607339859	0.0331370048224926	0.033572010695934296	0.06862619519233704	0.016447950154542923	0.0888594537973404	0.03245723992586136	0.058230187743902206	0.0648537203669548	0.011773903854191303
975	neutral	../Syntropy_Result_Finals/Models/Model_Journal_Tuned10	../Syntropy_Result_Finals/Models/Model_Journal_Tuned10	neutral	0.7666712999343872	0.7666712999343872	0.017523057758808136	0.00837559625506401	0.014782910235226154	0.012991580180823803	0.012562477961182594	0.005111361853778362	0.05206487327814102	0.048905953764915466	0.014656522311270237	0.03784137964248657	0.00851306039839983
699	excitement	../Syntropy_Result_Finals/Models/Model_Journal_Tuned10	../Syntropy_Result_Finals/Models/Model_Journal_Tuned10	excitement	0.49890366196632385	0.16936564445495605	0.008305016905069351	0.006248947698622942	0.0049949693493545055	0.00859046820551157	0.016541002318263054	0.008385702967643738	0.05165805295109749	0.18818311393260956	0.03418660908937454	0.49890366196632385	0.004636778961867094
510	surprise	../Syntropy_Result_Finals/Models/Model_Journal_Tuned10	../Syntropy_Result_Finals/Models/Model_Journal_Tuned10	excitement	0.4421393871307373	0.12692895531654358	0.006283557508140802	0.0021698055788874626	0.004696155898272991	0.0027244738303124905	0.011614803224802017	0.004560562316328287	0.03304731100797653	0.34569698572158813	0.017883094027638435	0.4421393871307373	0.0022548846900463104
1082	joy	../Syntropy_Result_Finals/Models/Model_Journal_Tuned10	../Syntropy_Result_Finals/Models/Model_Journal_Tuned10	excitement	0.5954917669296265	0.08142396062612534	0.0041331336833536625	0.0028658087830990553	0.003854297334328294	0.002272652229294181	0.009170320816338062	0.00291224243119359	0.054004814475774765	0.22836214303970337	0.01348378136754036	0.5954917669296265	0.002025082940235734
474	joy	../Syntropy_Result_Finals/Models/Model_Journal_Tuned10	../Syntropy_Result_Finals/Models/Model_Journal_Tuned10	joy	0.5449334383010864	0.07251997292041779	0.005968334618955851	0.005811800714582205	0.007338566239923239	0.0024630711413919926	0.004876595456153154	0.0025944479275494814	0.04442289471626282	0.5449334383010864	0.0059234388172626495	0.30041712522506714	0.002730202628299594
856	nervousness	../Syntropy_Result_Finals/Models/Model_Journal_Tuned10	../Syntropy_Result_Finals/Models/Model_Journal_Tuned10	nervousness	0.3073304295539856	0.13585428893566132	0.3073304295539856	0.0859508365392685	0.02928587608039379	0.04238526523113251	0.08914352208375931	0.021893298253417015	0.049324680119752884	0.026597732678055763	0.043320074677467346	0.14796705543994904	0.02094699628651142
747	pride	../Syntropy_Result_Finals/Models/Model_Journal_Tuned10	../Syntropy_Result_Finals/Models/Model_Journal_Tuned10	pride	0.4310561418533325	0.27189791202545166	0.024241220206022263	0.0200380589812994	0.008789297193288803	0.0195790845900774	0.04057881981134415	0.008689740672707558	0.4310561418533325	0.04017820581793785	0.03722141683101654	0.07994041591882706	0.017789682373404503
252	pride	../Syntropy_Result_Finals/Models/Model_Journal_Tuned10	../Syntropy_Result_Finals/Models/Model_Journal_Tuned10	confusion	0.41069820523262024	0.1532343626022339	0.02477068081498146	0.005166636314243078	0.007827247492969036	0.0020976036321371794	0.41069820523262024	0.007707727141678333	0.039945706725120544	0.10089389234781265	0.02928711287677288	0.21591812372207642	0.002452730666846037
21	joy	../Syntropy_Result_Finals/Models/Model_Journal_Tuned10	../Syntropy_Result_Finals/Models/Model_Journal_Tuned10	excitement	0.4315222501754761	0.21187293529510498	0.007641161791980267	0.005469012074172497	0.008004875853657722	0.004584148526191711	0.012334110215306282	0.005011468660086393	0.16569393873214722	0.12443874776363373	0.019682571291923523	0.4315222501754761	0.003744760761037469
459	joy	../Syntropy_Result_Finals/Models/Model_Journal_Tuned10	../Syntropy_Result_Finals/Models/Model_Journal_Tuned10	excitement	0.3117883503437042	0.26988160610198975	0.029073750600218773	0.011754725128412247	0.015222853049635887	0.009128408506512642	0.01492914929986	0.008525170385837555	0.16595038771629333	0.13666324317455292	0.020876720547676086	0.3117883503437042	0.006205716170370579
1184	excitement	../Syntropy_Result_Finals/Models/Model_Journal_Tuned10	../Syntropy_Result_Finals/Models/Model_Journal_Tuned10	pride	0.32595112919807434	0.21189716458320618	0.029195519164204597	0.021257273852825165	0.00920624379068613	0.02087894082069397	0.05537004396319389	0.008264961652457714	0.32595112919807434	0.0410953164100647	0.05885879695415497	0.20215508341789246	0.015869498252868652
276	neutral	../Syntropy_Result_Finals/Models/Model_Journal_Tuned10	../Syntropy_Result_Finals/Models/Model_Journal_Tuned10	joy	0.28074386715888977	0.26782214641571045	0.009845733642578125	0.004907274153083563	0.012807025574147701	0.005364152602851391	0.023742830380797386	0.00880041066557169	0.08102525770664215	0.28074386715888977	0.022396821528673172	0.27889806032180786	0.003646321129053831
955	excitement	../Syntropy_Result_Finals/Models/Model_Journal_Tuned10	../Syntropy_Result_Finals/Models/Model_Journal_Tuned10	excitement	0.9173720479011536	0.012944059446454048	0.004855561535805464	0.004218178801238537	0.0011392656015232205	0.002624210901558399	0.006387617904692888	0.0015283423708751798	0.017567509785294533	0.012954630888998508	0.015492282807826996	0.9173720479011536	0.002916379366070032
1215	excitement	../Syntropy_Result_Finals/Models/Model_Journal_Tuned10	../Syntropy_Result_Finals/Models/Model_Journal_Tuned10	joy	0.6041853427886963	0.11703968048095703	0.00651982007548213	0.004025870468467474	0.007000932469964027	0.002631884068250656	0.0060969153419137	0.0024648746475577354	0.0949709564447403	0.6041853427886963	0.007924317382276058	0.14406172931194305	0.0030777074862271547
385	pride	../Syntropy_Result_Finals/Models/Model_Journal_Tuned10	../Syntropy_Result_Finals/Models/Model_Journal_Tuned10	excitement	0.469638466835022	0.07418939471244812	0.003178084036335349	0.0021141257602721453	0.002415846800431609	0.001599455252289772	0.0055534387938678265	0.0018987434450536966	0.033742453902959824	0.3928261697292328	0.01120836939662695	0.469638466835022	0.0016355677507817745
805	sadness	../Syntropy_Result_Finals/Models/Model_Journal_Tuned10	../Syntropy_Result_Finals/Models/Model_Journal_Tuned10	sadness	0.8804775476455688	0.027626575902104378	0.039025768637657166	0.01397805754095316	0.8804775476455688	0.010652291588485241	0.005905074533075094	0.009290044195950031	0.0022732149809598923	0.004081305116415024	0.001700144843198359	0.0016278268303722143	0.003362164134159684
343	excitement	../Syntropy_Result_Finals/Models/Model_Journal_Tuned10	../Syntropy_Result_Finals/Models/Model_Journal_Tuned10	excitement	0.7725008726119995	0.0337524488568306	0.006157217547297478	0.0033125588670372963	0.0020386334508657455	0.00242161494679749	0.006898324936628342	0.002132696332409978	0.09470674395561218	0.04897933825850487	0.02493170276284218	0.7725008726119995	0.0021677787881344557
769	joy	../Syntropy_Result_Finals/Models/Model_Journal_Tuned10	../Syntropy_Result_Finals/Models/Model_Journal_Tuned10	neutral	0.63420170545578	0.63420170545578	0.02532830461859703	0.01315210573375225	0.01642434485256672	0.010747444815933704	0.03207774460315704	0.0053715757094323635	0.08196281641721725	0.053358156234025955	0.014745521359145641	0.09749787300825119	0.015132308937609196
130	neutral	../Syntropy_Result_Finals/Models/Model_Journal_Tuned10	../Syntropy_Result_Finals/Models/Model_Journal_Tuned10	joy	0.3997288644313812	0.17174699902534485	0.0303911454975605	0.01795307733118534	0.015250417403876781	0.007115383632481098	0.013460615649819374	0.00553852878510952	0.128463476896286	0.3997288644313812	0.0132195008918643	0.19004732370376587	0.0070847412571311
871	joy	../Syntropy_Result_Finals/Models/Model_Journal_Tuned10	../Syntropy_Result_Finals/Models/Model_Journal_Tuned10	excitement	0.4425308108329773	0.18471992015838623	0.008651472628116608	0.004600394517183304	0.0037571305874735117	0.006898814812302589	0.013592886738479137	0.006818805355578661	0.07769843190908432	0.21723982691764832	0.028379032388329506	0.4425308108329773	0.005112517159432173
1123	neutral	../Syntropy_Result_Finals/Models/Model_Journal_Tuned10	../Syntropy_Result_Finals/Models/Model_Journal_Tuned10	neutral	0.508170485496521	0.508170485496521	0.0176968015730381	0.004766501020640135	0.010432394221425056	0.005538030061870813	0.017320141196250916	0.005887212697416544	0.047720033675432205	0.17531926929950714	0.02360665053129196	0.17974033951759338	0.003802179591730237
87	joy	../Syntropy_Result_Finals/Models/Model_Journal_Tuned10	../Syntropy_Result_Finals/Models/Model_Journal_Tuned10	excitement	0.4110116958618164	0.08905067294836044	0.014224845916032791	0.008332287892699242	0.00617312453687191	0.0037252409383654594	0.014784764498472214	0.004222352523356676	0.289445698261261	0.13610242307186127	0.01857578754425049	0.4110116958618164	0.004351092502474785
330	excitement	../Syntropy_Result_Finals/Models/Model_Journal_Tuned10	../Syntropy_Result_Finals/Models/Model_Journal_Tuned10	excitement	0.7865849733352661	0.0564308688044548	0.004074961878359318	0.00234142760746181	0.0030157265719026327	0.002351409988477826	0.005517807323485613	0.0022210280876606703	0.028514733538031578	0.0889158695936203	0.01821381039917469	0.7865849733352661	0.0018173190765082836
1238	confusion	../Syntropy_Result_Finals/Models/Model_Journal_Tuned10	../Syntropy_Result_Finals/Models/Model_Journal_Tuned10	excitement	0.6034232974052429	0.11733951419591904	0.006948240101337433	0.004333492834120989	0.0035713438410311937	0.005866117775440216	0.016885552555322647	0.00455462746322155	0.03565141558647156	0.17056682705879211	0.028054947033524513	0.6034232974052429	0.0028045771177858114
466	surprise	../Syntropy_Result_Finals/Models/Model_Journal_Tuned10	../Syntropy_Result_Finals/Models/Model_Journal_Tuned10	neutral	0.6356738805770874	0.6356738805770874	0.07847060263156891	0.03037368878722191	0.05015105381608009	0.03243517875671387	0.06105230376124382	0.015987178310751915	0.025961795821785927	0.02611197717487812	0.016719629988074303	0.011949955485761166	0.015112774446606636
121	sadness	../Syntropy_Result_Finals/Models/Model_Journal_Tuned10	../Syntropy_Result_Finals/Models/Model_Journal_Tuned10	neutral	0.501329243183136	0.501329243183136	0.10708173364400864	0.06330259144306183	0.06560170650482178	0.06739399582147598	0.10131843388080597	0.02591060847043991	0.019247690215706825	0.005711589474231005	0.012644119560718536	0.006923788692802191	0.023534506559371948
1044	neutral	../Syntropy_Result_Finals/Models/Model_Journal_Tuned10	../Syntropy_Result_Finals/Models/Model_Journal_Tuned10	neutral	0.41264715790748596	0.41264715790748596	0.1622583270072937	0.0764961838722229	0.028728242963552475	0.03298899531364441	0.07476077228784561	0.014303288422524929	0.07283668965101242	0.027528686448931694	0.03561336174607277	0.04350665211677551	0.01833164505660534
1095	pride	../Syntropy_Result_Finals/Models/Model_Journal_Tuned10	../Syntropy_Result_Finals/Models/Model_Journal_Tuned10	neutral	0.5958435535430908	0.5958435535430908	0.018246833235025406	0.009296535514295101	0.00752257090061903	0.011359318159520626	0.03487564995884895	0.006796109024435282	0.13513363897800446	0.04902943968772888	0.030830807983875275	0.08913512527942657	0.011930455453693867
1130	neutral	../Syntropy_Result_Finals/Models/Model_Journal_Tuned10	../Syntropy_Result_Finals/Models/Model_Journal_Tuned10	excitement	0.6405279040336609	0.08101558685302734	0.004991719499230385	0.002846839139238	0.002756523434072733	0.003616356523707509	0.0064301020465791225	0.0036908863112330437	0.09335064888000488	0.14338135719299316	0.014801030047237873	0.6405279040336609	0.0025911089032888412
860	excitement	../Syntropy_Result_Finals/Models/Model_Journal_Tuned10	../Syntropy_Result_Finals/Models/Model_Journal_Tuned10	pride	0.6367499828338623	0.12019529938697815	0.023411044850945473	0.018777208402752876	0.007803709711879492	0.011406969279050827	0.023235894739627838	0.009100176393985748	0.6367499828338623	0.04719774052500725	0.02835482731461525	0.0622074156999588	0.011559734120965004
1126	neutral	../Syntropy_Result_Finals/Models/Model_Journal_Tuned10	../Syntropy_Result_Finals/Models/Model_Journal_Tuned10	pride	0.6729245185852051	0.10474686324596405	0.01272798515856266	0.010846969671547413	0.009328867308795452	0.006095418240875006	0.01604750193655491	0.006879935506731272	0.6729245185852051	0.06428209692239761	0.015804734081029892	0.07360954582691193	0.006705609615892172
