textid	target	model	tokenizer	predicted	prob	nervousness	sadness	neutral	confusion	fear	joy	pride	embarrassment	surprise	excitement	anger	disgust
0	excitement	../Syntropy_Result_Finals/Models/Model_Journal_Tuned35	../Syntropy_Result_Finals/Models/Model_Journal_Tuned35	nervousness	0.3176698684692383	0.3176698684692383	0.2137298583984375	0.12188472598791122	0.06817612797021866	0.06721677631139755	0.06527974456548691	0.045031704008579254	0.0332099050283432	0.027117690071463585	0.016944658011198044	0.012670899741351604	0.011067977175116539
1	pride	../Syntropy_Result_Finals/Models/Model_Journal_Tuned35	../Syntropy_Result_Finals/Models/Model_Journal_Tuned35	neutral	0.6574048399925232	0.01681782864034176	0.003760057268664241	0.6574048399925232	0.015408708713948727	0.0033744960092008114	0.12481360882520676	0.06147710606455803	0.0037794816307723522	0.0299917533993721	0.07483386993408203	0.004200898110866547	0.004137376789003611
2	neutral	../Syntropy_Result_Finals/Models/Model_Journal_Tuned35	../Syntropy_Result_Finals/Models/Model_Journal_Tuned35	neutral	0.5069600343704224	0.00963028147816658	0.005677178967744112	0.5069600343704224	0.007511700037866831	0.0031677642837166786	0.3384163975715637	0.020951764658093452	0.0032338150776922703	0.018531855195760727	0.07619934529066086	0.004796864930540323	0.004923047963529825
3	neutral	../Syntropy_Result_Finals/Models/Model_Journal_Tuned35	../Syntropy_Result_Finals/Models/Model_Journal_Tuned35	neutral	0.48560047149658203	0.02516975626349449	0.005419022869318724	0.48560047149658203	0.016111906617879868	0.00478588230907917	0.20363864302635193	0.13475075364112854	0.006029088981449604	0.04498431831598282	0.06011063978075981	0.005681776907294989	0.007717678789049387
4	pride	../Syntropy_Result_Finals/Models/Model_Journal_Tuned35	../Syntropy_Result_Finals/Models/Model_Journal_Tuned35	pride	0.638370156288147	0.016016647219657898	0.004878395702689886	0.07091469317674637	0.010560794733464718	0.005686883814632893	0.0870508998632431	0.638370156288147	0.004093882627785206	0.028670918196439743	0.12600760161876678	0.003653944469988346	0.004095206502825022
5	pride	../Syntropy_Result_Finals/Models/Model_Journal_Tuned35	../Syntropy_Result_Finals/Models/Model_Journal_Tuned35	excitement	0.29000163078308105	0.027351349592208862	0.005114928353577852	0.15315915644168854	0.020894857123494148	0.006374251563102007	0.16779468953609467	0.25071588158607483	0.005098931957036257	0.06270645558834076	0.29000163078308105	0.0054217055439949036	0.005366132594645023
6	neutral	../Syntropy_Result_Finals/Models/Model_Journal_Tuned35	../Syntropy_Result_Finals/Models/Model_Journal_Tuned35	joy	0.4813784658908844	0.005557007156312466	0.0033287869300693274	0.22781191766262054	0.0050638881511986256	0.0017168570775538683	0.4813784658908844	0.05040440708398819	0.002409394131973386	0.018820567056536674	0.1994198113679886	0.0019060121849179268	0.0021829719189554453
7	nervousness	../Syntropy_Result_Finals/Models/Model_Journal_Tuned35	../Syntropy_Result_Finals/Models/Model_Journal_Tuned35	nervousness	0.48915329575538635	0.48915329575538635	0.02475292794406414	0.08253807574510574	0.05821811407804489	0.04703390970826149	0.04601278528571129	0.04457881674170494	0.022243762388825417	0.03793254867196083	0.015950417146086693	0.040612608194351196	0.09097282588481903
8	joy	../Syntropy_Result_Finals/Models/Model_Journal_Tuned35	../Syntropy_Result_Finals/Models/Model_Journal_Tuned35	joy	0.4305572509765625	0.005603134632110596	0.004335038363933563	0.13577991724014282	0.006267802324146032	0.0022394622210413218	0.4305572509765625	0.05978026241064072	0.0020234882831573486	0.025304745882749557	0.32515498995780945	0.0015952658141031861	0.0013587804278358817
9	pride	../Syntropy_Result_Finals/Models/Model_Journal_Tuned35	../Syntropy_Result_Finals/Models/Model_Journal_Tuned35	neutral	0.25312885642051697	0.07316683977842331	0.01606176421046257	0.25312885642051697	0.029051516205072403	0.01085133571177721	0.14698991179466248	0.2495439201593399	0.0112871453166008	0.09268367290496826	0.09309875220060349	0.010259049013257027	0.01387716457247734
10	disgust	../Syntropy_Result_Finals/Models/Model_Journal_Tuned35	../Syntropy_Result_Finals/Models/Model_Journal_Tuned35	nervousness	0.34873339533805847	0.34873339533805847	0.048687584698200226	0.11487623304128647	0.05006856843829155	0.06794727593660355	0.052907347679138184	0.060683220624923706	0.017136793583631516	0.040848907083272934	0.020306821912527084	0.06780417263507843	0.10999968647956848
11	excitement	../Syntropy_Result_Finals/Models/Model_Journal_Tuned35	../Syntropy_Result_Finals/Models/Model_Journal_Tuned35	excitement	0.44949090480804443	0.029580119997262955	0.004380416125059128	0.09067625552415848	0.013923270627856255	0.007412258069962263	0.07377573102712631	0.2375616431236267	0.003926384728401899	0.07802785187959671	0.44949090480804443	0.005191185511648655	0.006053967867046595
12	pride	../Syntropy_Result_Finals/Models/Model_Journal_Tuned35	../Syntropy_Result_Finals/Models/Model_Journal_Tuned35	joy	0.36345425248146057	0.00582881597802043	0.0024248305708169937	0.19754397869110107	0.0070998515002429485	0.002799658803269267	0.36345425248146057	0.050805673003196716	0.002756177680566907	0.03533855080604553	0.32588037848472595	0.002811484970152378	0.0032564098946750164
13	joy	../Syntropy_Result_Finals/Models/Model_Journal_Tuned35	../Syntropy_Result_Finals/Models/Model_Journal_Tuned35	neutral	0.43233248591423035	0.008461005054414272	0.008738085627555847	0.43233248591423035	0.0059504434466362	0.0038922845851629972	0.4141784608364105	0.0740426778793335	0.002037951024249196	0.008194904774427414	0.03613293170928955	0.003501725383102894	0.0025371420197188854
14	neutral	../Syntropy_Result_Finals/Models/Model_Journal_Tuned35	../Syntropy_Result_Finals/Models/Model_Journal_Tuned35	neutral	0.4567091166973114	0.007562211714684963	0.006503075361251831	0.4567091166973114	0.005161221604794264	0.0020581968128681183	0.42604249715805054	0.02141406014561653	0.0029349757824093103	0.01814216934144497	0.047100041061639786	0.003534486051648855	0.0028379790019243956
15	excitement	../Syntropy_Result_Finals/Models/Model_Journal_Tuned35	../Syntropy_Result_Finals/Models/Model_Journal_Tuned35	pride	0.7221274971961975	0.02498117834329605	0.004871586803346872	0.07609683275222778	0.011055481620132923	0.00937860831618309	0.05958273261785507	0.7221274971961975	0.0061404407024383545	0.034133825451135635	0.040374621748924255	0.00455888407304883	0.00669843191280961
16	nervousness	../Syntropy_Result_Finals/Models/Model_Journal_Tuned35	../Syntropy_Result_Finals/Models/Model_Journal_Tuned35	nervousness	0.5043118596076965	0.5043118596076965	0.028182802721858025	0.022798573598265648	0.027011750265955925	0.20263735949993134	0.03310622274875641	0.015884246677160263	0.03753650188446045	0.02715504728257656	0.00843044649809599	0.012413457036018372	0.08053184300661087
17	fear	../Syntropy_Result_Finals/Models/Model_Journal_Tuned35	../Syntropy_Result_Finals/Models/Model_Journal_Tuned35	nervousness	0.30427226424217224	0.30427226424217224	0.17371460795402527	0.017956800758838654	0.02178792655467987	0.04684760421514511	0.03280391916632652	0.026266872882843018	0.15371206402778625	0.017156966030597687	0.009599912911653519	0.020339224487543106	0.17554181814193726
18	neutral	../Syntropy_Result_Finals/Models/Model_Journal_Tuned35	../Syntropy_Result_Finals/Models/Model_Journal_Tuned35	joy	0.33683380484580994	0.021441761404275894	0.010783686302602291	0.16096484661102295	0.03983280435204506	0.009708150289952755	0.33683380484580994	0.035456541925668716	0.02975020557641983	0.1568414270877838	0.16855913400650024	0.007601418998092413	0.02222619578242302
19	pride	../Syntropy_Result_Finals/Models/Model_Journal_Tuned35	../Syntropy_Result_Finals/Models/Model_Journal_Tuned35	pride	0.8235769867897034	0.023622775450348854	0.004221764393150806	0.031214341521263123	0.009868741966784	0.009359023533761501	0.021920088678598404	0.8235769867897034	0.0060053979977965355	0.02634333074092865	0.031600601971149445	0.004052313975989819	0.008214698173105717
20	neutral	../Syntropy_Result_Finals/Models/Model_Journal_Tuned35	../Syntropy_Result_Finals/Models/Model_Journal_Tuned35	pride	0.2823232114315033	0.028882775455713272	0.006777957081794739	0.22064551711082458	0.015033848583698273	0.005310683511197567	0.16737259924411774	0.2823232114315033	0.006390469614416361	0.08276326209306717	0.17165285348892212	0.0052362484857439995	0.007610631641000509
21	joy	../Syntropy_Result_Finals/Models/Model_Journal_Tuned35	../Syntropy_Result_Finals/Models/Model_Journal_Tuned35	neutral	0.5202476978302002	0.07907354831695557	0.061860695481300354	0.5202476978302002	0.028627289459109306	0.01587388850748539	0.14711931347846985	0.05581843480467796	0.009747076779603958	0.03785870596766472	0.028978990390896797	0.006781823467463255	0.008012543432414532
22	joy	../Syntropy_Result_Finals/Models/Model_Journal_Tuned35	../Syntropy_Result_Finals/Models/Model_Journal_Tuned35	joy	0.5553796291351318	0.009808920323848724	0.016385942697525024	0.2431969940662384	0.006664263550192118	0.005967733915895224	0.5553796291351318	0.08382682502269745	0.002251140773296356	0.011062262579798698	0.05865877866744995	0.0042284633964300156	0.002568974159657955
23	excitement	../Syntropy_Result_Finals/Models/Model_Journal_Tuned35	../Syntropy_Result_Finals/Models/Model_Journal_Tuned35	joy	0.45927074551582336	0.004713047761470079	0.002116575837135315	0.08594819903373718	0.006513059139251709	0.0020023337565362453	0.45927074551582336	0.051618874073028564	0.0034203974064439535	0.02242748811841011	0.35741904377937317	0.0022303026635199785	0.002319914288818836
24	anger	../Syntropy_Result_Finals/Models/Model_Journal_Tuned35	../Syntropy_Result_Finals/Models/Model_Journal_Tuned35	nervousness	0.32378464937210083	0.32378464937210083	0.12227846682071686	0.019058214500546455	0.01702258735895157	0.07364499568939209	0.042292218655347824	0.03897392004728317	0.10656045377254486	0.01274147816002369	0.009787209331989288	0.045262448489665985	0.1885932832956314
25	joy	../Syntropy_Result_Finals/Models/Model_Journal_Tuned35	../Syntropy_Result_Finals/Models/Model_Journal_Tuned35	joy	0.661359429359436	0.0042348518036305904	0.0030538218561559916	0.1231960877776146	0.005692513193935156	0.0015265338588505983	0.661359429359436	0.02153262123465538	0.002233839360997081	0.017187893390655518	0.1558181345462799	0.002011148724704981	0.00215314794331789
26	joy	../Syntropy_Result_Finals/Models/Model_Journal_Tuned35	../Syntropy_Result_Finals/Models/Model_Journal_Tuned35	joy	0.41240620613098145	0.016864856705069542	0.03061080351471901	0.32565823197364807	0.012632953003048897	0.005547417793422937	0.41240620613098145	0.06531279534101486	0.01016281545162201	0.0314180813729763	0.0817168802022934	0.0028558438643813133	0.004813026636838913
27	pride	../Syntropy_Result_Finals/Models/Model_Journal_Tuned35	../Syntropy_Result_Finals/Models/Model_Journal_Tuned35	joy	0.641639232635498	0.0031954299192875624	0.002422809135168791	0.08404567092657089	0.005904705263674259	0.0016017892630770802	0.641639232635498	0.019670769572257996	0.00302719883620739	0.014225957915186882	0.22067783772945404	0.001711064949631691	0.0018774736672639847
28	excitement	../Syntropy_Result_Finals/Models/Model_Journal_Tuned35	../Syntropy_Result_Finals/Models/Model_Journal_Tuned35	joy	0.5138413310050964	0.00442217942327261	0.002374319126829505	0.11283367872238159	0.005811144132167101	0.0019368022913113236	0.5138413310050964	0.025918589904904366	0.003962627146393061	0.03216531127691269	0.2911253571510315	0.0024953444954007864	0.0031132621224969625
29	neutral	../Syntropy_Result_Finals/Models/Model_Journal_Tuned35	../Syntropy_Result_Finals/Models/Model_Journal_Tuned35	neutral	0.39142289757728577	0.013720311224460602	0.004568770527839661	0.39142289757728577	0.009008861146867275	0.002582729561254382	0.2879297137260437	0.11041354387998581	0.0034559089690446854	0.037121567875146866	0.13365432620048523	0.0027891122736036777	0.0033322300296276808
30	pride	../Syntropy_Result_Finals/Models/Model_Journal_Tuned35	../Syntropy_Result_Finals/Models/Model_Journal_Tuned35	joy	0.5596654415130615	0.0032710591331124306	0.002200133167207241	0.09563201665878296	0.004074934404343367	0.0014592233346775174	0.5596654415130615	0.024793528020381927	0.0020665242336690426	0.012636561878025532	0.29103925824165344	0.001616717898286879	0.001544594531878829
31	pride	../Syntropy_Result_Finals/Models/Model_Journal_Tuned35	../Syntropy_Result_Finals/Models/Model_Journal_Tuned35	joy	0.5241766571998596	0.0059608886949718	0.0037106680683791637	0.2352440357208252	0.006375360768288374	0.00213386001996696	0.5241766571998596	0.040767889469861984	0.0037577147595584393	0.023666605353355408	0.15012790262699127	0.0017610510112717748	0.0023174488451331854
32	excitement	../Syntropy_Result_Finals/Models/Model_Journal_Tuned35	../Syntropy_Result_Finals/Models/Model_Journal_Tuned35	pride	0.7335795164108276	0.026229869574308395	0.0040292078629136086	0.046469759196043015	0.01234533078968525	0.00963667593896389	0.030762160196900368	0.7335795164108276	0.005409478675574064	0.0411384291946888	0.07961598038673401	0.0041024754755198956	0.006681184284389019
33	neutral	../Syntropy_Result_Finals/Models/Model_Journal_Tuned35	../Syntropy_Result_Finals/Models/Model_Journal_Tuned35	nervousness	0.3244549632072449	0.3244549632072449	0.023351145908236504	0.017152998596429825	0.05937696248292923	0.13754813373088837	0.08316892385482788	0.016900792717933655	0.22505062818527222	0.022404534742236137	0.045715007930994034	0.016502752900123596	0.028373105451464653
34	joy	../Syntropy_Result_Finals/Models/Model_Journal_Tuned35	../Syntropy_Result_Finals/Models/Model_Journal_Tuned35	joy	0.4465909004211426	0.004791753366589546	0.0020652625244110823	0.1936374008655548	0.005842732731252909	0.0013617167714983225	0.4465909004211426	0.03407621383666992	0.002437124727293849	0.02139325998723507	0.2836998403072357	0.0021574944257736206	0.0019463020144030452
35	joy	../Syntropy_Result_Finals/Models/Model_Journal_Tuned35	../Syntropy_Result_Finals/Models/Model_Journal_Tuned35	pride	0.5847088694572449	0.015403594821691513	0.0038952906616032124	0.13534198701381683	0.009918224066495895	0.005811748094856739	0.1363331824541092	0.5847088694572449	0.004333432763814926	0.02242927998304367	0.0730428695678711	0.004662294872105122	0.00411926070228219
36	pride	../Syntropy_Result_Finals/Models/Model_Journal_Tuned35	../Syntropy_Result_Finals/Models/Model_Journal_Tuned35	pride	0.3738911747932434	0.02816578559577465	0.0038898189086467028	0.21894299983978271	0.017525674775242805	0.009088697843253613	0.15419834852218628	0.3738911747932434	0.004961309488862753	0.06629110872745514	0.1076955571770668	0.008666224777698517	0.006683389190584421
37	neutral	../Syntropy_Result_Finals/Models/Model_Journal_Tuned35	../Syntropy_Result_Finals/Models/Model_Journal_Tuned35	joy	0.31803759932518005	0.06590072065591812	0.12207277119159698	0.29124388098716736	0.03160359337925911	0.013950258493423462	0.31803759932518005	0.0666617751121521	0.014061461202800274	0.022691406309604645	0.041309211403131485	0.003695086110383272	0.008772185072302818
38	excitement	../Syntropy_Result_Finals/Models/Model_Journal_Tuned35	../Syntropy_Result_Finals/Models/Model_Journal_Tuned35	pride	0.6826290488243103	0.03162709251046181	0.004392710514366627	0.04600801318883896	0.015689004212617874	0.009593839757144451	0.03467768803238869	0.6826290488243103	0.006043705623596907	0.05630035325884819	0.10090625286102295	0.004292861092835665	0.00783938355743885
39	neutral	../Syntropy_Result_Finals/Models/Model_Journal_Tuned35	../Syntropy_Result_Finals/Models/Model_Journal_Tuned35	neutral	0.3292233347892761	0.062164995819330215	0.01457635685801506	0.3292233347892761	0.043720223009586334	0.012050275690853596	0.2776798903942108	0.020812764763832092	0.011908057145774364	0.0891994759440422	0.11685019731521606	0.008158843033015728	0.013655571267008781
40	joy	../Syntropy_Result_Finals/Models/Model_Journal_Tuned35	../Syntropy_Result_Finals/Models/Model_Journal_Tuned35	joy	0.30117347836494446	0.01597256399691105	0.0047285486944019794	0.27363091707229614	0.015305113047361374	0.005427231080830097	0.30117347836494446	0.052649542689323425	0.005803913809359074	0.06756626069545746	0.24693091213703156	0.0041626314632594585	0.006648891139775515
41	nervousness	../Syntropy_Result_Finals/Models/Model_Journal_Tuned35	../Syntropy_Result_Finals/Models/Model_Journal_Tuned35	nervousness	0.48217442631721497	0.48217442631721497	0.009439481422305107	0.0752062052488327	0.02760772407054901	0.22086088359355927	0.062449418008327484	0.028057502582669258	0.008304082788527012	0.03686199337244034	0.023280128836631775	0.007956364192068577	0.01780179888010025
42	sadness	../Syntropy_Result_Finals/Models/Model_Journal_Tuned35	../Syntropy_Result_Finals/Models/Model_Journal_Tuned35	sadness	0.2752382755279541	0.14801542460918427	0.2752382755279541	0.1979130655527115	0.05295268073678017	0.05852464213967323	0.06870217621326447	0.09168002754449844	0.025433802977204323	0.03711392357945442	0.013666195794939995	0.011735486797988415	0.019024239853024483
43	excitement	../Syntropy_Result_Finals/Models/Model_Journal_Tuned35	../Syntropy_Result_Finals/Models/Model_Journal_Tuned35	pride	0.6203184127807617	0.012261677533388138	0.003316970309242606	0.08480800688266754	0.009205436334013939	0.004424166399985552	0.12072907388210297	0.6203184127807617	0.004465114325284958	0.03170900046825409	0.1026906818151474	0.0024446274619549513	0.0036269237753003836
44	neutral	../Syntropy_Result_Finals/Models/Model_Journal_Tuned35	../Syntropy_Result_Finals/Models/Model_Journal_Tuned35	neutral	0.44344115257263184	0.008985142223536968	0.006210651248693466	0.44344115257263184	0.009016374126076698	0.0024270215071737766	0.38325464725494385	0.05279995873570442	0.003799827303737402	0.01896650530397892	0.06354637444019318	0.0033908486366271973	0.004161442629992962
45	neutral	../Syntropy_Result_Finals/Models/Model_Journal_Tuned35	../Syntropy_Result_Finals/Models/Model_Journal_Tuned35	joy	0.47875314950942993	0.009217347949743271	0.00913287978619337	0.3715636432170868	0.00722497096285224	0.0033932651858776808	0.47875314950942993	0.04001503065228462	0.0025894436985254288	0.014228956773877144	0.057078611105680466	0.003832996590062976	0.002969658700749278
46	pride	../Syntropy_Result_Finals/Models/Model_Journal_Tuned35	../Syntropy_Result_Finals/Models/Model_Journal_Tuned35	neutral	0.23860448598861694	0.029090752825140953	0.005898585077375174	0.23860448598861694	0.015370497480034828	0.004831166472285986	0.19188198447227478	0.21251703798770905	0.006478556431829929	0.06725345551967621	0.21601423621177673	0.005347866099327803	0.006711444351822138
47	excitement	../Syntropy_Result_Finals/Models/Model_Journal_Tuned35	../Syntropy_Result_Finals/Models/Model_Journal_Tuned35	pride	0.5033808946609497	0.0393802672624588	0.006686334032565355	0.2072754055261612	0.020157668739557266	0.013432544656097889	0.0873398706316948	0.5033808946609497	0.0073943245224654675	0.04527556151151657	0.04308227077126503	0.011966594494879246	0.014628286473453045
48	joy	../Syntropy_Result_Finals/Models/Model_Journal_Tuned35	../Syntropy_Result_Finals/Models/Model_Journal_Tuned35	excitement	0.5547731518745422	0.007828375324606895	0.0024138709995895624	0.07420928031206131	0.010443229228258133	0.0029486343264579773	0.21521468460559845	0.05238359794020653	0.004426975268870592	0.06782277673482895	0.5547731518745422	0.0026319955941289663	0.0049034710973501205
49	neutral	../Syntropy_Result_Finals/Models/Model_Journal_Tuned35	../Syntropy_Result_Finals/Models/Model_Journal_Tuned35	fear	0.42392605543136597	0.25265204906463623	0.016190461814403534	0.05985363572835922	0.02326768822968006	0.42392605543136597	0.03945428505539894	0.06298103928565979	0.009706322103738785	0.030814792960882187	0.009351956658065319	0.019582204520702362	0.052219510078430176
50	surprise	../Syntropy_Result_Finals/Models/Model_Journal_Tuned35	../Syntropy_Result_Finals/Models/Model_Journal_Tuned35	excitement	0.46579042077064514	0.0048310100100934505	0.0026202958542853594	0.06964264810085297	0.007059331517666578	0.0024737941566854715	0.34669023752212524	0.025214163586497307	0.0036145637277513742	0.0650799572467804	0.46579042077064514	0.0027959272265434265	0.004187524318695068
51	disgust	../Syntropy_Result_Finals/Models/Model_Journal_Tuned35	../Syntropy_Result_Finals/Models/Model_Journal_Tuned35	nervousness	0.33676499128341675	0.33676499128341675	0.03217656910419464	0.02294980175793171	0.021781090646982193	0.17694637179374695	0.037716593593358994	0.022288324311375618	0.06069536134600639	0.02733529731631279	0.010972893796861172	0.020447630435228348	0.22992512583732605
52	neutral	../Syntropy_Result_Finals/Models/Model_Journal_Tuned35	../Syntropy_Result_Finals/Models/Model_Journal_Tuned35	neutral	0.7638320922851562	0.014487924054265022	0.005836138967424631	0.7638320922851562	0.013399471528828144	0.006498775910586119	0.08524907380342484	0.04224469140172005	0.0027901697903871536	0.025698356330394745	0.02776731550693512	0.008266301825642586	0.003929697908461094
53	neutral	../Syntropy_Result_Finals/Models/Model_Journal_Tuned35	../Syntropy_Result_Finals/Models/Model_Journal_Tuned35	neutral	0.4220632016658783	0.009752795100212097	0.011151912622153759	0.4220632016658783	0.007888318039476871	0.0048000384122133255	0.41869133710861206	0.05205768346786499	0.0027223480865359306	0.012093845754861832	0.051330115646123886	0.004458559677004814	0.0029897720087319613
54	confusion	../Syntropy_Result_Finals/Models/Model_Journal_Tuned35	../Syntropy_Result_Finals/Models/Model_Journal_Tuned35	nervousness	0.297578364610672	0.297578364610672	0.016188208013772964	0.05192992836236954	0.2029312402009964	0.0752311646938324	0.02823234535753727	0.018454035744071007	0.04966336861252785	0.088386170566082	0.024787558242678642	0.06255629658699036	0.0840614065527916
55	embarrassment	../Syntropy_Result_Finals/Models/Model_Journal_Tuned35	../Syntropy_Result_Finals/Models/Model_Journal_Tuned35	nervousness	0.6747593879699707	0.6747593879699707	0.008334302343428135	0.03565742447972298	0.023023761808872223	0.13082540035247803	0.03831067308783531	0.020150460302829742	0.009461039677262306	0.02059730514883995	0.01136048324406147	0.009945427067577839	0.017574438825249672
56	pride	../Syntropy_Result_Finals/Models/Model_Journal_Tuned35	../Syntropy_Result_Finals/Models/Model_Journal_Tuned35	pride	0.8491872549057007	0.01671319082379341	0.004369165748357773	0.03171173855662346	0.008278653025627136	0.008031087927520275	0.0260444488376379	0.8491872549057007	0.00472524669021368	0.016197852790355682	0.025293640792369843	0.003795077558606863	0.005652643274515867
57	sadness	../Syntropy_Result_Finals/Models/Model_Journal_Tuned35	../Syntropy_Result_Finals/Models/Model_Journal_Tuned35	nervousness	0.5744863748550415	0.5744863748550415	0.10893469303846359	0.022969869896769524	0.03314034268260002	0.08704571425914764	0.034401677548885345	0.013170248828828335	0.037957146763801575	0.014796760864555836	0.011016549542546272	0.025955334305763245	0.0361253060400486
58	sadness	../Syntropy_Result_Finals/Models/Model_Journal_Tuned35	../Syntropy_Result_Finals/Models/Model_Journal_Tuned35	sadness	0.2847062647342682	0.07186994701623917	0.2847062647342682	0.24647079408168793	0.016258666291832924	0.01590019091963768	0.22047199308872223	0.05929948017001152	0.015205267816781998	0.025520939379930496	0.02749592252075672	0.005524120293557644	0.011276385746896267
59	joy	../Syntropy_Result_Finals/Models/Model_Journal_Tuned35	../Syntropy_Result_Finals/Models/Model_Journal_Tuned35	neutral	0.46465232968330383	0.07133450359106064	0.019556496292352676	0.46465232968330383	0.029590198770165443	0.02422909624874592	0.15046943724155426	0.12285739928483963	0.01053505390882492	0.035792384296655655	0.0213501937687397	0.03166671469807625	0.01796620525419712
60	neutral	../Syntropy_Result_Finals/Models/Model_Journal_Tuned35	../Syntropy_Result_Finals/Models/Model_Journal_Tuned35	joy	0.4870357811450958	0.0045485720038414	0.00392245315015316	0.3660069406032562	0.006243964657187462	0.0014468544395640492	0.4870357811450958	0.018258826807141304	0.0025784089230000973	0.016531091183423996	0.08835073560476303	0.002600058214738965	0.002476247726008296
61	joy	../Syntropy_Result_Finals/Models/Model_Journal_Tuned35	../Syntropy_Result_Finals/Models/Model_Journal_Tuned35	nervousness	0.27999863028526306	0.27999863028526306	0.022980956360697746	0.18115653097629547	0.032533712685108185	0.09309351444244385	0.14990800619125366	0.05500440672039986	0.010116318240761757	0.0684492290019989	0.08371459692716599	0.008221766911447048	0.014822346158325672
62	excitement	../Syntropy_Result_Finals/Models/Model_Journal_Tuned35	../Syntropy_Result_Finals/Models/Model_Journal_Tuned35	joy	0.4198612570762634	0.005047351121902466	0.002983969636261463	0.3355856239795685	0.006221226416528225	0.0015319284284487367	0.4198612570762634	0.03410850837826729	0.0020433927420526743	0.021771620959043503	0.16634871065616608	0.002286089351400733	0.0022104098461568356
63	excitement	../Syntropy_Result_Finals/Models/Model_Journal_Tuned35	../Syntropy_Result_Finals/Models/Model_Journal_Tuned35	pride	0.3248613178730011	0.028917143121361732	0.005159326829016209	0.17732185125350952	0.022828977555036545	0.011230207048356533	0.09601374715566635	0.3248613178730011	0.004941060207784176	0.0870690792798996	0.22432583570480347	0.006718597840517759	0.010612831450998783
64	excitement	../Syntropy_Result_Finals/Models/Model_Journal_Tuned35	../Syntropy_Result_Finals/Models/Model_Journal_Tuned35	excitement	0.4947707951068878	0.009402945637702942	0.002347103785723448	0.08344470709562302	0.010576841421425343	0.0031960392370820045	0.199678435921669	0.13017146289348602	0.0043876743875443935	0.056280478835105896	0.4947707951068878	0.0024162987247109413	0.003327249549329281
65	joy	../Syntropy_Result_Finals/Models/Model_Journal_Tuned35	../Syntropy_Result_Finals/Models/Model_Journal_Tuned35	joy	0.3750607669353485	0.008435436524450779	0.0054226648062467575	0.3576087951660156	0.00684938533231616	0.0024727422278374434	0.3750607669353485	0.05829272419214249	0.004183547105640173	0.026861529797315598	0.1490502506494522	0.002625012071803212	0.003137163585051894
66	sadness	../Syntropy_Result_Finals/Models/Model_Journal_Tuned35	../Syntropy_Result_Finals/Models/Model_Journal_Tuned35	nervousness	0.44911473989486694	0.44911473989486694	0.0722871720790863	0.04722539335489273	0.030396515503525734	0.10377554595470428	0.04267420992255211	0.03141757845878601	0.022983137518167496	0.0214046873152256	0.009956032037734985	0.042521607130765915	0.1262434422969818
67	pride	../Syntropy_Result_Finals/Models/Model_Journal_Tuned35	../Syntropy_Result_Finals/Models/Model_Journal_Tuned35	joy	0.5046377778053284	0.003436559345573187	0.0020724283531308174	0.12894956767559052	0.005848649889230728	0.0017486299620941281	0.5046377778053284	0.03574157506227493	0.0032414630986750126	0.021097669377923012	0.28886178135871887	0.0019190881866961718	0.0024448814801871777
68	excitement	../Syntropy_Result_Finals/Models/Model_Journal_Tuned35	../Syntropy_Result_Finals/Models/Model_Journal_Tuned35	neutral	0.5090059041976929	0.016239434480667114	0.016481725499033928	0.5090059041976929	0.010220568627119064	0.0026103605050593615	0.3130618631839752	0.037558622658252716	0.008025705814361572	0.02967451885342598	0.046455979347229004	0.004167731385678053	0.006497567985206842
69	embarrassment	../Syntropy_Result_Finals/Models/Model_Journal_Tuned35	../Syntropy_Result_Finals/Models/Model_Journal_Tuned35	disgust	0.2534717321395874	0.2047610878944397	0.06601161509752274	0.10279719531536102	0.03178008273243904	0.06747429072856903	0.0780407041311264	0.0545632466673851	0.059871330857276917	0.040243905037641525	0.014031307771801949	0.026953458786010742	0.2534717321395874
70	surprise	../Syntropy_Result_Finals/Models/Model_Journal_Tuned35	../Syntropy_Result_Finals/Models/Model_Journal_Tuned35	excitement	0.4644724726676941	0.0056472658179700375	0.003805257612839341	0.08943197131156921	0.004016972612589598	0.002766859717667103	0.3381911516189575	0.04619390890002251	0.002694845898076892	0.03878064453601837	0.4644724726676941	0.0018529611406847835	0.00214572437107563
71	anger	../Syntropy_Result_Finals/Models/Model_Journal_Tuned35	../Syntropy_Result_Finals/Models/Model_Journal_Tuned35	neutral	0.3845618963241577	0.028360581025481224	0.01515322644263506	0.3845618963241577	0.019922025501728058	0.006388754118233919	0.30900269746780396	0.03220979496836662	0.012400051578879356	0.0634298101067543	0.10240936279296875	0.008800397627055645	0.017361491918563843
72	pride	../Syntropy_Result_Finals/Models/Model_Journal_Tuned35	../Syntropy_Result_Finals/Models/Model_Journal_Tuned35	excitement	0.35197654366493225	0.010242557153105736	0.0027145768981426954	0.11147154867649078	0.009461716748774052	0.0032999415416270494	0.19431942701339722	0.2678833305835724	0.0037395376712083817	0.039510805159807205	0.35197654366493225	0.0026333252899348736	0.002746711717918515
73	pride	../Syntropy_Result_Finals/Models/Model_Journal_Tuned35	../Syntropy_Result_Finals/Models/Model_Journal_Tuned35	excitement	0.2555397152900696	0.049573205411434174	0.007618023548275232	0.2023918628692627	0.026763511821627617	0.011300172656774521	0.16250519454479218	0.1468416154384613	0.008752635680139065	0.10792936384677887	0.2555397152900696	0.006084233056753874	0.014700441621243954
74	nervousness	../Syntropy_Result_Finals/Models/Model_Journal_Tuned35	../Syntropy_Result_Finals/Models/Model_Journal_Tuned35	nervousness	0.7724719047546387	0.7724719047546387	0.010493235662579536	0.01930980384349823	0.023393888026475906	0.06206326186656952	0.029679682105779648	0.013797275722026825	0.01326461136341095	0.02154993824660778	0.015785928815603256	0.006113401148468256	0.012077167630195618
75	joy	../Syntropy_Result_Finals/Models/Model_Journal_Tuned35	../Syntropy_Result_Finals/Models/Model_Journal_Tuned35	neutral	0.42052164673805237	0.01698240078985691	0.0095705920830369	0.42052164673805237	0.008277102373540401	0.005889863707125187	0.37399381399154663	0.08119238168001175	0.0027082443702965975	0.01723759062588215	0.05544690042734146	0.004475207533687353	0.0037043339107185602
76	neutral	../Syntropy_Result_Finals/Models/Model_Journal_Tuned35	../Syntropy_Result_Finals/Models/Model_Journal_Tuned35	joy	0.48469066619873047	0.01036454364657402	0.006062590982764959	0.23838984966278076	0.010898945853114128	0.0034473470877856016	0.48469066619873047	0.05100056529045105	0.006587963551282883	0.04327123984694481	0.13800057768821716	0.0020708825904875994	0.00521487882360816
77	joy	../Syntropy_Result_Finals/Models/Model_Journal_Tuned35	../Syntropy_Result_Finals/Models/Model_Journal_Tuned35	neutral	0.3513178527355194	0.06726612150669098	0.1093343049287796	0.3513178527355194	0.04304083064198494	0.010040325112640858	0.237287700176239	0.04870172217488289	0.03001071698963642	0.03738917410373688	0.038939639925956726	0.005991545505821705	0.020680060610175133
78	pride	../Syntropy_Result_Finals/Models/Model_Journal_Tuned35	../Syntropy_Result_Finals/Models/Model_Journal_Tuned35	neutral	0.47134605050086975	0.010534988716244698	0.011982114054262638	0.47134605050086975	0.00732440734282136	0.004783368203788996	0.36912691593170166	0.06662707030773163	0.002915946999564767	0.012289868667721748	0.035690788179636	0.0044778501614928246	0.002900593914091587
79	surprise	../Syntropy_Result_Finals/Models/Model_Journal_Tuned35	../Syntropy_Result_Finals/Models/Model_Journal_Tuned35	neutral	0.3606894612312317	0.03183705359697342	0.007040442433208227	0.3606894612312317	0.027719544246792793	0.008885824121534824	0.14231523871421814	0.2124296873807907	0.0048096333630383015	0.07369545847177505	0.1162867397069931	0.0060028014704585075	0.008288140408694744
80	neutral	../Syntropy_Result_Finals/Models/Model_Journal_Tuned35	../Syntropy_Result_Finals/Models/Model_Journal_Tuned35	neutral	0.48526591062545776	0.00824238732457161	0.004972291179001331	0.48526591062545776	0.007691818289458752	0.0027293122839182615	0.3563704490661621	0.028067540377378464	0.002130587352439761	0.018758751451969147	0.0806659385561943	0.002677496522665024	0.0024274762254208326
81	joy	../Syntropy_Result_Finals/Models/Model_Journal_Tuned35	../Syntropy_Result_Finals/Models/Model_Journal_Tuned35	joy	0.4473614990711212	0.01038117241114378	0.005447036121040583	0.4061478078365326	0.007001887541264296	0.0025391122326254845	0.4473614990711212	0.02954680100083351	0.002665881998836994	0.02094106376171112	0.059729285538196564	0.0045639518648386	0.0036745374090969563
82	nervousness	../Syntropy_Result_Finals/Models/Model_Journal_Tuned35	../Syntropy_Result_Finals/Models/Model_Journal_Tuned35	joy	0.38999032974243164	0.012201916426420212	0.005024978891015053	0.27340638637542725	0.008663233369588852	0.0027017048560082912	0.38999032974243164	0.07508105039596558	0.004231621976941824	0.04058440029621124	0.1798332780599594	0.0037942815106362104	0.004486773628741503
83	joy	../Syntropy_Result_Finals/Models/Model_Journal_Tuned35	../Syntropy_Result_Finals/Models/Model_Journal_Tuned35	neutral	0.43981191515922546	0.01953141763806343	0.01973588392138481	0.43981191515922546	0.011303503066301346	0.006748358719050884	0.27102649211883545	0.1328156590461731	0.005457861814647913	0.023809289559721947	0.061107657849788666	0.004674538038671017	0.003977392800152302
84	excitement	../Syntropy_Result_Finals/Models/Model_Journal_Tuned35	../Syntropy_Result_Finals/Models/Model_Journal_Tuned35	neutral	0.3216482698917389	0.02246006764471531	0.004797557834535837	0.3216482698917389	0.012632640078663826	0.004325024783611298	0.21772722899913788	0.160221666097641	0.004945843014866114	0.059420086443424225	0.18161168694496155	0.0052684638649225235	0.004941519349813461
85	pride	../Syntropy_Result_Finals/Models/Model_Journal_Tuned35	../Syntropy_Result_Finals/Models/Model_Journal_Tuned35	neutral	0.4702465236186981	0.024419652298092842	0.02246853895485401	0.4702465236186981	0.011549810878932476	0.007358490489423275	0.3526577353477478	0.03784653916954994	0.004079170525074005	0.02220700867474079	0.03606192767620087	0.004687705542892218	0.006416940595954657
86	nervousness	../Syntropy_Result_Finals/Models/Model_Journal_Tuned35	../Syntropy_Result_Finals/Models/Model_Journal_Tuned35	joy	0.30984044075012207	0.021840116009116173	0.006700914353132248	0.15445274114608765	0.011981097050011158	0.005704537499696016	0.30984044075012207	0.11608148366212845	0.0076720924116671085	0.04449879378080368	0.30948442220687866	0.005825165659189224	0.005918167997151613
87	nervousness	../Syntropy_Result_Finals/Models/Model_Journal_Tuned35	../Syntropy_Result_Finals/Models/Model_Journal_Tuned35	nervousness	0.7524042725563049	0.7524042725563049	0.009433952160179615	0.01247022021561861	0.020378055050969124	0.12032226473093033	0.025333082303404808	0.009927895851433277	0.010700139217078686	0.015251435339450836	0.00981871411204338	0.004520077258348465	0.009439949877560139
88	neutral	../Syntropy_Result_Finals/Models/Model_Journal_Tuned35	../Syntropy_Result_Finals/Models/Model_Journal_Tuned35	neutral	0.5284296870231628	0.016998879611492157	0.0055201128125190735	0.5284296870231628	0.013334508053958416	0.0025200643576681614	0.2148454636335373	0.0569981187582016	0.0045135836116969585	0.047416433691978455	0.10045699030160904	0.004226612858474255	0.004739537835121155
89	neutral	../Syntropy_Result_Finals/Models/Model_Journal_Tuned35	../Syntropy_Result_Finals/Models/Model_Journal_Tuned35	neutral	0.5558894276618958	0.034333743155002594	0.008236152119934559	0.5558894276618958	0.01713632233440876	0.015214812010526657	0.17521312832832336	0.06584379822015762	0.006941464729607105	0.0485994927585125	0.059993162751197815	0.006458935793489218	0.0061395359225571156
90	pride	../Syntropy_Result_Finals/Models/Model_Journal_Tuned35	../Syntropy_Result_Finals/Models/Model_Journal_Tuned35	pride	0.4875238239765167	0.03023330122232437	0.005368981510400772	0.16091318428516388	0.014996316283941269	0.008406172506511211	0.0994117483496666	0.4875238239765167	0.0055982149206101894	0.07354482263326645	0.10055089741945267	0.005620554555207491	0.007832048460841179
91	nervousness	../Syntropy_Result_Finals/Models/Model_Journal_Tuned35	../Syntropy_Result_Finals/Models/Model_Journal_Tuned35	nervousness	0.4251205623149872	0.4251205623149872	0.10269305855035782	0.11636628210544586	0.042182937264442444	0.04444534331560135	0.09010488539934158	0.03390328958630562	0.024021625518798828	0.05959983542561531	0.02794894389808178	0.009651875123381615	0.023961354047060013
92	pride	../Syntropy_Result_Finals/Models/Model_Journal_Tuned35	../Syntropy_Result_Finals/Models/Model_Journal_Tuned35	pride	0.26475146412849426	0.09734684973955154	0.02346941828727722	0.24848882853984833	0.029290353879332542	0.03233055770397186	0.07272220402956009	0.26475146412849426	0.016893548890948296	0.1047879308462143	0.051781877875328064	0.017055274918675423	0.04108158126473427
93	excitement	../Syntropy_Result_Finals/Models/Model_Journal_Tuned35	../Syntropy_Result_Finals/Models/Model_Journal_Tuned35	joy	0.46027785539627075	0.005879369098693132	0.002220991998910904	0.15358896553516388	0.006143571343272924	0.0019192473264411092	0.46027785539627075	0.05540251359343529	0.0032510138116776943	0.035792212933301926	0.2700899541378021	0.002264974405989051	0.0031693929340690374
94	excitement	../Syntropy_Result_Finals/Models/Model_Journal_Tuned35	../Syntropy_Result_Finals/Models/Model_Journal_Tuned35	excitement	0.3806966245174408	0.012242157943546772	0.0034804255701601505	0.12226316332817078	0.014913326129317284	0.0038498281501233578	0.1813080906867981	0.22000297904014587	0.00524307182058692	0.0479833148419857	0.3806966245174408	0.003247797256335616	0.004769288469105959
95	joy	../Syntropy_Result_Finals/Models/Model_Journal_Tuned35	../Syntropy_Result_Finals/Models/Model_Journal_Tuned35	pride	0.413954496383667	0.01874878816306591	0.008624395355582237	0.23423835635185242	0.01719866693019867	0.009341269731521606	0.12317829579114914	0.413954496383667	0.006009588483721018	0.055792223662137985	0.10328321903944016	0.005022358614951372	0.004608396906405687
96	confusion	../Syntropy_Result_Finals/Models/Model_Journal_Tuned35	../Syntropy_Result_Finals/Models/Model_Journal_Tuned35	nervousness	0.43749627470970154	0.43749627470970154	0.07408764213323593	0.05533084645867348	0.08207184821367264	0.06077919155359268	0.03859391808509827	0.02145140804350376	0.07408812642097473	0.043689366430044174	0.013617090880870819	0.01768004149198532	0.08111434429883957
97	disgust	../Syntropy_Result_Finals/Models/Model_Journal_Tuned35	../Syntropy_Result_Finals/Models/Model_Journal_Tuned35	nervousness	0.3076421022415161	0.3076421022415161	0.17942218482494354	0.0419304259121418	0.03440012037754059	0.02568334899842739	0.047006119042634964	0.0521240308880806	0.1445637345314026	0.027111155912280083	0.023840509355068207	0.04973982647061348	0.06653638929128647
98	joy	../Syntropy_Result_Finals/Models/Model_Journal_Tuned35	../Syntropy_Result_Finals/Models/Model_Journal_Tuned35	joy	0.5599753856658936	0.005678136833012104	0.004739013500511646	0.3236129879951477	0.005293367896229029	0.002153045265004039	0.5599753856658936	0.02271605283021927	0.002790305530652404	0.009958249516785145	0.05748175084590912	0.002735994290560484	0.0028656763024628162
99	anger	../Syntropy_Result_Finals/Models/Model_Journal_Tuned35	../Syntropy_Result_Finals/Models/Model_Journal_Tuned35	joy	0.7815428972244263	0.003021224634721875	0.00260504730977118	0.11408670246601105	0.004595775157213211	0.002063989406451583	0.7815428972244263	0.01032694336026907	0.001934430212713778	0.006472236011177301	0.0696423277258873	0.00198740535415709	0.0017209404613822699
100	excitement	../Syntropy_Result_Finals/Models/Model_Journal_Tuned35	../Syntropy_Result_Finals/Models/Model_Journal_Tuned35	neutral	0.49058640003204346	0.023810947313904762	0.006724103819578886	0.49058640003204346	0.015420196577906609	0.010031817480921745	0.11095841228961945	0.1797027587890625	0.004305289592593908	0.04611290246248245	0.09441445022821426	0.007223028223961592	0.010709685273468494
101	joy	../Syntropy_Result_Finals/Models/Model_Journal_Tuned35	../Syntropy_Result_Finals/Models/Model_Journal_Tuned35	neutral	0.44039222598075867	0.0046087596565485	0.004788372665643692	0.44039222598075867	0.0059843217022717	0.0014360460918396711	0.424797922372818	0.009532474912703037	0.0032577533274888992	0.01791764609515667	0.08094258606433868	0.0032795099541544914	0.0030624023638665676
102	neutral	../Syntropy_Result_Finals/Models/Model_Journal_Tuned35	../Syntropy_Result_Finals/Models/Model_Journal_Tuned35	joy	0.44237321615219116	0.00648147938773036	0.003881828859448433	0.4271269738674164	0.007652622181922197	0.0020904073026031256	0.44237321615219116	0.014145948924124241	0.0029811749700456858	0.01875457353889942	0.06788325309753418	0.0031772598158568144	0.003451273078098893
103	joy	../Syntropy_Result_Finals/Models/Model_Journal_Tuned35	../Syntropy_Result_Finals/Models/Model_Journal_Tuned35	excitement	0.5422641634941101	0.007955021224915981	0.0018962877802550793	0.07492686063051224	0.010049991309642792	0.002553893718868494	0.15496118366718292	0.1252916008234024	0.003300610464066267	0.07052352279424667	0.5422641634941101	0.002783467061817646	0.0034933798015117645
104	excitement	../Syntropy_Result_Finals/Models/Model_Journal_Tuned35	../Syntropy_Result_Finals/Models/Model_Journal_Tuned35	neutral	0.36320844292640686	0.023666566237807274	0.005391756072640419	0.36320844292640686	0.016110386699438095	0.0102787921205163	0.21379506587982178	0.12220747023820877	0.006156621500849724	0.052741456776857376	0.17645710706710815	0.00468478724360466	0.0053015826269984245
105	pride	../Syntropy_Result_Finals/Models/Model_Journal_Tuned35	../Syntropy_Result_Finals/Models/Model_Journal_Tuned35	excitement	0.31243205070495605	0.010068027302622795	0.0024443778675049543	0.2262725681066513	0.011294537223875523	0.002615526085719466	0.2809062600135803	0.09773332625627518	0.0035055959597229958	0.045826103538274765	0.31243205070495605	0.003525210078805685	0.003376504871994257
106	excitement	../Syntropy_Result_Finals/Models/Model_Journal_Tuned35	../Syntropy_Result_Finals/Models/Model_Journal_Tuned35	pride	0.23456986248493195	0.15862354636192322	0.0223957858979702	0.17583636939525604	0.041258737444877625	0.030213069170713425	0.10541993379592896	0.23456986248493195	0.017680024728178978	0.09549631178379059	0.05623752996325493	0.020852167159318924	0.04141662269830704
107	neutral	../Syntropy_Result_Finals/Models/Model_Journal_Tuned35	../Syntropy_Result_Finals/Models/Model_Journal_Tuned35	neutral	0.567668080329895	0.03219486400485039	0.00867551565170288	0.567668080329895	0.01586333103477955	0.015458405949175358	0.0925738513469696	0.12035606801509857	0.007036394439637661	0.06348114460706711	0.04991026595234871	0.015667444095015526	0.011114539578557014
108	surprise	../Syntropy_Result_Finals/Models/Model_Journal_Tuned35	../Syntropy_Result_Finals/Models/Model_Journal_Tuned35	excitement	0.5029920339584351	0.008340897969901562	0.00209376635029912	0.12434114515781403	0.008029433898627758	0.0023695167619735003	0.18516689538955688	0.10056022554636002	0.0034197159111499786	0.05749194696545601	0.5029920339584351	0.0023715649731457233	0.0028228305745869875
109	pride	../Syntropy_Result_Finals/Models/Model_Journal_Tuned35	../Syntropy_Result_Finals/Models/Model_Journal_Tuned35	pride	0.3340397775173187	0.02378118969500065	0.00509653752669692	0.15150903165340424	0.014427642337977886	0.005528394132852554	0.14974981546401978	0.3340397775173187	0.006825197953730822	0.06693722307682037	0.22999358177185059	0.005361536517739296	0.006750128231942654
110	excitement	../Syntropy_Result_Finals/Models/Model_Journal_Tuned35	../Syntropy_Result_Finals/Models/Model_Journal_Tuned35	joy	0.4593231976032257	0.005296889692544937	0.0024958131834864616	0.12978923320770264	0.0054545472376048565	0.0027473352383822203	0.4593231976032257	0.03840695321559906	0.0016637080116197467	0.013946367427706718	0.3368428349494934	0.002343596890568733	0.0016894660657271743
111	pride	../Syntropy_Result_Finals/Models/Model_Journal_Tuned35	../Syntropy_Result_Finals/Models/Model_Journal_Tuned35	joy	0.4625551104545593	0.006625152193009853	0.0033686859533190727	0.1365358829498291	0.008681929670274258	0.002220716793090105	0.4625551104545593	0.026902707293629646	0.0043297684751451015	0.03368036076426506	0.3087192475795746	0.0025989229325205088	0.0037814718671143055
112	joy	../Syntropy_Result_Finals/Models/Model_Journal_Tuned35	../Syntropy_Result_Finals/Models/Model_Journal_Tuned35	neutral	0.7815777659416199	0.011967753991484642	0.009791746735572815	0.7815777659416199	0.008125686086714268	0.004096345044672489	0.13106375932693481	0.010605080984532833	0.002692843321710825	0.01065840944647789	0.01599055528640747	0.007130651269108057	0.006299388594925404
113	joy	../Syntropy_Result_Finals/Models/Model_Journal_Tuned35	../Syntropy_Result_Finals/Models/Model_Journal_Tuned35	neutral	0.512048602104187	0.05372406542301178	0.0822829008102417	0.512048602104187	0.021103007718920708	0.02486814558506012	0.17031078040599823	0.06968946754932404	0.008253131993114948	0.015975968912243843	0.015917107462882996	0.011952823027968407	0.013874002732336521
114	excitement	../Syntropy_Result_Finals/Models/Model_Journal_Tuned35	../Syntropy_Result_Finals/Models/Model_Journal_Tuned35	sadness	0.4996488690376282	0.16890157759189606	0.4996488690376282	0.07569414377212524	0.026333201676607132	0.025740383192896843	0.08525259047746658	0.02297796495258808	0.03248974308371544	0.022473493590950966	0.01567617990076542	0.006850639823824167	0.017961228266358376
115	neutral	../Syntropy_Result_Finals/Models/Model_Journal_Tuned35	../Syntropy_Result_Finals/Models/Model_Journal_Tuned35	neutral	0.6864256262779236	0.011461716145277023	0.003468177979812026	0.6864256262779236	0.010153147391974926	0.0032736945431679487	0.1884809285402298	0.02748733013868332	0.0024942855816334486	0.017190925776958466	0.04103156179189682	0.0048525454476475716	0.0036800294183194637
116	pride	../Syntropy_Result_Finals/Models/Model_Journal_Tuned35	../Syntropy_Result_Finals/Models/Model_Journal_Tuned35	neutral	0.48102736473083496	0.015741722658276558	0.0061632185243070126	0.48102736473083496	0.00755893811583519	0.0035230976063758135	0.2683171331882477	0.06555034965276718	0.0038077752105891705	0.02492823824286461	0.11665896326303482	0.002714448841288686	0.00400882912799716
117	nervousness	../Syntropy_Result_Finals/Models/Model_Journal_Tuned35	../Syntropy_Result_Finals/Models/Model_Journal_Tuned35	nervousness	0.613257110118866	0.613257110118866	0.016098130494356155	0.061814431101083755	0.05034130811691284	0.06822928786277771	0.048300791531801224	0.02012867107987404	0.01694840006530285	0.056784067302942276	0.025545496493577957	0.009012569673359394	0.013539731502532959
118	fear	../Syntropy_Result_Finals/Models/Model_Journal_Tuned35	../Syntropy_Result_Finals/Models/Model_Journal_Tuned35	nervousness	0.4723193645477295	0.4723193645477295	0.06123160943388939	0.08388808369636536	0.05167260766029358	0.06922169774770737	0.0646614208817482	0.03299896791577339	0.02305709943175316	0.030364781618118286	0.022200101986527443	0.0332677848637104	0.055116526782512665
119	surprise	../Syntropy_Result_Finals/Models/Model_Journal_Tuned35	../Syntropy_Result_Finals/Models/Model_Journal_Tuned35	joy	0.3742389380931854	0.008805783465504646	0.0027617320884019136	0.12168478220701218	0.011949649080634117	0.003179853083565831	0.3742389380931854	0.05255703628063202	0.006293456070125103	0.06643925607204437	0.3411155939102173	0.003447753144428134	0.00752608384937048
120	pride	../Syntropy_Result_Finals/Models/Model_Journal_Tuned35	../Syntropy_Result_Finals/Models/Model_Journal_Tuned35	pride	0.8178585767745972	0.020896639674901962	0.0036706742830574512	0.037291087210178375	0.011144162155687809	0.008622783236205578	0.02346169203519821	0.8178585767745972	0.0052414839155972	0.024190567433834076	0.03652077168226242	0.004764151759445667	0.006337480153888464
121	disgust	../Syntropy_Result_Finals/Models/Model_Journal_Tuned35	../Syntropy_Result_Finals/Models/Model_Journal_Tuned35	nervousness	0.24859032034873962	0.24859032034873962	0.07214611023664474	0.199449822306633	0.0505942702293396	0.028061170130968094	0.09416666626930237	0.0369296558201313	0.028844734653830528	0.06694881618022919	0.03623226657509804	0.047016944736242294	0.0910191684961319
122	pride	../Syntropy_Result_Finals/Models/Model_Journal_Tuned35	../Syntropy_Result_Finals/Models/Model_Journal_Tuned35	neutral	0.31407931447029114	0.06263670325279236	0.006635459139943123	0.31407931447029114	0.05159078538417816	0.022645846009254456	0.07034564018249512	0.19874712824821472	0.007075220812112093	0.1281265765428543	0.1099354475736618	0.01016384270042181	0.018018007278442383
123	neutral	../Syntropy_Result_Finals/Models/Model_Journal_Tuned35	../Syntropy_Result_Finals/Models/Model_Journal_Tuned35	pride	0.3868199288845062	0.010216719470918179	0.004186420701444149	0.12630420923233032	0.00897086039185524	0.0043893856927752495	0.2697105407714844	0.3868199288845062	0.002930250484496355	0.021299447864294052	0.15963351726531982	0.0032109085004776716	0.00232781283557415
124	neutral	../Syntropy_Result_Finals/Models/Model_Journal_Tuned35	../Syntropy_Result_Finals/Models/Model_Journal_Tuned35	excitement	0.416778028011322	0.011274171061813831	0.0034070885740220547	0.11884753406047821	0.013180005364120007	0.004615616984665394	0.32395774126052856	0.032269105315208435	0.006386451423168182	0.06136714667081833	0.416778028011322	0.002519774716347456	0.005397425498813391
125	excitement	../Syntropy_Result_Finals/Models/Model_Journal_Tuned35	../Syntropy_Result_Finals/Models/Model_Journal_Tuned35	pride	0.547597348690033	0.02943587116897106	0.005068569909781218	0.07624665647745132	0.016990605741739273	0.008658310398459435	0.061365507543087006	0.547597348690033	0.0066458070650696754	0.06544303894042969	0.16999979317188263	0.005002120044082403	0.007546336855739355
126	excitement	../Syntropy_Result_Finals/Models/Model_Journal_Tuned35	../Syntropy_Result_Finals/Models/Model_Journal_Tuned35	pride	0.4298492670059204	0.025432433933019638	0.005418271292001009	0.17618976533412933	0.014636233448982239	0.006770788691937923	0.11347457021474838	0.4298492670059204	0.005065310280770063	0.0740252211689949	0.1369583010673523	0.005273249465972185	0.006906661670655012
127	neutral	../Syntropy_Result_Finals/Models/Model_Journal_Tuned35	../Syntropy_Result_Finals/Models/Model_Journal_Tuned35	neutral	0.5464786291122437	0.008358157239854336	0.00661956612020731	0.5464786291122437	0.0063056242652237415	0.0018209468107670546	0.3262268900871277	0.01661699078977108	0.003948138561099768	0.020021285861730576	0.05623948574066162	0.004151079338043928	0.0032132533378899097
128	joy	../Syntropy_Result_Finals/Models/Model_Journal_Tuned35	../Syntropy_Result_Finals/Models/Model_Journal_Tuned35	joy	0.6116053462028503	0.004731384105980396	0.0057537187822163105	0.23154687881469727	0.004117518663406372	0.0019279749831184745	0.6116053462028503	0.02659687027335167	0.002166555030271411	0.013048536144196987	0.09482185542583466	0.0021824869327247143	0.0015008499613031745
129	nervousness	../Syntropy_Result_Finals/Models/Model_Journal_Tuned35	../Syntropy_Result_Finals/Models/Model_Journal_Tuned35	nervousness	0.5108986496925354	0.5108986496925354	0.06191648542881012	0.04875897988677025	0.09838943183422089	0.10871727019548416	0.0505530908703804	0.014099529013037682	0.0202462337911129	0.03479769453406334	0.011823249980807304	0.015993788838386536	0.02380562201142311
130	surprise	../Syntropy_Result_Finals/Models/Model_Journal_Tuned35	../Syntropy_Result_Finals/Models/Model_Journal_Tuned35	excitement	0.4167041480541229	0.01198533084243536	0.00263848970644176	0.066557876765728	0.01524042896926403	0.0032839681953191757	0.08993389457464218	0.08181913197040558	0.004403274040669203	0.30015653371810913	0.4167041480541229	0.0026101362891495228	0.004666769877076149
131	joy	../Syntropy_Result_Finals/Models/Model_Journal_Tuned35	../Syntropy_Result_Finals/Models/Model_Journal_Tuned35	joy	0.6048176288604736	0.002869687043130398	0.002931367140263319	0.2157134711742401	0.0033140392042696476	0.0013723706360906363	0.6048176288604736	0.016153007745742798	0.002349091460928321	0.011999445036053658	0.13486641645431519	0.0019046267261728644	0.001708823605440557
132	sadness	../Syntropy_Result_Finals/Models/Model_Journal_Tuned35	../Syntropy_Result_Finals/Models/Model_Journal_Tuned35	joy	0.32927730679512024	0.013202007859945297	0.012587271630764008	0.2158488780260086	0.0077466401271522045	0.004102034959942102	0.32927730679512024	0.10048719495534897	0.0055558993481099606	0.05847353860735893	0.2469424605369568	0.002562218578532338	0.003214536001905799
133	neutral	../Syntropy_Result_Finals/Models/Model_Journal_Tuned35	../Syntropy_Result_Finals/Models/Model_Journal_Tuned35	neutral	0.30624985694885254	0.04699523001909256	0.007467757444828749	0.30624985694885254	0.01771688647568226	0.007776663172990084	0.15466174483299255	0.2868574559688568	0.006636063102632761	0.05839965492486954	0.08955999463796616	0.007038461975753307	0.010640259832143784
134	pride	../Syntropy_Result_Finals/Models/Model_Journal_Tuned35	../Syntropy_Result_Finals/Models/Model_Journal_Tuned35	neutral	0.3124848008155823	0.02836787700653076	0.005794276483356953	0.3124848008155823	0.016337351873517036	0.007101466413587332	0.18805555999279022	0.2728593051433563	0.0047741965390741825	0.051008190959692	0.10166911035776138	0.005479589570313692	0.006068303715437651
135	neutral	../Syntropy_Result_Finals/Models/Model_Journal_Tuned35	../Syntropy_Result_Finals/Models/Model_Journal_Tuned35	nervousness	0.3659484386444092	0.3659484386444092	0.059643376618623734	0.16859649121761322	0.051139019429683685	0.04213368520140648	0.06535892188549042	0.04457394778728485	0.03896523267030716	0.04387151077389717	0.015525738708674908	0.01607811450958252	0.0881655290722847
136	excitement	../Syntropy_Result_Finals/Models/Model_Journal_Tuned35	../Syntropy_Result_Finals/Models/Model_Journal_Tuned35	joy	0.32099178433418274	0.038543909788131714	0.03507107496261597	0.16407999396324158	0.017618849873542786	0.008908683434128761	0.32099178433418274	0.051824599504470825	0.01115489099174738	0.10221714526414871	0.23820966482162476	0.003987804055213928	0.007391507737338543
137	excitement	../Syntropy_Result_Finals/Models/Model_Journal_Tuned35	../Syntropy_Result_Finals/Models/Model_Journal_Tuned35	joy	0.44583630561828613	0.005856436677277088	0.0022970919962972403	0.15716640651226044	0.006552011705935001	0.0017856507329270244	0.44583630561828613	0.048703793436288834	0.0033440934494137764	0.040946852415800095	0.28044965863227844	0.0035332508850842714	0.003528462490066886
138	neutral	../Syntropy_Result_Finals/Models/Model_Journal_Tuned35	../Syntropy_Result_Finals/Models/Model_Journal_Tuned35	joy	0.4223490357398987	0.00733047304674983	0.003887779079377651	0.3681354820728302	0.006622751709073782	0.0019319108687341213	0.4223490357398987	0.02877761982381344	0.0035255684051662683	0.032336585223674774	0.1193322092294693	0.002781681250780821	0.0029889196157455444
139	pride	../Syntropy_Result_Finals/Models/Model_Journal_Tuned35	../Syntropy_Result_Finals/Models/Model_Journal_Tuned35	pride	0.3732965886592865	0.0380912646651268	0.005792196374386549	0.14222195744514465	0.020964451134204865	0.008938140235841274	0.088385209441185	0.3732965886592865	0.006418281234800816	0.09586191922426224	0.20519082248210907	0.006160585675388575	0.008678576909005642
140	neutral	../Syntropy_Result_Finals/Models/Model_Journal_Tuned35	../Syntropy_Result_Finals/Models/Model_Journal_Tuned35	neutral	0.5035209059715271	0.014324494637548923	0.009002111852169037	0.5035209059715271	0.007670812774449587	0.005018259864300489	0.35934770107269287	0.032280195504426956	0.002587777329608798	0.013916281051933765	0.04349655658006668	0.004724390804767609	0.004110613372176886
141	surprise	../Syntropy_Result_Finals/Models/Model_Journal_Tuned35	../Syntropy_Result_Finals/Models/Model_Journal_Tuned35	surprise	0.5144178867340088	0.01596326008439064	0.007981146685779095	0.16323640942573547	0.02403677999973297	0.003776262514293194	0.11846751719713211	0.01633859984576702	0.01403784565627575	0.5144178867340088	0.108909972012043	0.00514326011762023	0.007691037375479937
142	neutral	../Syntropy_Result_Finals/Models/Model_Journal_Tuned35	../Syntropy_Result_Finals/Models/Model_Journal_Tuned35	joy	0.5141012072563171	0.004066929221153259	0.0036749562714248896	0.2727913558483124	0.0054159825667738914	0.0014526183949783444	0.5141012072563171	0.01715506799519062	0.003088246565312147	0.02237430028617382	0.1502629965543747	0.0032707923091948032	0.002345576649531722
143	pride	../Syntropy_Result_Finals/Models/Model_Journal_Tuned35	../Syntropy_Result_Finals/Models/Model_Journal_Tuned35	joy	0.49805399775505066	0.01083564292639494	0.005818416830152273	0.27461156249046326	0.009588145650923252	0.0024725841358304024	0.49805399775505066	0.036942530423402786	0.003860285971313715	0.029715850949287415	0.12032065540552139	0.0034520383924245834	0.004328327719122171
144	pride	../Syntropy_Result_Finals/Models/Model_Journal_Tuned35	../Syntropy_Result_Finals/Models/Model_Journal_Tuned35	pride	0.574535071849823	0.02192573808133602	0.0036199847236275673	0.08304814994335175	0.012263916432857513	0.005789559334516525	0.08645101636648178	0.574535071849823	0.004745414946228266	0.04920279607176781	0.14896002411842346	0.0035482451785355806	0.005910045932978392
145	neutral	../Syntropy_Result_Finals/Models/Model_Journal_Tuned35	../Syntropy_Result_Finals/Models/Model_Journal_Tuned35	neutral	0.5192705988883972	0.04520467668771744	0.012784053571522236	0.5192705988883972	0.02285275235772133	0.009328276850283146	0.1564539223909378	0.1113259419798851	0.006551236379891634	0.044075556099414825	0.0471087209880352	0.010083064436912537	0.01496128924190998
146	joy	../Syntropy_Result_Finals/Models/Model_Journal_Tuned35	../Syntropy_Result_Finals/Models/Model_Journal_Tuned35	joy	0.4677223563194275	0.008902915753424168	0.0042317090556025505	0.12357378005981445	0.012061398476362228	0.0034708266612142324	0.4677223563194275	0.036310333758592606	0.008602897636592388	0.04531003162264824	0.2780894339084625	0.004381570965051651	0.0073427665047347546
147	joy	../Syntropy_Result_Finals/Models/Model_Journal_Tuned35	../Syntropy_Result_Finals/Models/Model_Journal_Tuned35	excitement	0.3778785169124603	0.0052550057880580425	0.003151330165565014	0.11373458802700043	0.0055711641907691956	0.0018858269322663546	0.3630674183368683	0.09041935950517654	0.0032417739275842905	0.03184200078248978	0.3778785169124603	0.0017502340488135815	0.0022028381936252117
148	excitement	../Syntropy_Result_Finals/Models/Model_Journal_Tuned35	../Syntropy_Result_Finals/Models/Model_Journal_Tuned35	joy	0.40287432074546814	0.005541067570447922	0.003938120789825916	0.1500207632780075	0.01057297270745039	0.0025425059720873833	0.40287432074546814	0.020688116550445557	0.005777386948466301	0.038288190960884094	0.35160571336746216	0.003710521385073662	0.004440247546881437
149	joy	../Syntropy_Result_Finals/Models/Model_Journal_Tuned35	../Syntropy_Result_Finals/Models/Model_Journal_Tuned35	excitement	0.5126112103462219	0.004841797985136509	0.0018737844657152891	0.07337845116853714	0.007123698014765978	0.0025312306825071573	0.31357187032699585	0.03750921040773392	0.0033984838519245386	0.03672875091433525	0.5126112103462219	0.0024837024975568056	0.00394779397174716
150	neutral	../Syntropy_Result_Finals/Models/Model_Journal_Tuned35	../Syntropy_Result_Finals/Models/Model_Journal_Tuned35	joy	0.5301767587661743	0.005534146912395954	0.002602966036647558	0.11995508521795273	0.006022290792316198	0.0019266515737399459	0.5301767587661743	0.03629318252205849	0.0034405223559588194	0.03318758308887482	0.2554877996444702	0.0022040887270122766	0.003168910974636674
151	excitement	../Syntropy_Result_Finals/Models/Model_Journal_Tuned35	../Syntropy_Result_Finals/Models/Model_Journal_Tuned35	neutral	0.506488561630249	0.05107864364981651	0.01678314059972763	0.506488561630249	0.019859621301293373	0.024216143414378166	0.1419612169265747	0.15901832282543182	0.00497536500915885	0.027975449338555336	0.01826593279838562	0.01798066310584545	0.011396846733987331
152	nervousness	../Syntropy_Result_Finals/Models/Model_Journal_Tuned35	../Syntropy_Result_Finals/Models/Model_Journal_Tuned35	neutral	0.6023631691932678	0.007494207937270403	0.004987122491002083	0.6023631691932678	0.006961531937122345	0.002365855500102043	0.17576463520526886	0.024959435686469078	0.002845453331246972	0.020930718630552292	0.14357465505599976	0.004477931186556816	0.0032754105050116777
153	joy	../Syntropy_Result_Finals/Models/Model_Journal_Tuned35	../Syntropy_Result_Finals/Models/Model_Journal_Tuned35	neutral	0.8056680560112	0.008406773209571838	0.011038972064852715	0.8056680560112	0.0077864327467978	0.0020816491451114416	0.11313078552484512	0.007791235111653805	0.003721154062077403	0.013070892542600632	0.018409866839647293	0.004262042231857777	0.004632208496332169
154	excitement	../Syntropy_Result_Finals/Models/Model_Journal_Tuned35	../Syntropy_Result_Finals/Models/Model_Journal_Tuned35	neutral	0.678719699382782	0.013780666515231133	0.00970058050006628	0.678719699382782	0.009669863618910313	0.002994104754179716	0.22078824043273926	0.013017469085752964	0.003342392621561885	0.015583407133817673	0.023622196167707443	0.004462485667318106	0.004318776074796915
155	excitement	../Syntropy_Result_Finals/Models/Model_Journal_Tuned35	../Syntropy_Result_Finals/Models/Model_Journal_Tuned35	pride	0.7198942303657532	0.01614282839000225	0.0027097505517303944	0.035885341465473175	0.01069655828177929	0.004607746843248606	0.0434974804520607	0.7198942303657532	0.005566246807575226	0.036601558327674866	0.11647697538137436	0.0030915674287825823	0.004829773213714361
156	surprise	../Syntropy_Result_Finals/Models/Model_Journal_Tuned35	../Syntropy_Result_Finals/Models/Model_Journal_Tuned35	joy	0.4226541519165039	0.005272695794701576	0.0021428135223686695	0.08201095461845398	0.005822998937219381	0.002052861964330077	0.4226541519165039	0.05826893448829651	0.003527421271428466	0.0325089693069458	0.3796662390232086	0.0028838529251515865	0.003188088070601225
157	excitement	../Syntropy_Result_Finals/Models/Model_Journal_Tuned35	../Syntropy_Result_Finals/Models/Model_Journal_Tuned35	neutral	0.3844228684902191	0.031771477311849594	0.003890154417604208	0.3844228684902191	0.01712978444993496	0.006540908012539148	0.1992853730916977	0.12211817502975464	0.005229231435805559	0.06567241251468658	0.15259316563606262	0.005510952323675156	0.005835521500557661
158	pride	../Syntropy_Result_Finals/Models/Model_Journal_Tuned35	../Syntropy_Result_Finals/Models/Model_Journal_Tuned35	surprise	0.3202019929885864	0.12306879460811615	0.007799877785146236	0.15120339393615723	0.04152446612715721	0.02505040541291237	0.08209219574928284	0.08322551101446152	0.008444705046713352	0.3202019929885864	0.13795067369937897	0.007128862664103508	0.012309221550822258
159	confusion	../Syntropy_Result_Finals/Models/Model_Journal_Tuned35	../Syntropy_Result_Finals/Models/Model_Journal_Tuned35	nervousness	0.2917836308479309	0.2917836308479309	0.04293612390756607	0.09146957099437714	0.1673373281955719	0.028338519856333733	0.03782984986901283	0.01642848737537861	0.11288604140281677	0.08952481299638748	0.0265123900026083	0.016639001667499542	0.07831417769193649
160	pride	../Syntropy_Result_Finals/Models/Model_Journal_Tuned35	../Syntropy_Result_Finals/Models/Model_Journal_Tuned35	joy	0.484287828207016	0.0054434784688055515	0.004949433729052544	0.32289785146713257	0.005619627423584461	0.0013905004598200321	0.484287828207016	0.018358798697590828	0.003004692727699876	0.020834416151046753	0.12794607877731323	0.0025858802255243063	0.0026813626755028963
161	pride	../Syntropy_Result_Finals/Models/Model_Journal_Tuned35	../Syntropy_Result_Finals/Models/Model_Journal_Tuned35	pride	0.42478272318840027	0.010335130617022514	0.004876120947301388	0.14847800135612488	0.008965104818344116	0.0037843561731278896	0.2599307596683502	0.42478272318840027	0.003163587301969528	0.020394930616021156	0.11020264774560928	0.0026440501678735018	0.0024425112642347813
162	neutral	../Syntropy_Result_Finals/Models/Model_Journal_Tuned35	../Syntropy_Result_Finals/Models/Model_Journal_Tuned35	neutral	0.41968968510627747	0.1474250853061676	0.02315804548561573	0.41968968510627747	0.05458902195096016	0.06044776365160942	0.0828116238117218	0.027848193421959877	0.032302018254995346	0.04448265954852104	0.023793423548340797	0.019742511212825775	0.06371007859706879
163	neutral	../Syntropy_Result_Finals/Models/Model_Journal_Tuned35	../Syntropy_Result_Finals/Models/Model_Journal_Tuned35	neutral	0.4735778570175171	0.1357230395078659	0.027804121375083923	0.4735778570175171	0.032689861953258514	0.014005144126713276	0.1283717155456543	0.038756076246500015	0.01347749400883913	0.06270112842321396	0.03898462653160095	0.011955097317695618	0.021953890100121498
164	excitement	../Syntropy_Result_Finals/Models/Model_Journal_Tuned35	../Syntropy_Result_Finals/Models/Model_Journal_Tuned35	neutral	0.5751368403434753	0.008917472325265408	0.010257738642394543	0.5751368403434753	0.0061984616331756115	0.003329763188958168	0.31335797905921936	0.025123177096247673	0.0029689534567296505	0.014436059631407261	0.03074580244719982	0.00590056786313653	0.0036272902507334948
165	nervousness	../Syntropy_Result_Finals/Models/Model_Journal_Tuned35	../Syntropy_Result_Finals/Models/Model_Journal_Tuned35	nervousness	0.5915306806564331	0.5915306806564331	0.008472107350826263	0.02759195864200592	0.025970537215471268	0.19064712524414062	0.03013182431459427	0.022862879559397697	0.014664855785667896	0.028730470687150955	0.00826750136911869	0.006862465292215347	0.04426755756139755
166	excitement	../Syntropy_Result_Finals/Models/Model_Journal_Tuned35	../Syntropy_Result_Finals/Models/Model_Journal_Tuned35	pride	0.7459772229194641	0.019396120682358742	0.004012770485132933	0.04231464862823486	0.008809424936771393	0.006098651327192783	0.04041430726647377	0.7459772229194641	0.004404456354677677	0.029865333810448647	0.08932869881391525	0.003918631933629513	0.005459715146571398
167	joy	../Syntropy_Result_Finals/Models/Model_Journal_Tuned35	../Syntropy_Result_Finals/Models/Model_Journal_Tuned35	joy	0.34769734740257263	0.04000295326113701	0.021687164902687073	0.30568456649780273	0.022802608087658882	0.009520241990685463	0.34769734740257263	0.04954708740115166	0.01701989397406578	0.06532380729913712	0.09235449880361557	0.008655433543026447	0.019704438745975494
168	neutral	../Syntropy_Result_Finals/Models/Model_Journal_Tuned35	../Syntropy_Result_Finals/Models/Model_Journal_Tuned35	neutral	0.37341320514678955	0.006593097932636738	0.0039047657046467066	0.37341320514678955	0.007846245542168617	0.0018137472216039896	0.3585146963596344	0.019912239164114	0.0030804662965238094	0.02565303072333336	0.19411210715770721	0.0026485321577638388	0.002507941098883748
169	nervousness	../Syntropy_Result_Finals/Models/Model_Journal_Tuned35	../Syntropy_Result_Finals/Models/Model_Journal_Tuned35	pride	0.805499792098999	0.027396785095334053	0.00401794770732522	0.03754650056362152	0.012691459618508816	0.009897828102111816	0.023495212197303772	0.805499792098999	0.00693233497440815	0.029328031465411186	0.031822215765714645	0.00400832062587142	0.007363537792116404
170	neutral	../Syntropy_Result_Finals/Models/Model_Journal_Tuned35	../Syntropy_Result_Finals/Models/Model_Journal_Tuned35	neutral	0.47606024146080017	0.017046095803380013	0.008068408817052841	0.47606024146080017	0.011769778095185757	0.00428581889718771	0.22932524979114532	0.13588322699069977	0.004483993165194988	0.03593505918979645	0.06451096385717392	0.0068511986173689365	0.005780023522675037
171	pride	../Syntropy_Result_Finals/Models/Model_Journal_Tuned35	../Syntropy_Result_Finals/Models/Model_Journal_Tuned35	pride	0.7513293027877808	0.016077594831585884	0.0028753522783517838	0.03956501558423042	0.010047011077404022	0.00518453074619174	0.04715009406208992	0.7513293027877808	0.004274964798241854	0.02520579844713211	0.09184025228023529	0.0024350641760975122	0.004015065263956785
172	excitement	../Syntropy_Result_Finals/Models/Model_Journal_Tuned35	../Syntropy_Result_Finals/Models/Model_Journal_Tuned35	excitement	0.4766320288181305	0.0067011509090662	0.0019534882158041	0.07245150208473206	0.007053957786411047	0.0023346536327153444	0.2653452157974243	0.11130174249410629	0.0037275420036166906	0.0472029484808445	0.4766320288181305	0.0023365537635982037	0.002959220902994275
173	neutral	../Syntropy_Result_Finals/Models/Model_Journal_Tuned35	../Syntropy_Result_Finals/Models/Model_Journal_Tuned35	neutral	0.7806422114372253	0.01215826440602541	0.007544221356511116	0.7806422114372253	0.007946638390421867	0.0023629770148545504	0.12005843222141266	0.012102828361093998	0.0032248913776129484	0.017471088096499443	0.02537921443581581	0.006022615358233452	0.005086670629680157
174	excitement	../Syntropy_Result_Finals/Models/Model_Journal_Tuned35	../Syntropy_Result_Finals/Models/Model_Journal_Tuned35	pride	0.5501471757888794	0.026685025542974472	0.0042405216954648495	0.06257090717554092	0.01988767646253109	0.007450549863278866	0.07110869884490967	0.5501471757888794	0.006872502621263266	0.06297466903924942	0.17644387483596802	0.004075298085808754	0.007543120998889208
175	excitement	../Syntropy_Result_Finals/Models/Model_Journal_Tuned35	../Syntropy_Result_Finals/Models/Model_Journal_Tuned35	pride	0.3559870421886444	0.023230725899338722	0.004295133985579014	0.1097341775894165	0.01296296063810587	0.0048072077333927155	0.15073290467262268	0.3559870421886444	0.005408937111496925	0.0663207620382309	0.2563405930995941	0.004651065915822983	0.005528378300368786
176	joy	../Syntropy_Result_Finals/Models/Model_Journal_Tuned35	../Syntropy_Result_Finals/Models/Model_Journal_Tuned35	neutral	0.3979068696498871	0.006253961939364672	0.004785316530615091	0.3979068696498871	0.006553576793521643	0.0017042942345142365	0.3786780834197998	0.03135739639401436	0.0032114703208208084	0.02458994649350643	0.13861992955207825	0.003613819135352969	0.0027253676671534777
177	neutral	../Syntropy_Result_Finals/Models/Model_Journal_Tuned35	../Syntropy_Result_Finals/Models/Model_Journal_Tuned35	joy	0.3373352587223053	0.018775636330246925	0.006066026631742716	0.26459893584251404	0.013674180954694748	0.0030337858479470015	0.3373352587223053	0.12271345406770706	0.004918479360640049	0.06997732073068619	0.150705486536026	0.0033289792481809855	0.004872353281825781
178	pride	../Syntropy_Result_Finals/Models/Model_Journal_Tuned35	../Syntropy_Result_Finals/Models/Model_Journal_Tuned35	excitement	0.513077437877655	0.0031746248714625835	0.0020857765339314938	0.10819416493177414	0.006232012994587421	0.0016643950948491693	0.3204464018344879	0.015829011797904968	0.0022473984863609076	0.0233317743986845	0.513077437877655	0.0020774498116225004	0.0016395890852436423
179	neutral	../Syntropy_Result_Finals/Models/Model_Journal_Tuned35	../Syntropy_Result_Finals/Models/Model_Journal_Tuned35	pride	0.43746447563171387	0.0344778373837471	0.005842883139848709	0.163726806640625	0.016946734860539436	0.006875897757709026	0.11454641073942184	0.43746447563171387	0.005910680163651705	0.061071451753377914	0.13971343636512756	0.005760345607995987	0.007663065567612648
180	pride	../Syntropy_Result_Finals/Models/Model_Journal_Tuned35	../Syntropy_Result_Finals/Models/Model_Journal_Tuned35	excitement	0.46844273805618286	0.008517286740243435	0.0025607675779610872	0.0730162113904953	0.009725219570100307	0.0034440839663147926	0.15301145613193512	0.19623246788978577	0.0036703627556562424	0.07485634833574295	0.46844273805618286	0.00301474891602993	0.0035082802642136812
181	joy	../Syntropy_Result_Finals/Models/Model_Journal_Tuned35	../Syntropy_Result_Finals/Models/Model_Journal_Tuned35	joy	0.6441745162010193	0.003160961903631687	0.0025695303920656443	0.13151097297668457	0.003893056884407997	0.0012462885351851583	0.6441745162010193	0.02323129028081894	0.0020156821701675653	0.010075432248413563	0.1751922219991684	0.0014814198948442936	0.0014486790169030428
182	pride	../Syntropy_Result_Finals/Models/Model_Journal_Tuned35	../Syntropy_Result_Finals/Models/Model_Journal_Tuned35	pride	0.7734247446060181	0.018922653049230576	0.002892143093049526	0.03198262304067612	0.010504525154829025	0.00598716177046299	0.034792460501194	0.7734247446060181	0.00451729167252779	0.02812284044921398	0.08086057007312775	0.003104644361883402	0.0048882849514484406
183	joy	../Syntropy_Result_Finals/Models/Model_Journal_Tuned35	../Syntropy_Result_Finals/Models/Model_Journal_Tuned35	joy	0.5539445281028748	0.004588918294757605	0.004153960384428501	0.23775018751621246	0.0067422217689454556	0.0014476686483249068	0.5539445281028748	0.015346175990998745	0.0034891029354184866	0.019126813858747482	0.14792707562446594	0.002614782890304923	0.002868548734113574
184	excitement	../Syntropy_Result_Finals/Models/Model_Journal_Tuned35	../Syntropy_Result_Finals/Models/Model_Journal_Tuned35	joy	0.335896760225296	0.010722520761191845	0.002936676377430558	0.20350991189479828	0.008579088374972343	0.0030602929182350636	0.335896760225296	0.08714550733566284	0.0027331961318850517	0.03537601977586746	0.3042660653591156	0.00307536032050848	0.0026985376607626677
185	pride	../Syntropy_Result_Finals/Models/Model_Journal_Tuned35	../Syntropy_Result_Finals/Models/Model_Journal_Tuned35	pride	0.8097065687179565	0.027146464213728905	0.004015385173261166	0.03598487749695778	0.011715922504663467	0.010630112141370773	0.025616781786084175	0.8097065687179565	0.006910578813403845	0.029225843027234077	0.026276329532265663	0.004086412955075502	0.008684641681611538
186	neutral	../Syntropy_Result_Finals/Models/Model_Journal_Tuned35	../Syntropy_Result_Finals/Models/Model_Journal_Tuned35	neutral	0.6215835213661194	0.0776355117559433	0.06344537436962128	0.6215835213661194	0.020499400794506073	0.015083149075508118	0.07246414572000504	0.02139066904783249	0.010778387077152729	0.01915855146944523	0.01141729298979044	0.023544663563370705	0.04299931228160858
187	neutral	../Syntropy_Result_Finals/Models/Model_Journal_Tuned35	../Syntropy_Result_Finals/Models/Model_Journal_Tuned35	joy	0.5203074812889099	0.005351753905415535	0.007770194206386805	0.30036455392837524	0.005343331489712	0.0029155409429222345	0.5203074812889099	0.057655900716781616	0.0020983607973903418	0.014141309075057507	0.07952337712049484	0.0026591429486870766	0.0018689694115892053
188	excitement	../Syntropy_Result_Finals/Models/Model_Journal_Tuned35	../Syntropy_Result_Finals/Models/Model_Journal_Tuned35	joy	0.310668021440506	0.014356360770761967	0.003909013234078884	0.20686078071594238	0.014731267467141151	0.0031577215995639563	0.310668021440506	0.07778027653694153	0.00512781273573637	0.06685575842857361	0.28542718291282654	0.005497265141457319	0.005628402344882488
189	pride	../Syntropy_Result_Finals/Models/Model_Journal_Tuned35	../Syntropy_Result_Finals/Models/Model_Journal_Tuned35	joy	0.540920078754425	0.005665660835802555	0.006069764960557222	0.32935667037963867	0.005215876270085573	0.002142174867913127	0.540920078754425	0.016891149803996086	0.002260227221995592	0.012211799621582031	0.07349959760904312	0.003264013445004821	0.0025029615499079227
190	neutral	../Syntropy_Result_Finals/Models/Model_Journal_Tuned35	../Syntropy_Result_Finals/Models/Model_Journal_Tuned35	joy	0.4714517593383789	0.00490922387689352	0.00470823235809803	0.3415663540363312	0.006040729582309723	0.0014774010051041842	0.4714517593383789	0.017130862921476364	0.0032022877130657434	0.020107422024011612	0.12481030821800232	0.0024264405947178602	0.0021690039429813623
191	anger	../Syntropy_Result_Finals/Models/Model_Journal_Tuned35	../Syntropy_Result_Finals/Models/Model_Journal_Tuned35	disgust	0.31253278255462646	0.15183936059474945	0.023392794653773308	0.1162145659327507	0.024406567215919495	0.05934932082891464	0.04189878702163696	0.05802987888455391	0.07211165130138397	0.03165774792432785	0.015451890416443348	0.0931146964430809	0.31253278255462646
192	joy	../Syntropy_Result_Finals/Models/Model_Journal_Tuned35	../Syntropy_Result_Finals/Models/Model_Journal_Tuned35	neutral	0.4434906542301178	0.005820378661155701	0.003223357256501913	0.4434906542301178	0.005847155582159758	0.0016571222804486752	0.3723485469818115	0.026253188028931618	0.002492161002010107	0.022677961736917496	0.11087220162153244	0.002709433902055025	0.002607760252431035
193	neutral	../Syntropy_Result_Finals/Models/Model_Journal_Tuned35	../Syntropy_Result_Finals/Models/Model_Journal_Tuned35	neutral	0.6444610357284546	0.03291891887784004	0.0055765146389603615	0.6444610357284546	0.02087513729929924	0.010400739498436451	0.08353738486766815	0.10549558699131012	0.004557151813060045	0.030594758689403534	0.03741660341620445	0.013702208176255226	0.010464025661349297
194	pride	../Syntropy_Result_Finals/Models/Model_Journal_Tuned35	../Syntropy_Result_Finals/Models/Model_Journal_Tuned35	joy	0.4319600760936737	0.005170202814042568	0.0024169576354324818	0.13256846368312836	0.006317265797406435	0.00203228578902781	0.4319600760936737	0.04881634563207626	0.003571112174540758	0.041197340935468674	0.320425808429718	0.002635419135913253	0.0028887030202895403
195	neutral	../Syntropy_Result_Finals/Models/Model_Journal_Tuned35	../Syntropy_Result_Finals/Models/Model_Journal_Tuned35	neutral	0.3898623287677765	0.09589897096157074	0.0305373203009367	0.3898623287677765	0.026988865807652473	0.01962287351489067	0.21282263100147247	0.06177202984690666	0.015808751806616783	0.06415318697690964	0.039159759879112244	0.018776006996631622	0.02459726482629776
196	excitement	../Syntropy_Result_Finals/Models/Model_Journal_Tuned35	../Syntropy_Result_Finals/Models/Model_Journal_Tuned35	excitement	0.29073962569236755	0.009320811368525028	0.00322302826680243	0.17915841937065125	0.008252612315118313	0.0033504364546388388	0.21750006079673767	0.2419615536928177	0.00266343099065125	0.036807842552661896	0.29073962569236755	0.004051249474287033	0.0029709842056035995
197	nervousness	../Syntropy_Result_Finals/Models/Model_Journal_Tuned35	../Syntropy_Result_Finals/Models/Model_Journal_Tuned35	pride	0.7923769354820251	0.02690524235367775	0.003623613389208913	0.03921924903988838	0.01126892026513815	0.010035362094640732	0.025209037587046623	0.7923769354820251	0.00590054877102375	0.030781162902712822	0.04302116483449936	0.0038983956910669804	0.0077604008838534355
198	surprise	../Syntropy_Result_Finals/Models/Model_Journal_Tuned35	../Syntropy_Result_Finals/Models/Model_Journal_Tuned35	neutral	0.32590678334236145	0.07509418576955795	0.012849710881710052	0.32590678334236145	0.022922389209270477	0.0155461635440588	0.09294579178094864	0.1565619856119156	0.006800306960940361	0.09271470457315445	0.16308815777301788	0.012277309782803059	0.02329251915216446
199	pride	../Syntropy_Result_Finals/Models/Model_Journal_Tuned35	../Syntropy_Result_Finals/Models/Model_Journal_Tuned35	joy	0.5034453272819519	0.005708834156394005	0.005771007388830185	0.33265048265457153	0.0057105193845927715	0.0017119651893153787	0.5034453272819519	0.016665108501911163	0.00312426988966763	0.017111491411924362	0.10228432714939117	0.002983253914862871	0.0028334681410342455
200	joy	../Syntropy_Result_Finals/Models/Model_Journal_Tuned35	../Syntropy_Result_Finals/Models/Model_Journal_Tuned35	excitement	0.48257210850715637	0.01456123311072588	0.0032509751617908478	0.14482761919498444	0.009502997621893883	0.0054113538935780525	0.13945648074150085	0.08845312893390656	0.005486292764544487	0.09420432895421982	0.48257210850715637	0.0042379810474812984	0.008035516366362572
201	nervousness	../Syntropy_Result_Finals/Models/Model_Journal_Tuned35	../Syntropy_Result_Finals/Models/Model_Journal_Tuned35	excitement	0.48496171832084656	0.010839182883501053	0.0018631455022841692	0.06504090130329132	0.00878523662686348	0.003201559651643038	0.18143536150455475	0.18673361837863922	0.002633409108966589	0.049265019595623016	0.48496171832084656	0.0027557099238038063	0.002485136967152357
202	excitement	../Syntropy_Result_Finals/Models/Model_Journal_Tuned35	../Syntropy_Result_Finals/Models/Model_Journal_Tuned35	pride	0.6400293707847595	0.01863628439605236	0.0029049471486359835	0.046731073409318924	0.011674260720610619	0.005296235904097557	0.05640048533678055	0.6400293707847595	0.00511529203504324	0.049026235938072205	0.15551787614822388	0.0031186880078166723	0.005549275316298008
203	pride	../Syntropy_Result_Finals/Models/Model_Journal_Tuned35	../Syntropy_Result_Finals/Models/Model_Journal_Tuned35	joy	0.4212470054626465	0.008666741661727428	0.004213858395814896	0.31356292963027954	0.007879464887082577	0.002981686731800437	0.4212470054626465	0.08087393641471863	0.002547346753999591	0.020841505378484726	0.1310841143131256	0.0033626307267695665	0.0027388501912355423
204	neutral	../Syntropy_Result_Finals/Models/Model_Journal_Tuned35	../Syntropy_Result_Finals/Models/Model_Journal_Tuned35	neutral	0.47191765904426575	0.012139345519244671	0.005639857146888971	0.47191765904426575	0.008641400374472141	0.0025501102209091187	0.3055458068847656	0.038081612437963486	0.00393547210842371	0.028066830709576607	0.11306182295084	0.005059968680143356	0.005360066890716553
205	neutral	../Syntropy_Result_Finals/Models/Model_Journal_Tuned35	../Syntropy_Result_Finals/Models/Model_Journal_Tuned35	joy	0.45653772354125977	0.0032179467380046844	0.0019118624040856957	0.055511556565761566	0.004456414841115475	0.0014667260693386197	0.45653772354125977	0.02615780010819435	0.0027349088340997696	0.02497519925236702	0.4191414415836334	0.0018033339874818921	0.0020850952714681625
206	neutral	../Syntropy_Result_Finals/Models/Model_Journal_Tuned35	../Syntropy_Result_Finals/Models/Model_Journal_Tuned35	neutral	0.6039111018180847	0.018209485337138176	0.009604151360690594	0.6039111018180847	0.013739179819822311	0.0055094570852816105	0.20674391090869904	0.04622243344783783	0.00526011735200882	0.03420816734433174	0.04674931988120079	0.005208154674619436	0.0046344599686563015
207	neutral	../Syntropy_Result_Finals/Models/Model_Journal_Tuned35	../Syntropy_Result_Finals/Models/Model_Journal_Tuned35	neutral	0.7268229126930237	0.013163681142032146	0.006381611339747906	0.7268229126930237	0.00917062722146511	0.003563614096492529	0.16744740307331085	0.016169212758541107	0.003677745582535863	0.019197195768356323	0.02400485798716545	0.0052056391723454	0.0051955957897007465
208	disgust	../Syntropy_Result_Finals/Models/Model_Journal_Tuned35	../Syntropy_Result_Finals/Models/Model_Journal_Tuned35	disgust	0.8302935361862183	0.017172114923596382	0.002886642934754491	0.017542270943522453	0.002735391492024064	0.05711042508482933	0.009558005258440971	0.009426306933164597	0.008067904971539974	0.014609438367187977	0.005729380063712597	0.024868732318282127	0.8302935361862183
209	neutral	../Syntropy_Result_Finals/Models/Model_Journal_Tuned35	../Syntropy_Result_Finals/Models/Model_Journal_Tuned35	pride	0.3295440375804901	0.030900482088327408	0.005364589858800173	0.26602882146835327	0.01741902343928814	0.00792644452303648	0.15446536242961884	0.3295440375804901	0.0058887796476483345	0.06475097686052322	0.10442014783620834	0.006121245212852955	0.007170031312853098
210	confusion	../Syntropy_Result_Finals/Models/Model_Journal_Tuned35	../Syntropy_Result_Finals/Models/Model_Journal_Tuned35	nervousness	0.47575846314430237	0.47575846314430237	0.1374300718307495	0.08764822781085968	0.06459271907806396	0.04414035379886627	0.037104491144418716	0.024739593267440796	0.03746827319264412	0.026640722528100014	0.011183581314980984	0.010150189511477947	0.04314334690570831
211	pride	../Syntropy_Result_Finals/Models/Model_Journal_Tuned35	../Syntropy_Result_Finals/Models/Model_Journal_Tuned35	neutral	0.4937821626663208	0.013985218480229378	0.012593035586178303	0.4937821626663208	0.011061540804803371	0.006455053109675646	0.1986236423254013	0.19531822204589844	0.0037473186384886503	0.021847307682037354	0.03207774460315704	0.005624622106552124	0.004884125664830208
212	disgust	../Syntropy_Result_Finals/Models/Model_Journal_Tuned35	../Syntropy_Result_Finals/Models/Model_Journal_Tuned35	disgust	0.4195912480354309	0.0402226597070694	0.02295001596212387	0.04879826679825783	0.008596992120146751	0.03882783651351929	0.023766441270709038	0.03753034770488739	0.014536390081048012	0.01784588396549225	0.011824190616607666	0.3155096769332886	0.4195912480354309
213	joy	../Syntropy_Result_Finals/Models/Model_Journal_Tuned35	../Syntropy_Result_Finals/Models/Model_Journal_Tuned35	neutral	0.38069242238998413	0.011596131138503551	0.003192491829395294	0.38069242238998413	0.009433681145310402	0.0027662592474371195	0.32099786400794983	0.07446739077568054	0.002872816752642393	0.03174666315317154	0.15204674005508423	0.005822649225592613	0.004364959429949522
214	joy	../Syntropy_Result_Finals/Models/Model_Journal_Tuned35	../Syntropy_Result_Finals/Models/Model_Journal_Tuned35	excitement	0.41791489720344543	0.007955317385494709	0.002135117072612047	0.14802704751491547	0.010438196361064911	0.0030900847632437944	0.29225704073905945	0.04804925620555878	0.003461095504462719	0.059502195566892624	0.41791489720344543	0.003036732319742441	0.004132971633225679
215	neutral	../Syntropy_Result_Finals/Models/Model_Journal_Tuned35	../Syntropy_Result_Finals/Models/Model_Journal_Tuned35	joy	0.5717975497245789	0.006449081469327211	0.005789106711745262	0.26120615005493164	0.0051942188292741776	0.002868678653612733	0.5717975497245789	0.040762048214673996	0.0025564779061824083	0.013896998018026352	0.08362704515457153	0.003142321016639471	0.0027102609165012836
216	neutral	../Syntropy_Result_Finals/Models/Model_Journal_Tuned35	../Syntropy_Result_Finals/Models/Model_Journal_Tuned35	joy	0.6200768351554871	0.0037217114586383104	0.003048934508115053	0.17989695072174072	0.004812372848391533	0.0015138189774006605	0.6200768351554871	0.02374499849975109	0.002154463669285178	0.013734109699726105	0.1439225971698761	0.0017844632966443896	0.0015887708868831396
217	joy	../Syntropy_Result_Finals/Models/Model_Journal_Tuned35	../Syntropy_Result_Finals/Models/Model_Journal_Tuned35	joy	0.4923185408115387	0.0052766273729503155	0.004410210065543652	0.2890426218509674	0.005341894458979368	0.00145826768130064	0.4923185408115387	0.020744971930980682	0.00398260448127985	0.02120308019220829	0.15086720883846283	0.002549267839640379	0.0028046199586242437
218	joy	../Syntropy_Result_Finals/Models/Model_Journal_Tuned35	../Syntropy_Result_Finals/Models/Model_Journal_Tuned35	neutral	0.8229160308837891	0.008501559495925903	0.008658954873681068	0.8229160308837891	0.007402184884995222	0.0016677484381943941	0.0967659205198288	0.009129283018410206	0.0033546024933457375	0.013741341419517994	0.02072744630277157	0.0036222070921212435	0.0035127007868140936
219	surprise	../Syntropy_Result_Finals/Models/Model_Journal_Tuned35	../Syntropy_Result_Finals/Models/Model_Journal_Tuned35	surprise	0.33848893642425537	0.020350534468889236	0.0035303139593452215	0.07856996357440948	0.023936772719025612	0.0067148893140256405	0.07454011589288712	0.12060073763132095	0.006377045530825853	0.33848893642425537	0.3152490556240082	0.0036042851861566305	0.008037317544221878
220	pride	../Syntropy_Result_Finals/Models/Model_Journal_Tuned35	../Syntropy_Result_Finals/Models/Model_Journal_Tuned35	pride	0.3701232075691223	0.02517317421734333	0.005366698373109102	0.14595457911491394	0.016839269548654556	0.006854191422462463	0.1681538224220276	0.3701232075691223	0.0064129577949643135	0.07882286608219147	0.16531231999397278	0.004172283224761486	0.006814634893089533
221	neutral	../Syntropy_Result_Finals/Models/Model_Journal_Tuned35	../Syntropy_Result_Finals/Models/Model_Journal_Tuned35	joy	0.30234643816947937	0.06596863269805908	0.026824384927749634	0.2097581923007965	0.04281337559223175	0.010393178090453148	0.30234643816947937	0.023237505927681923	0.036655135452747345	0.12135905772447586	0.12469401210546494	0.009733579121530056	0.02621651440858841
222	joy	../Syntropy_Result_Finals/Models/Model_Journal_Tuned35	../Syntropy_Result_Finals/Models/Model_Journal_Tuned35	joy	0.4729420840740204	0.007655779831111431	0.004857150372117758	0.3264041543006897	0.006632096134126186	0.0018133744597434998	0.4729420840740204	0.027008725330233574	0.002293142257258296	0.02221558429300785	0.12376800179481506	0.0022485037334263325	0.002161385491490364
223	nervousness	../Syntropy_Result_Finals/Models/Model_Journal_Tuned35	../Syntropy_Result_Finals/Models/Model_Journal_Tuned35	neutral	0.32753217220306396	0.0355607233941555	0.005741821136325598	0.32753217220306396	0.02041640505194664	0.0077581326477229595	0.18481270968914032	0.14096508920192719	0.00976483803242445	0.10188482701778412	0.14669933915138245	0.005413566250354052	0.013450248166918755
224	joy	../Syntropy_Result_Finals/Models/Model_Journal_Tuned35	../Syntropy_Result_Finals/Models/Model_Journal_Tuned35	neutral	0.6946005821228027	0.007888471707701683	0.005701656918972731	0.6946005821228027	0.010479035787284374	0.0017608955968171358	0.16875556111335754	0.019373344257473946	0.0028790084179490805	0.01916753500699997	0.06267361342906952	0.004020184278488159	0.002700051525607705
225	pride	../Syntropy_Result_Finals/Models/Model_Journal_Tuned35	../Syntropy_Result_Finals/Models/Model_Journal_Tuned35	joy	0.5396920442581177	0.00727914460003376	0.003969320096075535	0.21269148588180542	0.005195786710828543	0.003025689395144582	0.5396920442581177	0.07178343087434769	0.0021011712960898876	0.02430463582277298	0.12486807256937027	0.0025769120547920465	0.0025122822262346745
226	neutral	../Syntropy_Result_Finals/Models/Model_Journal_Tuned35	../Syntropy_Result_Finals/Models/Model_Journal_Tuned35	joy	0.41633257269859314	0.006022793240845203	0.0033269193954765797	0.39401373267173767	0.007438157219439745	0.0014812623849138618	0.41633257269859314	0.01499159075319767	0.002576827071607113	0.021891701966524124	0.125120609998703	0.0038243101444095373	0.00297960895113647
227	excitement	../Syntropy_Result_Finals/Models/Model_Journal_Tuned35	../Syntropy_Result_Finals/Models/Model_Journal_Tuned35	joy	0.517947256565094	0.0033661569468677044	0.001843637553974986	0.1032724380493164	0.004241597838699818	0.0012779384851455688	0.517947256565094	0.025798019021749496	0.0018422341672703624	0.016097016632556915	0.3212023377418518	0.0017001481028273702	0.001411203294992447
228	excitement	../Syntropy_Result_Finals/Models/Model_Journal_Tuned35	../Syntropy_Result_Finals/Models/Model_Journal_Tuned35	joy	0.5641553997993469	0.006211806088685989	0.0023949467577040195	0.1669284999370575	0.006274201441556215	0.002176321344450116	0.5641553997993469	0.03431883081793785	0.001970350742340088	0.021776339039206505	0.18833988904953003	0.002919884631410241	0.0025335056707262993
229	pride	../Syntropy_Result_Finals/Models/Model_Journal_Tuned35	../Syntropy_Result_Finals/Models/Model_Journal_Tuned35	pride	0.561165452003479	0.017595291137695312	0.003134111873805523	0.07228205353021622	0.013073815032839775	0.005318872164934874	0.07389155775308609	0.561165452003479	0.004240712150931358	0.05005444958806038	0.1918221414089203	0.003043792676180601	0.004377751611173153
230	confusion	../Syntropy_Result_Finals/Models/Model_Journal_Tuned35	../Syntropy_Result_Finals/Models/Model_Journal_Tuned35	nervousness	0.5189095139503479	0.5189095139503479	0.048867255449295044	0.017275582998991013	0.1414690613746643	0.06930581480264664	0.0365731418132782	0.01589830219745636	0.06319832056760788	0.02414656989276409	0.021852247416973114	0.024579361081123352	0.017924796789884567
231	disgust	../Syntropy_Result_Finals/Models/Model_Journal_Tuned35	../Syntropy_Result_Finals/Models/Model_Journal_Tuned35	nervousness	0.4291490912437439	0.4291490912437439	0.01567132957279682	0.02665310725569725	0.03160153701901436	0.16029159724712372	0.02742648869752884	0.017820000648498535	0.04269784316420555	0.03128187358379364	0.01258336566388607	0.01921401545405388	0.18560974299907684
232	joy	../Syntropy_Result_Finals/Models/Model_Journal_Tuned35	../Syntropy_Result_Finals/Models/Model_Journal_Tuned35	joy	0.6110485196113586	0.005970244761556387	0.004191387910395861	0.20102910697460175	0.004324210342019796	0.00313031068071723	0.6110485196113586	0.045133329927921295	0.001888534752652049	0.012318147346377373	0.10586114972829819	0.0027355703059583902	0.0023693868424743414
233	nervousness	../Syntropy_Result_Finals/Models/Model_Journal_Tuned35	../Syntropy_Result_Finals/Models/Model_Journal_Tuned35	pride	0.3252794146537781	0.03712661191821098	0.005540676414966583	0.2766478359699249	0.014730608090758324	0.010389145463705063	0.16246652603149414	0.3252794146537781	0.006247791461646557	0.05219215154647827	0.0909547433257103	0.006236035376787186	0.012188389897346497
234	joy	../Syntropy_Result_Finals/Models/Model_Journal_Tuned35	../Syntropy_Result_Finals/Models/Model_Journal_Tuned35	joy	0.3538602888584137	0.005646692588925362	0.002966269152238965	0.17226499319076538	0.005493109580129385	0.002488270867615938	0.3538602888584137	0.1296442151069641	0.0026390370912849903	0.021731045097112656	0.29908543825149536	0.002404251368716359	0.0017764217918738723
235	nervousness	../Syntropy_Result_Finals/Models/Model_Journal_Tuned35	../Syntropy_Result_Finals/Models/Model_Journal_Tuned35	nervousness	0.3820590376853943	0.3820590376853943	0.05161706358194351	0.13309979438781738	0.0535731241106987	0.05436209589242935	0.05558789521455765	0.07689248025417328	0.020374994724988937	0.0416414812207222	0.019880233332514763	0.041118375957012177	0.06979344040155411
236	excitement	../Syntropy_Result_Finals/Models/Model_Journal_Tuned35	../Syntropy_Result_Finals/Models/Model_Journal_Tuned35	neutral	0.5573144555091858	0.049701083451509476	0.008237735368311405	0.5573144555091858	0.025904566049575806	0.010480514727532864	0.11963114887475967	0.10753047466278076	0.005900660529732704	0.04046453908085823	0.05109843239188194	0.012137903831899166	0.01159837655723095
237	joy	../Syntropy_Result_Finals/Models/Model_Journal_Tuned35	../Syntropy_Result_Finals/Models/Model_Journal_Tuned35	neutral	0.6397473216056824	0.02516312338411808	0.017768140882253647	0.6397473216056824	0.017315780743956566	0.005286859814077616	0.18359556794166565	0.015831563621759415	0.00650267256423831	0.031260717660188675	0.04116502031683922	0.007313755806535482	0.009049491956830025
238	sadness	../Syntropy_Result_Finals/Models/Model_Journal_Tuned35	../Syntropy_Result_Finals/Models/Model_Journal_Tuned35	pride	0.3120843172073364	0.10516487807035446	0.02088763937354088	0.15500284731388092	0.03499109670519829	0.0734081119298935	0.0727088525891304	0.3120843172073364	0.030018623918294907	0.08433453738689423	0.03885006904602051	0.027723951265215874	0.044825054705142975
239	neutral	../Syntropy_Result_Finals/Models/Model_Journal_Tuned35	../Syntropy_Result_Finals/Models/Model_Journal_Tuned35	neutral	0.47068673372268677	0.011264988221228123	0.00992776732891798	0.47068673372268677	0.00619742413982749	0.0028190293814986944	0.3911873400211334	0.022545451298356056	0.0032647433690726757	0.016367396339774132	0.05892566218972206	0.003348856931552291	0.0034646259155124426
240	pride	../Syntropy_Result_Finals/Models/Model_Journal_Tuned35	../Syntropy_Result_Finals/Models/Model_Journal_Tuned35	pride	0.7284635901451111	0.018587274476885796	0.0034804027527570724	0.06593403965234756	0.011230288073420525	0.0060225920751690865	0.06604816764593124	0.7284635901451111	0.00390641950070858	0.025628577917814255	0.06207382678985596	0.00405071210116148	0.0045742131769657135
241	joy	../Syntropy_Result_Finals/Models/Model_Journal_Tuned35	../Syntropy_Result_Finals/Models/Model_Journal_Tuned35	joy	0.5333037972450256	0.008139495737850666	0.004482391756027937	0.18540331721305847	0.005806742236018181	0.003306390019133687	0.5333037972450256	0.0691366046667099	0.001849318272434175	0.02068285644054413	0.16349674761295319	0.00249753356911242	0.0018949329387396574
242	joy	../Syntropy_Result_Finals/Models/Model_Journal_Tuned35	../Syntropy_Result_Finals/Models/Model_Journal_Tuned35	joy	0.5332559943199158	0.0041639674454927444	0.0026929061859846115	0.10001911967992783	0.005890301428735256	0.0018095471896231174	0.5332559943199158	0.04921010881662369	0.003669013502076268	0.018166806548833847	0.2764788866043091	0.00199901033192873	0.002644371474161744
243	joy	../Syntropy_Result_Finals/Models/Model_Journal_Tuned35	../Syntropy_Result_Finals/Models/Model_Journal_Tuned35	excitement	0.4230608642101288	0.004246304742991924	0.002531657926738262	0.07255874574184418	0.003818553639575839	0.00201868312433362	0.3964084982872009	0.06747552752494812	0.002180675743147731	0.022572088986635208	0.4230608642101288	0.0016197882359847426	0.0015086515340954065
244	excitement	../Syntropy_Result_Finals/Models/Model_Journal_Tuned35	../Syntropy_Result_Finals/Models/Model_Journal_Tuned35	neutral	0.3298553228378296	0.06418918073177338	0.013159551657736301	0.3298553228378296	0.020586464554071426	0.03121078945696354	0.23642319440841675	0.20756641030311584	0.0051952567882835865	0.03766603395342827	0.033367838710546494	0.011320342309772968	0.009459556080400944
245	joy	../Syntropy_Result_Finals/Models/Model_Journal_Tuned35	../Syntropy_Result_Finals/Models/Model_Journal_Tuned35	neutral	0.6702601313591003	0.010709669440984726	0.007557020988315344	0.6702601313591003	0.014042893424630165	0.003081659087911248	0.2113211303949356	0.013798202387988567	0.0035670686047524214	0.019824033603072166	0.03371245041489601	0.006552767474204302	0.005572950001806021
246	joy	../Syntropy_Result_Finals/Models/Model_Journal_Tuned35	../Syntropy_Result_Finals/Models/Model_Journal_Tuned35	pride	0.5398213863372803	0.015709921717643738	0.0038275704719126225	0.10404331237077713	0.011460049077868462	0.004679971374571323	0.11670147627592087	0.5398213863372803	0.0038485343102365732	0.04365629702806473	0.1494472771883011	0.002857455052435398	0.003946719225496054
247	excitement	../Syntropy_Result_Finals/Models/Model_Journal_Tuned35	../Syntropy_Result_Finals/Models/Model_Journal_Tuned35	joy	0.4020879864692688	0.007012271787971258	0.0032590911723673344	0.315959632396698	0.005868395324796438	0.002255775034427643	0.4020879864692688	0.08844045549631119	0.0023990271147340536	0.02867121808230877	0.13919413089752197	0.0028299763798713684	0.0020220510195940733
248	neutral	../Syntropy_Result_Finals/Models/Model_Journal_Tuned35	../Syntropy_Result_Finals/Models/Model_Journal_Tuned35	joy	0.3974463641643524	0.00621662987396121	0.0026942086406052113	0.23556476831436157	0.00658102473244071	0.0017588756745681167	0.3974463641643524	0.035685405135154724	0.002559833461418748	0.026446769014000893	0.28059783577919006	0.0020524272695183754	0.0023959381505846977
249	disgust	../Syntropy_Result_Finals/Models/Model_Journal_Tuned35	../Syntropy_Result_Finals/Models/Model_Journal_Tuned35	nervousness	0.5584577322006226	0.5584577322006226	0.04605431854724884	0.05117592588067055	0.03497277945280075	0.06044933944940567	0.052030134946107864	0.03068547509610653	0.021188197657465935	0.035697147250175476	0.020777428522706032	0.028945742174983025	0.05956581234931946
250	nervousness	../Syntropy_Result_Finals/Models/Model_Journal_Tuned35	../Syntropy_Result_Finals/Models/Model_Journal_Tuned35	nervousness	0.5789932012557983	0.5789932012557983	0.008272115141153336	0.04748915880918503	0.03809632360935211	0.1434960663318634	0.053040847182273865	0.017299115657806396	0.019754305481910706	0.043410200625658035	0.02450747974216938	0.006219642236828804	0.019421648234128952
251	pride	../Syntropy_Result_Finals/Models/Model_Journal_Tuned35	../Syntropy_Result_Finals/Models/Model_Journal_Tuned35	joy	0.495327353477478	0.00795504730194807	0.005011777393519878	0.26801803708076477	0.006535832304507494	0.0025863563641905785	0.495327353477478	0.08025970309972763	0.002993392525240779	0.02090778388082981	0.1057325080037117	0.0019995630718767643	0.002672653179615736
252	fear	../Syntropy_Result_Finals/Models/Model_Journal_Tuned35	../Syntropy_Result_Finals/Models/Model_Journal_Tuned35	nervousness	0.4912317097187042	0.4912317097187042	0.02468922547996044	0.024183688685297966	0.13471439480781555	0.09013509005308151	0.0248169656842947	0.021291354671120644	0.037931643426418304	0.03901953250169754	0.009946038946509361	0.02379801869392395	0.07824226468801498
253	joy	../Syntropy_Result_Finals/Models/Model_Journal_Tuned35	../Syntropy_Result_Finals/Models/Model_Journal_Tuned35	joy	0.5594953298568726	0.004798008594661951	0.0038138353265821934	0.2648143768310547	0.00517596211284399	0.0015854478115215898	0.5594953298568726	0.021432876586914062	0.002845228184014559	0.018778130412101746	0.11324591934680939	0.001960123423486948	0.0020547343883663416
254	neutral	../Syntropy_Result_Finals/Models/Model_Journal_Tuned35	../Syntropy_Result_Finals/Models/Model_Journal_Tuned35	joy	0.449811726808548	0.009717880748212337	0.004487148020416498	0.3861328065395355	0.008351619355380535	0.0051566362380981445	0.449811726808548	0.020588424056768417	0.003348571015521884	0.026176147162914276	0.07581425458192825	0.005144214257597923	0.005270481575280428
255	embarrassment	../Syntropy_Result_Finals/Models/Model_Journal_Tuned35	../Syntropy_Result_Finals/Models/Model_Journal_Tuned35	neutral	0.2826858460903168	0.1698196679353714	0.025033317506313324	0.2826858460903168	0.03387663513422012	0.02842002362012863	0.08786037564277649	0.18693049252033234	0.027325211092829704	0.04810173064470291	0.024687552824616432	0.028082963079214096	0.05717608705163002
256	pride	../Syntropy_Result_Finals/Models/Model_Journal_Tuned35	../Syntropy_Result_Finals/Models/Model_Journal_Tuned35	neutral	0.46344900131225586	0.021956413984298706	0.005788637325167656	0.46344900131225586	0.018958209082484245	0.005359085276722908	0.11580082774162292	0.20627537369728088	0.005598877090960741	0.06088229641318321	0.0823480412364006	0.0065240561962127686	0.0070592002011835575
257	pride	../Syntropy_Result_Finals/Models/Model_Journal_Tuned35	../Syntropy_Result_Finals/Models/Model_Journal_Tuned35	pride	0.7836739420890808	0.0184613149613142	0.0032235109247267246	0.03488722816109657	0.00977683998644352	0.00599153945222497	0.029318446293473244	0.7836739420890808	0.004488680046051741	0.029560605064034462	0.07265147566795349	0.0030751198064535856	0.004891290795058012
258	joy	../Syntropy_Result_Finals/Models/Model_Journal_Tuned35	../Syntropy_Result_Finals/Models/Model_Journal_Tuned35	neutral	0.7857503294944763	0.006419753190129995	0.00759368110448122	0.7857503294944763	0.006805205252021551	0.0013612817274406552	0.13380326330661774	0.010499652475118637	0.0022125369869172573	0.01295049861073494	0.02757474035024643	0.002912521595135331	0.002116510411724448
259	pride	../Syntropy_Result_Finals/Models/Model_Journal_Tuned35	../Syntropy_Result_Finals/Models/Model_Journal_Tuned35	neutral	0.6334477663040161	0.012013590894639492	0.002854627789929509	0.6334477663040161	0.010404687374830246	0.0038348594680428505	0.19028426706790924	0.06488480418920517	0.0020710118114948273	0.018566833809018135	0.053084585815668106	0.005662571173161268	0.0028904364444315434
260	nervousness	../Syntropy_Result_Finals/Models/Model_Journal_Tuned35	../Syntropy_Result_Finals/Models/Model_Journal_Tuned35	nervousness	0.5755025744438171	0.5755025744438171	0.009249030612409115	0.03227083384990692	0.022087790071964264	0.24782805144786835	0.03196457028388977	0.018511340022087097	0.00799382571130991	0.020796578377485275	0.008803906850516796	0.007694917730987072	0.01729656755924225
261	joy	../Syntropy_Result_Finals/Models/Model_Journal_Tuned35	../Syntropy_Result_Finals/Models/Model_Journal_Tuned35	joy	0.6123480796813965	0.0043263197876513	0.0029547344893217087	0.14576934278011322	0.0055910865776240826	0.0016015188302844763	0.6123480796813965	0.01750250719487667	0.0033698363695293665	0.01791258715093136	0.18375816941261292	0.0022542127408087254	0.0026116427034139633
262	joy	../Syntropy_Result_Finals/Models/Model_Journal_Tuned35	../Syntropy_Result_Finals/Models/Model_Journal_Tuned35	joy	0.4724110960960388	0.011879291385412216	0.0057607414200901985	0.37124013900756836	0.007023663260042667	0.004998486023396254	0.4724110960960388	0.05505149066448212	0.0021711988374590874	0.014515189453959465	0.04902651533484459	0.003377199172973633	0.0025450713001191616
263	neutral	../Syntropy_Result_Finals/Models/Model_Journal_Tuned35	../Syntropy_Result_Finals/Models/Model_Journal_Tuned35	neutral	0.6434325575828552	0.005105167627334595	0.003581938100978732	0.6434325575828552	0.005774401128292084	0.0016706879250705242	0.24217143654823303	0.017036857083439827	0.002150404267013073	0.015281223691999912	0.057606834918260574	0.0036314507015049458	0.002557130064815283
264	joy	../Syntropy_Result_Finals/Models/Model_Journal_Tuned35	../Syntropy_Result_Finals/Models/Model_Journal_Tuned35	joy	0.4620683193206787	0.0041298530995845795	0.003070860169827938	0.3507550060749054	0.00638585165143013	0.001722221844829619	0.4620683193206787	0.014430820941925049	0.00317063694819808	0.019869187846779823	0.12846890091896057	0.003315632464364171	0.002612689044326544
265	excitement	../Syntropy_Result_Finals/Models/Model_Journal_Tuned35	../Syntropy_Result_Finals/Models/Model_Journal_Tuned35	excitement	0.5419895648956299	0.019413186237215996	0.0031156931072473526	0.09428047388792038	0.012826998718082905	0.005148516036570072	0.09046474099159241	0.16530315577983856	0.003352055326104164	0.05528024211525917	0.5419895648956299	0.004223105497658253	0.0046022855676710606
266	excitement	../Syntropy_Result_Finals/Models/Model_Journal_Tuned35	../Syntropy_Result_Finals/Models/Model_Journal_Tuned35	neutral	0.36156389117240906	0.0226553026586771	0.008792080916464329	0.36156389117240906	0.019759386777877808	0.0037934365682303905	0.2924595773220062	0.11853495240211487	0.00595434894785285	0.05933142453432083	0.09863021224737167	0.003135092556476593	0.005390357691794634
267	pride	../Syntropy_Result_Finals/Models/Model_Journal_Tuned35	../Syntropy_Result_Finals/Models/Model_Journal_Tuned35	neutral	0.2967153489589691	0.02902136743068695	0.006108803208917379	0.2967153489589691	0.016245337203145027	0.00811078678816557	0.20850346982479095	0.23428277671337128	0.005609191954135895	0.062414735555648804	0.1175212487578392	0.007768390700221062	0.007698459550738335
268	fear	../Syntropy_Result_Finals/Models/Model_Journal_Tuned35	../Syntropy_Result_Finals/Models/Model_Journal_Tuned35	anger	0.31065821647644043	0.20960736274719238	0.04151550307869911	0.06927523761987686	0.04989275336265564	0.06847446411848068	0.0667477622628212	0.015767136588692665	0.03548881411552429	0.025205088779330254	0.027827346697449684	0.31065821647644043	0.07954029738903046
269	joy	../Syntropy_Result_Finals/Models/Model_Journal_Tuned35	../Syntropy_Result_Finals/Models/Model_Journal_Tuned35	joy	0.29336002469062805	0.014144222252070904	0.004454436711966991	0.20554424822330475	0.01006756629794836	0.0030360822565853596	0.29336002469062805	0.20484846830368042	0.003906715661287308	0.0516788549721241	0.20307907462120056	0.0027838891837745905	0.0030964212492108345
270	pride	../Syntropy_Result_Finals/Models/Model_Journal_Tuned35	../Syntropy_Result_Finals/Models/Model_Journal_Tuned35	excitement	0.421930193901062	0.033555950969457626	0.0043190582655370235	0.1518125981092453	0.028614040464162827	0.009608443826436996	0.07117941230535507	0.16806218028068542	0.004786973353475332	0.09110558032989502	0.421930193901062	0.007270601112395525	0.007754934020340443
271	joy	../Syntropy_Result_Finals/Models/Model_Journal_Tuned35	../Syntropy_Result_Finals/Models/Model_Journal_Tuned35	joy	0.640904426574707	0.004793369211256504	0.003555083880200982	0.21483281254768372	0.004748629406094551	0.0017749391263350844	0.640904426574707	0.027992043644189835	0.0021026816684752703	0.012406941503286362	0.08355577290058136	0.0016674280632287264	0.0016658528475090861
272	pride	../Syntropy_Result_Finals/Models/Model_Journal_Tuned35	../Syntropy_Result_Finals/Models/Model_Journal_Tuned35	excitement	0.3653850555419922	0.009473932906985283	0.0024438442196696997	0.09967084974050522	0.009863082319498062	0.0036973843816667795	0.29563289880752563	0.1293664127588272	0.004834793973714113	0.07032842934131622	0.3653850555419922	0.0035392926074564457	0.0057639311999082565
273	neutral	../Syntropy_Result_Finals/Models/Model_Journal_Tuned35	../Syntropy_Result_Finals/Models/Model_Journal_Tuned35	neutral	0.6708884835243225	0.007293595001101494	0.0037651059683412313	0.6708884835243225	0.007456271909177303	0.0017002486856654286	0.17070436477661133	0.02707866206765175	0.0027255667373538017	0.027502568438649178	0.0747702568769455	0.0029328365344554186	0.003182091983035207
274	anger	../Syntropy_Result_Finals/Models/Model_Journal_Tuned35	../Syntropy_Result_Finals/Models/Model_Journal_Tuned35	disgust	0.5144850611686707	0.08483219891786575	0.017031917348504066	0.01642933301627636	0.010961300693452358	0.0975644662976265	0.017283739522099495	0.013639360666275024	0.0184754841029644	0.016297833994030952	0.008259379304945469	0.18473993241786957	0.5144850611686707
275	pride	../Syntropy_Result_Finals/Models/Model_Journal_Tuned35	../Syntropy_Result_Finals/Models/Model_Journal_Tuned35	excitement	0.24865160882472992	0.01169784739613533	0.0028930851258337498	0.17509400844573975	0.01057988777756691	0.003096916014328599	0.23162902891635895	0.24813944101333618	0.0036391019821166992	0.05840866640210152	0.24865160882472992	0.002910397481173277	0.003259998746216297
276	pride	../Syntropy_Result_Finals/Models/Model_Journal_Tuned35	../Syntropy_Result_Finals/Models/Model_Journal_Tuned35	pride	0.7724552750587463	0.027427535504102707	0.00451382901519537	0.04430926591157913	0.01316977757960558	0.011369001120328903	0.02989330142736435	0.7724552750587463	0.005783718079328537	0.03398286551237106	0.042496390640735626	0.005119811277836561	0.009479179047048092
277	neutral	../Syntropy_Result_Finals/Models/Model_Journal_Tuned35	../Syntropy_Result_Finals/Models/Model_Journal_Tuned35	neutral	0.305275559425354	0.18417945504188538	0.05543887987732887	0.305275559425354	0.05262118950486183	0.02325078472495079	0.0689547061920166	0.15821443498134613	0.01559454295784235	0.06000429019331932	0.033251576125621796	0.011425048112869263	0.03178946673870087
278	fear	../Syntropy_Result_Finals/Models/Model_Journal_Tuned35	../Syntropy_Result_Finals/Models/Model_Journal_Tuned35	neutral	0.24228514730930328	0.11493470519781113	0.052881721407175064	0.24228514730930328	0.03283592313528061	0.04280923306941986	0.0577632337808609	0.09355879575014114	0.025739235803484917	0.0992620587348938	0.02069259248673916	0.04152658209204674	0.17571069300174713
279	excitement	../Syntropy_Result_Finals/Models/Model_Journal_Tuned35	../Syntropy_Result_Finals/Models/Model_Journal_Tuned35	joy	0.578475832939148	0.005546457599848509	0.005618100054562092	0.2975543439388275	0.005262287333607674	0.0027302950620651245	0.578475832939148	0.02980862930417061	0.0020401545334607363	0.009113555774092674	0.05918216332793236	0.002794811734929681	0.0018734387122094631
280	nervousness	../Syntropy_Result_Finals/Models/Model_Journal_Tuned35	../Syntropy_Result_Finals/Models/Model_Journal_Tuned35	nervousness	0.6544118523597717	0.6544118523597717	0.009971401654183865	0.030318420380353928	0.03304519131779671	0.14539435505867004	0.03774874657392502	0.016641801223158836	0.011648042127490044	0.02615993283689022	0.01083455327898264	0.005643773823976517	0.018181927502155304
281	neutral	../Syntropy_Result_Finals/Models/Model_Journal_Tuned35	../Syntropy_Result_Finals/Models/Model_Journal_Tuned35	neutral	0.5816411375999451	0.014086070470511913	0.006669759750366211	0.5816411375999451	0.009201114065945148	0.004390736110508442	0.2825978100299835	0.03601277247071266	0.0023515536449849606	0.01690913550555706	0.034383099526166916	0.0070412917993962765	0.004715489223599434
282	nervousness	../Syntropy_Result_Finals/Models/Model_Journal_Tuned35	../Syntropy_Result_Finals/Models/Model_Journal_Tuned35	neutral	0.3435209095478058	0.033011674880981445	0.006544520612806082	0.3435209095478058	0.03079094924032688	0.005655636079609394	0.17699487507343292	0.17330871522426605	0.0061264545656740665	0.08868084102869034	0.12195351719856262	0.005973951891064644	0.0074379020370543
283	pride	../Syntropy_Result_Finals/Models/Model_Journal_Tuned35	../Syntropy_Result_Finals/Models/Model_Journal_Tuned35	excitement	0.42512407898902893	0.047641221433877945	0.007300801109522581	0.14800015091896057	0.021225353702902794	0.008087676018476486	0.13233332335948944	0.11249205470085144	0.00572343822568655	0.08049020916223526	0.42512407898902893	0.004468564875423908	0.007113155443221331
284	neutral	../Syntropy_Result_Finals/Models/Model_Journal_Tuned35	../Syntropy_Result_Finals/Models/Model_Journal_Tuned35	joy	0.5316082239151001	0.004057952668517828	0.0037829147186130285	0.29350194334983826	0.004682270344346762	0.0014029508456587791	0.5316082239151001	0.01657033897936344	0.002376436023041606	0.013991034589707851	0.12311652302742004	0.002733530942350626	0.002175874076783657
285	pride	../Syntropy_Result_Finals/Models/Model_Journal_Tuned35	../Syntropy_Result_Finals/Models/Model_Journal_Tuned35	joy	0.436554878950119	0.00535144517198205	0.0028405755292624235	0.10614001005887985	0.010492844507098198	0.002466038800776005	0.436554878950119	0.043288107961416245	0.006024686153978109	0.04488768428564072	0.33480697870254517	0.0030268842820078135	0.004119794815778732
286	excitement	../Syntropy_Result_Finals/Models/Model_Journal_Tuned35	../Syntropy_Result_Finals/Models/Model_Journal_Tuned35	joy	0.5063111186027527	0.008261822164058685	0.004474066197872162	0.14096079766750336	0.011562859639525414	0.0027721526566892862	0.5063111186027527	0.02546197921037674	0.006345193833112717	0.043825991451740265	0.239727184176445	0.004190238658338785	0.006106505636125803
287	pride	../Syntropy_Result_Finals/Models/Model_Journal_Tuned35	../Syntropy_Result_Finals/Models/Model_Journal_Tuned35	neutral	0.29229065775871277	0.016586923971772194	0.0044838241301476955	0.29229065775871277	0.0133718466386199	0.0033142808824777603	0.22197282314300537	0.2427896112203598	0.004183881916105747	0.04680319502949715	0.14533165097236633	0.004425690043717623	0.004445677623152733
288	pride	../Syntropy_Result_Finals/Models/Model_Journal_Tuned35	../Syntropy_Result_Finals/Models/Model_Journal_Tuned35	pride	0.8367407321929932	0.016859525814652443	0.002788371639326215	0.02489563077688217	0.010083424858748913	0.006601620465517044	0.022691503167152405	0.8367407321929932	0.004730709362775087	0.02120795287191868	0.04510632902383804	0.003090690355747938	0.00520353252068162
289	neutral	../Syntropy_Result_Finals/Models/Model_Journal_Tuned35	../Syntropy_Result_Finals/Models/Model_Journal_Tuned35	joy	0.49138179421424866	0.0033620037138462067	0.0020530272740870714	0.15030981600284576	0.005844761151820421	0.001638716901652515	0.49138179421424866	0.03449664264917374	0.0034419200383126736	0.018794389441609383	0.28469783067703247	0.0019174882909283042	0.0020615600515156984
290	nervousness	../Syntropy_Result_Finals/Models/Model_Journal_Tuned35	../Syntropy_Result_Finals/Models/Model_Journal_Tuned35	nervousness	0.6849420070648193	0.6849420070648193	0.01840011216700077	0.029985783621668816	0.03940720483660698	0.06328558176755905	0.04177713021636009	0.014156380668282509	0.03394240140914917	0.029634825885295868	0.01658911444246769	0.007905936799943447	0.019973423331975937
291	neutral	../Syntropy_Result_Finals/Models/Model_Journal_Tuned35	../Syntropy_Result_Finals/Models/Model_Journal_Tuned35	neutral	0.5015231966972351	0.041404496878385544	0.011011513881385326	0.5015231966972351	0.03157684952020645	0.024855056777596474	0.14079156517982483	0.15715768933296204	0.0046541872434318066	0.026270948350429535	0.02990623377263546	0.02268894575536251	0.008159403689205647
292	joy	../Syntropy_Result_Finals/Models/Model_Journal_Tuned35	../Syntropy_Result_Finals/Models/Model_Journal_Tuned35	excitement	0.27596622705459595	0.007835641503334045	0.0021006623283028603	0.2514532506465912	0.008541714400053024	0.002512768842279911	0.25890135765075684	0.1369822919368744	0.0031886198557913303	0.045745812356472015	0.27596622705459595	0.003265129402279854	0.0035065757110714912
293	sadness	../Syntropy_Result_Finals/Models/Model_Journal_Tuned35	../Syntropy_Result_Finals/Models/Model_Journal_Tuned35	disgust	0.2285705953836441	0.22224704921245575	0.037325963377952576	0.03149804845452309	0.02455749362707138	0.11549017578363419	0.04497489333152771	0.02534714713692665	0.02778507024049759	0.023822564631700516	0.01493872795253992	0.20344232022762299	0.2285705953836441
294	excitement	../Syntropy_Result_Finals/Models/Model_Journal_Tuned35	../Syntropy_Result_Finals/Models/Model_Journal_Tuned35	pride	0.30018535256385803	0.03167279064655304	0.007514135912060738	0.20616398751735687	0.014333720318973064	0.006620307918637991	0.15889939665794373	0.30018535256385803	0.006036309525370598	0.06966253370046616	0.18693190813064575	0.005246943328529596	0.006732590030878782
295	joy	../Syntropy_Result_Finals/Models/Model_Journal_Tuned35	../Syntropy_Result_Finals/Models/Model_Journal_Tuned35	excitement	0.6091806888580322	0.0035490491427481174	0.0011633415706455708	0.08418170362710953	0.0052080899477005005	0.0016100333305075765	0.23893147706985474	0.0276351198554039	0.0018024081364274025	0.023105669766664505	0.6091806888580322	0.0022082324139773846	0.001424235524609685
296	joy	../Syntropy_Result_Finals/Models/Model_Journal_Tuned35	../Syntropy_Result_Finals/Models/Model_Journal_Tuned35	neutral	0.43768611550331116	0.01955491118133068	0.009431935846805573	0.43768611550331116	0.01526668667793274	0.0034124362282454967	0.31236299872398376	0.03620824217796326	0.006966104730963707	0.047006409615278244	0.0975380688905716	0.0059035709127783775	0.008662535808980465
297	joy	../Syntropy_Result_Finals/Models/Model_Journal_Tuned35	../Syntropy_Result_Finals/Models/Model_Journal_Tuned35	neutral	0.47397947311401367	0.007231340277940035	0.003467579372227192	0.47397947311401367	0.005911075044423342	0.002261869376525283	0.35474976897239685	0.04559841752052307	0.0025137048214673996	0.020091870799660683	0.0778401643037796	0.0038253534585237503	0.002529383637011051
298	pride	../Syntropy_Result_Finals/Models/Model_Journal_Tuned35	../Syntropy_Result_Finals/Models/Model_Journal_Tuned35	pride	0.7856830954551697	0.014061594381928444	0.0031291437335312366	0.04199248179793358	0.00814309436827898	0.005324891302734613	0.04900799319148064	0.7856830954551697	0.0034723991993814707	0.01694250851869583	0.06617265939712524	0.0028592597227543592	0.003210856346413493
299	embarrassment	../Syntropy_Result_Finals/Models/Model_Journal_Tuned35	../Syntropy_Result_Finals/Models/Model_Journal_Tuned35	pride	0.4344106912612915	0.06764181703329086	0.01379658468067646	0.17704710364341736	0.025563981384038925	0.018113160505890846	0.10095713287591934	0.4344106912612915	0.010280758142471313	0.06475823372602463	0.06962928175926208	0.006253735162317753	0.011547508649528027
300	joy	../Syntropy_Result_Finals/Models/Model_Journal_Tuned35	../Syntropy_Result_Finals/Models/Model_Journal_Tuned35	neutral	0.5119563937187195	0.00548181077465415	0.005973168648779392	0.5119563937187195	0.0047626071609556675	0.0016842635814100504	0.38364657759666443	0.013920342549681664	0.0025929082185029984	0.010883578099310398	0.053691670298576355	0.0028287863824516535	0.002577961655333638
301	neutral	../Syntropy_Result_Finals/Models/Model_Journal_Tuned35	../Syntropy_Result_Finals/Models/Model_Journal_Tuned35	joy	0.564791738986969	0.006137990392744541	0.00460828747600317	0.123477503657341	0.0037601094227284193	0.002144251484423876	0.564791738986969	0.027343329042196274	0.0022799507714807987	0.017855647951364517	0.24202364683151245	0.0029288940131664276	0.0026486737187951803
302	pride	../Syntropy_Result_Finals/Models/Model_Journal_Tuned35	../Syntropy_Result_Finals/Models/Model_Journal_Tuned35	neutral	0.3809848725795746	0.020319649949669838	0.007107140496373177	0.3809848725795746	0.015450328588485718	0.0035979782696813345	0.3045426607131958	0.08707325160503387	0.006533713545650244	0.0529218465089798	0.11068911105394363	0.004791234619915485	0.005988169461488724
303	joy	../Syntropy_Result_Finals/Models/Model_Journal_Tuned35	../Syntropy_Result_Finals/Models/Model_Journal_Tuned35	joy	0.31979280710220337	0.12027537077665329	0.024193862453103065	0.26620182394981384	0.017062123864889145	0.04361729323863983	0.31979280710220337	0.058513812720775604	0.007505172397941351	0.0704563781619072	0.05131746083498001	0.007609590422362089	0.013454269617795944
304	joy	../Syntropy_Result_Finals/Models/Model_Journal_Tuned35	../Syntropy_Result_Finals/Models/Model_Journal_Tuned35	neutral	0.5107030272483826	0.038151632994413376	0.013419165275990963	0.5107030272483826	0.019956063479185104	0.0051067182794213295	0.18929889798164368	0.05337708815932274	0.010967726819217205	0.057254690676927567	0.08658427000045776	0.0049759275279939175	0.01020482461899519
305	joy	../Syntropy_Result_Finals/Models/Model_Journal_Tuned35	../Syntropy_Result_Finals/Models/Model_Journal_Tuned35	neutral	0.6870754361152649	0.00947615597397089	0.012932244688272476	0.6870754361152649	0.008048024959862232	0.0023997651878744364	0.20871949195861816	0.00911936815828085	0.004157487768679857	0.017699720337986946	0.03033754602074623	0.005612255539745092	0.00442252354696393
306	pride	../Syntropy_Result_Finals/Models/Model_Journal_Tuned35	../Syntropy_Result_Finals/Models/Model_Journal_Tuned35	pride	0.7621296644210815	0.014360502362251282	0.0030897590331733227	0.04677120968699455	0.010958859696984291	0.005857070442289114	0.05211213603615761	0.7621296644210815	0.0035685980692505836	0.022990871220827103	0.07175027579069138	0.0029421793296933174	0.003468867624178529
307	excitement	../Syntropy_Result_Finals/Models/Model_Journal_Tuned35	../Syntropy_Result_Finals/Models/Model_Journal_Tuned35	neutral	0.432088702917099	0.043395161628723145	0.01247661467641592	0.432088702917099	0.01892043650150299	0.012050257995724678	0.3013139069080353	0.05124066025018692	0.009328254498541355	0.027707545086741447	0.04441623017191887	0.016126934438943863	0.030935252085328102
308	excitement	../Syntropy_Result_Finals/Models/Model_Journal_Tuned35	../Syntropy_Result_Finals/Models/Model_Journal_Tuned35	joy	0.4443070590496063	0.008321567438542843	0.006779879797250032	0.4118797779083252	0.006592124234884977	0.00267357612028718	0.4443070590496063	0.039081111550331116	0.002302642213180661	0.014110836200416088	0.058234769850969315	0.003247408429160714	0.0024692662991583347
309	pride	../Syntropy_Result_Finals/Models/Model_Journal_Tuned35	../Syntropy_Result_Finals/Models/Model_Journal_Tuned35	joy	0.48093047738075256	0.005682660732418299	0.002873716875910759	0.30846646428108215	0.005849771201610565	0.0020867972634732723	0.48093047738075256	0.02603195235133171	0.0022734706290066242	0.020602308213710785	0.13902252912521362	0.0034190963488072157	0.0027607709635049105
310	excitement	../Syntropy_Result_Finals/Models/Model_Journal_Tuned35	../Syntropy_Result_Finals/Models/Model_Journal_Tuned35	joy	0.32696977257728577	0.012816953472793102	0.003364717587828636	0.3159576952457428	0.011186381801962852	0.0031255020294338465	0.32696977257728577	0.07041582465171814	0.003526859451085329	0.0431138351559639	0.20127983391284943	0.003624285338446498	0.004618327133357525
311	neutral	../Syntropy_Result_Finals/Models/Model_Journal_Tuned35	../Syntropy_Result_Finals/Models/Model_Journal_Tuned35	neutral	0.4662542939186096	0.008004124276340008	0.0042592426761984825	0.4662542939186096	0.0075313071720302105	0.0018736289348453283	0.31758520007133484	0.029589656740427017	0.002853291342034936	0.025924580171704292	0.12950220704078674	0.003482165513560176	0.003140411339700222
312	joy	../Syntropy_Result_Finals/Models/Model_Journal_Tuned35	../Syntropy_Result_Finals/Models/Model_Journal_Tuned35	joy	0.42889487743377686	0.008149251341819763	0.004107425455003977	0.28371161222457886	0.00966297835111618	0.002178102731704712	0.42889487743377686	0.04422411695122719	0.005394865293055773	0.03897947818040848	0.16868087649345398	0.0027417249511927366	0.0032748249359428883
313	excitement	../Syntropy_Result_Finals/Models/Model_Journal_Tuned35	../Syntropy_Result_Finals/Models/Model_Journal_Tuned35	joy	0.5147826075553894	0.006212925538420677	0.004861084278672934	0.2275066077709198	0.007163497619330883	0.0014442013343796134	0.5147826075553894	0.01887921430170536	0.004155488219112158	0.024142906069755554	0.1856418251991272	0.002379839075729251	0.0028298157267272472
314	excitement	../Syntropy_Result_Finals/Models/Model_Journal_Tuned35	../Syntropy_Result_Finals/Models/Model_Journal_Tuned35	joy	0.39302992820739746	0.007782936096191406	0.003935907036066055	0.28658637404441833	0.011154422536492348	0.0021496806293725967	0.39302992820739746	0.03371952474117279	0.004399886820465326	0.04889136925339699	0.2021341323852539	0.0029904621187597513	0.0032254313118755817
315	neutral	../Syntropy_Result_Finals/Models/Model_Journal_Tuned35	../Syntropy_Result_Finals/Models/Model_Journal_Tuned35	neutral	0.5670256018638611	0.042962655425071716	0.008884692564606667	0.5670256018638611	0.017972933128476143	0.0072087012231349945	0.1458462029695511	0.10032034665346146	0.00639073783531785	0.03744754567742348	0.04280179366469383	0.010321118868887424	0.012817736715078354
316	neutral	../Syntropy_Result_Finals/Models/Model_Journal_Tuned35	../Syntropy_Result_Finals/Models/Model_Journal_Tuned35	joy	0.5403991937637329	0.004448798950761557	0.0055102030746638775	0.2865361273288727	0.005300553515553474	0.0016627080040052533	0.5403991937637329	0.018654273822903633	0.0034442106261849403	0.016123980283737183	0.11374212801456451	0.0021451013162732124	0.002032665768638253
317	joy	../Syntropy_Result_Finals/Models/Model_Journal_Tuned35	../Syntropy_Result_Finals/Models/Model_Journal_Tuned35	joy	0.5783501863479614	0.004425712861120701	0.002940541133284569	0.1479130983352661	0.005513714626431465	0.0015500595327466726	0.5783501863479614	0.036986399441957474	0.002398774493485689	0.020810596644878387	0.19510625302791595	0.00190966937225312	0.0020950145553797483
318	pride	../Syntropy_Result_Finals/Models/Model_Journal_Tuned35	../Syntropy_Result_Finals/Models/Model_Journal_Tuned35	excitement	0.534422755241394	0.006842011585831642	0.0019795759581029415	0.06604234129190445	0.007785571273416281	0.0025624383706599474	0.2758425176143646	0.05893788859248161	0.0035865972749888897	0.03603500872850418	0.534422755241394	0.0025330635253340006	0.0034302661661058664
319	neutral	../Syntropy_Result_Finals/Models/Model_Journal_Tuned35	../Syntropy_Result_Finals/Models/Model_Journal_Tuned35	neutral	0.59675133228302	0.010773243382573128	0.009057017043232918	0.59675133228302	0.007941214367747307	0.0027025786694139242	0.2648197114467621	0.03759978711605072	0.004439464304596186	0.018213549628853798	0.0402064248919487	0.003560118842869997	0.003935609012842178
320	neutral	../Syntropy_Result_Finals/Models/Model_Journal_Tuned35	../Syntropy_Result_Finals/Models/Model_Journal_Tuned35	nervousness	0.37748414278030396	0.37748414278030396	0.03146130219101906	0.2085830271244049	0.03833198547363281	0.11369305104017258	0.07317900657653809	0.038108523935079575	0.01327291876077652	0.04025817662477493	0.01673799380660057	0.02467329055070877	0.02421657182276249
321	neutral	../Syntropy_Result_Finals/Models/Model_Journal_Tuned35	../Syntropy_Result_Finals/Models/Model_Journal_Tuned35	neutral	0.34673330187797546	0.025938427075743675	0.006703928112983704	0.34673330187797546	0.012917108833789825	0.004950505215674639	0.240648552775383	0.15698553621768951	0.005465927999466658	0.059014786034822464	0.12727390229701996	0.00653807632625103	0.006829895544797182
322	neutral	../Syntropy_Result_Finals/Models/Model_Journal_Tuned35	../Syntropy_Result_Finals/Models/Model_Journal_Tuned35	neutral	0.3517327606678009	0.08048976957798004	0.058440398424863815	0.3517327606678009	0.027049405500292778	0.03424900025129318	0.1889551430940628	0.1607484221458435	0.012168948538601398	0.03629731759428978	0.023607315495610237	0.010623585432767868	0.01563793234527111
323	excitement	../Syntropy_Result_Finals/Models/Model_Journal_Tuned35	../Syntropy_Result_Finals/Models/Model_Journal_Tuned35	excitement	0.7966173887252808	0.011148324236273766	0.0013978250790387392	0.052240777760744095	0.008476915769279003	0.004418211057782173	0.04491084814071655	0.037763744592666626	0.001592002110555768	0.03451404720544815	0.7966173887252808	0.0038506656419485807	0.0030693390872329473
324	pride	../Syntropy_Result_Finals/Models/Model_Journal_Tuned35	../Syntropy_Result_Finals/Models/Model_Journal_Tuned35	joy	0.4658789336681366	0.002947088098153472	0.0024838941171765327	0.1062481701374054	0.00478232791647315	0.001166974543593824	0.4658789336681366	0.02057819440960884	0.0027089081704616547	0.022182684391736984	0.3673213720321655	0.001992136938497424	0.0017093834467232227
325	fear	../Syntropy_Result_Finals/Models/Model_Journal_Tuned35	../Syntropy_Result_Finals/Models/Model_Journal_Tuned35	nervousness	0.3896354138851166	0.3896354138851166	0.02280992455780506	0.05405770614743233	0.046620167791843414	0.0767948254942894	0.03774978965520859	0.018746549263596535	0.07112104445695877	0.04430658370256424	0.013864345848560333	0.016590310260653496	0.2077033817768097
326	excitement	../Syntropy_Result_Finals/Models/Model_Journal_Tuned35	../Syntropy_Result_Finals/Models/Model_Journal_Tuned35	excitement	0.8091015219688416	0.006121948827058077	0.0013493022415786982	0.07447747141122818	0.004933998920023441	0.0022062999196350574	0.05039050802588463	0.014864636585116386	0.0017301995540037751	0.028330812230706215	0.8091015219688416	0.0034154625609517097	0.0030779072549194098
327	sadness	../Syntropy_Result_Finals/Models/Model_Journal_Tuned35	../Syntropy_Result_Finals/Models/Model_Journal_Tuned35	nervousness	0.6782469749450684	0.6782469749450684	0.0183321051299572	0.01946704275906086	0.02117536962032318	0.17387966811656952	0.036998096853494644	0.01070888340473175	0.007994241081178188	0.012629339471459389	0.006931012496352196	0.0048368945717811584	0.008800293318927288
328	neutral	../Syntropy_Result_Finals/Models/Model_Journal_Tuned35	../Syntropy_Result_Finals/Models/Model_Journal_Tuned35	neutral	0.44547098875045776	0.005401637405157089	0.003804069245234132	0.44547098875045776	0.006990458350628614	0.00135729496832937	0.39043325185775757	0.016302140429615974	0.0031081356573849916	0.021152976900339127	0.10106202960014343	0.002619020640850067	0.0022980354260653257
329	neutral	../Syntropy_Result_Finals/Models/Model_Journal_Tuned35	../Syntropy_Result_Finals/Models/Model_Journal_Tuned35	neutral	0.5481388568878174	0.030031099915504456	0.007764335256069899	0.5481388568878174	0.020641006529331207	0.008818065747618675	0.10442955046892166	0.14587339758872986	0.005425499752163887	0.039499782025814056	0.06871922314167023	0.012435329146683216	0.008223861455917358
330	pride	../Syntropy_Result_Finals/Models/Model_Journal_Tuned35	../Syntropy_Result_Finals/Models/Model_Journal_Tuned35	pride	0.3284919559955597	0.03214002028107643	0.006012346129864454	0.18408529460430145	0.023864872753620148	0.008236321620643139	0.09462194889783859	0.3284919559955597	0.006120792590081692	0.09151088446378708	0.20881551504135132	0.005742116831243038	0.010357759892940521
331	embarrassment	../Syntropy_Result_Finals/Models/Model_Journal_Tuned35	../Syntropy_Result_Finals/Models/Model_Journal_Tuned35	nervousness	0.6156942248344421	0.6156942248344421	0.04180636256933212	0.014268098399043083	0.09057515114545822	0.08225124329328537	0.029032288119196892	0.00972149707376957	0.04416229948401451	0.025804035365581512	0.008445602841675282	0.010154991410672665	0.0280841663479805
332	excitement	../Syntropy_Result_Finals/Models/Model_Journal_Tuned35	../Syntropy_Result_Finals/Models/Model_Journal_Tuned35	joy	0.5120218396186829	0.006296034436672926	0.0027803590055555105	0.19938601553440094	0.00803462415933609	0.0018880997085943818	0.5120218396186829	0.047274813055992126	0.002909065457060933	0.027505848556756973	0.18714351952075958	0.0023027134593576193	0.0024570170789957047
333	nervousness	../Syntropy_Result_Finals/Models/Model_Journal_Tuned35	../Syntropy_Result_Finals/Models/Model_Journal_Tuned35	neutral	0.35030826926231384	0.14466513693332672	0.025900613516569138	0.35030826926231384	0.02472827024757862	0.025388643145561218	0.09378062933683395	0.08396513760089874	0.009891959838569164	0.06298530101776123	0.09347623586654663	0.031724680215120316	0.05318506807088852
334	pride	../Syntropy_Result_Finals/Models/Model_Journal_Tuned35	../Syntropy_Result_Finals/Models/Model_Journal_Tuned35	neutral	0.46444764733314514	0.008762064389884472	0.009874258190393448	0.46444764733314514	0.006017528939992189	0.002759753493592143	0.41689056158065796	0.027091260999441147	0.002498649526387453	0.011764997616410255	0.04398561641573906	0.003421712201088667	0.002485979814082384
335	embarrassment	../Syntropy_Result_Finals/Models/Model_Journal_Tuned35	../Syntropy_Result_Finals/Models/Model_Journal_Tuned35	nervousness	0.22185859084129333	0.22185859084129333	0.033112458884716034	0.1628706157207489	0.028871160000562668	0.06395059078931808	0.07438329607248306	0.0700053870677948	0.018326126039028168	0.028871428221464157	0.0203076358884573	0.09127901494503021	0.18616370856761932
336	pride	../Syntropy_Result_Finals/Models/Model_Journal_Tuned35	../Syntropy_Result_Finals/Models/Model_Journal_Tuned35	joy	0.46933114528656006	0.005304467398673296	0.0026148550678044558	0.22378410398960114	0.006521978415548801	0.0016587666468694806	0.46933114528656006	0.023945769295096397	0.002307099988684058	0.02389059215784073	0.23625144362449646	0.002130296779796481	0.002259517088532448
337	pride	../Syntropy_Result_Finals/Models/Model_Journal_Tuned35	../Syntropy_Result_Finals/Models/Model_Journal_Tuned35	pride	0.8043875098228455	0.023715564981102943	0.004530711565166712	0.03864070773124695	0.010994221083819866	0.009094750508666039	0.02518405392765999	0.8043875098228455	0.005835396237671375	0.02917618863284588	0.03593631088733673	0.004536517895758152	0.007968057878315449
338	pride	../Syntropy_Result_Finals/Models/Model_Journal_Tuned35	../Syntropy_Result_Finals/Models/Model_Journal_Tuned35	neutral	0.3266769051551819	0.03820980340242386	0.009966609999537468	0.3266769051551819	0.07938405126333237	0.023595454171299934	0.09561054408550262	0.25921472907066345	0.006521287839859724	0.05206456407904625	0.08607741445302963	0.013455802574753761	0.009222861379384995
339	excitement	../Syntropy_Result_Finals/Models/Model_Journal_Tuned35	../Syntropy_Result_Finals/Models/Model_Journal_Tuned35	pride	0.434113472700119	0.025841953232884407	0.005302318371832371	0.15644074976444244	0.014070622622966766	0.00610058568418026	0.11424323916435242	0.434113472700119	0.006377534940838814	0.07129624485969543	0.15294623374938965	0.005296597257256508	0.007970485836267471
340	excitement	../Syntropy_Result_Finals/Models/Model_Journal_Tuned35	../Syntropy_Result_Finals/Models/Model_Journal_Tuned35	joy	0.40919429063796997	0.004661194514483213	0.00172482302878052	0.10254178941249847	0.005478220526129007	0.0017067070584744215	0.40919429063796997	0.04346323385834694	0.003093056846410036	0.022725466638803482	0.4006679058074951	0.0021499707363545895	0.002593310084193945
341	neutral	../Syntropy_Result_Finals/Models/Model_Journal_Tuned35	../Syntropy_Result_Finals/Models/Model_Journal_Tuned35	neutral	0.519939124584198	0.014728080481290817	0.005116482265293598	0.519939124584198	0.011941428296267986	0.0032458652276545763	0.2749253511428833	0.03314843028783798	0.003938961774110794	0.034299880266189575	0.08714864403009415	0.005516405217349529	0.006051333155483007
342	neutral	../Syntropy_Result_Finals/Models/Model_Journal_Tuned35	../Syntropy_Result_Finals/Models/Model_Journal_Tuned35	neutral	0.7863361835479736	0.02145863138139248	0.012491527013480663	0.7863361835479736	0.01341892872005701	0.003152986755594611	0.0980551615357399	0.012349117547273636	0.005652948282659054	0.018863683566451073	0.015999944880604744	0.004298489540815353	0.007922378368675709
343	nervousness	../Syntropy_Result_Finals/Models/Model_Journal_Tuned35	../Syntropy_Result_Finals/Models/Model_Journal_Tuned35	nervousness	0.6855593919754028	0.6855593919754028	0.008385966531932354	0.02105747163295746	0.031851425766944885	0.13427799940109253	0.032343748956918716	0.010965084657073021	0.01752089522778988	0.022795051336288452	0.009104607626795769	0.005651829298585653	0.02048659883439541
344	pride	../Syntropy_Result_Finals/Models/Model_Journal_Tuned35	../Syntropy_Result_Finals/Models/Model_Journal_Tuned35	joy	0.36255618929862976	0.006673452910035849	0.0021750691812485456	0.18849359452724457	0.009555789642035961	0.0019648256711661816	0.36255618929862976	0.05417271703481674	0.0025243228301405907	0.04387824609875679	0.322549432516098	0.0027832866180688143	0.00267306761816144
345	neutral	../Syntropy_Result_Finals/Models/Model_Journal_Tuned35	../Syntropy_Result_Finals/Models/Model_Journal_Tuned35	neutral	0.7328258752822876	0.014278906397521496	0.011022115126252174	0.7328258752822876	0.011578528210520744	0.0033823593985289335	0.14147302508354187	0.012827292084693909	0.006001015659421682	0.03296719491481781	0.023600764572620392	0.004715876188129187	0.005327044986188412
346	neutral	../Syntropy_Result_Finals/Models/Model_Journal_Tuned35	../Syntropy_Result_Finals/Models/Model_Journal_Tuned35	neutral	0.29610201716423035	0.14071711897850037	0.11565837264060974	0.29610201716423035	0.07712175697088242	0.1187148243188858	0.06470780819654465	0.055971674621105194	0.011011450551450253	0.05894988775253296	0.017669783905148506	0.0252143032848835	0.018160995095968246
347	pride	../Syntropy_Result_Finals/Models/Model_Journal_Tuned35	../Syntropy_Result_Finals/Models/Model_Journal_Tuned35	neutral	0.4225212335586548	0.02146829292178154	0.004747761879116297	0.4225212335586548	0.011609503999352455	0.00410624872893095	0.3335013687610626	0.048632849007844925	0.004100280813872814	0.03666545823216438	0.10319655388593674	0.005084595177322626	0.004365904256701469
348	pride	../Syntropy_Result_Finals/Models/Model_Journal_Tuned35	../Syntropy_Result_Finals/Models/Model_Journal_Tuned35	excitement	0.39729028940200806	0.005926668178290129	0.002935713157057762	0.15864898264408112	0.005218943580985069	0.0028473385609686375	0.30819612741470337	0.08060084283351898	0.002319684252142906	0.03243108093738556	0.39729028940200806	0.001826668274588883	0.0017575727542862296
349	excitement	../Syntropy_Result_Finals/Models/Model_Journal_Tuned35	../Syntropy_Result_Finals/Models/Model_Journal_Tuned35	joy	0.414014995098114	0.00645454553887248	0.0033101080916821957	0.20401524007320404	0.009627476334571838	0.0025769982021301985	0.414014995098114	0.021896231919527054	0.0030419903341680765	0.03448045253753662	0.29508736729621887	0.0024931333027780056	0.003001339267939329
350	joy	../Syntropy_Result_Finals/Models/Model_Journal_Tuned35	../Syntropy_Result_Finals/Models/Model_Journal_Tuned35	excitement	0.49508342146873474	0.005868003237992525	0.00327017018571496	0.09202702343463898	0.004337972961366177	0.0025926968082785606	0.27573147416114807	0.07702752202749252	0.0025277449749410152	0.03824273869395256	0.49508342146873474	0.00157872901763767	0.0017124672885984182
351	embarrassment	../Syntropy_Result_Finals/Models/Model_Journal_Tuned35	../Syntropy_Result_Finals/Models/Model_Journal_Tuned35	nervousness	0.6747276186943054	0.6747276186943054	0.04108895733952522	0.01954086497426033	0.049442876130342484	0.0652950182557106	0.03782172501087189	0.012151303701102734	0.030395908281207085	0.025943195447325706	0.011676013469696045	0.00975356251001358	0.022162972018122673
352	excitement	../Syntropy_Result_Finals/Models/Model_Journal_Tuned35	../Syntropy_Result_Finals/Models/Model_Journal_Tuned35	joy	0.4632498025894165	0.003328033024445176	0.003407764248549938	0.10792728513479233	0.0041352626867592335	0.001376500935293734	0.4632498025894165	0.024932872503995895	0.002733362838625908	0.020287195220589638	0.36508864164352417	0.002072787145152688	0.0014605125179514289
353	excitement	../Syntropy_Result_Finals/Models/Model_Journal_Tuned35	../Syntropy_Result_Finals/Models/Model_Journal_Tuned35	neutral	0.39797404408454895	0.03050164319574833	0.005980196874588728	0.39797404408454895	0.017379887402057648	0.004910911899060011	0.21584179997444153	0.13659130036830902	0.0052909934893250465	0.04714493453502655	0.12617652118206024	0.0050234124064445496	0.007184271700680256
354	neutral	../Syntropy_Result_Finals/Models/Model_Journal_Tuned35	../Syntropy_Result_Finals/Models/Model_Journal_Tuned35	neutral	0.40144380927085876	0.05459097772836685	0.018267570063471794	0.40144380927085876	0.013848303817212582	0.02975316345691681	0.3003222644329071	0.06445134431123734	0.00892561487853527	0.045654233545064926	0.047816213220357895	0.006931577809154987	0.00799496565014124
355	joy	../Syntropy_Result_Finals/Models/Model_Journal_Tuned35	../Syntropy_Result_Finals/Models/Model_Journal_Tuned35	pride	0.5657622814178467	0.009822049178183079	0.0033869880717247725	0.1034451276063919	0.008204578422009945	0.004262655973434448	0.1369197964668274	0.5657622814178467	0.0034872652031481266	0.026695894077420235	0.13130265474319458	0.0025518082547932863	0.004158925265073776
356	neutral	../Syntropy_Result_Finals/Models/Model_Journal_Tuned35	../Syntropy_Result_Finals/Models/Model_Journal_Tuned35	nervousness	0.2807498574256897	0.2807498574256897	0.0403023362159729	0.1793474555015564	0.049910373985767365	0.04546338692307472	0.05606444552540779	0.12955813109874725	0.024873564019799232	0.04296329244971275	0.0158301442861557	0.03281770274043083	0.10211927443742752
357	disgust	../Syntropy_Result_Finals/Models/Model_Journal_Tuned35	../Syntropy_Result_Finals/Models/Model_Journal_Tuned35	neutral	0.2913680076599121	0.17160587012767792	0.029782261699438095	0.2913680076599121	0.04379246383905411	0.029864128679037094	0.08538269251585007	0.12147878855466843	0.022539742290973663	0.050564661622047424	0.02488159015774727	0.03227757662534714	0.09646222740411758
358	pride	../Syntropy_Result_Finals/Models/Model_Journal_Tuned35	../Syntropy_Result_Finals/Models/Model_Journal_Tuned35	sadness	0.2535187304019928	0.12625299394130707	0.2535187304019928	0.18637722730636597	0.036319080740213394	0.05057108774781227	0.057610172778367996	0.11228765547275543	0.030932646244764328	0.01625145971775055	0.011044958606362343	0.039724841713905334	0.07910922169685364
359	joy	../Syntropy_Result_Finals/Models/Model_Journal_Tuned35	../Syntropy_Result_Finals/Models/Model_Journal_Tuned35	neutral	0.4253106117248535	0.014739813283085823	0.011099530383944511	0.4253106117248535	0.008051088079810143	0.006581573747098446	0.41147086024284363	0.05149485915899277	0.0025826836936175823	0.014724385924637318	0.0454544797539711	0.0047018337063491344	0.0037881401367485523
360	pride	../Syntropy_Result_Finals/Models/Model_Journal_Tuned35	../Syntropy_Result_Finals/Models/Model_Journal_Tuned35	pride	0.5675374269485474	0.023362239822745323	0.007479500025510788	0.12468753010034561	0.010214551351964474	0.011905688792467117	0.16609488427639008	0.5675374269485474	0.004383017309010029	0.025757400318980217	0.04340898618102074	0.0073614418506622314	0.007807382848113775
361	excitement	../Syntropy_Result_Finals/Models/Model_Journal_Tuned35	../Syntropy_Result_Finals/Models/Model_Journal_Tuned35	pride	0.2627841532230377	0.03378766030073166	0.006666131783276796	0.23386508226394653	0.01931673288345337	0.007763795088976622	0.16636404395103455	0.2627841532230377	0.007103755604475737	0.10924425721168518	0.13718181848526	0.00601070374250412	0.009911864995956421
362	neutral	../Syntropy_Result_Finals/Models/Model_Journal_Tuned35	../Syntropy_Result_Finals/Models/Model_Journal_Tuned35	joy	0.4878706634044647	0.0063002388924360275	0.004687079694122076	0.37229490280151367	0.0056477077305316925	0.002838739426806569	0.4878706634044647	0.024793528020381927	0.002613280899822712	0.016697386279702187	0.0713815987110138	0.0022944349329918623	0.0025804582983255386
363	surprise	../Syntropy_Result_Finals/Models/Model_Journal_Tuned35	../Syntropy_Result_Finals/Models/Model_Journal_Tuned35	neutral	0.6224491000175476	0.007829117588698864	0.007931189611554146	0.6224491000175476	0.006824439391493797	0.0019034972647204995	0.28715282678604126	0.012180094607174397	0.0028767716139554977	0.013092150911688805	0.030064765363931656	0.0041035376489162445	0.0035924785770475864
364	excitement	../Syntropy_Result_Finals/Models/Model_Journal_Tuned35	../Syntropy_Result_Finals/Models/Model_Journal_Tuned35	pride	0.5502878427505493	0.02977944165468216	0.005859869532287121	0.08632690459489822	0.014223740436136723	0.006256443448364735	0.08791574090719223	0.5502878427505493	0.0071719055995345116	0.06303400546312332	0.13832341134548187	0.004241397604346275	0.006579289212822914
365	excitement	../Syntropy_Result_Finals/Models/Model_Journal_Tuned35	../Syntropy_Result_Finals/Models/Model_Journal_Tuned35	pride	0.35098448395729065	0.01569635234773159	0.004564282484352589	0.18685956299304962	0.007948336191475391	0.005822896491736174	0.27958083152770996	0.35098448395729065	0.0033413805067539215	0.03005126863718033	0.10758556425571442	0.003611781168729067	0.003953283187001944
366	joy	../Syntropy_Result_Finals/Models/Model_Journal_Tuned35	../Syntropy_Result_Finals/Models/Model_Journal_Tuned35	joy	0.3718315362930298	0.008299265056848526	0.0027891548816114664	0.27983880043029785	0.009018712677061558	0.002864155685529113	0.3718315362930298	0.07824059575796127	0.003429446602240205	0.04244796559214592	0.19647595286369324	0.002272510202601552	0.0024919339921325445
367	joy	../Syntropy_Result_Finals/Models/Model_Journal_Tuned35	../Syntropy_Result_Finals/Models/Model_Journal_Tuned35	joy	0.36083534359931946	0.012977815233170986	0.005041880998760462	0.2740785777568817	0.010193576104938984	0.005173672456294298	0.36083534359931946	0.18298892676830292	0.003110261633992195	0.026735296472907066	0.11320099234580994	0.002937906188890338	0.002725842408835888
368	joy	../Syntropy_Result_Finals/Models/Model_Journal_Tuned35	../Syntropy_Result_Finals/Models/Model_Journal_Tuned35	joy	0.5047019124031067	0.007371146231889725	0.004258336964994669	0.1826200932264328	0.009670265018939972	0.00260306429117918	0.5047019124031067	0.029281135648489	0.005884459707885981	0.051528189331293106	0.1925550401210785	0.003590426640585065	0.005935865920037031
369	neutral	../Syntropy_Result_Finals/Models/Model_Journal_Tuned35	../Syntropy_Result_Finals/Models/Model_Journal_Tuned35	neutral	0.4112696945667267	0.02842930145561695	0.0058336155489087105	0.4112696945667267	0.01686236448585987	0.005850932095199823	0.2256593406200409	0.10595405101776123	0.005247363355010748	0.05999313294887543	0.11840824037790298	0.00854924414306879	0.00794279295951128
370	neutral	../Syntropy_Result_Finals/Models/Model_Journal_Tuned35	../Syntropy_Result_Finals/Models/Model_Journal_Tuned35	joy	0.4046350419521332	0.009349798783659935	0.003905806690454483	0.36439284682273865	0.010403814725577831	0.002199925249442458	0.4046350419521332	0.03336572274565697	0.004380959086120129	0.029794853180646896	0.13009178638458252	0.00382214249111712	0.0036573298275470734
371	pride	../Syntropy_Result_Finals/Models/Model_Journal_Tuned35	../Syntropy_Result_Finals/Models/Model_Journal_Tuned35	nervousness	0.36483022570610046	0.36483022570610046	0.06744927912950516	0.1515571027994156	0.06679515540599823	0.03379964455962181	0.08689873665571213	0.03414607420563698	0.05024578794836998	0.05177643150091171	0.025959914550185204	0.012008809484541416	0.05453282594680786
372	neutral	../Syntropy_Result_Finals/Models/Model_Journal_Tuned35	../Syntropy_Result_Finals/Models/Model_Journal_Tuned35	neutral	0.5953317880630493	0.030745290219783783	0.023388199508190155	0.5953317880630493	0.017567651346325874	0.02601580135524273	0.15413039922714233	0.08828622102737427	0.0036628395318984985	0.01410788856446743	0.020864857360720634	0.01652311533689499	0.00937601923942566
373	pride	../Syntropy_Result_Finals/Models/Model_Journal_Tuned35	../Syntropy_Result_Finals/Models/Model_Journal_Tuned35	pride	0.27279484272003174	0.020020078867673874	0.004234327003359795	0.1847366988658905	0.01271067000925541	0.0037667634896934032	0.15822333097457886	0.27279484272003174	0.003743942826986313	0.060288622975349426	0.27099931240081787	0.004002894274890423	0.004478589165955782
374	excitement	../Syntropy_Result_Finals/Models/Model_Journal_Tuned35	../Syntropy_Result_Finals/Models/Model_Journal_Tuned35	excitement	0.5144621729850769	0.012617263942956924	0.003434339538216591	0.164161816239357	0.01600308157503605	0.006332387216389179	0.10046771913766861	0.11200888454914093	0.0036165567580610514	0.055588625371456146	0.5144621729850769	0.004760268609970808	0.006546908523887396
375	excitement	../Syntropy_Result_Finals/Models/Model_Journal_Tuned35	../Syntropy_Result_Finals/Models/Model_Journal_Tuned35	pride	0.43033432960510254	0.05968661978840828	0.010191962122917175	0.1974598467350006	0.02421737276017666	0.011868930421769619	0.07514956593513489	0.43033432960510254	0.01142106018960476	0.0745382308959961	0.0795634537935257	0.008535879664123058	0.01703280210494995
376	pride	../Syntropy_Result_Finals/Models/Model_Journal_Tuned35	../Syntropy_Result_Finals/Models/Model_Journal_Tuned35	neutral	0.2653772234916687	0.021788278594613075	0.004713553935289383	0.2653772234916687	0.013764109462499619	0.0042203194461762905	0.21437311172485352	0.22432222962379456	0.005354536231607199	0.06019889563322067	0.17537041008472443	0.0049065398052334785	0.005610815715044737
377	excitement	../Syntropy_Result_Finals/Models/Model_Journal_Tuned35	../Syntropy_Result_Finals/Models/Model_Journal_Tuned35	pride	0.5211374163627625	0.03422959893941879	0.015365785919129848	0.2098756581544876	0.016224674880504608	0.02181820571422577	0.09614522010087967	0.5211374163627625	0.0059997448697686195	0.02665918692946434	0.028185509145259857	0.013561602681875229	0.010797353461384773
378	neutral	../Syntropy_Result_Finals/Models/Model_Journal_Tuned35	../Syntropy_Result_Finals/Models/Model_Journal_Tuned35	neutral	0.7074436545372009	0.021770276129245758	0.006005945149809122	0.7074436545372009	0.013183299452066422	0.005499265622347593	0.14617137610912323	0.028349831700325012	0.0037389316130429506	0.02088768407702446	0.02941119857132435	0.010563746094703674	0.006974849384278059
379	nervousness	../Syntropy_Result_Finals/Models/Model_Journal_Tuned35	../Syntropy_Result_Finals/Models/Model_Journal_Tuned35	nervousness	0.4051543176174164	0.4051543176174164	0.028626417741179466	0.09948565065860748	0.0465969443321228	0.07504206895828247	0.049420591443777084	0.07256944477558136	0.018902689218521118	0.03422461450099945	0.015168276615440845	0.054875150322914124	0.09993388503789902
380	neutral	../Syntropy_Result_Finals/Models/Model_Journal_Tuned35	../Syntropy_Result_Finals/Models/Model_Journal_Tuned35	neutral	0.6808561086654663	0.01770007610321045	0.011954743415117264	0.6808561086654663	0.016533195972442627	0.006177499890327454	0.15225937962532043	0.0157023798674345	0.006635793950408697	0.030522599816322327	0.05059097334742546	0.004766044206917286	0.006301185116171837
381	joy	../Syntropy_Result_Finals/Models/Model_Journal_Tuned35	../Syntropy_Result_Finals/Models/Model_Journal_Tuned35	neutral	0.46882548928260803	0.0815306007862091	0.014280172996222973	0.46882548928260803	0.02332690916955471	0.02312379516661167	0.13820120692253113	0.13662850856781006	0.006877658888697624	0.033164769411087036	0.03516697883605957	0.01787460222840309	0.02099931612610817
382	surprise	../Syntropy_Result_Finals/Models/Model_Journal_Tuned35	../Syntropy_Result_Finals/Models/Model_Journal_Tuned35	excitement	0.2811218202114105	0.031831104308366776	0.007372703868895769	0.1485961526632309	0.021552497521042824	0.008782715536653996	0.17648117244243622	0.17867814004421234	0.008789599873125553	0.12148343026638031	0.2811218202114105	0.005587190389633179	0.009723485447466373
383	pride	../Syntropy_Result_Finals/Models/Model_Journal_Tuned35	../Syntropy_Result_Finals/Models/Model_Journal_Tuned35	pride	0.8102896809577942	0.02196386456489563	0.0036019468680024147	0.03474509343504906	0.010709107853472233	0.00849216803908348	0.024229461327195168	0.8102896809577942	0.006000348832458258	0.028073081746697426	0.041338276118040085	0.003633531043305993	0.006923491135239601
384	excitement	../Syntropy_Result_Finals/Models/Model_Journal_Tuned35	../Syntropy_Result_Finals/Models/Model_Journal_Tuned35	excitement	0.37183257937431335	0.00981531199067831	0.003331619780510664	0.0980132445693016	0.011584972962737083	0.0030131377279758453	0.26235446333885193	0.06029590964317322	0.006393703632056713	0.16532281041145325	0.37183257937431335	0.002925613895058632	0.005116589833050966
385	joy	../Syntropy_Result_Finals/Models/Model_Journal_Tuned35	../Syntropy_Result_Finals/Models/Model_Journal_Tuned35	nervousness	0.28720352053642273	0.28720352053642273	0.022489231079816818	0.14091940224170685	0.056661687791347504	0.06856612116098404	0.05691777914762497	0.03534029424190521	0.030786339193582535	0.03548399358987808	0.023224446922540665	0.11822383850812912	0.1241832971572876
386	neutral	../Syntropy_Result_Finals/Models/Model_Journal_Tuned35	../Syntropy_Result_Finals/Models/Model_Journal_Tuned35	joy	0.5098210573196411	0.01599918119609356	0.02307862602174282	0.2715536952018738	0.013462836854159832	0.00479487981647253	0.5098210573196411	0.044374626129865646	0.00798075832426548	0.022313207387924194	0.07919175177812576	0.002678871853277087	0.0047504776157438755
387	neutral	../Syntropy_Result_Finals/Models/Model_Journal_Tuned35	../Syntropy_Result_Finals/Models/Model_Journal_Tuned35	neutral	0.5554328560829163	0.008644123561680317	0.005981420166790485	0.5554328560829163	0.006961701437830925	0.00236638356000185	0.30921471118927	0.014833899214863777	0.0026998878456652164	0.016689712181687355	0.07080968469381332	0.003291549626737833	0.0030741009395569563
388	joy	../Syntropy_Result_Finals/Models/Model_Journal_Tuned35	../Syntropy_Result_Finals/Models/Model_Journal_Tuned35	joy	0.42840462923049927	0.015802692621946335	0.007193273399025202	0.3287888765335083	0.00977396871894598	0.002830571262165904	0.42840462923049927	0.08123794198036194	0.003949096892029047	0.02700822614133358	0.08758697658777237	0.003365364158526063	0.0040584225207567215
389	joy	../Syntropy_Result_Finals/Models/Model_Journal_Tuned35	../Syntropy_Result_Finals/Models/Model_Journal_Tuned35	neutral	0.41470837593078613	0.10738690197467804	0.07158688455820084	0.41470837593078613	0.04011660814285278	0.01094241626560688	0.13622502982616425	0.02770872227847576	0.03370583429932594	0.06861559301614761	0.04286041855812073	0.011161291040480137	0.03498182073235512
390	excitement	../Syntropy_Result_Finals/Models/Model_Journal_Tuned35	../Syntropy_Result_Finals/Models/Model_Journal_Tuned35	joy	0.642126202583313	0.004498448688536882	0.004159280098974705	0.2072550356388092	0.004397740587592125	0.0018175713485106826	0.642126202583313	0.016512081027030945	0.002268862444907427	0.011747277341783047	0.1009388118982315	0.002253103768453002	0.0020255446434020996
391	joy	../Syntropy_Result_Finals/Models/Model_Journal_Tuned35	../Syntropy_Result_Finals/Models/Model_Journal_Tuned35	neutral	0.4104880094528198	0.0052447193302214146	0.0052094957791268826	0.4104880094528198	0.006940494757145643	0.0015455626416951418	0.4035455286502838	0.016230223700404167	0.00305687147192657	0.024736933410167694	0.11745566874742508	0.0028322956059128046	0.002714228816330433
392	neutral	../Syntropy_Result_Finals/Models/Model_Journal_Tuned35	../Syntropy_Result_Finals/Models/Model_Journal_Tuned35	neutral	0.42077282071113586	0.04664115980267525	0.016402076929807663	0.42077282071113586	0.024348122999072075	0.028245432302355766	0.13333161175251007	0.23532411456108093	0.005069804843515158	0.02739688940346241	0.029531145468354225	0.02096298709511757	0.01197373028844595
393	nervousness	../Syntropy_Result_Finals/Models/Model_Journal_Tuned35	../Syntropy_Result_Finals/Models/Model_Journal_Tuned35	excitement	0.3943514823913574	0.014018273912370205	0.003192662261426449	0.1542297601699829	0.019593024626374245	0.005858712829649448	0.1704181283712387	0.05225638672709465	0.006290815304964781	0.16906312108039856	0.3943514823913574	0.0040883286856114864	0.00663931667804718
394	embarrassment	../Syntropy_Result_Finals/Models/Model_Journal_Tuned35	../Syntropy_Result_Finals/Models/Model_Journal_Tuned35	nervousness	0.500857412815094	0.500857412815094	0.027006618678569794	0.027471670880913734	0.050464555621147156	0.12147705256938934	0.0485822856426239	0.012421373277902603	0.07355546951293945	0.02796679548919201	0.017287712544202805	0.017547357827425003	0.0753616914153099
395	fear	../Syntropy_Result_Finals/Models/Model_Journal_Tuned35	../Syntropy_Result_Finals/Models/Model_Journal_Tuned35	neutral	0.3428290784358978	0.030260222032666206	0.009858507663011551	0.3428290784358978	0.021021410822868347	0.007201849948614836	0.303070604801178	0.06555278599262238	0.013031324371695518	0.08716728538274765	0.09365245699882507	0.008018895983695984	0.01833556964993477
396	joy	../Syntropy_Result_Finals/Models/Model_Journal_Tuned35	../Syntropy_Result_Finals/Models/Model_Journal_Tuned35	neutral	0.4635167717933655	0.021300610154867172	0.009650535881519318	0.4635167717933655	0.00890852976590395	0.003662422299385071	0.2802009880542755	0.07534924894571304	0.004788126330822706	0.03361433371901512	0.09065666794776917	0.003377559594810009	0.00497417664155364
397	joy	../Syntropy_Result_Finals/Models/Model_Journal_Tuned35	../Syntropy_Result_Finals/Models/Model_Journal_Tuned35	neutral	0.5495267510414124	0.012142771854996681	0.004541597794741392	0.5495267510414124	0.008671967312693596	0.0025818687863647938	0.2382276952266693	0.09470067173242569	0.002577069215476513	0.02178199402987957	0.05821781978011131	0.003928602207452059	0.0031011600513011217
398	nervousness	../Syntropy_Result_Finals/Models/Model_Journal_Tuned35	../Syntropy_Result_Finals/Models/Model_Journal_Tuned35	nervousness	0.5020869374275208	0.5020869374275208	0.042018476873636246	0.043368879705667496	0.0372428223490715	0.07801365852355957	0.047719020396471024	0.04416840896010399	0.03484725207090378	0.04065863788127899	0.02298136241734028	0.034952517598867416	0.071942038834095
399	excitement	../Syntropy_Result_Finals/Models/Model_Journal_Tuned35	../Syntropy_Result_Finals/Models/Model_Journal_Tuned35	neutral	0.2474532574415207	0.017982404679059982	0.00388244166970253	0.2474532574415207	0.017744755372405052	0.005366263445466757	0.1764044165611267	0.22817493975162506	0.005301195662468672	0.07691847532987595	0.2102963924407959	0.004570825025439262	0.005904609803110361
400	nervousness	../Syntropy_Result_Finals/Models/Model_Journal_Tuned35	../Syntropy_Result_Finals/Models/Model_Journal_Tuned35	nervousness	0.48321476578712463	0.48321476578712463	0.0145421726629138	0.047689225524663925	0.03897707909345627	0.08997305482625961	0.12981745600700378	0.017788181081414223	0.030538104474544525	0.054220862686634064	0.07500442862510681	0.006067452486604452	0.012167219072580338
401	neutral	../Syntropy_Result_Finals/Models/Model_Journal_Tuned35	../Syntropy_Result_Finals/Models/Model_Journal_Tuned35	joy	0.5333460569381714	0.006283968221396208	0.004426131024956703	0.3195089101791382	0.006687772460281849	0.0019543799571692944	0.5333460569381714	0.016535073518753052	0.003760236781090498	0.017951998859643936	0.08381292968988419	0.0026025129482150078	0.0031300256960093975
402	pride	../Syntropy_Result_Finals/Models/Model_Journal_Tuned35	../Syntropy_Result_Finals/Models/Model_Journal_Tuned35	excitement	0.43000656366348267	0.03179030492901802	0.004528991878032684	0.1381916105747223	0.02127392590045929	0.007060620933771133	0.06856674700975418	0.18789641559123993	0.0042923083528876305	0.0896742045879364	0.43000656366348267	0.007981325499713421	0.008736981078982353
403	sadness	../Syntropy_Result_Finals/Models/Model_Journal_Tuned35	../Syntropy_Result_Finals/Models/Model_Journal_Tuned35	neutral	0.18309369683265686	0.17043565213680267	0.055340029299259186	0.18309369683265686	0.04299755021929741	0.03546271473169327	0.06115887314081192	0.17542965710163116	0.039223384112119675	0.04982924833893776	0.02011772245168686	0.04309060052037239	0.12382088601589203
404	neutral	../Syntropy_Result_Finals/Models/Model_Journal_Tuned35	../Syntropy_Result_Finals/Models/Model_Journal_Tuned35	joy	0.4849437177181244	0.007881084457039833	0.006868813652545214	0.3547493517398834	0.006213461980223656	0.003074128646403551	0.4849437177181244	0.03979085385799408	0.002037174068391323	0.013883340172469616	0.07483930885791779	0.0030971653759479523	0.0026216243859380484
405	joy	../Syntropy_Result_Finals/Models/Model_Journal_Tuned35	../Syntropy_Result_Finals/Models/Model_Journal_Tuned35	joy	0.542156457901001	0.0048209442757070065	0.003027972998097539	0.11749093234539032	0.008222472853958607	0.002061294624581933	0.542156457901001	0.018037237226963043	0.004318473394960165	0.0320654958486557	0.26085785031318665	0.0030666838865727186	0.003874226938933134
406	pride	../Syntropy_Result_Finals/Models/Model_Journal_Tuned35	../Syntropy_Result_Finals/Models/Model_Journal_Tuned35	joy	0.4011320471763611	0.03598741814494133	0.01898311637341976	0.38022440671920776	0.011575895361602306	0.00689925579354167	0.4011320471763611	0.04245243966579437	0.005060788709670305	0.02877199463546276	0.06039856746792793	0.003203245345503092	0.005310757085680962
407	neutral	../Syntropy_Result_Finals/Models/Model_Journal_Tuned35	../Syntropy_Result_Finals/Models/Model_Journal_Tuned35	neutral	0.4333130121231079	0.007137492299079895	0.0036655389703810215	0.4333130121231079	0.010143362917006016	0.002564401598647237	0.3933873176574707	0.019453322514891624	0.003567697945982218	0.02161107398569584	0.09595299512147903	0.004799178335815668	0.004404683131724596
408	joy	../Syntropy_Result_Finals/Models/Model_Journal_Tuned35	../Syntropy_Result_Finals/Models/Model_Journal_Tuned35	joy	0.5626121163368225	0.004690160509198904	0.0030468737240880728	0.18599358201026917	0.007059129886329174	0.001794000854715705	0.5626121163368225	0.026578767225146294	0.0031881791073828936	0.021472454071044922	0.17852182686328888	0.002576609840616584	0.002466327976435423
409	joy	../Syntropy_Result_Finals/Models/Model_Journal_Tuned35	../Syntropy_Result_Finals/Models/Model_Journal_Tuned35	joy	0.5302911400794983	0.006445933599025011	0.0036207062657922506	0.20585447549819946	0.008352233096957207	0.001811704714782536	0.5302911400794983	0.02810533344745636	0.0044451141729950905	0.03904477506875992	0.1654076874256134	0.002974515315145254	0.0036463558208197355
410	embarrassment	../Syntropy_Result_Finals/Models/Model_Journal_Tuned35	../Syntropy_Result_Finals/Models/Model_Journal_Tuned35	joy	0.6257911324501038	0.02561662346124649	0.01463029533624649	0.1566258817911148	0.009883665479719639	0.01318957470357418	0.6257911324501038	0.03304486721754074	0.00824827328324318	0.014611763879656792	0.04099225252866745	0.029051627963781357	0.02831396460533142
411	sadness	../Syntropy_Result_Finals/Models/Model_Journal_Tuned35	../Syntropy_Result_Finals/Models/Model_Journal_Tuned35	sadness	0.4586462080478668	0.23647241294384003	0.4586462080478668	0.06954211741685867	0.03240075707435608	0.02701721340417862	0.057898327708244324	0.03197109326720238	0.026158006861805916	0.012082749977707863	0.008258375339210033	0.015885790809988976	0.023666899651288986
412	joy	../Syntropy_Result_Finals/Models/Model_Journal_Tuned35	../Syntropy_Result_Finals/Models/Model_Journal_Tuned35	neutral	0.32089152932167053	0.020836878567934036	0.009462271817028522	0.32089152932167053	0.017412280663847923	0.004545310977846384	0.30901840329170227	0.03598971664905548	0.010905739851295948	0.0728411003947258	0.18523941934108734	0.0037858309224247932	0.009071365930140018
413	joy	../Syntropy_Result_Finals/Models/Model_Journal_Tuned35	../Syntropy_Result_Finals/Models/Model_Journal_Tuned35	neutral	0.5291697978973389	0.015999983996152878	0.004938122816383839	0.5291697978973389	0.017588622868061066	0.005667246878147125	0.20502910017967224	0.04546542465686798	0.007393601816147566	0.0650799572467804	0.086692214012146	0.007727278862148523	0.009248646907508373
414	neutral	../Syntropy_Result_Finals/Models/Model_Journal_Tuned35	../Syntropy_Result_Finals/Models/Model_Journal_Tuned35	pride	0.4568609595298767	0.038825873285532	0.023394936695694923	0.21973030269145966	0.015657614916563034	0.028113583102822304	0.1258360594511032	0.4568609595298767	0.006131106987595558	0.030427200719714165	0.028602927923202515	0.012972637079656124	0.013446785509586334
415	neutral	../Syntropy_Result_Finals/Models/Model_Journal_Tuned35	../Syntropy_Result_Finals/Models/Model_Journal_Tuned35	neutral	0.7040464282035828	0.0032129038590937853	0.004243030212819576	0.7040464282035828	0.004092344548553228	0.0011938371462747455	0.22084751725196838	0.007853193208575249	0.002103168051689863	0.007738960906863213	0.03938475623726845	0.003217287128791213	0.002066489774733782
416	neutral	../Syntropy_Result_Finals/Models/Model_Journal_Tuned35	../Syntropy_Result_Finals/Models/Model_Journal_Tuned35	joy	0.36938828229904175	0.01130679715424776	0.005346277728676796	0.33522748947143555	0.011688107624650002	0.0027974622789770365	0.36938828229904175	0.05262244865298271	0.007263597566634417	0.050128791481256485	0.14616839587688446	0.002897753147408366	0.00516456738114357
417	neutral	../Syntropy_Result_Finals/Models/Model_Journal_Tuned35	../Syntropy_Result_Finals/Models/Model_Journal_Tuned35	joy	0.6319527626037598	0.004667359869927168	0.003705158829689026	0.16201423108577728	0.005028965417295694	0.0017069358145818114	0.6319527626037598	0.022042568773031235	0.0020061566028743982	0.014368481934070587	0.1493426412343979	0.0014533901121467352	0.0017113040667027235
418	pride	../Syntropy_Result_Finals/Models/Model_Journal_Tuned35	../Syntropy_Result_Finals/Models/Model_Journal_Tuned35	joy	0.46351271867752075	0.007055777590721846	0.005010572727769613	0.14117637276649475	0.005836200434714556	0.002650075824931264	0.46351271867752075	0.170734703540802	0.0030244519002735615	0.02331984043121338	0.17387911677360535	0.001740954932756722	0.002059211954474449
419	excitement	../Syntropy_Result_Finals/Models/Model_Journal_Tuned35	../Syntropy_Result_Finals/Models/Model_Journal_Tuned35	joy	0.6005825400352478	0.0043107811361551285	0.003413658356294036	0.220018208026886	0.005596301518380642	0.001416519982740283	0.6005825400352478	0.022460654377937317	0.0028321929275989532	0.018593717366456985	0.11749131977558136	0.0015289043076336384	0.0017552837962284684
420	joy	../Syntropy_Result_Finals/Models/Model_Journal_Tuned35	../Syntropy_Result_Finals/Models/Model_Journal_Tuned35	joy	0.4649878740310669	0.005636625923216343	0.004060063976794481	0.4113438129425049	0.006546986289322376	0.0016725610475987196	0.4649878740310669	0.01646997220814228	0.0024933782406151295	0.01646050252020359	0.06334172189235687	0.0034704161807894707	0.0035161294508725405
421	pride	../Syntropy_Result_Finals/Models/Model_Journal_Tuned35	../Syntropy_Result_Finals/Models/Model_Journal_Tuned35	pride	0.7590712904930115	0.026867138221859932	0.00487643014639616	0.05337183550000191	0.01109770406037569	0.00960488524287939	0.032871000468730927	0.7590712904930115	0.005875619128346443	0.03775152564048767	0.04515815153717995	0.004958301316946745	0.008496073074638844
422	nervousness	../Syntropy_Result_Finals/Models/Model_Journal_Tuned35	../Syntropy_Result_Finals/Models/Model_Journal_Tuned35	neutral	0.18503986299037933	0.17904578149318695	0.021933935582637787	0.18503986299037933	0.05315616354346275	0.043924909085035324	0.07565269619226456	0.18256530165672302	0.01482933759689331	0.0429280586540699	0.028063643723726273	0.09500948339700699	0.07785074412822723
423	neutral	../Syntropy_Result_Finals/Models/Model_Journal_Tuned35	../Syntropy_Result_Finals/Models/Model_Journal_Tuned35	neutral	0.7364875674247742	0.016095949336886406	0.01107439212501049	0.7364875674247742	0.013762128539383411	0.003818781580775976	0.12291786819696426	0.013209236785769463	0.006481813732534647	0.03564011678099632	0.02924175374209881	0.005436674226075411	0.005833760369569063
424	neutral	../Syntropy_Result_Finals/Models/Model_Journal_Tuned35	../Syntropy_Result_Finals/Models/Model_Journal_Tuned35	joy	0.33578506112098694	0.009868538938462734	0.002461041556671262	0.3136070966720581	0.0076440260745584965	0.0026187507901340723	0.33578506112098694	0.03879518806934357	0.002648124471306801	0.041660141199827194	0.23549650609493256	0.005094623193144798	0.004320868756622076
425	neutral	../Syntropy_Result_Finals/Models/Model_Journal_Tuned35	../Syntropy_Result_Finals/Models/Model_Journal_Tuned35	neutral	0.5623573660850525	0.014143737033009529	0.02474137581884861	0.5623573660850525	0.006874390412122011	0.0077787358313798904	0.2979910969734192	0.02981405332684517	0.004122477024793625	0.01600027270615101	0.023422133177518845	0.006737359333783388	0.006016966421157122
426	excitement	../Syntropy_Result_Finals/Models/Model_Journal_Tuned35	../Syntropy_Result_Finals/Models/Model_Journal_Tuned35	neutral	0.3960229456424713	0.013959554024040699	0.007571462541818619	0.3960229456424713	0.008221798576414585	0.003889559069648385	0.3549444377422333	0.0468166321516037	0.005130312405526638	0.029827311635017395	0.12544718384742737	0.0033350931480526924	0.004833770450204611
427	anger	../Syntropy_Result_Finals/Models/Model_Journal_Tuned35	../Syntropy_Result_Finals/Models/Model_Journal_Tuned35	fear	0.40779033303260803	0.28066152334213257	0.03580980375409126	0.022392326965928078	0.02101215533912182	0.40779033303260803	0.03798443451523781	0.019181586802005768	0.02453693374991417	0.03003750368952751	0.011107963509857655	0.016136426478624344	0.09334893524646759
428	joy	../Syntropy_Result_Finals/Models/Model_Journal_Tuned35	../Syntropy_Result_Finals/Models/Model_Journal_Tuned35	joy	0.37210240960121155	0.015165694989264011	0.004021532367914915	0.19560445845127106	0.013120116665959358	0.0037666340358555317	0.37210240960121155	0.0910259485244751	0.007070725318044424	0.058719225227832794	0.2284613698720932	0.004812281113117933	0.006129677873104811
429	joy	../Syntropy_Result_Finals/Models/Model_Journal_Tuned35	../Syntropy_Result_Finals/Models/Model_Journal_Tuned35	neutral	0.5363125801086426	0.04207802191376686	0.01580117829144001	0.5363125801086426	0.018989205360412598	0.011033887974917889	0.16088628768920898	0.13344940543174744	0.004278196953237057	0.026848385110497475	0.03776989504694939	0.006827014032751322	0.005725946743041277
430	excitement	../Syntropy_Result_Finals/Models/Model_Journal_Tuned35	../Syntropy_Result_Finals/Models/Model_Journal_Tuned35	excitement	0.4640454947948456	0.021617453545331955	0.003636142937466502	0.06906125694513321	0.014558074995875359	0.0048093535006046295	0.09110575169324875	0.24845483899116516	0.00436962628737092	0.07010771334171295	0.4640454947948456	0.0038781710900366306	0.004356157500296831
431	joy	../Syntropy_Result_Finals/Models/Model_Journal_Tuned35	../Syntropy_Result_Finals/Models/Model_Journal_Tuned35	joy	0.5064613223075867	0.004326480906456709	0.0023415994364768267	0.10534093528985977	0.005812088958919048	0.0016851994441822171	0.5064613223075867	0.03732886537909508	0.003468034090474248	0.026815105229616165	0.3014146387577057	0.0024013849906623363	0.0026043045800179243
432	joy	../Syntropy_Result_Finals/Models/Model_Journal_Tuned35	../Syntropy_Result_Finals/Models/Model_Journal_Tuned35	joy	0.4909283220767975	0.01148845162242651	0.010857660323381424	0.27853867411613464	0.009203619323670864	0.003096622182056308	0.4909283220767975	0.025459017604589462	0.005852650851011276	0.027223573997616768	0.13017822802066803	0.0030945008620619774	0.0040787216275930405
433	neutral	../Syntropy_Result_Finals/Models/Model_Journal_Tuned35	../Syntropy_Result_Finals/Models/Model_Journal_Tuned35	neutral	0.2771269679069519	0.08208437263965607	0.013729382306337357	0.2771269679069519	0.02904815599322319	0.025545891374349594	0.1429789960384369	0.23747360706329346	0.013052773661911488	0.07843051105737686	0.06151198595762253	0.011234641075134277	0.027782758697867393
434	pride	../Syntropy_Result_Finals/Models/Model_Journal_Tuned35	../Syntropy_Result_Finals/Models/Model_Journal_Tuned35	joy	0.2847440242767334	0.020520711317658424	0.004330422729253769	0.25158199667930603	0.014377940446138382	0.004419805947691202	0.2847440242767334	0.15264686942100525	0.007255383301526308	0.06450985372066498	0.18611453473567963	0.0043893358670175076	0.005109142046421766
435	joy	../Syntropy_Result_Finals/Models/Model_Journal_Tuned35	../Syntropy_Result_Finals/Models/Model_Journal_Tuned35	neutral	0.600769579410553	0.008310623466968536	0.0032591454219073057	0.600769579410553	0.007071395870298147	0.002542798174545169	0.21146440505981445	0.04005094990134239	0.0018795509822666645	0.01680251955986023	0.09811486303806305	0.006354416720569134	0.0033797621726989746
436	joy	../Syntropy_Result_Finals/Models/Model_Journal_Tuned35	../Syntropy_Result_Finals/Models/Model_Journal_Tuned35	excitement	0.5058227181434631	0.008737385272979736	0.004831650294363499	0.08780310302972794	0.0062491982243955135	0.004357549361884594	0.19271184504032135	0.11535780131816864	0.0030843126587569714	0.0663323849439621	0.5058227181434631	0.0021736393682658672	0.0025384186301380396
437	sadness	../Syntropy_Result_Finals/Models/Model_Journal_Tuned35	../Syntropy_Result_Finals/Models/Model_Journal_Tuned35	sadness	0.4588991403579712	0.24802426993846893	0.4588991403579712	0.03829053044319153	0.022930046543478966	0.07214213162660599	0.04862517490983009	0.02531210333108902	0.025909075513482094	0.015028874389827251	0.0062331631779670715	0.008215582929551601	0.030389981344342232
438	nervousness	../Syntropy_Result_Finals/Models/Model_Journal_Tuned35	../Syntropy_Result_Finals/Models/Model_Journal_Tuned35	neutral	0.28060171008110046	0.1712196320295334	0.07990426570177078	0.28060171008110046	0.060276180505752563	0.023147331550717354	0.09719513356685638	0.07866816967725754	0.027903469279408455	0.04562058672308922	0.03074628673493862	0.016300460323691368	0.08841679990291595
439	surprise	../Syntropy_Result_Finals/Models/Model_Journal_Tuned35	../Syntropy_Result_Finals/Models/Model_Journal_Tuned35	neutral	0.28529614210128784	0.18708734214305878	0.05191650986671448	0.28529614210128784	0.04456809535622597	0.041119858622550964	0.1295021027326584	0.06558844447135925	0.031578995287418365	0.0643552839756012	0.03521052747964859	0.0194465983659029	0.044330064207315445
440	joy	../Syntropy_Result_Finals/Models/Model_Journal_Tuned35	../Syntropy_Result_Finals/Models/Model_Journal_Tuned35	excitement	0.5096614956855774	0.006367206573486328	0.002226077252998948	0.12530703842639923	0.009008681401610374	0.0022248674649745226	0.20877355337142944	0.08186055719852448	0.0026547973975539207	0.04733191430568695	0.5096614956855774	0.0021336383651942015	0.0024501858279109
441	nervousness	../Syntropy_Result_Finals/Models/Model_Journal_Tuned35	../Syntropy_Result_Finals/Models/Model_Journal_Tuned35	nervousness	0.3708086907863617	0.3708086907863617	0.013659870252013206	0.02384350262582302	0.01439191959798336	0.24431917071342468	0.02283838577568531	0.016385409981012344	0.030532127246260643	0.02187274768948555	0.007221265230327845	0.012739783152937889	0.22138720750808716
442	nervousness	../Syntropy_Result_Finals/Models/Model_Journal_Tuned35	../Syntropy_Result_Finals/Models/Model_Journal_Tuned35	nervousness	0.41014546155929565	0.41014546155929565	0.04105845093727112	0.0701424703001976	0.24348296225070953	0.04577943682670593	0.03363171964883804	0.020236996933817863	0.025176841765642166	0.0659547746181488	0.01978549361228943	0.00901065394282341	0.015594743192195892
443	neutral	../Syntropy_Result_Finals/Models/Model_Journal_Tuned35	../Syntropy_Result_Finals/Models/Model_Journal_Tuned35	neutral	0.3514082729816437	0.006402819883078337	0.003658569883555174	0.3514082729816437	0.005862972233444452	0.0020175131503492594	0.3193494975566864	0.025672757998108864	0.002379516838118434	0.024718381464481354	0.25263482332229614	0.0030955944675952196	0.00279921549372375
444	pride	../Syntropy_Result_Finals/Models/Model_Journal_Tuned35	../Syntropy_Result_Finals/Models/Model_Journal_Tuned35	pride	0.5677782297134399	0.03433799371123314	0.005806147586554289	0.07979723811149597	0.016606368124485016	0.009464617818593979	0.05507117137312889	0.5677782297134399	0.005337228067219257	0.06527230143547058	0.1477106809616089	0.00553137669339776	0.00728660449385643
445	pride	../Syntropy_Result_Finals/Models/Model_Journal_Tuned35	../Syntropy_Result_Finals/Models/Model_Journal_Tuned35	pride	0.793393611907959	0.021018778905272484	0.003486792789772153	0.033940792083740234	0.010713990777730942	0.006940779741853476	0.029243379831314087	0.793393611907959	0.004501925315707922	0.028784826397895813	0.058449480682611465	0.0038060343358665705	0.005719700362533331
446	excitement	../Syntropy_Result_Finals/Models/Model_Journal_Tuned35	../Syntropy_Result_Finals/Models/Model_Journal_Tuned35	joy	0.2340163141489029	0.02653711661696434	0.008753164671361446	0.19522535800933838	0.021281076595187187	0.008088643662631512	0.2340163141489029	0.20836322009563446	0.009556728415191174	0.1082434430718422	0.16639991104602814	0.004852920304983854	0.008682082407176495
447	pride	../Syntropy_Result_Finals/Models/Model_Journal_Tuned35	../Syntropy_Result_Finals/Models/Model_Journal_Tuned35	neutral	0.37339621782302856	0.03543781489133835	0.006222807336598635	0.37339621782302856	0.017553508281707764	0.007208064664155245	0.14938797056674957	0.21695344150066376	0.005780787207186222	0.06450580060482025	0.1059265211224556	0.008292307145893574	0.00933481752872467
448	joy	../Syntropy_Result_Finals/Models/Model_Journal_Tuned35	../Syntropy_Result_Finals/Models/Model_Journal_Tuned35	joy	0.4354030191898346	0.009558862075209618	0.005654978100210428	0.28497615456581116	0.008689123205840588	0.0024382544215768576	0.4354030191898346	0.052744463086128235	0.004859406501054764	0.036335501819849014	0.15193958580493927	0.003064017742872238	0.004336582962423563
449	neutral	../Syntropy_Result_Finals/Models/Model_Journal_Tuned35	../Syntropy_Result_Finals/Models/Model_Journal_Tuned35	neutral	0.7887588739395142	0.011739269830286503	0.0033587655052542686	0.7887588739395142	0.006928914692252874	0.004020547028630972	0.10891735553741455	0.023479437455534935	0.00268514733761549	0.015365506522357464	0.023753123357892036	0.0057487827725708485	0.005244426429271698
450	pride	../Syntropy_Result_Finals/Models/Model_Journal_Tuned35	../Syntropy_Result_Finals/Models/Model_Journal_Tuned35	joy	0.35263511538505554	0.01505846343934536	0.003974603954702616	0.28321823477745056	0.016645437106490135	0.004849663469940424	0.35263511538505554	0.07785768061876297	0.00508266082033515	0.04419795796275139	0.18382538855075836	0.005975293926894665	0.006679425481706858
451	pride	../Syntropy_Result_Finals/Models/Model_Journal_Tuned35	../Syntropy_Result_Finals/Models/Model_Journal_Tuned35	pride	0.7516347169876099	0.016923937946558	0.002992218127474189	0.05734121799468994	0.00993289053440094	0.004907763097435236	0.05329209193587303	0.7516347169876099	0.00427879486232996	0.028690535575151443	0.06223832070827484	0.0029117660596966743	0.004855756182223558
452	neutral	../Syntropy_Result_Finals/Models/Model_Journal_Tuned35	../Syntropy_Result_Finals/Models/Model_Journal_Tuned35	joy	0.3830854594707489	0.008974848315119743	0.0031155147589743137	0.27112990617752075	0.008790525607764721	0.0030543433967977762	0.3830854594707489	0.03744452819228172	0.004461175296455622	0.051820214837789536	0.22008489072322845	0.003400844521820545	0.004637665580958128
453	joy	../Syntropy_Result_Finals/Models/Model_Journal_Tuned35	../Syntropy_Result_Finals/Models/Model_Journal_Tuned35	pride	0.5110799074172974	0.030483998358249664	0.005145744886249304	0.12098021060228348	0.012568667531013489	0.009103462100028992	0.16414882242679596	0.5110799074172974	0.005115965381264687	0.04281524568796158	0.08013476431369781	0.008049337193369865	0.010373814962804317
454	joy	../Syntropy_Result_Finals/Models/Model_Journal_Tuned35	../Syntropy_Result_Finals/Models/Model_Journal_Tuned35	joy	0.49565577507019043	0.008387502282857895	0.005754127632826567	0.3299142122268677	0.0057997633703053	0.002688264474272728	0.49565577507019043	0.032164134085178375	0.0030263576190918684	0.018604224547743797	0.09081067144870758	0.003460024483501911	0.0037349506746977568
455	joy	../Syntropy_Result_Finals/Models/Model_Journal_Tuned35	../Syntropy_Result_Finals/Models/Model_Journal_Tuned35	joy	0.3909544050693512	0.008694258518517017	0.0049915313720703125	0.21216505765914917	0.008113224059343338	0.0036805628333240747	0.3909544050693512	0.10517972707748413	0.0019390968373045325	0.03248419985175133	0.22820256650447845	0.001877237344160676	0.0017181492876261473
456	joy	../Syntropy_Result_Finals/Models/Model_Journal_Tuned35	../Syntropy_Result_Finals/Models/Model_Journal_Tuned35	neutral	0.4081454873085022	0.06545350700616837	0.007567471358925104	0.4081454873085022	0.045102640986442566	0.03255773335695267	0.12512320280075073	0.13857273757457733	0.005661134608089924	0.0786132663488388	0.0679144635796547	0.017396818846464157	0.007891560904681683
457	surprise	../Syntropy_Result_Finals/Models/Model_Journal_Tuned35	../Syntropy_Result_Finals/Models/Model_Journal_Tuned35	nervousness	0.22024132311344147	0.22024132311344147	0.03063829429447651	0.10861410200595856	0.02738148719072342	0.09420911222696304	0.06770159304141998	0.052638933062553406	0.019680963829159737	0.04606176167726517	0.03679861128330231	0.15048184990882874	0.14555200934410095
458	excitement	../Syntropy_Result_Finals/Models/Model_Journal_Tuned35	../Syntropy_Result_Finals/Models/Model_Journal_Tuned35	joy	0.6328036189079285	0.002898522885516286	0.003257740754634142	0.2118711620569229	0.004967046901583672	0.0012699267826974392	0.6328036189079285	0.012756304815411568	0.00247880513779819	0.01200819667428732	0.1119455099105835	0.001886351383291185	0.0018568368395790458
459	neutral	../Syntropy_Result_Finals/Models/Model_Journal_Tuned35	../Syntropy_Result_Finals/Models/Model_Journal_Tuned35	neutral	0.7611536383628845	0.024063581600785255	0.010258677415549755	0.7611536383628845	0.012385726906359196	0.00426549231633544	0.10976851731538773	0.017446937039494514	0.004968688823282719	0.024861061945557594	0.020022446289658546	0.004566657356917858	0.0062384591437876225
460	confusion	../Syntropy_Result_Finals/Models/Model_Journal_Tuned35	../Syntropy_Result_Finals/Models/Model_Journal_Tuned35	nervousness	0.585857093334198	0.585857093334198	0.010693906806409359	0.023836655542254448	0.040575262159109116	0.17712146043777466	0.02985168807208538	0.016772467643022537	0.01716776005923748	0.03304566442966461	0.007440785877406597	0.008365900255739689	0.04927141219377518
461	neutral	../Syntropy_Result_Finals/Models/Model_Journal_Tuned35	../Syntropy_Result_Finals/Models/Model_Journal_Tuned35	pride	0.36526304483413696	0.0316438227891922	0.006152031477540731	0.18998479843139648	0.019361408427357674	0.008175144903361797	0.12395185232162476	0.36526304483413696	0.006359218154102564	0.08246055245399475	0.15245421230793	0.004288065247237682	0.009905869141221046
462	excitement	../Syntropy_Result_Finals/Models/Model_Journal_Tuned35	../Syntropy_Result_Finals/Models/Model_Journal_Tuned35	joy	0.4748874008655548	0.012254849076271057	0.007537105120718479	0.1767139434814453	0.015901904553174973	0.0033746138215065002	0.4748874008655548	0.026773178949952126	0.008845966309309006	0.054004453122615814	0.20233245193958282	0.00692136213183403	0.010452775284647942
463	pride	../Syntropy_Result_Finals/Models/Model_Journal_Tuned35	../Syntropy_Result_Finals/Models/Model_Journal_Tuned35	pride	0.32756373286247253	0.060413531959056854	0.02089226245880127	0.28702497482299805	0.01966913230717182	0.025871070101857185	0.13319379091262817	0.32756373286247253	0.009188626892864704	0.04675239324569702	0.049327053129673004	0.007172336336225271	0.012931030243635178
464	neutral	../Syntropy_Result_Finals/Models/Model_Journal_Tuned35	../Syntropy_Result_Finals/Models/Model_Journal_Tuned35	neutral	0.5440888404846191	0.013346805237233639	0.006966190878301859	0.5440888404846191	0.010494756512343884	0.002899379935115576	0.29056721925735474	0.03255319967865944	0.003842415288090706	0.026391012594103813	0.05713618919253349	0.005571515299379826	0.006142411381006241
465	excitement	../Syntropy_Result_Finals/Models/Model_Journal_Tuned35	../Syntropy_Result_Finals/Models/Model_Journal_Tuned35	neutral	0.5160232782363892	0.01173047348856926	0.009410162456333637	0.5160232782363892	0.00712638208642602	0.0029024924151599407	0.3483215868473053	0.024444758892059326	0.003972324542701244	0.01632997766137123	0.052247244864702225	0.0032485437113791704	0.004242755006998777
466	joy	../Syntropy_Result_Finals/Models/Model_Journal_Tuned35	../Syntropy_Result_Finals/Models/Model_Journal_Tuned35	neutral	0.4544699788093567	0.011272580362856388	0.005173970479518175	0.4544699788093567	0.00669441232457757	0.0032836031168699265	0.3677408993244171	0.0660805031657219	0.002381628379225731	0.0193036999553442	0.05550266429781914	0.004660356789827347	0.003435679478570819
467	pride	../Syntropy_Result_Finals/Models/Model_Journal_Tuned35	../Syntropy_Result_Finals/Models/Model_Journal_Tuned35	joy	0.36898893117904663	0.013095278292894363	0.00396293681114912	0.06159336119890213	0.016045350581407547	0.0075830682180821896	0.36898893117904663	0.055236831307411194	0.009279852733016014	0.13199546933174133	0.31948137283325195	0.00455246027559042	0.008185071870684624
468	pride	../Syntropy_Result_Finals/Models/Model_Journal_Tuned35	../Syntropy_Result_Finals/Models/Model_Journal_Tuned35	neutral	0.7443081140518188	0.023059381172060966	0.014088044874370098	0.7443081140518188	0.011942391283810139	0.005383812356740236	0.1279497593641281	0.018277965486049652	0.004056826233863831	0.015442853793501854	0.01459684781730175	0.010672088712453842	0.01022197213023901
469	excitement	../Syntropy_Result_Finals/Models/Model_Journal_Tuned35	../Syntropy_Result_Finals/Models/Model_Journal_Tuned35	joy	0.5959630012512207	0.005466538015753031	0.003592123743146658	0.2029017060995102	0.00771521357819438	0.0017903175903484225	0.5959630012512207	0.022710902616381645	0.0036634420976042747	0.02065209299325943	0.13066449761390686	0.00239385524764657	0.002486287849023938
470	joy	../Syntropy_Result_Finals/Models/Model_Journal_Tuned35	../Syntropy_Result_Finals/Models/Model_Journal_Tuned35	pride	0.5273407101631165	0.052108023315668106	0.03245530650019646	0.16249540448188782	0.016189327463507652	0.027057301253080368	0.08581212162971497	0.5273407101631165	0.012524545192718506	0.035874202847480774	0.018457653000950813	0.010777189396321774	0.018908170983195305
471	neutral	../Syntropy_Result_Finals/Models/Model_Journal_Tuned35	../Syntropy_Result_Finals/Models/Model_Journal_Tuned35	neutral	0.6155800223350525	0.011997705325484276	0.010423234663903713	0.6155800223350525	0.009644734673202038	0.005519359838217497	0.24232284724712372	0.04876267537474632	0.002461555413901806	0.013497264124453068	0.03146732598543167	0.005241731647402048	0.003081513801589608
472	joy	../Syntropy_Result_Finals/Models/Model_Journal_Tuned35	../Syntropy_Result_Finals/Models/Model_Journal_Tuned35	joy	0.4004806578159332	0.027858905494213104	0.01175883412361145	0.34143301844596863	0.012809420935809612	0.005493497010320425	0.4004806578159332	0.027314068749547005	0.010610189288854599	0.03780538961291313	0.10119058191776276	0.010515781119465828	0.012729690410196781
473	excitement	../Syntropy_Result_Finals/Models/Model_Journal_Tuned35	../Syntropy_Result_Finals/Models/Model_Journal_Tuned35	neutral	0.5073836445808411	0.010648979805409908	0.004627475049346685	0.5073836445808411	0.00838199257850647	0.0025126750115305185	0.3239041268825531	0.04135919362306595	0.0028457585722208023	0.022982267662882805	0.06688059866428375	0.004679540637880564	0.0037937748711556196
474	excitement	../Syntropy_Result_Finals/Models/Model_Journal_Tuned35	../Syntropy_Result_Finals/Models/Model_Journal_Tuned35	excitement	0.807673454284668	0.005130265839397907	0.0009652155567891896	0.04200584813952446	0.005630079656839371	0.0017914235359057784	0.07443196326494217	0.025394795462489128	0.0013571162708103657	0.03178810700774193	0.807673454284668	0.0019287877948954701	0.0019029437098652124
475	excitement	../Syntropy_Result_Finals/Models/Model_Journal_Tuned35	../Syntropy_Result_Finals/Models/Model_Journal_Tuned35	excitement	0.49698275327682495	0.009198902174830437	0.002341651124879718	0.13787305355072021	0.011419786140322685	0.003707032185047865	0.20315854251384735	0.07070748507976532	0.003285839920863509	0.05368802323937416	0.49698275327682495	0.003033791435882449	0.004603257868438959
476	neutral	../Syntropy_Result_Finals/Models/Model_Journal_Tuned35	../Syntropy_Result_Finals/Models/Model_Journal_Tuned35	joy	0.376295804977417	0.013553599826991558	0.003048789221793413	0.2289396971464157	0.012365056201815605	0.0023917912039905787	0.376295804977417	0.07075560092926025	0.0032670062500983477	0.038542311638593674	0.24358303844928741	0.0035257365088909864	0.0037316305097192526
477	pride	../Syntropy_Result_Finals/Models/Model_Journal_Tuned35	../Syntropy_Result_Finals/Models/Model_Journal_Tuned35	pride	0.35621270537376404	0.034014299511909485	0.006309200543910265	0.20146723091602325	0.013915504328906536	0.007898950017988682	0.18095041811466217	0.35621270537376404	0.005070474464446306	0.04865584895014763	0.1331842541694641	0.00585491769015789	0.006466227117925882
478	excitement	../Syntropy_Result_Finals/Models/Model_Journal_Tuned35	../Syntropy_Result_Finals/Models/Model_Journal_Tuned35	nervousness	0.23812080919742584	0.23812080919742584	0.024028385058045387	0.11197377741336823	0.026298442855477333	0.13459011912345886	0.08426206558942795	0.09014787524938583	0.011542437598109245	0.041261862963438034	0.01988484151661396	0.05120973661541939	0.16667966544628143
479	neutral	../Syntropy_Result_Finals/Models/Model_Journal_Tuned35	../Syntropy_Result_Finals/Models/Model_Journal_Tuned35	neutral	0.8188122510910034	0.01918976940214634	0.014018507674336433	0.8188122510910034	0.011112816631793976	0.003796885721385479	0.08222859352827072	0.009599952958524227	0.0036127218045294285	0.013153215870261192	0.010517695918679237	0.006767728831619024	0.007189895026385784
480	excitement	../Syntropy_Result_Finals/Models/Model_Journal_Tuned35	../Syntropy_Result_Finals/Models/Model_Journal_Tuned35	neutral	0.4240219295024872	0.005165663547813892	0.003808114677667618	0.4240219295024872	0.006100611761212349	0.001391635974869132	0.40236565470695496	0.03392220288515091	0.0020119170658290386	0.018577951937913895	0.09773185104131699	0.0029125006403774023	0.001990065211430192
481	neutral	../Syntropy_Result_Finals/Models/Model_Journal_Tuned35	../Syntropy_Result_Finals/Models/Model_Journal_Tuned35	neutral	0.8446691036224365	0.006623573135584593	0.007848778739571571	0.8446691036224365	0.004336866550147533	0.0022049411199986935	0.10367777198553085	0.0069510373286902905	0.0016482667997479439	0.004653692711144686	0.010042891837656498	0.0037777358666062355	0.003565352875739336
482	joy	../Syntropy_Result_Finals/Models/Model_Journal_Tuned35	../Syntropy_Result_Finals/Models/Model_Journal_Tuned35	excitement	0.44240009784698486	0.007210536394268274	0.0031624517869204283	0.11576930433511734	0.009371885098516941	0.0021113452967256308	0.31936296820640564	0.038082048296928406	0.004688948392868042	0.049998603761196136	0.44240009784698486	0.0029054763726890087	0.004936404060572386
483	neutral	../Syntropy_Result_Finals/Models/Model_Journal_Tuned35	../Syntropy_Result_Finals/Models/Model_Journal_Tuned35	pride	0.7830918431282043	0.01645682379603386	0.0033632272388786077	0.06062420830130577	0.009250233881175518	0.006590546108782291	0.046038441359996796	0.7830918431282043	0.004428278189152479	0.021565675735473633	0.03965192288160324	0.004171276465058327	0.004767553880810738
484	pride	../Syntropy_Result_Finals/Models/Model_Journal_Tuned35	../Syntropy_Result_Finals/Models/Model_Journal_Tuned35	joy	0.6360310912132263	0.003319446463137865	0.003444584785029292	0.21107833087444305	0.004740082658827305	0.0014787695836275816	0.6360310912132263	0.015151962637901306	0.0021536049898713827	0.01169127319008112	0.10667862743139267	0.0023115354124456644	0.0019207102013751864
485	neutral	../Syntropy_Result_Finals/Models/Model_Journal_Tuned35	../Syntropy_Result_Finals/Models/Model_Journal_Tuned35	excitement	0.538582444190979	0.008339919149875641	0.0027961365412920713	0.0920470580458641	0.018146617338061333	0.0020455236081033945	0.2373928725719452	0.02813585102558136	0.003882747143507004	0.06314917653799057	0.538582444190979	0.0019576200284063816	0.0035239781718701124
486	excitement	../Syntropy_Result_Finals/Models/Model_Journal_Tuned35	../Syntropy_Result_Finals/Models/Model_Journal_Tuned35	pride	0.44967567920684814	0.014283305034041405	0.0036247174721211195	0.114939846098423	0.008494051173329353	0.004849924705922604	0.21956676244735718	0.44967567920684814	0.003193796845152974	0.028504375368356705	0.1458001732826233	0.003281618468463421	0.0037857117131352425
487	joy	../Syntropy_Result_Finals/Models/Model_Journal_Tuned35	../Syntropy_Result_Finals/Models/Model_Journal_Tuned35	confusion	0.5650510191917419	0.06779354065656662	0.03209269046783447	0.06551343202590942	0.5650510191917419	0.07833964377641678	0.008025437593460083	0.02413579821586609	0.010579261928796768	0.028386950492858887	0.007197558414191008	0.07943888008594513	0.03344583138823509
488	excitement	../Syntropy_Result_Finals/Models/Model_Journal_Tuned35	../Syntropy_Result_Finals/Models/Model_Journal_Tuned35	neutral	0.6561765074729919	0.018536841496825218	0.00929056666791439	0.6561765074729919	0.008429070934653282	0.004074878059327602	0.16134223341941833	0.07201772928237915	0.004116032738238573	0.021882735192775726	0.03371838480234146	0.005460233427584171	0.004954878706485033
489	excitement	../Syntropy_Result_Finals/Models/Model_Journal_Tuned35	../Syntropy_Result_Finals/Models/Model_Journal_Tuned35	joy	0.48812225461006165	0.0033192578703165054	0.0023136790841817856	0.07056131213903427	0.004557959735393524	0.0014081638073548675	0.48812225461006165	0.017853008583188057	0.003102125832810998	0.026470059528946877	0.3777661919593811	0.002187116537243128	0.002338897902518511
490	neutral	../Syntropy_Result_Finals/Models/Model_Journal_Tuned35	../Syntropy_Result_Finals/Models/Model_Journal_Tuned35	joy	0.3714514672756195	0.011042294092476368	0.00606556935235858	0.3160271942615509	0.011285288259387016	0.002633939031511545	0.3714514672756195	0.033818505704402924	0.009013807401061058	0.060201264917850494	0.1684316247701645	0.003831695532426238	0.006197383161634207
491	neutral	../Syntropy_Result_Finals/Models/Model_Journal_Tuned35	../Syntropy_Result_Finals/Models/Model_Journal_Tuned35	joy	0.5625647306442261	0.00500068161636591	0.005063975229859352	0.21026800572872162	0.0048905485309660435	0.002126283012330532	0.5625647306442261	0.021832499653100967	0.002950358670204878	0.01968519575893879	0.16061857342720032	0.002599915722385049	0.0023992308415472507
492	pride	../Syntropy_Result_Finals/Models/Model_Journal_Tuned35	../Syntropy_Result_Finals/Models/Model_Journal_Tuned35	neutral	0.32458367943763733	0.026976706460118294	0.006109286565333605	0.32458367943763733	0.01699965074658394	0.008659983053803444	0.18251793086528778	0.24204789102077484	0.00493239751085639	0.049454089254140854	0.12310154736042023	0.007020542863756418	0.007596234325319529
493	neutral	../Syntropy_Result_Finals/Models/Model_Journal_Tuned35	../Syntropy_Result_Finals/Models/Model_Journal_Tuned35	joy	0.4182932376861572	0.005629395134747028	0.0028792445082217455	0.39433059096336365	0.005747134797275066	0.0017959309043362737	0.4182932376861572	0.026320697739720345	0.0026846276596188545	0.0230269618332386	0.11255022138357162	0.003432324156165123	0.0033096030820161104
494	joy	../Syntropy_Result_Finals/Models/Model_Journal_Tuned35	../Syntropy_Result_Finals/Models/Model_Journal_Tuned35	neutral	0.6197181940078735	0.005520162638276815	0.004027312155812979	0.6197181940078735	0.005105909891426563	0.0024740903172641993	0.26738986372947693	0.041838619858026505	0.0015571506228297949	0.008477874100208282	0.038388900458812714	0.003393344348296523	0.0021085392218083143
495	neutral	../Syntropy_Result_Finals/Models/Model_Journal_Tuned35	../Syntropy_Result_Finals/Models/Model_Journal_Tuned35	neutral	0.643032431602478	0.0249142087996006	0.014951392076909542	0.643032431602478	0.013629361987113953	0.003735689911991358	0.179555281996727	0.02282784692943096	0.008168882690370083	0.028942719101905823	0.04320259392261505	0.0066076768562197685	0.010431827045977116
496	joy	../Syntropy_Result_Finals/Models/Model_Journal_Tuned35	../Syntropy_Result_Finals/Models/Model_Journal_Tuned35	joy	0.5912314653396606	0.0046090236864984035	0.004596416838467121	0.22913981974124908	0.0066774096339941025	0.0017740668263286352	0.5912314653396606	0.011342485435307026	0.003998070023953915	0.016237903386354446	0.12453915178775787	0.0029954886995255947	0.00285860407166183
497	joy	../Syntropy_Result_Finals/Models/Model_Journal_Tuned35	../Syntropy_Result_Finals/Models/Model_Journal_Tuned35	nervousness	0.6365675330162048	0.6365675330162048	0.013798004947602749	0.03805549815297127	0.037013210356235504	0.12620998919010162	0.037776485085487366	0.01633651927113533	0.015660272911190987	0.03388957679271698	0.009788278490304947	0.007228665053844452	0.02767595276236534
498	joy	../Syntropy_Result_Finals/Models/Model_Journal_Tuned35	../Syntropy_Result_Finals/Models/Model_Journal_Tuned35	neutral	0.5534508228302002	0.007017416879534721	0.007452183868736029	0.5534508228302002	0.00633405102416873	0.0021431678906083107	0.33773869276046753	0.015664419159293175	0.003293274901807308	0.014510870911180973	0.04406876862049103	0.004322459921240807	0.004003881011158228
499	neutral	../Syntropy_Result_Finals/Models/Model_Journal_Tuned35	../Syntropy_Result_Finals/Models/Model_Journal_Tuned35	neutral	0.6314323544502258	0.020570848137140274	0.004096079617738724	0.6314323544502258	0.01034205686300993	0.005517828743904829	0.1568317413330078	0.07248151302337646	0.0029285226482897997	0.025556130334734917	0.05647725239396095	0.008587556891143322	0.005178134422749281
500	excitement	../Syntropy_Result_Finals/Models/Model_Journal_Tuned35	../Syntropy_Result_Finals/Models/Model_Journal_Tuned35	neutral	0.3991137444972992	0.012277736328542233	0.002817645203322172	0.3991137444972992	0.0076878429390490055	0.0031249807216227055	0.28300392627716064	0.04868711158633232	0.0024392942432314157	0.026882601901888847	0.20532086491584778	0.00542420381680131	0.003219995880499482
501	joy	../Syntropy_Result_Finals/Models/Model_Journal_Tuned35	../Syntropy_Result_Finals/Models/Model_Journal_Tuned35	joy	0.4426288902759552	0.0049484590999782085	0.0023296440485864878	0.15515534579753876	0.006182427518069744	0.0018659124616533518	0.4426288902759552	0.03646913915872574	0.0035368462558835745	0.02411635033786297	0.31720292568206787	0.0024305584374815226	0.0031335067469626665
502	joy	../Syntropy_Result_Finals/Models/Model_Journal_Tuned35	../Syntropy_Result_Finals/Models/Model_Journal_Tuned35	joy	0.3579264283180237	0.008957523852586746	0.0030272623989731073	0.2477850764989853	0.007825191132724285	0.002400411991402507	0.3579264283180237	0.0740126222372055	0.003380151931196451	0.053685206919908524	0.23237507045269012	0.004000306595116854	0.004624885506927967
503	neutral	../Syntropy_Result_Finals/Models/Model_Journal_Tuned35	../Syntropy_Result_Finals/Models/Model_Journal_Tuned35	pride	0.3502937853336334	0.045027755200862885	0.007913758978247643	0.31155678629875183	0.02349059469997883	0.011038956232368946	0.12799090147018433	0.3502937853336334	0.005515873897820711	0.03683987632393837	0.05069536715745926	0.0154166454449296	0.0142197385430336
504	excitement	../Syntropy_Result_Finals/Models/Model_Journal_Tuned35	../Syntropy_Result_Finals/Models/Model_Journal_Tuned35	neutral	0.5179635286331177	0.026894863694906235	0.006334180943667889	0.5179635286331177	0.015835240483283997	0.008158552460372448	0.24421383440494537	0.08175642043352127	0.004152724519371986	0.028474513441324234	0.05643283203244209	0.00480620376765728	0.004977090284228325
505	confusion	../Syntropy_Result_Finals/Models/Model_Journal_Tuned35	../Syntropy_Result_Finals/Models/Model_Journal_Tuned35	joy	0.5143218040466309	0.00690003577619791	0.003975993487983942	0.19725145399570465	0.007731565274298191	0.002046335255727172	0.5143218040466309	0.050108157098293304	0.0035506468266248703	0.03413338586688042	0.17283596098423004	0.003495211014524102	0.0036494885571300983
506	neutral	../Syntropy_Result_Finals/Models/Model_Journal_Tuned35	../Syntropy_Result_Finals/Models/Model_Journal_Tuned35	joy	0.4925684332847595	0.010344591923058033	0.009213349781930447	0.3620266318321228	0.006340451072901487	0.0040962472558021545	0.4925684332847595	0.042263370007276535	0.002162852557376027	0.01158091425895691	0.05296105146408081	0.0035867495462298393	0.0028554133605211973
507	neutral	../Syntropy_Result_Finals/Models/Model_Journal_Tuned35	../Syntropy_Result_Finals/Models/Model_Journal_Tuned35	neutral	0.7223300337791443	0.013794702477753162	0.00621529296040535	0.7223300337791443	0.009193293750286102	0.005251180846244097	0.15753787755966187	0.02679496817290783	0.0026226311456412077	0.016894740983843803	0.02736569195985794	0.006793837994337082	0.0052057234570384026
508	excitement	../Syntropy_Result_Finals/Models/Model_Journal_Tuned35	../Syntropy_Result_Finals/Models/Model_Journal_Tuned35	joy	0.44186604022979736	0.010365468449890614	0.006879105232656002	0.299812376499176	0.014064820483326912	0.0029287529177963734	0.44186604022979736	0.02222917415201664	0.008775519207119942	0.047976311296224594	0.12998461723327637	0.007234944961965084	0.00788283534348011
509	nervousness	../Syntropy_Result_Finals/Models/Model_Journal_Tuned35	../Syntropy_Result_Finals/Models/Model_Journal_Tuned35	joy	0.5527432560920715	0.006689609494060278	0.005434808321297169	0.21423126757144928	0.008038368076086044	0.0026569324545562267	0.5527432560920715	0.0331076979637146	0.002121533267199993	0.016899745911359787	0.15337511897087097	0.00262967380695045	0.002072037197649479
510	neutral	../Syntropy_Result_Finals/Models/Model_Journal_Tuned35	../Syntropy_Result_Finals/Models/Model_Journal_Tuned35	nervousness	0.5518076419830322	0.5518076419830322	0.015382353216409683	0.06430169939994812	0.026991065591573715	0.14996182918548584	0.061398256570100784	0.032017048448324203	0.008199185132980347	0.04427735507488251	0.021324269473552704	0.007744775153696537	0.016594551503658295
511	neutral	../Syntropy_Result_Finals/Models/Model_Journal_Tuned35	../Syntropy_Result_Finals/Models/Model_Journal_Tuned35	nervousness	0.26047560572624207	0.26047560572624207	0.045862939208745956	0.20218941569328308	0.043848514556884766	0.037289343774318695	0.13658110797405243	0.04688229784369469	0.034443750977516174	0.06258523464202881	0.03601424768567085	0.02585902065038681	0.06796848773956299
512	joy	../Syntropy_Result_Finals/Models/Model_Journal_Tuned35	../Syntropy_Result_Finals/Models/Model_Journal_Tuned35	excitement	0.7302100658416748	0.004948529880493879	0.0013683866709470749	0.034876640886068344	0.007244742009788752	0.0026671038940548897	0.10958842188119888	0.035129088908433914	0.003190945601090789	0.06208685040473938	0.7302100658416748	0.0038140625692903996	0.004875167738646269
513	neutral	../Syntropy_Result_Finals/Models/Model_Journal_Tuned35	../Syntropy_Result_Finals/Models/Model_Journal_Tuned35	neutral	0.5387374758720398	0.013119635172188282	0.008093000389635563	0.5387374758720398	0.013748446479439735	0.00276587693952024	0.25047263503074646	0.023163894191384315	0.005896990653127432	0.03920566663146019	0.09681027382612228	0.00328523525968194	0.004700867459177971
514	joy	../Syntropy_Result_Finals/Models/Model_Journal_Tuned35	../Syntropy_Result_Finals/Models/Model_Journal_Tuned35	joy	0.4618295133113861	0.007025834172964096	0.002839989261701703	0.18339727818965912	0.008473880589008331	0.002798224100843072	0.4618295133113861	0.03895610198378563	0.004793503787368536	0.04969072714447975	0.23231106996536255	0.0028549341950565577	0.00502899382263422
515	excitement	../Syntropy_Result_Finals/Models/Model_Journal_Tuned35	../Syntropy_Result_Finals/Models/Model_Journal_Tuned35	pride	0.7608274221420288	0.016748379915952682	0.0031739724799990654	0.03595472499728203	0.010158590041100979	0.005151784513145685	0.04570956155657768	0.7608274221420288	0.00448489747941494	0.029054556041955948	0.08196218311786652	0.002660175319761038	0.004113737028092146
516	excitement	../Syntropy_Result_Finals/Models/Model_Journal_Tuned35	../Syntropy_Result_Finals/Models/Model_Journal_Tuned35	joy	0.42748236656188965	0.009732242673635483	0.0040047382935881615	0.2834118902683258	0.011140638962388039	0.002501323353499174	0.42748236656188965	0.03369631618261337	0.005538188386708498	0.0342399962246418	0.1787361353635788	0.003910234197974205	0.005605988670140505
517	pride	../Syntropy_Result_Finals/Models/Model_Journal_Tuned35	../Syntropy_Result_Finals/Models/Model_Journal_Tuned35	joy	0.4988199472427368	0.00765084195882082	0.003873429261147976	0.12909261882305145	0.011954332701861858	0.0025238823145627975	0.4988199472427368	0.02992905117571354	0.0059574078768491745	0.05163216590881348	0.2509738802909851	0.0027068706694990396	0.004885598085820675
518	neutral	../Syntropy_Result_Finals/Models/Model_Journal_Tuned35	../Syntropy_Result_Finals/Models/Model_Journal_Tuned35	neutral	0.6562356352806091	0.016656123101711273	0.017644526436924934	0.6562356352806091	0.012088379822671413	0.0049931639805436134	0.18966637551784515	0.013864333741366863	0.008360070176422596	0.037251800298690796	0.027261363342404366	0.00637022266164422	0.009607966989278793
519	neutral	../Syntropy_Result_Finals/Models/Model_Journal_Tuned35	../Syntropy_Result_Finals/Models/Model_Journal_Tuned35	joy	0.6637365818023682	0.004776455461978912	0.002455540234223008	0.09503453969955444	0.006263735704123974	0.0023002936504781246	0.6637365818023682	0.04497096687555313	0.0017864418914541602	0.01176951453089714	0.16325606405735016	0.0020488884765654802	0.0016009866958484054
520	joy	../Syntropy_Result_Finals/Models/Model_Journal_Tuned35	../Syntropy_Result_Finals/Models/Model_Journal_Tuned35	joy	0.5416062474250793	0.006741601042449474	0.0074621690437197685	0.31884124875068665	0.006700431928038597	0.0032301933970302343	0.5416062474250793	0.026457780972123146	0.0019107359694316983	0.011060981079936028	0.07099425047636032	0.0027145356871187687	0.002279858337715268
521	pride	../Syntropy_Result_Finals/Models/Model_Journal_Tuned35	../Syntropy_Result_Finals/Models/Model_Journal_Tuned35	joy	0.40911808609962463	0.012416807934641838	0.004842659458518028	0.3480648994445801	0.006751802284270525	0.003379981266334653	0.40911808609962463	0.08523662388324738	0.002397884614765644	0.025199584662914276	0.09583637118339539	0.0035162789281457663	0.0032390947453677654
522	excitement	../Syntropy_Result_Finals/Models/Model_Journal_Tuned35	../Syntropy_Result_Finals/Models/Model_Journal_Tuned35	excitement	0.4457767605781555	0.00598382530733943	0.0028167343698441982	0.19291242957115173	0.0057619172148406506	0.0018020308343693614	0.26812276244163513	0.043391477316617966	0.0017299603205174208	0.02762332744896412	0.4457767605781555	0.0023285632487386465	0.0017501205438748002
523	joy	../Syntropy_Result_Finals/Models/Model_Journal_Tuned35	../Syntropy_Result_Finals/Models/Model_Journal_Tuned35	joy	0.6825230717658997	0.004801217466592789	0.0037105975206941366	0.1442718207836151	0.006257890723645687	0.001849128631874919	0.6825230717658997	0.019526194781064987	0.002522967755794525	0.015924159437417984	0.11424607038497925	0.002052024006843567	0.002314816927537322
524	anger	../Syntropy_Result_Finals/Models/Model_Journal_Tuned35	../Syntropy_Result_Finals/Models/Model_Journal_Tuned35	neutral	0.6373236179351807	0.014739882200956345	0.015597620978951454	0.6373236179351807	0.015653464943170547	0.0035205166786909103	0.19965074956417084	0.013609671965241432	0.008380253799259663	0.03357125073671341	0.04618656262755394	0.005220533814281225	0.006545831449329853
525	surprise	../Syntropy_Result_Finals/Models/Model_Journal_Tuned35	../Syntropy_Result_Finals/Models/Model_Journal_Tuned35	joy	0.3222026526927948	0.018010146915912628	0.011307734996080399	0.14274369180202484	0.0177832692861557	0.003748934483155608	0.3222026526927948	0.040337372571229935	0.009910707361996174	0.2255614548921585	0.19944575428962708	0.00332654663361609	0.005621667020022869
526	joy	../Syntropy_Result_Finals/Models/Model_Journal_Tuned35	../Syntropy_Result_Finals/Models/Model_Journal_Tuned35	pride	0.7010379433631897	0.020476507022976875	0.007341568823903799	0.09957928955554962	0.010695278644561768	0.009578188881278038	0.07586855441331863	0.7010379433631897	0.005568922962993383	0.028229903429746628	0.02952219918370247	0.0045192651450634	0.007582276128232479
527	joy	../Syntropy_Result_Finals/Models/Model_Journal_Tuned35	../Syntropy_Result_Finals/Models/Model_Journal_Tuned35	neutral	0.42587774991989136	0.008945666253566742	0.008410819806158543	0.42587774991989136	0.006413031369447708	0.00345322722569108	0.4212706685066223	0.04262451082468033	0.0030174022540450096	0.012095281854271889	0.06269234418869019	0.002597085665911436	0.002602275926619768
528	joy	../Syntropy_Result_Finals/Models/Model_Journal_Tuned35	../Syntropy_Result_Finals/Models/Model_Journal_Tuned35	neutral	0.32444751262664795	0.12839287519454956	0.04373442754149437	0.32444751262664795	0.03692511096596718	0.06610797345638275	0.0858892872929573	0.1585068255662918	0.014012345112860203	0.039808064699172974	0.018059181049466133	0.029173390939831734	0.054942987859249115
529	excitement	../Syntropy_Result_Finals/Models/Model_Journal_Tuned35	../Syntropy_Result_Finals/Models/Model_Journal_Tuned35	excitement	0.41773098707199097	0.044561561197042465	0.005182504188269377	0.1270863264799118	0.01700732856988907	0.0068811457604169846	0.12291054427623749	0.1745084822177887	0.003911151550710201	0.06277349591255188	0.41773098707199097	0.009942572563886642	0.007503841537982225
530	joy	../Syntropy_Result_Finals/Models/Model_Journal_Tuned35	../Syntropy_Result_Finals/Models/Model_Journal_Tuned35	neutral	0.3619631230831146	0.038401588797569275	0.00837054941803217	0.3619631230831146	0.021016499027609825	0.005753477104008198	0.15096181631088257	0.20849163830280304	0.0071027702651917934	0.07296263426542282	0.1117132306098938	0.004633779171854258	0.0086289644241333
531	pride	../Syntropy_Result_Finals/Models/Model_Journal_Tuned35	../Syntropy_Result_Finals/Models/Model_Journal_Tuned35	joy	0.5456252694129944	0.003574678208678961	0.0023370173294097185	0.2055450826883316	0.005337018985301256	0.0017183107556775212	0.5456252694129944	0.03507372736930847	0.0018608361715450883	0.01502185221761465	0.1800599992275238	0.002132005989551544	0.001714212354272604
532	excitement	../Syntropy_Result_Finals/Models/Model_Journal_Tuned35	../Syntropy_Result_Finals/Models/Model_Journal_Tuned35	joy	0.4563586413860321	0.007981077767908573	0.008174775168299675	0.37433263659477234	0.005854289047420025	0.0033847696613520384	0.4563586413860321	0.05513961613178253	0.0019874232821166515	0.012450785376131535	0.06952177733182907	0.0027610051911324263	0.002053267089650035
533	nervousness	../Syntropy_Result_Finals/Models/Model_Journal_Tuned35	../Syntropy_Result_Finals/Models/Model_Journal_Tuned35	nervousness	0.2682606279850006	0.2682606279850006	0.05761539191007614	0.23905551433563232	0.054895903915166855	0.029315251857042313	0.0498884953558445	0.08173414319753647	0.02598799765110016	0.07530420273542404	0.029814166948199272	0.018785035237669945	0.06934332102537155
534	pride	../Syntropy_Result_Finals/Models/Model_Journal_Tuned35	../Syntropy_Result_Finals/Models/Model_Journal_Tuned35	pride	0.42393285036087036	0.014919186942279339	0.0032806643284857273	0.12667320668697357	0.012558567337691784	0.004482101183384657	0.13189132511615753	0.42393285036087036	0.00355815002694726	0.05064107105135918	0.21986593306064606	0.004127935506403446	0.004069095943123102
535	excitement	../Syntropy_Result_Finals/Models/Model_Journal_Tuned35	../Syntropy_Result_Finals/Models/Model_Journal_Tuned35	joy	0.5531640648841858	0.004325441550463438	0.002852099947631359	0.22394771873950958	0.004728499334305525	0.0016625105636194348	0.5531640648841858	0.016674328595399857	0.0023660145234316587	0.015541864559054375	0.17012400925159454	0.002343458356335759	0.0022699858527630568
536	surprise	../Syntropy_Result_Finals/Models/Model_Journal_Tuned35	../Syntropy_Result_Finals/Models/Model_Journal_Tuned35	excitement	0.33500730991363525	0.009396485984325409	0.0027572663966566324	0.18409287929534912	0.009856565855443478	0.00280633638612926	0.2697453200817108	0.130173921585083	0.0034714986104518175	0.04745505750179291	0.33500730991363525	0.002519576344639063	0.002717715222388506
537	surprise	../Syntropy_Result_Finals/Models/Model_Journal_Tuned35	../Syntropy_Result_Finals/Models/Model_Journal_Tuned35	neutral	0.35050275921821594	0.03154829144477844	0.01064585242420435	0.35050275921821594	0.015112759545445442	0.008629433810710907	0.3078043460845947	0.06949224323034286	0.006282095331698656	0.08063636720180511	0.10824708640575409	0.0034539534244686365	0.0076447296887636185
538	excitement	../Syntropy_Result_Finals/Models/Model_Journal_Tuned35	../Syntropy_Result_Finals/Models/Model_Journal_Tuned35	joy	0.61372971534729	0.0027069763746112585	0.0024353298358619213	0.09545569866895676	0.003928017802536488	0.0014217216521501541	0.61372971534729	0.019683249294757843	0.002178650116547942	0.013592613860964775	0.24097506701946259	0.0019867040682584047	0.0019062567735090852
539	joy	../Syntropy_Result_Finals/Models/Model_Journal_Tuned35	../Syntropy_Result_Finals/Models/Model_Journal_Tuned35	joy	0.5225370526313782	0.005631263367831707	0.004929013550281525	0.22584426403045654	0.006835137493908405	0.0020784821826964617	0.5225370526313782	0.019593263044953346	0.006100460421293974	0.026392899453639984	0.17309162020683289	0.0029851722065359354	0.003981398418545723
540	joy	../Syntropy_Result_Finals/Models/Model_Journal_Tuned35	../Syntropy_Result_Finals/Models/Model_Journal_Tuned35	joy	0.6185346245765686	0.0033181251492351294	0.002000075066462159	0.12102270871400833	0.005896611139178276	0.0015217300970107317	0.6185346245765686	0.019354170188307762	0.002210578415542841	0.013115432113409042	0.2081550508737564	0.002791745588183403	0.0020790600683540106
541	excitement	../Syntropy_Result_Finals/Models/Model_Journal_Tuned35	../Syntropy_Result_Finals/Models/Model_Journal_Tuned35	nervousness	0.3755728602409363	0.3755728602409363	0.01962382346391678	0.06766901165246964	0.01994011178612709	0.3276917636394501	0.05625580996274948	0.033679280430078506	0.011737843044102192	0.03259408473968506	0.01000662986189127	0.011647392064332962	0.03358142077922821
542	pride	../Syntropy_Result_Finals/Models/Model_Journal_Tuned35	../Syntropy_Result_Finals/Models/Model_Journal_Tuned35	pride	0.30830737948417664	0.016742879524827003	0.004181731957942247	0.17755252122879028	0.012405894696712494	0.004324131645262241	0.1972571611404419	0.30830737948417664	0.004570454359054565	0.06101926788687706	0.20602552592754364	0.003745808731764555	0.003867204301059246
543	joy	../Syntropy_Result_Finals/Models/Model_Journal_Tuned35	../Syntropy_Result_Finals/Models/Model_Journal_Tuned35	sadness	0.5452025532722473	0.12575241923332214	0.5452025532722473	0.08692768216133118	0.02641795575618744	0.027556758373975754	0.0677342414855957	0.027131471782922745	0.04380332678556442	0.01777728460729122	0.009559336118400097	0.0061130342073738575	0.01602388732135296
544	pride	../Syntropy_Result_Finals/Models/Model_Journal_Tuned35	../Syntropy_Result_Finals/Models/Model_Journal_Tuned35	neutral	0.4728955924510956	0.04879873991012573	0.019598495215177536	0.4728955924510956	0.01938542164862156	0.00997148733586073	0.2669632136821747	0.03484966233372688	0.012159436009824276	0.0433969721198082	0.043041814118623734	0.008233631029725075	0.020705541595816612
545	neutral	../Syntropy_Result_Finals/Models/Model_Journal_Tuned35	../Syntropy_Result_Finals/Models/Model_Journal_Tuned35	neutral	0.47616422176361084	0.007738115265965462	0.005292512476444244	0.47616422176361084	0.004738608840852976	0.0022404405754059553	0.3905574083328247	0.029555996879935265	0.002643152605742216	0.01460120640695095	0.060989860445261	0.0026366219390183687	0.0028418749570846558
546	neutral	../Syntropy_Result_Finals/Models/Model_Journal_Tuned35	../Syntropy_Result_Finals/Models/Model_Journal_Tuned35	pride	0.342536985874176	0.02763911336660385	0.004690742120146751	0.18554124236106873	0.014267009682953358	0.005961798131465912	0.15426558256149292	0.342536985874176	0.003998689353466034	0.05401426553726196	0.1966848224401474	0.005151968915015459	0.005247778724879026
547	pride	../Syntropy_Result_Finals/Models/Model_Journal_Tuned35	../Syntropy_Result_Finals/Models/Model_Journal_Tuned35	neutral	0.4150175452232361	0.011492587625980377	0.005362618248909712	0.4150175452232361	0.013475727289915085	0.0024086807388812304	0.2230524867773056	0.03314699977636337	0.004873326979577541	0.05167533457279205	0.23254258930683136	0.002691974164918065	0.004260122310370207
548	pride	../Syntropy_Result_Finals/Models/Model_Journal_Tuned35	../Syntropy_Result_Finals/Models/Model_Journal_Tuned35	pride	0.8329602479934692	0.02264769747853279	0.005245592445135117	0.03607400879263878	0.00916183739900589	0.010083732195198536	0.02831880934536457	0.8329602479934692	0.005574922077357769	0.0188189335167408	0.0202901940792799	0.004014169797301292	0.006809821352362633
549	excitement	../Syntropy_Result_Finals/Models/Model_Journal_Tuned35	../Syntropy_Result_Finals/Models/Model_Journal_Tuned35	joy	0.43608736991882324	0.00733946543186903	0.002898442791774869	0.25827324390411377	0.00842987559735775	0.0021499551367014647	0.43608736991882324	0.04365915060043335	0.002664637751877308	0.02942632883787155	0.20320898294448853	0.0033683166839182377	0.002494258340448141
550	pride	../Syntropy_Result_Finals/Models/Model_Journal_Tuned35	../Syntropy_Result_Finals/Models/Model_Journal_Tuned35	pride	0.766312837600708	0.022919273003935814	0.0034838994033634663	0.03643721714615822	0.010827132500708103	0.00592043437063694	0.035311002284288406	0.766312837600708	0.00554145872592926	0.03028097189962864	0.07409081608057022	0.003478467930108309	0.005396455526351929
551	neutral	../Syntropy_Result_Finals/Models/Model_Journal_Tuned35	../Syntropy_Result_Finals/Models/Model_Journal_Tuned35	excitement	0.4129301607608795	0.0090787960216403	0.0031841956079006195	0.15195496380329132	0.007583245635032654	0.004138643853366375	0.2425452619791031	0.10801230370998383	0.0024279195349663496	0.052251167595386505	0.4129301607608795	0.003074097912758589	0.0028192983008921146
552	fear	../Syntropy_Result_Finals/Models/Model_Journal_Tuned35	../Syntropy_Result_Finals/Models/Model_Journal_Tuned35	nervousness	0.2584387958049774	0.2584387958049774	0.12403040379285812	0.2150651067495346	0.05552266538143158	0.0897546038031578	0.06578398495912552	0.04262879490852356	0.03199777007102966	0.04383092373609543	0.011774892918765545	0.013690445572137833	0.047481562942266464
553	pride	../Syntropy_Result_Finals/Models/Model_Journal_Tuned35	../Syntropy_Result_Finals/Models/Model_Journal_Tuned35	excitement	0.5243209600448608	0.01012488454580307	0.002585821086540818	0.07173273712396622	0.00854657031595707	0.004117579665035009	0.10720047354698181	0.18285007774829865	0.003619408467784524	0.07746175676584244	0.5243209600448608	0.003325108205899596	0.004114690236747265
554	excitement	../Syntropy_Result_Finals/Models/Model_Journal_Tuned35	../Syntropy_Result_Finals/Models/Model_Journal_Tuned35	excitement	0.5357135534286499	0.031608279794454575	0.0033884758595377207	0.15893016755580902	0.013383781537413597	0.008232301101088524	0.09704378992319107	0.07212930917739868	0.0030077057890594006	0.06378532946109772	0.5357135534286499	0.0066957431845366955	0.006081555970013142
555	anger	../Syntropy_Result_Finals/Models/Model_Journal_Tuned35	../Syntropy_Result_Finals/Models/Model_Journal_Tuned35	disgust	0.2393638640642166	0.14556224644184113	0.0335087887942791	0.08733280748128891	0.028076976537704468	0.11163995414972305	0.03187030926346779	0.11919623613357544	0.02630300633609295	0.0664844810962677	0.01628871262073517	0.09437245875597	0.2393638640642166
556	joy	../Syntropy_Result_Finals/Models/Model_Journal_Tuned35	../Syntropy_Result_Finals/Models/Model_Journal_Tuned35	joy	0.6074696779251099	0.00668533006682992	0.006791722495108843	0.23163306713104248	0.005931392312049866	0.003911416511982679	0.6074696779251099	0.04172632098197937	0.002195341745391488	0.011256944388151169	0.07668741047382355	0.003078385489061475	0.0026329809334129095
557	confusion	../Syntropy_Result_Finals/Models/Model_Journal_Tuned35	../Syntropy_Result_Finals/Models/Model_Journal_Tuned35	surprise	0.7138799428939819	0.012943195179104805	0.006009078584611416	0.06697523593902588	0.01521550863981247	0.003865495091304183	0.06236710399389267	0.009263534098863602	0.00810929387807846	0.7138799428939819	0.09184951335191727	0.0035536482464522123	0.0059685311280190945
558	neutral	../Syntropy_Result_Finals/Models/Model_Journal_Tuned35	../Syntropy_Result_Finals/Models/Model_Journal_Tuned35	neutral	0.7097925543785095	0.028593137860298157	0.014124488458037376	0.7097925543785095	0.015796266496181488	0.010899028740823269	0.14368689060211182	0.020678812637925148	0.004307936877012253	0.01761280931532383	0.019879840314388275	0.008295945823192596	0.00633223308250308
559	neutral	../Syntropy_Result_Finals/Models/Model_Journal_Tuned35	../Syntropy_Result_Finals/Models/Model_Journal_Tuned35	neutral	0.684382438659668	0.0076778787188231945	0.008857552893459797	0.684382438659668	0.009134791791439056	0.0018190956907346845	0.1884443610906601	0.013297230936586857	0.004417321644723415	0.028400950133800507	0.04555073752999306	0.004593763500452042	0.0034238945227116346
560	neutral	../Syntropy_Result_Finals/Models/Model_Journal_Tuned35	../Syntropy_Result_Finals/Models/Model_Journal_Tuned35	nervousness	0.7085772156715393	0.7085772156715393	0.011645354330539703	0.03199584782123566	0.0416298471391201	0.06119704619050026	0.03946758806705475	0.015490422025322914	0.01738600619137287	0.024384401738643646	0.015105108730494976	0.012804259546101093	0.020316891372203827
561	surprise	../Syntropy_Result_Finals/Models/Model_Journal_Tuned35	../Syntropy_Result_Finals/Models/Model_Journal_Tuned35	joy	0.26069650053977966	0.018017662689089775	0.0045887804590165615	0.1840907484292984	0.015489166602492332	0.005905761383473873	0.26069650053977966	0.1575765758752823	0.006447553634643555	0.07779619097709656	0.2555781304836273	0.005146392621099949	0.008666480891406536
562	joy	../Syntropy_Result_Finals/Models/Model_Journal_Tuned35	../Syntropy_Result_Finals/Models/Model_Journal_Tuned35	joy	0.4343842566013336	0.008756525814533234	0.0029910795856267214	0.25041332840919495	0.00867436919361353	0.0025206650607287884	0.4343842566013336	0.10160369426012039	0.0030968051869422197	0.025413455441594124	0.15532304346561432	0.0037667006254196167	0.003056033281609416
563	excitement	../Syntropy_Result_Finals/Models/Model_Journal_Tuned35	../Syntropy_Result_Finals/Models/Model_Journal_Tuned35	excitement	0.4035331606864929	0.005671902559697628	0.0021126223728060722	0.07650435715913773	0.007095600478351116	0.0020288776140660048	0.38616928458213806	0.04449644684791565	0.0037742427084594965	0.06379375606775284	0.4035331606864929	0.0019851909019052982	0.00283459248021245
564	neutral	../Syntropy_Result_Finals/Models/Model_Journal_Tuned35	../Syntropy_Result_Finals/Models/Model_Journal_Tuned35	neutral	0.6248434782028198	0.010739631950855255	0.009318754076957703	0.6248434782028198	0.00909280776977539	0.0044786701910197735	0.2667112350463867	0.012715155258774757	0.0028729275800287724	0.014070729725062847	0.03143661841750145	0.007613741792738438	0.006106225773692131
565	neutral	../Syntropy_Result_Finals/Models/Model_Journal_Tuned35	../Syntropy_Result_Finals/Models/Model_Journal_Tuned35	neutral	0.3554743230342865	0.008732212707400322	0.0035113594494760036	0.3554743230342865	0.008384463377296925	0.002370580332353711	0.31593984365463257	0.08720801025629044	0.003955445718020201	0.036058153957128525	0.17253552377223969	0.0027262335643172264	0.0031038837041705847
566	pride	../Syntropy_Result_Finals/Models/Model_Journal_Tuned35	../Syntropy_Result_Finals/Models/Model_Journal_Tuned35	excitement	0.39563536643981934	0.011635135859251022	0.0031944243237376213	0.09196223318576813	0.012736551463603973	0.003789410227909684	0.20917685329914093	0.12203735113143921	0.006164805497974157	0.13502514362335205	0.39563536643981934	0.0033811209723353386	0.005261700600385666
567	excitement	../Syntropy_Result_Finals/Models/Model_Journal_Tuned35	../Syntropy_Result_Finals/Models/Model_Journal_Tuned35	pride	0.660270631313324	0.02821258455514908	0.012188796885311604	0.11773769557476044	0.011520719155669212	0.011870034039020538	0.08171972632408142	0.660270631313324	0.0054952106438577175	0.02705221064388752	0.03302314132452011	0.0046613081358373165	0.006247997749596834
568	fear	../Syntropy_Result_Finals/Models/Model_Journal_Tuned35	../Syntropy_Result_Finals/Models/Model_Journal_Tuned35	neutral	0.18347935378551483	0.09371846914291382	0.05316648259758949	0.18347935378551483	0.035266999155282974	0.02270636521279812	0.1764843761920929	0.08505245298147202	0.02301720343530178	0.1563514620065689	0.1437245011329651	0.006164311897009611	0.020868031308054924
569	excitement	../Syntropy_Result_Finals/Models/Model_Journal_Tuned35	../Syntropy_Result_Finals/Models/Model_Journal_Tuned35	neutral	0.3071499168872833	0.03355212137103081	0.007707157172262669	0.3071499168872833	0.016179872676730156	0.005142960697412491	0.19890013337135315	0.17233335971832275	0.006724289618432522	0.07578174024820328	0.1623430997133255	0.006127129774540663	0.00805816613137722
570	excitement	../Syntropy_Result_Finals/Models/Model_Journal_Tuned35	../Syntropy_Result_Finals/Models/Model_Journal_Tuned35	pride	0.40266674757003784	0.06111956015229225	0.010229754261672497	0.15428249537944794	0.017722582444548607	0.012628761120140553	0.0988568365573883	0.40266674757003784	0.008717837743461132	0.06744509935379028	0.1429092437028885	0.01134120300412178	0.012079932726919651
571	joy	../Syntropy_Result_Finals/Models/Model_Journal_Tuned35	../Syntropy_Result_Finals/Models/Model_Journal_Tuned35	joy	0.5336240530014038	0.006016008090227842	0.004324633162468672	0.19664430618286133	0.009942733682692051	0.0020291560795158148	0.5336240530014038	0.016812391579151154	0.004960632883012295	0.027109719812870026	0.19108659029006958	0.003604329889640212	0.003845441387966275
572	joy	../Syntropy_Result_Finals/Models/Model_Journal_Tuned35	../Syntropy_Result_Finals/Models/Model_Journal_Tuned35	joy	0.6114295125007629	0.0052246106788516045	0.004551392514258623	0.11893994361162186	0.0059723318554461	0.0030809538438916206	0.6114295125007629	0.034683823585510254	0.0019719053525477648	0.014334731735289097	0.1949411928653717	0.002684258855879307	0.0021853288635611534
573	neutral	../Syntropy_Result_Finals/Models/Model_Journal_Tuned35	../Syntropy_Result_Finals/Models/Model_Journal_Tuned35	joy	0.44236668944358826	0.0037168110720813274	0.0021574541460722685	0.11840765178203583	0.003874788759276271	0.0014515839284285903	0.44236668944358826	0.04349924251437187	0.002715066308155656	0.021937105804681778	0.3560456931591034	0.0017499536043033004	0.0020778717007488012
574	joy	../Syntropy_Result_Finals/Models/Model_Journal_Tuned35	../Syntropy_Result_Finals/Models/Model_Journal_Tuned35	neutral	0.5020658373832703	0.01675654575228691	0.004789937287569046	0.5020658373832703	0.009422698058187962	0.0034666317515075207	0.2273792028427124	0.08877241611480713	0.004113038536161184	0.036781489849090576	0.09514977037906647	0.005332895554602146	0.00596952997148037
575	excitement	../Syntropy_Result_Finals/Models/Model_Journal_Tuned35	../Syntropy_Result_Finals/Models/Model_Journal_Tuned35	excitement	0.3369309604167938	0.00905190035700798	0.0029106875881552696	0.2759619355201721	0.009458396583795547	0.0024722577072679996	0.24098874628543854	0.0646401047706604	0.002890507923439145	0.047095056623220444	0.3369309604167938	0.0044124252162873745	0.0031869630329310894
576	sadness	../Syntropy_Result_Finals/Models/Model_Journal_Tuned35	../Syntropy_Result_Finals/Models/Model_Journal_Tuned35	sadness	0.5170129537582397	0.22186779975891113	0.5170129537582397	0.04193958267569542	0.022789834067225456	0.048362985253334045	0.040540698915719986	0.02096649259328842	0.022746212780475616	0.012660752981901169	0.006749117746949196	0.012502389959990978	0.03186115622520447
577	joy	../Syntropy_Result_Finals/Models/Model_Journal_Tuned35	../Syntropy_Result_Finals/Models/Model_Journal_Tuned35	joy	0.5776395201683044	0.003957477863878012	0.003148335264995694	0.20751360058784485	0.005516126286238432	0.001813125447370112	0.5776395201683044	0.019021237269043922	0.0022325082682073116	0.016914376989006996	0.15603835880756378	0.0032578541431576014	0.0029475181363523006
578	joy	../Syntropy_Result_Finals/Models/Model_Journal_Tuned35	../Syntropy_Result_Finals/Models/Model_Journal_Tuned35	neutral	0.3827865421772003	0.01290870364755392	0.005521044135093689	0.3827865421772003	0.007508773822337389	0.002450070111081004	0.3705217242240906	0.04831279441714287	0.003091230057179928	0.027405545115470886	0.1345469057559967	0.002155862282961607	0.0027908298652619123
579	anger	../Syntropy_Result_Finals/Models/Model_Journal_Tuned35	../Syntropy_Result_Finals/Models/Model_Journal_Tuned35	nervousness	0.6152703166007996	0.6152703166007996	0.019081948325037956	0.06304643303155899	0.02990569919347763	0.10766322910785675	0.056269221007823944	0.014130746014416218	0.013770287856459618	0.034997764974832535	0.017198141664266586	0.010304021649062634	0.01836215704679489
580	pride	../Syntropy_Result_Finals/Models/Model_Journal_Tuned35	../Syntropy_Result_Finals/Models/Model_Journal_Tuned35	joy	0.4910338521003723	0.006337655242532492	0.004131460562348366	0.2574702501296997	0.007011198904365301	0.00172953971195966	0.4910338521003723	0.03241036459803581	0.0036945873871445656	0.0262114517390728	0.16417235136032104	0.0023771580308675766	0.0034201480448246002
581	joy	../Syntropy_Result_Finals/Models/Model_Journal_Tuned35	../Syntropy_Result_Finals/Models/Model_Journal_Tuned35	neutral	0.47919610142707825	0.008853173814713955	0.007842998951673508	0.47919610142707825	0.0064641861245036125	0.0020571304485201836	0.375479131937027	0.02109910361468792	0.0043097492307424545	0.02119217813014984	0.06565258651971817	0.0031226540450006723	0.00473104789853096
582	surprise	../Syntropy_Result_Finals/Models/Model_Journal_Tuned35	../Syntropy_Result_Finals/Models/Model_Journal_Tuned35	neutral	0.2760588526725769	0.05426514148712158	0.006448648404330015	0.2760588526725769	0.048207011073827744	0.010618910193443298	0.12949177622795105	0.14080387353897095	0.0059389579109847546	0.11944951117038727	0.19536221027374268	0.005168200936168432	0.00818681251257658
583	pride	../Syntropy_Result_Finals/Models/Model_Journal_Tuned35	../Syntropy_Result_Finals/Models/Model_Journal_Tuned35	excitement	0.3123547434806824	0.022443091496825218	0.003856455674394965	0.17042922973632812	0.02267875149846077	0.007508562412112951	0.18040084838867188	0.15795870125293732	0.007875790819525719	0.10276205092668533	0.3123547434806824	0.004310016520321369	0.007421799469739199
584	surprise	../Syntropy_Result_Finals/Models/Model_Journal_Tuned35	../Syntropy_Result_Finals/Models/Model_Journal_Tuned35	neutral	0.58045494556427	0.10314159840345383	0.061999235302209854	0.58045494556427	0.03628339618444443	0.010705743916332722	0.1026078388094902	0.018697569146752357	0.015992622822523117	0.03231038153171539	0.013886828906834126	0.008770198561251163	0.01514970138669014
585	nervousness	../Syntropy_Result_Finals/Models/Model_Journal_Tuned35	../Syntropy_Result_Finals/Models/Model_Journal_Tuned35	neutral	0.3839224874973297	0.050238676369190216	0.0073683178052306175	0.3839224874973297	0.027371348813176155	0.016184572130441666	0.09226890653371811	0.2400980144739151	0.006239057052880526	0.06569812446832657	0.07915869355201721	0.013831389136612415	0.017620446160435677
586	neutral	../Syntropy_Result_Finals/Models/Model_Journal_Tuned35	../Syntropy_Result_Finals/Models/Model_Journal_Tuned35	neutral	0.5088151693344116	0.006009703502058983	0.0062555368058383465	0.5088151693344116	0.007970459759235382	0.0021962285973131657	0.3749522566795349	0.008441653102636337	0.002793228719383478	0.013523967936635017	0.06274875998497009	0.0036607494112104177	0.0026322065386921167
587	joy	../Syntropy_Result_Finals/Models/Model_Journal_Tuned35	../Syntropy_Result_Finals/Models/Model_Journal_Tuned35	excitement	0.4048003852367401	0.009428469464182854	0.003839310957118869	0.09320395439863205	0.01000102050602436	0.003557749791070819	0.38809826970100403	0.025093067437410355	0.005398488137871027	0.041367124766111374	0.4048003852367401	0.005959601141512394	0.009252545423805714
588	joy	../Syntropy_Result_Finals/Models/Model_Journal_Tuned35	../Syntropy_Result_Finals/Models/Model_Journal_Tuned35	joy	0.5280503034591675	0.0028067699167877436	0.003094450803473592	0.3020657002925873	0.00510805519297719	0.001317021087743342	0.5280503034591675	0.012150585651397705	0.0022792168892920017	0.01423034816980362	0.12438876181840897	0.0024752288591116667	0.0020335994195193052
589	sadness	../Syntropy_Result_Finals/Models/Model_Journal_Tuned35	../Syntropy_Result_Finals/Models/Model_Journal_Tuned35	nervousness	0.2654733955860138	0.2654733955860138	0.07528316229581833	0.13100792467594147	0.06573845446109772	0.07522650063037872	0.036175888031721115	0.08198433369398117	0.03932512551546097	0.04778940975666046	0.012894953601062298	0.024383779615163803	0.1447170376777649
590	excitement	../Syntropy_Result_Finals/Models/Model_Journal_Tuned35	../Syntropy_Result_Finals/Models/Model_Journal_Tuned35	joy	0.5291663408279419	0.005443250294774771	0.0029774755239486694	0.10379371047019958	0.006119605153799057	0.0019133607856929302	0.5291663408279419	0.08453080803155899	0.0020211325027048588	0.020521214231848717	0.2391635924577713	0.002535420935600996	0.0018141346517950296
591	confusion	../Syntropy_Result_Finals/Models/Model_Journal_Tuned35	../Syntropy_Result_Finals/Models/Model_Journal_Tuned35	joy	0.3762153685092926	0.015535959042608738	0.005409525241702795	0.23314602673053741	0.019336020573973656	0.0034470742102712393	0.3762153685092926	0.03193521499633789	0.005184597801417112	0.06178830564022064	0.2366361916065216	0.0037609878927469254	0.007604711223393679
592	excitement	../Syntropy_Result_Finals/Models/Model_Journal_Tuned35	../Syntropy_Result_Finals/Models/Model_Journal_Tuned35	pride	0.525464653968811	0.032109033316373825	0.005684365518391132	0.10172699391841888	0.01775314286351204	0.009222940541803837	0.11209207773208618	0.525464653968811	0.0070554278790950775	0.05703486129641533	0.11914977431297302	0.004909198265522718	0.007797501049935818
593	surprise	../Syntropy_Result_Finals/Models/Model_Journal_Tuned35	../Syntropy_Result_Finals/Models/Model_Journal_Tuned35	joy	0.40103664994239807	0.007773307617753744	0.0036967534106224775	0.23997212946414948	0.0073572867549955845	0.0027741268277168274	0.40103664994239807	0.1033758744597435	0.0038539425004273653	0.040547147393226624	0.18408595025539398	0.0024803399574011564	0.0030464858282357454
594	pride	../Syntropy_Result_Finals/Models/Model_Journal_Tuned35	../Syntropy_Result_Finals/Models/Model_Journal_Tuned35	pride	0.4303579032421112	0.015194425359368324	0.00342706311494112	0.10372123122215271	0.011418217793107033	0.004250731319189072	0.1348499357700348	0.4303579032421112	0.004460596479475498	0.05009903758764267	0.23477265238761902	0.0030396052170544863	0.004408509004861116
595	joy	../Syntropy_Result_Finals/Models/Model_Journal_Tuned35	../Syntropy_Result_Finals/Models/Model_Journal_Tuned35	neutral	0.4159495532512665	0.05157376825809479	0.02631743624806404	0.4159495532512665	0.02006276696920395	0.013489575125277042	0.1817971020936966	0.1538200080394745	0.010453547351062298	0.057192590087652206	0.044797033071517944	0.006814918480813503	0.017731644213199615
596	neutral	../Syntropy_Result_Finals/Models/Model_Journal_Tuned35	../Syntropy_Result_Finals/Models/Model_Journal_Tuned35	neutral	0.5760947465896606	0.009143481031060219	0.006309558171778917	0.5760947465896606	0.006732323206961155	0.0022785712499171495	0.29897797107696533	0.019040605053305626	0.003014272777363658	0.019393326714634895	0.05010152608156204	0.004347002599388361	0.004566657356917858
597	pride	../Syntropy_Result_Finals/Models/Model_Journal_Tuned35	../Syntropy_Result_Finals/Models/Model_Journal_Tuned35	joy	0.22531546652317047	0.050984688103199005	0.013710821978747845	0.21409155428409576	0.03067365288734436	0.010203774087131023	0.22531546652317047	0.19702601432800293	0.018395094200968742	0.08173885941505432	0.13775306940078735	0.008474458940327168	0.011632534675300121
598	surprise	../Syntropy_Result_Finals/Models/Model_Journal_Tuned35	../Syntropy_Result_Finals/Models/Model_Journal_Tuned35	joy	0.38350754976272583	0.007025117054581642	0.004411295522004366	0.1365346908569336	0.009957337751984596	0.0028665633872151375	0.38350754976272583	0.019923703745007515	0.007273315917700529	0.05018540471792221	0.3713458776473999	0.0023329344112426043	0.00463627465069294
599	neutral	../Syntropy_Result_Finals/Models/Model_Journal_Tuned35	../Syntropy_Result_Finals/Models/Model_Journal_Tuned35	joy	0.5679053068161011	0.008011008612811565	0.008831826038658619	0.2584502398967743	0.007275976240634918	0.0021987496875226498	0.5679053068161011	0.017832554876804352	0.004439725074917078	0.02567104436457157	0.09147842973470688	0.003533141454681754	0.004371872637420893
600	pride	../Syntropy_Result_Finals/Models/Model_Journal_Tuned35	../Syntropy_Result_Finals/Models/Model_Journal_Tuned35	pride	0.7280675768852234	0.030171483755111694	0.005160495638847351	0.04330942779779434	0.017145009711384773	0.012252897955477238	0.025508351624011993	0.7280675768852234	0.00702632637694478	0.06036963313817978	0.05638856068253517	0.005252815783023834	0.009347445331513882
601	pride	../Syntropy_Result_Finals/Models/Model_Journal_Tuned35	../Syntropy_Result_Finals/Models/Model_Journal_Tuned35	pride	0.3961851894855499	0.024215970188379288	0.01319403387606144	0.25645706057548523	0.011046960018575191	0.016731737181544304	0.19984334707260132	0.3961851894855499	0.004695217590779066	0.0206812284886837	0.03786015883088112	0.009781195782124996	0.009307894855737686
602	joy	../Syntropy_Result_Finals/Models/Model_Journal_Tuned35	../Syntropy_Result_Finals/Models/Model_Journal_Tuned35	pride	0.3640858232975006	0.04536261409521103	0.007917432114481926	0.16273817420005798	0.0220278762280941	0.00964345596730709	0.13414354622364044	0.3640858232975006	0.00880427286028862	0.08783078193664551	0.14283734560012817	0.005370499566197395	0.009238261729478836
603	joy	../Syntropy_Result_Finals/Models/Model_Journal_Tuned35	../Syntropy_Result_Finals/Models/Model_Journal_Tuned35	joy	0.3127062916755676	0.007706705015152693	0.0031245588324964046	0.21518833935260773	0.009384768083691597	0.0023709398228675127	0.3127062916755676	0.07298201322555542	0.004415818024426699	0.05959996581077576	0.3046766221523285	0.0034126657992601395	0.0044313152320683
604	surprise	../Syntropy_Result_Finals/Models/Model_Journal_Tuned35	../Syntropy_Result_Finals/Models/Model_Journal_Tuned35	excitement	0.3745327889919281	0.013269184157252312	0.00478462316095829	0.12556567788124084	0.008932890370488167	0.0035951584577560425	0.19634109735488892	0.09306155890226364	0.00653298432007432	0.16572539508342743	0.3745327889919281	0.002726323204115033	0.004932347685098648
605	joy	../Syntropy_Result_Finals/Models/Model_Journal_Tuned35	../Syntropy_Result_Finals/Models/Model_Journal_Tuned35	joy	0.5403569936752319	0.003208422800526023	0.003003532299771905	0.2601849436759949	0.005280548706650734	0.0017132252687588334	0.5403569936752319	0.027663346379995346	0.0021119031589478254	0.017813442274928093	0.13483308255672455	0.0020730067044496536	0.0017575417878106236
606	neutral	../Syntropy_Result_Finals/Models/Model_Journal_Tuned35	../Syntropy_Result_Finals/Models/Model_Journal_Tuned35	excitement	0.38612228631973267	0.010546567849814892	0.0028530561830848455	0.08555871993303299	0.008280646987259388	0.003658641129732132	0.17014378309249878	0.2686198055744171	0.002967395121231675	0.0560028962790966	0.38612228631973267	0.0023749927058815956	0.0028712390922009945
607	joy	../Syntropy_Result_Finals/Models/Model_Journal_Tuned35	../Syntropy_Result_Finals/Models/Model_Journal_Tuned35	neutral	0.5673590302467346	0.025857966393232346	0.011218865402042866	0.5673590302467346	0.012484364211559296	0.013610430993139744	0.20648178458213806	0.08782651275396347	0.00349285826086998	0.023118160665035248	0.027769850566983223	0.01003649178892374	0.010743704624474049
608	neutral	../Syntropy_Result_Finals/Models/Model_Journal_Tuned35	../Syntropy_Result_Finals/Models/Model_Journal_Tuned35	neutral	0.7785082459449768	0.02241620421409607	0.014741864986717701	0.7785082459449768	0.011150956153869629	0.0037611995358020067	0.1080005094408989	0.011523306369781494	0.005157947074621916	0.015886381268501282	0.015102140605449677	0.005698150955140591	0.008053088560700417
609	neutral	../Syntropy_Result_Finals/Models/Model_Journal_Tuned35	../Syntropy_Result_Finals/Models/Model_Journal_Tuned35	pride	0.4244120121002197	0.010394229553639889	0.002530924044549465	0.0778062492609024	0.009506288915872574	0.003542013932019472	0.11783567070960999	0.4244120121002197	0.003702146001160145	0.03634769096970558	0.3081686496734619	0.0027322578243911266	0.0030219436157494783
610	excitement	../Syntropy_Result_Finals/Models/Model_Journal_Tuned35	../Syntropy_Result_Finals/Models/Model_Journal_Tuned35	joy	0.30005714297294617	0.04129096120595932	0.0214028712362051	0.1977543830871582	0.03752748668193817	0.012729594483971596	0.30005714297294617	0.06925369054079056	0.029099812731146812	0.10626063495874405	0.1528952419757843	0.011342143639922142	0.0203859806060791
611	pride	../Syntropy_Result_Finals/Models/Model_Journal_Tuned35	../Syntropy_Result_Finals/Models/Model_Journal_Tuned35	nervousness	0.2452223300933838	0.2452223300933838	0.23456715047359467	0.24166950583457947	0.03779260069131851	0.07982414215803146	0.04397943243384361	0.03272394835948944	0.016582408919930458	0.01423302199691534	0.00665945652872324	0.015386600978672504	0.0313594676554203
612	surprise	../Syntropy_Result_Finals/Models/Model_Journal_Tuned35	../Syntropy_Result_Finals/Models/Model_Journal_Tuned35	joy	0.3298143744468689	0.00814185943454504	0.003586648730561137	0.1424807608127594	0.008427676744759083	0.00255925883539021	0.3298143744468689	0.06813094764947891	0.0038051705341786146	0.12378476560115814	0.30370235443115234	0.002143068937584758	0.0034231189638376236
613	neutral	../Syntropy_Result_Finals/Models/Model_Journal_Tuned35	../Syntropy_Result_Finals/Models/Model_Journal_Tuned35	excitement	0.3232768476009369	0.01228092797100544	0.0032743315678089857	0.14878161251544952	0.009131425060331821	0.0036083213053643703	0.16793841123580933	0.2573007643222809	0.004720404744148254	0.06209274008870125	0.3232768476009369	0.0031279486138373613	0.00446629012003541
614	neutral	../Syntropy_Result_Finals/Models/Model_Journal_Tuned35	../Syntropy_Result_Finals/Models/Model_Journal_Tuned35	joy	0.36839282512664795	0.009285889565944672	0.0041437228210270405	0.3675612211227417	0.010992773808538914	0.0036882194690406322	0.36839282512664795	0.022607766091823578	0.0053152767941355705	0.04692722111940384	0.15216241776943207	0.0043405694887042046	0.004582172725349665
615	joy	../Syntropy_Result_Finals/Models/Model_Journal_Tuned35	../Syntropy_Result_Finals/Models/Model_Journal_Tuned35	joy	0.49464842677116394	0.010597105138003826	0.01021912693977356	0.19439096748828888	0.016683386638760567	0.003816413227468729	0.49464842677116394	0.033746421337127686	0.0077620516531169415	0.03586069121956825	0.18681086599826813	0.0023253001272678375	0.003139285370707512
616	joy	../Syntropy_Result_Finals/Models/Model_Journal_Tuned35	../Syntropy_Result_Finals/Models/Model_Journal_Tuned35	neutral	0.4278901517391205	0.017280088737607002	0.0045491792261600494	0.4278901517391205	0.013876753859221935	0.007597378920763731	0.1447364091873169	0.24880042672157288	0.003744390793144703	0.03248898684978485	0.08557967096567154	0.005957930348813534	0.007498583756387234
617	joy	../Syntropy_Result_Finals/Models/Model_Journal_Tuned35	../Syntropy_Result_Finals/Models/Model_Journal_Tuned35	joy	0.627419650554657	0.007360205985605717	0.007334332913160324	0.2143261879682541	0.008971086703240871	0.0020351747516542673	0.627419650554657	0.023243064060807228	0.004386303946375847	0.01841145195066929	0.0815064087510109	0.0021641894709318876	0.0028420512098819017
618	excitement	../Syntropy_Result_Finals/Models/Model_Journal_Tuned35	../Syntropy_Result_Finals/Models/Model_Journal_Tuned35	pride	0.29710543155670166	0.019923118874430656	0.0061063626781105995	0.2216833382844925	0.015474829822778702	0.007695986423641443	0.24497084319591522	0.29710543155670166	0.004685203079134226	0.04652556777000427	0.12680700421333313	0.004677570424973965	0.004344712942838669
619	joy	../Syntropy_Result_Finals/Models/Model_Journal_Tuned35	../Syntropy_Result_Finals/Models/Model_Journal_Tuned35	joy	0.3908059000968933	0.011637871153652668	0.002920011291280389	0.15323041379451752	0.008741645142436028	0.003496709745377302	0.3908059000968933	0.12640045583248138	0.0035757862497121096	0.03389082849025726	0.2570491135120392	0.003948196768760681	0.004302962217479944
620	joy	../Syntropy_Result_Finals/Models/Model_Journal_Tuned35	../Syntropy_Result_Finals/Models/Model_Journal_Tuned35	pride	0.31658443808555603	0.0071901422925293446	0.004757486283779144	0.20264102518558502	0.007196954917162657	0.004053390584886074	0.27900081872940063	0.31658443808555603	0.0030571308452636003	0.022546198219060898	0.1471833884716034	0.0032846115063875914	0.002504478907212615
621	nervousness	../Syntropy_Result_Finals/Models/Model_Journal_Tuned35	../Syntropy_Result_Finals/Models/Model_Journal_Tuned35	nervousness	0.33154910802841187	0.33154910802841187	0.13204409182071686	0.10419528186321259	0.0360792838037014	0.05227651447057724	0.07002753764390945	0.05831421539187431	0.02917209267616272	0.042537108063697815	0.022704405710101128	0.03277435526251793	0.08832605183124542
622	joy	../Syntropy_Result_Finals/Models/Model_Journal_Tuned35	../Syntropy_Result_Finals/Models/Model_Journal_Tuned35	joy	0.4271184504032135	0.00510633597150445	0.004799933172762394	0.40767142176628113	0.008158065378665924	0.0013769781216979027	0.4271184504032135	0.010910588316619396	0.0037402529269456863	0.023311791941523552	0.10126316547393799	0.003628580830991268	0.0029143900610506535
623	neutral	../Syntropy_Result_Finals/Models/Model_Journal_Tuned35	../Syntropy_Result_Finals/Models/Model_Journal_Tuned35	neutral	0.5783184170722961	0.03758051618933678	0.006323298905044794	0.5783184170722961	0.021701524034142494	0.009906157851219177	0.12698066234588623	0.09033837169408798	0.005720649380236864	0.0423099659383297	0.05412779003381729	0.016183646395802498	0.010509049519896507
624	neutral	../Syntropy_Result_Finals/Models/Model_Journal_Tuned35	../Syntropy_Result_Finals/Models/Model_Journal_Tuned35	neutral	0.7992702722549438	0.026901032775640488	0.01043393649160862	0.7992702722549438	0.014288237318396568	0.00548184709623456	0.06569526344537735	0.024459997192025185	0.004983837250620127	0.0193820521235466	0.012186367996037006	0.007459141314029694	0.009457976557314396
625	pride	../Syntropy_Result_Finals/Models/Model_Journal_Tuned35	../Syntropy_Result_Finals/Models/Model_Journal_Tuned35	neutral	0.44554609060287476	0.09216895699501038	0.027179377153515816	0.44554609060287476	0.029012270271778107	0.0120120570063591	0.1345604956150055	0.07926680147647858	0.011789274401962757	0.04926539957523346	0.04140778258442879	0.027759741991758347	0.050031788647174835
626	joy	../Syntropy_Result_Finals/Models/Model_Journal_Tuned35	../Syntropy_Result_Finals/Models/Model_Journal_Tuned35	neutral	0.5170419216156006	0.022508203983306885	0.0221851859241724	0.5170419216156006	0.011844664812088013	0.016316581517457962	0.262484610080719	0.08734767884016037	0.0035487781278789043	0.01640138030052185	0.025033311918377876	0.008929845876991749	0.006357904989272356
627	nervousness	../Syntropy_Result_Finals/Models/Model_Journal_Tuned35	../Syntropy_Result_Finals/Models/Model_Journal_Tuned35	nervousness	0.4057369530200958	0.4057369530200958	0.0653984472155571	0.13259217143058777	0.053513575345277786	0.051597487181425095	0.0599714070558548	0.058718327432870865	0.016081098467111588	0.04755966737866402	0.02904948592185974	0.024711549282073975	0.05506972596049309
628	neutral	../Syntropy_Result_Finals/Models/Model_Journal_Tuned35	../Syntropy_Result_Finals/Models/Model_Journal_Tuned35	neutral	0.43125036358833313	0.0711074098944664	0.010914168320596218	0.43125036358833313	0.025504594668745995	0.02043210342526436	0.19296281039714813	0.08277752995491028	0.00786448735743761	0.08331167697906494	0.05627033859491348	0.0057921577244997025	0.011812345124781132
629	neutral	../Syntropy_Result_Finals/Models/Model_Journal_Tuned35	../Syntropy_Result_Finals/Models/Model_Journal_Tuned35	neutral	0.44101110100746155	0.007834319956600666	0.0034156530164182186	0.44101110100746155	0.007854458875954151	0.0028104246594011784	0.2949337661266327	0.05133487656712532	0.003008077386766672	0.023884782567620277	0.15945225954055786	0.002019205829128623	0.002441063988953829
630	pride	../Syntropy_Result_Finals/Models/Model_Journal_Tuned35	../Syntropy_Result_Finals/Models/Model_Journal_Tuned35	pride	0.7634182572364807	0.020652320235967636	0.0033396189101040363	0.04844309762120247	0.010636967606842518	0.006876036059111357	0.04137926176190376	0.7634182572364807	0.003919304348528385	0.028308380395174026	0.0633658841252327	0.0039472575299441814	0.005713768303394318
631	excitement	../Syntropy_Result_Finals/Models/Model_Journal_Tuned35	../Syntropy_Result_Finals/Models/Model_Journal_Tuned35	excitement	0.4592343866825104	0.011686657555401325	0.0038981393445283175	0.16229677200317383	0.011433849111199379	0.002614425029605627	0.220504492521286	0.046630144119262695	0.004655219614505768	0.0696086436510086	0.4592343866825104	0.0028020241297781467	0.004635293036699295
632	neutral	../Syntropy_Result_Finals/Models/Model_Journal_Tuned35	../Syntropy_Result_Finals/Models/Model_Journal_Tuned35	joy	0.44543805718421936	0.014485706575214863	0.011174194514751434	0.3874048590660095	0.007909156382083893	0.0048927366733551025	0.44543805718421936	0.04644284397363663	0.003723491681739688	0.027916204184293747	0.039398882538080215	0.005820103455334902	0.005393756553530693
633	surprise	../Syntropy_Result_Finals/Models/Model_Journal_Tuned35	../Syntropy_Result_Finals/Models/Model_Journal_Tuned35	excitement	0.5276204347610474	0.013283352367579937	0.002177109010517597	0.07282432913780212	0.01839638315141201	0.004333860240876675	0.09341675043106079	0.08563242852687836	0.004380973521620035	0.169475257396698	0.5276204347610474	0.0030197554733604193	0.0054393792524933815
634	joy	../Syntropy_Result_Finals/Models/Model_Journal_Tuned35	../Syntropy_Result_Finals/Models/Model_Journal_Tuned35	neutral	0.7946797609329224	0.01714327558875084	0.014261839911341667	0.7946797609329224	0.009672206826508045	0.0044440943747758865	0.09986943006515503	0.011898198164999485	0.00372134055942297	0.01847497746348381	0.01389693096280098	0.004943039268255234	0.006994879804551601
635	surprise	../Syntropy_Result_Finals/Models/Model_Journal_Tuned35	../Syntropy_Result_Finals/Models/Model_Journal_Tuned35	excitement	0.31177857518196106	0.014168253168463707	0.003747924230992794	0.13708417117595673	0.0153998713940382	0.005494020879268646	0.11975999176502228	0.0930907130241394	0.0054559833370149136	0.2849849462509155	0.31177857518196106	0.00332606746815145	0.005709405522793531
636	nervousness	../Syntropy_Result_Finals/Models/Model_Journal_Tuned35	../Syntropy_Result_Finals/Models/Model_Journal_Tuned35	neutral	0.6023845672607422	0.006918211467564106	0.0045941839925944805	0.6023845672607422	0.0047757262364029884	0.0022498101461678743	0.26813754439353943	0.02766309678554535	0.0027177254669368267	0.015886791050434113	0.060336824506521225	0.0021889342460781336	0.0021464736200869083
637	confusion	../Syntropy_Result_Finals/Models/Model_Journal_Tuned35	../Syntropy_Result_Finals/Models/Model_Journal_Tuned35	nervousness	0.44916561245918274	0.44916561245918274	0.04293206334114075	0.07641672343015671	0.043165888637304306	0.11129298806190491	0.056067436933517456	0.023100534453988075	0.018410073593258858	0.028914641588926315	0.014179783873260021	0.04945426434278488	0.08690014481544495
638	excitement	../Syntropy_Result_Finals/Models/Model_Journal_Tuned35	../Syntropy_Result_Finals/Models/Model_Journal_Tuned35	joy	0.3087167739868164	0.01486930064857006	0.010158711113035679	0.26163697242736816	0.008924392983317375	0.008242741227149963	0.3087167739868164	0.2849072813987732	0.003421263536438346	0.021618042141199112	0.07039405405521393	0.003775564022362232	0.0033348258584737778
639	joy	../Syntropy_Result_Finals/Models/Model_Journal_Tuned35	../Syntropy_Result_Finals/Models/Model_Journal_Tuned35	joy	0.28260964155197144	0.015950264409184456	0.0035373002756386995	0.16862772405147552	0.011931565590202808	0.0036536045372486115	0.28260964155197144	0.24893705546855927	0.004042648244649172	0.05073290318250656	0.20097239315509796	0.004247128963470459	0.004757740534842014
640	joy	../Syntropy_Result_Finals/Models/Model_Journal_Tuned35	../Syntropy_Result_Finals/Models/Model_Journal_Tuned35	neutral	0.36064398288726807	0.16560953855514526	0.04467171058058739	0.36064398288726807	0.024137455970048904	0.027069030329585075	0.1523483246564865	0.06704099476337433	0.013623923994600773	0.054161690175533295	0.033071376383304596	0.022524239495396614	0.035097766667604446
641	joy	../Syntropy_Result_Finals/Models/Model_Journal_Tuned35	../Syntropy_Result_Finals/Models/Model_Journal_Tuned35	joy	0.5577918887138367	0.004504402633756399	0.002829562174156308	0.13657349348068237	0.005927776452153921	0.0014868371654301882	0.5577918887138367	0.03215790167450905	0.0023358517792075872	0.023418044671416283	0.22949835658073425	0.0017332944553345442	0.0017425611149519682
642	excitement	../Syntropy_Result_Finals/Models/Model_Journal_Tuned35	../Syntropy_Result_Finals/Models/Model_Journal_Tuned35	joy	0.5489729046821594	0.003946113400161266	0.00272442982532084	0.13989168405532837	0.005669549573212862	0.0017084676073864102	0.5489729046821594	0.032948318868875504	0.002855186117812991	0.02203439734876156	0.23586107790470123	0.0015303974505513906	0.0018575391732156277
643	neutral	../Syntropy_Result_Finals/Models/Model_Journal_Tuned35	../Syntropy_Result_Finals/Models/Model_Journal_Tuned35	neutral	0.4929303824901581	0.007809218484908342	0.006399260368198156	0.4929303824901581	0.006822669412940741	0.0023516197688877583	0.37923839688301086	0.022626256570219994	0.0024249996058642864	0.016310598701238632	0.056565988808870316	0.0034968212712556124	0.0030236702878028154
644	disgust	../Syntropy_Result_Finals/Models/Model_Journal_Tuned35	../Syntropy_Result_Finals/Models/Model_Journal_Tuned35	anger	0.5538865327835083	0.07189683616161346	0.13258495926856995	0.03669489547610283	0.02365831844508648	0.06764720380306244	0.024870535358786583	0.014312976971268654	0.008920436725020409	0.00878398958593607	0.009567630477249622	0.5538865327835083	0.04717564210295677
645	pride	../Syntropy_Result_Finals/Models/Model_Journal_Tuned35	../Syntropy_Result_Finals/Models/Model_Journal_Tuned35	neutral	0.3561807870864868	0.06850452721118927	0.01386502105742693	0.3561807870864868	0.022456301376223564	0.013495288789272308	0.11362531036138535	0.2711919844150543	0.007614377420395613	0.052517492324113846	0.042181678116321564	0.015019015409052372	0.023348329588770866
646	excitement	../Syntropy_Result_Finals/Models/Model_Journal_Tuned35	../Syntropy_Result_Finals/Models/Model_Journal_Tuned35	excitement	0.6996346116065979	0.0044661471620202065	0.0015711417654529214	0.054141249507665634	0.005513446405529976	0.0017868824070319533	0.1748064011335373	0.01992621459066868	0.0023837245535105467	0.030059359967708588	0.6996346116065979	0.0026916482020169497	0.003019143594428897
647	joy	../Syntropy_Result_Finals/Models/Model_Journal_Tuned35	../Syntropy_Result_Finals/Models/Model_Journal_Tuned35	excitement	0.3621892035007477	0.003959727939218283	0.0020128313917666674	0.2090729922056198	0.005286007653921843	0.0021606578957289457	0.33901140093803406	0.03327733278274536	0.0025678351521492004	0.035585563629865646	0.3621892035007477	0.002156869973987341	0.0027196311857551336
648	joy	../Syntropy_Result_Finals/Models/Model_Journal_Tuned35	../Syntropy_Result_Finals/Models/Model_Journal_Tuned35	joy	0.5124566555023193	0.008522634394466877	0.00844052154570818	0.2931192219257355	0.008516385219991207	0.0022550050634890795	0.5124566555023193	0.04443242773413658	0.0033931517973542213	0.018244823440909386	0.09743141382932663	0.001332376035861671	0.001855395152233541
649	neutral	../Syntropy_Result_Finals/Models/Model_Journal_Tuned35	../Syntropy_Result_Finals/Models/Model_Journal_Tuned35	neutral	0.49595147371292114	0.0166233628988266	0.013557652942836285	0.49595147371292114	0.016293592751026154	0.0034183578100055456	0.2849786579608917	0.020312830805778503	0.012157992459833622	0.06151486188173294	0.0635455921292305	0.005118864122778177	0.006526763550937176
650	neutral	../Syntropy_Result_Finals/Models/Model_Journal_Tuned35	../Syntropy_Result_Finals/Models/Model_Journal_Tuned35	neutral	0.5996557474136353	0.05148353800177574	0.02189074270427227	0.5996557474136353	0.01908642053604126	0.029800288379192352	0.15712086856365204	0.034578531980514526	0.007678881753236055	0.024070821702480316	0.021868571639060974	0.017386088147759438	0.015379500575363636
651	joy	../Syntropy_Result_Finals/Models/Model_Journal_Tuned35	../Syntropy_Result_Finals/Models/Model_Journal_Tuned35	excitement	0.4809108078479767	0.006981733720749617	0.0024985745549201965	0.060671329498291016	0.009857012890279293	0.0027994413394480944	0.28032544255256653	0.038464486598968506	0.005268242675811052	0.10195894539356232	0.4809108078479767	0.00378535408526659	0.006478630937635899
652	joy	../Syntropy_Result_Finals/Models/Model_Journal_Tuned35	../Syntropy_Result_Finals/Models/Model_Journal_Tuned35	excitement	0.4007726311683655	0.006680202670395374	0.002477490110322833	0.125214621424675	0.008382744155824184	0.0020553192589432	0.3290787935256958	0.05667928233742714	0.003978404216468334	0.058396413922309875	0.4007726311683655	0.0022680966649204493	0.004016036167740822
653	pride	../Syntropy_Result_Finals/Models/Model_Journal_Tuned35	../Syntropy_Result_Finals/Models/Model_Journal_Tuned35	neutral	0.4548986256122589	0.013747194781899452	0.007946998812258244	0.4548986256122589	0.007349467370659113	0.004807950928807259	0.23707906901836395	0.08522099256515503	0.003919343929737806	0.027190687134861946	0.1501409411430359	0.0040074908174574375	0.0036912858486175537
654	pride	../Syntropy_Result_Finals/Models/Model_Journal_Tuned35	../Syntropy_Result_Finals/Models/Model_Journal_Tuned35	neutral	0.6316352486610413	0.08609426766633987	0.025359883904457092	0.6316352486610413	0.0474260076880455	0.009926608763635159	0.05899606645107269	0.03273998945951462	0.009329108521342278	0.04621446505188942	0.02878260239958763	0.008320052176713943	0.015175671316683292
655	joy	../Syntropy_Result_Finals/Models/Model_Journal_Tuned35	../Syntropy_Result_Finals/Models/Model_Journal_Tuned35	neutral	0.3921389579772949	0.021180730313062668	0.006004415452480316	0.3921389579772949	0.01377758476883173	0.009320215322077274	0.224986270070076	0.23752012848854065	0.002857066923752427	0.023340370506048203	0.055145468562841415	0.008560054935514927	0.0051686521619558334
656	neutral	../Syntropy_Result_Finals/Models/Model_Journal_Tuned35	../Syntropy_Result_Finals/Models/Model_Journal_Tuned35	neutral	0.5058702230453491	0.025956744328141212	0.006428906228393316	0.5058702230453491	0.024793079122900963	0.00747400987893343	0.14958542585372925	0.11886629462242126	0.005593462847173214	0.05545466020703316	0.07641063630580902	0.011137351393699646	0.012429146096110344
657	excitement	../Syntropy_Result_Finals/Models/Model_Journal_Tuned35	../Syntropy_Result_Finals/Models/Model_Journal_Tuned35	pride	0.43794921040534973	0.02600792981684208	0.0050429655238986015	0.08982955664396286	0.014315474778413773	0.006253934931010008	0.09123989194631577	0.43794921040534973	0.006379046477377415	0.07435882836580276	0.23670004308223724	0.004842904396355152	0.007080249488353729
658	pride	../Syntropy_Result_Finals/Models/Model_Journal_Tuned35	../Syntropy_Result_Finals/Models/Model_Journal_Tuned35	pride	0.6392497420310974	0.021246178075671196	0.005363996606320143	0.06812474876642227	0.015344968996942043	0.007604565937072039	0.07092604041099548	0.6392497420310974	0.006588048301637173	0.04708508402109146	0.10732701420783997	0.003708220086991787	0.0074312724173069
659	joy	../Syntropy_Result_Finals/Models/Model_Journal_Tuned35	../Syntropy_Result_Finals/Models/Model_Journal_Tuned35	joy	0.4368727505207062	0.007132793311029673	0.004699372686445713	0.3587389886379242	0.008716017939150333	0.002149719512090087	0.4368727505207062	0.023865768685936928	0.004246778320521116	0.023422446101903915	0.12208927422761917	0.004115710500627756	0.003950452897697687
660	pride	../Syntropy_Result_Finals/Models/Model_Journal_Tuned35	../Syntropy_Result_Finals/Models/Model_Journal_Tuned35	pride	0.43743908405303955	0.04304557293653488	0.005987132899463177	0.25563517212867737	0.02050636149942875	0.011404000222682953	0.09599854797124863	0.43743908405303955	0.00725995097309351	0.0539359450340271	0.04932136461138725	0.00872158445417881	0.010745292529463768
661	neutral	../Syntropy_Result_Finals/Models/Model_Journal_Tuned35	../Syntropy_Result_Finals/Models/Model_Journal_Tuned35	neutral	0.45322367548942566	0.08446662127971649	0.01158046629279852	0.45322367548942566	0.022789062932133675	0.01763780601322651	0.2157289981842041	0.0313648022711277	0.013342847116291523	0.06434500217437744	0.05369511991739273	0.008729098364710808	0.02309650368988514
662	sadness	../Syntropy_Result_Finals/Models/Model_Journal_Tuned35	../Syntropy_Result_Finals/Models/Model_Journal_Tuned35	nervousness	0.468484103679657	0.468484103679657	0.08663597702980042	0.03763626888394356	0.03893047571182251	0.11144959926605225	0.0559966079890728	0.023089362308382988	0.046361930668354034	0.03907357528805733	0.01249877829104662	0.012936827726662159	0.06690651178359985
663	excitement	../Syntropy_Result_Finals/Models/Model_Journal_Tuned35	../Syntropy_Result_Finals/Models/Model_Journal_Tuned35	excitement	0.32986268401145935	0.012984085828065872	0.0033232124987989664	0.2377711832523346	0.009606593288481236	0.002963461447507143	0.24661564826965332	0.09765546023845673	0.0027424886357039213	0.050468187779188156	0.32986268401145935	0.0030470089986920357	0.0029600337147712708
664	anger	../Syntropy_Result_Finals/Models/Model_Journal_Tuned35	../Syntropy_Result_Finals/Models/Model_Journal_Tuned35	nervousness	0.4021739363670349	0.4021739363670349	0.2711995840072632	0.03515194356441498	0.019905902445316315	0.10086118429899216	0.04619108885526657	0.02353147603571415	0.02827472984790802	0.014257604256272316	0.008053361438214779	0.016374453902244568	0.034024663269519806
665	anger	../Syntropy_Result_Finals/Models/Model_Journal_Tuned35	../Syntropy_Result_Finals/Models/Model_Journal_Tuned35	anger	0.8690017461776733	0.010997970588505268	0.009035108610987663	0.009764893911778927	0.003995242062956095	0.016628483310341835	0.00717694079503417	0.007737079169601202	0.00416534161195159	0.003924338612705469	0.004424149636179209	0.8690017461776733	0.0531487911939621
666	excitement	../Syntropy_Result_Finals/Models/Model_Journal_Tuned35	../Syntropy_Result_Finals/Models/Model_Journal_Tuned35	pride	0.48697414994239807	0.02552625723183155	0.004411350470036268	0.08033036440610886	0.01371384970843792	0.007224423345178366	0.06897065788507462	0.48697414994239807	0.004612455610185862	0.06461797654628754	0.23340784013271332	0.004477700684219599	0.005732902325689793
667	neutral	../Syntropy_Result_Finals/Models/Model_Journal_Tuned35	../Syntropy_Result_Finals/Models/Model_Journal_Tuned35	joy	0.40656358003616333	0.00712553970515728	0.0035238973796367645	0.3787459433078766	0.008023069240152836	0.002513249171897769	0.40656358003616333	0.032319843769073486	0.0037795521784573793	0.02536258101463318	0.12460446357727051	0.002824000548571348	0.004614276811480522
668	nervousness	../Syntropy_Result_Finals/Models/Model_Journal_Tuned35	../Syntropy_Result_Finals/Models/Model_Journal_Tuned35	excitement	0.6733338236808777	0.0027663293294608593	0.0012437927071005106	0.05270181968808174	0.003803267842158675	0.0014108851319178939	0.22510796785354614	0.015329509042203426	0.0013950284337624907	0.019862666726112366	0.6733338236808777	0.0015830507036298513	0.0014618921559304
669	surprise	../Syntropy_Result_Finals/Models/Model_Journal_Tuned35	../Syntropy_Result_Finals/Models/Model_Journal_Tuned35	joy	0.4311836063861847	0.007908587343990803	0.003491990966722369	0.1348714679479599	0.010647146962583065	0.00216851569712162	0.4311836063861847	0.0733909159898758	0.005162910092622042	0.03581755980849266	0.2887861728668213	0.0029464024119079113	0.0036246776580810547
670	joy	../Syntropy_Result_Finals/Models/Model_Journal_Tuned35	../Syntropy_Result_Finals/Models/Model_Journal_Tuned35	joy	0.4867798089981079	0.008317267522215843	0.007326426450163126	0.21690385043621063	0.006089335307478905	0.0030599236488342285	0.4867798089981079	0.1389281451702118	0.002574238460510969	0.01926300674676895	0.1063634380698204	0.0023256128188222647	0.0020689123775810003
671	joy	../Syntropy_Result_Finals/Models/Model_Journal_Tuned35	../Syntropy_Result_Finals/Models/Model_Journal_Tuned35	neutral	0.4074111878871918	0.023940198123455048	0.022142888978123665	0.4074111878871918	0.008745335042476654	0.007913608103990555	0.33536797761917114	0.10323479771614075	0.005434525664895773	0.029765183106064796	0.046832405030727386	0.004783368203788996	0.004428480751812458
672	sadness	../Syntropy_Result_Finals/Models/Model_Journal_Tuned35	../Syntropy_Result_Finals/Models/Model_Journal_Tuned35	nervousness	0.6600043773651123	0.6600043773651123	0.020365338772535324	0.0287126787006855	0.049191176891326904	0.0886937603354454	0.044219985604286194	0.012482392601668835	0.018299933522939682	0.02438495308160782	0.01646912470459938	0.01714715175330639	0.020029159262776375
673	pride	../Syntropy_Result_Finals/Models/Model_Journal_Tuned35	../Syntropy_Result_Finals/Models/Model_Journal_Tuned35	pride	0.7886691689491272	0.02838706597685814	0.0059946635738015175	0.04667287319898605	0.010707330889999866	0.01344816293567419	0.03678293526172638	0.7886691689491272	0.006384907756000757	0.027409009635448456	0.022009631618857384	0.004840916488319635	0.008693384006619453
674	surprise	../Syntropy_Result_Finals/Models/Model_Journal_Tuned35	../Syntropy_Result_Finals/Models/Model_Journal_Tuned35	joy	0.4763404130935669	0.007315070368349552	0.003331267274916172	0.12563610076904297	0.0071115680038928986	0.002162715420126915	0.4763404130935669	0.032631389796733856	0.0038066115230321884	0.03864356502890587	0.2983367443084717	0.002021552762016654	0.0026630666106939316
675	surprise	../Syntropy_Result_Finals/Models/Model_Journal_Tuned35	../Syntropy_Result_Finals/Models/Model_Journal_Tuned35	joy	0.4264863431453705	0.004750323016196489	0.0017668638611212373	0.13376310467720032	0.0074457586742937565	0.002063799649477005	0.4264863431453705	0.05039585381746292	0.0030699509661644697	0.027045654132962227	0.33746740221977234	0.0026075837668031454	0.00313733727671206
676	joy	../Syntropy_Result_Finals/Models/Model_Journal_Tuned35	../Syntropy_Result_Finals/Models/Model_Journal_Tuned35	joy	0.42253750562667847	0.00911057461053133	0.008169307373464108	0.3665439784526825	0.009626944549381733	0.0018819301621988416	0.42253750562667847	0.01962781883776188	0.007879119366407394	0.033032651990652084	0.11195119470357895	0.004283741116523743	0.005355192348361015
677	joy	../Syntropy_Result_Finals/Models/Model_Journal_Tuned35	../Syntropy_Result_Finals/Models/Model_Journal_Tuned35	neutral	0.7066063284873962	0.03265875577926636	0.025049788877367973	0.7066063284873962	0.017767582088708878	0.006188042927533388	0.11061495542526245	0.012873861938714981	0.008105562999844551	0.03660167381167412	0.022701965644955635	0.009180869907140732	0.011650647968053818
678	excitement	../Syntropy_Result_Finals/Models/Model_Journal_Tuned35	../Syntropy_Result_Finals/Models/Model_Journal_Tuned35	excitement	0.5566085577011108	0.004153837915509939	0.0013509258860722184	0.053293824195861816	0.00539380544796586	0.0016626412980258465	0.30032679438591003	0.042059917002916336	0.0024830379988998175	0.02806764654815197	0.5566085577011108	0.0021890418138355017	0.002409951528534293
679	pride	../Syntropy_Result_Finals/Models/Model_Journal_Tuned35	../Syntropy_Result_Finals/Models/Model_Journal_Tuned35	pride	0.8205718994140625	0.016872979700565338	0.003289927029982209	0.035057779401540756	0.009908150881528854	0.005727680400013924	0.027909737080335617	0.8205718994140625	0.005005498416721821	0.023373400792479515	0.04407166689634323	0.003202753374353051	0.005008485168218613
680	sadness	../Syntropy_Result_Finals/Models/Model_Journal_Tuned35	../Syntropy_Result_Finals/Models/Model_Journal_Tuned35	nervousness	0.40200892090797424	0.40200892090797424	0.0332544781267643	0.0518566370010376	0.033085647970438004	0.08743512630462646	0.04441315308213234	0.0248675886541605	0.0469379648566246	0.040579892694950104	0.014561719261109829	0.015417234040796757	0.20558150112628937
681	joy	../Syntropy_Result_Finals/Models/Model_Journal_Tuned35	../Syntropy_Result_Finals/Models/Model_Journal_Tuned35	neutral	0.23848840594291687	0.05866789445281029	0.00867326557636261	0.23848840594291687	0.02528338134288788	0.010923894122242928	0.1833324432373047	0.1959308236837387	0.008481205441057682	0.1087334156036377	0.14500346779823303	0.005839203484356403	0.01064266450703144
682	joy	../Syntropy_Result_Finals/Models/Model_Journal_Tuned35	../Syntropy_Result_Finals/Models/Model_Journal_Tuned35	pride	0.7458215951919556	0.016334284096956253	0.003449582029134035	0.04472608491778374	0.009113334119319916	0.005285808816552162	0.04370124265551567	0.7458215951919556	0.00507584260776639	0.03187273442745209	0.08725658804178238	0.0023140166886150837	0.005048831459134817
683	joy	../Syntropy_Result_Finals/Models/Model_Journal_Tuned35	../Syntropy_Result_Finals/Models/Model_Journal_Tuned35	excitement	0.45682892203330994	0.004327258560806513	0.0020219883881509304	0.09173903614282608	0.004917128477245569	0.001740273553878069	0.34511566162109375	0.059041935950517654	0.0025946174282580614	0.028021978214383125	0.45682892203330994	0.0016923105577006936	0.0019588880240917206
684	pride	../Syntropy_Result_Finals/Models/Model_Journal_Tuned35	../Syntropy_Result_Finals/Models/Model_Journal_Tuned35	pride	0.4799824059009552	0.020069388672709465	0.004813502077013254	0.08818139135837555	0.01238391362130642	0.006097107194364071	0.11382008343935013	0.4799824059009552	0.005401212722063065	0.056314531713724136	0.20356887578964233	0.0036653713323175907	0.005702279973775148
685	nervousness	../Syntropy_Result_Finals/Models/Model_Journal_Tuned35	../Syntropy_Result_Finals/Models/Model_Journal_Tuned35	nervousness	0.38327455520629883	0.38327455520629883	0.05210702121257782	0.07376668602228165	0.2776089310646057	0.05260293930768967	0.031050708144903183	0.009548202157020569	0.027850735932588577	0.03600965440273285	0.014613715931773186	0.016349829733371735	0.025217080488801003
686	joy	../Syntropy_Result_Finals/Models/Model_Journal_Tuned35	../Syntropy_Result_Finals/Models/Model_Journal_Tuned35	neutral	0.6099761724472046	0.01920495554804802	0.005204551853239536	0.6099761724472046	0.014012712053954601	0.003928002901375294	0.20464633405208588	0.053045958280563354	0.004485385026782751	0.03140949830412865	0.041604503989219666	0.004358588717877865	0.008123362436890602
687	joy	../Syntropy_Result_Finals/Models/Model_Journal_Tuned35	../Syntropy_Result_Finals/Models/Model_Journal_Tuned35	joy	0.4657069146633148	0.009468765929341316	0.0042313337326049805	0.3495192527770996	0.00778379337862134	0.0021463651210069656	0.4657069146633148	0.028199248015880585	0.0038615381345152855	0.024193020537495613	0.09818550944328308	0.003092714585363865	0.0036115488037467003
688	excitement	../Syntropy_Result_Finals/Models/Model_Journal_Tuned35	../Syntropy_Result_Finals/Models/Model_Journal_Tuned35	joy	0.5455088019371033	0.004226488061249256	0.00326144159771502	0.27609291672706604	0.006809568032622337	0.0016751342918723822	0.5455088019371033	0.018358321860432625	0.0033947117626667023	0.015170273371040821	0.11929206550121307	0.0030832658521831036	0.0031270121689885855
689	anger	../Syntropy_Result_Finals/Models/Model_Journal_Tuned35	../Syntropy_Result_Finals/Models/Model_Journal_Tuned35	nervousness	0.3733963072299957	0.3733963072299957	0.06618373095989227	0.12360911071300507	0.028254849836230278	0.04027191549539566	0.06925757229328156	0.05369659885764122	0.038457222282886505	0.03895755112171173	0.026919176802039146	0.05233023315668106	0.08866570144891739
690	pride	../Syntropy_Result_Finals/Models/Model_Journal_Tuned35	../Syntropy_Result_Finals/Models/Model_Journal_Tuned35	excitement	0.5309973359107971	0.005444924347102642	0.002226516604423523	0.0930720791220665	0.0057256766594946384	0.0021710300352424383	0.29772958159446716	0.03119717538356781	0.0024003328289836645	0.024593159556388855	0.5309973359107971	0.002025650581344962	0.0024165704380720854
691	joy	../Syntropy_Result_Finals/Models/Model_Journal_Tuned35	../Syntropy_Result_Finals/Models/Model_Journal_Tuned35	joy	0.5572807192802429	0.004792939405888319	0.00794905610382557	0.2847781777381897	0.003908455837517977	0.0019138864008709788	0.5572807192802429	0.025209477171301842	0.0026987281162291765	0.014341253787279129	0.09277427196502686	0.002514101564884186	0.001838932279497385
692	joy	../Syntropy_Result_Finals/Models/Model_Journal_Tuned35	../Syntropy_Result_Finals/Models/Model_Journal_Tuned35	excitement	0.36583220958709717	0.005549081601202488	0.003080254653468728	0.1394832283258438	0.00765377888455987	0.002191883744671941	0.34151968359947205	0.05881679803133011	0.004503307398408651	0.06647320836782455	0.36583220958709717	0.0021066528279334307	0.0027899742126464844
693	nervousness	../Syntropy_Result_Finals/Models/Model_Journal_Tuned35	../Syntropy_Result_Finals/Models/Model_Journal_Tuned35	neutral	0.2729284465312958	0.17492350935935974	0.05513203516602516	0.2729284465312958	0.058354321867227554	0.02985406294465065	0.08645577728748322	0.10757327824831009	0.023142782971262932	0.04471351206302643	0.03269169479608536	0.03848763927817345	0.0757429376244545
694	excitement	../Syntropy_Result_Finals/Models/Model_Journal_Tuned35	../Syntropy_Result_Finals/Models/Model_Journal_Tuned35	pride	0.6229861378669739	0.0339093953371048	0.00814646203070879	0.06323575228452682	0.016207069158554077	0.009784792549908161	0.0598977766931057	0.6229861378669739	0.008869881741702557	0.060236137360334396	0.10116123408079147	0.005965987220406532	0.009599395096302032
695	excitement	../Syntropy_Result_Finals/Models/Model_Journal_Tuned35	../Syntropy_Result_Finals/Models/Model_Journal_Tuned35	neutral	0.400617390871048	0.014908106997609138	0.005184174980968237	0.400617390871048	0.012699867598712444	0.0028801055159419775	0.3120925724506378	0.05282849073410034	0.00504485797137022	0.038462311029434204	0.14152762293815613	0.007218617480248213	0.006535894237458706
696	excitement	../Syntropy_Result_Finals/Models/Model_Journal_Tuned35	../Syntropy_Result_Finals/Models/Model_Journal_Tuned35	joy	0.3604899048805237	0.009194240905344486	0.003150962060317397	0.15404658019542694	0.007333444431424141	0.0025120796635746956	0.3604899048805237	0.15966977179050446	0.0037074086721986532	0.03850199282169342	0.25635823607444763	0.002574939513579011	0.00246047112159431
697	pride	../Syntropy_Result_Finals/Models/Model_Journal_Tuned35	../Syntropy_Result_Finals/Models/Model_Journal_Tuned35	pride	0.8267025351524353	0.015399402007460594	0.0034754290245473385	0.03964220732450485	0.008673501200973988	0.005894111469388008	0.03611455857753754	0.8267025351524353	0.004465887323021889	0.018587268888950348	0.03344704210758209	0.0028746926691383123	0.004723390098661184
698	excitement	../Syntropy_Result_Finals/Models/Model_Journal_Tuned35	../Syntropy_Result_Finals/Models/Model_Journal_Tuned35	excitement	0.7063749432563782	0.009579500183463097	0.0026272872928529978	0.08331934362649918	0.007172530982643366	0.00270869885571301	0.08957110345363617	0.0442175418138504	0.00252135144546628	0.04664687439799309	0.7063749432563782	0.002281838795170188	0.002978965174406767
699	pride	../Syntropy_Result_Finals/Models/Model_Journal_Tuned35	../Syntropy_Result_Finals/Models/Model_Journal_Tuned35	neutral	0.3896646201610565	0.01936963200569153	0.005772919859737158	0.3896646201610565	0.015243910253047943	0.003820444457232952	0.18129608035087585	0.20454959571361542	0.004341368563473225	0.05362933129072189	0.11022450774908066	0.005705978721380234	0.006381544284522533
700	fear	../Syntropy_Result_Finals/Models/Model_Journal_Tuned35	../Syntropy_Result_Finals/Models/Model_Journal_Tuned35	nervousness	0.7032219767570496	0.7032219767570496	0.007570856716483831	0.016988636925816536	0.020013201981782913	0.15248778462409973	0.028607962653040886	0.014999542385339737	0.011039761826395988	0.017173344269394875	0.009945237077772617	0.004439870826900005	0.013511900790035725
701	excitement	../Syntropy_Result_Finals/Models/Model_Journal_Tuned35	../Syntropy_Result_Finals/Models/Model_Journal_Tuned35	pride	0.7678992748260498	0.014522748067975044	0.0032434205058962107	0.0503590889275074	0.008892546407878399	0.005233923904597759	0.05559103563427925	0.7678992748260498	0.003970107063651085	0.02162948064506054	0.06240225210785866	0.0025409304071217775	0.003715287195518613
702	pride	../Syntropy_Result_Finals/Models/Model_Journal_Tuned35	../Syntropy_Result_Finals/Models/Model_Journal_Tuned35	neutral	0.2806159555912018	0.17536407709121704	0.028289901092648506	0.2806159555912018	0.049683477729558945	0.0363006591796875	0.10191497951745987	0.11892037093639374	0.018986167386174202	0.05404899641871452	0.025132613256573677	0.03492598608136177	0.0758168026804924
703	excitement	../Syntropy_Result_Finals/Models/Model_Journal_Tuned35	../Syntropy_Result_Finals/Models/Model_Journal_Tuned35	pride	0.37322694063186646	0.025007104501128197	0.006243973504751921	0.16048486530780792	0.01182484533637762	0.005622050259262323	0.14459443092346191	0.37322694063186646	0.005948171019554138	0.06942778825759888	0.18566694855690002	0.004676672164350748	0.007276181131601334
704	neutral	../Syntropy_Result_Finals/Models/Model_Journal_Tuned35	../Syntropy_Result_Finals/Models/Model_Journal_Tuned35	neutral	0.571313738822937	0.061395034193992615	0.017076261341571808	0.571313738822937	0.023784643039107323	0.009329264052212238	0.11501367390155792	0.09823381900787354	0.009062468074262142	0.03821606934070587	0.0308864563703537	0.008164404891431332	0.017524152994155884
705	joy	../Syntropy_Result_Finals/Models/Model_Journal_Tuned35	../Syntropy_Result_Finals/Models/Model_Journal_Tuned35	pride	0.464418888092041	0.04034078121185303	0.008434479124844074	0.15268033742904663	0.01790575683116913	0.009303618222475052	0.10887923836708069	0.464418888092041	0.009425705298781395	0.06744052469730377	0.10262506455183029	0.0074788788333535194	0.011066773906350136
706	anger	../Syntropy_Result_Finals/Models/Model_Journal_Tuned35	../Syntropy_Result_Finals/Models/Model_Journal_Tuned35	fear	0.549339771270752	0.1278066188097	0.025909284129738808	0.04295177012681961	0.019348200410604477	0.549339771270752	0.03667701780796051	0.030236301943659782	0.011526856571435928	0.021810611709952354	0.008939913474023342	0.04196503758430481	0.08348873257637024
707	joy	../Syntropy_Result_Finals/Models/Model_Journal_Tuned35	../Syntropy_Result_Finals/Models/Model_Journal_Tuned35	nervousness	0.3419197201728821	0.3419197201728821	0.07262780517339706	0.14637084305286407	0.059478890150785446	0.06549562513828278	0.11031211167573929	0.019603777676820755	0.054659441113471985	0.05371875315904617	0.02336561679840088	0.014623753726482391	0.03782373666763306
708	pride	../Syntropy_Result_Finals/Models/Model_Journal_Tuned35	../Syntropy_Result_Finals/Models/Model_Journal_Tuned35	neutral	0.3145488202571869	0.046516094356775284	0.06156644970178604	0.3145488202571869	0.017673810943961143	0.024600611999630928	0.17755770683288574	0.2834324240684509	0.013224141672253609	0.021346965804696083	0.02081463485956192	0.0068662031553685665	0.011852201074361801
709	pride	../Syntropy_Result_Finals/Models/Model_Journal_Tuned35	../Syntropy_Result_Finals/Models/Model_Journal_Tuned35	pride	0.8570653200149536	0.016961950808763504	0.0040819901041686535	0.024856165051460266	0.00847293995320797	0.006812007166445255	0.02093961462378502	0.8570653200149536	0.006072732154279947	0.01740473508834839	0.02875351347029209	0.0029079255182296038	0.0056710937060415745
710	excitement	../Syntropy_Result_Finals/Models/Model_Journal_Tuned35	../Syntropy_Result_Finals/Models/Model_Journal_Tuned35	excitement	0.33321696519851685	0.012854110449552536	0.003024023724719882	0.19750642776489258	0.013701763935387135	0.004455076064914465	0.20348019897937775	0.15632085502147675	0.004242839757353067	0.0633719265460968	0.33321696519851685	0.0033480264246463776	0.0044776685535907745
711	excitement	../Syntropy_Result_Finals/Models/Model_Journal_Tuned35	../Syntropy_Result_Finals/Models/Model_Journal_Tuned35	joy	0.49079006910324097	0.005122622009366751	0.003649967024102807	0.3044843077659607	0.0059872157871723175	0.0018058707937598228	0.49079006910324097	0.022509878501296043	0.0033266465179622173	0.017162488773465157	0.13909512758255005	0.003165158210322261	0.0029006313998252153
712	joy	../Syntropy_Result_Finals/Models/Model_Journal_Tuned35	../Syntropy_Result_Finals/Models/Model_Journal_Tuned35	neutral	0.42170143127441406	0.01614336669445038	0.0041367849335074425	0.42170143127441406	0.012826955877244473	0.003470411291345954	0.2379862666130066	0.10456162691116333	0.003823207225650549	0.046543072909116745	0.14116458594799042	0.0037981949280947447	0.0038440830539911985
713	neutral	../Syntropy_Result_Finals/Models/Model_Journal_Tuned35	../Syntropy_Result_Finals/Models/Model_Journal_Tuned35	neutral	0.6761379241943359	0.008879225701093674	0.008498848415911198	0.6761379241943359	0.007652812171727419	0.0026865769177675247	0.2293822169303894	0.01303372997790575	0.0027471715584397316	0.014247274026274681	0.028605321422219276	0.004237291868776083	0.00389161822386086
714	neutral	../Syntropy_Result_Finals/Models/Model_Journal_Tuned35	../Syntropy_Result_Finals/Models/Model_Journal_Tuned35	excitement	0.5244621634483337	0.003404053393751383	0.0015802315901964903	0.07018765062093735	0.00441833958029747	0.0013618979137390852	0.30729958415031433	0.0552930124104023	0.00234401598572731	0.02648911252617836	0.5244621634483337	0.0015924439067021012	0.0015675784088671207
715	pride	../Syntropy_Result_Finals/Models/Model_Journal_Tuned35	../Syntropy_Result_Finals/Models/Model_Journal_Tuned35	neutral	0.3523746728897095	0.05274506285786629	0.009375040419399738	0.3523746728897095	0.0200894083827734	0.017475295811891556	0.09428281337022781	0.33848676085472107	0.006784973666071892	0.037486378103494644	0.040010929107666016	0.0146926986053586	0.0161958746612072
716	embarrassment	../Syntropy_Result_Finals/Models/Model_Journal_Tuned35	../Syntropy_Result_Finals/Models/Model_Journal_Tuned35	embarrassment	0.4215710759162903	0.17628443241119385	0.030401965603232384	0.05055166780948639	0.034033384174108505	0.03442586585879326	0.039608120918273926	0.027995634824037552	0.4215710759162903	0.03360307589173317	0.01649179495871067	0.01919703185558319	0.11583594977855682
717	neutral	../Syntropy_Result_Finals/Models/Model_Journal_Tuned35	../Syntropy_Result_Finals/Models/Model_Journal_Tuned35	neutral	0.4507007300853729	0.013770359568297863	0.006485353223979473	0.4507007300853729	0.00942982267588377	0.0033548600040376186	0.29267042875289917	0.08973955363035202	0.0038081982638686895	0.03974391892552376	0.08250478655099869	0.0038938699290156364	0.0038980499375611544
718	nervousness	../Syntropy_Result_Finals/Models/Model_Journal_Tuned35	../Syntropy_Result_Finals/Models/Model_Journal_Tuned35	nervousness	0.4744216203689575	0.4744216203689575	0.018987810239195824	0.04088472202420235	0.02002060040831566	0.26864615082740784	0.041350506246089935	0.04326006770133972	0.01079570036381483	0.0306091271340847	0.009534874930977821	0.008999884128570557	0.03248893842101097
719	neutral	../Syntropy_Result_Finals/Models/Model_Journal_Tuned35	../Syntropy_Result_Finals/Models/Model_Journal_Tuned35	neutral	0.30449792742729187	0.01985040493309498	0.003949533682316542	0.30449792742729187	0.013743831776082516	0.005176899954676628	0.27851739525794983	0.14781585335731506	0.0036376239731907845	0.0482063889503479	0.16465288400650024	0.004407738335430622	0.005543435458093882
720	excitement	../Syntropy_Result_Finals/Models/Model_Journal_Tuned35	../Syntropy_Result_Finals/Models/Model_Journal_Tuned35	neutral	0.3680455684661865	0.03904024884104729	0.006670478265732527	0.3680455684661865	0.018440384417772293	0.008530199527740479	0.12517401576042175	0.2340531051158905	0.008290164172649384	0.06335244327783585	0.10972616821527481	0.008267639204859734	0.010409585200250149
721	pride	../Syntropy_Result_Finals/Models/Model_Journal_Tuned35	../Syntropy_Result_Finals/Models/Model_Journal_Tuned35	neutral	0.2882484197616577	0.051761139184236526	0.010497309267520905	0.2882484197616577	0.026278335601091385	0.013472373597323895	0.1665433645248413	0.12659627199172974	0.015071717090904713	0.13542504608631134	0.13669806718826294	0.00732724042609334	0.022080745548009872
722	joy	../Syntropy_Result_Finals/Models/Model_Journal_Tuned35	../Syntropy_Result_Finals/Models/Model_Journal_Tuned35	joy	0.5299356579780579	0.003814322641119361	0.0028813499957323074	0.19473618268966675	0.005881864577531815	0.0012525178026407957	0.5299356579780579	0.020807379856705666	0.003008633852005005	0.02352612465620041	0.20998792350292206	0.0019088772824034095	0.0022591445595026016
723	joy	../Syntropy_Result_Finals/Models/Model_Journal_Tuned35	../Syntropy_Result_Finals/Models/Model_Journal_Tuned35	joy	0.39239639043807983	0.015431524254381657	0.005845388397574425	0.31586170196533203	0.008850953541696072	0.011626584455370903	0.39239639043807983	0.15551725029945374	0.0029301163740456104	0.0214768685400486	0.059640903025865555	0.006185712292790413	0.00423666974529624
724	nervousness	../Syntropy_Result_Finals/Models/Model_Journal_Tuned35	../Syntropy_Result_Finals/Models/Model_Journal_Tuned35	nervousness	0.6623494029045105	0.6623494029045105	0.006212588399648666	0.03257100656628609	0.021400611847639084	0.1418774425983429	0.04027105122804642	0.024123452603816986	0.009812027215957642	0.024407939985394478	0.016561971977353096	0.005803758278489113	0.014608790166676044
725	excitement	../Syntropy_Result_Finals/Models/Model_Journal_Tuned35	../Syntropy_Result_Finals/Models/Model_Journal_Tuned35	pride	0.37206247448921204	0.021779516711831093	0.004414851777255535	0.10597679018974304	0.0117645263671875	0.0074902428314089775	0.17439955472946167	0.37206247448921204	0.0025361853186041117	0.03433087840676308	0.2559766173362732	0.005807445850223303	0.003460925305262208
726	joy	../Syntropy_Result_Finals/Models/Model_Journal_Tuned35	../Syntropy_Result_Finals/Models/Model_Journal_Tuned35	excitement	0.3717844486236572	0.01195079367607832	0.0032749061938375235	0.15515680611133575	0.013186322525143623	0.0029502911493182182	0.1714940220117569	0.19163241982460022	0.0035981202963739634	0.06851272284984589	0.3717844486236572	0.0028962790966033936	0.00356281572021544
727	anger	../Syntropy_Result_Finals/Models/Model_Journal_Tuned35	../Syntropy_Result_Finals/Models/Model_Journal_Tuned35	nervousness	0.6681711673736572	0.6681711673736572	0.015280386433005333	0.020536750555038452	0.01960178092122078	0.17040131986141205	0.03575662896037102	0.01495780237019062	0.008652763441205025	0.017044421285390854	0.008450839668512344	0.007521958090364933	0.013624241575598717
728	neutral	../Syntropy_Result_Finals/Models/Model_Journal_Tuned35	../Syntropy_Result_Finals/Models/Model_Journal_Tuned35	neutral	0.5474607944488525	0.003924468066543341	0.0033680275082588196	0.5474607944488525	0.0046760612167418	0.0012372510973364115	0.3405319154262543	0.01213044486939907	0.002719937125220895	0.012952005490660667	0.06692732870578766	0.002185230841860175	0.0018865464953705668
729	excitement	../Syntropy_Result_Finals/Models/Model_Journal_Tuned35	../Syntropy_Result_Finals/Models/Model_Journal_Tuned35	joy	0.30897003412246704	0.024133233353495598	0.00556345796212554	0.2975384593009949	0.011270941235125065	0.01250571757555008	0.30897003412246704	0.2303711473941803	0.0027886696625500917	0.026480253785848618	0.06770950555801392	0.007604171056300402	0.005064443685114384
730	neutral	../Syntropy_Result_Finals/Models/Model_Journal_Tuned35	../Syntropy_Result_Finals/Models/Model_Journal_Tuned35	neutral	0.3099188804626465	0.012690055184066296	0.0038099291268736124	0.3099188804626465	0.00869120005518198	0.002974065952003002	0.29126545786857605	0.17249301075935364	0.003903542645275593	0.042816564440727234	0.14373934268951416	0.0035453159362077713	0.004152752459049225
731	neutral	../Syntropy_Result_Finals/Models/Model_Journal_Tuned35	../Syntropy_Result_Finals/Models/Model_Journal_Tuned35	neutral	0.7263174653053284	0.009593341499567032	0.0038811257109045982	0.7263174653053284	0.00783087220042944	0.002230570651590824	0.16671225428581238	0.020715830847620964	0.0022908798418939114	0.015176540240645409	0.03976735100150108	0.002845135750249028	0.0026386394165456295
732	joy	../Syntropy_Result_Finals/Models/Model_Journal_Tuned35	../Syntropy_Result_Finals/Models/Model_Journal_Tuned35	neutral	0.4753076434135437	0.014899472706019878	0.007938125170767307	0.4753076434135437	0.009659688919782639	0.007514913100749254	0.36989542841911316	0.03527982160449028	0.0027531397063285112	0.015507812611758709	0.05423448979854584	0.004195901099592447	0.0028135650791227818
733	joy	../Syntropy_Result_Finals/Models/Model_Journal_Tuned35	../Syntropy_Result_Finals/Models/Model_Journal_Tuned35	excitement	0.4512123167514801	0.010888696648180485	0.0025218434166163206	0.11711030453443527	0.009420973248779774	0.0037050351966172457	0.12941871583461761	0.19797687232494354	0.002777943154796958	0.06819657981395721	0.4512123167514801	0.0033329834695905447	0.0034377246629446745
734	joy	../Syntropy_Result_Finals/Models/Model_Journal_Tuned35	../Syntropy_Result_Finals/Models/Model_Journal_Tuned35	neutral	0.2893255352973938	0.06813715398311615	0.015668706968426704	0.2893255352973938	0.02075938507914543	0.010183251462876797	0.23445144295692444	0.20422127842903137	0.007357480004429817	0.055015869438648224	0.06361378729343414	0.014508773572742939	0.016757255420088768
735	joy	../Syntropy_Result_Finals/Models/Model_Journal_Tuned35	../Syntropy_Result_Finals/Models/Model_Journal_Tuned35	joy	0.3742861747741699	0.010625171475112438	0.0031241595279425383	0.2576446235179901	0.011115084402263165	0.002125169150531292	0.3742861747741699	0.04231121763586998	0.0033352694008499384	0.03803688660264015	0.25042158365249634	0.0032423813827335835	0.003732244484126568
736	excitement	../Syntropy_Result_Finals/Models/Model_Journal_Tuned35	../Syntropy_Result_Finals/Models/Model_Journal_Tuned35	excitement	0.6505821943283081	0.020874133333563805	0.003327541286125779	0.0720619261264801	0.01475581806153059	0.006717595271766186	0.06271754950284958	0.09859833121299744	0.0032174834050238132	0.05677393078804016	0.6505821943283081	0.005672067403793335	0.004701436962932348
737	pride	../Syntropy_Result_Finals/Models/Model_Journal_Tuned35	../Syntropy_Result_Finals/Models/Model_Journal_Tuned35	neutral	0.3445112705230713	0.06046222150325775	0.06316014379262924	0.3445112705230713	0.02151353657245636	0.05030742660164833	0.11408280581235886	0.25642263889312744	0.006239113863557577	0.017979292199015617	0.018587952479720116	0.02694379724562168	0.019789768382906914
738	pride	../Syntropy_Result_Finals/Models/Model_Journal_Tuned35	../Syntropy_Result_Finals/Models/Model_Journal_Tuned35	excitement	0.33827856183052063	0.010068059898912907	0.0029056358616799116	0.10640598088502884	0.008093003183603287	0.0027845955919474363	0.2570841610431671	0.22279205918312073	0.0027390867471694946	0.04402035474777222	0.33827856183052063	0.002607505302876234	0.0022209191229194403
739	excitement	../Syntropy_Result_Finals/Models/Model_Journal_Tuned35	../Syntropy_Result_Finals/Models/Model_Journal_Tuned35	joy	0.502287745475769	0.004027604125440121	0.0031468584202229977	0.24164369702339172	0.005141754634678364	0.0014787929831072688	0.502287745475769	0.03109835460782051	0.002262942725792527	0.01950799487531185	0.18597961962223053	0.001901901327073574	0.0015228159027174115
740	nervousness	../Syntropy_Result_Finals/Models/Model_Journal_Tuned35	../Syntropy_Result_Finals/Models/Model_Journal_Tuned35	nervousness	0.6688100695610046	0.6688100695610046	0.019529424607753754	0.013978344388306141	0.033884789794683456	0.09452289342880249	0.027320513501763344	0.010667535476386547	0.03895554319024086	0.027337506413459778	0.014848824590444565	0.01361264381557703	0.03653186559677124
741	sadness	../Syntropy_Result_Finals/Models/Model_Journal_Tuned35	../Syntropy_Result_Finals/Models/Model_Journal_Tuned35	nervousness	0.4548465609550476	0.4548465609550476	0.03193157538771629	0.049176327884197235	0.03928636759519577	0.1726044863462448	0.04590846598148346	0.030482152476906776	0.01881452277302742	0.08084896951913834	0.02002626657485962	0.02260085754096508	0.033473432064056396
742	joy	../Syntropy_Result_Finals/Models/Model_Journal_Tuned35	../Syntropy_Result_Finals/Models/Model_Journal_Tuned35	neutral	0.7192496061325073	0.003199528204277158	0.002341724466532469	0.7192496061325073	0.003541681682690978	0.001631074701435864	0.21261240541934967	0.018382318317890167	0.0014345316449180245	0.0056150928139686584	0.026945851743221283	0.0029698300641030073	0.002076368313282728
743	joy	../Syntropy_Result_Finals/Models/Model_Journal_Tuned35	../Syntropy_Result_Finals/Models/Model_Journal_Tuned35	joy	0.46174824237823486	0.004506985656917095	0.0038612710777670145	0.3969361484050751	0.005064757540822029	0.0015949731459841132	0.46174824237823486	0.02086765319108963	0.002105745952576399	0.017627909779548645	0.08096922188997269	0.0025329631753265858	0.002184205921366811
744	excitement	../Syntropy_Result_Finals/Models/Model_Journal_Tuned35	../Syntropy_Result_Finals/Models/Model_Journal_Tuned35	joy	0.46601980924606323	0.007497092708945274	0.004277221858501434	0.3366326689720154	0.006045302376151085	0.002206742763519287	0.46601980924606323	0.03381332755088806	0.002868963172659278	0.020038355141878128	0.11465832591056824	0.0029430491849780083	0.002999176038429141
745	neutral	../Syntropy_Result_Finals/Models/Model_Journal_Tuned35	../Syntropy_Result_Finals/Models/Model_Journal_Tuned35	neutral	0.6974660754203796	0.011290439404547215	0.007072629872709513	0.6974660754203796	0.008069655857980251	0.0036978498101234436	0.19723336398601532	0.016511568799614906	0.0031367656774818897	0.017294349148869514	0.02695564366877079	0.006160530261695385	0.005111193750053644
746	pride	../Syntropy_Result_Finals/Models/Model_Journal_Tuned35	../Syntropy_Result_Finals/Models/Model_Journal_Tuned35	pride	0.6222562789916992	0.036564961075782776	0.006320097483694553	0.12219121307134628	0.01771722547709942	0.012028558179736137	0.06658266484737396	0.6222562789916992	0.0071752918884158134	0.04619981348514557	0.04383612796664238	0.008080536499619484	0.011047301813960075
747	pride	../Syntropy_Result_Finals/Models/Model_Journal_Tuned35	../Syntropy_Result_Finals/Models/Model_Journal_Tuned35	excitement	0.253761351108551	0.011088673956692219	0.005587712395936251	0.17957966029644012	0.011347147636115551	0.003998510539531708	0.24912546575069427	0.22555381059646606	0.005689428187906742	0.04839705675840378	0.253761351108551	0.002496145199984312	0.0033750918228179216
748	neutral	../Syntropy_Result_Finals/Models/Model_Journal_Tuned35	../Syntropy_Result_Finals/Models/Model_Journal_Tuned35	pride	0.8295291066169739	0.017271438613533974	0.003260499332100153	0.027322469279170036	0.010772205889225006	0.006171529181301594	0.021402733400464058	0.8295291066169739	0.005259878933429718	0.021406423300504684	0.04862041026353836	0.0034833995159715414	0.005499918479472399
749	pride	../Syntropy_Result_Finals/Models/Model_Journal_Tuned35	../Syntropy_Result_Finals/Models/Model_Journal_Tuned35	joy	0.3743692636489868	0.009967489168047905	0.005357122980058193	0.2913861572742462	0.007680376525968313	0.0023018517531454563	0.3743692636489868	0.06688357889652252	0.003682195208966732	0.03688916936516762	0.1966809183359146	0.0020715382415801287	0.0027303288225084543
750	joy	../Syntropy_Result_Finals/Models/Model_Journal_Tuned35	../Syntropy_Result_Finals/Models/Model_Journal_Tuned35	joy	0.4265630841255188	0.006755886133760214	0.0027109652291983366	0.23582299053668976	0.006320012733340263	0.0019691409543156624	0.4265630841255188	0.07276932895183563	0.0022826700005680323	0.030039269477128983	0.20920832455158234	0.0033201982732862234	0.0022380936425179243
751	joy	../Syntropy_Result_Finals/Models/Model_Journal_Tuned35	../Syntropy_Result_Finals/Models/Model_Journal_Tuned35	neutral	0.4670764207839966	0.012483946979045868	0.009359772317111492	0.4670764207839966	0.006941802334040403	0.008049617521464825	0.34289103746414185	0.07877121865749359	0.0020611982326954603	0.014543934725224972	0.05027204379439354	0.004257534630596638	0.0032913172617554665
752	neutral	../Syntropy_Result_Finals/Models/Model_Journal_Tuned35	../Syntropy_Result_Finals/Models/Model_Journal_Tuned35	joy	0.6974976658821106	0.0036237118765711784	0.005260995123535395	0.11103679239749908	0.0042684548534452915	0.0020291078835725784	0.6974976658821106	0.04279117286205292	0.002531699137762189	0.011002192273736	0.11659573018550873	0.001831370871514082	0.0015310521703213453
753	joy	../Syntropy_Result_Finals/Models/Model_Journal_Tuned35	../Syntropy_Result_Finals/Models/Model_Journal_Tuned35	neutral	0.45352527499198914	0.009104217402637005	0.004387504421174526	0.45352527499198914	0.009184403344988823	0.0026096198707818985	0.3546610474586487	0.027101876214146614	0.003876917762681842	0.02402237057685852	0.10410012304782867	0.004089944995939732	0.0033365979325026274
754	pride	../Syntropy_Result_Finals/Models/Model_Journal_Tuned35	../Syntropy_Result_Finals/Models/Model_Journal_Tuned35	pride	0.33247074484825134	0.038631100207567215	0.019675036892294884	0.23740221560001373	0.02169611304998398	0.018753468990325928	0.1627039760351181	0.33247074484825134	0.008813831955194473	0.06562390923500061	0.07017602771520615	0.010802368633449078	0.013251220807433128
755	excitement	../Syntropy_Result_Finals/Models/Model_Journal_Tuned35	../Syntropy_Result_Finals/Models/Model_Journal_Tuned35	excitement	0.3266637921333313	0.020713554695248604	0.004925846587866545	0.11593489348888397	0.01686147041618824	0.005411744117736816	0.13492079079151154	0.28220582008361816	0.004535289481282234	0.07911228388547897	0.3266637921333313	0.003814644878730178	0.004899731837213039
756	sadness	../Syntropy_Result_Finals/Models/Model_Journal_Tuned35	../Syntropy_Result_Finals/Models/Model_Journal_Tuned35	nervousness	0.5534011125564575	0.5534011125564575	0.025781650096178055	0.052027300000190735	0.02769138477742672	0.11958515644073486	0.03854740038514137	0.04122663289308548	0.01787617988884449	0.027967555448412895	0.012217681854963303	0.02527948096394539	0.05839851126074791
757	neutral	../Syntropy_Result_Finals/Models/Model_Journal_Tuned35	../Syntropy_Result_Finals/Models/Model_Journal_Tuned35	neutral	0.3366001546382904	0.04412344470620155	0.025062106549739838	0.3366001546382904	0.016237568110227585	0.02273230068385601	0.1613486111164093	0.3138321042060852	0.0061109354719519615	0.0268302820622921	0.021146878600120544	0.014766305685043335	0.011209298856556416
758	joy	../Syntropy_Result_Finals/Models/Model_Journal_Tuned35	../Syntropy_Result_Finals/Models/Model_Journal_Tuned35	joy	0.5636709332466125	0.0065945228561758995	0.005841125268489122	0.2139798402786255	0.0048215375281870365	0.0016253527719527483	0.5636709332466125	0.039254188537597656	0.0029736405704170465	0.019199952483177185	0.1379266083240509	0.001832461915910244	0.0022798103746026754
759	neutral	../Syntropy_Result_Finals/Models/Model_Journal_Tuned35	../Syntropy_Result_Finals/Models/Model_Journal_Tuned35	pride	0.32998421788215637	0.05001509562134743	0.008172934874892235	0.22666232287883759	0.021484728902578354	0.010881139896810055	0.12802688777446747	0.32998421788215637	0.006641320884227753	0.07959500700235367	0.11483734846115112	0.009276325814425945	0.014422607608139515
760	pride	../Syntropy_Result_Finals/Models/Model_Journal_Tuned35	../Syntropy_Result_Finals/Models/Model_Journal_Tuned35	pride	0.5155954360961914	0.02414720691740513	0.005522002931684256	0.1180027574300766	0.015936648473143578	0.0070925625041127205	0.09736838936805725	0.5155954360961914	0.005282276310026646	0.06346626579761505	0.13720817863941193	0.00433760043233633	0.006040622480213642
761	joy	../Syntropy_Result_Finals/Models/Model_Journal_Tuned35	../Syntropy_Result_Finals/Models/Model_Journal_Tuned35	joy	0.6011590361595154	0.007469534873962402	0.00938953086733818	0.23556415736675262	0.00855038221925497	0.002676678355783224	0.6011590361595154	0.034342627972364426	0.003290427615866065	0.015552199445664883	0.07710473239421844	0.002139284973964095	0.002761370036751032
762	sadness	../Syntropy_Result_Finals/Models/Model_Journal_Tuned35	../Syntropy_Result_Finals/Models/Model_Journal_Tuned35	embarrassment	0.5226297378540039	0.11879410594701767	0.028080733492970467	0.009104152210056782	0.010661006905138493	0.060573969036340714	0.015587523579597473	0.014963979832828045	0.5226297378540039	0.006760416552424431	0.007930316030979156	0.026037266477942467	0.1788768619298935
763	fear	../Syntropy_Result_Finals/Models/Model_Journal_Tuned35	../Syntropy_Result_Finals/Models/Model_Journal_Tuned35	neutral	0.20269368588924408	0.17972180247306824	0.06221912056207657	0.20269368588924408	0.03511056676506996	0.1478516012430191	0.09093549102544785	0.11329136788845062	0.02040860801935196	0.06314504146575928	0.016072196885943413	0.01908884570002556	0.04946168139576912
764	neutral	../Syntropy_Result_Finals/Models/Model_Journal_Tuned35	../Syntropy_Result_Finals/Models/Model_Journal_Tuned35	pride	0.388200581073761	0.04409850761294365	0.01871287077665329	0.3453500270843506	0.022865070030093193	0.022617066279053688	0.0652034804224968	0.388200581073761	0.006563105620443821	0.028049679473042488	0.01951538771390915	0.02417892776429653	0.014645315706729889
765	pride	../Syntropy_Result_Finals/Models/Model_Journal_Tuned35	../Syntropy_Result_Finals/Models/Model_Journal_Tuned35	neutral	0.2538990080356598	0.025170929729938507	0.005804583430290222	0.2538990080356598	0.016646262258291245	0.005896641872823238	0.18681514263153076	0.23360107839107513	0.005808556452393532	0.05369861051440239	0.20173519849777222	0.004802492912858725	0.006121402606368065
766	confusion	../Syntropy_Result_Finals/Models/Model_Journal_Tuned35	../Syntropy_Result_Finals/Models/Model_Journal_Tuned35	excitement	0.6322251558303833	0.019763344898819923	0.002676062984392047	0.10759048908948898	0.01815858855843544	0.008954372256994247	0.10324321687221527	0.04097308963537216	0.0020336974412202835	0.05628521367907524	0.6322251558303833	0.004188472870737314	0.003908239770680666
767	neutral	../Syntropy_Result_Finals/Models/Model_Journal_Tuned35	../Syntropy_Result_Finals/Models/Model_Journal_Tuned35	neutral	0.5413673520088196	0.032781366258859634	0.005767785478383303	0.5413673520088196	0.014716861769557	0.007772604003548622	0.1532420814037323	0.12096195667982101	0.005063960328698158	0.046268630772829056	0.058998722583055496	0.00658872677013278	0.006470039486885071
768	neutral	../Syntropy_Result_Finals/Models/Model_Journal_Tuned35	../Syntropy_Result_Finals/Models/Model_Journal_Tuned35	neutral	0.39554619789123535	0.018260134384036064	0.006828664802014828	0.39554619789123535	0.012399465776979923	0.00569896912202239	0.2932929992675781	0.08510851860046387	0.004049277398735285	0.043517399579286575	0.1267257034778595	0.0047289906069636345	0.0038437217008322477
769	joy	../Syntropy_Result_Finals/Models/Model_Journal_Tuned35	../Syntropy_Result_Finals/Models/Model_Journal_Tuned35	joy	0.32312655448913574	0.012510005384683609	0.005964257754385471	0.30739283561706543	0.01028833445161581	0.002946628723293543	0.32312655448913574	0.04649483039975166	0.004989175591617823	0.05389152094721794	0.22664235532283783	0.0020327374804764986	0.0037207745481282473
770	neutral	../Syntropy_Result_Finals/Models/Model_Journal_Tuned35	../Syntropy_Result_Finals/Models/Model_Journal_Tuned35	excitement	0.449880987405777	0.003581360913813114	0.001604831195436418	0.0920712947845459	0.005510158836841583	0.0012882637092843652	0.3670845925807953	0.03393936902284622	0.002177690388634801	0.03873010352253914	0.449880987405777	0.0020369826816022396	0.0020943244453519583
771	pride	../Syntropy_Result_Finals/Models/Model_Journal_Tuned35	../Syntropy_Result_Finals/Models/Model_Journal_Tuned35	joy	0.30010777711868286	0.01637943647801876	0.008884875103831291	0.2734357416629791	0.009147393517196178	0.007505434099584818	0.30010777711868286	0.28641456365585327	0.003145674942061305	0.01971917599439621	0.06321268528699875	0.006364141125231981	0.005682980176061392
772	surprise	../Syntropy_Result_Finals/Models/Model_Journal_Tuned35	../Syntropy_Result_Finals/Models/Model_Journal_Tuned35	surprise	0.39958956837654114	0.007247161120176315	0.0033205924555659294	0.06475362926721573	0.01812862791121006	0.003829704597592354	0.12503847479820251	0.023954642936587334	0.00908459909260273	0.39958956837654114	0.33343252539634705	0.004634780343621969	0.00698563689365983
773	excitement	../Syntropy_Result_Finals/Models/Model_Journal_Tuned35	../Syntropy_Result_Finals/Models/Model_Journal_Tuned35	neutral	0.5056744813919067	0.03223564848303795	0.009414538741111755	0.5056744813919067	0.015887057408690453	0.005136473570019007	0.20650212466716766	0.07835964113473892	0.006521679926663637	0.045197177678346634	0.06954900920391083	0.014651644974946976	0.010870461352169514
774	neutral	../Syntropy_Result_Finals/Models/Model_Journal_Tuned35	../Syntropy_Result_Finals/Models/Model_Journal_Tuned35	neutral	0.4601949155330658	0.013649816624820232	0.005029106512665749	0.4601949155330658	0.010878447443246841	0.003684735158458352	0.2941407263278961	0.061597179621458054	0.004267660900950432	0.035932958126068115	0.09811628609895706	0.006123729981482029	0.006384399253875017
775	surprise	../Syntropy_Result_Finals/Models/Model_Journal_Tuned35	../Syntropy_Result_Finals/Models/Model_Journal_Tuned35	excitement	0.6568207740783691	0.004552275873720646	0.0015787569573149085	0.038023773580789566	0.006440170109272003	0.0019767971243709326	0.16168618202209473	0.049116604030132294	0.002519083907827735	0.07233977317810059	0.6568207740783691	0.0023398895282298326	0.0026059006340801716
776	joy	../Syntropy_Result_Finals/Models/Model_Journal_Tuned35	../Syntropy_Result_Finals/Models/Model_Journal_Tuned35	joy	0.5137363076210022	0.0048339893110096455	0.004145839251577854	0.3466160297393799	0.005048729944974184	0.0017340525519102812	0.5137363076210022	0.016490522772073746	0.0023407554253935814	0.01563115604221821	0.08407461643218994	0.002772972220554948	0.002574932062998414
777	neutral	../Syntropy_Result_Finals/Models/Model_Journal_Tuned35	../Syntropy_Result_Finals/Models/Model_Journal_Tuned35	joy	0.38751378655433655	0.009951513260602951	0.002995964139699936	0.3403237760066986	0.0073560066521167755	0.00254273135215044	0.38751378655433655	0.056718725711107254	0.0025472191628068686	0.027820924296975136	0.1542915254831314	0.004742329474538565	0.0031954450532794
778	surprise	../Syntropy_Result_Finals/Models/Model_Journal_Tuned35	../Syntropy_Result_Finals/Models/Model_Journal_Tuned35	neutral	0.2696273624897003	0.02547713741660118	0.003949211444705725	0.2696273624897003	0.012890668585896492	0.007241934537887573	0.25856125354766846	0.09818949550390244	0.0052583166398108006	0.06246495991945267	0.24321426451206207	0.004853580147027969	0.0082717789337039
779	neutral	../Syntropy_Result_Finals/Models/Model_Journal_Tuned35	../Syntropy_Result_Finals/Models/Model_Journal_Tuned35	neutral	0.5497962236404419	0.00607603695243597	0.006078149192035198	0.5497962236404419	0.006249066907912493	0.0016467089299112558	0.32778027653694153	0.014821236953139305	0.002794465282931924	0.016622941941022873	0.06269500404596329	0.003065001219511032	0.002374922623857856
780	excitement	../Syntropy_Result_Finals/Models/Model_Journal_Tuned35	../Syntropy_Result_Finals/Models/Model_Journal_Tuned35	joy	0.6064390540122986	0.0060663530603051186	0.004222881980240345	0.16079425811767578	0.005161389242857695	0.002228444442152977	0.6064390540122986	0.03545725345611572	0.0026909795124083757	0.015747036784887314	0.15651728212833405	0.002131101442500949	0.0025439963210374117
781	excitement	../Syntropy_Result_Finals/Models/Model_Journal_Tuned35	../Syntropy_Result_Finals/Models/Model_Journal_Tuned35	pride	0.29487520456314087	0.015913479030132294	0.003871913067996502	0.15645241737365723	0.01182708889245987	0.0036506562028080225	0.17136435210704803	0.29487520456314087	0.00478775892406702	0.05607466772198677	0.2734930217266083	0.0037130541168153286	0.003976480569690466
782	neutral	../Syntropy_Result_Finals/Models/Model_Journal_Tuned35	../Syntropy_Result_Finals/Models/Model_Journal_Tuned35	joy	0.48851311206817627	0.01726669631898403	0.010726411826908588	0.27790331840515137	0.01384005881845951	0.003465312998741865	0.48851311206817627	0.031589288264513016	0.010085607878863811	0.0361127071082592	0.09866371005773544	0.003746502101421356	0.00808730162680149
783	surprise	../Syntropy_Result_Finals/Models/Model_Journal_Tuned35	../Syntropy_Result_Finals/Models/Model_Journal_Tuned35	neutral	0.35983985662460327	0.09710142016410828	0.02304735966026783	0.35983985662460327	0.01699140854179859	0.011219630017876625	0.2132452130317688	0.08239001035690308	0.011864165775477886	0.08434897661209106	0.07837432622909546	0.007498554419726133	0.01407912652939558
784	joy	../Syntropy_Result_Finals/Models/Model_Journal_Tuned35	../Syntropy_Result_Finals/Models/Model_Journal_Tuned35	joy	0.4519317150115967	0.00509579898789525	0.002853456186130643	0.17379125952720642	0.007144789677113295	0.0019407701911404729	0.4519317150115967	0.0494934618473053	0.004453927278518677	0.035514529794454575	0.26235103607177734	0.002457101596519351	0.002972088288515806
785	neutral	../Syntropy_Result_Finals/Models/Model_Journal_Tuned35	../Syntropy_Result_Finals/Models/Model_Journal_Tuned35	neutral	0.48672086000442505	0.015659168362617493	0.01423589326441288	0.48672086000442505	0.009721162728965282	0.008092937991023064	0.28057530522346497	0.12954895198345184	0.0027142390608787537	0.011239464394748211	0.030990706756711006	0.0066866688430309296	0.0038146974984556437
786	joy	../Syntropy_Result_Finals/Models/Model_Journal_Tuned35	../Syntropy_Result_Finals/Models/Model_Journal_Tuned35	neutral	0.29211223125457764	0.029863083735108376	0.022984474897384644	0.29211223125457764	0.01729463040828705	0.017256325110793114	0.07160796225070953	0.16520501673221588	0.015154591761529446	0.05778651684522629	0.03355546295642853	0.2338293343782425	0.043350450694561005
787	neutral	../Syntropy_Result_Finals/Models/Model_Journal_Tuned35	../Syntropy_Result_Finals/Models/Model_Journal_Tuned35	pride	0.2998489439487457	0.032308511435985565	0.004894731566309929	0.2738586366176605	0.018585706129670143	0.006838290486484766	0.15644137561321259	0.2998489439487457	0.004630887880921364	0.06480468809604645	0.12604065239429474	0.0062694912776350975	0.005478021688759327
788	pride	../Syntropy_Result_Finals/Models/Model_Journal_Tuned35	../Syntropy_Result_Finals/Models/Model_Journal_Tuned35	joy	0.4436829090118408	0.018531525507569313	0.012160398997366428	0.3200114369392395	0.007886148057878017	0.0034785442985594273	0.4436829090118408	0.06361397355794907	0.004225518554449081	0.029663676396012306	0.0886625349521637	0.003012594534084201	0.00507072638720274
789	sadness	../Syntropy_Result_Finals/Models/Model_Journal_Tuned35	../Syntropy_Result_Finals/Models/Model_Journal_Tuned35	nervousness	0.3420499563217163	0.3420499563217163	0.024230530485510826	0.1026272401213646	0.030053555965423584	0.08932342380285263	0.041134655475616455	0.03402084484696388	0.07161349803209305	0.031762197613716125	0.012744693085551262	0.027514945715665817	0.1929244101047516
790	surprise	../Syntropy_Result_Finals/Models/Model_Journal_Tuned35	../Syntropy_Result_Finals/Models/Model_Journal_Tuned35	joy	0.3714310824871063	0.020100491121411324	0.013199269771575928	0.3144214451313019	0.011810172349214554	0.006844902876764536	0.3714310824871063	0.09654328227043152	0.006036505103111267	0.05219421535730362	0.10016440600156784	0.0024895858950912952	0.004764719866216183
791	joy	../Syntropy_Result_Finals/Models/Model_Journal_Tuned35	../Syntropy_Result_Finals/Models/Model_Journal_Tuned35	joy	0.42865076661109924	0.008001880720257759	0.004211777355521917	0.4162541627883911	0.007709366735070944	0.002725649857893586	0.42865076661109924	0.042535193264484406	0.0025875824503600597	0.018453912809491158	0.06235547363758087	0.003329763188958168	0.0031844202894717455
792	confusion	../Syntropy_Result_Finals/Models/Model_Journal_Tuned35	../Syntropy_Result_Finals/Models/Model_Journal_Tuned35	neutral	0.2141239196062088	0.1494525521993637	0.021432433277368546	0.2141239196062088	0.049818724393844604	0.02951018698513508	0.08516626805067062	0.17202378809452057	0.020928559824824333	0.11857418715953827	0.05609333515167236	0.03843705728650093	0.04443889111280441
793	neutral	../Syntropy_Result_Finals/Models/Model_Journal_Tuned35	../Syntropy_Result_Finals/Models/Model_Journal_Tuned35	neutral	0.5936319231987	0.009229922667145729	0.0063321636989712715	0.5936319231987	0.009062628261744976	0.0028392241802066565	0.29253706336021423	0.014289348386228085	0.004139861557632685	0.017518339678645134	0.04208116978406906	0.004088556859642267	0.0042497157119214535
794	neutral	../Syntropy_Result_Finals/Models/Model_Journal_Tuned35	../Syntropy_Result_Finals/Models/Model_Journal_Tuned35	neutral	0.7478184700012207	0.020429283380508423	0.009938155300915241	0.7478184700012207	0.011268694885075092	0.004824243951588869	0.1268261969089508	0.024758370593190193	0.0036648698151111603	0.016070183366537094	0.01888887584209442	0.0068135433830320835	0.00869902316480875
795	pride	../Syntropy_Result_Finals/Models/Model_Journal_Tuned35	../Syntropy_Result_Finals/Models/Model_Journal_Tuned35	excitement	0.36143383383750916	0.024385621771216393	0.005143098067492247	0.12008407711982727	0.016439182683825493	0.006867696531116962	0.1500493586063385	0.21435990929603577	0.006087361369282007	0.08199650794267654	0.36143383383750916	0.004977624397724867	0.00817582756280899
796	joy	../Syntropy_Result_Finals/Models/Model_Journal_Tuned35	../Syntropy_Result_Finals/Models/Model_Journal_Tuned35	joy	0.5963320136070251	0.011323899962008	0.006183338351547718	0.15612304210662842	0.013365273363888264	0.0034419726580381393	0.5963320136070251	0.03104471229016781	0.008605686947703362	0.034340448677539825	0.12734906375408173	0.004258647561073303	0.007631916087120771
797	pride	../Syntropy_Result_Finals/Models/Model_Journal_Tuned35	../Syntropy_Result_Finals/Models/Model_Journal_Tuned35	pride	0.36439812183380127	0.016522344201803207	0.004029843956232071	0.20383743941783905	0.012948627583682537	0.004175582900643349	0.17198362946510315	0.36439812183380127	0.00503874197602272	0.04484809190034866	0.16337183117866516	0.004327933769673109	0.0045178537257015705
798	neutral	../Syntropy_Result_Finals/Models/Model_Journal_Tuned35	../Syntropy_Result_Finals/Models/Model_Journal_Tuned35	neutral	0.39387351274490356	0.025141645222902298	0.01425822265446186	0.39387351274490356	0.015175859443843365	0.015655681490898132	0.15971800684928894	0.2969280183315277	0.0037696026265621185	0.022034907713532448	0.03156925365328789	0.013882089406251907	0.007993295788764954
799	surprise	../Syntropy_Result_Finals/Models/Model_Journal_Tuned35	../Syntropy_Result_Finals/Models/Model_Journal_Tuned35	surprise	0.4429633617401123	0.03918329253792763	0.007196062244474888	0.07250973582267761	0.025973781943321228	0.051845237612724304	0.06786298006772995	0.0274591576308012	0.020074734464287758	0.4429633617401123	0.1481403112411499	0.014587468467652798	0.08220379799604416
800	confusion	../Syntropy_Result_Finals/Models/Model_Journal_Tuned35	../Syntropy_Result_Finals/Models/Model_Journal_Tuned35	fear	0.4784258008003235	0.1991499662399292	0.014328265562653542	0.07867227494716644	0.023567628115415573	0.4784258008003235	0.04652027785778046	0.045484885573387146	0.01303611695766449	0.03362754359841347	0.010789050720632076	0.010203690268099308	0.046194516122341156
801	excitement	../Syntropy_Result_Finals/Models/Model_Journal_Tuned35	../Syntropy_Result_Finals/Models/Model_Journal_Tuned35	neutral	0.4312249720096588	0.04090961813926697	0.008932307362556458	0.4312249720096588	0.020808948203921318	0.011269554495811462	0.13780629634857178	0.242547407746315	0.00665977131575346	0.03281191363930702	0.04496413841843605	0.012326772324740887	0.009738333523273468
802	pride	../Syntropy_Result_Finals/Models/Model_Journal_Tuned35	../Syntropy_Result_Finals/Models/Model_Journal_Tuned35	joy	0.5816905498504639	0.00394389359280467	0.0036791276652365923	0.28220662474632263	0.0049454327672719955	0.0019880649633705616	0.5816905498504639	0.020344305783510208	0.002256124746054411	0.009323139674961567	0.08373697102069855	0.003295343602076173	0.0025903612840920687
803	excitement	../Syntropy_Result_Finals/Models/Model_Journal_Tuned35	../Syntropy_Result_Finals/Models/Model_Journal_Tuned35	joy	0.44057610630989075	0.005235681310296059	0.002207396551966667	0.12440299987792969	0.006202674936503172	0.0017191082006320357	0.44057610630989075	0.04015720263123512	0.0036692514549940825	0.030883952975273132	0.34011057019233704	0.002061071339994669	0.0027739694342017174
804	surprise	../Syntropy_Result_Finals/Models/Model_Journal_Tuned35	../Syntropy_Result_Finals/Models/Model_Journal_Tuned35	joy	0.3409292697906494	0.01572190411388874	0.00342646986246109	0.22317716479301453	0.013266343623399734	0.004593001212924719	0.3409292697906494	0.11339034885168076	0.0031139077618718147	0.047373753041028976	0.2280455082654953	0.003464695066213608	0.0034975982271134853
805	excitement	../Syntropy_Result_Finals/Models/Model_Journal_Tuned35	../Syntropy_Result_Finals/Models/Model_Journal_Tuned35	neutral	0.511247456073761	0.011919116601347923	0.00448212493211031	0.511247456073761	0.009294633753597736	0.003899920266121626	0.27989140152931213	0.07149799913167953	0.0021754768677055836	0.021158453077077866	0.07722601294517517	0.0039259204640984535	0.003281563753262162
806	excitement	../Syntropy_Result_Finals/Models/Model_Journal_Tuned35	../Syntropy_Result_Finals/Models/Model_Journal_Tuned35	neutral	0.5936163663864136	0.028029514476656914	0.0123967994004488	0.5936163663864136	0.016331970691680908	0.008884193375706673	0.19711680710315704	0.06450176984071732	0.003826593980193138	0.01866048388183117	0.032042842358350754	0.015526858158409595	0.009065783582627773
807	surprise	../Syntropy_Result_Finals/Models/Model_Journal_Tuned35	../Syntropy_Result_Finals/Models/Model_Journal_Tuned35	neutral	0.5311939716339111	0.06752874702215195	0.028340358287096024	0.5311939716339111	0.025100015103816986	0.01666872389614582	0.17536216974258423	0.023343989625573158	0.01404612883925438	0.06266245990991592	0.02170753665268421	0.014323607087135315	0.019722364842891693
808	joy	../Syntropy_Result_Finals/Models/Model_Journal_Tuned35	../Syntropy_Result_Finals/Models/Model_Journal_Tuned35	excitement	0.47283342480659485	0.004467951599508524	0.0017619547434151173	0.04768667742609978	0.005776477511972189	0.002063947031274438	0.3710798919200897	0.04846091940999031	0.0032726628705859184	0.03765465319156647	0.47283342480659485	0.0020548372995108366	0.002886552130803466
809	disgust	../Syntropy_Result_Finals/Models/Model_Journal_Tuned35	../Syntropy_Result_Finals/Models/Model_Journal_Tuned35	nervousness	0.48858192563056946	0.48858192563056946	0.12485777586698532	0.022559698671102524	0.04024144262075424	0.04792727902531624	0.02894718386232853	0.016506200656294823	0.10326371341943741	0.021982671692967415	0.009808041155338287	0.012010235339403152	0.08331384509801865
810	neutral	../Syntropy_Result_Finals/Models/Model_Journal_Tuned35	../Syntropy_Result_Finals/Models/Model_Journal_Tuned35	joy	0.49248358607292175	0.00504177063703537	0.002643350511789322	0.10917967557907104	0.005502017214894295	0.0025613291654735804	0.49248358607292175	0.03102339617908001	0.0022736808750778437	0.0200568288564682	0.3253538906574249	0.0018929984653368592	0.0019875133875757456
811	nervousness	../Syntropy_Result_Finals/Models/Model_Journal_Tuned35	../Syntropy_Result_Finals/Models/Model_Journal_Tuned35	confusion	0.4470927119255066	0.2556317150592804	0.028519300743937492	0.02874881960451603	0.4470927119255066	0.027379149571061134	0.024737434461712837	0.019861141219735146	0.05204980447888374	0.06572254002094269	0.031326282769441605	0.007619124837219715	0.011312016285955906
812	excitement	../Syntropy_Result_Finals/Models/Model_Journal_Tuned35	../Syntropy_Result_Finals/Models/Model_Journal_Tuned35	excitement	0.5355044007301331	0.0202005747705698	0.003959061112254858	0.06048315763473511	0.011131559498608112	0.005665020551532507	0.09776262193918228	0.19261011481285095	0.0035552552435547113	0.06095273420214653	0.5355044007301331	0.0037165507674217224	0.004458914510905743
813	neutral	../Syntropy_Result_Finals/Models/Model_Journal_Tuned35	../Syntropy_Result_Finals/Models/Model_Journal_Tuned35	joy	0.5294659733772278	0.007680013310164213	0.003914032597094774	0.2829206585884094	0.010776669718325138	0.002184276469051838	0.5294659733772278	0.01770866848528385	0.003837218973785639	0.022851260378956795	0.11105266213417053	0.003930472303181887	0.0036780608352273703
814	joy	../Syntropy_Result_Finals/Models/Model_Journal_Tuned35	../Syntropy_Result_Finals/Models/Model_Journal_Tuned35	pride	0.3568156957626343	0.037674181163311005	0.006104400847107172	0.2294185608625412	0.020468248054385185	0.01014681626111269	0.12241819500923157	0.3568156957626343	0.007155181374400854	0.0824018120765686	0.10505476593971252	0.007311391644179821	0.015030816197395325
815	pride	../Syntropy_Result_Finals/Models/Model_Journal_Tuned35	../Syntropy_Result_Finals/Models/Model_Journal_Tuned35	joy	0.5836479067802429	0.0035621989518404007	0.0027744430117309093	0.10753721743822098	0.0039220694452524185	0.0013954815221950412	0.5836479067802429	0.02420395240187645	0.0025772633962333202	0.015986507758498192	0.2513323724269867	0.0015127200167626143	0.0015478312270715833
816	nervousness	../Syntropy_Result_Finals/Models/Model_Journal_Tuned35	../Syntropy_Result_Finals/Models/Model_Journal_Tuned35	nervousness	0.36855027079582214	0.36855027079582214	0.02038264088332653	0.14356732368469238	0.04230435937643051	0.08344987779855728	0.04351804032921791	0.10073361545801163	0.013021690770983696	0.05868969112634659	0.029562197625637054	0.028721977025270462	0.06749829649925232
817	neutral	../Syntropy_Result_Finals/Models/Model_Journal_Tuned35	../Syntropy_Result_Finals/Models/Model_Journal_Tuned35	neutral	0.5759614109992981	0.00800467748194933	0.005748930387198925	0.5759614109992981	0.007823452353477478	0.0020873593166470528	0.2812952697277069	0.031097548082470894	0.0024256526958197355	0.018013041466474533	0.06161127984523773	0.00314472708851099	0.0027866768650710583
818	neutral	../Syntropy_Result_Finals/Models/Model_Journal_Tuned35	../Syntropy_Result_Finals/Models/Model_Journal_Tuned35	neutral	0.5185226202011108	0.0095216678455472	0.006650127470493317	0.5185226202011108	0.0070456648245453835	0.0024497464764863253	0.3596973419189453	0.01728763058781624	0.0034694368951022625	0.016478227451443672	0.05026879534125328	0.004200807772576809	0.004407939966768026
819	neutral	../Syntropy_Result_Finals/Models/Model_Journal_Tuned35	../Syntropy_Result_Finals/Models/Model_Journal_Tuned35	neutral	0.6577665209770203	0.03186628222465515	0.005506767891347408	0.6577665209770203	0.020367596298456192	0.012116489931941032	0.09363750368356705	0.08378724008798599	0.004094848874956369	0.027397042140364647	0.03712378814816475	0.016003455966711044	0.010332504287362099
820	neutral	../Syntropy_Result_Finals/Models/Model_Journal_Tuned35	../Syntropy_Result_Finals/Models/Model_Journal_Tuned35	joy	0.5091717839241028	0.008685966953635216	0.004859515465795994	0.2320358157157898	0.010703098960220814	0.002234362531453371	0.5091717839241028	0.023075923323631287	0.005867743398994207	0.031243229284882545	0.16429263353347778	0.0030606896616518497	0.004769202321767807
821	excitement	../Syntropy_Result_Finals/Models/Model_Journal_Tuned35	../Syntropy_Result_Finals/Models/Model_Journal_Tuned35	neutral	0.4262964427471161	0.011438396759331226	0.004199340008199215	0.4262964427471161	0.009100853465497494	0.003010630141943693	0.3384194076061249	0.06080679967999458	0.002704775193706155	0.023452816531062126	0.11245553195476532	0.004081237129867077	0.0040337275713682175
822	pride	../Syntropy_Result_Finals/Models/Model_Journal_Tuned35	../Syntropy_Result_Finals/Models/Model_Journal_Tuned35	pride	0.825888991355896	0.019666777923703194	0.0031000939197838306	0.028237711638212204	0.009567365981638432	0.008140151388943195	0.02381519414484501	0.825888991355896	0.0047058709897100925	0.024643700569868088	0.04375326260924339	0.003293476067483425	0.005187449045479298
823	disgust	../Syntropy_Result_Finals/Models/Model_Journal_Tuned35	../Syntropy_Result_Finals/Models/Model_Journal_Tuned35	fear	0.35779741406440735	0.24577078223228455	0.04161043465137482	0.033104680478572845	0.024875855073332787	0.35779741406440735	0.029594875872135162	0.03225984424352646	0.03350132331252098	0.025939442217350006	0.007228906266391277	0.03846552222967148	0.12985095381736755
824	confusion	../Syntropy_Result_Finals/Models/Model_Journal_Tuned35	../Syntropy_Result_Finals/Models/Model_Journal_Tuned35	neutral	0.40030068159103394	0.0924278125166893	0.013733278028666973	0.40030068159103394	0.05924684926867485	0.036630332469940186	0.06818988174200058	0.08744525909423828	0.015336958691477776	0.08578012883663177	0.0637453943490982	0.024575041607022285	0.05258834734559059
825	anger	../Syntropy_Result_Finals/Models/Model_Journal_Tuned35	../Syntropy_Result_Finals/Models/Model_Journal_Tuned35	nervousness	0.5735988616943359	0.5735988616943359	0.05815919116139412	0.046671804040670395	0.04869755730032921	0.0701838880777359	0.049103524535894394	0.017072996124625206	0.037052590399980545	0.036349210888147354	0.014462371356785297	0.010717940516769886	0.037930071353912354
826	neutral	../Syntropy_Result_Finals/Models/Model_Journal_Tuned35	../Syntropy_Result_Finals/Models/Model_Journal_Tuned35	neutral	0.6775808930397034	0.015486766584217548	0.012107173912227154	0.6775808930397034	0.00992969423532486	0.003104398725554347	0.20562757551670074	0.01397878397256136	0.004459471441805363	0.018500039353966713	0.029707228764891624	0.004486086778342724	0.005031910724937916
827	joy	../Syntropy_Result_Finals/Models/Model_Journal_Tuned35	../Syntropy_Result_Finals/Models/Model_Journal_Tuned35	neutral	0.3319491147994995	0.011122492142021656	0.008697671815752983	0.3319491147994995	0.009310208261013031	0.006060558836907148	0.2722669243812561	0.2707907259464264	0.00358325382694602	0.020509716123342514	0.05701940506696701	0.004861049819737673	0.003828965127468109
