textid	target	model	tokenizer	predicted	prob	nervousness	sadness	embarrassment	neutral	fear	disgust	pride	confusion	anger	joy	surprise	excitement
0	sadness	../final/models/models_2nd_run/model1_0	../final/models/models_2nd_run/model1_0	nervousness	0.2417890876531601	0.2417890876531601	0.20890814065933228	0.1736246794462204	0.16798576712608337	0.09377800673246384	0.032022178173065186	0.028097238391637802	0.018964596092700958	0.018780073150992393	0.0065598576329648495	0.005063912365585566	0.004426377825438976
1	joy	../final/models/models_2nd_run/model1_0	../final/models/models_2nd_run/model1_0	joy	0.9080339074134827	0.0014852931490167975	0.0027398208621889353	0.0018826544983312488	0.04014933481812477	0.0021356740035116673	0.003212620737031102	0.00414689676836133	0.0025747662875801325	0.0036484464071691036	0.9080339074134827	0.0017710239626467228	0.02821950614452362
2	neutral	../final/models/models_2nd_run/model1_0	../final/models/models_2nd_run/model1_0	sadness	0.8317250609397888	0.011632251553237438	0.8317250609397888	0.012903429567813873	0.04590285196900368	0.008934923447668552	0.03734569624066353	0.0015862970612943172	0.004339923616498709	0.031413279473781586	0.003636938752606511	0.00832567922770977	0.002253767801448703
3	joy	../final/models/models_2nd_run/model1_0	../final/models/models_2nd_run/model1_0	joy	0.9629714488983154	0.0008618507417850196	0.0022261058911681175	0.0007616403745487332	0.004118704702705145	0.0011398204369470477	0.0009527957299724221	0.002296813763678074	0.00134069356136024	0.0008581370930187404	0.9629714488983154	0.0013088852865621448	0.0211630892008543
4	fear	../final/models/models_2nd_run/model1_0	../final/models/models_2nd_run/model1_0	neutral	0.6026378870010376	0.0330972783267498	0.1224692240357399	0.025679858401417732	0.6026378870010376	0.01918119750916958	0.013316246680915356	0.006322075147181749	0.15239234268665314	0.012233877554535866	0.002513589570298791	0.008301406167447567	0.0018549590604379773
5	pride	../final/models/models_2nd_run/model1_0	../final/models/models_2nd_run/model1_0	fear	0.8095191121101379	0.01624663919210434	0.01846141181886196	0.0038451296277344227	0.011604915373027325	0.8095191121101379	0.10776953399181366	0.0008407835848629475	0.0070082806050777435	0.013799275271594524	0.0035576324444264174	0.005005787126719952	0.0023414946626871824
6	sadness	../final/models/models_2nd_run/model1_0	../final/models/models_2nd_run/model1_0	fear	0.6682453751564026	0.05694334954023361	0.17907854914665222	0.010772723704576492	0.009520437568426132	0.6682453751564026	0.04652660712599754	0.0013995530316606164	0.008343336172401905	0.009112625382840633	0.003603035816922784	0.004276683554053307	0.0021776987705379725
7	joy	../final/models/models_2nd_run/model1_0	../final/models/models_2nd_run/model1_0	joy	0.9525617957115173	0.001143061090260744	0.0019573222380131483	0.0008912052144296467	0.007227934896945953	0.0011363851372152567	0.0009111830149777234	0.005361710675060749	0.0020005893893539906	0.0009367693564854562	0.9525617957115173	0.0013883300125598907	0.024483755230903625
8	disgust	../final/models/models_2nd_run/model1_0	../final/models/models_2nd_run/model1_0	disgust	0.520032525062561	0.009874871000647545	0.02287238836288452	0.30329930782318115	0.037960976362228394	0.008118451572954655	0.520032525062561	0.0064107016660273075	0.014827357605099678	0.014380565844476223	0.01034184917807579	0.04145791754126549	0.010422942228615284
9	sadness	../final/models/models_2nd_run/model1_0	../final/models/models_2nd_run/model1_0	sadness	0.9701342582702637	0.004152825567871332	0.9701342582702637	0.0036151118110865355	0.004545228555798531	0.0031985442619770765	0.00102050241548568	0.0011864538537338376	0.0013813059777021408	0.0010011864360421896	0.006249359343200922	0.0016284954035654664	0.0018868433544412255
10	excitement	../final/models/models_2nd_run/model1_0	../final/models/models_2nd_run/model1_0	joy	0.969036340713501	0.0009576010052114725	0.0017515188083052635	0.0007258462719619274	0.0048416778445243835	0.001264665275812149	0.0011458611115813255	0.0022880982141941786	0.0017000866355374455	0.0012807226739823818	0.969036340713501	0.0011422252282500267	0.013865357264876366
11	confusion	../final/models/models_2nd_run/model1_0	../final/models/models_2nd_run/model1_0	confusion	0.9379151463508606	0.0012271058512851596	0.0011679008603096008	0.0011174503015354276	0.0438445620238781	0.0012903724564239383	0.0011569575872272253	0.0007286645704880357	0.9379151463508606	0.0028042402118444443	0.0011673864210024476	0.00607120618224144	0.0015089471125975251
12	embarrassment	../final/models/models_2nd_run/model1_0	../final/models/models_2nd_run/model1_0	embarrassment	0.922884464263916	0.008134598843753338	0.005992954131215811	0.922884464263916	0.0023332792334258556	0.0030502534937113523	0.01597576215863228	0.019146276637911797	0.0036889947950839996	0.012725982815027237	0.001217959332279861	0.002890876028686762	0.0019585369154810905
13	fear	../final/models/models_2nd_run/model1_0	../final/models/models_2nd_run/model1_0	anger	0.541239321231842	0.011000786907970905	0.022068267688155174	0.010695639997720718	0.23969468474388123	0.011953978799283504	0.14780215919017792	0.005401853937655687	0.0031933188438415527	0.541239321231842	0.0031742025166749954	0.0015162628842517734	0.002259559230878949
14	disgust	../final/models/models_2nd_run/model1_0	../final/models/models_2nd_run/model1_0	disgust	0.6907711625099182	0.008669374510645866	0.004659134894609451	0.05635562911629677	0.02101372927427292	0.045236602425575256	0.6907711625099182	0.002034719567745924	0.11964081972837448	0.026316814124584198	0.0026773216668516397	0.018442213535308838	0.004182461649179459
15	confusion	../final/models/models_2nd_run/model1_0	../final/models/models_2nd_run/model1_0	confusion	0.9599372148513794	0.0011177033884450793	0.0011907346779480577	0.000974175170995295	0.023770974949002266	0.0008687752415426075	0.0008378979982808232	0.0009506786591373384	0.9599372148513794	0.0013686097227036953	0.00212022359482944	0.005085647106170654	0.0017773571889847517
16	surprise	../final/models/models_2nd_run/model1_0	../final/models/models_2nd_run/model1_0	surprise	0.7773544192314148	0.0012211817083880305	0.003203775268048048	0.002806087490171194	0.02388378605246544	0.0038708385545760393	0.004356234800070524	0.00180166051723063	0.004983813501894474	0.007051277905702591	0.009272499941289425	0.7773544192314148	0.16019442677497864
17	excitement	../final/models/models_2nd_run/model1_0	../final/models/models_2nd_run/model1_0	joy	0.9174813628196716	0.0010777630377560854	0.001387035008519888	0.0008636616985313594	0.005904452409595251	0.0012141844490543008	0.0008538904367014766	0.004564334638416767	0.0021880033891648054	0.0008745109080336988	0.9174813628196716	0.001787902438081801	0.06180291995406151
18	surprise	../final/models/models_2nd_run/model1_0	../final/models/models_2nd_run/model1_0	disgust	0.6578158140182495	0.01523236557841301	0.05977907404303551	0.08382035046815872	0.03170454874634743	0.06546755135059357	0.6578158140182495	0.002330418210476637	0.020357148721814156	0.018318267539143562	0.0021484438329935074	0.04040151089429855	0.0026244474574923515
19	disgust	../final/models/models_2nd_run/model1_0	../final/models/models_2nd_run/model1_0	disgust	0.7221452593803406	0.007710108999162912	0.04541647806763649	0.04348094388842583	0.037734679877758026	0.018289465457201004	0.7221452593803406	0.003152791177853942	0.0033173388801515102	0.11231912672519684	0.0015869294293224812	0.0033973967656493187	0.0014494964852929115
20	excitement	../final/models/models_2nd_run/model1_0	../final/models/models_2nd_run/model1_0	surprise	0.5694379806518555	0.001216546050272882	0.0020469012670218945	0.0025853649713099003	0.026201654225587845	0.0024870538618415594	0.0034555974416434765	0.0028809804935008287	0.0056935204192996025	0.00533285504207015	0.020968982949852943	0.5694379806518555	0.35769250988960266
21	neutral	../final/models/models_2nd_run/model1_0	../final/models/models_2nd_run/model1_0	surprise	0.5495771765708923	0.0029466792475432158	0.010763061232864857	0.020649641752243042	0.1548607349395752	0.009044324047863483	0.06889475882053375	0.007591504603624344	0.009955632500350475	0.01732061803340912	0.024445701390504837	0.5495771765708923	0.12395014613866806
22	disgust	../final/models/models_2nd_run/model1_0	../final/models/models_2nd_run/model1_0	anger	0.5163699984550476	0.00318844523280859	0.010608763433992863	0.017884355038404465	0.061184000223875046	0.005715065635740757	0.34776297211647034	0.005486324429512024	0.0021900043357163668	0.5163699984550476	0.009630465880036354	0.008418001234531403	0.011561497114598751
23	neutral	../final/models/models_2nd_run/model1_0	../final/models/models_2nd_run/model1_0	neutral	0.9020925760269165	0.0023560163099318743	0.002739560790359974	0.0017785789677873254	0.9020925760269165	0.0034753046929836273	0.005020445212721825	0.0025263435672968626	0.06364164501428604	0.0048245894722640514	0.0025663331616669893	0.005749865435063839	0.003228815272450447
24	sadness	../final/models/models_2nd_run/model1_0	../final/models/models_2nd_run/model1_0	neutral	0.4902038276195526	0.05023149028420448	0.2833198010921478	0.01039121113717556	0.4902038276195526	0.0816035345196724	0.011516605503857136	0.0034240903332829475	0.034415557980537415	0.021045289933681488	0.004166106227785349	0.006735778413712978	0.0029467325657606125
25	disgust	../final/models/models_2nd_run/model1_0	../final/models/models_2nd_run/model1_0	anger	0.7858442664146423	0.0033581890165805817	0.011953284032642841	0.010913553647696972	0.020527498796582222	0.0039407298900187016	0.1439136564731598	0.0021590173710137606	0.008651786483824253	0.7858442664146423	0.002350644441321492	0.004458217415958643	0.0019291751086711884
26	confusion	../final/models/models_2nd_run/model1_0	../final/models/models_2nd_run/model1_0	confusion	0.9475532174110413	0.0037861340679228306	0.017210915684700012	0.007655446883291006	0.0062328362837433815	0.0017471780302003026	0.0024994038976728916	0.0014581161085516214	0.9475532174110413	0.0036712081637233496	0.001215851865708828	0.005936627276241779	0.0010329863289371133
27	joy	../final/models/models_2nd_run/model1_0	../final/models/models_2nd_run/model1_0	joy	0.9403231143951416	0.0014159033307805657	0.0013582512037828565	0.0011947979219257832	0.011021310463547707	0.0015737473731860518	0.0014821391087025404	0.005057437811046839	0.0034203140530735254	0.001433939323760569	0.9403231143951416	0.001681900699622929	0.030037252232432365
28	nervousness	../final/models/models_2nd_run/model1_0	../final/models/models_2nd_run/model1_0	nervousness	0.824421763420105	0.824421763420105	0.016679083928465843	0.008347861468791962	0.006539912894368172	0.09076876938343048	0.0030736348126083612	0.013505176641047001	0.005182358436286449	0.003431605873629451	0.013310837559401989	0.0024572948459535837	0.012281730771064758
29	neutral	../final/models/models_2nd_run/model1_0	../final/models/models_2nd_run/model1_0	sadness	0.8777079582214355	0.027961794286966324	0.8777079582214355	0.006557080894708633	0.049161531031131744	0.016757575795054436	0.0036042078863829374	0.002418615622445941	0.002302984707057476	0.0046160658821463585	0.004731167573481798	0.002325547393411398	0.0018553473055362701
30	confusion	../final/models/models_2nd_run/model1_0	../final/models/models_2nd_run/model1_0	sadness	0.7136742472648621	0.011126523837447166	0.7136742472648621	0.008244396187365055	0.024423442780971527	0.0031698872335255146	0.002464685356244445	0.0025735055096447468	0.2129945456981659	0.007813438773155212	0.006269009783864021	0.005402060225605965	0.0018442582804709673
31	neutral	../final/models/models_2nd_run/model1_0	../final/models/models_2nd_run/model1_0	excitement	0.44615551829338074	0.002087641041725874	0.007222635671496391	0.003225259017199278	0.39175450801849365	0.0029150224290788174	0.0051992712542414665	0.023146316409111023	0.005704444367438555	0.028439275920391083	0.0602690763771534	0.023881150409579277	0.44615551829338074
32	joy	../final/models/models_2nd_run/model1_0	../final/models/models_2nd_run/model1_0	joy	0.4905059337615967	0.0011236944701522589	0.002525219926610589	0.0010669768089428544	0.018706664443016052	0.0018267491832375526	0.0015418269904330373	0.00411992846056819	0.0019734592642635107	0.0022291915956884623	0.4905059337615967	0.0067271217703819275	0.46765318512916565
33	disgust	../final/models/models_2nd_run/model1_0	../final/models/models_2nd_run/model1_0	disgust	0.7206950783729553	0.023590926080942154	0.13360695540905	0.016105668619275093	0.028149547055363655	0.04347360506653786	0.7206950783729553	0.001287466031499207	0.005568609572947025	0.016577236354351044	0.0037224709521979094	0.004860952030867338	0.0023614857345819473
34	anger	../final/models/models_2nd_run/model1_0	../final/models/models_2nd_run/model1_0	anger	0.9032585024833679	0.0018381003756076097	0.004913338925689459	0.002609258983284235	0.05582797899842262	0.0020589546766132116	0.017578426748514175	0.0029902253299951553	0.003783262800425291	0.9032585024833679	0.00193838682025671	0.0010433587012812495	0.0021602180786430836
35	neutral	../final/models/models_2nd_run/model1_0	../final/models/models_2nd_run/model1_0	confusion	0.8583747744560242	0.002157188719138503	0.0031706809531897306	0.0028249891474843025	0.1104780063033104	0.002159880241379142	0.0022279927507042885	0.0010530014988034964	0.8583747744560242	0.0028209940064698458	0.0014311864506453276	0.011634131893515587	0.0016671164194121957
36	neutral	../final/models/models_2nd_run/model1_0	../final/models/models_2nd_run/model1_0	neutral	0.8151894211769104	0.016516372561454773	0.08701890707015991	0.004702551290392876	0.8151894211769104	0.014826402999460697	0.012369431555271149	0.00430325185880065	0.0038082345854490995	0.030042193830013275	0.005953460466116667	0.0020209166686981916	0.0032488349825143814
37	neutral	../final/models/models_2nd_run/model1_0	../final/models/models_2nd_run/model1_0	neutral	0.3813193440437317	0.004723633639514446	0.0423186831176281	0.012041728012263775	0.3813193440437317	0.0024520547594875097	0.054405830800533295	0.004227721597999334	0.16732889413833618	0.3185180723667145	0.0032970192842185497	0.007519117556512356	0.001847913139499724
38	neutral	../final/models/models_2nd_run/model1_0	../final/models/models_2nd_run/model1_0	confusion	0.6997323632240295	0.0037973530124872923	0.008935024961829185	0.004020945634692907	0.20226328074932098	0.0023197615519165993	0.001800359576009214	0.009450164623558521	0.6997323632240295	0.006338523235172033	0.016276050359010696	0.023858333006501198	0.02120787277817726
39	disgust	../final/models/models_2nd_run/model1_0	../final/models/models_2nd_run/model1_0	disgust	0.892147958278656	0.0029986612498760223	0.007124343421310186	0.031139153987169266	0.027594048529863358	0.008456075564026833	0.892147958278656	0.0014150859788060188	0.006130489986389875	0.01234536711126566	0.002572440542280674	0.006190427578985691	0.0018860212294384837
40	fear	../final/models/models_2nd_run/model1_0	../final/models/models_2nd_run/model1_0	fear	0.895939290523529	0.06624315679073334	0.006123962812125683	0.0021014439407736063	0.004543052986264229	0.895939290523529	0.0058152987621724606	0.0013407371006906033	0.00472143804654479	0.003305756254121661	0.004398378077894449	0.002275916514918208	0.0031914932187646627
41	sadness	../final/models/models_2nd_run/model1_0	../final/models/models_2nd_run/model1_0	sadness	0.9745211005210876	0.003124803304672241	0.9745211005210876	0.0025273363571614027	0.004676197189837694	0.0015413477085530758	0.001051558880135417	0.0009064438636414707	0.0012988995295017958	0.001021879492327571	0.006669448222965002	0.001626189099624753	0.0010347102070227265
42	anger	../final/models/models_2nd_run/model1_0	../final/models/models_2nd_run/model1_0	confusion	0.7573490738868713	0.0038098818622529507	0.015292705036699772	0.005486525595188141	0.0844709500670433	0.002880189334973693	0.036030154675245285	0.0019846304785460234	0.7573490738868713	0.08461274951696396	0.002224359195679426	0.004752396140247583	0.0011064392747357488
43	anger	../final/models/models_2nd_run/model1_0	../final/models/models_2nd_run/model1_0	neutral	0.5011860728263855	0.00932630617171526	0.015993598848581314	0.06100669130682945	0.5011860728263855	0.0057750181294977665	0.088123619556427	0.04085893556475639	0.008088305592536926	0.07134374231100082	0.15468677878379822	0.008795720525085926	0.03481527790427208
44	fear	../final/models/models_2nd_run/model1_0	../final/models/models_2nd_run/model1_0	fear	0.8015785813331604	0.11375685781240463	0.010598954744637012	0.0026988594327121973	0.020438935607671738	0.8015785813331604	0.0115758515894413	0.002170829102396965	0.006372877396643162	0.015963565558195114	0.006731039844453335	0.002927504712715745	0.005186036694794893
45	neutral	../final/models/models_2nd_run/model1_0	../final/models/models_2nd_run/model1_0	pride	0.5575136542320251	0.0865556001663208	0.0380362868309021	0.061137210577726364	0.08444372564554214	0.016626223921775818	0.003940055146813393	0.5575136542320251	0.006423449143767357	0.00731464521959424	0.0843389630317688	0.005377131514251232	0.048293065279722214
46	anger	../final/models/models_2nd_run/model1_0	../final/models/models_2nd_run/model1_0	anger	0.9582549333572388	0.001228625769726932	0.0022279536351561546	0.0019456951413303614	0.007059203926473856	0.0017194828251376748	0.017671974375844002	0.0018020825227722526	0.0018164259381592274	0.9582549333572388	0.001837124233134091	0.0020499536767601967	0.0023865746334195137
47	surprise	../final/models/models_2nd_run/model1_0	../final/models/models_2nd_run/model1_0	confusion	0.8159140944480896	0.07817958295345306	0.009073693305253983	0.012226500548422337	0.02348213456571102	0.029474852606654167	0.005533643066883087	0.0025501747149974108	0.8159140944480896	0.0037639338988810778	0.002805237891152501	0.013225137256085873	0.003770986804738641
48	anger	../final/models/models_2nd_run/model1_0	../final/models/models_2nd_run/model1_0	anger	0.9564875960350037	0.001334151136688888	0.002767619676887989	0.0020918352529406548	0.006528714671730995	0.0017824426759034395	0.020653925836086273	0.0018229067791253328	0.0015673324232921004	0.9564875960350037	0.0016041946364566684	0.0015439707785844803	0.0018154847202822566
49	surprise	../final/models/models_2nd_run/model1_0	../final/models/models_2nd_run/model1_0	surprise	0.7336341738700867	0.001983240945264697	0.006703339982777834	0.003710147924721241	0.051952626556158066	0.0032414570450782776	0.004857152234762907	0.00399971567094326	0.005318851675838232	0.012426408939063549	0.018493125215172768	0.7336341738700867	0.15367983281612396
50	neutral	../final/models/models_2nd_run/model1_0	../final/models/models_2nd_run/model1_0	neutral	0.8907485604286194	0.0025295016821473837	0.004928694572299719	0.0024964262265712023	0.8907485604286194	0.002453855937346816	0.002587338211014867	0.019426928833127022	0.0036385920830070972	0.0044157905504107475	0.03064618445932865	0.0040222592651844025	0.03210590034723282
51	surprise	../final/models/models_2nd_run/model1_0	../final/models/models_2nd_run/model1_0	fear	0.6431186199188232	0.20987284183502197	0.05253403261303902	0.02588876709342003	0.016249924898147583	0.6431186199188232	0.02466043457388878	0.003838998032733798	0.00532990088686347	0.004493216052651405	0.005089674610644579	0.005296253599226475	0.003627388970926404
52	surprise	../final/models/models_2nd_run/model1_0	../final/models/models_2nd_run/model1_0	surprise	0.5468679666519165	0.0013625286519527435	0.004091809969395399	0.0059907399117946625	0.12706004083156586	0.003277224488556385	0.008969662711024284	0.004095046315342188	0.00871522817760706	0.007508046925067902	0.03282496705651283	0.5468679666519165	0.2492368221282959
53	confusion	../final/models/models_2nd_run/model1_0	../final/models/models_2nd_run/model1_0	confusion	0.9031423330307007	0.0010671498021110892	0.0016075033927336335	0.0014011863386258483	0.073750339448452	0.0011842009844258428	0.0017310627736151218	0.0008665150380693376	0.9031423330307007	0.003096363740041852	0.0012159481411799788	0.009575841017067432	0.0013616459909826517
54	anger	../final/models/models_2nd_run/model1_0	../final/models/models_2nd_run/model1_0	disgust	0.8279554843902588	0.002913716249167919	0.0064132665283977985	0.02322336658835411	0.008554778061807156	0.00438836682587862	0.8279554843902588	0.0018243780359625816	0.0032176198437809944	0.1165214255452156	0.0014662049943581223	0.001955585088580847	0.0015658376505598426
55	joy	../final/models/models_2nd_run/model1_0	../final/models/models_2nd_run/model1_0	joy	0.9498119354248047	0.0008327044197358191	0.0013407606165856123	0.0006417457479983568	0.0064673712477087975	0.0014823010424152017	0.0013333065435290337	0.002017610240727663	0.0019419401651248336	0.0015155936125665903	0.9498119354248047	0.0013863135827705264	0.031228385865688324
56	disgust	../final/models/models_2nd_run/model1_0	../final/models/models_2nd_run/model1_0	anger	0.6872556209564209	0.0018485969631001353	0.00511790718883276	0.009317402727901936	0.0421200729906559	0.005398900248110294	0.15554179251194	0.0022034277208149433	0.006761055439710617	0.6872556209564209	0.004707996733486652	0.06447143852710724	0.015255829319357872
57	excitement	../final/models/models_2nd_run/model1_0	../final/models/models_2nd_run/model1_0	excitement	0.965501606464386	0.002082180231809616	0.0008614263497292995	0.0011199788423255086	0.006416368298232555	0.0017758178291842341	0.0012047355994582176	0.002678642049431801	0.001496985205449164	0.0016523776575922966	0.009387779980897903	0.005822090897709131	0.965501606464386
58	joy	../final/models/models_2nd_run/model1_0	../final/models/models_2nd_run/model1_0	joy	0.7834689021110535	0.0020187783520668745	0.00947137176990509	0.0016061800997704268	0.06777459383010864	0.0019492397550493479	0.001787837827578187	0.01122323703020811	0.00173165462911129	0.0035272531677037477	0.7834689021110535	0.002784108277410269	0.11265683174133301
59	joy	../final/models/models_2nd_run/model1_0	../final/models/models_2nd_run/model1_0	joy	0.9706180691719055	0.001087958225980401	0.0021961636375635862	0.0008027087314985693	0.0038967435248196125	0.001471394905820489	0.0013519396306946874	0.0021969210356473923	0.0018397129606455564	0.0013609870802611113	0.9706180691719055	0.0012426343746483326	0.011934751644730568
60	confusion	../final/models/models_2nd_run/model1_0	../final/models/models_2nd_run/model1_0	confusion	0.6345425248146057	0.005082871299237013	0.01066890824586153	0.009508608840405941	0.25050976872444153	0.0023080066312104464	0.002911468967795372	0.024003436788916588	0.6345425248146057	0.008329992182552814	0.01867092028260231	0.018703926354646683	0.014759456738829613
61	confusion	../final/models/models_2nd_run/model1_0	../final/models/models_2nd_run/model1_0	confusion	0.8334987163543701	0.0054427520371973515	0.013603792525827885	0.0038676983676850796	0.11030655354261398	0.0021369359456002712	0.0017871345626190305	0.0021957114804536104	0.8334987163543701	0.0027010622434318066	0.0036343384999781847	0.01790635474026203	0.0029189574997872114
62	joy	../final/models/models_2nd_run/model1_0	../final/models/models_2nd_run/model1_0	excitement	0.49451255798339844	0.0018399411346763372	0.0036980225704610348	0.0035138700623065233	0.019738979637622833	0.002465110970661044	0.0022912470158189535	0.006886693183332682	0.008060907013714314	0.003337223082780838	0.21380126476287842	0.2398541420698166	0.49451255798339844
63	surprise	../final/models/models_2nd_run/model1_0	../final/models/models_2nd_run/model1_0	surprise	0.8340998291969299	0.0010366772767156363	0.0025785984471440315	0.002575778169557452	0.02118903025984764	0.002851672936230898	0.003586898325011134	0.0013348185457289219	0.00700262188911438	0.004681298974901438	0.008237256668508053	0.8340998291969299	0.11082544922828674
64	neutral	../final/models/models_2nd_run/model1_0	../final/models/models_2nd_run/model1_0	anger	0.6256902813911438	0.002418333198875189	0.006744022481143475	0.00835232064127922	0.016293048858642578	0.0030399805400520563	0.3265323340892792	0.002014231402426958	0.0029434452299028635	0.6256902813911438	0.0018592874985188246	0.002563623944297433	0.0015490930527448654
65	confusion	../final/models/models_2nd_run/model1_0	../final/models/models_2nd_run/model1_0	confusion	0.8529598116874695	0.0011909963795915246	0.002160023432224989	0.0012565988581627607	0.11407752335071564	0.000927162473089993	0.0017288033850491047	0.0012039373395964503	0.8529598116874695	0.004352028016000986	0.003311584237962961	0.01348653994500637	0.0033450345508754253
66	excitement	../final/models/models_2nd_run/model1_0	../final/models/models_2nd_run/model1_0	excitement	0.8293237090110779	0.003917998634278774	0.002105246065184474	0.0025992090813815594	0.017293203622102737	0.0016332905506715178	0.0007138931541703641	0.04604841023683548	0.0031308152247220278	0.0016418658196926117	0.0838678851723671	0.007724556140601635	0.8293237090110779
67	surprise	../final/models/models_2nd_run/model1_0	../final/models/models_2nd_run/model1_0	surprise	0.5003060698509216	0.001363153220154345	0.002213933039456606	0.0024358059745281935	0.025487259030342102	0.0029453616589307785	0.0026856507174670696	0.003590303473174572	0.005564537364989519	0.004185765981674194	0.02476578578352928	0.5003060698509216	0.4244563579559326
68	sadness	../final/models/models_2nd_run/model1_0	../final/models/models_2nd_run/model1_0	sadness	0.33977463841438293	0.12210914492607117	0.33977463841438293	0.015146615915000439	0.0235984455794096	0.33467182517051697	0.025518961250782013	0.003252454334869981	0.007068857550621033	0.049252692610025406	0.016358930617570877	0.01388620026409626	0.04936126619577408
69	anger	../final/models/models_2nd_run/model1_0	../final/models/models_2nd_run/model1_0	anger	0.9237297773361206	0.0011324407532811165	0.0021248154807835817	0.0020012257155030966	0.020085472613573074	0.002798370784148574	0.015458803623914719	0.0016716003883630037	0.009549322538077831	0.9237297773361206	0.0019240607507526875	0.014790172688663006	0.004733938258141279
70	sadness	../final/models/models_2nd_run/model1_0	../final/models/models_2nd_run/model1_0	sadness	0.6455749273300171	0.024070173501968384	0.6455749273300171	0.02600371465086937	0.13526371121406555	0.0045740604400634766	0.009194627404212952	0.01598977856338024	0.009345064871013165	0.11404389142990112	0.009509230963885784	0.0033983024768531322	0.003032577922567725
71	sadness	../final/models/models_2nd_run/model1_0	../final/models/models_2nd_run/model1_0	sadness	0.9565691351890564	0.006232366897165775	0.9565691351890564	0.004944725427776575	0.013809393160045147	0.00428621144965291	0.0027187508530914783	0.0011457971995696425	0.0009582427446730435	0.0030831231269985437	0.0034681002143770456	0.0017256134888157248	0.0010586307616904378
72	disgust	../final/models/models_2nd_run/model1_0	../final/models/models_2nd_run/model1_0	disgust	0.8910541534423828	0.0018529248191043735	0.0078483447432518	0.006475443486124277	0.02005251869559288	0.005018312484025955	0.8910541534423828	0.0007663090946152806	0.0030789508018642664	0.05800249055027962	0.0010469919070601463	0.003736249404028058	0.0010673513170331717
73	surprise	../final/models/models_2nd_run/model1_0	../final/models/models_2nd_run/model1_0	surprise	0.8687440752983093	0.002211471553891897	0.006743989884853363	0.029424617066979408	0.01954282447695732	0.0035526081919670105	0.01837986893951893	0.0018900869181379676	0.027563612908124924	0.004759626463055611	0.0029200392309576273	0.8687440752983093	0.01426729466766119
74	neutral	../final/models/models_2nd_run/model1_0	../final/models/models_2nd_run/model1_0	excitement	0.7702499032020569	0.0012754000490531325	0.0027527064085006714	0.001869644969701767	0.05943625047802925	0.0032136410009115934	0.003746157279238105	0.002886655507609248	0.004090288653969765	0.0051377867348492146	0.060266606509685516	0.08507505059242249	0.7702499032020569
75	surprise	../final/models/models_2nd_run/model1_0	../final/models/models_2nd_run/model1_0	surprise	0.8899247050285339	0.0008579014684073627	0.0014736101729795337	0.0019194560591131449	0.011182189919054508	0.0018196144374087453	0.00205928273499012	0.0012610683916136622	0.00741551024839282	0.002982723293825984	0.0060579790733754635	0.8899247050285339	0.07304596900939941
76	neutral	../final/models/models_2nd_run/model1_0	../final/models/models_2nd_run/model1_0	neutral	0.9227230548858643	0.003966625314205885	0.00691250991076231	0.0018884292803704739	0.9227230548858643	0.008802215568721294	0.005012259818613529	0.0022213351912796497	0.008276194334030151	0.026553558185696602	0.0037617054767906666	0.004033631645143032	0.005848588887602091
77	joy	../final/models/models_2nd_run/model1_0	../final/models/models_2nd_run/model1_0	joy	0.5268754363059998	0.0013914237497374415	0.0020127883180975914	0.0012080669403076172	0.025588933378458023	0.0019192913314327598	0.0012250530999153852	0.006242080125957727	0.002389379311352968	0.0014450830640271306	0.5268754363059998	0.005830272566527128	0.4238722026348114
78	joy	../final/models/models_2nd_run/model1_0	../final/models/models_2nd_run/model1_0	neutral	0.3761770725250244	0.002667878521606326	0.005506710149347782	0.004696798510849476	0.3761770725250244	0.002436771523207426	0.005071376450359821	0.037354476749897	0.01056901179254055	0.005696081090718508	0.15096306800842285	0.049450695514678955	0.3494100868701935
79	neutral	../final/models/models_2nd_run/model1_0	../final/models/models_2nd_run/model1_0	neutral	0.8761665225028992	0.0026079840026795864	0.02972523309290409	0.002822515554726124	0.8761665225028992	0.003706427523866296	0.017667442560195923	0.0020028608851134777	0.02969379723072052	0.027281999588012695	0.0031912438571453094	0.003396214684471488	0.001737823011353612
80	neutral	../final/models/models_2nd_run/model1_0	../final/models/models_2nd_run/model1_0	surprise	0.7982963919639587	0.0021951491944491863	0.006004982627928257	0.01139617245644331	0.10006599128246307	0.0024279530625790358	0.007334133610129356	0.002602203981950879	0.0466616153717041	0.005322568584233522	0.0032069131266325712	0.7982963919639587	0.014485878869891167
81	anger	../final/models/models_2nd_run/model1_0	../final/models/models_2nd_run/model1_0	anger	0.8856976628303528	0.00231514242477715	0.009012002497911453	0.004695519804954529	0.008289084769785404	0.001954504754394293	0.07522467523813248	0.002711682813242078	0.003439533058553934	0.8856976628303528	0.0029812785796821117	0.0018363131675869226	0.0018426846945658326
82	pride	../final/models/models_2nd_run/model1_0	../final/models/models_2nd_run/model1_0	pride	0.9427168369293213	0.009410355240106583	0.0022074859589338303	0.012841233052313328	0.004045367240905762	0.0017743731150403619	0.0012634391896426678	0.9427168369293213	0.0033621611073613167	0.003242901060730219	0.00772005645558238	0.0017161555588245392	0.009699655696749687
83	fear	../final/models/models_2nd_run/model1_0	../final/models/models_2nd_run/model1_0	fear	0.9257358908653259	0.029321957379579544	0.0054128533229231834	0.0021582443732768297	0.004375078249722719	0.9257358908653259	0.014948354102671146	0.0008207407663576305	0.00463086785748601	0.004537980537861586	0.0030975746922194958	0.0025865277275443077	0.002373951254412532
84	sadness	../final/models/models_2nd_run/model1_0	../final/models/models_2nd_run/model1_0	sadness	0.8982978463172913	0.013150889426469803	0.8982978463172913	0.010383667424321175	0.004725548904389143	0.027336549013853073	0.0044956631027162075	0.0008322332287207246	0.005712657235562801	0.0025875428691506386	0.00377085548825562	0.02547888644039631	0.0032276343554258347
85	confusion	../final/models/models_2nd_run/model1_0	../final/models/models_2nd_run/model1_0	confusion	0.9655119776725769	0.0013441797345876694	0.001674750237725675	0.0012803751742467284	0.01963573880493641	0.0010366635397076607	0.0010148151777684689	0.000730772502720356	0.9655119776725769	0.001346853794530034	0.001227242755703628	0.004131616093218327	0.001065113814547658
86	surprise	../final/models/models_2nd_run/model1_0	../final/models/models_2nd_run/model1_0	excitement	0.4485783278942108	0.026251966133713722	0.017819013446569443	0.05563266947865486	0.14909838140010834	0.006989498622715473	0.003925461787730455	0.11016934365034103	0.016594376415014267	0.003298316616564989	0.0399882048368454	0.12165437638759613	0.4485783278942108
87	sadness	../final/models/models_2nd_run/model1_0	../final/models/models_2nd_run/model1_0	sadness	0.9786790013313293	0.0024991906248033047	0.9786790013313293	0.0021004551090300083	0.004981478210538626	0.0013828737428411841	0.0015920536825433373	0.0006578285829164088	0.0011471010511741042	0.0017318247118964791	0.003226851113140583	0.0012336174258962274	0.0007678134716115892
88	anger	../final/models/models_2nd_run/model1_0	../final/models/models_2nd_run/model1_0	neutral	0.8227759003639221	0.0075873942114412785	0.03156856819987297	0.013692502863705158	0.8227759003639221	0.005033360328525305	0.011881660670042038	0.014333165250718594	0.004628980532288551	0.07692652940750122	0.005579959135502577	0.0028731031343340874	0.0031187892891466618
89	neutral	../final/models/models_2nd_run/model1_0	../final/models/models_2nd_run/model1_0	excitement	0.878240704536438	0.000993278226815164	0.0011139984708279371	0.0012113405391573906	0.02248293161392212	0.0012252441374585032	0.0013578387442976236	0.004313379991799593	0.0023818917106837034	0.0026362386997789145	0.06121232360601425	0.022830933332443237	0.878240704536438
90	nervousness	../final/models/models_2nd_run/model1_0	../final/models/models_2nd_run/model1_0	fear	0.9149720072746277	0.024504300206899643	0.012169969268143177	0.0025555321481078863	0.005445337388664484	0.9149720072746277	0.020105086266994476	0.0007629823521710932	0.005170473363250494	0.005283754784613848	0.0033059390261769295	0.003562062978744507	0.0021625927183777094
91	excitement	../final/models/models_2nd_run/model1_0	../final/models/models_2nd_run/model1_0	excitement	0.565575897693634	0.0016815206035971642	0.002425822662189603	0.003612880129367113	0.04621351882815361	0.0027435063384473324	0.0042184460908174515	0.0054881032556295395	0.00878971628844738	0.004257691092789173	0.04514617845416069	0.3098466396331787	0.565575897693634
92	joy	../final/models/models_2nd_run/model1_0	../final/models/models_2nd_run/model1_0	excitement	0.8868197202682495	0.001013298868201673	0.0008934710058383644	0.001152598182670772	0.015639251098036766	0.0015771151520311832	0.0012390641495585442	0.004907145630568266	0.0024888571351766586	0.0018917504930868745	0.05464955046772957	0.02772819623351097	0.8868197202682495
93	confusion	../final/models/models_2nd_run/model1_0	../final/models/models_2nd_run/model1_0	surprise	0.4380408525466919	0.01095181331038475	0.020069565623998642	0.2590547800064087	0.05553026124835014	0.004629806149750948	0.08172260969877243	0.00998435728251934	0.05105094239115715	0.014186986722052097	0.018358588218688965	0.4380408525466919	0.03641951084136963
94	disgust	../final/models/models_2nd_run/model1_0	../final/models/models_2nd_run/model1_0	neutral	0.49579164385795593	0.0027893995866179466	0.012480905279517174	0.008508226834237576	0.49579164385795593	0.006358711514621973	0.12961512804031372	0.0045538065023720264	0.004339429549872875	0.29104408621788025	0.01825638860464096	0.009651092812418938	0.016611183062195778
95	excitement	../final/models/models_2nd_run/model1_0	../final/models/models_2nd_run/model1_0	excitement	0.9628612399101257	0.00141483498737216	0.0007233399664983153	0.0010626382427290082	0.007739746943116188	0.0014564496232196689	0.0012525679776445031	0.002491815248504281	0.001572116045281291	0.001892893691547215	0.012436610646545887	0.005095830652862787	0.9628612399101257
96	anger	../final/models/models_2nd_run/model1_0	../final/models/models_2nd_run/model1_0	anger	0.8510538935661316	0.0021239756606519222	0.008679607883095741	0.00569604616612196	0.010047227144241333	0.002240559086203575	0.11176595091819763	0.0019270374905318022	0.002110155764967203	0.8510538935661316	0.0012710432056337595	0.0019208139274269342	0.0011636256240308285
97	fear	../final/models/models_2nd_run/model1_0	../final/models/models_2nd_run/model1_0	fear	0.7063686847686768	0.0323147214949131	0.035475846379995346	0.019202562049031258	0.012996034696698189	0.7063686847686768	0.14513695240020752	0.0012184741208329797	0.024178529158234596	0.008515828289091587	0.0036553298123180866	0.007990841753780842	0.0029462396632879972
98	neutral	../final/models/models_2nd_run/model1_0	../final/models/models_2nd_run/model1_0	neutral	0.8567796945571899	0.010878208093345165	0.07033423334360123	0.009534748271107674	0.8567796945571899	0.006284849252551794	0.007830808870494366	0.008864320814609528	0.005926778540015221	0.011865037493407726	0.0034690892789512873	0.004455237649381161	0.0037769486662000418
99	neutral	../final/models/models_2nd_run/model1_0	../final/models/models_2nd_run/model1_0	neutral	0.8894946575164795	0.0021060684230178595	0.005321350414305925	0.0034000936429947615	0.8894946575164795	0.0020421925000846386	0.0073226336389780045	0.004128134343773127	0.04797550290822983	0.006382432766258717	0.004288948606699705	0.02086675353348255	0.006671267561614513
100	disgust	../final/models/models_2nd_run/model1_0	../final/models/models_2nd_run/model1_0	fear	0.9068853855133057	0.03353676572442055	0.00797267910093069	0.0016633771592751145	0.012700225226581097	0.9068853855133057	0.012156572192907333	0.0011764480732381344	0.006635990459471941	0.007250803988426924	0.00455824239179492	0.002473491011187434	0.0029900814406573772
101	excitement	../final/models/models_2nd_run/model1_0	../final/models/models_2nd_run/model1_0	excitement	0.9620651602745056	0.002333183540031314	0.0007800186285749078	0.0011403380194678903	0.007625153753906488	0.0014901013346388936	0.0011028985027223825	0.003942504059523344	0.0018394734943285584	0.0013849829556420445	0.012782237492501736	0.0035139473620802164	0.9620651602745056
102	joy	../final/models/models_2nd_run/model1_0	../final/models/models_2nd_run/model1_0	excitement	0.693963348865509	0.0011332526337355375	0.0021197949536144733	0.0009959065355360508	0.015540738590061665	0.0017991915810853243	0.0013661959674209356	0.003106736810877919	0.0018554596463218331	0.0019107641419395804	0.26909881830215454	0.007109710015356541	0.693963348865509
103	neutral	../final/models/models_2nd_run/model1_0	../final/models/models_2nd_run/model1_0	neutral	0.9247782826423645	0.005908087827265263	0.004285645205527544	0.002751267049461603	0.9247782826423645	0.004399739671498537	0.003257236210629344	0.017148982733488083	0.009095652028918266	0.006128266453742981	0.00747666135430336	0.0025765555910766125	0.012193680740892887
104	neutral	../final/models/models_2nd_run/model1_0	../final/models/models_2nd_run/model1_0	confusion	0.914905309677124	0.001295194262638688	0.001646049553528428	0.0013633157359436154	0.06197957694530487	0.0009455748950131238	0.0011334136361256242	0.0011532908538356423	0.914905309677124	0.0019417336443439126	0.0016566625563427806	0.010340030305087566	0.001639821333810687
105	sadness	../final/models/models_2nd_run/model1_0	../final/models/models_2nd_run/model1_0	sadness	0.8307725191116333	0.019272318109869957	0.8307725191116333	0.021574903279542923	0.024808179587125778	0.005227937828749418	0.014284354634582996	0.004920454230159521	0.002138956682756543	0.0675540342926979	0.005800004117190838	0.0020194475073367357	0.0016269562765955925
106	disgust	../final/models/models_2nd_run/model1_0	../final/models/models_2nd_run/model1_0	neutral	0.6014085412025452	0.006998035591095686	0.02914527803659439	0.00826936587691307	0.6014085412025452	0.01990910992026329	0.13600590825080872	0.004376173485070467	0.005600650329142809	0.15862993896007538	0.0053064231760799885	0.01810334250330925	0.006247249431908131
107	disgust	../final/models/models_2nd_run/model1_0	../final/models/models_2nd_run/model1_0	disgust	0.9216742515563965	0.003231188515201211	0.005193495657294989	0.007666146382689476	0.005460113752633333	0.0323694683611393	0.9216742515563965	0.0006400581914931536	0.0037612768355757	0.013415083289146423	0.0014389104908332229	0.003726148745045066	0.0014237608993425965
108	anger	../final/models/models_2nd_run/model1_0	../final/models/models_2nd_run/model1_0	anger	0.8311030864715576	0.006095285061746836	0.01735684834420681	0.004707627929747105	0.07124661654233932	0.00976917427033186	0.04259132966399193	0.005039726849645376	0.004110797308385372	0.8311030864715576	0.003308386541903019	0.0024863150902092457	0.002184830838814378
109	surprise	../final/models/models_2nd_run/model1_0	../final/models/models_2nd_run/model1_0	anger	0.21563109755516052	0.10500650852918625	0.08188603073358536	0.05643212050199509	0.20934022963047028	0.09338239580392838	0.13643023371696472	0.007073614746332169	0.08147704601287842	0.21563109755516052	0.0020586799364537	0.00884748063981533	0.0024346879217773676
110	embarrassment	../final/models/models_2nd_run/model1_0	../final/models/models_2nd_run/model1_0	disgust	0.7977217435836792	0.004967492539435625	0.010336791165173054	0.10694297403097153	0.027159107849001884	0.008281752467155457	0.7977217435836792	0.0028458659071475267	0.006358532700687647	0.01729082129895687	0.004311389289796352	0.010181833989918232	0.0036017494276165962
111	disgust	../final/models/models_2nd_run/model1_0	../final/models/models_2nd_run/model1_0	fear	0.7764255404472351	0.018232613801956177	0.016013944521546364	0.010983359068632126	0.007332948502153158	0.7764255404472351	0.1188514456152916	0.000714779831469059	0.01255190372467041	0.006166046019643545	0.0034826339688152075	0.02479187399148941	0.004452893044799566
112	neutral	../final/models/models_2nd_run/model1_0	../final/models/models_2nd_run/model1_0	neutral	0.8532153964042664	0.00497044250369072	0.02751903422176838	0.005543007515370846	0.8532153964042664	0.005285657476633787	0.013174815103411674	0.0025006686337292194	0.04260268434882164	0.030477704480290413	0.003083490766584873	0.009374954737722874	0.002252200385555625
113	pride	../final/models/models_2nd_run/model1_0	../final/models/models_2nd_run/model1_0	pride	0.9033369421958923	0.010397867299616337	0.0031341162975877523	0.04977951943874359	0.004602911416441202	0.0022372121457010508	0.0025867039803415537	0.9033369421958923	0.0037838725838810205	0.00697261793538928	0.005342187825590372	0.001885390025563538	0.005940738599747419
114	joy	../final/models/models_2nd_run/model1_0	../final/models/models_2nd_run/model1_0	joy	0.7449217438697815	0.01022233348339796	0.03536708280444145	0.03462962433695793	0.0392632856965065	0.002697839168831706	0.007965455763041973	0.053611915558576584	0.006468919571489096	0.005569159053266048	0.7449217438697815	0.007974938489496708	0.05130777508020401
115	confusion	../final/models/models_2nd_run/model1_0	../final/models/models_2nd_run/model1_0	confusion	0.9150173664093018	0.0008751450222916901	0.0017066322034224868	0.0010600086534395814	0.06248597800731659	0.0008945963927544653	0.0013360220473259687	0.0008497174712829292	0.9150173664093018	0.003490352537482977	0.0012508264044299722	0.009632633067667484	0.001400780281983316
116	joy	../final/models/models_2nd_run/model1_0	../final/models/models_2nd_run/model1_0	surprise	0.8636083602905273	0.0008878526277840137	0.002403820399194956	0.002638187725096941	0.018247505649924278	0.002230472629889846	0.0026081183459609747	0.0014776072930544615	0.005722423084080219	0.003615835914388299	0.007694573141634464	0.8636083602905273	0.08886514604091644
117	confusion	../final/models/models_2nd_run/model1_0	../final/models/models_2nd_run/model1_0	confusion	0.9711683988571167	0.0010092462180182338	0.0012667026603594422	0.0010520524810999632	0.0131332166492939	0.0009423291776329279	0.0008289365796372294	0.0007960469811223447	0.9711683988571167	0.0014484600396826863	0.0011771629797294736	0.00597016466781497	0.0012071951059624553
118	sadness	../final/models/models_2nd_run/model1_0	../final/models/models_2nd_run/model1_0	sadness	0.9488794803619385	0.004990296438336372	0.9488794803619385	0.012139078229665756	0.013732041232287884	0.0014951283810660243	0.002646868349984288	0.001591055071912706	0.0070399087853729725	0.0030587902292609215	0.0021085143089294434	0.0015127920778468251	0.0008060456602834165
119	surprise	../final/models/models_2nd_run/model1_0	../final/models/models_2nd_run/model1_0	excitement	0.37001097202301025	0.006979231256991625	0.05259640887379646	0.012323475442826748	0.06199561432003975	0.01035129651427269	0.00286187045276165	0.013135440647602081	0.009105628356337547	0.0050733815878629684	0.1641538292169571	0.2914128303527832	0.37001097202301025
120	neutral	../final/models/models_2nd_run/model1_0	../final/models/models_2nd_run/model1_0	neutral	0.9440267086029053	0.0013671513879671693	0.0030223801732063293	0.001103307818993926	0.9440267086029053	0.002295531565323472	0.00305861490778625	0.002853559562936425	0.006031501572579145	0.006249641999602318	0.00937714148312807	0.005040280055254698	0.015574202872812748
121	anger	../final/models/models_2nd_run/model1_0	../final/models/models_2nd_run/model1_0	anger	0.43584975600242615	0.01874435879290104	0.07810509204864502	0.00567189184948802	0.2950238287448883	0.07501319795846939	0.05464080721139908	0.006525247357785702	0.006724677514284849	0.43584975600242615	0.007981047965586185	0.0073425984010100365	0.008377477526664734
122	surprise	../final/models/models_2nd_run/model1_0	../final/models/models_2nd_run/model1_0	anger	0.8629500865936279	0.0016993514727801085	0.003116076346486807	0.004569992423057556	0.01228294800966978	0.002544943941757083	0.028743309900164604	0.001649672631174326	0.050072722136974335	0.8629500865936279	0.0018012500368058681	0.02688417211174965	0.0036854520440101624
123	anger	../final/models/models_2nd_run/model1_0	../final/models/models_2nd_run/model1_0	anger	0.9302200078964233	0.001445548259653151	0.0032604560256004333	0.0027320701628923416	0.007018223404884338	0.0017687977524474263	0.04433298110961914	0.001590019790455699	0.0017697846051305532	0.9302200078964233	0.0017537218518555164	0.0022187891881912947	0.0018896993715316057
124	sadness	../final/models/models_2nd_run/model1_0	../final/models/models_2nd_run/model1_0	sadness	0.9485673308372498	0.006193687207996845	0.9485673308372498	0.01569877751171589	0.007673749700188637	0.00422319583594799	0.007606898434460163	0.001184783293865621	0.0018589259125292301	0.0023703949991613626	0.0019165468402206898	0.0019722995348274708	0.0007334738620556891
125	joy	../final/models/models_2nd_run/model1_0	../final/models/models_2nd_run/model1_0	surprise	0.41782623529434204	0.006259304936975241	0.017503343522548676	0.014705798588693142	0.0555197112262249	0.009302385151386261	0.009493635967373848	0.0023470434825867414	0.41420120000839233	0.015330905094742775	0.008790797553956509	0.41782623529434204	0.028719689697027206
126	neutral	../final/models/models_2nd_run/model1_0	../final/models/models_2nd_run/model1_0	surprise	0.5274596810340881	0.0021449357736855745	0.00491418456658721	0.004874647129327059	0.15068542957305908	0.006277433130890131	0.009191019460558891	0.0050659989938139915	0.013220490887761116	0.0123916519805789	0.02260306105017662	0.5274596810340881	0.24117155373096466
127	surprise	../final/models/models_2nd_run/model1_0	../final/models/models_2nd_run/model1_0	surprise	0.9450588822364807	0.0007995628984645009	0.0016922259237617254	0.0021014127414673567	0.007365198340266943	0.0013612641487270594	0.001497040269896388	0.0009496234706602991	0.006311459932476282	0.0014827605336904526	0.0035739673767238855	0.9450588822364807	0.027806688100099564
128	disgust	../final/models/models_2nd_run/model1_0	../final/models/models_2nd_run/model1_0	disgust	0.9185134768486023	0.0034725316800177097	0.010179494507610798	0.0068437932059168816	0.011403542943298817	0.023070605471730232	0.9185134768486023	0.0006691245944239199	0.005221537314355373	0.015736378729343414	0.001211423659697175	0.0027554971165955067	0.0009226828697137535
129	anger	../final/models/models_2nd_run/model1_0	../final/models/models_2nd_run/model1_0	anger	0.8950207233428955	0.0015106101054698229	0.01573299430310726	0.003938165958970785	0.025828003883361816	0.0011779469205066562	0.04434763267636299	0.002825731411576271	0.002240488538518548	0.8950207233428955	0.003815161529928446	0.001642712508328259	0.0019198423251509666
130	sadness	../final/models/models_2nd_run/model1_0	../final/models/models_2nd_run/model1_0	sadness	0.9799394607543945	0.002998676849529147	0.9799394607543945	0.002221261151134968	0.003467604285106063	0.0019537946209311485	0.0013309987261891365	0.000551772303879261	0.0015607507666572928	0.001345173455774784	0.002500190632417798	0.001463165506720543	0.0006671219598501921
131	surprise	../final/models/models_2nd_run/model1_0	../final/models/models_2nd_run/model1_0	excitement	0.5288295149803162	0.0019019985338672996	0.0029467467684298754	0.0019431138643994927	0.05397564545273781	0.003042763564735651	0.002152948873117566	0.005355235654860735	0.004062446299940348	0.0017835479229688644	0.369657963514328	0.024347994476556778	0.5288295149803162
132	anger	../final/models/models_2nd_run/model1_0	../final/models/models_2nd_run/model1_0	anger	0.6219159960746765	0.002628881251439452	0.004609557334333658	0.005662449169903994	0.02112404815852642	0.0032985289581120014	0.020118365064263344	0.0018137394217774272	0.29436638951301575	0.6219159960746765	0.0018479280406609178	0.01963602378964424	0.002978019416332245
133	joy	../final/models/models_2nd_run/model1_0	../final/models/models_2nd_run/model1_0	joy	0.9698936939239502	0.001235782285220921	0.0021597484592348337	0.000942179118283093	0.004135039635002613	0.001234080409631133	0.0010489653795957565	0.0035558738745748997	0.0017580532003194094	0.001147015136666596	0.9698936939239502	0.0011371830478310585	0.011752432212233543
134	excitement	../final/models/models_2nd_run/model1_0	../final/models/models_2nd_run/model1_0	excitement	0.8328148126602173	0.0015416748356074095	0.0021629887633025646	0.0013568684225901961	0.05674555152654648	0.0021610278636217117	0.002455830806866288	0.004174645058810711	0.002320612547919154	0.004505599848926067	0.08139842748641968	0.008361944928765297	0.8328148126602173
135	surprise	../final/models/models_2nd_run/model1_0	../final/models/models_2nd_run/model1_0	surprise	0.8561378121376038	0.0012412668438628316	0.002150857588276267	0.0037317569367587566	0.02246895059943199	0.0018811997724696994	0.0024342769756913185	0.0014938078820705414	0.0659351572394371	0.0035874643363058567	0.004149684216827154	0.8561378121376038	0.034787748008966446
136	anger	../final/models/models_2nd_run/model1_0	../final/models/models_2nd_run/model1_0	anger	0.9211248755455017	0.0011879211524501443	0.0036540089640766382	0.0027598850429058075	0.012911979109048843	0.001700697117485106	0.0460369735956192	0.0013179911766201258	0.0016663239803165197	0.9211248755455017	0.0019192592008039355	0.0034912265837192535	0.0022288800682872534
137	neutral	../final/models/models_2nd_run/model1_0	../final/models/models_2nd_run/model1_0	neutral	0.8645004630088806	0.004353177733719349	0.005573478527367115	0.0027232517022639513	0.8645004630088806	0.004441204480826855	0.004597764927893877	0.01347162202000618	0.005943164229393005	0.009185542352497578	0.06263137608766556	0.002916233381256461	0.01966276951134205
138	excitement	../final/models/models_2nd_run/model1_0	../final/models/models_2nd_run/model1_0	excitement	0.8909131288528442	0.0012545865029096603	0.0013414558488875628	0.001129486015997827	0.03729591146111488	0.0015597367892041802	0.001729500130750239	0.004146462306380272	0.0023127447348088026	0.006077184807509184	0.042040955275297165	0.010198846459388733	0.8909131288528442
139	sadness	../final/models/models_2nd_run/model1_0	../final/models/models_2nd_run/model1_0	sadness	0.9726861715316772	0.004235409200191498	0.9726861715316772	0.0032312762923538685	0.0069323377683758736	0.002081646118313074	0.0027838917449116707	0.0008323527290485799	0.001174032804556191	0.002266923664137721	0.0021188471000641584	0.0010866725351661444	0.000570461037568748
140	sadness	../final/models/models_2nd_run/model1_0	../final/models/models_2nd_run/model1_0	sadness	0.9574975967407227	0.007824549451470375	0.9574975967407227	0.002896524965763092	0.011829334311187267	0.006736070849001408	0.0026916698552668095	0.0006845431053079665	0.0019472005078569055	0.0033119837753474712	0.0020620692521333694	0.0018178573809564114	0.0007005875231698155
141	embarrassment	../final/models/models_2nd_run/model1_0	../final/models/models_2nd_run/model1_0	fear	0.6800203323364258	0.016419291496276855	0.015661116689443588	0.006955841090530157	0.007717984262853861	0.6800203323364258	0.22615475952625275	0.0008433577604591846	0.015423689037561417	0.018948683515191078	0.0027462716680020094	0.0064213513396680355	0.002687368541955948
142	anger	../final/models/models_2nd_run/model1_0	../final/models/models_2nd_run/model1_0	anger	0.9554905891418457	0.001390129211358726	0.0022409437224268913	0.002599705010652542	0.0071899122558534145	0.0015533366240561008	0.017539970576763153	0.002447055419906974	0.0029165714513510466	0.9554905891418457	0.001882511773146689	0.0021035249810665846	0.0026458397042006254
143	excitement	../final/models/models_2nd_run/model1_0	../final/models/models_2nd_run/model1_0	excitement	0.938477098941803	0.001588918617926538	0.0009619120392017066	0.0009034263784997165	0.009899863041937351	0.0018371251644566655	0.001144550507888198	0.0024714148603379726	0.0017553650541231036	0.0012441189028322697	0.03590569272637367	0.0038105070125311613	0.938477098941803
144	neutral	../final/models/models_2nd_run/model1_0	../final/models/models_2nd_run/model1_0	neutral	0.8444795608520508	0.003178688930347562	0.005958030000329018	0.0033159549348056316	0.8444795608520508	0.0030095363035798073	0.0035404739901423454	0.02024156227707863	0.0054654148407280445	0.004810363054275513	0.049872905015945435	0.004848567768931389	0.051278915256261826
145	anger	../final/models/models_2nd_run/model1_0	../final/models/models_2nd_run/model1_0	anger	0.5466553568840027	0.003474068595096469	0.02179516851902008	0.005510277114808559	0.31686636805534363	0.003202109131962061	0.08380161970853806	0.0034641120582818985	0.007700636982917786	0.5466553568840027	0.002812015824019909	0.0030277532059699297	0.001690570148639381
146	neutral	../final/models/models_2nd_run/model1_0	../final/models/models_2nd_run/model1_0	neutral	0.9221133589744568	0.0018699178472161293	0.011279537342488766	0.001988406293094158	0.9221133589744568	0.003341417293995619	0.00458591477945447	0.0045755766332149506	0.005020656157284975	0.00599044281989336	0.008526417426764965	0.017892057076096535	0.012816311791539192
147	sadness	../final/models/models_2nd_run/model1_0	../final/models/models_2nd_run/model1_0	anger	0.6308768391609192	0.00611561443656683	0.07447438687086105	0.0057944864965975285	0.08482309430837631	0.010075249709188938	0.17432716488838196	0.0018726919079199433	0.00466344878077507	0.6308768391609192	0.0019428275991231203	0.0036293526645749807	0.0014047829899936914
148	nervousness	../final/models/models_2nd_run/model1_0	../final/models/models_2nd_run/model1_0	fear	0.41218507289886475	0.02588571235537529	0.030613787472248077	0.015857622027397156	0.013377548195421696	0.41218507289886475	0.11996389925479889	0.0012967780930921435	0.34679120779037476	0.01392359472811222	0.0033440934494137764	0.013913029804825783	0.002847556956112385
149	sadness	../final/models/models_2nd_run/model1_0	../final/models/models_2nd_run/model1_0	confusion	0.5822604298591614	0.01707744225859642	0.34147533774375916	0.010019348934292793	0.015571121126413345	0.008674324490129948	0.0034036135766655207	0.0016887524398043752	0.5822604298591614	0.002954956842586398	0.0071098594926297665	0.007718606386333704	0.002046159701421857
150	surprise	../final/models/models_2nd_run/model1_0	../final/models/models_2nd_run/model1_0	surprise	0.9430463910102844	0.0007874074508436024	0.0017263994086533785	0.0018497573910281062	0.007864468730986118	0.0014535669470205903	0.0018100079614669085	0.0008886171272024512	0.006997011601924896	0.002794058993458748	0.002893261844292283	0.9430463910102844	0.027889108285307884
151	joy	../final/models/models_2nd_run/model1_0	../final/models/models_2nd_run/model1_0	joy	0.9705508351325989	0.0010492574656382203	0.002836869563907385	0.0009005721658468246	0.0041652582585811615	0.0012425774475559592	0.001253272988833487	0.0026362761855125427	0.0017736456356942654	0.0015117248985916376	0.9705508351325989	0.0013777184067294002	0.010701859369874
152	neutral	../final/models/models_2nd_run/model1_0	../final/models/models_2nd_run/model1_0	excitement	0.8392031788825989	0.0010390685638412833	0.002114065457135439	0.0019114039605483413	0.029960865154862404	0.002022982807829976	0.0023053009063005447	0.0032406486570835114	0.0030729458667337894	0.002759454771876335	0.043610699474811554	0.0687592625617981	0.8392031788825989
153	neutral	../final/models/models_2nd_run/model1_0	../final/models/models_2nd_run/model1_0	confusion	0.763946533203125	0.0017296435544267297	0.001598107279278338	0.0011164718307554722	0.20478112995624542	0.0019661292899399996	0.0014396394835785031	0.0015277252532541752	0.763946533203125	0.003902796423062682	0.003464838955551386	0.009429962374269962	0.005096994806081057
154	disgust	../final/models/models_2nd_run/model1_0	../final/models/models_2nd_run/model1_0	disgust	0.9379513263702393	0.001565542072057724	0.0029343445785343647	0.014966134913265705	0.0077748168259859085	0.007342097815126181	0.9379513263702393	0.0009029870852828026	0.004991271998733282	0.010178499855101109	0.0019139485666528344	0.00686326390132308	0.0026158466935157776
155	sadness	../final/models/models_2nd_run/model1_0	../final/models/models_2nd_run/model1_0	sadness	0.9792993664741516	0.0037920891772955656	0.9792993664741516	0.0025421034079045057	0.0035117396619170904	0.0019948279950767756	0.0012786376755684614	0.0007067984552122653	0.0013077236944809556	0.0012872848892584443	0.002332531614229083	0.0012542946496978402	0.0006926209316588938
156	neutral	../final/models/models_2nd_run/model1_0	../final/models/models_2nd_run/model1_0	confusion	0.8885356783866882	0.00137956568505615	0.0029845330864191055	0.0014740880578756332	0.08853986859321594	0.0017570264171808958	0.001961088040843606	0.000836197636090219	0.8885356783866882	0.0039327614940702915	0.0014052526094019413	0.006229038815945387	0.0009649666026234627
157	confusion	../final/models/models_2nd_run/model1_0	../final/models/models_2nd_run/model1_0	confusion	0.9081451892852783	0.0010370174422860146	0.0014069146709516644	0.0009950853418558836	0.07039142400026321	0.001023308141157031	0.0011158124543726444	0.0010979683138430119	0.9081451892852783	0.0025659073144197464	0.001942956354469061	0.008334437385201454	0.0019439433235675097
158	confusion	../final/models/models_2nd_run/model1_0	../final/models/models_2nd_run/model1_0	confusion	0.45589280128479004	0.002916396129876375	0.011045427061617374	0.0036764934193342924	0.3357197344303131	0.0050514922477304935	0.0031782779842615128	0.004043257795274258	0.45589280128479004	0.011492659337818623	0.02143981121480465	0.0795750617980957	0.06596852093935013
159	joy	../final/models/models_2nd_run/model1_0	../final/models/models_2nd_run/model1_0	joy	0.7205222249031067	0.004484814126044512	0.026659201830625534	0.004963233135640621	0.14872531592845917	0.003401149297133088	0.01955140382051468	0.00916968286037445	0.008171598426997662	0.03866736963391304	0.7205222249031067	0.0029299180023372173	0.012754127383232117
160	anger	../final/models/models_2nd_run/model1_0	../final/models/models_2nd_run/model1_0	anger	0.8095822334289551	0.005222167354077101	0.017907146364450455	0.0033590681850910187	0.1033095195889473	0.017496991902589798	0.02713875100016594	0.0027179743628948927	0.0029228462371975183	0.8095822334289551	0.0020629987120628357	0.005198024678975344	0.0030823058914393187
161	neutral	../final/models/models_2nd_run/model1_0	../final/models/models_2nd_run/model1_0	pride	0.6715488433837891	0.024473747238516808	0.009877149946987629	0.041337620466947556	0.13741463422775269	0.004186742007732391	0.0081257876008749	0.6715488433837891	0.007151466794312	0.020843910053372383	0.031181439757347107	0.00370358326472342	0.04015520215034485
162	confusion	../final/models/models_2nd_run/model1_0	../final/models/models_2nd_run/model1_0	confusion	0.7385532855987549	0.0016613147454336286	0.002336003351956606	0.001568975974805653	0.2285977452993393	0.001338362111710012	0.002094934694468975	0.002051855903118849	0.7385532855987549	0.004212811589241028	0.002770473016425967	0.011663454584777355	0.003150834469124675
163	confusion	../final/models/models_2nd_run/model1_0	../final/models/models_2nd_run/model1_0	neutral	0.8262295126914978	0.013824914582073689	0.02382349781692028	0.0065080574713647366	0.8262295126914978	0.016011424362659454	0.0162093173712492	0.004608542192727327	0.02542686089873314	0.05293399468064308	0.0046958355233073235	0.005672434810549021	0.004055538214743137
164	joy	../final/models/models_2nd_run/model1_0	../final/models/models_2nd_run/model1_0	joy	0.9697408080101013	0.0009442808805033565	0.00223573949187994	0.0008515549125149846	0.0039360797964036465	0.0011892394395545125	0.0011050531174987555	0.0025852294638752937	0.001570443739183247	0.0010958394268527627	0.9697408080101013	0.0013576509663835168	0.013388154096901417
165	neutral	../final/models/models_2nd_run/model1_0	../final/models/models_2nd_run/model1_0	excitement	0.5048797130584717	0.0025490198750048876	0.002528080018237233	0.002167645376175642	0.3743302822113037	0.0034818449057638645	0.0032336977310478687	0.011728349141776562	0.00815603882074356	0.00407813023775816	0.061986953020095825	0.020880214869976044	0.5048797130584717
166	surprise	../final/models/models_2nd_run/model1_0	../final/models/models_2nd_run/model1_0	surprise	0.9632024765014648	0.0008255630964413285	0.002323014894500375	0.0027169000823050737	0.006571560632437468	0.0012645386159420013	0.0017662800382822752	0.0007598013035021722	0.007212826982140541	0.0017419306095689535	0.0018445044988766313	0.9632024765014648	0.00977059081196785
167	anger	../final/models/models_2nd_run/model1_0	../final/models/models_2nd_run/model1_0	confusion	0.7253808975219727	0.0014999748673290014	0.001934161875396967	0.0015953679103404284	0.23006823658943176	0.0015763640403747559	0.0019980333745479584	0.002103854203596711	0.7253808975219727	0.011499320156872272	0.0024494908284395933	0.015953846275806427	0.003940323833376169
168	joy	../final/models/models_2nd_run/model1_0	../final/models/models_2nd_run/model1_0	joy	0.7239159941673279	0.005982769187539816	0.006032416131347418	0.0032309636007994413	0.015941154211759567	0.004694507922977209	0.002423978643491864	0.009292932227253914	0.168465256690979	0.004872952587902546	0.7239159941673279	0.010998216457664967	0.04414887726306915
169	neutral	../final/models/models_2nd_run/model1_0	../final/models/models_2nd_run/model1_0	neutral	0.8875737190246582	0.003778409445658326	0.0029495724011212587	0.0037810588255524635	0.8875737190246582	0.0020552410278469324	0.002985522383823991	0.022946983575820923	0.039260055869817734	0.004482592456042767	0.012635096907615662	0.004582041408866644	0.012969710864126682
170	sadness	../final/models/models_2nd_run/model1_0	../final/models/models_2nd_run/model1_0	sadness	0.9756091833114624	0.004514074418693781	0.9756091833114624	0.0035869479179382324	0.004522675182670355	0.002429339336231351	0.0018545989878475666	0.0007560160011053085	0.001393493264913559	0.0015995108988136053	0.002009102376177907	0.0011073634959757328	0.0006177776958793402
171	anger	../final/models/models_2nd_run/model1_0	../final/models/models_2nd_run/model1_0	anger	0.6135144233703613	0.004551507532596588	0.05662306770682335	0.007604917977005243	0.055564481765031815	0.003944023512303829	0.2461833655834198	0.0030225273221731186	0.0028431490063667297	0.6135144233703613	0.0031538691837340593	0.0015584967331960797	0.0014361790381371975
172	confusion	../final/models/models_2nd_run/model1_0	../final/models/models_2nd_run/model1_0	confusion	0.890745222568512	0.0016927230171859264	0.0027113170363008976	0.0023965323343873024	0.05210680887103081	0.0012508764630183578	0.0015667742118239403	0.0011356159811839461	0.890745222568512	0.0025103685911744833	0.00155828264541924	0.03920514136552811	0.0031203022226691246
173	excitement	../final/models/models_2nd_run/model1_0	../final/models/models_2nd_run/model1_0	excitement	0.9648066759109497	0.002162268850952387	0.0009533502161502838	0.0011562533909454942	0.006573087070137262	0.00184301333501935	0.0012758518569171429	0.00266286707483232	0.0014417119091376662	0.0016939189517870545	0.009548407047986984	0.005882616620510817	0.9648066759109497
174	neutral	../final/models/models_2nd_run/model1_0	../final/models/models_2nd_run/model1_0	neutral	0.9566282033920288	0.0016521578654646873	0.0036447495222091675	0.0013651507906615734	0.9566282033920288	0.0025666868314146996	0.0037363669835031033	0.0026344454381614923	0.01151263527572155	0.004525225143879652	0.004004254937171936	0.0037012617103755474	0.004028854425996542
175	neutral	../final/models/models_2nd_run/model1_0	../final/models/models_2nd_run/model1_0	anger	0.6933883428573608	0.004711832385510206	0.03318626061081886	0.013009259477257729	0.17956854403018951	0.003598444629460573	0.05143679678440094	0.007201049476861954	0.005454053170979023	0.6933883428573608	0.0028295202646404505	0.003262995509430766	0.002352827927097678
176	nervousness	../final/models/models_2nd_run/model1_0	../final/models/models_2nd_run/model1_0	sadness	0.9710819721221924	0.007023489102721214	0.9710819721221924	0.004718336742371321	0.0043723792769014835	0.0026074829511344433	0.0013412997359409928	0.0010154778137803078	0.001958449138328433	0.0015648172702640295	0.00225604185834527	0.0013377489522099495	0.0007224898436106741
177	embarrassment	../final/models/models_2nd_run/model1_0	../final/models/models_2nd_run/model1_0	embarrassment	0.9333890676498413	0.007820021361112595	0.005652045365422964	0.9333890676498413	0.0019446775550022721	0.00233448576182127	0.010797934606671333	0.020184503868222237	0.0036188061349093914	0.007914735935628414	0.001252253190614283	0.0029556769877672195	0.0021357382647693157
178	disgust	../final/models/models_2nd_run/model1_0	../final/models/models_2nd_run/model1_0	disgust	0.8042815327644348	0.0029623692389577627	0.006279798224568367	0.008244309574365616	0.0129266157746315	0.009713003411889076	0.8042815327644348	0.0015547979855909944	0.006684405729174614	0.14310355484485626	0.0008440256351605058	0.0023738776799291372	0.0010317467385903
179	sadness	../final/models/models_2nd_run/model1_0	../final/models/models_2nd_run/model1_0	sadness	0.9789146184921265	0.002787991426885128	0.9789146184921265	0.0017903961706906557	0.004420244600623846	0.0019044078653678298	0.001539162010885775	0.0005381889641284943	0.0014247802319005132	0.0016088774427771568	0.0030170839745551348	0.0013398275477811694	0.0007143511902540922
180	anger	../final/models/models_2nd_run/model1_0	../final/models/models_2nd_run/model1_0	confusion	0.5400429964065552	0.00234398921020329	0.004728289321064949	0.005862675607204437	0.13394077122211456	0.0032122437842190266	0.016544394195079803	0.002569918753579259	0.5400429964065552	0.23931080102920532	0.0037391206715255976	0.04225211590528488	0.005452797282487154
181	sadness	../final/models/models_2nd_run/model1_0	../final/models/models_2nd_run/model1_0	sadness	0.9465664029121399	0.00877805519849062	0.9465664029121399	0.00592706399038434	0.0099053168669343	0.009175026789307594	0.006485199090093374	0.0009756925865076482	0.0023438548669219017	0.002070845803245902	0.004235993139445782	0.001965014962479472	0.0015714947367087007
182	neutral	../final/models/models_2nd_run/model1_0	../final/models/models_2nd_run/model1_0	surprise	0.7326140403747559	0.0024647782556712627	0.004159389063715935	0.007219698745757341	0.057646553963422775	0.0026189268101006746	0.004616557154804468	0.005135876126587391	0.05067501962184906	0.003770014038309455	0.03870910778641701	0.7326140403747559	0.09037008881568909
183	pride	../final/models/models_2nd_run/model1_0	../final/models/models_2nd_run/model1_0	pride	0.9309871792793274	0.00984257459640503	0.002824647119268775	0.022454004734754562	0.00686096353456378	0.0020640199072659016	0.0015528552467003465	0.9309871792793274	0.0036923931911587715	0.004455420654267073	0.005571273621171713	0.001977367326617241	0.007717185653746128
184	fear	../final/models/models_2nd_run/model1_0	../final/models/models_2nd_run/model1_0	fear	0.8422717452049255	0.020520837977528572	0.008254721760749817	0.005139908287674189	0.016004079952836037	0.8422717452049255	0.07641178369522095	0.0009547040681354702	0.00530606135725975	0.005986036732792854	0.006140923593193293	0.008514704182744026	0.004494411405175924
185	anger	../final/models/models_2nd_run/model1_0	../final/models/models_2nd_run/model1_0	disgust	0.8935489654541016	0.004968113265931606	0.027087418362498283	0.006907946430146694	0.009400304406881332	0.031154220923781395	0.8935489654541016	0.0006026059854775667	0.005002873949706554	0.015346132218837738	0.0014560698764398694	0.0034613495226949453	0.0010639604879543185
186	anger	../final/models/models_2nd_run/model1_0	../final/models/models_2nd_run/model1_0	anger	0.9227586388587952	0.0014996230602264404	0.004804732743650675	0.002919912338256836	0.012131411582231522	0.0015425387537106872	0.04614522308111191	0.0018392839701846242	0.0016021024202927947	0.9227586388587952	0.00201959116384387	0.0013302520383149385	0.0014067315496504307
187	sadness	../final/models/models_2nd_run/model1_0	../final/models/models_2nd_run/model1_0	sadness	0.9657978415489197	0.006493052002042532	0.9657978415489197	0.004232566803693771	0.00843033380806446	0.0033219577744603157	0.0017027558060362935	0.0009941259631887078	0.0010738817509263754	0.0020434558391571045	0.0032919812947511673	0.00159722741227597	0.0010207229061052203
188	neutral	../final/models/models_2nd_run/model1_0	../final/models/models_2nd_run/model1_0	neutral	0.40405356884002686	0.010416427627205849	0.03904413804411888	0.0053522768430411816	0.40405356884002686	0.014991647563874722	0.00667684618383646	0.021613450720906258	0.0046325973235070705	0.009260252118110657	0.11047979444265366	0.010221105068922043	0.3632579445838928
189	confusion	../final/models/models_2nd_run/model1_0	../final/models/models_2nd_run/model1_0	anger	0.9413338899612427	0.0013272904325276613	0.003817697986960411	0.0021873044315725565	0.011579306796193123	0.0013997539645060897	0.01268889382481575	0.0020184828899800777	0.016447369009256363	0.9413338899612427	0.0025896213483065367	0.002596767619252205	0.0020137387327849865
190	confusion	../final/models/models_2nd_run/model1_0	../final/models/models_2nd_run/model1_0	confusion	0.8307758569717407	0.004735136870294809	0.005859022960066795	0.006854822393506765	0.026243435218930244	0.00239853304810822	0.0036115848924964666	0.006180658936500549	0.8307758569717407	0.004972184542566538	0.06996007263660431	0.02110465243458748	0.017304034903645515
191	fear	../final/models/models_2nd_run/model1_0	../final/models/models_2nd_run/model1_0	fear	0.9252017140388489	0.02475419081747532	0.005324861034750938	0.001993481768295169	0.005682250950485468	0.9252017140388489	0.01820770464837551	0.0008147417102009058	0.004853098653256893	0.004634769167751074	0.0036069138441234827	0.0024990940000861883	0.0024272031150758266
192	neutral	../final/models/models_2nd_run/model1_0	../final/models/models_2nd_run/model1_0	neutral	0.9270879626274109	0.0020697263535112143	0.00610149884596467	0.0017998385010287166	0.9270879626274109	0.0028868785593658686	0.00509781576693058	0.0018317175563424826	0.033805962651968	0.007238827180117369	0.0026335662696510553	0.0063406843692064285	0.0031055801082402468
193	confusion	../final/models/models_2nd_run/model1_0	../final/models/models_2nd_run/model1_0	confusion	0.9580119848251343	0.0009445073083043098	0.0015904891770333052	0.001362176495604217	0.019062617793679237	0.0009419239358976483	0.0017923087580129504	0.0008180089644156396	0.9580119848251343	0.008739318698644638	0.0011617261916399002	0.004680615849792957	0.0008942053536884487
194	disgust	../final/models/models_2nd_run/model1_0	../final/models/models_2nd_run/model1_0	sadness	0.4195958077907562	0.007065049838274717	0.4195958077907562	0.022863566875457764	0.039538584649562836	0.003927986137568951	0.2761767506599426	0.004520446062088013	0.005187040660530329	0.20587827265262604	0.009417528286576271	0.0036515321116894484	0.0021774007473140955
195	confusion	../final/models/models_2nd_run/model1_0	../final/models/models_2nd_run/model1_0	confusion	0.9598974585533142	0.0012042858870700002	0.0014204761246219277	0.0009493205579929054	0.02522994577884674	0.0011185916373506188	0.0009450412471778691	0.0007505423272959888	0.9598974585533142	0.0014330738922581077	0.0011965413577854633	0.004731264431029558	0.0011235246201977134
196	surprise	../final/models/models_2nd_run/model1_0	../final/models/models_2nd_run/model1_0	surprise	0.9151402115821838	0.000945297593716532	0.0023285443894565105	0.003713151440024376	0.022840306162834167	0.0018635800806805491	0.0033124687615782022	0.0010074643651023507	0.013373931869864464	0.0028801094740629196	0.003925864584743977	0.9151402115821838	0.028669148683547974
197	anger	../final/models/models_2nd_run/model1_0	../final/models/models_2nd_run/model1_0	anger	0.9260554313659668	0.0026842847000807524	0.008509119041264057	0.0021082658786326647	0.02207452431321144	0.003272815840318799	0.0250801183283329	0.0021133022382855415	0.002547741401940584	0.9260554313659668	0.002515010302886367	0.0013401815667748451	0.0016991642769426107
198	confusion	../final/models/models_2nd_run/model1_0	../final/models/models_2nd_run/model1_0	confusion	0.6361609101295471	0.0034159005153924227	0.004600508604198694	0.002496875124052167	0.32715409994125366	0.0034271858166903257	0.0038245765026658773	0.0017577019752934575	0.6361609101295471	0.0038562717381864786	0.0016654494684189558	0.009887125343084335	0.001753324642777443
199	anger	../final/models/models_2nd_run/model1_0	../final/models/models_2nd_run/model1_0	confusion	0.8870416879653931	0.0011696843430399895	0.0015049196081236005	0.0011897505028173327	0.09074293076992035	0.001197780016809702	0.0015326372813433409	0.0010528297862038016	0.8870416879653931	0.0036638404708355665	0.0013913811417296529	0.008046743459999561	0.0014657967258244753
200	anger	../final/models/models_2nd_run/model1_0	../final/models/models_2nd_run/model1_0	anger	0.8745490312576294	0.0016637619119137526	0.004157626535743475	0.005346739199012518	0.016974588856101036	0.0018482734449207783	0.08543064445257187	0.002761211944743991	0.002078090561553836	0.8745490312576294	0.0019840968307107687	0.0013479910558089614	0.001858010422438383
201	disgust	../final/models/models_2nd_run/model1_0	../final/models/models_2nd_run/model1_0	disgust	0.7293923497200012	0.00798980612307787	0.018470410257577896	0.1281699389219284	0.03542012348771095	0.010529076680541039	0.7293923497200012	0.003171569900587201	0.007856911979615688	0.014615924097597599	0.006962139159440994	0.030483810231089592	0.006937973666936159
202	sadness	../final/models/models_2nd_run/model1_0	../final/models/models_2nd_run/model1_0	sadness	0.9792665839195251	0.003513275645673275	0.9792665839195251	0.0023643847089260817	0.003172563621774316	0.0023920696694403887	0.0016250566113740206	0.00047914101742208004	0.0019006719812750816	0.0015781992115080357	0.0018603375647217035	0.0012842487776651978	0.0005634634871967137
203	surprise	../final/models/models_2nd_run/model1_0	../final/models/models_2nd_run/model1_0	surprise	0.9459207653999329	0.0007847214001230896	0.0024805706925690174	0.002059795195236802	0.01329935435205698	0.0015753961633890867	0.001971751218661666	0.0008679785532876849	0.005310891196131706	0.002423497848212719	0.002951734932139516	0.9459207653999329	0.02035350352525711
204	sadness	../final/models/models_2nd_run/model1_0	../final/models/models_2nd_run/model1_0	sadness	0.8608426451683044	0.012366288341581821	0.8608426451683044	0.0035693419631570578	0.07479392737150192	0.014796964824199677	0.008993620052933693	0.0013805875787511468	0.003066110657528043	0.010844683274626732	0.003704321337863803	0.0036705690436065197	0.0019709428306668997
205	surprise	../final/models/models_2nd_run/model1_0	../final/models/models_2nd_run/model1_0	anger	0.4863724708557129	0.00546084251254797	0.016131825745105743	0.009465583600103855	0.03831711411476135	0.047047894448041916	0.09898512810468674	0.0016455677105113864	0.015044612810015678	0.4863724708557129	0.004187178798019886	0.2560420334339142	0.021299758926033974
206	sadness	../final/models/models_2nd_run/model1_0	../final/models/models_2nd_run/model1_0	sadness	0.9051060676574707	0.008620086126029491	0.9051060676574707	0.03325527906417847	0.013363483361899853	0.0017217621207237244	0.00198088469915092	0.00787185225635767	0.008053464815020561	0.0018515196861699224	0.009219800122082233	0.005072377622127533	0.0038834339939057827
207	joy	../final/models/models_2nd_run/model1_0	../final/models/models_2nd_run/model1_0	joy	0.9665201902389526	0.0008519102702848613	0.0018626002129167318	0.0008070567273534834	0.004084059502929449	0.0011127275647595525	0.0009815685916692019	0.0027221960481256247	0.001474436721764505	0.0010657320963218808	0.9665201902389526	0.0012393636861816049	0.017278185114264488
208	pride	../final/models/models_2nd_run/model1_0	../final/models/models_2nd_run/model1_0	excitement	0.7685498595237732	0.0031765298917889595	0.002229920821264386	0.002681705402210355	0.03749882057309151	0.001684919698163867	0.0012543251505121589	0.05792658030986786	0.0034540307242423296	0.0019290443742647767	0.11062069982290268	0.008993671275675297	0.7685498595237732
209	neutral	../final/models/models_2nd_run/model1_0	../final/models/models_2nd_run/model1_0	neutral	0.9130263924598694	0.0055506061762571335	0.008777105249464512	0.003047904232516885	0.9130263924598694	0.004849097225815058	0.00307464599609375	0.0188576802611351	0.006021288689225912	0.0037676976062357426	0.017794780433177948	0.0036883370485156775	0.011544601060450077
210	sadness	../final/models/models_2nd_run/model1_0	../final/models/models_2nd_run/model1_0	confusion	0.8573755621910095	0.0022041990887373686	0.004163419362157583	0.0024310520384460688	0.10908801108598709	0.002183035248890519	0.0024911228101700544	0.0012124273926019669	0.8573755621910095	0.0022502390202134848	0.0027595562860369682	0.010957852005958557	0.0028835434932261705
211	anger	../final/models/models_2nd_run/model1_0	../final/models/models_2nd_run/model1_0	anger	0.8813674449920654	0.0017554503865540028	0.0038082690443843603	0.002917613135650754	0.012259958311915398	0.003684763330966234	0.08267319202423096	0.0015662708319723606	0.0020868100691586733	0.8813674449920654	0.0018934524850919843	0.0037486751098185778	0.002237999578937888
212	disgust	../final/models/models_2nd_run/model1_0	../final/models/models_2nd_run/model1_0	disgust	0.8717197179794312	0.005463217850774527	0.021797511726617813	0.020340105518698692	0.028541605919599533	0.01777646318078041	0.8717197179794312	0.0010357123101130128	0.011229301802814007	0.014238574542105198	0.002511876169592142	0.004011368378996849	0.0013346060877665877
213	sadness	../final/models/models_2nd_run/model1_0	../final/models/models_2nd_run/model1_0	disgust	0.4098459482192993	0.004889212548732758	0.11046939343214035	0.022232046350836754	0.032015953212976456	0.0028338017873466015	0.4098459482192993	0.004417338874191046	0.006234646774828434	0.39423778653144836	0.007004532031714916	0.003365742741152644	0.002453689929097891
214	neutral	../final/models/models_2nd_run/model1_0	../final/models/models_2nd_run/model1_0	surprise	0.663539707660675	0.002288714749738574	0.00255816918797791	0.006829198449850082	0.0335855670273304	0.003407946554943919	0.003100136760622263	0.004829277750104666	0.00889213103801012	0.0027125065680593252	0.01807490549981594	0.663539707660675	0.25018173456192017
215	excitement	../final/models/models_2nd_run/model1_0	../final/models/models_2nd_run/model1_0	excitement	0.4120709300041199	0.0031605777330696583	0.015922527760267258	0.006863964255899191	0.35311755537986755	0.004061541520059109	0.004720393568277359	0.03888582065701485	0.004657974932342768	0.012862755917012691	0.08325675129890442	0.060419220477342606	0.4120709300041199
216	neutral	../final/models/models_2nd_run/model1_0	../final/models/models_2nd_run/model1_0	disgust	0.9266119599342346	0.002533325692638755	0.005257336422801018	0.004714324604719877	0.016412943601608276	0.015984106808900833	0.9266119599342346	0.0006785555742681026	0.0042573073878884315	0.0173418577760458	0.0018058862769976258	0.003069233614951372	0.001333078951574862
217	confusion	../final/models/models_2nd_run/model1_0	../final/models/models_2nd_run/model1_0	confusion	0.8962840437889099	0.0011236281134188175	0.0016873051645234227	0.0010116577614098787	0.08341947942972183	0.0012030932120978832	0.0013269784394651651	0.0008858790388330817	0.8962840437889099	0.002215698827058077	0.0015543680638074875	0.007829319685697556	0.0014585790922865272
218	anger	../final/models/models_2nd_run/model1_0	../final/models/models_2nd_run/model1_0	anger	0.933207631111145	0.000928406894672662	0.004265026655048132	0.002122611738741398	0.014359434135258198	0.0017156957183033228	0.028681589290499687	0.001013060100376606	0.0031224589329212904	0.933207631111145	0.0018324863631278276	0.006032669451087713	0.002718899631872773
219	joy	../final/models/models_2nd_run/model1_0	../final/models/models_2nd_run/model1_0	joy	0.9710142612457275	0.0010183310369029641	0.002368906745687127	0.0007979422225616872	0.00395585922524333	0.001262440113350749	0.0010474338196218014	0.002654393669217825	0.0014080200344324112	0.001176842488348484	0.9710142612457275	0.0010158721124753356	0.012279716320335865
220	sadness	../final/models/models_2nd_run/model1_0	../final/models/models_2nd_run/model1_0	sadness	0.8719448447227478	0.011465499177575111	0.8719448447227478	0.040781956166028976	0.006988062057644129	0.0033784762490540743	0.0028414602857083082	0.002474741544574499	0.041588716208934784	0.002611306495964527	0.0031488591339439154	0.011308170855045319	0.0014680064050480723
221	embarrassment	../final/models/models_2nd_run/model1_0	../final/models/models_2nd_run/model1_0	sadness	0.5121461749076843	0.012033548206090927	0.5121461749076843	0.02213152125477791	0.024581141769886017	0.0039090001955628395	0.0031257704831659794	0.0027352492325007915	0.39488938450813293	0.0037110273260623217	0.003996670711785555	0.014203698374330997	0.0025368044152855873
222	confusion	../final/models/models_2nd_run/model1_0	../final/models/models_2nd_run/model1_0	confusion	0.9098932147026062	0.000962865655310452	0.0015967163490131497	0.0009206352988258004	0.06805454939603806	0.0011426365235820413	0.0012124922359362245	0.000949061184655875	0.9098932147026062	0.0027731230948120356	0.002027903450652957	0.008545120246708393	0.0019216997316107154
223	nervousness	../final/models/models_2nd_run/model1_0	../final/models/models_2nd_run/model1_0	fear	0.8198308348655701	0.1233091652393341	0.0060560209676623344	0.0037134133744984865	0.00881492905318737	0.8198308348655701	0.00871648732572794	0.0014156129909679294	0.007259667385369539	0.0036647298838943243	0.0055753872729837894	0.006282799411565065	0.005360933020710945
224	neutral	../final/models/models_2nd_run/model1_0	../final/models/models_2nd_run/model1_0	neutral	0.5683773159980774	0.005365308839827776	0.010573920793831348	0.004282867070287466	0.5683773159980774	0.011926798149943352	0.038537103682756424	0.005000135861337185	0.005958501249551773	0.20752057433128357	0.03861862048506737	0.010617624968290329	0.09322113543748856
225	disgust	../final/models/models_2nd_run/model1_0	../final/models/models_2nd_run/model1_0	disgust	0.8099600672721863	0.003214264754205942	0.006629437208175659	0.01028350368142128	0.035051047801971436	0.006666440516710281	0.8099600672721863	0.0012278234353289008	0.07974928617477417	0.038492824882268906	0.0015210199635475874	0.005823321174830198	0.001380939851514995
226	confusion	../final/models/models_2nd_run/model1_0	../final/models/models_2nd_run/model1_0	confusion	0.8300221562385559	0.0017545449081808329	0.0024102365132421255	0.0011511965421959758	0.13800621032714844	0.0012855305103585124	0.0012687870766967535	0.0022013492416590452	0.8300221562385559	0.002080035861581564	0.007996284402906895	0.007981588132679462	0.003842037869617343
227	anger	../final/models/models_2nd_run/model1_0	../final/models/models_2nd_run/model1_0	anger	0.9366063475608826	0.001266464008949697	0.004058442078530788	0.0030467037577182055	0.010821000672876835	0.0016910636331886053	0.03193250298500061	0.0017617882695049047	0.001745015848428011	0.9366063475608826	0.0019041572231799364	0.002855470636859536	0.0023111177142709494
228	excitement	../final/models/models_2nd_run/model1_0	../final/models/models_2nd_run/model1_0	surprise	0.8693830370903015	0.0008960296399891376	0.0020754386205226183	0.0023401908110827208	0.014394822530448437	0.0016595151973888278	0.0019580682273954153	0.001692021731287241	0.005662952084094286	0.0024650064297020435	0.009071015752851963	0.8693830370903015	0.0884018987417221
229	disgust	../final/models/models_2nd_run/model1_0	../final/models/models_2nd_run/model1_0	disgust	0.9396630525588989	0.002805608557537198	0.00514842988923192	0.008992488496005535	0.006607223302125931	0.015050431713461876	0.9396630525588989	0.0007541728555224836	0.004843751434236765	0.010666446760296822	0.001460863626562059	0.0028522780630737543	0.0011553318472579122
230	fear	../final/models/models_2nd_run/model1_0	../final/models/models_2nd_run/model1_0	nervousness	0.5704814195632935	0.5704814195632935	0.21137270331382751	0.08173755556344986	0.014646656811237335	0.06035878136754036	0.0050704507157206535	0.02712506800889969	0.0073532708920538425	0.005754034500569105	0.008358113467693329	0.0028542657382786274	0.004887580871582031
231	excitement	../final/models/models_2nd_run/model1_0	../final/models/models_2nd_run/model1_0	joy	0.7019369006156921	0.004133389797061682	0.007849677465856075	0.0038546244613826275	0.05928576737642288	0.002666562097147107	0.0016471825074404478	0.03408777341246605	0.0058931647799909115	0.0013994682813063264	0.7019369006156921	0.007044065743684769	0.1702013611793518
232	joy	../final/models/models_2nd_run/model1_0	../final/models/models_2nd_run/model1_0	joy	0.48109015822410583	0.0017909544985741377	0.001996573293581605	0.0015939002623781562	0.04041558876633644	0.0015790325123816729	0.0018887427868321538	0.012327748350799084	0.004224630072712898	0.0018378006061539054	0.48109015822410583	0.006693186238408089	0.44456174969673157
233	neutral	../final/models/models_2nd_run/model1_0	../final/models/models_2nd_run/model1_0	joy	0.46651360392570496	0.014097520150244236	0.09778770804405212	0.009534534066915512	0.23917607963085175	0.006407309323549271	0.0037079479079693556	0.04021347314119339	0.0038422872312366962	0.004604974761605263	0.46651360392570496	0.00839613750576973	0.1057184711098671
234	neutral	../final/models/models_2nd_run/model1_0	../final/models/models_2nd_run/model1_0	surprise	0.7805191278457642	0.0017496374202892184	0.003566226689144969	0.0044739400036633015	0.0348016694188118	0.005616999231278896	0.010038429871201515	0.0017665083287283778	0.05702045187354088	0.06518950313329697	0.003486287547275424	0.7805191278457642	0.031771220266819
235	fear	../final/models/models_2nd_run/model1_0	../final/models/models_2nd_run/model1_0	disgust	0.46852168440818787	0.05094633623957634	0.03440624848008156	0.022867076098918915	0.029497185721993446	0.3562329113483429	0.46852168440818787	0.0015604144427925348	0.007675718981772661	0.013050289824604988	0.005230014678090811	0.006292324513196945	0.003719798754900694
236	sadness	../final/models/models_2nd_run/model1_0	../final/models/models_2nd_run/model1_0	sadness	0.9640471935272217	0.009859832935035229	0.9640471935272217	0.0038330969400703907	0.005020471755415201	0.0059342216700315475	0.001719395979307592	0.0008993388619273901	0.0013852305710315704	0.0017393069574609399	0.002705993130803108	0.0018098147120326757	0.0010461226338520646
237	excitement	../final/models/models_2nd_run/model1_0	../final/models/models_2nd_run/model1_0	excitement	0.7621970176696777	0.0025024544447660446	0.0013141636736690998	0.0024823597632348537	0.03514481335878372	0.003139703068882227	0.002171196509152651	0.003975485451519489	0.07990365475416183	0.0036643575876951218	0.029012208804488182	0.07449255138635635	0.7621970176696777
238	embarrassment	../final/models/models_2nd_run/model1_0	../final/models/models_2nd_run/model1_0	anger	0.8195492029190063	0.0024206219241023064	0.01011893805116415	0.01784677803516388	0.02549332194030285	0.0019208010053262115	0.09958823770284653	0.004055314231663942	0.013758998364210129	0.8195492029190063	0.0013480604393407702	0.002535798354074359	0.0013639398384839296
239	anger	../final/models/models_2nd_run/model1_0	../final/models/models_2nd_run/model1_0	confusion	0.9335111975669861	0.00104504672344774	0.00239532720297575	0.001262870617210865	0.049135975539684296	0.0009175591985695064	0.0012848497135564685	0.0007668636390008032	0.9335111975669861	0.0032354346476495266	0.0011044936254620552	0.004435042385011911	0.0009053333196789026
240	pride	../final/models/models_2nd_run/model1_0	../final/models/models_2nd_run/model1_0	neutral	0.9247946739196777	0.003371766535565257	0.005048099439591169	0.0020914182532578707	0.9247946739196777	0.0038721123710274696	0.002640428952872753	0.010686520487070084	0.005395412910729647	0.0036949028726667166	0.012537804432213306	0.003968072589486837	0.021898655220866203
241	surprise	../final/models/models_2nd_run/model1_0	../final/models/models_2nd_run/model1_0	surprise	0.5845988988876343	0.0036054523661732674	0.004720373544842005	0.012354776263237	0.052912015467882156	0.00437918771058321	0.007817341014742851	0.002364989137277007	0.3038614094257355	0.0023089575115591288	0.005795365199446678	0.5845988988876343	0.015281165950000286
242	fear	../final/models/models_2nd_run/model1_0	../final/models/models_2nd_run/model1_0	fear	0.7517284154891968	0.04086430370807648	0.014830093830823898	0.0030165808275341988	0.08701436221599579	0.7517284154891968	0.026883933693170547	0.00203333655372262	0.013393166474997997	0.046469416469335556	0.0048425993882119656	0.004312711302191019	0.004611074458807707
243	embarrassment	../final/models/models_2nd_run/model1_0	../final/models/models_2nd_run/model1_0	embarrassment	0.8935035467147827	0.009174183011054993	0.010602451860904694	0.8935035467147827	0.005355238448828459	0.0037005452904850245	0.05093510448932648	0.006857224740087986	0.0038400799967348576	0.00847229640930891	0.0015451926738023758	0.003971192054450512	0.002043063286691904
244	surprise	../final/models/models_2nd_run/model1_0	../final/models/models_2nd_run/model1_0	anger	0.3881722092628479	0.00447339192032814	0.05711992830038071	0.052939195185899734	0.06542155891656876	0.005592203699052334	0.19191861152648926	0.0037060847971588373	0.016384543851017952	0.3881722092628479	0.004730639513581991	0.20209279656410217	0.007448737975209951
245	confusion	../final/models/models_2nd_run/model1_0	../final/models/models_2nd_run/model1_0	confusion	0.7384750843048096	0.001428399235010147	0.002617864403873682	0.0021052320953458548	0.21138978004455566	0.0018412864301353693	0.004889476113021374	0.0011482529807835817	0.7384750843048096	0.017133601009845734	0.0018612026469781995	0.014420146122574806	0.002689642831683159
246	disgust	../final/models/models_2nd_run/model1_0	../final/models/models_2nd_run/model1_0	disgust	0.9518924355506897	0.0014635702827945352	0.0032532918266952038	0.008593081496655941	0.005872874520719051	0.005622055847197771	0.9518924355506897	0.0007663752767257392	0.0031282545533031225	0.014501968398690224	0.0010301618603989482	0.0027187378145754337	0.0011572340736165643
247	joy	../final/models/models_2nd_run/model1_0	../final/models/models_2nd_run/model1_0	joy	0.6750748157501221	0.0021168978419154882	0.004942921921610832	0.0015452781226485968	0.02131429687142372	0.0016912199789658189	0.0011150880018249154	0.017659947276115417	0.0014678853331133723	0.00178046606015414	0.6750748157501221	0.0025604574475437403	0.2687308192253113
248	neutral	../final/models/models_2nd_run/model1_0	../final/models/models_2nd_run/model1_0	confusion	0.4368876814842224	0.0047956230118870735	0.008967661298811436	0.03177446871995926	0.05729542300105095	0.003155068028718233	0.01937883161008358	0.003392697311937809	0.4368876814842224	0.010413974523544312	0.004939543083310127	0.4075198173522949	0.011479257605969906
249	confusion	../final/models/models_2nd_run/model1_0	../final/models/models_2nd_run/model1_0	confusion	0.9221941232681274	0.0010249983752146363	0.0012470779474824667	0.0010079386411234736	0.056812260299921036	0.0010641050757840276	0.0010175302159041166	0.0009498136350885034	0.9221941232681274	0.001903150463476777	0.0018125196220353246	0.008885900489985943	0.0020805643871426582
250	sadness	../final/models/models_2nd_run/model1_0	../final/models/models_2nd_run/model1_0	sadness	0.9030439853668213	0.01805991493165493	0.9030439853668213	0.006567084230482578	0.00966474786400795	0.0264213215559721	0.019626565277576447	0.0008519386756233871	0.002691983012482524	0.003462637308984995	0.004975765943527222	0.0028535949531942606	0.0017805653624236584
251	surprise	../final/models/models_2nd_run/model1_0	../final/models/models_2nd_run/model1_0	neutral	0.7822104096412659	0.010045022703707218	0.012069372460246086	0.007218703627586365	0.7822104096412659	0.0054694656282663345	0.0029153740033507347	0.035591185092926025	0.006060368847101927	0.0029181167483329773	0.04237210005521774	0.014250671491026878	0.07887924462556839
252	confusion	../final/models/models_2nd_run/model1_0	../final/models/models_2nd_run/model1_0	joy	0.3818446397781372	0.0373946838080883	0.2726551294326782	0.01320645958185196	0.15130408108234406	0.005743614863604307	0.01395354513078928	0.032497089356184006	0.007325780112296343	0.053289275616407394	0.3818446397781372	0.006510627456009388	0.024275030940771103
253	neutral	../final/models/models_2nd_run/model1_0	../final/models/models_2nd_run/model1_0	neutral	0.7546187043190002	0.011236876249313354	0.13607236742973328	0.006402972619980574	0.7546187043190002	0.007513859774917364	0.017751330509781837	0.00301102502271533	0.014950364828109741	0.04169502854347229	0.0021540578454732895	0.002911466406658292	0.001681837486103177
254	neutral	../final/models/models_2nd_run/model1_0	../final/models/models_2nd_run/model1_0	neutral	0.955867350101471	0.0029092375189065933	0.005040452815592289	0.001461251638829708	0.955867350101471	0.0031611400190740824	0.0028287405148148537	0.00461688032373786	0.008517611771821976	0.006065288558602333	0.003928506746888161	0.0019596093334257603	0.00364394998177886
255	surprise	../final/models/models_2nd_run/model1_0	../final/models/models_2nd_run/model1_0	surprise	0.9379586577415466	0.0012365862494334579	0.0021700032521039248	0.0050163911655545235	0.009083339013159275	0.0018031448125839233	0.0022155223414301872	0.001238413737155497	0.00904030166566372	0.0016613241750746965	0.006054635159671307	0.9379586577415466	0.022521721199154854
256	neutral	../final/models/models_2nd_run/model1_0	../final/models/models_2nd_run/model1_0	anger	0.4500994384288788	0.0026844381354749203	0.012747038155794144	0.006029526237398386	0.35863953828811646	0.0038988343439996243	0.14219976961612701	0.003409827360883355	0.003706742078065872	0.4500994384288788	0.006744121666997671	0.004889098461717367	0.004951668903231621
257	neutral	../final/models/models_2nd_run/model1_0	../final/models/models_2nd_run/model1_0	neutral	0.953170657157898	0.0010958467610180378	0.002586331684142351	0.0011249849339947104	0.953170657157898	0.0013569273287430406	0.002724711550399661	0.006142247002571821	0.005028406623750925	0.006710045970976353	0.0074287354946136475	0.0031628028955310583	0.009468350559473038
258	anger	../final/models/models_2nd_run/model1_0	../final/models/models_2nd_run/model1_0	anger	0.564365804195404	0.003675997257232666	0.017458871006965637	0.004254746250808239	0.3410772979259491	0.002904067747294903	0.03984376788139343	0.003671425161883235	0.014668037183582783	0.564365804195404	0.003374251537024975	0.002708978019654751	0.001996648730710149
259	anger	../final/models/models_2nd_run/model1_0	../final/models/models_2nd_run/model1_0	anger	0.5916056036949158	0.003473961027339101	0.017719930037856102	0.01034812442958355	0.24548965692520142	0.0027272996958345175	0.04079928621649742	0.004773092456161976	0.07571524381637573	0.5916056036949158	0.0020777517929673195	0.0034556451719254255	0.001814417657442391
260	disgust	../final/models/models_2nd_run/model1_0	../final/models/models_2nd_run/model1_0	disgust	0.589255154132843	0.005400113295763731	0.017946161329746246	0.26777490973472595	0.014720055274665356	0.005283777602016926	0.589255154132843	0.02034628577530384	0.0060026380233466625	0.05183730274438858	0.011244663968682289	0.004269603174179792	0.005919345188885927
261	disgust	../final/models/models_2nd_run/model1_0	../final/models/models_2nd_run/model1_0	anger	0.7446448802947998	0.0020070455502718687	0.007671412546187639	0.007112344726920128	0.04014899209141731	0.001901474199257791	0.18416447937488556	0.0029588439501821995	0.003152251709252596	0.7446448802947998	0.0024172619450837374	0.0019632785115391016	0.001857734052464366
262	joy	../final/models/models_2nd_run/model1_0	../final/models/models_2nd_run/model1_0	joy	0.907899022102356	0.0027786598075181246	0.0054610297083854675	0.002783132717013359	0.010567651130259037	0.0022329692728817463	0.0015832198550924659	0.005204946734011173	0.021835649386048317	0.001754860277287662	0.907899022102356	0.0160363782197237	0.021862424910068512
263	excitement	../final/models/models_2nd_run/model1_0	../final/models/models_2nd_run/model1_0	excitement	0.9223320484161377	0.0010799067094922066	0.0010007922537624836	0.001213986543007195	0.01231808215379715	0.0021298760548233986	0.0016817266587167978	0.0015634777955710888	0.0031043454073369503	0.0017269536620005965	0.020936034619808197	0.03091273456811905	0.9223320484161377
264	confusion	../final/models/models_2nd_run/model1_0	../final/models/models_2nd_run/model1_0	confusion	0.8365976214408875	0.0035206307657063007	0.006622116547077894	0.004347448702901602	0.07979034632444382	0.005242438986897469	0.005211050622165203	0.001041839481331408	0.8365976214408875	0.0032327896915376186	0.00155826925765723	0.0502847395837307	0.0025507390964776278
265	disgust	../final/models/models_2nd_run/model1_0	../final/models/models_2nd_run/model1_0	surprise	0.5770057439804077	0.011018567718565464	0.01259875949472189	0.07850643247365952	0.05619688704609871	0.007082535419613123	0.01534062996506691	0.01026773639023304	0.1609407514333725	0.003095792606472969	0.04069497436285019	0.5770057439804077	0.027251094579696655
266	disgust	../final/models/models_2nd_run/model1_0	../final/models/models_2nd_run/model1_0	disgust	0.8615501523017883	0.005521170794963837	0.04785729572176933	0.017527412623167038	0.023305822163820267	0.01394268311560154	0.8615501523017883	0.0012442951556295156	0.006232006940990686	0.01620541512966156	0.0024351105093955994	0.0030218600295484066	0.0011566481553018093
267	disgust	../final/models/models_2nd_run/model1_0	../final/models/models_2nd_run/model1_0	disgust	0.9113886952400208	0.00170858483761549	0.004635910037904978	0.012550916522741318	0.009751920588314533	0.004231046885251999	0.9113886952400208	0.0012221505166962743	0.0027097531128674746	0.047816235572099686	0.0012475865660235286	0.0016479704063385725	0.001089304219931364
268	sadness	../final/models/models_2nd_run/model1_0	../final/models/models_2nd_run/model1_0	sadness	0.9521868228912354	0.0030873410869389772	0.9521868228912354	0.002952935639768839	0.0077236429788172245	0.0014657087158411741	0.0013410522369667888	0.0015594682190567255	0.001267902785912156	0.0017401441000401974	0.018715592101216316	0.0028884245548397303	0.005071030929684639
269	excitement	../final/models/models_2nd_run/model1_0	../final/models/models_2nd_run/model1_0	excitement	0.9659696221351624	0.0015493325190618634	0.0007015740848146379	0.0009784185094758868	0.006537321954965591	0.0015239905333146453	0.001218560617417097	0.0024069747887551785	0.0016084954841062427	0.0017060457030311227	0.011365348473191261	0.0044343126937747	0.9659696221351624
270	fear	../final/models/models_2nd_run/model1_0	../final/models/models_2nd_run/model1_0	fear	0.9266221523284912	0.036904383450746536	0.005437851417809725	0.001858786679804325	0.004347141832113266	0.9266221523284912	0.006717422045767307	0.001004776800982654	0.005226006265729666	0.003408868098631501	0.003653322346508503	0.0022836162243038416	0.002535624196752906
271	anger	../final/models/models_2nd_run/model1_0	../final/models/models_2nd_run/model1_0	disgust	0.5111439824104309	0.010917977429926395	0.018322249874472618	0.10652570426464081	0.014046717435121536	0.006778389681130648	0.5111439824104309	0.006459376309067011	0.005492653697729111	0.31170693039894104	0.002999177435413003	0.0025709972251206636	0.0030358389485627413
272	excitement	../final/models/models_2nd_run/model1_0	../final/models/models_2nd_run/model1_0	neutral	0.758628249168396	0.01336133573204279	0.0046248589642345905	0.005518433637917042	0.758628249168396	0.004566474352031946	0.0037953434512019157	0.06437092274427414	0.030777620151638985	0.003233004128560424	0.045769911259412766	0.005057433154433966	0.06029631569981575
273	neutral	../final/models/models_2nd_run/model1_0	../final/models/models_2nd_run/model1_0	confusion	0.9347823858261108	0.0013189757009968162	0.0033534925896674395	0.002400763100013137	0.036514416337013245	0.001098808366805315	0.0018947033677250147	0.0007220432162284851	0.9347823858261108	0.003535666037350893	0.0009585028165020049	0.012311211787164211	0.0011088821338489652
274	surprise	../final/models/models_2nd_run/model1_0	../final/models/models_2nd_run/model1_0	surprise	0.9587187767028809	0.0007538367062807083	0.0020777429454028606	0.0020312550477683544	0.0073024858720600605	0.0012351247714832425	0.001516090938821435	0.0008453911286778748	0.005667695309966803	0.0019661360420286655	0.0023600382264703512	0.9587187767028809	0.015525473281741142
275	excitement	../final/models/models_2nd_run/model1_0	../final/models/models_2nd_run/model1_0	excitement	0.9637832641601562	0.0018762439722195268	0.0007933213491924107	0.0010670347837731242	0.007930244319140911	0.0017850445583462715	0.0013158002402633429	0.002473724540323019	0.0015383482677862048	0.0018735439516603947	0.010282278060913086	0.0052810851484537125	0.9637832641601562
276	sadness	../final/models/models_2nd_run/model1_0	../final/models/models_2nd_run/model1_0	sadness	0.9797004461288452	0.0024842270649969578	0.9797004461288452	0.002182821976020932	0.004240081179887056	0.001672937534749508	0.0015324018895626068	0.0005496771773323417	0.0013472128193825483	0.0014602653682231903	0.0028178654611110687	0.0013342630118131638	0.0006777820526622236
277	sadness	../final/models/models_2nd_run/model1_0	../final/models/models_2nd_run/model1_0	sadness	0.5694315433502197	0.047442127019166946	0.5694315433502197	0.03283395990729332	0.01613617315888405	0.016850082203745842	0.005218366160988808	0.0026813754811882973	0.28711265325546265	0.004489769693464041	0.0028754055965691805	0.012597300112247467	0.002331186318770051
278	anger	../final/models/models_2nd_run/model1_0	../final/models/models_2nd_run/model1_0	anger	0.8825476169586182	0.002563665620982647	0.010690571740269661	0.004561549983918667	0.011189485900104046	0.0019318279810249805	0.07354670017957687	0.003107211086899042	0.003586498321965337	0.8825476169586182	0.003108082339167595	0.0015116585418581963	0.0016551811713725328
279	anger	../final/models/models_2nd_run/model1_0	../final/models/models_2nd_run/model1_0	anger	0.8833743333816528	0.0026450450532138348	0.012018089182674885	0.004362637177109718	0.011873329058289528	0.002311220159754157	0.07187587767839432	0.0025901945773512125	0.0032901607919484377	0.8833743333816528	0.00243011093698442	0.001678947126492858	0.0015501208836212754
280	disgust	../final/models/models_2nd_run/model1_0	../final/models/models_2nd_run/model1_0	anger	0.8778557181358337	0.0016453283606097102	0.006413083057850599	0.003946519922465086	0.043194323778152466	0.0016718251863494515	0.05633242800831795	0.002064147964119911	0.0030499626882374287	0.8778557181358337	0.0010187079897150397	0.001702694920822978	0.001105268718674779
281	neutral	../final/models/models_2nd_run/model1_0	../final/models/models_2nd_run/model1_0	surprise	0.4693070650100708	0.002480930183082819	0.0031659111846238375	0.004202510695904493	0.11279777437448502	0.0028012478724122047	0.00423260685056448	0.0024340017698705196	0.3387220799922943	0.004614213015884161	0.009169328957796097	0.4693070650100708	0.0460723415017128
282	surprise	../final/models/models_2nd_run/model1_0	../final/models/models_2nd_run/model1_0	surprise	0.934783399105072	0.0008311260025948286	0.001910827006213367	0.0022087220568209887	0.00993045698851347	0.00149405503179878	0.001919600530527532	0.0008337355102412403	0.00991880614310503	0.0022416929714381695	0.0031006766948848963	0.934783399105072	0.030826956033706665
283	anger	../final/models/models_2nd_run/model1_0	../final/models/models_2nd_run/model1_0	anger	0.9352983236312866	0.0020124188158661127	0.0049221813678741455	0.0017432959284633398	0.017800865694880486	0.005038646049797535	0.022554859519004822	0.001447049668058753	0.0018593770219013095	0.9352983236312866	0.0015634219162166119	0.003002750687301159	0.0027568128425627947
284	surprise	../final/models/models_2nd_run/model1_0	../final/models/models_2nd_run/model1_0	surprise	0.8372858166694641	0.0011307583190500736	0.0033271797001361847	0.003983499016612768	0.060677289962768555	0.0026647825725376606	0.00769724091514945	0.0020623435266315937	0.0137829864397645	0.016017425805330276	0.004383435007184744	0.8372858166694641	0.04698728397488594
285	embarrassment	../final/models/models_2nd_run/model1_0	../final/models/models_2nd_run/model1_0	disgust	0.8174461722373962	0.0074609736911952496	0.07207867503166199	0.015812333673238754	0.02494092285633087	0.023815391585230827	0.8174461722373962	0.0012818437535315752	0.005028308369219303	0.026667319238185883	0.0018542762845754623	0.002489989623427391	0.001123687019571662
286	neutral	../final/models/models_2nd_run/model1_0	../final/models/models_2nd_run/model1_0	neutral	0.8120843172073364	0.008369999006390572	0.0212329663336277	0.009481236338615417	0.8120843172073364	0.004549218341708183	0.004913877695798874	0.03423987329006195	0.013187725096940994	0.004917643964290619	0.06013738736510277	0.008536983281373978	0.01834886521100998
287	neutral	../final/models/models_2nd_run/model1_0	../final/models/models_2nd_run/model1_0	confusion	0.9381524324417114	0.0009089161176234484	0.001423287088982761	0.0008905603317543864	0.04375342279672623	0.0010170183377340436	0.0010675126686692238	0.0008879817905835807	0.9381524324417114	0.0023994368966668844	0.00180445471778512	0.006198931485414505	0.001495984848588705
288	embarrassment	../final/models/models_2nd_run/model1_0	../final/models/models_2nd_run/model1_0	embarrassment	0.880985677242279	0.007203989662230015	0.011300231330096722	0.880985677242279	0.003990944474935532	0.002954568015411496	0.034630462527275085	0.02116279862821102	0.00420280359685421	0.02675282582640648	0.0016405284404754639	0.0030467314645648003	0.002128544030711055
289	joy	../final/models/models_2nd_run/model1_0	../final/models/models_2nd_run/model1_0	surprise	0.778861403465271	0.0014916916843503714	0.002966491272673011	0.003853058675304055	0.057587236166000366	0.0034237082581967115	0.006321918219327927	0.002492150291800499	0.014342778362333775	0.015805307775735855	0.009101742878556252	0.778861403465271	0.1037525162100792
290	disgust	../final/models/models_2nd_run/model1_0	../final/models/models_2nd_run/model1_0	anger	0.49873173236846924	0.004952939692884684	0.10696671158075333	0.022807706147432327	0.04343281686306	0.003759496146813035	0.30403855443000793	0.0042086998000741005	0.0028227486182004213	0.49873173236846924	0.0039222813211381435	0.0024920101277530193	0.0018642626237124205
291	anger	../final/models/models_2nd_run/model1_0	../final/models/models_2nd_run/model1_0	anger	0.9141294360160828	0.0015009744092822075	0.0048273648135364056	0.0021326779387891293	0.029084907844662666	0.004461868666112423	0.018082110211253166	0.0017539426917210221	0.00274758436717093	0.9141294360160828	0.002148654544726014	0.012140022590756416	0.006990524940192699
292	excitement	../final/models/models_2nd_run/model1_0	../final/models/models_2nd_run/model1_0	excitement	0.95147705078125	0.0021964339539408684	0.0009690311853773892	0.0012459242716431618	0.014829246327280998	0.0022124219685792923	0.0011608231579884887	0.0035025232937186956	0.002494995715096593	0.0016665203729644418	0.012449872680008411	0.005795124918222427	0.95147705078125
293	anger	../final/models/models_2nd_run/model1_0	../final/models/models_2nd_run/model1_0	disgust	0.8545317053794861	0.00243380106985569	0.010057134553790092	0.006359430495649576	0.015868112444877625	0.005341438576579094	0.8545317053794861	0.001159987528808415	0.003599385265260935	0.09672384709119797	0.0012660752981901169	0.0016940681962296367	0.0009648690465837717
294	joy	../final/models/models_2nd_run/model1_0	../final/models/models_2nd_run/model1_0	joy	0.9683294892311096	0.000964683189522475	0.0021027810871601105	0.0009274021140299737	0.004394154064357281	0.0011018640361726284	0.0010071247816085815	0.0034753973595798016	0.001559421420097351	0.0012005269527435303	0.9683294892311096	0.0012205018429085612	0.01371673308312893
295	pride	../final/models/models_2nd_run/model1_0	../final/models/models_2nd_run/model1_0	pride	0.938551127910614	0.009662710130214691	0.002145813312381506	0.013910681009292603	0.006146674510091543	0.0019192445324733853	0.0013462264323607087	0.938551127910614	0.0035948758013546467	0.003502179402858019	0.005725613795220852	0.001884385128505528	0.0116104232147336
296	surprise	../final/models/models_2nd_run/model1_0	../final/models/models_2nd_run/model1_0	surprise	0.755141019821167	0.0012575422879308462	0.0025863279588520527	0.004613486584275961	0.049021828919649124	0.0029116440564393997	0.006454093381762505	0.0024109582882374525	0.04296385496854782	0.011177903972566128	0.008435065858066082	0.755141019821167	0.11302615702152252
297	pride	../final/models/models_2nd_run/model1_0	../final/models/models_2nd_run/model1_0	excitement	0.2902062237262726	0.0056195068173110485	0.005819729063659906	0.009500628337264061	0.1526530683040619	0.0024574450217187405	0.00797852873802185	0.20330870151519775	0.0048711057752370834	0.0205050278455019	0.28891006112098694	0.008170035667717457	0.2902062237262726
298	embarrassment	../final/models/models_2nd_run/model1_0	../final/models/models_2nd_run/model1_0	embarrassment	0.9088960289955139	0.005642787087708712	0.008392486721277237	0.9088960289955139	0.0024776651989668608	0.002812264021486044	0.031072311103343964	0.012163762003183365	0.0035848277620971203	0.019390787929296494	0.0011356365866959095	0.0028295647352933884	0.0016018854221329093
299	sadness	../final/models/models_2nd_run/model1_0	../final/models/models_2nd_run/model1_0	sadness	0.9793150424957275	0.0032174757216125727	0.9793150424957275	0.0018718045903369784	0.0041355956345796585	0.002030068775638938	0.001251124544069171	0.0005804101820103824	0.001345172873698175	0.0013060742057859898	0.0030028950423002243	0.0012347891461104155	0.0007095725741237402
300	disgust	../final/models/models_2nd_run/model1_0	../final/models/models_2nd_run/model1_0	fear	0.8734251856803894	0.03899417445063591	0.01611274480819702	0.003347105346620083	0.009515821002423763	0.8734251856803894	0.03764853999018669	0.0008768329280428588	0.005537351593375206	0.004742894787341356	0.004590774420648813	0.0027023220900446177	0.002506249351426959
301	confusion	../final/models/models_2nd_run/model1_0	../final/models/models_2nd_run/model1_0	confusion	0.809683620929718	0.0025834140833467245	0.004837734159082174	0.006172330118715763	0.030048668384552002	0.004336153157055378	0.004369520116597414	0.0010459969053044915	0.809683620929718	0.001948567689396441	0.0029351660050451756	0.12535357475280762	0.006685253698378801
302	confusion	../final/models/models_2nd_run/model1_0	../final/models/models_2nd_run/model1_0	confusion	0.7247214317321777	0.007733538281172514	0.002949175890535116	0.003108082339167595	0.21418097615242004	0.003386820200830698	0.0014745148364454508	0.00628421688452363	0.7247214317321777	0.004493502900004387	0.011089795269072056	0.009233350865542889	0.011344718746840954
303	fear	../final/models/models_2nd_run/model1_0	../final/models/models_2nd_run/model1_0	fear	0.9250468611717224	0.02276388742029667	0.005538866855204105	0.001934107393026352	0.006843388546258211	0.9250468611717224	0.018705090507864952	0.0007495226454921067	0.004936260636895895	0.004673580173403025	0.003683879505842924	0.0026825852692127228	0.0024419103283435106
304	surprise	../final/models/models_2nd_run/model1_0	../final/models/models_2nd_run/model1_0	sadness	0.692694902420044	0.011528225615620613	0.692694902420044	0.017580430954694748	0.011022145859897137	0.01821042224764824	0.029473207890987396	0.0012016781838610768	0.041838787496089935	0.09581597149372101	0.004935272037982941	0.0704241544008255	0.005274767987430096
305	surprise	../final/models/models_2nd_run/model1_0	../final/models/models_2nd_run/model1_0	surprise	0.8473693132400513	0.0014950671466067433	0.005505187436938286	0.00528760626912117	0.049324337393045425	0.002447528066113591	0.0036122703459113836	0.0015010960632935166	0.06519780308008194	0.0030247606337070465	0.0033974649850279093	0.8473693132400513	0.011837577447295189
306	confusion	../final/models/models_2nd_run/model1_0	../final/models/models_2nd_run/model1_0	confusion	0.9605306386947632	0.001414626487530768	0.0015078552532941103	0.0011746656382456422	0.024593647569417953	0.0011116818059235811	0.0009844677988439798	0.0008519139373674989	0.9605306386947632	0.0013460108311846852	0.0013648526510223746	0.004053628537803888	0.0010659632971510291
307	embarrassment	../final/models/models_2nd_run/model1_0	../final/models/models_2nd_run/model1_0	sadness	0.6212405562400818	0.028366655111312866	0.6212405562400818	0.03906584158539772	0.04236612096428871	0.01639130339026451	0.011266362853348255	0.0019968722481280565	0.21035850048065186	0.0035959677770733833	0.003976401407271624	0.01888696290552616	0.0024884275626391172
308	excitement	../final/models/models_2nd_run/model1_0	../final/models/models_2nd_run/model1_0	excitement	0.8324983716011047	0.0011632678797468543	0.0017525807488709688	0.0009220833890140057	0.012937703169882298	0.0015164481010288	0.0010503933299332857	0.003946126438677311	0.0015189824625849724	0.0016581719974055886	0.13505247235298157	0.005983508192002773	0.8324983716011047
309	neutral	../final/models/models_2nd_run/model1_0	../final/models/models_2nd_run/model1_0	neutral	0.8642931580543518	0.008711911737918854	0.007143747061491013	0.004034945275634527	0.8642931580543518	0.0076907542534172535	0.007391627877950668	0.015015728771686554	0.024992531165480614	0.004982330836355686	0.03882959485054016	0.004890917334705591	0.01202274952083826
310	joy	../final/models/models_2nd_run/model1_0	../final/models/models_2nd_run/model1_0	joy	0.9693389534950256	0.0009412487270310521	0.0022390170488506556	0.0007925768150016665	0.004225012846291065	0.001126413349993527	0.0010224428260698915	0.0027735845651477575	0.0014706660294905305	0.0010979819344356656	0.9693389534950256	0.0010811551474034786	0.013891034759581089
311	anger	../final/models/models_2nd_run/model1_0	../final/models/models_2nd_run/model1_0	anger	0.9215856194496155	0.0013523115776479244	0.0035962883848696947	0.0032618024852126837	0.01628369651734829	0.0016084747621789575	0.04382015019655228	0.001770136645063758	0.0016666585579514503	0.9215856194496155	0.0017241634195670485	0.001631108927540481	0.0016995969926938415
312	anger	../final/models/models_2nd_run/model1_0	../final/models/models_2nd_run/model1_0	neutral	0.3585139214992523	0.005622289143502712	0.15059435367584229	0.0038429484702646732	0.3585139214992523	0.02236023172736168	0.038962725549936295	0.002719746669754386	0.009403075091540813	0.34621474146842957	0.020004037767648697	0.02434076927602291	0.017421158030629158
313	excitement	../final/models/models_2nd_run/model1_0	../final/models/models_2nd_run/model1_0	excitement	0.9647611975669861	0.0023065817076712847	0.0008568802149966359	0.0011612455127760768	0.006875458639115095	0.0019022905034944415	0.0013457380700856447	0.0028381601441651583	0.0015438103582710028	0.0017900624079629779	0.009198990650475025	0.00541955279186368	0.9647611975669861
314	anger	../final/models/models_2nd_run/model1_0	../final/models/models_2nd_run/model1_0	anger	0.8686718940734863	0.0014919969253242016	0.005909277126193047	0.0032203292939811945	0.05439181998372078	0.001491436269134283	0.04997400566935539	0.0014581660507246852	0.007586558349430561	0.8686718940734863	0.0017921694088727236	0.002593206474557519	0.0014192094095051289
315	confusion	../final/models/models_2nd_run/model1_0	../final/models/models_2nd_run/model1_0	confusion	0.964394748210907	0.0009755758219398558	0.0011705050710588694	0.0010254416847601533	0.019219202920794487	0.0009659775532782078	0.0008659049635753036	0.0007811877876520157	0.964394748210907	0.0015234565362334251	0.0012239197967574	0.00658207293599844	0.0012721220264211297
316	joy	../final/models/models_2nd_run/model1_0	../final/models/models_2nd_run/model1_0	joy	0.9626327157020569	0.0007871180423535407	0.002038986422121525	0.0008208620711229742	0.006632940843701363	0.0010884314542636275	0.000977840623818338	0.002884575165808201	0.00220148591324687	0.001084454357624054	0.9626327157020569	0.0016517490148544312	0.017199009656906128
317	excitement	../final/models/models_2nd_run/model1_0	../final/models/models_2nd_run/model1_0	excitement	0.9650219678878784	0.0020959817338734865	0.0008460064418613911	0.0011181512381881475	0.006851120386272669	0.001851334236562252	0.0013374919071793556	0.002811574609950185	0.0016679154941812158	0.0017458338988944888	0.009581989608705044	0.005070692393928766	0.9650219678878784
318	neutral	../final/models/models_2nd_run/model1_0	../final/models/models_2nd_run/model1_0	confusion	0.971702516078949	0.00113092758692801	0.0012433620868250728	0.001126559334807098	0.012501323595643044	0.0011223728070035577	0.0008725594379939139	0.0007634420180693269	0.971702516078949	0.00150302704423666	0.0012583701172843575	0.005511436145752668	0.0012641370994970202
319	sadness	../final/models/models_2nd_run/model1_0	../final/models/models_2nd_run/model1_0	sadness	0.9802674055099487	0.002882390283048153	0.9802674055099487	0.0022813903633505106	0.003536011790856719	0.0017460245871916413	0.0014133239164948463	0.0005717963213101029	0.0014239598531275988	0.0013753474922850728	0.0024916038382798433	0.0013423707569018006	0.0006684807012788951
320	joy	../final/models/models_2nd_run/model1_0	../final/models/models_2nd_run/model1_0	excitement	0.8324983716011047	0.0011632678797468543	0.0017525807488709688	0.0009220833890140057	0.012937703169882298	0.0015164481010288	0.0010503933299332857	0.003946126438677311	0.0015189824625849724	0.0016581719974055886	0.13505247235298157	0.005983508192002773	0.8324983716011047
321	pride	../final/models/models_2nd_run/model1_0	../final/models/models_2nd_run/model1_0	embarrassment	0.8571460843086243	0.011150632053613663	0.007684079464524984	0.8571460843086243	0.004832903854548931	0.002965308725833893	0.012710633687675	0.07957229763269424	0.0036551502998918295	0.011913514696061611	0.0024934543762356043	0.0026201773434877396	0.0032557998783886433
322	sadness	../final/models/models_2nd_run/model1_0	../final/models/models_2nd_run/model1_0	confusion	0.9659790396690369	0.0014483253471553326	0.004254372790455818	0.0021975894924253225	0.013837603852152824	0.0011648653307929635	0.0010734803508967161	0.000684381288010627	0.9659790396690369	0.00160440884064883	0.00089725834550336	0.005995575338602066	0.0008631257223896682
323	anger	../final/models/models_2nd_run/model1_0	../final/models/models_2nd_run/model1_0	anger	0.8947367668151855	0.0024110458325594664	0.011585934087634087	0.004432084504514933	0.02229115180671215	0.0018438519909977913	0.052210792899131775	0.0027612950652837753	0.002935934578999877	0.8947367668151855	0.002126293024048209	0.001320812152698636	0.0013440168695524335
324	fear	../final/models/models_2nd_run/model1_0	../final/models/models_2nd_run/model1_0	fear	0.7869853973388672	0.021411793306469917	0.008705143816769123	0.0064619118347764015	0.01306318398565054	0.7869853973388672	0.13380524516105652	0.0010244061704725027	0.006463662255555391	0.00880140159279108	0.004497134126722813	0.005478790029883385	0.0033018917310982943
325	neutral	../final/models/models_2nd_run/model1_0	../final/models/models_2nd_run/model1_0	neutral	0.8971053957939148	0.008529760874807835	0.020990615710616112	0.00724491523578763	0.8971053957939148	0.004873201716691256	0.010247266851365566	0.0040135569870471954	0.03262666240334511	0.007816673256456852	0.002196334535256028	0.002797962399199605	0.0015576215228065848
326	neutral	../final/models/models_2nd_run/model1_0	../final/models/models_2nd_run/model1_0	neutral	0.4277604818344116	0.007536246441304684	0.04757247492671013	0.005550344008952379	0.4277604818344116	0.032767899334430695	0.20825918018817902	0.0024417240638285875	0.007525889668613672	0.24786317348480225	0.002557560568675399	0.007342563476413488	0.00282246433198452
327	neutral	../final/models/models_2nd_run/model1_0	../final/models/models_2nd_run/model1_0	sadness	0.925101637840271	0.008500871248543262	0.925101637840271	0.004418902099132538	0.01793980412185192	0.015987301245331764	0.006986759137362242	0.0012661331566050649	0.0028643226251006126	0.009188245050609112	0.0029670540243387222	0.0032925133127719164	0.0014864892000332475
328	neutral	../final/models/models_2nd_run/model1_0	../final/models/models_2nd_run/model1_0	confusion	0.8983749151229858	0.0010151732712984085	0.0014329119585454464	0.0009659784846007824	0.07646564394235611	0.0012321312678977847	0.0012852222425863147	0.001032768632285297	0.8983749151229858	0.0031774581875652075	0.00230728043243289	0.010079833678901196	0.0026306044310331345
329	confusion	../final/models/models_2nd_run/model1_0	../final/models/models_2nd_run/model1_0	confusion	0.966036319732666	0.0010216598166152835	0.001035588327795267	0.001114238752052188	0.01578924059867859	0.0009638491319492459	0.0008955628145486116	0.0006669788272120059	0.966036319732666	0.0013846269575878978	0.001236731419339776	0.008269200101494789	0.0015860035782679915
330	fear	../final/models/models_2nd_run/model1_0	../final/models/models_2nd_run/model1_0	fear	0.8856843709945679	0.06698879599571228	0.011926349252462387	0.002302411710843444	0.0038321432657539845	0.8856843709945679	0.007429951336234808	0.0010870771948248148	0.0038211566861718893	0.0030423167627304792	0.0068298340775072575	0.0023879508953541517	0.004667677916586399
331	anger	../final/models/models_2nd_run/model1_0	../final/models/models_2nd_run/model1_0	anger	0.8995116949081421	0.0015266059199348092	0.003760887309908867	0.005006004590541124	0.007642083801329136	0.0016635286156088114	0.07135205715894699	0.0021490994840860367	0.0020090267062187195	0.8995116949081421	0.0016842772020027041	0.0019867608789354563	0.0017079593380913138
332	joy	../final/models/models_2nd_run/model1_0	../final/models/models_2nd_run/model1_0	joy	0.9696868062019348	0.0010371276875957847	0.0021650916896760464	0.0007566493004560471	0.0036243062932044268	0.0014622706221416593	0.0012709469301626086	0.0020141825079917908	0.0016116248443722725	0.0012391479685902596	0.9696868062019348	0.0012588358949869871	0.013873016461730003
333	surprise	../final/models/models_2nd_run/model1_0	../final/models/models_2nd_run/model1_0	surprise	0.8496689796447754	0.0009623166988603771	0.0017346431268379092	0.002073460491374135	0.016637595370411873	0.0020506877917796373	0.002468302147462964	0.0016920976340770721	0.011136979795992374	0.004499506205320358	0.007217416539788246	0.8496689796447754	0.09985804557800293
334	confusion	../final/models/models_2nd_run/model1_0	../final/models/models_2nd_run/model1_0	confusion	0.9705236554145813	0.0010192394256591797	0.001458253595046699	0.0014317843597382307	0.013604428619146347	0.0010737982811406255	0.0010577889624983072	0.0008219368173740804	0.9705236554145813	0.0021286008413881063	0.0010085925459861755	0.004817145876586437	0.0010547795100137591
335	confusion	../final/models/models_2nd_run/model1_0	../final/models/models_2nd_run/model1_0	anger	0.48971498012542725	0.0035287991631776094	0.014866224490106106	0.005145278759300709	0.24306339025497437	0.0025377371348440647	0.01229319628328085	0.00482483534142375	0.21445436775684357	0.48971498012542725	0.0035264224279671907	0.0038550987374037504	0.002189675346016884
336	fear	../final/models/models_2nd_run/model1_0	../final/models/models_2nd_run/model1_0	fear	0.6750617623329163	0.026235204190015793	0.09489237517118454	0.013464923948049545	0.009097387082874775	0.6750617623329163	0.13813602924346924	0.0018311613239347935	0.00924330297857523	0.02091076411306858	0.0037801864091306925	0.004760509356856346	0.0025864315684884787
337	neutral	../final/models/models_2nd_run/model1_0	../final/models/models_2nd_run/model1_0	neutral	0.6548524498939514	0.0031218663789331913	0.006229042075574398	0.0020434451289474964	0.6548524498939514	0.004026190843433142	0.005326404701918364	0.007065268699079752	0.025515219196677208	0.00683352118358016	0.2555234432220459	0.005956904962658882	0.023506203666329384
338	anger	../final/models/models_2nd_run/model1_0	../final/models/models_2nd_run/model1_0	anger	0.9427800178527832	0.002061115810647607	0.005480851512402296	0.0019015459110960364	0.011865642853081226	0.003146357135847211	0.023847483098506927	0.0018657557666301727	0.0018542674370110035	0.9427800178527832	0.00183806789573282	0.00164481857791543	0.0017141887219622731
339	nervousness	../final/models/models_2nd_run/model1_0	../final/models/models_2nd_run/model1_0	nervousness	0.794802725315094	0.794802725315094	0.038759227842092514	0.025592289865016937	0.005612977780401707	0.09612128883600235	0.0031604270916432142	0.013181469403207302	0.004817800596356392	0.004231616389006376	0.006841969210654497	0.001808314467780292	0.005069889593869448
340	disgust	../final/models/models_2nd_run/model1_0	../final/models/models_2nd_run/model1_0	sadness	0.3255886137485504	0.049618691205978394	0.3255886137485504	0.13387049734592438	0.13563819229602814	0.04693379998207092	0.20900271832942963	0.00974796898663044	0.030131105333566666	0.009853295050561428	0.029661737382411957	0.01018856093287468	0.00976476352661848
341	disgust	../final/models/models_2nd_run/model1_0	../final/models/models_2nd_run/model1_0	disgust	0.7913543581962585	0.003666372736915946	0.004679757170379162	0.024912765249609947	0.008701732382178307	0.01160524319857359	0.7913543581962585	0.0016180891543626785	0.11573643237352371	0.023196140304207802	0.0018736538477241993	0.010570447891950607	0.0020849809516221285
342	embarrassment	../final/models/models_2nd_run/model1_0	../final/models/models_2nd_run/model1_0	embarrassment	0.8985960483551025	0.008786029182374477	0.0101159131154418	0.8985960483551025	0.003162878332659602	0.0032067541033029556	0.02295675314962864	0.024968042969703674	0.0032963985577225685	0.01969658024609089	0.0012281525414437056	0.002322779968380928	0.0016636603977531195
343	confusion	../final/models/models_2nd_run/model1_0	../final/models/models_2nd_run/model1_0	confusion	0.5012429356575012	0.004405546467751265	0.0042923614382743835	0.002540257992222905	0.4608213007450104	0.0038762022741138935	0.003518895246088505	0.0026726126670837402	0.5012429356575012	0.004050778225064278	0.004140751902014017	0.005111427512019873	0.003326989244669676
344	fear	../final/models/models_2nd_run/model1_0	../final/models/models_2nd_run/model1_0	fear	0.9019665122032166	0.031026236712932587	0.008526938036084175	0.0020232596434652805	0.009895455092191696	0.9019665122032166	0.020777354016900063	0.0010724826715886593	0.00643765227869153	0.009505336172878742	0.004022838547825813	0.0021569253876805305	0.0025889966636896133
345	confusion	../final/models/models_2nd_run/model1_0	../final/models/models_2nd_run/model1_0	confusion	0.9690580368041992	0.000881034939084202	0.0011616020929068327	0.0011050425237044692	0.015319403260946274	0.0008413494215346873	0.0008275100262835622	0.0008046689908951521	0.9690580368041992	0.001630535814911127	0.0013161541428416967	0.005854088347405195	0.0012005893513560295
346	nervousness	../final/models/models_2nd_run/model1_0	../final/models/models_2nd_run/model1_0	fear	0.9280903935432434	0.03360765054821968	0.005398838315159082	0.001898229238577187	0.004990781657397747	0.9280903935432434	0.008603102527558804	0.0008806820842437446	0.004357227589935064	0.003266093321144581	0.003816489363089204	0.002724184188991785	0.0023663812316954136
347	fear	../final/models/models_2nd_run/model1_0	../final/models/models_2nd_run/model1_0	fear	0.9169169664382935	0.02511068433523178	0.0058664618991315365	0.0018606799421831965	0.010222489945590496	0.9169169664382935	0.016878806054592133	0.0008877696818672121	0.005317770875990391	0.007079837843775749	0.0038218346890062094	0.002925590379163623	0.0031109810806810856
348	surprise	../final/models/models_2nd_run/model1_0	../final/models/models_2nd_run/model1_0	surprise	0.952187180519104	0.0007411579135805368	0.0021144282072782516	0.0028720498085021973	0.010292530059814453	0.0012463907478377223	0.0020608140621334314	0.001029933919198811	0.005137482658028603	0.002341042272746563	0.0025447497610002756	0.952187180519104	0.017432384192943573
349	excitement	../final/models/models_2nd_run/model1_0	../final/models/models_2nd_run/model1_0	confusion	0.6830078363418579	0.00229981099255383	0.004956095479428768	0.0037751661147922277	0.09075203537940979	0.00305683771148324	0.003785951528698206	0.0025783907622098923	0.6830078363418579	0.052017465233802795	0.0039184000343084335	0.13693448901176453	0.012917472049593925
350	sadness	../final/models/models_2nd_run/model1_0	../final/models/models_2nd_run/model1_0	sadness	0.9787614941596985	0.003006216138601303	0.9787614941596985	0.0022457444574683905	0.004043641500174999	0.0021640544291585684	0.0020185618195682764	0.0005320335039868951	0.0016277027316391468	0.0018637480679899454	0.0019124022219330072	0.0012217361945658922	0.0006027254858054221
351	sadness	../final/models/models_2nd_run/model1_0	../final/models/models_2nd_run/model1_0	sadness	0.9799511432647705	0.002759429858997464	0.9799511432647705	0.0019121861550956964	0.0039255740121006966	0.0020145319867879152	0.001536897267214954	0.0005096343229524791	0.0013481330825015903	0.0013580129016190767	0.0026871776208281517	0.0012988970847800374	0.0006984274368733168
352	joy	../final/models/models_2nd_run/model1_0	../final/models/models_2nd_run/model1_0	joy	0.6763656735420227	0.001095769926905632	0.0027222689241170883	0.001471049035899341	0.0523848719894886	0.0012786680599674582	0.0020112129859626293	0.006961737759411335	0.003967170137912035	0.004567288793623447	0.6763656735420227	0.009305893443524837	0.23786838352680206
353	joy	../final/models/models_2nd_run/model1_0	../final/models/models_2nd_run/model1_0	joy	0.9629430174827576	0.0008574507664889097	0.002068948931992054	0.000825422175694257	0.004833385348320007	0.0010378113947808743	0.0008816510089673102	0.002796878106892109	0.0014625273179262877	0.0010040397755801678	0.9629430174827576	0.0013986884150654078	0.019890157505869865
354	surprise	../final/models/models_2nd_run/model1_0	../final/models/models_2nd_run/model1_0	surprise	0.4043939411640167	0.011648476123809814	0.04456164315342903	0.13027913868427277	0.05075886845588684	0.009740910492837429	0.030334029346704483	0.005920725408941507	0.2898942530155182	0.012712439522147179	0.004224279895424843	0.4043939411640167	0.005531339906156063
355	sadness	../final/models/models_2nd_run/model1_0	../final/models/models_2nd_run/model1_0	sadness	0.9713143706321716	0.0026496576610952616	0.9713143706321716	0.004305123817175627	0.007377778645604849	0.001326446421444416	0.002739007119089365	0.0011218116851523519	0.0017993493238463998	0.0031534708105027676	0.0024523576721549034	0.0011663642944768071	0.0005942840944044292
356	fear	../final/models/models_2nd_run/model1_0	../final/models/models_2nd_run/model1_0	fear	0.9195472002029419	0.03695274144411087	0.007546253968030214	0.0018624038202688098	0.005735480692237616	0.9195472002029419	0.009924321435391903	0.0008917603990994394	0.004102668724954128	0.004885449074208736	0.0032415110617876053	0.002675737952813506	0.0026344943325966597
357	confusion	../final/models/models_2nd_run/model1_0	../final/models/models_2nd_run/model1_0	confusion	0.9711255431175232	0.0007914347806945443	0.0013121030060574412	0.0014065149007365108	0.0108247771859169	0.0008808966958895326	0.0011416588677093387	0.0006107987719587982	0.9711255431175232	0.0034589162096381187	0.0007936982437968254	0.00671335868537426	0.0009403721196576953
358	anger	../final/models/models_2nd_run/model1_0	../final/models/models_2nd_run/model1_0	anger	0.823208749294281	0.004216467496007681	0.017520319670438766	0.006799172144383192	0.024397194385528564	0.002520095556974411	0.028003357350826263	0.017054202035069466	0.004519629292190075	0.823208749294281	0.0568634569644928	0.0018571388209238648	0.013040182180702686
359	disgust	../final/models/models_2nd_run/model1_0	../final/models/models_2nd_run/model1_0	disgust	0.93185955286026	0.0029550541657954454	0.009939059615135193	0.007024919148534536	0.010449416004121304	0.014850041829049587	0.93185955286026	0.0006420558202080429	0.0048834760673344135	0.012047034688293934	0.001272424589842558	0.003048888174816966	0.00102803367190063
360	joy	../final/models/models_2nd_run/model1_0	../final/models/models_2nd_run/model1_0	joy	0.9501885771751404	0.001232876442372799	0.0018354448257014155	0.0011149902129545808	0.011375839821994305	0.0014166333712637424	0.0023446944542229176	0.0037495759315788746	0.002222605748102069	0.005377128720283508	0.9501885771751404	0.0011907425941899419	0.017950834706425667
361	disgust	../final/models/models_2nd_run/model1_0	../final/models/models_2nd_run/model1_0	disgust	0.9362607002258301	0.001343296724371612	0.0022501253988593817	0.00851929746568203	0.005911382380872965	0.004889422561973333	0.9362607002258301	0.0008744337828829885	0.002799660200253129	0.03093709424138069	0.001155748963356018	0.003259420394897461	0.001799373421818018
362	neutral	../final/models/models_2nd_run/model1_0	../final/models/models_2nd_run/model1_0	neutral	0.9385969638824463	0.0018023300217464566	0.002868719631806016	0.001992132281884551	0.9385969638824463	0.002993543865159154	0.0066458540968596935	0.003465896239504218	0.018608257174491882	0.0043858978897333145	0.005031450651586056	0.007061398588120937	0.006547520402818918
363	neutral	../final/models/models_2nd_run/model1_0	../final/models/models_2nd_run/model1_0	confusion	0.7415468692779541	0.0015309675363823771	0.002262718277052045	0.0016525849932804704	0.21798361837863922	0.0013733487576246262	0.0022076363675296307	0.0016831555403769016	0.7415468692779541	0.005354885943233967	0.0023395537864416838	0.018543295562267303	0.00352138327434659
364	sadness	../final/models/models_2nd_run/model1_0	../final/models/models_2nd_run/model1_0	sadness	0.9799475073814392	0.0029496706556528807	0.9799475073814392	0.002010331954807043	0.003786439076066017	0.002277425490319729	0.0015063073951750994	0.0005157990963198245	0.0014933350030332804	0.0015408199978992343	0.0022101791109889746	0.001155234407633543	0.0006069671944715083
365	anger	../final/models/models_2nd_run/model1_0	../final/models/models_2nd_run/model1_0	sadness	0.8890501856803894	0.017913689836859703	0.8890501856803894	0.03969390690326691	0.016102690249681473	0.0039302208460867405	0.00963808223605156	0.0025782552547752857	0.0026341539341956377	0.009493120014667511	0.004784591030329466	0.002581555861979723	0.0015995764406397939
366	pride	../final/models/models_2nd_run/model1_0	../final/models/models_2nd_run/model1_0	disgust	0.4841701090335846	0.009631714783608913	0.029134703800082207	0.27423956990242004	0.09423130005598068	0.006449324544519186	0.4841701090335846	0.029308486729860306	0.012733965180814266	0.03536765277385712	0.01202563289552927	0.006553245708346367	0.006154232192784548
367	sadness	../final/models/models_2nd_run/model1_0	../final/models/models_2nd_run/model1_0	sadness	0.9181213974952698	0.007500818464905024	0.9181213974952698	0.014775285497307777	0.00560242123901844	0.003632236970588565	0.0023203822784125805	0.0017739753238856792	0.003143563400954008	0.0026928342413157225	0.007473043631762266	0.029362455010414124	0.0036016409285366535
368	anger	../final/models/models_2nd_run/model1_0	../final/models/models_2nd_run/model1_0	anger	0.9078978896141052	0.002520042471587658	0.019942346960306168	0.003011510241776705	0.018732113763689995	0.002509788144379854	0.032207053154706955	0.0024773578625172377	0.002604616107419133	0.9078978896141052	0.0045635816641151905	0.001730480114929378	0.0018031783401966095
369	neutral	../final/models/models_2nd_run/model1_0	../final/models/models_2nd_run/model1_0	neutral	0.6262274980545044	0.005023893900215626	0.017613818868994713	0.009282153099775314	0.6262274980545044	0.009837816469371319	0.2365039587020874	0.0018967463402077556	0.015322382561862469	0.06882314383983612	0.002308380790054798	0.004836929030716419	0.002323345048353076
370	sadness	../final/models/models_2nd_run/model1_0	../final/models/models_2nd_run/model1_0	sadness	0.9454420804977417	0.006843127775937319	0.9454420804977417	0.0059676263481378555	0.0044695730321109295	0.0022647713776677847	0.0018821114208549261	0.0009322975529357791	0.022194761782884598	0.003896308597177267	0.0024835579097270966	0.0027715670876204967	0.00085219502216205
371	anger	../final/models/models_2nd_run/model1_0	../final/models/models_2nd_run/model1_0	anger	0.9532544016838074	0.0011943808058276772	0.0021291307639330626	0.002083718776702881	0.006147720851004124	0.0018602630589157343	0.018979180604219437	0.0014759807381778955	0.004233598243445158	0.9532544016838074	0.0018379442626610398	0.003976903390139341	0.002826785435900092
372	anger	../final/models/models_2nd_run/model1_0	../final/models/models_2nd_run/model1_0	anger	0.9523550271987915	0.0014225441263988614	0.0032491262536495924	0.0022428957745432854	0.007294481620192528	0.0019791927188634872	0.02344467118382454	0.0016026012599468231	0.0014886526623740792	0.9523550271987915	0.0015807440504431725	0.0016711270436644554	0.0016688939649611712
373	fear	../final/models/models_2nd_run/model1_0	../final/models/models_2nd_run/model1_0	fear	0.6833781003952026	0.0176960751414299	0.01110971812158823	0.007643974851816893	0.014435329474508762	0.6833781003952026	0.2324528694152832	0.0010027536191046238	0.006126819644123316	0.011417700909078121	0.005043838173151016	0.006197309121489525	0.0034955076407641172
374	joy	../final/models/models_2nd_run/model1_0	../final/models/models_2nd_run/model1_0	joy	0.7213568687438965	0.0011307814856991172	0.0018844445003196597	0.0010059737833216786	0.009797603823244572	0.0014078897656872869	0.0011389347491785884	0.005530703812837601	0.0020502558909356594	0.0014545528683811426	0.7213568687438965	0.0033359455410391092	0.24990609288215637
375	anger	../final/models/models_2nd_run/model1_0	../final/models/models_2nd_run/model1_0	confusion	0.8737942576408386	0.0014668323565274477	0.003374595893546939	0.0016397791914641857	0.09193924069404602	0.0013802939793094993	0.002675700932741165	0.001185695524327457	0.8737942576408386	0.015239426866173744	0.0012698802165687084	0.004949950613081455	0.0010843240888789296
376	joy	../final/models/models_2nd_run/model1_0	../final/models/models_2nd_run/model1_0	joy	0.9662771821022034	0.0008419578662142158	0.002245686948299408	0.0007064248202368617	0.0035036825574934483	0.0011533546494320035	0.0010104048997163773	0.0021660097409039736	0.0014736902667209506	0.0010147958528250456	0.9662771821022034	0.0012574648717418313	0.0183492973446846
377	neutral	../final/models/models_2nd_run/model1_0	../final/models/models_2nd_run/model1_0	anger	0.961254894733429	0.001067467383109033	0.002379419282078743	0.0017636080738157034	0.00870893057435751	0.0014000671217218041	0.011266723275184631	0.0019848188385367393	0.00197415123693645	0.961254894733429	0.002131915418431163	0.0026243797037750483	0.0034436273854225874
378	embarrassment	../final/models/models_2nd_run/model1_0	../final/models/models_2nd_run/model1_0	embarrassment	0.8266327977180481	0.00661453977227211	0.007178778760135174	0.8266327977180481	0.004461305215954781	0.00526833301410079	0.08638978004455566	0.014870726503431797	0.0036055485252290964	0.0381438322365284	0.001440828200429678	0.0029722326435148716	0.0024212731514126062
379	surprise	../final/models/models_2nd_run/model1_0	../final/models/models_2nd_run/model1_0	confusion	0.29574668407440186	0.0054477215744555	0.0052207233384251595	0.008633648045361042	0.08838608860969543	0.006778273265808821	0.004526030272245407	0.008617818355560303	0.29574668407440186	0.002803490264341235	0.20729677379131317	0.24178887903690338	0.12475383281707764
380	excitement	../final/models/models_2nd_run/model1_0	../final/models/models_2nd_run/model1_0	excitement	0.6243881583213806	0.0013873630668967962	0.00241729780100286	0.002539893379434943	0.038289863616228104	0.0031575800385326147	0.003185105277225375	0.004235332366079092	0.004879504907876253	0.005076549481600523	0.032270751893520355	0.27817264199256897	0.6243881583213806
381	neutral	../final/models/models_2nd_run/model1_0	../final/models/models_2nd_run/model1_0	disgust	0.6688270568847656	0.014534796588122845	0.10105070471763611	0.019454872235655785	0.017391983419656754	0.11122836917638779	0.6688270568847656	0.000908041896764189	0.016836781054735184	0.03455314040184021	0.0023635609541088343	0.010247369296848774	0.002603360917419195
382	neutral	../final/models/models_2nd_run/model1_0	../final/models/models_2nd_run/model1_0	neutral	0.41359245777130127	0.012548420578241348	0.060732051730155945	0.08881232142448425	0.41359245777130127	0.014749240130186081	0.30516642332077026	0.004841195419430733	0.026278292760252953	0.015309828333556652	0.008645117282867432	0.04120095446705818	0.008123649284243584
383	neutral	../final/models/models_2nd_run/model1_0	../final/models/models_2nd_run/model1_0	neutral	0.9275155067443848	0.0026862001977860928	0.0025105755776166916	0.001137092593125999	0.9275155067443848	0.003383175702765584	0.0021137730218470097	0.007178789470344782	0.02022879756987095	0.00449503306299448	0.009561204351484776	0.0037278637755662203	0.015461855567991734
384	joy	../final/models/models_2nd_run/model1_0	../final/models/models_2nd_run/model1_0	joy	0.9685513377189636	0.001010738778859377	0.0026527829468250275	0.0008387106354348361	0.0055032214149832726	0.0012017475673928857	0.0011518104001879692	0.0026372659485787153	0.0014423307729884982	0.0012393128126859665	0.9685513377189636	0.0010330640943720937	0.012737705372273922
385	excitement	../final/models/models_2nd_run/model1_0	../final/models/models_2nd_run/model1_0	excitement	0.7905072569847107	0.0011547612957656384	0.001532189198769629	0.000924479216337204	0.013774720951914787	0.001631462830118835	0.001183618907816708	0.0031318559776991606	0.0017848972929641604	0.0016917329048737884	0.1772584468126297	0.005424612667411566	0.7905072569847107
386	surprise	../final/models/models_2nd_run/model1_0	../final/models/models_2nd_run/model1_0	surprise	0.9096189737319946	0.0012184815714135766	0.0016561112133786082	0.005875851958990097	0.01341058686375618	0.002571719465777278	0.005436669569462538	0.001320202019996941	0.00848474446684122	0.005503848660737276	0.003029331797733903	0.9096189737319946	0.041873469948768616
387	disgust	../final/models/models_2nd_run/model1_0	../final/models/models_2nd_run/model1_0	disgust	0.911769449710846	0.002135254442691803	0.008082147687673569	0.018812814727425575	0.005637711845338345	0.0047096130438148975	0.911769449710846	0.001183590735308826	0.005889270920306444	0.038161687552928925	0.0009525699424557388	0.001842751633375883	0.0008231067913584411
388	disgust	../final/models/models_2nd_run/model1_0	../final/models/models_2nd_run/model1_0	disgust	0.9133935570716858	0.001957168336957693	0.006500331684947014	0.009300761856138706	0.010327680967748165	0.008270544931292534	0.9133935570716858	0.0006928702932782471	0.0038351849652826786	0.038816358894109726	0.0010449883993715048	0.004493155982345343	0.0013674760702997446
389	disgust	../final/models/models_2nd_run/model1_0	../final/models/models_2nd_run/model1_0	disgust	0.8359220623970032	0.009144549258053303	0.010223780758678913	0.030663205310702324	0.013743746094405651	0.06913889944553375	0.8359220623970032	0.0008894662605598569	0.005854035262018442	0.017171461135149002	0.0011375605827197433	0.0046453275717794895	0.001465923385694623
390	neutral	../final/models/models_2nd_run/model1_0	../final/models/models_2nd_run/model1_0	neutral	0.7088114023208618	0.00537888053804636	0.010784335434436798	0.003247214946895838	0.7088114023208618	0.012024279683828354	0.01947052963078022	0.00632453802973032	0.008924359455704689	0.011066093109548092	0.12221790105104446	0.01349859032779932	0.07825195044279099
391	anger	../final/models/models_2nd_run/model1_0	../final/models/models_2nd_run/model1_0	neutral	0.7209586501121521	0.008624715730547905	0.008512544445693493	0.002488561673089862	0.7209586501121521	0.02620507776737213	0.011269070208072662	0.0015982757322490215	0.14490559697151184	0.054881978780031204	0.003591998713091016	0.011416296474635601	0.005547309294342995
392	neutral	../final/models/models_2nd_run/model1_0	../final/models/models_2nd_run/model1_0	neutral	0.7156342267990112	0.0069770910777151585	0.014886965975165367	0.03246892988681793	0.7156342267990112	0.004143585916608572	0.008020961657166481	0.04954364895820618	0.015110569074749947	0.006350139155983925	0.039559997618198395	0.053983546793460846	0.05332033708691597
393	neutral	../final/models/models_2nd_run/model1_0	../final/models/models_2nd_run/model1_0	neutral	0.9191341400146484	0.002080470323562622	0.0042493450455367565	0.001174102770164609	0.9191341400146484	0.002277446212247014	0.0024180517066270113	0.0022977713961154222	0.05019127577543259	0.008366762660443783	0.002246497431769967	0.0032258005812764168	0.0023384809028357267
394	joy	../final/models/models_2nd_run/model1_0	../final/models/models_2nd_run/model1_0	excitement	0.5864176154136658	0.002219600835815072	0.003609518753364682	0.002481907606124878	0.03286635875701904	0.0017241520108655095	0.001989225624129176	0.022662196308374405	0.002470942446961999	0.0017787908436730504	0.3355367183685303	0.006243021227419376	0.5864176154136658
395	sadness	../final/models/models_2nd_run/model1_0	../final/models/models_2nd_run/model1_0	sadness	0.979007363319397	0.0034985558595508337	0.979007363319397	0.002101702382788062	0.003628239966928959	0.0022981592919677496	0.0011590399080887437	0.0006241612718440592	0.00125118310097605	0.0011929016327485442	0.003104878356680274	0.0012924420880153775	0.0008413125760853291
396	fear	../final/models/models_2nd_run/model1_0	../final/models/models_2nd_run/model1_0	fear	0.9196272492408752	0.044539690017700195	0.004790409933775663	0.001816707430407405	0.004060054663568735	0.9196272492408752	0.006794618908315897	0.0010798227740451694	0.004790332168340683	0.0034351502545177937	0.0038547622971236706	0.002332654083147645	0.002878585597500205
397	nervousness	../final/models/models_2nd_run/model1_0	../final/models/models_2nd_run/model1_0	nervousness	0.8399341702461243	0.8399341702461243	0.008603701367974281	0.011126343160867691	0.004360465798527002	0.09020949900150299	0.0035011875443160534	0.012870505452156067	0.004645509645342827	0.003498489037156105	0.007385205011814833	0.0024361442774534225	0.011428833939135075
398	confusion	../final/models/models_2nd_run/model1_0	../final/models/models_2nd_run/model1_0	confusion	0.9288254380226135	0.008037306368350983	0.02491346187889576	0.005421677604317665	0.017023449763655663	0.0036722952499985695	0.001859107636846602	0.0014533055946230888	0.9288254380226135	0.003221888095140457	0.0015177227323874831	0.003114525694400072	0.0009399018017575145
399	neutral	../final/models/models_2nd_run/model1_0	../final/models/models_2nd_run/model1_0	anger	0.6315235495567322	0.006646472495049238	0.041245173662900925	0.031242499127984047	0.17449350655078888	0.004725199192762375	0.08034886419773102	0.00697995675727725	0.01574558950960636	0.6315235495567322	0.002105140592902899	0.003390072612091899	0.00155400182120502
400	surprise	../final/models/models_2nd_run/model1_0	../final/models/models_2nd_run/model1_0	neutral	0.3601020574569702	0.0037875697016716003	0.007633736357092857	0.007799528073519468	0.3601020574569702	0.006732044275850058	0.009475554339587688	0.004241072107106447	0.2177039235830307	0.004958793055266142	0.007976318709552288	0.3416783809661865	0.027911074459552765
401	surprise	../final/models/models_2nd_run/model1_0	../final/models/models_2nd_run/model1_0	surprise	0.9591256380081177	0.0007013248978182673	0.002048715716227889	0.0018367660231888294	0.00668229628354311	0.0012984847417101264	0.0015134104760363698	0.0007744224858470261	0.0062241642735898495	0.0022903589997440577	0.002258172957226634	0.9591256380081177	0.015246106311678886
402	joy	../final/models/models_2nd_run/model1_0	../final/models/models_2nd_run/model1_0	joy	0.9368998408317566	0.0007943494128994644	0.0018308705184608698	0.0006905581685714424	0.005105943884700537	0.0011920969700440764	0.0009754618513397872	0.00227792514488101	0.001574672874994576	0.0009367662714794278	0.9368998408317566	0.0017330333357676864	0.04598838463425636
403	confusion	../final/models/models_2nd_run/model1_0	../final/models/models_2nd_run/model1_0	confusion	0.7740921378135681	0.002138155046850443	0.004304084926843643	0.003661707742139697	0.08676403015851974	0.002244852716103196	0.002885030349716544	0.0015339137753471732	0.7740921378135681	0.0020979996770620346	0.00456067081540823	0.10792148858308792	0.0077958544716238976
404	neutral	../final/models/models_2nd_run/model1_0	../final/models/models_2nd_run/model1_0	neutral	0.5410126447677612	0.004703612066805363	0.008859347552061081	0.002393824514001608	0.5410126447677612	0.004556134808808565	0.011274654418230057	0.0024547558277845383	0.39160189032554626	0.02386646904051304	0.003517949255183339	0.0038303600158542395	0.0019283510046079755
405	excitement	../final/models/models_2nd_run/model1_0	../final/models/models_2nd_run/model1_0	excitement	0.9647513031959534	0.0013447803212329745	0.0008209591615013778	0.0010118902428075671	0.006588843185454607	0.0014243293553590775	0.0011736343149095774	0.0020353863947093487	0.0014646914787590504	0.0015666703693568707	0.011493893340229988	0.006323549430817366	0.9647513031959534
406	surprise	../final/models/models_2nd_run/model1_0	../final/models/models_2nd_run/model1_0	surprise	0.9515870809555054	0.0008507180027663708	0.0019373795948922634	0.002685777610167861	0.005641772411763668	0.001277765491977334	0.0017882793908938766	0.0008783683297224343	0.007589587010443211	0.001871743006631732	0.0034357712138444185	0.9515870809555054	0.02045595459640026
407	disgust	../final/models/models_2nd_run/model1_0	../final/models/models_2nd_run/model1_0	disgust	0.9516925811767578	0.001464387751184404	0.0027188649401068687	0.006848712917417288	0.005816805176436901	0.0066966405138373375	0.9516925811767578	0.0006265680422075093	0.00280397804453969	0.015714190900325775	0.0010710802162066102	0.003214847296476364	0.0013313561212271452
408	sadness	../final/models/models_2nd_run/model1_0	../final/models/models_2nd_run/model1_0	sadness	0.9506384134292603	0.0064443075098097324	0.9506384134292603	0.01237204484641552	0.008157175034284592	0.001870988868176937	0.0037583347875624895	0.0023113777860999107	0.0018582212505862117	0.007865669205784798	0.002612092299386859	0.00125466613098979	0.0008567159529775381
409	joy	../final/models/models_2nd_run/model1_0	../final/models/models_2nd_run/model1_0	joy	0.9549034833908081	0.0007670146878808737	0.001467317808419466	0.0006919296574778855	0.004213498439639807	0.0011581757571548223	0.0010165146086364985	0.0020932252518832684	0.001764515764079988	0.0010760114528238773	0.9549034833908081	0.0017294440185651183	0.02911887690424919
410	confusion	../final/models/models_2nd_run/model1_0	../final/models/models_2nd_run/model1_0	confusion	0.9730241298675537	0.001549381297081709	0.0015835558297112584	0.001420740969479084	0.010047719813883305	0.0014132612850517035	0.000933568982873112	0.0007333930698223412	0.9730241298675537	0.0011308683315292	0.0012097121216356754	0.005656857509166002	0.0012967422371730208
411	anger	../final/models/models_2nd_run/model1_0	../final/models/models_2nd_run/model1_0	anger	0.9344330430030823	0.001498695812188089	0.0035432588774710894	0.003105543088167906	0.007558317855000496	0.0015210191486403346	0.04014036804437637	0.0019325632601976395	0.0015362839912995696	0.9344330430030823	0.001607852173037827	0.0015955694252625108	0.001527499407529831
412	anger	../final/models/models_2nd_run/model1_0	../final/models/models_2nd_run/model1_0	anger	0.7228494882583618	0.0029421148356050253	0.01539780106395483	0.007718606386333704	0.12960508465766907	0.0023875352926552296	0.10613638907670975	0.0032443501986563206	0.003998792730271816	0.7228494882583618	0.0022495773155242205	0.0020197981502860785	0.0014504968421533704
413	confusion	../final/models/models_2nd_run/model1_0	../final/models/models_2nd_run/model1_0	embarrassment	0.8869661092758179	0.014731338247656822	0.012471755035221577	0.8869661092758179	0.0027170723769813776	0.007908636704087257	0.021803436800837517	0.008152135647833347	0.030288424342870712	0.008203201927244663	0.0009554782300256193	0.004477179609239101	0.001325164339505136
414	confusion	../final/models/models_2nd_run/model1_0	../final/models/models_2nd_run/model1_0	surprise	0.5282679200172424	0.0027060587890446186	0.006689433939754963	0.005360342562198639	0.030829638242721558	0.003072875551879406	0.0030635823495686054	0.0013133110478520393	0.399122029542923	0.006419192999601364	0.003233714960515499	0.5282679200172424	0.009921937249600887
415	anger	../final/models/models_2nd_run/model1_0	../final/models/models_2nd_run/model1_0	anger	0.9255339503288269	0.0013434606371447444	0.005129663739353418	0.00215141661465168	0.025489607825875282	0.001564691192470491	0.019306419417262077	0.002970198169350624	0.0017158283153548837	0.9255339503288269	0.00816048588603735	0.001664378447458148	0.004969961009919643
416	anger	../final/models/models_2nd_run/model1_0	../final/models/models_2nd_run/model1_0	anger	0.6122843623161316	0.010126100853085518	0.12339069694280624	0.020022304728627205	0.0830477774143219	0.00938545260578394	0.11432135105133057	0.0029541158583015203	0.012380583211779594	0.6122843623161316	0.0025209367740899324	0.008090040646493435	0.001476277713663876
417	sadness	../final/models/models_2nd_run/model1_0	../final/models/models_2nd_run/model1_0	sadness	0.9789743423461914	0.003565436229109764	0.9789743423461914	0.0022303611040115356	0.0033066326286643744	0.0019508586265146732	0.0011112693464383483	0.0006812126375734806	0.0014210593653842807	0.0012096100253984332	0.0034641383681446314	0.0013073976151645184	0.0007777178543619812
418	confusion	../final/models/models_2nd_run/model1_0	../final/models/models_2nd_run/model1_0	confusion	0.6664089560508728	0.002820835215970874	0.0030367758590728045	0.0015252598095685244	0.29852408170700073	0.0019817152060568333	0.0015919838333502412	0.002399935619905591	0.6664089560508728	0.004192807245999575	0.003932219464331865	0.00924119632691145	0.004344213753938675
419	neutral	../final/models/models_2nd_run/model1_0	../final/models/models_2nd_run/model1_0	excitement	0.48121148347854614	0.004026354290544987	0.007085254415869713	0.004633796866983175	0.3278973698616028	0.016745002940297127	0.014058510772883892	0.00897168181836605	0.0027121303137391806	0.028857460245490074	0.07464850693941116	0.02915246970951557	0.48121148347854614
420	confusion	../final/models/models_2nd_run/model1_0	../final/models/models_2nd_run/model1_0	confusion	0.9575989842414856	0.0009573777206242085	0.0011992042418569326	0.0009727315627969801	0.025317709892988205	0.0008543230360373855	0.0008864346309565008	0.0008452169713564217	0.9575989842414856	0.0016773795941844583	0.0014634969411417842	0.006845585070550442	0.001381663023494184
421	confusion	../final/models/models_2nd_run/model1_0	../final/models/models_2nd_run/model1_0	confusion	0.9590450525283813	0.001118206069804728	0.0018099346198141575	0.001004936289973557	0.026283154264092445	0.0011046875733882189	0.0010560000082477927	0.0006467620260082185	0.9590450525283813	0.0019233616767451167	0.0012306474382057786	0.0038653642404824495	0.0009119075839407742
422	disgust	../final/models/models_2nd_run/model1_0	../final/models/models_2nd_run/model1_0	disgust	0.6248112320899963	0.0083914864808321	0.01831950433552265	0.1751539558172226	0.031103381887078285	0.01933685690164566	0.6248112320899963	0.0036186662036925554	0.012008351273834705	0.012523673474788666	0.005332013126462698	0.08018366992473602	0.009217150509357452
423	sadness	../final/models/models_2nd_run/model1_0	../final/models/models_2nd_run/model1_0	neutral	0.5749557614326477	0.03510482609272003	0.22667910158634186	0.050435833632946014	0.5749557614326477	0.008950094692409039	0.005675576161593199	0.03764522820711136	0.02420656755566597	0.008550227619707584	0.00948229432106018	0.011041956953704357	0.0072725871577858925
424	sadness	../final/models/models_2nd_run/model1_0	../final/models/models_2nd_run/model1_0	sadness	0.9565691947937012	0.014015846885740757	0.9565691947937012	0.004491270985454321	0.00579196447506547	0.006981174927204847	0.0018219498451799154	0.0011390531435608864	0.0014881727984175086	0.0019827464129775763	0.002963770879432559	0.0016665885923430324	0.0010881389025598764
425	joy	../final/models/models_2nd_run/model1_0	../final/models/models_2nd_run/model1_0	pride	0.47123152017593384	0.01480934675782919	0.006973678711801767	0.012738659046590328	0.03426537290215492	0.0030097474809736013	0.002680436009541154	0.47123152017593384	0.005815166048705578	0.0024835935328155756	0.27233996987342834	0.005104704760015011	0.16854780912399292
426	surprise	../final/models/models_2nd_run/model1_0	../final/models/models_2nd_run/model1_0	surprise	0.9533772468566895	0.0007603043923154473	0.0020968415774405003	0.002140321768820286	0.00739366514608264	0.0015558369923382998	0.0016192630864679813	0.0007756024715490639	0.005114009138196707	0.0018919201102107763	0.0027862079441547394	0.9533772468566895	0.020488835871219635
427	surprise	../final/models/models_2nd_run/model1_0	../final/models/models_2nd_run/model1_0	surprise	0.9022467136383057	0.00082302006194368	0.002521806163713336	0.002069688867777586	0.018168339505791664	0.0016983768437057734	0.002553700003772974	0.0010487892432138324	0.00626356853172183	0.003009569365531206	0.006524544674903154	0.9022467136383057	0.053071893751621246
428	disgust	../final/models/models_2nd_run/model1_0	../final/models/models_2nd_run/model1_0	disgust	0.8887362480163574	0.002102223690599203	0.005292542278766632	0.012206600978970528	0.009337332099676132	0.002936501521617174	0.8887362480163574	0.0011060701217502356	0.0043535684235394	0.06966390460729599	0.0011041909456253052	0.0020378665067255497	0.0011230303207412362
429	sadness	../final/models/models_2nd_run/model1_0	../final/models/models_2nd_run/model1_0	sadness	0.8155577778816223	0.004429171327501535	0.8155577778816223	0.00660264678299427	0.009980225935578346	0.0019066758686676621	0.003212518058717251	0.004922137130051851	0.0033320600632578135	0.0028750437777489424	0.1392686367034912	0.0030367947183549404	0.004876297432929277
430	anger	../final/models/models_2nd_run/model1_0	../final/models/models_2nd_run/model1_0	anger	0.8052132725715637	0.006447510328143835	0.07371747493743896	0.005352100823074579	0.05452965572476387	0.004096288233995438	0.03395257517695427	0.004955003969371319	0.0021747329737991095	0.8052132725715637	0.005382230971008539	0.0016978408675640821	0.002481299452483654
431	confusion	../final/models/models_2nd_run/model1_0	../final/models/models_2nd_run/model1_0	confusion	0.9707499146461487	0.0010678278049454093	0.001319846953265369	0.001090751844458282	0.01461120042949915	0.0011036713840439916	0.0008743216167204082	0.0007099052309058607	0.9707499146461487	0.0015710744773969054	0.001088212477043271	0.004718260373920202	0.0010950767900794744
432	disgust	../final/models/models_2nd_run/model1_0	../final/models/models_2nd_run/model1_0	disgust	0.727855384349823	0.00986693985760212	0.15304970741271973	0.03107026033103466	0.024441255256533623	0.022077467292547226	0.727855384349823	0.0015494809485971928	0.005814983043819666	0.016510656103491783	0.0027579658199101686	0.003606912214308977	0.0013989212457090616
433	confusion	../final/models/models_2nd_run/model1_0	../final/models/models_2nd_run/model1_0	confusion	0.6295015811920166	0.017472105100750923	0.04192459583282471	0.03510097414255142	0.1104293167591095	0.01105041615664959	0.007401393726468086	0.004202031996101141	0.6295015811920166	0.004360796418040991	0.0039559719152748585	0.1309308409690857	0.003670002333819866
434	confusion	../final/models/models_2nd_run/model1_0	../final/models/models_2nd_run/model1_0	confusion	0.9514917135238647	0.0010702848667278886	0.0017119749682024121	0.0011334401788190007	0.029392117634415627	0.0011161359725520015	0.0011651485692709684	0.0006417983677238226	0.9514917135238647	0.0018432550132274628	0.0011741576017811894	0.008013277314603329	0.0012467486085370183
435	neutral	../final/models/models_2nd_run/model1_0	../final/models/models_2nd_run/model1_0	surprise	0.9007986783981323	0.0011314378352835774	0.0020395833998918533	0.0035576752852648497	0.023130349814891815	0.002855201018974185	0.004534301348030567	0.0012279492802917957	0.014716783538460732	0.0030186353251338005	0.003405465977266431	0.9007986783981323	0.039583973586559296
436	excitement	../final/models/models_2nd_run/model1_0	../final/models/models_2nd_run/model1_0	excitement	0.5467087030410767	0.001193188363686204	0.002011727076023817	0.0010165795683860779	0.01422431692481041	0.0018499046564102173	0.0013756683329120278	0.003331192536279559	0.001948889228515327	0.001847975654527545	0.41897669434547424	0.005515103228390217	0.5467087030410767
437	fear	../final/models/models_2nd_run/model1_0	../final/models/models_2nd_run/model1_0	fear	0.9056949019432068	0.05614403262734413	0.005609504878520966	0.0021855414379388094	0.003469590563327074	0.9056949019432068	0.0058798231184482574	0.0012791462941095233	0.006891949102282524	0.003046405967324972	0.004302539862692356	0.002420933684334159	0.0030756902415305376
438	neutral	../final/models/models_2nd_run/model1_0	../final/models/models_2nd_run/model1_0	neutral	0.9523698091506958	0.0032551444601267576	0.00444175535812974	0.0013712822692468762	0.9523698091506958	0.0060069444589316845	0.004093669820576906	0.0032958011142909527	0.005573526490479708	0.012755508534610271	0.0024824461434036493	0.0016480828635394573	0.0027060408610850573
439	neutral	../final/models/models_2nd_run/model1_0	../final/models/models_2nd_run/model1_0	excitement	0.6859765648841858	0.0012242000084370375	0.002089638961479068	0.0013829503441229463	0.04578998312354088	0.0013899157056584954	0.0013821875909343362	0.013136129826307297	0.0033116063568741083	0.003278713906183839	0.23157308995723724	0.009464973583817482	0.6859765648841858
440	sadness	../final/models/models_2nd_run/model1_0	../final/models/models_2nd_run/model1_0	sadness	0.9417881965637207	0.0035017700865864754	0.9417881965637207	0.0065280115231871605	0.020262937992811203	0.002631900366395712	0.009083831682801247	0.0009332222980447114	0.003168536117300391	0.004129020497202873	0.0038639195263385773	0.002822337904945016	0.0012863435549661517
441	surprise	../final/models/models_2nd_run/model1_0	../final/models/models_2nd_run/model1_0	surprise	0.9418414831161499	0.0008274777210317552	0.004100533202290535	0.0037751805502921343	0.014675095677375793	0.0014110174961388111	0.004097753670066595	0.000956480682361871	0.00785101018846035	0.006850286852568388	0.0022060642950236797	0.9418414831161499	0.011407682672142982
442	disgust	../final/models/models_2nd_run/model1_0	../final/models/models_2nd_run/model1_0	disgust	0.9300237894058228	0.0018595348810777068	0.0038067277055233717	0.023928504437208176	0.0053515140898525715	0.005583403166383505	0.9300237894058228	0.0011682367185130715	0.0025165914557874203	0.021377505734562874	0.0010008113458752632	0.0022234080825001	0.001160062849521637
443	disgust	../final/models/models_2nd_run/model1_0	../final/models/models_2nd_run/model1_0	anger	0.9023470282554626	0.001588762504979968	0.0032868601847440004	0.0031703875865787268	0.008743937127292156	0.00261462084017694	0.06921717524528503	0.0012784522259607911	0.0019468041136860847	0.9023470282554626	0.001305290381424129	0.002747110091149807	0.0017537294188514352
444	confusion	../final/models/models_2nd_run/model1_0	../final/models/models_2nd_run/model1_0	confusion	0.771263599395752	0.001564976992085576	0.001834448310546577	0.001361632952466607	0.1974523961544037	0.0013573577161878347	0.0017319692997261882	0.0018423491856083274	0.771263599395752	0.004800839815288782	0.003222866915166378	0.010429276153445244	0.003138347063213587
445	excitement	../final/models/models_2nd_run/model1_0	../final/models/models_2nd_run/model1_0	excitement	0.6467049717903137	0.0013026341330260038	0.0028794833924621344	0.002415167400613427	0.04464692249894142	0.0032270834781229496	0.0036100971046835184	0.0034603625535964966	0.00513278366997838	0.0054781474173069	0.057883862406015396	0.22325852513313293	0.6467049717903137
446	disgust	../final/models/models_2nd_run/model1_0	../final/models/models_2nd_run/model1_0	anger	0.8664199113845825	0.002645607804879546	0.011456836946308613	0.005178660620003939	0.008880456909537315	0.0023072364274412394	0.08959583193063736	0.0028099033515900373	0.0033141528256237507	0.8664199113845825	0.003357870504260063	0.0019418292213231325	0.0020917353685945272
447	disgust	../final/models/models_2nd_run/model1_0	../final/models/models_2nd_run/model1_0	disgust	0.5100660920143127	0.010119661688804626	0.02049330808222294	0.3460083305835724	0.02584727108478546	0.010465327650308609	0.5100660920143127	0.005876201670616865	0.009176370687782764	0.012976225465536118	0.007266257889568806	0.03295658901333809	0.008748454041779041
448	sadness	../final/models/models_2nd_run/model1_0	../final/models/models_2nd_run/model1_0	fear	0.8915888071060181	0.03703898563981056	0.009026014246046543	0.0018553154077380896	0.012929531745612621	0.8915888071060181	0.014290076680481434	0.001225341809913516	0.006703579798340797	0.015021494589745998	0.0031739496625959873	0.0037133852019906044	0.0034334929659962654
449	fear	../final/models/models_2nd_run/model1_0	../final/models/models_2nd_run/model1_0	disgust	0.6714073419570923	0.011144278571009636	0.012835981324315071	0.015592608600854874	0.010575620457530022	0.2250540852546692	0.6714073419570923	0.0013385466299951077	0.0063947951421141624	0.03730917349457741	0.002322397893294692	0.003804336069151759	0.0022208564914762974
450	joy	../final/models/models_2nd_run/model1_0	../final/models/models_2nd_run/model1_0	joy	0.9646055102348328	0.0010421405313536525	0.0023467568680644035	0.0010506397811695933	0.007284380495548248	0.001252753078006208	0.0014646523632109165	0.002708363113924861	0.0018363927956670523	0.001429044408723712	0.9646055102348328	0.0014257277362048626	0.013553599826991558
451	sadness	../final/models/models_2nd_run/model1_0	../final/models/models_2nd_run/model1_0	sadness	0.977681577205658	0.003570448374375701	0.977681577205658	0.0022950631100684404	0.0030710503924638033	0.003607349004596472	0.0018248512642458081	0.0004974663024768233	0.0014961381675675511	0.0016491685528308153	0.002196724060922861	0.0013809727970510721	0.0007292074733413756
452	neutral	../final/models/models_2nd_run/model1_0	../final/models/models_2nd_run/model1_0	anger	0.9194732904434204	0.00142198137473315	0.0029164268635213375	0.002660998608916998	0.013546177186071873	0.0017240919405594468	0.025747649371623993	0.0013543908717110753	0.025399528443813324	0.9194732904434204	0.0013400543248280883	0.00312801287509501	0.001287213177420199
453	confusion	../final/models/models_2nd_run/model1_0	../final/models/models_2nd_run/model1_0	confusion	0.8387056589126587	0.0011067200684919953	0.0018919408321380615	0.0011110134655609727	0.13260813057422638	0.001146602793596685	0.0014699418097734451	0.0013874319847673178	0.8387056589126587	0.004847245290875435	0.0025948365218937397	0.010537932626903057	0.0025926451198756695
454	neutral	../final/models/models_2nd_run/model1_0	../final/models/models_2nd_run/model1_0	confusion	0.8824830055236816	0.0021790864411741495	0.012149582616984844	0.004731503315269947	0.06844732910394669	0.0013231734046712518	0.002329377457499504	0.0012731573078781366	0.8824830055236816	0.010831681080162525	0.0012791401240974665	0.011935275048017502	0.0010376273421570659
455	sadness	../final/models/models_2nd_run/model1_0	../final/models/models_2nd_run/model1_0	sadness	0.9756631255149841	0.003055462148040533	0.9756631255149841	0.004506478551775217	0.0054284678772091866	0.0014635012485086918	0.0019337303237989545	0.0007453292491845787	0.00180644856300205	0.001590133411809802	0.0018947739154100418	0.0013506379909813404	0.0005618812865577638
456	surprise	../final/models/models_2nd_run/model1_0	../final/models/models_2nd_run/model1_0	surprise	0.9252253770828247	0.0008829476428218186	0.0019823701586574316	0.002540768124163151	0.016756640747189522	0.0015249805292114615	0.002450358821079135	0.0011066324077546597	0.008082740940153599	0.0031422358006238937	0.004072232637554407	0.9252253770828247	0.032232776284217834
457	disgust	../final/models/models_2nd_run/model1_0	../final/models/models_2nd_run/model1_0	confusion	0.9228886961936951	0.002444694982841611	0.003944774158298969	0.003830968402326107	0.024120008572936058	0.0026223333552479744	0.024724308401346207	0.0008889205637387931	0.9228886961936951	0.006377653684467077	0.002198981586843729	0.004887895658612251	0.0010707626352086663
458	sadness	../final/models/models_2nd_run/model1_0	../final/models/models_2nd_run/model1_0	sadness	0.7702540159225464	0.016874484717845917	0.7702540159225464	0.035477589815855026	0.11556343734264374	0.008674956858158112	0.0074140820652246475	0.00587417371571064	0.022408006712794304	0.0065157487988471985	0.0036333492025732994	0.004927399568259716	0.002382623264566064
459	surprise	../final/models/models_2nd_run/model1_0	../final/models/models_2nd_run/model1_0	surprise	0.6582905650138855	0.0013396365102380514	0.0026807759422808886	0.0027373696211725473	0.03790547326207161	0.003769561182707548	0.0043168882839381695	0.002476299647241831	0.006863313261419535	0.008121119812130928	0.018668053671717644	0.6582905650138855	0.25283101201057434
460	disgust	../final/models/models_2nd_run/model1_0	../final/models/models_2nd_run/model1_0	fear	0.30714166164398193	0.12706391513347626	0.25099751353263855	0.028406916186213493	0.11072342097759247	0.30714166164398193	0.10673758387565613	0.002753756707534194	0.019742118194699287	0.01095503568649292	0.017747674137353897	0.007913725450634956	0.009816715493798256
461	surprise	../final/models/models_2nd_run/model1_0	../final/models/models_2nd_run/model1_0	sadness	0.730187714099884	0.05006986856460571	0.730187714099884	0.06347457319498062	0.008172600530087948	0.015865761786699295	0.0042871576733887196	0.0026684484910219908	0.051538508385419846	0.0026898763608187437	0.005313831847161055	0.06119541451334953	0.004536282271146774
462	disgust	../final/models/models_2nd_run/model1_0	../final/models/models_2nd_run/model1_0	disgust	0.9074693322181702	0.0022205684799700975	0.0030816548969596624	0.020559903234243393	0.006552807986736298	0.007207655813544989	0.9074693322181702	0.0011877495562657714	0.02302245981991291	0.02034282125532627	0.0010914579033851624	0.00578145170584321	0.0014821809018030763
463	confusion	../final/models/models_2nd_run/model1_0	../final/models/models_2nd_run/model1_0	nervousness	0.6034693717956543	0.6034693717956543	0.02293408289551735	0.005558467470109463	0.016480790451169014	0.3052308261394501	0.003299266565591097	0.00612669438123703	0.014481169171631336	0.005309819709509611	0.006838012952357531	0.0035717119462788105	0.0066997897811234
464	joy	../final/models/models_2nd_run/model1_0	../final/models/models_2nd_run/model1_0	joy	0.9708651900291443	0.0010650909971445799	0.0022892483975738287	0.0008041023975238204	0.0044897678308188915	0.0014138327678665519	0.0013731305953115225	0.0022846278734505177	0.001833644462749362	0.0013979623327031732	0.9708651900291443	0.0011536809615790844	0.011029817163944244
465	anger	../final/models/models_2nd_run/model1_0	../final/models/models_2nd_run/model1_0	anger	0.4822784662246704	0.0075533390045166016	0.031791526824235916	0.021926386281847954	0.34375855326652527	0.0045087155885994434	0.08487759530544281	0.00857324805110693	0.007966584526002407	0.4822784662246704	0.002008062321692705	0.002988238353282213	0.001769253984093666
466	joy	../final/models/models_2nd_run/model1_0	../final/models/models_2nd_run/model1_0	joy	0.9455599188804626	0.001229170709848404	0.0017786407843232155	0.0010673137148842216	0.006153663154691458	0.0010973229072988033	0.0008750807028263807	0.007798349019140005	0.0016829412197694182	0.0009690760052762926	0.9455599188804626	0.0012125413632020354	0.03057597391307354
467	disgust	../final/models/models_2nd_run/model1_0	../final/models/models_2nd_run/model1_0	disgust	0.9529671669006348	0.0014755887677893043	0.0028182994574308395	0.0071489643305540085	0.005897510331124067	0.005924450233578682	0.9529671669006348	0.0006877259002067149	0.002764786360785365	0.015170179307460785	0.0010896564926952124	0.002774276304990053	0.0012815003283321857
468	anger	../final/models/models_2nd_run/model1_0	../final/models/models_2nd_run/model1_0	disgust	0.5350543260574341	0.006920854095369577	0.015652189031243324	0.05653658136725426	0.13322821259498596	0.012999610975384712	0.5350543260574341	0.003914495464414358	0.019553301855921745	0.18087998032569885	0.006192379165440798	0.020670436322689056	0.008397607132792473
469	fear	../final/models/models_2nd_run/model1_0	../final/models/models_2nd_run/model1_0	fear	0.9076043963432312	0.05218574404716492	0.007942506112158298	0.0017971337074413896	0.004243030212819576	0.9076043963432312	0.006395685486495495	0.0010725215543061495	0.004920207895338535	0.0037472399417310953	0.004105144180357456	0.002727074548602104	0.0032593817450106144
470	confusion	../final/models/models_2nd_run/model1_0	../final/models/models_2nd_run/model1_0	confusion	0.9671231508255005	0.0011467154836282134	0.0011169383069500327	0.0015459901187568903	0.013578000478446484	0.0010655547957867384	0.0009525277419015765	0.0007458945619873703	0.9671231508255005	0.0018460812279954553	0.001026331097818911	0.008435143157839775	0.0014176747063174844
471	surprise	../final/models/models_2nd_run/model1_0	../final/models/models_2nd_run/model1_0	anger	0.7536570429801941	0.0024963784962892532	0.006495185662060976	0.009406178258359432	0.023530585691332817	0.0076057193800807	0.08040075749158859	0.002007500035688281	0.005856464616954327	0.7536570429801941	0.0027865334413945675	0.09402096271514893	0.011736751534044743
472	surprise	../final/models/models_2nd_run/model1_0	../final/models/models_2nd_run/model1_0	excitement	0.9159989953041077	0.0010689934715628624	0.0015350113390013576	0.000981399673037231	0.021201010793447495	0.0015001707943156362	0.0010951723670586944	0.0029388507828116417	0.0015402243006974459	0.0018103696638718247	0.041458502411842346	0.008871319703757763	0.9159989953041077
473	joy	../final/models/models_2nd_run/model1_0	../final/models/models_2nd_run/model1_0	joy	0.9484565854072571	0.0010714337695389986	0.0015323690604418516	0.0009088381193578243	0.009453954175114632	0.0012394835939630866	0.0011422280222177505	0.0030378070659935474	0.001727938768453896	0.0014212253736332059	0.9484565854072571	0.0012795415241271257	0.028728578239679337
474	embarrassment	../final/models/models_2nd_run/model1_0	../final/models/models_2nd_run/model1_0	embarrassment	0.330530047416687	0.03721122443675995	0.018782025203108788	0.330530047416687	0.201208233833313	0.01275469921529293	0.02742215432226658	0.20841790735721588	0.016916144639253616	0.01886020414531231	0.030923783779144287	0.012866705656051636	0.08410689234733582
475	joy	../final/models/models_2nd_run/model1_0	../final/models/models_2nd_run/model1_0	confusion	0.6334341168403625	0.0026745221111923456	0.0031211785972118378	0.0016343446914106607	0.3077402710914612	0.00331162684597075	0.0027962299063801765	0.0026221934240311384	0.6334341168403625	0.0037902742624282837	0.01811976172029972	0.012205484323203564	0.008550027385354042
476	anger	../final/models/models_2nd_run/model1_0	../final/models/models_2nd_run/model1_0	anger	0.9447715878486633	0.0010569555452093482	0.001966402167454362	0.0023538926616311073	0.014697344973683357	0.0014876052737236023	0.017737817019224167	0.0018862829310819507	0.002202525269240141	0.9447715878486633	0.0022502476349473	0.004571736324578524	0.005017728544771671
477	disgust	../final/models/models_2nd_run/model1_0	../final/models/models_2nd_run/model1_0	embarrassment	0.3720681667327881	0.051290761679410934	0.14394915103912354	0.3720681667327881	0.08314745128154755	0.040951166301965714	0.2309451699256897	0.008658207952976227	0.008677584119141102	0.044303249567747116	0.0035785562358796597	0.008810778148472309	0.0036197274457663298
478	sadness	../final/models/models_2nd_run/model1_0	../final/models/models_2nd_run/model1_0	anger	0.4277087152004242	0.008194295689463615	0.3727940320968628	0.02043646015226841	0.08748408406972885	0.0028805709443986416	0.04564419761300087	0.011243157088756561	0.005804065614938736	0.4277087152004242	0.01224804949015379	0.0033132254611700773	0.0022491770796477795
479	surprise	../final/models/models_2nd_run/model1_0	../final/models/models_2nd_run/model1_0	surprise	0.8123811483383179	0.0012433378724381328	0.0019617259968072176	0.0027213150169700384	0.01881093531847	0.001964982133358717	0.0019554304890334606	0.002114370698109269	0.030086291953921318	0.004701611585915089	0.008042965084314346	0.8123811483383179	0.1140158623456955
480	disgust	../final/models/models_2nd_run/model1_0	../final/models/models_2nd_run/model1_0	disgust	0.9405636787414551	0.002427909290418029	0.004356444347649813	0.013152463361620903	0.006082362029701471	0.013484089635312557	0.9405636787414551	0.0008867107680998743	0.0036365713458508253	0.009842128492891788	0.0015833353390917182	0.002766581252217293	0.0012177700409665704
481	surprise	../final/models/models_2nd_run/model1_0	../final/models/models_2nd_run/model1_0	confusion	0.3302668333053589	0.005838571581989527	0.008097084239125252	0.02075713314116001	0.20406922698020935	0.021549779921770096	0.04455341026186943	0.0031781538855284452	0.3302668333053589	0.007681830320507288	0.04065600037574768	0.25511208176612854	0.05824001878499985
482	disgust	../final/models/models_2nd_run/model1_0	../final/models/models_2nd_run/model1_0	disgust	0.9337959289550781	0.0022234218195080757	0.005352509208023548	0.0060536619275808334	0.00764458766207099	0.013831976801156998	0.9337959289550781	0.0006479943403974175	0.0032428160775452852	0.020467720925807953	0.0013165439013391733	0.003784304019063711	0.0016386308707296848
483	neutral	../final/models/models_2nd_run/model1_0	../final/models/models_2nd_run/model1_0	neutral	0.9321068525314331	0.005242223851382732	0.005828232504427433	0.0033366724383085966	0.9321068525314331	0.0036006434820592403	0.003086272394284606	0.01740329898893833	0.003908345941454172	0.00870920903980732	0.00792857725173235	0.001682837726548314	0.007166818715631962
484	neutral	../final/models/models_2nd_run/model1_0	../final/models/models_2nd_run/model1_0	neutral	0.6187667846679688	0.00153388234321028	0.0067771743051707745	0.0031009428203105927	0.6187667846679688	0.003193930722773075	0.009418834932148457	0.010193463414907455	0.01420782320201397	0.07764891535043716	0.022206775844097137	0.08497896045446396	0.1479724645614624
485	neutral	../final/models/models_2nd_run/model1_0	../final/models/models_2nd_run/model1_0	confusion	0.7785099148750305	0.0019640352111309767	0.002021957654505968	0.0013961363583803177	0.18991845846176147	0.0017027403227984905	0.0015616008313372731	0.0019248921889811754	0.7785099148750305	0.0033562839962542057	0.003982112742960453	0.009310168214142323	0.0043516214936971664
486	disgust	../final/models/models_2nd_run/model1_0	../final/models/models_2nd_run/model1_0	disgust	0.8481095433235168	0.00860260147601366	0.02220889925956726	0.03059624880552292	0.013535496778786182	0.05170472338795662	0.8481095433235168	0.0011474346974864602	0.0036535158287733793	0.013105235062539577	0.002684833714738488	0.0031096937600523233	0.0015417770482599735
487	fear	../final/models/models_2nd_run/model1_0	../final/models/models_2nd_run/model1_0	fear	0.927268385887146	0.024298053234815598	0.004583210684359074	0.0019002171466127038	0.006407636683434248	0.927268385887146	0.014231440611183643	0.0008048508316278458	0.005538341589272022	0.0033491633366793394	0.00489392876625061	0.0029985797591507435	0.003726228838786483
488	fear	../final/models/models_2nd_run/model1_0	../final/models/models_2nd_run/model1_0	fear	0.8918130993843079	0.019814157858490944	0.009201521053910255	0.0033906269818544388	0.005013108253479004	0.8918130993843079	0.04590285196900368	0.0008140361169353127	0.006331396754831076	0.007534432224929333	0.003092569997534156	0.00427344860509038	0.00281875510700047
489	neutral	../final/models/models_2nd_run/model1_0	../final/models/models_2nd_run/model1_0	fear	0.3757125437259674	0.034462034702301025	0.26457634568214417	0.008951200172305107	0.11361392587423325	0.3757125437259674	0.07082236558198929	0.001826771767809987	0.01306720357388258	0.08852069824934006	0.004857504274696112	0.019471749663352966	0.004117585252970457
490	neutral	../final/models/models_2nd_run/model1_0	../final/models/models_2nd_run/model1_0	disgust	0.4716087281703949	0.007809460163116455	0.027536649256944656	0.07552187144756317	0.2915725111961365	0.018002953380346298	0.4716087281703949	0.006655069533735514	0.01358356885612011	0.05290102958679199	0.0037743523716926575	0.024476448073983192	0.006557421758770943
491	neutral	../final/models/models_2nd_run/model1_0	../final/models/models_2nd_run/model1_0	neutral	0.6521819233894348	0.014489325694739819	0.0056785838678479195	0.0170233603566885	0.6521819233894348	0.004279457498341799	0.00477122887969017	0.1824820339679718	0.015614334493875504	0.005263976287096739	0.04221734777092934	0.005265980027616024	0.05073246732354164
492	fear	../final/models/models_2nd_run/model1_0	../final/models/models_2nd_run/model1_0	excitement	0.7161208391189575	0.001725723035633564	0.0016822488978505135	0.002645463915541768	0.024108251556754112	0.002806466305628419	0.002207680605351925	0.0061787492595613	0.0034511794801801443	0.003427893156185746	0.02912125177681446	0.2065243273973465	0.7161208391189575
493	excitement	../final/models/models_2nd_run/model1_0	../final/models/models_2nd_run/model1_0	excitement	0.9669027924537659	0.0019352337112650275	0.0008351005963049829	0.001107043121010065	0.005730923265218735	0.0016094421735033393	0.0010957129998132586	0.0027430837508291006	0.0014179714489728212	0.0014595510438084602	0.009714319370687008	0.005448820535093546	0.9669027924537659
494	surprise	../final/models/models_2nd_run/model1_0	../final/models/models_2nd_run/model1_0	anger	0.7194734215736389	0.004539562854915857	0.02410757727921009	0.01041297148913145	0.02151225507259369	0.015840180218219757	0.13801361620426178	0.0013650375185534358	0.00988136138767004	0.7194734215736389	0.0016152984462678432	0.04921472817659378	0.004023953340947628
495	nervousness	../final/models/models_2nd_run/model1_0	../final/models/models_2nd_run/model1_0	anger	0.7855737209320068	0.0043768915347754955	0.004053183365613222	0.006292279809713364	0.03551590070128441	0.012612741440534592	0.03037221170961857	0.0023266554344445467	0.10440682619810104	0.7855737209320068	0.001572737586684525	0.00943385623395443	0.003462993772700429
496	anger	../final/models/models_2nd_run/model1_0	../final/models/models_2nd_run/model1_0	anger	0.8806400299072266	0.0017082532867789268	0.007188040763139725	0.007360230665653944	0.0339013896882534	0.0011634270194917917	0.05614567920565605	0.003911015577614307	0.0023026312701404095	0.8806400299072266	0.002347861649468541	0.0016599424416199327	0.0016716010868549347
497	joy	../final/models/models_2nd_run/model1_0	../final/models/models_2nd_run/model1_0	excitement	0.6132507920265198	0.0012147710658609867	0.0017719269962981343	0.001527234329842031	0.039965756237506866	0.002428055042400956	0.002398391254246235	0.005078132729977369	0.0034304214641451836	0.003185079200193286	0.31809213757514954	0.007657261099666357	0.6132507920265198
498	joy	../final/models/models_2nd_run/model1_0	../final/models/models_2nd_run/model1_0	joy	0.9212087392807007	0.001014743116684258	0.0013903413200750947	0.0008073604549281299	0.012544185854494572	0.0013140859082341194	0.0011577191762626171	0.0038378594908863306	0.0021357738878577948	0.00160427566152066	0.9212087392807007	0.0014492635382339358	0.051535576581954956
499	confusion	../final/models/models_2nd_run/model1_0	../final/models/models_2nd_run/model1_0	confusion	0.8191737532615662	0.0018226868705824018	0.0023914023768156767	0.006370763294398785	0.05780169740319252	0.002818566747009754	0.013329797424376011	0.0017375454772263765	0.8191737532615662	0.0527186393737793	0.00237473682500422	0.03587767854332924	0.0035827618557959795
500	surprise	../final/models/models_2nd_run/model1_0	../final/models/models_2nd_run/model1_0	excitement	0.8911151885986328	0.0009744781418703496	0.0009791532065719366	0.0011935263173654675	0.011753099039196968	0.0013583224499598145	0.0011251871474087238	0.00439313193783164	0.0023945402354002	0.0018069363432005048	0.04952339828014374	0.0333830863237381	0.8911151885986328
501	disgust	../final/models/models_2nd_run/model1_0	../final/models/models_2nd_run/model1_0	disgust	0.3684750199317932	0.013950584456324577	0.21156343817710876	0.018648484721779823	0.296708881855011	0.018378224223852158	0.3684750199317932	0.003035374451428652	0.013886472210288048	0.04449618235230446	0.004659599158912897	0.004213864449411631	0.0019839380402117968
502	pride	../final/models/models_2nd_run/model1_0	../final/models/models_2nd_run/model1_0	pride	0.9406673908233643	0.009342792443931103	0.0022367266938090324	0.014420620165765285	0.004973024129867554	0.0017742961645126343	0.0012293700128793716	0.9406673908233643	0.0031929851975291967	0.003510755253955722	0.007000919431447983	0.0019039229955524206	0.009747272357344627
503	joy	../final/models/models_2nd_run/model1_0	../final/models/models_2nd_run/model1_0	joy	0.9650787711143494	0.0008470167522318661	0.0018110015662387013	0.0008519971743226051	0.004567313008010387	0.0010793815599754453	0.0010726959444582462	0.003210857743397355	0.0015617491444572806	0.0010953849414363503	0.9650787711143494	0.0013840949395671487	0.017439767718315125
504	surprise	../final/models/models_2nd_run/model1_0	../final/models/models_2nd_run/model1_0	disgust	0.4341568946838379	0.007367067504674196	0.014068073593080044	0.0062665678560733795	0.06431526690721512	0.07006167620420456	0.4341568946838379	0.0030233184807002544	0.006781406234949827	0.3788042664527893	0.0027049200143665075	0.008688779547810555	0.0037617322523146868
505	sadness	../final/models/models_2nd_run/model1_0	../final/models/models_2nd_run/model1_0	sadness	0.9616312980651855	0.005303635727614164	0.9616312980651855	0.011875780299305916	0.00405395682901144	0.0025476065929979086	0.0024780549574643373	0.0010149342706426978	0.004368224181234837	0.0016885551158338785	0.0016786837950348854	0.0026669269427657127	0.0006922778557054698
506	confusion	../final/models/models_2nd_run/model1_0	../final/models/models_2nd_run/model1_0	confusion	0.8218266367912292	0.0019751868676394224	0.0020098325330764055	0.0015184595249593258	0.15370284020900726	0.002044804859906435	0.0018372092163190246	0.0011598470155149698	0.8218266367912292	0.002623118693009019	0.0018111173994839191	0.007604366634041071	0.001886658021248877
507	confusion	../final/models/models_2nd_run/model1_0	../final/models/models_2nd_run/model1_0	confusion	0.9618964791297913	0.0013211510377004743	0.0014449548907577991	0.0011806916445493698	0.022601814940571785	0.001073572551831603	0.000980466022156179	0.0006615990423597395	0.9618964791297913	0.0012588382232934237	0.001102298148907721	0.0053387852385640144	0.0011392454616725445
508	joy	../final/models/models_2nd_run/model1_0	../final/models/models_2nd_run/model1_0	joy	0.8956906199455261	0.0031395803671330214	0.005055605433881283	0.003561237594112754	0.03054669126868248	0.0018582541961222887	0.0024916050024330616	0.02139930985867977	0.00753229483962059	0.005479082465171814	0.8956906199455261	0.002485081320628524	0.020760567858815193
509	excitement	../final/models/models_2nd_run/model1_0	../final/models/models_2nd_run/model1_0	joy	0.9098761081695557	0.0009881629375740886	0.001830274355597794	0.0008285903604701161	0.00489732064306736	0.0012166997184976935	0.000901588355191052	0.0036685343366116285	0.001401068875566125	0.001002241624519229	0.9098761081695557	0.0019511841237545013	0.07143835723400116
510	excitement	../final/models/models_2nd_run/model1_0	../final/models/models_2nd_run/model1_0	excitement	0.7667036056518555	0.0051162997260689735	0.0014407477574422956	0.0024212407879531384	0.0678623765707016	0.0034791913349181414	0.0016709979390725493	0.008395160548388958	0.0842457190155983	0.003819724777713418	0.034709442406892776	0.020135467872023582	0.7667036056518555
511	excitement	../final/models/models_2nd_run/model1_0	../final/models/models_2nd_run/model1_0	excitement	0.9640932679176331	0.0017506623407825828	0.0008344728848896921	0.0009304269915446639	0.00677416380494833	0.0015904223546385765	0.001062368624843657	0.0024658339098095894	0.0014982157154008746	0.0014441703679040074	0.013261719606816769	0.004294380079954863	0.9640932679176331
512	excitement	../final/models/models_2nd_run/model1_0	../final/models/models_2nd_run/model1_0	neutral	0.8707361817359924	0.010771085508167744	0.005285823717713356	0.005941767245531082	0.8707361817359924	0.006189081817865372	0.004234076477587223	0.037718094885349274	0.01444004476070404	0.006394852884113789	0.00752969179302454	0.003628246719017625	0.0271309744566679
513	surprise	../final/models/models_2nd_run/model1_0	../final/models/models_2nd_run/model1_0	surprise	0.7519771456718445	0.0013077474432066083	0.004956064745783806	0.004057389684021473	0.0593559704720974	0.0022023089695721865	0.0036232350394129753	0.0031206475105136633	0.009115120396018028	0.0032776836305856705	0.02258344180881977	0.7519771456718445	0.13442319631576538
514	neutral	../final/models/models_2nd_run/model1_0	../final/models/models_2nd_run/model1_0	anger	0.6344345808029175	0.02113688550889492	0.016217444092035294	0.022784385830163956	0.09095340222120285	0.05769412964582443	0.11095830053091049	0.01930038072168827	0.004667061846703291	0.6344345808029175	0.0049989246763288975	0.004715653136372566	0.012138846330344677
515	confusion	../final/models/models_2nd_run/model1_0	../final/models/models_2nd_run/model1_0	confusion	0.9571807980537415	0.003737320192158222	0.004420227371156216	0.001726680202409625	0.019853463396430016	0.0032253649551421404	0.0012515817070379853	0.0006521744653582573	0.9571807980537415	0.002202058909460902	0.001324602635577321	0.00325990398414433	0.0011657298309728503
516	confusion	../final/models/models_2nd_run/model1_0	../final/models/models_2nd_run/model1_0	surprise	0.522765040397644	0.0023363542277365923	0.002889614785090089	0.00871072057634592	0.0455063097178936	0.0027708085253834724	0.005879024043679237	0.002054617740213871	0.38409626483917236	0.006894457153975964	0.003378497203812003	0.522765040397644	0.012718217447400093
517	neutral	../final/models/models_2nd_run/model1_0	../final/models/models_2nd_run/model1_0	neutral	0.9101507067680359	0.0015625484520569444	0.005479153245687485	0.0018882339354604483	0.9101507067680359	0.0022301122080534697	0.00932471826672554	0.004780933260917664	0.0032279714941978455	0.04288814216852188	0.005874767899513245	0.004318831954151392	0.00827387347817421
518	confusion	../final/models/models_2nd_run/model1_0	../final/models/models_2nd_run/model1_0	confusion	0.35596200823783875	0.0021042083390057087	0.00527237169444561	0.007052350323647261	0.1346530318260193	0.0034763156436383724	0.013216325081884861	0.002132559195160866	0.35596200823783875	0.10560467839241028	0.0037755873054265976	0.35227882862091064	0.014471828937530518
519	anger	../final/models/models_2nd_run/model1_0	../final/models/models_2nd_run/model1_0	anger	0.9309201836585999	0.0019637588411569595	0.0049735126085579395	0.002771617379039526	0.0303875170648098	0.0017173188971355557	0.01733347587287426	0.002909555332735181	0.0024593931157141924	0.9309201836585999	0.002076834673061967	0.0009107156656682491	0.0015761821996420622
520	sadness	../final/models/models_2nd_run/model1_0	../final/models/models_2nd_run/model1_0	neutral	0.8862849473953247	0.006520439404994249	0.03225132077932358	0.00807422399520874	0.8862849473953247	0.0024064250756055117	0.003955102525651455	0.009007749147713184	0.028560517355799675	0.0069263046607375145	0.0054304045625030994	0.0070656053721904755	0.003517038421705365
521	surprise	../final/models/models_2nd_run/model1_0	../final/models/models_2nd_run/model1_0	surprise	0.8994001746177673	0.0010102313244715333	0.0016925277886912227	0.002266384195536375	0.013762062415480614	0.0016698031686246395	0.0019052299903705716	0.0012136988807469606	0.029726721346378326	0.0030138706788420677	0.0043694740161299706	0.8994001746177673	0.03996989503502846
522	anger	../final/models/models_2nd_run/model1_0	../final/models/models_2nd_run/model1_0	anger	0.7350620627403259	0.007232492323964834	0.0468720942735672	0.012827684171497822	0.017186343669891357	0.0043458049185574055	0.063458651304245	0.004404640756547451	0.09942629188299179	0.7350620627403259	0.004842723719775677	0.0026239068247377872	0.0017173957312479615
523	anger	../final/models/models_2nd_run/model1_0	../final/models/models_2nd_run/model1_0	anger	0.9248839616775513	0.001348888035863638	0.0034040387254208326	0.003407800104469061	0.013129397295415401	0.0011959561379626393	0.044443126767873764	0.002017476363107562	0.00235209078527987	0.9248839616775513	0.0014263757038861513	0.0012666109250858426	0.0011243950575590134
524	confusion	../final/models/models_2nd_run/model1_0	../final/models/models_2nd_run/model1_0	confusion	0.96279376745224	0.0015910884831100702	0.0015919915167614818	0.00210809288546443	0.011003042571246624	0.0013245559530332685	0.0009830918861553073	0.0008377209305763245	0.96279376745224	0.0010914676822721958	0.0017505437135696411	0.011691245250403881	0.003233463503420353
525	anger	../final/models/models_2nd_run/model1_0	../final/models/models_2nd_run/model1_0	confusion	0.7671951055526733	0.0016921436181291938	0.005162856075912714	0.002912218915298581	0.10705764591693878	0.0022264530416578054	0.002817839849740267	0.002168979262933135	0.7671951055526733	0.06673791259527206	0.0023925018031150103	0.03553987294435501	0.004096528515219688
526	disgust	../final/models/models_2nd_run/model1_0	../final/models/models_2nd_run/model1_0	disgust	0.9508570432662964	0.0015660541830584407	0.003455294296145439	0.00966905802488327	0.007311869412660599	0.006343675311654806	0.9508570432662964	0.0008135999669320881	0.0030282805673778057	0.011327443644404411	0.0013166820863261819	0.0029954826459288597	0.0013155799824744463
527	excitement	../final/models/models_2nd_run/model1_0	../final/models/models_2nd_run/model1_0	surprise	0.5445451140403748	0.002214448293671012	0.0026435067411512136	0.004526513163000345	0.03944273665547371	0.00352825247682631	0.003755350364372134	0.00462582940235734	0.029612353071570396	0.006817007903009653	0.017936477437615395	0.5445451140403748	0.34035244584083557
528	excitement	../final/models/models_2nd_run/model1_0	../final/models/models_2nd_run/model1_0	excitement	0.9648067951202393	0.0023182753939181566	0.0008604192989878356	0.001164888613857329	0.006703720428049564	0.001973175210878253	0.0013847715454176068	0.0028695405926555395	0.001550899469293654	0.0016921693459153175	0.00973429437726736	0.004941048100590706	0.9648067951202393
529	sadness	../final/models/models_2nd_run/model1_0	../final/models/models_2nd_run/model1_0	sadness	0.8904861211776733	0.006603982299566269	0.8904861211776733	0.006907946430146694	0.02829143963754177	0.007261855527758598	0.02797107771039009	0.0009274985059164464	0.0034260712563991547	0.018813330680131912	0.0046834335662424564	0.002938108053058386	0.0016890940023586154
530	neutral	../final/models/models_2nd_run/model1_0	../final/models/models_2nd_run/model1_0	surprise	0.37933701276779175	0.0018499937141314149	0.007465945556759834	0.007802712265402079	0.1593344658613205	0.004820450209081173	0.03930916637182236	0.002501123119145632	0.0678224265575409	0.3159267008304596	0.002815300365909934	0.37933701276779175	0.011014691554009914
531	confusion	../final/models/models_2nd_run/model1_0	../final/models/models_2nd_run/model1_0	confusion	0.9739393591880798	0.0017987359315156937	0.002185375662520528	0.0016597674693912268	0.009066436439752579	0.0015268789138644934	0.0010793749243021011	0.0007040358614176512	0.9739393591880798	0.0012697722995653749	0.0010553570464253426	0.004611474461853504	0.00110342085827142
532	neutral	../final/models/models_2nd_run/model1_0	../final/models/models_2nd_run/model1_0	confusion	0.8304359912872314	0.0011355590540915728	0.002604582579806447	0.0012796251103281975	0.1377340704202652	0.0012774791102856398	0.002096239710226655	0.0012756669893860817	0.8304359912872314	0.010913584381341934	0.001682325848378241	0.007984442636370659	0.0015804260037839413
533	sadness	../final/models/models_2nd_run/model1_0	../final/models/models_2nd_run/model1_0	sadness	0.8212109804153442	0.016930419951677322	0.8212109804153442	0.005143564194440842	0.10650691390037537	0.007218782790005207	0.00594484806060791	0.004022427834570408	0.0026137095410376787	0.013254493474960327	0.01359695103019476	0.0014015125343576074	0.0021555437706410885
534	neutral	../final/models/models_2nd_run/model1_0	../final/models/models_2nd_run/model1_0	confusion	0.9121692180633545	0.0011348971165716648	0.0012097570579499006	0.0009719665395095944	0.06480728834867477	0.0012039453722536564	0.001278601586818695	0.0008909520111046731	0.9121692180633545	0.0027799918316304684	0.0017701712204143405	0.009774182923138142	0.0020091033075004816
535	neutral	../final/models/models_2nd_run/model1_0	../final/models/models_2nd_run/model1_0	neutral	0.7009598016738892	0.008153476752340794	0.029160290956497192	0.030840490013360977	0.7009598016738892	0.0027527655474841595	0.008289855904877186	0.025391163304448128	0.07093636691570282	0.009560164995491505	0.025799034163355827	0.06805502623319626	0.020101377740502357
536	neutral	../final/models/models_2nd_run/model1_0	../final/models/models_2nd_run/model1_0	neutral	0.6407500505447388	0.015758434310555458	0.029702769592404366	0.0026935443747788668	0.6407500505447388	0.11538644134998322	0.026948479935526848	0.0030831466428935528	0.021688513457775116	0.12950094044208527	0.004010673612356186	0.0063059465028345585	0.004171053413301706
537	disgust	../final/models/models_2nd_run/model1_0	../final/models/models_2nd_run/model1_0	disgust	0.37815284729003906	0.011740860529243946	0.011863555759191513	0.055145300924777985	0.04050971567630768	0.03035150282084942	0.37815284729003906	0.002166388789191842	0.26110145449638367	0.015036400407552719	0.007292909547686577	0.1717091053724289	0.014929897151887417
538	joy	../final/models/models_2nd_run/model1_0	../final/models/models_2nd_run/model1_0	joy	0.36107414960861206	0.005953891668468714	0.016537295654416084	0.007327129133045673	0.16713963449001312	0.008485089056193829	0.004667052533477545	0.010679169557988644	0.011453242972493172	0.002093137241899967	0.36107414960861206	0.04835530370473862	0.3562350571155548
539	anger	../final/models/models_2nd_run/model1_0	../final/models/models_2nd_run/model1_0	anger	0.6501100659370422	0.0025787753984332085	0.007731764577329159	0.006097851786762476	0.022819379344582558	0.005131484474986792	0.2953801155090332	0.001487231464125216	0.0021093469113111496	0.6501100659370422	0.0014558802358806133	0.003394894767552614	0.0017031511524692178
540	disgust	../final/models/models_2nd_run/model1_0	../final/models/models_2nd_run/model1_0	disgust	0.9365093111991882	0.0021742363460361958	0.006297691259533167	0.0067279464565217495	0.00862314086407423	0.008824673481285572	0.9365093111991882	0.0007067559636197984	0.004098283126950264	0.02208682708442211	0.0009328293963335454	0.00217722007073462	0.0008411432499997318
541	sadness	../final/models/models_2nd_run/model1_0	../final/models/models_2nd_run/model1_0	sadness	0.8649682402610779	0.011796388775110245	0.8649682402610779	0.02765420638024807	0.03215031325817108	0.010053341276943684	0.03146278113126755	0.0021020532585680485	0.004655845463275909	0.008227701298892498	0.0025661936961114407	0.0032425052486360073	0.0011205108603462577
542	joy	../final/models/models_2nd_run/model1_0	../final/models/models_2nd_run/model1_0	surprise	0.9244266748428345	0.0008600304718129337	0.001971185440197587	0.0022050451952964067	0.008121232502162457	0.0014453917974606156	0.0015304374974220991	0.0011989743215963244	0.005930159240961075	0.0019109537824988365	0.005967065691947937	0.9244266748428345	0.0444328710436821
543	joy	../final/models/models_2nd_run/model1_0	../final/models/models_2nd_run/model1_0	joy	0.7395597696304321	0.0010018865577876568	0.00182778958696872	0.0009110370301641524	0.013146758079528809	0.0015312718460336328	0.0014292352134361863	0.003286117222160101	0.002042316133156419	0.0018148476956412196	0.7395597696304321	0.0035915295593440533	0.22985748946666718
544	excitement	../final/models/models_2nd_run/model1_0	../final/models/models_2nd_run/model1_0	excitement	0.9056403636932373	0.0019990054424852133	0.0009979773312807083	0.0014879244845360518	0.03457574546337128	0.0023573904763907194	0.0014270105166360736	0.0033137863501906395	0.014539419673383236	0.002687982516363263	0.01736830733716488	0.013605089858174324	0.9056403636932373
545	sadness	../final/models/models_2nd_run/model1_0	../final/models/models_2nd_run/model1_0	sadness	0.6216002702713013	0.012232419103384018	0.6216002702713013	0.05186305567622185	0.03500247746706009	0.012196744792163372	0.11690384149551392	0.006011967547237873	0.004211476072669029	0.13068118691444397	0.0034339516423642635	0.003896234557032585	0.0019663770217448473
546	neutral	../final/models/models_2nd_run/model1_0	../final/models/models_2nd_run/model1_0	neutral	0.8716195821762085	0.0023042194079607725	0.0031504437793046236	0.001242446480318904	0.8716195821762085	0.003062695497646928	0.0028838927391916513	0.01061776652932167	0.010997697710990906	0.0035368918906897306	0.031381748616695404	0.0055351522751152515	0.05366738140583038
547	sadness	../final/models/models_2nd_run/model1_0	../final/models/models_2nd_run/model1_0	sadness	0.7249693870544434	0.008540211245417595	0.7249693870544434	0.010008051991462708	0.014978271909058094	0.006203467957675457	0.002275270875543356	0.005429754499346018	0.004723505582660437	0.002471701242029667	0.08226978033781052	0.07364557683467865	0.064485102891922
548	surprise	../final/models/models_2nd_run/model1_0	../final/models/models_2nd_run/model1_0	surprise	0.6586326360702515	0.0010987318819388747	0.00208112015388906	0.0027055235113948584	0.029912885278463364	0.002138968789950013	0.0029102794360369444	0.0030724010430276394	0.008689322508871555	0.0038793531712144613	0.01918443664908409	0.6586326360702515	0.2656942903995514
549	disgust	../final/models/models_2nd_run/model1_0	../final/models/models_2nd_run/model1_0	disgust	0.8874977827072144	0.004186565987765789	0.007952305488288403	0.0089349914342165	0.009576676413416862	0.0484481081366539	0.8874977827072144	0.0007698734989389777	0.007095076143741608	0.016735464334487915	0.001570595777593553	0.00561310350894928	0.0016194707714021206
550	joy	../final/models/models_2nd_run/model1_0	../final/models/models_2nd_run/model1_0	joy	0.9606440663337708	0.0011539004044607282	0.001694569131359458	0.0009818386752158403	0.006755412556231022	0.0013041903730481863	0.0012400157283991575	0.0032954190392047167	0.0025517765898257494	0.0012646029936149716	0.9606440663337708	0.0014425605768337846	0.017671536654233932
551	neutral	../final/models/models_2nd_run/model1_0	../final/models/models_2nd_run/model1_0	neutral	0.7899278998374939	0.008329304866492748	0.03682804852724075	0.03160371258854866	0.7899278998374939	0.0035108020529150963	0.01623733714222908	0.014950129203498363	0.0303033459931612	0.05587774142622948	0.003227065084502101	0.006877904757857323	0.0023268661461770535
552	confusion	../final/models/models_2nd_run/model1_0	../final/models/models_2nd_run/model1_0	confusion	0.970859944820404	0.001194484531879425	0.0015980165917426348	0.0011553004151210189	0.012946423143148422	0.0011944930301979184	0.0009913353715091944	0.0006229936261661351	0.970859944820404	0.001351657323539257	0.0013573409523814917	0.005368093494325876	0.0013598824152722955
553	embarrassment	../final/models/models_2nd_run/model1_0	../final/models/models_2nd_run/model1_0	disgust	0.31063395738601685	0.009536325931549072	0.13176019489765167	0.06745429337024689	0.14819854497909546	0.005581859033554792	0.31063395738601685	0.009660927578806877	0.009548502042889595	0.2968894839286804	0.0037358468398451805	0.004922808147966862	0.002077230717986822
554	neutral	../final/models/models_2nd_run/model1_0	../final/models/models_2nd_run/model1_0	disgust	0.6638623476028442	0.02402532659471035	0.05251038074493408	0.14166191220283508	0.02125607803463936	0.057196978479623795	0.6638623476028442	0.0023998531978577375	0.005530289839953184	0.016438163816928864	0.00179104704875499	0.010018986649811268	0.003308537881821394
555	neutral	../final/models/models_2nd_run/model1_0	../final/models/models_2nd_run/model1_0	neutral	0.8933494091033936	0.0020875055342912674	0.008169814012944698	0.003280685981735587	0.8933494091033936	0.0033213114365935326	0.005821511149406433	0.012801341712474823	0.004660181235522032	0.006469341926276684	0.02265247143805027	0.007873469963669777	0.02951287478208542
556	disgust	../final/models/models_2nd_run/model1_0	../final/models/models_2nd_run/model1_0	disgust	0.9446442723274231	0.0023308927193284035	0.006444006692618132	0.008396574296057224	0.009646767750382423	0.009739062748849392	0.9446442723274231	0.0006349585019052029	0.003830108093097806	0.00968586839735508	0.0010904185473918915	0.0026663141325116158	0.0008908198797143996
557	anger	../final/models/models_2nd_run/model1_0	../final/models/models_2nd_run/model1_0	anger	0.9580917954444885	0.0013578807702288032	0.002400405006483197	0.0023851741570979357	0.008912366814911366	0.001356850960291922	0.012646893970668316	0.0020474509801715612	0.004100830294191837	0.9580917954444885	0.0015942066675052047	0.0025347585324198008	0.002571436343714595
558	confusion	../final/models/models_2nd_run/model1_0	../final/models/models_2nd_run/model1_0	confusion	0.9398118853569031	0.0009417469846084714	0.0013333751121535897	0.0011086119338870049	0.040994033217430115	0.0010375308338552713	0.0012745221611112356	0.000675674295052886	0.9398118853569031	0.0020503653213381767	0.0012804099824279547	0.008272082544863224	0.0012197763426229358
559	disgust	../final/models/models_2nd_run/model1_0	../final/models/models_2nd_run/model1_0	anger	0.8455733060836792	0.002437933813780546	0.009949957020580769	0.005692722275853157	0.018104732036590576	0.00194662029389292	0.10430021584033966	0.002987899351865053	0.003107744501903653	0.8455733060836792	0.0027234177105128765	0.0015054873656481504	0.0016699997941032052
560	joy	../final/models/models_2nd_run/model1_0	../final/models/models_2nd_run/model1_0	neutral	0.5073227882385254	0.004716069437563419	0.020855139940977097	0.0069917719811201096	0.5073227882385254	0.003907511010766029	0.018198981881141663	0.014196589589118958	0.0048285131342709064	0.10601770132780075	0.2582261860370636	0.004711317829787731	0.05002744868397713
561	joy	../final/models/models_2nd_run/model1_0	../final/models/models_2nd_run/model1_0	joy	0.46216627955436707	0.003978920169174671	0.006318479310721159	0.003036079229786992	0.14266954362392426	0.0026912272442132235	0.0033611590042710304	0.02367030270397663	0.0031730523332953453	0.005861864425241947	0.46216627955436707	0.006769962143152952	0.336303174495697
562	anger	../final/models/models_2nd_run/model1_0	../final/models/models_2nd_run/model1_0	neutral	0.6345844268798828	0.005251265596598387	0.02023186907172203	0.010872078128159046	0.6345844268798828	0.008478366769850254	0.07500958442687988	0.0025136026088148355	0.0333687961101532	0.19447709619998932	0.0018639764748513699	0.01134316623210907	0.002005728194490075
563	excitement	../final/models/models_2nd_run/model1_0	../final/models/models_2nd_run/model1_0	surprise	0.7795666456222534	0.0011290633119642735	0.002585073933005333	0.0026675325352698565	0.024696307256817818	0.003572081448510289	0.004322245717048645	0.0016322924057021737	0.006064386572688818	0.0069434805773198605	0.009168637916445732	0.7795666456222534	0.15765225887298584
564	sadness	../final/models/models_2nd_run/model1_0	../final/models/models_2nd_run/model1_0	sadness	0.6208400130271912	0.026410097256302834	0.6208400130271912	0.018356041982769966	0.22807662189006805	0.01111893355846405	0.018178105354309082	0.0038889285642653704	0.028313450515270233	0.03519624099135399	0.003137965453788638	0.004734550137072802	0.0017491319449618459
565	joy	../final/models/models_2nd_run/model1_0	../final/models/models_2nd_run/model1_0	joy	0.7884818315505981	0.003276500850915909	0.0035861937794834375	0.002360767452046275	0.029963357374072075	0.0022294572554528713	0.0013500443892553449	0.040851153433322906	0.005144417751580477	0.0012524861376732588	0.7884818315505981	0.0036813754122704268	0.11782244592905045
566	anger	../final/models/models_2nd_run/model1_0	../final/models/models_2nd_run/model1_0	anger	0.6613419651985168	0.0042128474451601505	0.03097178228199482	0.011836088262498379	0.14456501603126526	0.0030455521773546934	0.12737074494361877	0.005111802835017443	0.004959831014275551	0.6613419651985168	0.002828648779541254	0.0021073431707918644	0.0016483280342072248
567	joy	../final/models/models_2nd_run/model1_0	../final/models/models_2nd_run/model1_0	excitement	0.5370744466781616	0.0017817874904721975	0.00327770272269845	0.0032037263736128807	0.06413959711790085	0.0030291685834527016	0.003036865731701255	0.004492740146815777	0.0343850813806057	0.0061746141873300076	0.029184099286794662	0.31022021174430847	0.5370744466781616
568	anger	../final/models/models_2nd_run/model1_0	../final/models/models_2nd_run/model1_0	disgust	0.9439665079116821	0.002101149410009384	0.0034084292128682137	0.00810896884649992	0.007604565937072039	0.013438605703413486	0.9439665079116821	0.0006988405366428196	0.003033351618796587	0.012533375062048435	0.0012973402626812458	0.0025811130180954933	0.0012278626672923565
569	joy	../final/models/models_2nd_run/model1_0	../final/models/models_2nd_run/model1_0	joy	0.9705055952072144	0.0012285448610782623	0.0027280058711767197	0.0009921117452904582	0.004294374026358128	0.0012551364488899708	0.0011781653156504035	0.003685157047584653	0.0015691316220909357	0.0012279991060495377	0.9705055952072144	0.0009897062554955482	0.010346155613660812
570	excitement	../final/models/models_2nd_run/model1_0	../final/models/models_2nd_run/model1_0	excitement	0.8527193069458008	0.0024347156286239624	0.0016450373223051429	0.0019699393305927515	0.07289141416549683	0.002935483818873763	0.003490088041871786	0.006224288605153561	0.003095392370596528	0.011925672180950642	0.03296535834670067	0.007703310344368219	0.8527193069458008
571	pride	../final/models/models_2nd_run/model1_0	../final/models/models_2nd_run/model1_0	neutral	0.7213181257247925	0.005930478684604168	0.03172826021909714	0.024050399661064148	0.7213181257247925	0.00428088428452611	0.01520079467445612	0.025004344061017036	0.007350056432187557	0.011279601603746414	0.0347696878015995	0.04950869083404541	0.06957868486642838
572	surprise	../final/models/models_2nd_run/model1_0	../final/models/models_2nd_run/model1_0	neutral	0.798059344291687	0.00438720965757966	0.02872611954808235	0.008558165282011032	0.798059344291687	0.006837846711277962	0.06580421328544617	0.002292238175868988	0.006588871590793133	0.06383007019758224	0.0032539605163037777	0.009066184982657433	0.0025958253536373377
573	anger	../final/models/models_2nd_run/model1_0	../final/models/models_2nd_run/model1_0	anger	0.9023501873016357	0.0023799515329301357	0.005844432394951582	0.0034271448384970427	0.018493006005883217	0.0026952004991471767	0.05382648482918739	0.002572054509073496	0.0036092435475438833	0.9023501873016357	0.0016991618322208524	0.0015053940005600452	0.0015977842267602682
574	neutral	../final/models/models_2nd_run/model1_0	../final/models/models_2nd_run/model1_0	neutral	0.7839630842208862	0.002428918844088912	0.012316185049712658	0.0038184754084795713	0.7839630842208862	0.005022226832807064	0.009104577824473381	0.00429570721462369	0.005970702972263098	0.034417856484651566	0.014070657081902027	0.03352794051170349	0.09106366336345673
575	anger	../final/models/models_2nd_run/model1_0	../final/models/models_2nd_run/model1_0	anger	0.8672778606414795	0.0016872489359229803	0.0032902660313993692	0.003995256964117289	0.029941990971565247	0.003991873003542423	0.027270294725894928	0.0031565518584102392	0.0035305495839565992	0.8672778606414795	0.00681329658254981	0.024248700588941574	0.024796070531010628
576	surprise	../final/models/models_2nd_run/model1_0	../final/models/models_2nd_run/model1_0	surprise	0.7044947743415833	0.0010866288794204593	0.0019810632802546024	0.0024652520660310984	0.025239888578653336	0.002391636138781905	0.0032272387761622667	0.0025912506971508265	0.0057322243228554726	0.005474498961120844	0.014427484013140202	0.7044947743415833	0.23088814318180084
577	excitement	../final/models/models_2nd_run/model1_0	../final/models/models_2nd_run/model1_0	excitement	0.6959171891212463	0.0018449346534907818	0.00279972143471241	0.0032625349704176188	0.09594933688640594	0.004249217454344034	0.005747513379901648	0.004512316081672907	0.005801677703857422	0.013208480551838875	0.025944693014025688	0.14076226949691772	0.6959171891212463
578	embarrassment	../final/models/models_2nd_run/model1_0	../final/models/models_2nd_run/model1_0	embarrassment	0.9069903492927551	0.010315431281924248	0.008438525721430779	0.9069903492927551	0.0028308548498898745	0.0035893586464226246	0.034774184226989746	0.005842411890625954	0.011630714870989323	0.0072176712565124035	0.0013647146988660097	0.0050918664783239365	0.0019138326169922948
579	confusion	../final/models/models_2nd_run/model1_0	../final/models/models_2nd_run/model1_0	confusion	0.8772193193435669	0.0009421652066521347	0.0017539107939228415	0.0014242925681173801	0.08491890877485275	0.001054243533872068	0.0016358672874048352	0.00111767731141299	0.8772193193435669	0.004917086102068424	0.001827772124670446	0.020628847181797028	0.0025599226355552673
580	neutral	../final/models/models_2nd_run/model1_0	../final/models/models_2nd_run/model1_0	disgust	0.8423132300376892	0.005567566026002169	0.045656658709049225	0.006780238822102547	0.012791291810572147	0.051472630351781845	0.8423132300376892	0.0006143714999780059	0.005004670470952988	0.022529643028974533	0.0017834228929132223	0.004340737126767635	0.001145633403211832
581	excitement	../final/models/models_2nd_run/model1_0	../final/models/models_2nd_run/model1_0	excitement	0.8465070128440857	0.001753816264681518	0.0021992120891809464	0.00237554544582963	0.024521054700016975	0.0022765111643821	0.0021282020024955273	0.006314277648925781	0.002466010395437479	0.0015751656610518694	0.09116879105567932	0.016714489087462425	0.8465070128440857
582	sadness	../final/models/models_2nd_run/model1_0	../final/models/models_2nd_run/model1_0	fear	0.6976125240325928	0.06358203291893005	0.18286100029945374	0.005490815732628107	0.006397439166903496	0.6976125240325928	0.014981471002101898	0.0012486197520047426	0.008027187548577785	0.006562364287674427	0.005400622729212046	0.004712086170911789	0.003123827511444688
583	surprise	../final/models/models_2nd_run/model1_0	../final/models/models_2nd_run/model1_0	excitement	0.6572579741477966	0.0012321395333856344	0.002255758037790656	0.0010654181241989136	0.016503116115927696	0.0017275046557188034	0.001381856738589704	0.004452143795788288	0.0017961561679840088	0.001884692581370473	0.3047158718109131	0.00572737492620945	0.6572579741477966
584	surprise	../final/models/models_2nd_run/model1_0	../final/models/models_2nd_run/model1_0	surprise	0.7644146680831909	0.0014937544474378228	0.0032322967890650034	0.00422140397131443	0.04127607122063637	0.002419630764052272	0.004246057942509651	0.0011949357576668262	0.14590053260326385	0.011550448834896088	0.0027613146230578423	0.7644146680831909	0.01728890836238861
585	excitement	../final/models/models_2nd_run/model1_0	../final/models/models_2nd_run/model1_0	excitement	0.8273018598556519	0.0016159979859367013	0.002966779749840498	0.0017223854083567858	0.024994857609272003	0.0015957627911120653	0.0011729159159585834	0.007348430342972279	0.002360366750508547	0.0021117059513926506	0.10286878049373627	0.023940101265907288	0.8273018598556519
586	fear	../final/models/models_2nd_run/model1_0	../final/models/models_2nd_run/model1_0	fear	0.9272948503494263	0.028012793511152267	0.004692446906119585	0.0019116317853331566	0.005189571529626846	0.9272948503494263	0.01186845451593399	0.0009069250663742423	0.006155432667583227	0.004293403122574091	0.003726756665855646	0.002962818369269371	0.002984843449667096
587	excitement	../final/models/models_2nd_run/model1_0	../final/models/models_2nd_run/model1_0	joy	0.931732177734375	0.0008112159557640553	0.002070588292554021	0.001044829492457211	0.005300318356603384	0.001079221023246646	0.0009478862630203366	0.0029239319264888763	0.0020122297573834658	0.0012101101456210017	0.931732177734375	0.005424731411039829	0.045442793518304825
588	confusion	../final/models/models_2nd_run/model1_0	../final/models/models_2nd_run/model1_0	surprise	0.795011043548584	0.001321654999628663	0.002425262937322259	0.0036495912354439497	0.03254043683409691	0.0022751560900360346	0.0032283840700984	0.0016425149515271187	0.11224614828824997	0.005506460554897785	0.004261447116732597	0.795011043548584	0.0358918271958828
589	fear	../final/models/models_2nd_run/model1_0	../final/models/models_2nd_run/model1_0	fear	0.8314688205718994	0.01603483408689499	0.01153547316789627	0.0040458207949995995	0.008669142611324787	0.8314688205718994	0.09948230534791946	0.0008519923430867493	0.007041547447443008	0.011062837205827236	0.0031618275679647923	0.0040710680186748505	0.0025744433514773846
590	neutral	../final/models/models_2nd_run/model1_0	../final/models/models_2nd_run/model1_0	surprise	0.37104544043540955	0.0015256294282153249	0.0037143025547266006	0.004125377628952265	0.17338190972805023	0.005150234792381525	0.008269830606877804	0.0024932189844548702	0.015174007043242455	0.0062602125108242035	0.04454144090414047	0.37104544043540955	0.3643184304237366
591	excitement	../final/models/models_2nd_run/model1_0	../final/models/models_2nd_run/model1_0	excitement	0.5846762657165527	0.0020144551526755095	0.004811537452042103	0.0027355547063052654	0.14267553389072418	0.0035294501576572657	0.004103964194655418	0.011961722746491432	0.00851343385875225	0.00920441746711731	0.0542914904654026	0.17148223519325256	0.5846762657165527
592	anger	../final/models/models_2nd_run/model1_0	../final/models/models_2nd_run/model1_0	anger	0.9480527639389038	0.0017668926157057285	0.004040723200887442	0.0023620263673365116	0.011916435323655605	0.00217296346090734	0.020763270556926727	0.002197547582909465	0.0017650551162660122	0.9480527639389038	0.0017637719865888357	0.0013656788505613804	0.001832765992730856
593	fear	../final/models/models_2nd_run/model1_0	../final/models/models_2nd_run/model1_0	fear	0.9188411831855774	0.043260373175144196	0.006129669025540352	0.0019306528847664595	0.005422982852905989	0.9188411831855774	0.006626336835324764	0.0010518397903069854	0.004873480182141066	0.003569357329979539	0.0036646826192736626	0.002104812301695347	0.002524566138163209
594	confusion	../final/models/models_2nd_run/model1_0	../final/models/models_2nd_run/model1_0	confusion	0.892471969127655	0.0009554518037475646	0.0015355010982602835	0.0009656164911575615	0.0841500386595726	0.0010333252139389515	0.0013432358391582966	0.0010776427807286382	0.892471969127655	0.005554866045713425	0.00196082447655499	0.007264598738402128	0.0016868708189576864
595	sadness	../final/models/models_2nd_run/model1_0	../final/models/models_2nd_run/model1_0	disgust	0.47318023443222046	0.018089907243847847	0.35406607389450073	0.021288955584168434	0.034215882420539856	0.05448324605822563	0.47318023443222046	0.0009967322694137692	0.004478849470615387	0.02260991558432579	0.0032860685605555773	0.009790448471903801	0.003513747826218605
596	anger	../final/models/models_2nd_run/model1_0	../final/models/models_2nd_run/model1_0	pride	0.5560984015464783	0.03254679962992668	0.037176091223955154	0.029256558045744896	0.0485575832426548	0.012803533114492893	0.014151704497635365	0.5560984015464783	0.007175678387284279	0.18284469842910767	0.04497623071074486	0.0033934658858925104	0.03101932816207409
597	fear	../final/models/models_2nd_run/model1_0	../final/models/models_2nd_run/model1_0	fear	0.932670533657074	0.01832951232790947	0.005123322829604149	0.001973627833649516	0.00548697030171752	0.932670533657074	0.016910336911678314	0.0007310571963898838	0.004514618776738644	0.004233002662658691	0.0036304499953985214	0.003445848124101758	0.0029505810234695673
598	joy	../final/models/models_2nd_run/model1_0	../final/models/models_2nd_run/model1_0	joy	0.9682633876800537	0.001019745017401874	0.001858524396084249	0.0008152251248247921	0.003592843422666192	0.0012120511382818222	0.0010252251522615552	0.003038376336917281	0.0017286038491874933	0.0010150179732590914	0.9682633876800537	0.0012172481510788202	0.015213709324598312
599	excitement	../final/models/models_2nd_run/model1_0	../final/models/models_2nd_run/model1_0	excitement	0.6252769231796265	0.002577946987003088	0.0026428955607116222	0.0022608761209994555	0.040759842842817307	0.0015464886091649532	0.001203982625156641	0.02131032757461071	0.007387230638414621	0.0018809352768585086	0.27960413694381714	0.013548489660024643	0.6252769231796265
600	surprise	../final/models/models_2nd_run/model1_0	../final/models/models_2nd_run/model1_0	surprise	0.8308104276657104	0.0024771394673734903	0.012254820205271244	0.006881375331431627	0.05595022067427635	0.0041956230998039246	0.007130998652428389	0.0012348457239568233	0.06310362368822098	0.0029488636646419764	0.003484582295641303	0.8308104276657104	0.009527449496090412
601	anger	../final/models/models_2nd_run/model1_0	../final/models/models_2nd_run/model1_0	anger	0.8851298093795776	0.0018741936655715108	0.004118755925446749	0.005233871750533581	0.012827499769628048	0.0019835359416902065	0.07960929721593857	0.002276723040267825	0.002399396849796176	0.8851298093795776	0.0014967662282288074	0.0016004987992346287	0.0014495565555989742
602	excitement	../final/models/models_2nd_run/model1_0	../final/models/models_2nd_run/model1_0	joy	0.6236881613731384	0.0016070810379460454	0.008295135572552681	0.003012218279764056	0.020722968503832817	0.0011998385889455676	0.0014011857565492392	0.013554892502725124	0.0023328387178480625	0.001617745845578611	0.6236881613731384	0.01881500333547592	0.3037528991699219
603	fear	../final/models/models_2nd_run/model1_0	../final/models/models_2nd_run/model1_0	fear	0.8790934085845947	0.014568164944648743	0.007657027803361416	0.003957681357860565	0.006720132194459438	0.8790934085845947	0.04598790034651756	0.0007020707125775516	0.006357056088745594	0.006457941140979528	0.003879299620166421	0.017934801056981087	0.00668449467048049
604	anger	../final/models/models_2nd_run/model1_0	../final/models/models_2nd_run/model1_0	neutral	0.653723955154419	0.0019222890259698033	0.003053045831620693	0.0012770644389092922	0.653723955154419	0.003629871876910329	0.00348710548132658	0.0012569212121888995	0.30684876441955566	0.0050955950282514095	0.004077503923326731	0.011008189991116524	0.004619690589606762
605	joy	../final/models/models_2nd_run/model1_0	../final/models/models_2nd_run/model1_0	excitement	0.7147811651229858	0.001338362111710012	0.0016018281457945704	0.0011258699232712388	0.0124365808442235	0.0012988977832719684	0.0009813832584768534	0.00839313119649887	0.0018221020000055432	0.0015270020812749863	0.24995681643486023	0.004736891947686672	0.7147811651229858
606	excitement	../final/models/models_2nd_run/model1_0	../final/models/models_2nd_run/model1_0	excitement	0.5808433294296265	0.0017956467345356941	0.0038596694357693195	0.002247906755656004	0.18899813294410706	0.0032387995161116123	0.0054124873131513596	0.005579147953540087	0.00436991173774004	0.013534115627408028	0.17311972379684448	0.01700117439031601	0.5808433294296265
607	neutral	../final/models/models_2nd_run/model1_0	../final/models/models_2nd_run/model1_0	confusion	0.8299543857574463	0.0012835048837587237	0.0018802465638145804	0.0012661151122301817	0.13594135642051697	0.001427791197784245	0.0015609338879585266	0.0014876059722155333	0.8299543857574463	0.0043680681847035885	0.002613368211314082	0.014902094379067421	0.003314467379823327
608	neutral	../final/models/models_2nd_run/model1_0	../final/models/models_2nd_run/model1_0	neutral	0.8437566757202148	0.0055773016065359116	0.009493979625403881	0.0026907639112323523	0.8437566757202148	0.014885013923048973	0.013544762507081032	0.003667675657197833	0.0032187539618462324	0.09033997356891632	0.003880429780110717	0.003478074911981821	0.005466524977236986
609	disgust	../final/models/models_2nd_run/model1_0	../final/models/models_2nd_run/model1_0	disgust	0.9476251006126404	0.001743749831803143	0.003821275196969509	0.01554122008383274	0.005847827531397343	0.005797228310257196	0.9476251006126404	0.0008895053179003298	0.0031246363651007414	0.009871208108961582	0.001396682346239686	0.002965775551274419	0.001375721418298781
610	disgust	../final/models/models_2nd_run/model1_0	../final/models/models_2nd_run/model1_0	disgust	0.5965394973754883	0.016353845596313477	0.04107337445020676	0.14003746211528778	0.10237503796815872	0.02373134158551693	0.5965394973754883	0.004436046816408634	0.015986226499080658	0.011547354981303215	0.011384359560906887	0.025488728657364845	0.01104665920138359
611	joy	../final/models/models_2nd_run/model1_0	../final/models/models_2nd_run/model1_0	joy	0.8992288112640381	0.0019874831195920706	0.010641451925039291	0.0033337492495775223	0.02245236560702324	0.0013914695009589195	0.0016842024633660913	0.011253234930336475	0.003004702739417553	0.0013097063638269901	0.8992288112640381	0.003501905594021082	0.04021095111966133
612	joy	../final/models/models_2nd_run/model1_0	../final/models/models_2nd_run/model1_0	joy	0.922650158405304	0.0012650813441723585	0.005225814413279295	0.002306785434484482	0.025997811928391457	0.0014028289588168263	0.003106259973719716	0.003851653542369604	0.0038652941584587097	0.0020596743561327457	0.922650158405304	0.004354649689048529	0.023913972079753876
613	joy	../final/models/models_2nd_run/model1_0	../final/models/models_2nd_run/model1_0	joy	0.6666063666343689	0.0013515837490558624	0.0027252170257270336	0.001127913361415267	0.01979147084057331	0.0015372593188658357	0.0014892695471644402	0.0066306511871516705	0.0019722420256584883	0.0021687422413378954	0.6666063666343689	0.002846552524715662	0.2917526960372925
614	anger	../final/models/models_2nd_run/model1_0	../final/models/models_2nd_run/model1_0	anger	0.9096558690071106	0.001821721438318491	0.005751809570938349	0.002320819301530719	0.02018008567392826	0.003011060645803809	0.049312569200992584	0.0013565593399107456	0.001417163759469986	0.9096558690071106	0.0020102043636143208	0.0016045205993577838	0.0015575910219922662
615	neutral	../final/models/models_2nd_run/model1_0	../final/models/models_2nd_run/model1_0	neutral	0.8343654870986938	0.002613834338262677	0.008464878425002098	0.006315822247415781	0.8343654870986938	0.002437391085550189	0.01129747275263071	0.010470988228917122	0.0067503671161830425	0.009002475999295712	0.08240929245948792	0.007033278234302998	0.018838685005903244
616	embarrassment	../final/models/models_2nd_run/model1_0	../final/models/models_2nd_run/model1_0	embarrassment	0.9309530854225159	0.009918720461428165	0.009968786500394344	0.9309530854225159	0.0023994597140699625	0.00330219860188663	0.02111407369375229	0.007645221892744303	0.003414532635360956	0.005490555893629789	0.0011608690256252885	0.0029626251198351383	0.0016698500839993358
617	surprise	../final/models/models_2nd_run/model1_0	../final/models/models_2nd_run/model1_0	surprise	0.9586426615715027	0.0008366809925064445	0.0018801110563799739	0.0022339969873428345	0.00564989447593689	0.0016586227575317025	0.001939181936904788	0.0006676085758954287	0.009732981212437153	0.0018246069084852934	0.0019717116374522448	0.9586426615715027	0.01296202652156353
618	disgust	../final/models/models_2nd_run/model1_0	../final/models/models_2nd_run/model1_0	disgust	0.9497329592704773	0.0014682430773973465	0.0027491741348057985	0.010249514132738113	0.004989089909940958	0.0070231640711426735	0.9497329592704773	0.0007599302916787565	0.003053035819903016	0.014233184047043324	0.0009940596064552665	0.0032933251932263374	0.0014542901189997792
619	joy	../final/models/models_2nd_run/model1_0	../final/models/models_2nd_run/model1_0	joy	0.8872970342636108	0.0015412396751344204	0.005881133023649454	0.0017798683838918805	0.012179078534245491	0.0010440341429784894	0.0011232573306187987	0.017871618270874023	0.0015070473309606314	0.0018302795942872763	0.8872970342636108	0.002397428499534726	0.06554802507162094
620	joy	../final/models/models_2nd_run/model1_0	../final/models/models_2nd_run/model1_0	sadness	0.8178198933601379	0.017518164590001106	0.8178198933601379	0.03322296962141991	0.03395926207304001	0.006395038682967424	0.0038127172738313675	0.022471610456705093	0.0029426298569887877	0.004135743714869022	0.03983132541179657	0.004769818391650915	0.013120760209858418
621	embarrassment	../final/models/models_2nd_run/model1_0	../final/models/models_2nd_run/model1_0	embarrassment	0.9288936853408813	0.007832709699869156	0.004263467155396938	0.9288936853408813	0.0017177020199596882	0.0027331491000950336	0.007444455288350582	0.014982813969254494	0.006167737301439047	0.00601173797622323	0.001243728562258184	0.015301012434065342	0.0034078604076057673
622	excitement	../final/models/models_2nd_run/model1_0	../final/models/models_2nd_run/model1_0	surprise	0.7230656147003174	0.0016130955191329122	0.0019131829030811787	0.00314482138492167	0.0256314929574728	0.002532569458708167	0.002487427555024624	0.0022192506585270166	0.06875431537628174	0.004129955545067787	0.011388968676328659	0.7230656147003174	0.15311937034130096
623	neutral	../final/models/models_2nd_run/model1_0	../final/models/models_2nd_run/model1_0	neutral	0.9380245804786682	0.0030626386869698763	0.006068117916584015	0.0019294206285849214	0.9380245804786682	0.002335561206564307	0.003940102178603411	0.003394386498257518	0.023424852639436722	0.011873566545546055	0.0020888359285891056	0.0022444191854447126	0.001613625674508512
624	neutral	../final/models/models_2nd_run/model1_0	../final/models/models_2nd_run/model1_0	sadness	0.6383084654808044	0.05057170242071152	0.6383084654808044	0.12574341893196106	0.10477744042873383	0.018507791683077812	0.01881803572177887	0.015568671748042107	0.0045637949369847775	0.01147299725562334	0.004519961308687925	0.0041618929244577885	0.0029857943300157785
625	anger	../final/models/models_2nd_run/model1_0	../final/models/models_2nd_run/model1_0	anger	0.8096598386764526	0.0017039861995726824	0.0053696827962994576	0.003848050022497773	0.09582056105136871	0.0028988546691834927	0.031294308602809906	0.004858503118157387	0.0022216171491891146	0.8096598386764526	0.013040369376540184	0.007072930224239826	0.02221130020916462
626	neutral	../final/models/models_2nd_run/model1_0	../final/models/models_2nd_run/model1_0	neutral	0.9180114269256592	0.002349342219531536	0.007701015565544367	0.00217933370731771	0.9180114269256592	0.007683632429689169	0.010985464788973331	0.0013739769347012043	0.007977737113833427	0.0215988140553236	0.003960430156439543	0.01072282250970602	0.005456014536321163
627	surprise	../final/models/models_2nd_run/model1_0	../final/models/models_2nd_run/model1_0	surprise	0.5744509100914001	0.001955163897946477	0.004321689251810312	0.0058241793885827065	0.20280040800571442	0.00518910912796855	0.012136236764490604	0.0033909003250300884	0.02469133399426937	0.007743338588625193	0.022522661834955215	0.5744509100914001	0.13497406244277954
628	neutral	../final/models/models_2nd_run/model1_0	../final/models/models_2nd_run/model1_0	anger	0.5389305949211121	0.0021681447979062796	0.006128690205514431	0.007617751136422157	0.20294058322906494	0.0032838270999491215	0.026129720732569695	0.0027704359963536263	0.1562015265226364	0.5389305949211121	0.002238989109173417	0.046287622302770615	0.005302146542817354
629	anger	../final/models/models_2nd_run/model1_0	../final/models/models_2nd_run/model1_0	anger	0.8767797350883484	0.002586932387202978	0.00879973080009222	0.003967626020312309	0.026079053059220314	0.0038342231418937445	0.06891798973083496	0.0014479663223028183	0.0020941835828125477	0.8767797350883484	0.0015496568521484733	0.002498674439266324	0.0014442846877500415
630	joy	../final/models/models_2nd_run/model1_0	../final/models/models_2nd_run/model1_0	joy	0.9650270938873291	0.0007947806152515113	0.0019843049813061953	0.0007848371169529855	0.005061367992311716	0.0010028037941083312	0.0009461824665777385	0.0024909230414777994	0.0013226524461060762	0.0010660762200132012	0.9650270938873291	0.0013392041437327862	0.018179744482040405
631	surprise	../final/models/models_2nd_run/model1_0	../final/models/models_2nd_run/model1_0	surprise	0.9471576809883118	0.0006910802912898362	0.002324671484529972	0.002199013950303197	0.009379028342664242	0.0014906137948855758	0.0018987751100212336	0.0008172335219569504	0.005324954632669687	0.0023345001973211765	0.003228576388210058	0.9471576809883118	0.023153843358159065
632	sadness	../final/models/models_2nd_run/model1_0	../final/models/models_2nd_run/model1_0	sadness	0.9307574033737183	0.016575561836361885	0.9307574033737183	0.010866144672036171	0.004648451693356037	0.0065808771178126335	0.0009319677483290434	0.0025740554556250572	0.005715144798159599	0.0016129233408719301	0.007327687926590443	0.00810039322823286	0.004309299401938915
633	disgust	../final/models/models_2nd_run/model1_0	../final/models/models_2nd_run/model1_0	disgust	0.8255257606506348	0.004684208892285824	0.00920799095183611	0.07776892930269241	0.017816651612520218	0.01245187222957611	0.8255257606506348	0.0025545512326061726	0.008620452135801315	0.01342786941677332	0.004204290919005871	0.01868635043501854	0.005051116459071636
634	excitement	../final/models/models_2nd_run/model1_0	../final/models/models_2nd_run/model1_0	excitement	0.9661016464233398	0.0018247825792059302	0.0008685378707014024	0.0010189104359596968	0.006014631595462561	0.0014572561485692859	0.0009970441460609436	0.002822005422785878	0.0013430219842121005	0.001356819411739707	0.011435942724347115	0.004759449511766434	0.9661016464233398
635	anger	../final/models/models_2nd_run/model1_0	../final/models/models_2nd_run/model1_0	anger	0.9430764317512512	0.0012105730129405856	0.002737984526902437	0.0026507708244025707	0.007200644351541996	0.0017106481827795506	0.03158145770430565	0.0015504284529015422	0.0016899592010304332	0.9430764317512512	0.001584067940711975	0.0028878957964479923	0.002119140001013875
636	anger	../final/models/models_2nd_run/model1_0	../final/models/models_2nd_run/model1_0	anger	0.9382063150405884	0.0015252642333507538	0.0036297698970884085	0.0029941389802843332	0.008008258417248726	0.001846199156716466	0.03610735386610031	0.0018709969008341432	0.001440826104953885	0.9382063150405884	0.0014805857790634036	0.0014808661071583629	0.001409303629770875
637	surprise	../final/models/models_2nd_run/model1_0	../final/models/models_2nd_run/model1_0	surprise	0.5399138927459717	0.003372314851731062	0.006881300359964371	0.011750471778213978	0.14095106720924377	0.0033987450879067183	0.00507945753633976	0.01094516646116972	0.010729569010436535	0.004668619483709335	0.04059458523988724	0.5399138927459717	0.22171485424041748
638	sadness	../final/models/models_2nd_run/model1_0	../final/models/models_2nd_run/model1_0	sadness	0.9793476462364197	0.0031563984230160713	0.9793476462364197	0.0021235342137515545	0.004217814654111862	0.0017008535796776414	0.001582142896950245	0.0005405960837379098	0.0013326848857104778	0.0017587447073310614	0.0023747312370687723	0.001244271988980472	0.0006206328398548067
639	surprise	../final/models/models_2nd_run/model1_0	../final/models/models_2nd_run/model1_0	surprise	0.8165867924690247	0.001577091752551496	0.0021772596519440413	0.0038281232118606567	0.015016688965260983	0.0022974382154643536	0.0021810720209032297	0.0016578217037022114	0.10653840750455856	0.0036054865922778845	0.004896001890301704	0.8165867924690247	0.03963792696595192
640	surprise	../final/models/models_2nd_run/model1_0	../final/models/models_2nd_run/model1_0	surprise	0.9381394982337952	0.0007300843135453761	0.0017742891795933247	0.0018065812764689326	0.010042250156402588	0.001505758729763329	0.0020313605200499296	0.000924443535041064	0.00595123553648591	0.0026828935369849205	0.0037948857061564922	0.9381394982337952	0.030616723001003265
641	anger	../final/models/models_2nd_run/model1_0	../final/models/models_2nd_run/model1_0	anger	0.8913829922676086	0.0010739124845713377	0.00291232718154788	0.0035072965547442436	0.028409821912646294	0.0017066729487851262	0.05658211186528206	0.0017709783278405666	0.004512111656367779	0.8913829922676086	0.00121057010255754	0.004472773522138596	0.00245844223536551
642	anger	../final/models/models_2nd_run/model1_0	../final/models/models_2nd_run/model1_0	anger	0.9215800166130066	0.00140454585198313	0.0021781951654702425	0.0029710312373936176	0.009591941721737385	0.002075762255117297	0.019719857722520828	0.0013856745790690184	0.024918455630540848	0.9215800166130066	0.0013029702240601182	0.010085348039865494	0.002786296885460615
643	surprise	../final/models/models_2nd_run/model1_0	../final/models/models_2nd_run/model1_0	fear	0.5003683567047119	0.3909664750099182	0.009148758836090565	0.02471713162958622	0.00805725995451212	0.5003683567047119	0.014256985858082771	0.0033581554889678955	0.009761509485542774	0.0038747626822441816	0.008524198085069656	0.016453731805086136	0.01051272265613079
644	excitement	../final/models/models_2nd_run/model1_0	../final/models/models_2nd_run/model1_0	excitement	0.750565230846405	0.0023018307983875275	0.004553402308374643	0.002459784969687462	0.09291955828666687	0.0037319776602089405	0.002451837295666337	0.009104490280151367	0.002716065850108862	0.00820466410368681	0.0869378000497818	0.03405331075191498	0.750565230846405
645	joy	../final/models/models_2nd_run/model1_0	../final/models/models_2nd_run/model1_0	joy	0.9666221737861633	0.0009618509793654084	0.0017797164618968964	0.0007987565477378666	0.003619653405621648	0.0011803414672613144	0.0009945683414116502	0.0030050051864236593	0.001599735813215375	0.0009537348523736	0.9666221737861633	0.0011686607031151652	0.017315879464149475
646	anger	../final/models/models_2nd_run/model1_0	../final/models/models_2nd_run/model1_0	anger	0.4971676170825958	0.0019253824139013886	0.006546115502715111	0.004785740748047829	0.3913625478744507	0.0028596087358891964	0.06828279048204422	0.0027133875992149115	0.011652753688395023	0.4971676170825958	0.003347322577610612	0.006238922942429781	0.003117791609838605
647	excitement	../final/models/models_2nd_run/model1_0	../final/models/models_2nd_run/model1_0	excitement	0.6583425998687744	0.00205116905272007	0.0022761323489248753	0.001927537377923727	0.10545884817838669	0.002327368827536702	0.002815104089677334	0.014840075746178627	0.003013752633705735	0.0058528403751552105	0.1951511800289154	0.005943351425230503	0.6583425998687744
648	neutral	../final/models/models_2nd_run/model1_0	../final/models/models_2nd_run/model1_0	neutral	0.9100419878959656	0.0020295316353440285	0.025178000330924988	0.003954261541366577	0.9100419878959656	0.0035381605848670006	0.010356258600950241	0.004302070010453463	0.003051565960049629	0.010431529022753239	0.007539528422057629	0.011427445337176323	0.008149651810526848
649	disgust	../final/models/models_2nd_run/model1_0	../final/models/models_2nd_run/model1_0	anger	0.9555929899215698	0.001139738829806447	0.0025110163260251284	0.002000819193199277	0.007243146188557148	0.0014159937854856253	0.021746443584561348	0.0016479186015203595	0.0017454843036830425	0.9555929899215698	0.0015439833514392376	0.0017701705219224095	0.0016424445202574134
650	sadness	../final/models/models_2nd_run/model1_0	../final/models/models_2nd_run/model1_0	surprise	0.9320239424705505	0.0021812478080391884	0.005498853977769613	0.007026926148682833	0.0071420068852603436	0.001936880755238235	0.0020148807670921087	0.0009337011724710464	0.02337070181965828	0.002763395896181464	0.0018793814815580845	0.9320239424705505	0.013228089548647404
651	surprise	../final/models/models_2nd_run/model1_0	../final/models/models_2nd_run/model1_0	surprise	0.9069420099258423	0.0010023898212239146	0.004100656136870384	0.0038489289581775665	0.02166878618299961	0.0036063825245946646	0.009727997705340385	0.000938607903663069	0.006503487937152386	0.015611185692250729	0.002519868314266205	0.9069420099258423	0.023529693484306335
652	sadness	../final/models/models_2nd_run/model1_0	../final/models/models_2nd_run/model1_0	sadness	0.9798949956893921	0.0028497669845819473	0.9798949956893921	0.0021997103467583656	0.003910284489393234	0.001841448014602065	0.001570899854414165	0.0005630154628306627	0.001542752142995596	0.0014356860192492604	0.002316218102350831	0.0012553465785458684	0.0006198322516866028
653	anger	../final/models/models_2nd_run/model1_0	../final/models/models_2nd_run/model1_0	anger	0.9230456948280334	0.00211194041185081	0.0043052383698523045	0.0023492651525884867	0.02197606861591339	0.003885506885126233	0.03196552395820618	0.0024467415641993284	0.001651034108363092	0.9230456948280334	0.0019425848731771111	0.00206365087069571	0.002256576670333743
654	confusion	../final/models/models_2nd_run/model1_0	../final/models/models_2nd_run/model1_0	confusion	0.9594133496284485	0.0014205350307747722	0.0018840203993022442	0.001105931936763227	0.02606888860464096	0.0012907059863209724	0.0010116776684299111	0.0006858382257632911	0.9594133496284485	0.0013776737032458186	0.0011267581721767783	0.003701102687045932	0.0009133498533628881
655	joy	../final/models/models_2nd_run/model1_0	../final/models/models_2nd_run/model1_0	anger	0.932587742805481	0.0018369393656030297	0.008677496574819088	0.0031994914170354605	0.011516615748405457	0.0018889327766373754	0.02167980745434761	0.004331924486905336	0.0014549018815159798	0.932587742805481	0.0064956932328641415	0.0017541066044941545	0.0045763407833874226
656	sadness	../final/models/models_2nd_run/model1_0	../final/models/models_2nd_run/model1_0	sadness	0.98040372133255	0.002707398496568203	0.98040372133255	0.002352121053263545	0.003576377872377634	0.0018695825710892677	0.0014573965454474092	0.0005582303274422884	0.001519427285529673	0.0014869889710098505	0.00212246086448431	0.001314955297857523	0.0006313482881523669
657	anger	../final/models/models_2nd_run/model1_0	../final/models/models_2nd_run/model1_0	neutral	0.36618584394454956	0.002625393681228161	0.005289893597364426	0.006561256479471922	0.36618584394454956	0.0040727281011641026	0.01361166313290596	0.014668086543679237	0.0064826481975615025	0.00999640952795744	0.31201496720314026	0.0135590098798275	0.24493210017681122
658	excitement	../final/models/models_2nd_run/model1_0	../final/models/models_2nd_run/model1_0	excitement	0.9623206853866577	0.0029907827265560627	0.001387513242661953	0.0014892787439748645	0.00586498249322176	0.0022358077112585306	0.0013279089471325278	0.0026436252519488335	0.0012951892567798495	0.0015531359240412712	0.011211052536964417	0.005680043250322342	0.9623206853866577
659	disgust	../final/models/models_2nd_run/model1_0	../final/models/models_2nd_run/model1_0	disgust	0.9121968746185303	0.002208790509030223	0.006120798643678427	0.005452862475067377	0.009259991347789764	0.010592613369226456	0.9121968746185303	0.000721366610378027	0.004473955370485783	0.04413170367479324	0.0010311855003237724	0.002618113998323679	0.0011916871881112456
660	neutral	../final/models/models_2nd_run/model1_0	../final/models/models_2nd_run/model1_0	neutral	0.8817726969718933	0.002026381203904748	0.00612459983676672	0.003726634196937084	0.8817726969718933	0.0021473108790814877	0.0039085326716303825	0.021600283682346344	0.004881532397121191	0.01054039504379034	0.01743939332664013	0.007563315331935883	0.03826885297894478
661	confusion	../final/models/models_2nd_run/model1_0	../final/models/models_2nd_run/model1_0	confusion	0.9628362655639648	0.0012012376682832837	0.0013616648502647877	0.0009627614635974169	0.022661477327346802	0.0011403760872781277	0.0009273419855162501	0.0007438437314704061	0.9628362655639648	0.0013174915220588446	0.0014085108414292336	0.004307006951421499	0.0011320487828925252
662	neutral	../final/models/models_2nd_run/model1_0	../final/models/models_2nd_run/model1_0	neutral	0.3371344804763794	0.004496246110647917	0.00482823234051466	0.0052310144528746605	0.3371344804763794	0.007916140370070934	0.020465703681111336	0.010306508280336857	0.008926384150981903	0.2991247773170471	0.06646813452243805	0.03173088654875755	0.20337149500846863
663	confusion	../final/models/models_2nd_run/model1_0	../final/models/models_2nd_run/model1_0	confusion	0.8917165994644165	0.0017221808666363358	0.0014953031204640865	0.001784195308573544	0.07098578661680222	0.0016901905182749033	0.001519822864793241	0.0012538856826722622	0.8917165994644165	0.0018342583207413554	0.0019815685227513313	0.021259402856230736	0.0027568561490625143
664	joy	../final/models/models_2nd_run/model1_0	../final/models/models_2nd_run/model1_0	joy	0.9686383008956909	0.0009566640364937484	0.0019108544802293181	0.0007957809721119702	0.00477092619985342	0.0011871799360960722	0.001115964725613594	0.002769381972029805	0.00171995023265481	0.0013149064034223557	0.9686383008956909	0.0011194763937965035	0.013700652867555618
665	anger	../final/models/models_2nd_run/model1_0	../final/models/models_2nd_run/model1_0	neutral	0.34030434489250183	0.007215063087642193	0.28695645928382874	0.02008664421737194	0.34030434489250183	0.004497434012591839	0.06326891481876373	0.004193549044430256	0.01791413314640522	0.24012500047683716	0.0033533836249262094	0.009663852863013744	0.0024213644210249186
666	confusion	../final/models/models_2nd_run/model1_0	../final/models/models_2nd_run/model1_0	confusion	0.8951669335365295	0.0011117341928184032	0.0015120009193196893	0.0009681024239398539	0.08501707762479782	0.0011037855874747038	0.0012036457192152739	0.001016533118672669	0.8951669335365295	0.002741620410233736	0.001769804977811873	0.006728789769113064	0.0016599622322246432
667	joy	../final/models/models_2nd_run/model1_0	../final/models/models_2nd_run/model1_0	joy	0.7379812002182007	0.0009922636672854424	0.0014632947277277708	0.0010602982947602868	0.015347215346992016	0.001327179023064673	0.0011561248684301972	0.00492501724511385	0.005957572255283594	0.0016131432494148612	0.7379812002182007	0.00599440885707736	0.2221822887659073
668	anger	../final/models/models_2nd_run/model1_0	../final/models/models_2nd_run/model1_0	anger	0.6998369693756104	0.002688415814191103	0.013946899212896824	0.004128258675336838	0.11474510282278061	0.0047307745553553104	0.1474868208169937	0.0021335131023079157	0.003356256987899542	0.6998369693756104	0.0022930328268557787	0.0028723045252263546	0.001781692379154265
669	disgust	../final/models/models_2nd_run/model1_0	../final/models/models_2nd_run/model1_0	anger	0.7607020735740662	0.0036048456095159054	0.026110738515853882	0.008997065015137196	0.012672138400375843	0.002358059398829937	0.1707899272441864	0.0036408985033631325	0.0037572095170617104	0.7607020735740662	0.003820189507678151	0.001861262135207653	0.0016855875728651881
670	confusion	../final/models/models_2nd_run/model1_0	../final/models/models_2nd_run/model1_0	surprise	0.9506632089614868	0.0013317250413820148	0.002596462843939662	0.0037617734633386135	0.00729374447837472	0.0015659511554986238	0.002201952040195465	0.0007648386526852846	0.014886816963553429	0.003471371252089739	0.0013248389586806297	0.9506632089614868	0.01013730838894844
671	neutral	../final/models/models_2nd_run/model1_0	../final/models/models_2nd_run/model1_0	sadness	0.6015898585319519	0.012755951844155788	0.6015898585319519	0.06737205386161804	0.1839563399553299	0.004722818732261658	0.019447026774287224	0.014248456805944443	0.03043254092335701	0.022651271894574165	0.014435679651796818	0.02351582795381546	0.0048722391948103905
672	joy	../final/models/models_2nd_run/model1_0	../final/models/models_2nd_run/model1_0	joy	0.9460644125938416	0.0007856417214497924	0.0017640849109739065	0.0008071541087701917	0.006313639227300882	0.0010740634752437472	0.0009672418818809092	0.0028568964917212725	0.0014776665484532714	0.0010078506311401725	0.9460644125938416	0.0016117776976898313	0.03526952117681503
673	anger	../final/models/models_2nd_run/model1_0	../final/models/models_2nd_run/model1_0	anger	0.4343809187412262	0.002926614135503769	0.005175507627427578	0.010536530055105686	0.028464339673519135	0.005419149529188871	0.0341242179274559	0.002368733985349536	0.10753621906042099	0.4343809187412262	0.0031570997089147568	0.3493753671646118	0.016535254195332527
674	confusion	../final/models/models_2nd_run/model1_0	../final/models/models_2nd_run/model1_0	confusion	0.8971444964408875	0.002584170550107956	0.0023390294518321753	0.001709336182102561	0.08244531601667404	0.0022736256942152977	0.001759047619998455	0.0010492999572306871	0.8971444964408875	0.0018202322535216808	0.0014198003336787224	0.0042707775719463825	0.0011848686262965202
675	neutral	../final/models/models_2nd_run/model1_0	../final/models/models_2nd_run/model1_0	neutral	0.7353464365005493	0.003845115192234516	0.004275937099009752	0.0040482813492417336	0.7353464365005493	0.0017333573196083307	0.0024091126397252083	0.02613283507525921	0.024706196039915085	0.00506775313988328	0.057637471705675125	0.027048276737332344	0.1077493354678154
676	anger	../final/models/models_2nd_run/model1_0	../final/models/models_2nd_run/model1_0	anger	0.8907668590545654	0.0021195048466324806	0.006789586041122675	0.004486345686018467	0.011849788017570972	0.0018165030051022768	0.07253832370042801	0.0026242248713970184	0.0026575166266411543	0.8907668590545654	0.0018368938472121954	0.0012445746688172221	0.0012698874343186617
677	anger	../final/models/models_2nd_run/model1_0	../final/models/models_2nd_run/model1_0	anger	0.38689106702804565	0.009824090637266636	0.15494681894779205	0.020738430321216583	0.15661166608333588	0.009182226844131947	0.24399051070213318	0.004008232615888119	0.007369635626673698	0.38689106702804565	0.0022683304268866777	0.0025789649225771427	0.0015900720609351993
678	surprise	../final/models/models_2nd_run/model1_0	../final/models/models_2nd_run/model1_0	surprise	0.746892511844635	0.0019238883396610618	0.005917888600379229	0.012454276904463768	0.023144781589508057	0.0034485652577131987	0.02165321074426174	0.001616004970856011	0.0789835974574089	0.09204871952533722	0.0021973305847495794	0.746892511844635	0.009719238616526127
679	joy	../final/models/models_2nd_run/model1_0	../final/models/models_2nd_run/model1_0	joy	0.6735900044441223	0.0020576464012265205	0.0027391924522817135	0.001659600529819727	0.018904604017734528	0.00216898531652987	0.0020262603648006916	0.0077925617806613445	0.0036794363986700773	0.001462371088564396	0.6735900044441223	0.005803409498184919	0.27811601758003235
680	neutral	../final/models/models_2nd_run/model1_0	../final/models/models_2nd_run/model1_0	sadness	0.567893385887146	0.017291728407144547	0.567893385887146	0.02066889964044094	0.12816427648067474	0.053802937269210815	0.04137874394655228	0.0032124477438628674	0.005807329900562763	0.142735093832016	0.003150152275338769	0.011616338044404984	0.004278676118701696
681	fear	../final/models/models_2nd_run/model1_0	../final/models/models_2nd_run/model1_0	sadness	0.8232832551002502	0.029518481343984604	0.8232832551002502	0.053792357444763184	0.022190136834979057	0.01429852843284607	0.008704380132257938	0.0037008116487413645	0.006230512633919716	0.021367181092500687	0.003766887355595827	0.008943943306803703	0.004203501157462597
682	sadness	../final/models/models_2nd_run/model1_0	../final/models/models_2nd_run/model1_0	sadness	0.9801110029220581	0.002784022130072117	0.9801110029220581	0.0027820842806249857	0.0037782834842801094	0.0014702194603160024	0.0015707066049799323	0.0007067947299219668	0.0013989972649142146	0.001610789680853486	0.00223739561624825	0.0010204430436715484	0.0005292703863233328
683	embarrassment	../final/models/models_2nd_run/model1_0	../final/models/models_2nd_run/model1_0	confusion	0.20996031165122986	0.007035311311483383	0.11131559312343597	0.016026463359594345	0.15934649109840393	0.0035405890084803104	0.002375142415985465	0.02937426045536995	0.20996031165122986	0.006759362760931253	0.16592642664909363	0.1679002344608307	0.1204397901892662
684	anger	../final/models/models_2nd_run/model1_0	../final/models/models_2nd_run/model1_0	anger	0.8919356465339661	0.0013607125729322433	0.006643034517765045	0.005028212442994118	0.021324295550584793	0.0011950640473514795	0.06330759823322296	0.0024255949538201094	0.0022645306307822466	0.8919356465339661	0.001582241733558476	0.001626528799533844	0.0013065850362181664
685	joy	../final/models/models_2nd_run/model1_0	../final/models/models_2nd_run/model1_0	joy	0.9400303959846497	0.000778000452555716	0.0015092752873897552	0.0006637569167651236	0.00441012205556035	0.0012190366396680474	0.0009746894938871264	0.002207564888522029	0.0015594764845445752	0.0010721753351390362	0.9400303959846497	0.001588161918334663	0.043987393379211426
686	sadness	../final/models/models_2nd_run/model1_0	../final/models/models_2nd_run/model1_0	sadness	0.9628813862800598	0.010025949217379093	0.9628813862800598	0.003712616628035903	0.004806864075362682	0.007790588308125734	0.0025042628403753042	0.0007310624932870269	0.0017225175397470593	0.0016271719941869378	0.002142365789040923	0.0013396000722423196	0.0007156689534895122
687	disgust	../final/models/models_2nd_run/model1_0	../final/models/models_2nd_run/model1_0	disgust	0.9524391889572144	0.0014993427321314812	0.0031259835232049227	0.00768634770065546	0.005643755197525024	0.0074080778285861015	0.9524391889572144	0.0006505463388748467	0.0026835165917873383	0.013861979357898235	0.0009780117543414235	0.002804210875183344	0.001219124998897314
688	fear	../final/models/models_2nd_run/model1_0	../final/models/models_2nd_run/model1_0	fear	0.9211207628250122	0.04002236947417259	0.006619774270802736	0.0018689666176214814	0.004619613289833069	0.9211207628250122	0.009189791977405548	0.000939518737141043	0.004182988312095404	0.004047171678394079	0.003043950768187642	0.0020539741963148117	0.0022911878768354654
689	joy	../final/models/models_2nd_run/model1_0	../final/models/models_2nd_run/model1_0	joy	0.9670506119728088	0.0010515112662687898	0.0017655222909525037	0.0007688433979637921	0.0065864212810993195	0.001397300511598587	0.0013499530032277107	0.0024253451265394688	0.0017040951643139124	0.0013985950499773026	0.9670506119728088	0.0010848206002265215	0.013416971080005169
690	neutral	../final/models/models_2nd_run/model1_0	../final/models/models_2nd_run/model1_0	neutral	0.839370846748352	0.008109928108751774	0.018213029950857162	0.006333178374916315	0.839370846748352	0.0037446729838848114	0.007066188380122185	0.04869069531559944	0.003583918558433652	0.01064310222864151	0.030111443251371384	0.003139336360618472	0.020993672311306
691	excitement	../final/models/models_2nd_run/model1_0	../final/models/models_2nd_run/model1_0	excitement	0.683128297328949	0.001223713275976479	0.002644321182742715	0.0023833257146179676	0.035965994000434875	0.0025850320234894753	0.0033266448881477118	0.003722424851730466	0.0037285625003278255	0.004386765882372856	0.039643436670303345	0.21726153790950775	0.683128297328949
692	anger	../final/models/models_2nd_run/model1_0	../final/models/models_2nd_run/model1_0	anger	0.8199913501739502	0.0018936385167762637	0.003908519167453051	0.003694400889798999	0.020837608724832535	0.0030223065987229347	0.01187227014452219	0.0021200485061854124	0.08353308588266373	0.8199913501739502	0.002836239291355014	0.03913385048508644	0.007156676147133112
693	neutral	../final/models/models_2nd_run/model1_0	../final/models/models_2nd_run/model1_0	neutral	0.9150179028511047	0.004168259911239147	0.0076909963972866535	0.0056855687871575356	0.9150179028511047	0.004735284019261599	0.013533792458474636	0.00803464651107788	0.004096719902008772	0.02108699455857277	0.0048905787989497185	0.004253452178090811	0.006805740762501955
694	fear	../final/models/models_2nd_run/model1_0	../final/models/models_2nd_run/model1_0	fear	0.8869848847389221	0.023686014115810394	0.026707615703344345	0.003008947940543294	0.006115719210356474	0.8869848847389221	0.029526161029934883	0.0008318432956002653	0.006709335837513208	0.007376315072178841	0.003373744897544384	0.0035543362610042095	0.0021250718273222446
695	excitement	../final/models/models_2nd_run/model1_0	../final/models/models_2nd_run/model1_0	excitement	0.3117537498474121	0.005666987504810095	0.026282459497451782	0.011291904374957085	0.23273441195487976	0.002694329246878624	0.0030554751865565777	0.17270012199878693	0.0053147850558161736	0.007063459604978561	0.2006368190050125	0.020805491134524345	0.3117537498474121
696	neutral	../final/models/models_2nd_run/model1_0	../final/models/models_2nd_run/model1_0	neutral	0.47893261909484863	0.023871369659900665	0.056063856929540634	0.12873245775699615	0.47893261909484863	0.007277124561369419	0.007466422393918037	0.049695953726768494	0.07725575566291809	0.008291049860417843	0.03017096035182476	0.09831952303647995	0.033922865986824036
697	sadness	../final/models/models_2nd_run/model1_0	../final/models/models_2nd_run/model1_0	sadness	0.969394862651825	0.0036776401102542877	0.969394862651825	0.004033581353724003	0.007359592244029045	0.0011987965553998947	0.0014041876420378685	0.002106959233060479	0.0014736157609149814	0.0018238343764096498	0.0056351423263549805	0.0009594360599294305	0.000932463794015348
698	anger	../final/models/models_2nd_run/model1_0	../final/models/models_2nd_run/model1_0	anger	0.8489097952842712	0.002770241815596819	0.012751415371894836	0.005844780709594488	0.01937735825777054	0.0030116350390017033	0.0953274816274643	0.003370058024302125	0.002947560278698802	0.8489097952842712	0.0025758063420653343	0.0013385823694989085	0.0017752861604094505
699	surprise	../final/models/models_2nd_run/model1_0	../final/models/models_2nd_run/model1_0	surprise	0.9541532397270203	0.0006834788946434855	0.0017114141955971718	0.0018262763042002916	0.006985480431467295	0.001319974777288735	0.0016255651134997606	0.000823347014375031	0.005501639097929001	0.0019998520147055387	0.0027282543014734983	0.9541532397270203	0.020641446113586426
700	confusion	../final/models/models_2nd_run/model1_0	../final/models/models_2nd_run/model1_0	anger	0.7078524231910706	0.0023134034126996994	0.009380790404975414	0.007512494921684265	0.0739542543888092	0.0027963246684521437	0.18299074470996857	0.00207496271468699	0.004003799054771662	0.7078524231910706	0.0019334214739501476	0.0033627895172685385	0.001824602484703064
701	neutral	../final/models/models_2nd_run/model1_0	../final/models/models_2nd_run/model1_0	fear	0.3543817102909088	0.036471374332904816	0.3132224977016449	0.011225602589547634	0.08518444746732712	0.3543817102909088	0.08900004625320435	0.0019081929931417108	0.008876701816916466	0.07707800716161728	0.004411623813211918	0.014845427125692368	0.003394397906959057
702	fear	../final/models/models_2nd_run/model1_0	../final/models/models_2nd_run/model1_0	fear	0.9149413704872131	0.043628912419080734	0.005601929500699043	0.002022096421569586	0.004522123374044895	0.9149413704872131	0.005899797193706036	0.0007924952660687268	0.008803575299680233	0.003150732023641467	0.0033469873014837503	0.003914491273462772	0.0033754827454686165
703	excitement	../final/models/models_2nd_run/model1_0	../final/models/models_2nd_run/model1_0	excitement	0.6939617395401001	0.0012386133894324303	0.0012338162632659078	0.00107510422822088	0.012834224849939346	0.0015299370279535651	0.0012980778701603413	0.006324209272861481	0.002215008018538356	0.0020630457438528538	0.27125266194343567	0.00497359549626708	0.6939617395401001
704	anger	../final/models/models_2nd_run/model1_0	../final/models/models_2nd_run/model1_0	anger	0.9430979490280151	0.0016150381416082382	0.003727529663592577	0.0020885849371552467	0.02073887549340725	0.002044499618932605	0.018042011186480522	0.0019452646374702454	0.002447201404720545	0.9430979490280151	0.001443682238459587	0.0012626550160348415	0.0015466493787243962
705	confusion	../final/models/models_2nd_run/model1_0	../final/models/models_2nd_run/model1_0	confusion	0.9681268334388733	0.0011233858531340957	0.001612611929886043	0.0012471303343772888	0.01696355827152729	0.0009987527737393975	0.0008830486913211644	0.0007280849386006594	0.9681268334388733	0.0012122441548854113	0.0010973479365929961	0.004986162297427654	0.0010207515442743897
706	joy	../final/models/models_2nd_run/model1_0	../final/models/models_2nd_run/model1_0	neutral	0.4452809691429138	0.004086748231202364	0.010066750459372997	0.009055674076080322	0.4452809691429138	0.003486934117972851	0.01053688209503889	0.017853382974863052	0.008924257010221481	0.008875800296664238	0.42418357729911804	0.00850868970155716	0.049140382558107376
707	joy	../final/models/models_2nd_run/model1_0	../final/models/models_2nd_run/model1_0	joy	0.9523547887802124	0.0008208879153244197	0.001406346564181149	0.000607695197686553	0.005242299288511276	0.0013509304262697697	0.001089980243705213	0.001850731554441154	0.0017833225429058075	0.0012563393684104085	0.9523547887802124	0.0014580395072698593	0.030778659507632256
708	neutral	../final/models/models_2nd_run/model1_0	../final/models/models_2nd_run/model1_0	confusion	0.9518159031867981	0.0013510457938537002	0.002107110107317567	0.001210770569741726	0.03031848557293415	0.0010313616367056966	0.0009189550764858723	0.0008302023634314537	0.9518159031867981	0.0017866078997030854	0.001186596928164363	0.006252497434616089	0.0011903457343578339
709	sadness	../final/models/models_2nd_run/model1_0	../final/models/models_2nd_run/model1_0	sadness	0.5596044659614563	0.017644837498664856	0.5596044659614563	0.2383294403553009	0.00912399124354124	0.010797455906867981	0.11945840716362	0.0037906102370470762	0.006243259180337191	0.028050988912582397	0.0022450315300375223	0.0032524699345231056	0.0014590013306587934
710	surprise	../final/models/models_2nd_run/model1_0	../final/models/models_2nd_run/model1_0	surprise	0.8958731889724731	0.0009507276117801666	0.00407646968960762	0.0030766408890485764	0.028640732169151306	0.0022167705465108156	0.003992666956037283	0.001552314730361104	0.005046364385634661	0.005139036104083061	0.003978149965405464	0.8958731889724731	0.04545706883072853
711	surprise	../final/models/models_2nd_run/model1_0	../final/models/models_2nd_run/model1_0	surprise	0.9379745125770569	0.0010429383255541325	0.002565072849392891	0.0036254175938665867	0.012411752715706825	0.002250463468953967	0.0053751468658447266	0.0008359930943697691	0.006524758879095316	0.008193311281502247	0.0027272463776171207	0.9379745125770569	0.01647348329424858
712	excitement	../final/models/models_2nd_run/model1_0	../final/models/models_2nd_run/model1_0	joy	0.8987029790878296	0.002169250277802348	0.005020057316869497	0.0017166138859465718	0.015373465605080128	0.001905242563225329	0.0016047087265178561	0.006258457433432341	0.036418214440345764	0.0024278489872813225	0.8987029790878296	0.005560580175369978	0.022842561826109886
713	joy	../final/models/models_2nd_run/model1_0	../final/models/models_2nd_run/model1_0	joy	0.9649630784988403	0.0008608691277913749	0.002005606656894088	0.0007099201320670545	0.003213406540453434	0.0011853608302772045	0.0009479106520302594	0.002298609586432576	0.0014124924782663584	0.000975815870333463	0.9649630784988403	0.0012494713300839067	0.02017749845981598
714	disgust	../final/models/models_2nd_run/model1_0	../final/models/models_2nd_run/model1_0	neutral	0.3614090085029602	0.007865297608077526	0.035466425120830536	0.010906228795647621	0.3614090085029602	0.01170473825186491	0.22279107570648193	0.0037485447246581316	0.008352714590728283	0.3234466016292572	0.006027421914041042	0.004565390292555094	0.003716499311849475
715	surprise	../final/models/models_2nd_run/model1_0	../final/models/models_2nd_run/model1_0	joy	0.3930017948150635	0.0026527473237365484	0.00573765579611063	0.004149450454860926	0.033069491386413574	0.002622437197715044	0.002152367727831006	0.010412439703941345	0.016702953726053238	0.002597491955384612	0.3930017948150635	0.1959037035703659	0.33099743723869324
716	sadness	../final/models/models_2nd_run/model1_0	../final/models/models_2nd_run/model1_0	neutral	0.40599560737609863	0.05931730568408966	0.23435930907726288	0.0150017524138093	0.40599560737609863	0.1502358615398407	0.04829714447259903	0.0019328066846355796	0.025179466232657433	0.04222268983721733	0.002954418770968914	0.011172175407409668	0.003331389743834734
717	joy	../final/models/models_2nd_run/model1_0	../final/models/models_2nd_run/model1_0	joy	0.9640401005744934	0.001165894907899201	0.0016484883381053805	0.0008476567454636097	0.007832463830709457	0.0015429272316396236	0.0015082882018759847	0.0030184814240783453	0.0021259665954858065	0.001850845292210579	0.9640401005744934	0.0010095476172864437	0.013409308157861233
718	surprise	../final/models/models_2nd_run/model1_0	../final/models/models_2nd_run/model1_0	surprise	0.49033883213996887	0.0018032514490187168	0.0030357420910149813	0.00417115306481719	0.09728014469146729	0.003534813178703189	0.005187871865928173	0.0036360006779432297	0.13046927750110626	0.007078210357576609	0.022960172966122627	0.49033883213996887	0.23050448298454285
719	excitement	../final/models/models_2nd_run/model1_0	../final/models/models_2nd_run/model1_0	excitement	0.5789064764976501	0.0013032479910179973	0.002766115590929985	0.0027928745839744806	0.028385672718286514	0.002621684456244111	0.003005595412105322	0.003526953747496009	0.004862848669290543	0.004293233621865511	0.037799980491399765	0.32973527908325195	0.5789064764976501
720	neutral	../final/models/models_2nd_run/model1_0	../final/models/models_2nd_run/model1_0	neutral	0.9499175548553467	0.0013713482767343521	0.003873534267768264	0.0011748772813007236	0.9499175548553467	0.0027106849011033773	0.005794246215373278	0.0028713801875710487	0.006074979435652494	0.016421351581811905	0.0037174916360527277	0.002413888229057193	0.0036586166825145483
721	neutral	../final/models/models_2nd_run/model1_0	../final/models/models_2nd_run/model1_0	nervousness	0.3521222770214081	0.3521222770214081	0.10231640189886093	0.04347939044237137	0.24216167628765106	0.18379007279872894	0.012773835100233555	0.01273028552532196	0.016241464763879776	0.01820317469537258	0.0074685197323560715	0.0033423397690057755	0.005370658822357655
722	sadness	../final/models/models_2nd_run/model1_0	../final/models/models_2nd_run/model1_0	sadness	0.9734947085380554	0.004581454209983349	0.9734947085380554	0.004560207948088646	0.005328775383532047	0.0020364385563880205	0.002114166272804141	0.0008012097096070647	0.0018808258464559913	0.0017486816504970193	0.001693365746177733	0.001225832151249051	0.0005342197837308049
723	joy	../final/models/models_2nd_run/model1_0	../final/models/models_2nd_run/model1_0	joy	0.9664812684059143	0.001057325629517436	0.0014972101198509336	0.0008158913115039468	0.005942297168076038	0.001398570486344397	0.0012309667654335499	0.00268774526193738	0.0022071576677262783	0.0013691294007003307	0.9664812684059143	0.0011500108521431684	0.014162397012114525
724	anger	../final/models/models_2nd_run/model1_0	../final/models/models_2nd_run/model1_0	anger	0.8213703036308289	0.00283170398324728	0.021981775760650635	0.0055185467936098576	0.0729965940117836	0.002054857788607478	0.054844070225954056	0.004649285227060318	0.006744446232914925	0.8213703036308289	0.003502753796055913	0.0019165996927767992	0.0015891549410298467
725	joy	../final/models/models_2nd_run/model1_0	../final/models/models_2nd_run/model1_0	joy	0.9399973750114441	0.0010857831221073866	0.0020494551863521338	0.0009434023522771895	0.004525492899119854	0.0010973773896694183	0.0008513344218954444	0.004795515909790993	0.0016806500498205423	0.0008563831215724349	0.9399973750114441	0.0018187548266723752	0.04029852896928787
726	disgust	../final/models/models_2nd_run/model1_0	../final/models/models_2nd_run/model1_0	disgust	0.9151469469070435	0.00342202209867537	0.005137127824127674	0.012801927514374256	0.018924957141280174	0.01017299760133028	0.9151469469070435	0.0009863002924248576	0.004063438158482313	0.025028495118021965	0.0010857671732082963	0.002243827562779188	0.0009860608261078596
727	fear	../final/models/models_2nd_run/model1_0	../final/models/models_2nd_run/model1_0	fear	0.9294169545173645	0.021688934415578842	0.005510111339390278	0.0021856091916561127	0.004932182841002941	0.9294169545173645	0.018137551844120026	0.0007535592303611338	0.0044714403338730335	0.004092272836714983	0.0036213574931025505	0.0027219715993851423	0.002468043239787221
728	neutral	../final/models/models_2nd_run/model1_0	../final/models/models_2nd_run/model1_0	confusion	0.8779778480529785	0.0023964799474924803	0.005850979592651129	0.0017697931034490466	0.09416642040014267	0.0025737425312399864	0.0016868234379217029	0.0009678411879576743	0.8779778480529785	0.0037843112368136644	0.0013321174774318933	0.006325642578303814	0.001167937065474689
729	excitement	../final/models/models_2nd_run/model1_0	../final/models/models_2nd_run/model1_0	joy	0.8235381841659546	0.0008860809612087905	0.001730611314997077	0.0007997634238563478	0.011086110025644302	0.0014473277842625976	0.0013571525923907757	0.0026801330968737602	0.0020210486836731434	0.0017495055217295885	0.8235381841659546	0.0029929999727755785	0.14971107244491577
730	confusion	../final/models/models_2nd_run/model1_0	../final/models/models_2nd_run/model1_0	excitement	0.8463718891143799	0.0038062792737036943	0.0018746862187981606	0.002400235505774617	0.026923522353172302	0.0042822398245334625	0.001811373047530651	0.002874015597626567	0.05253429710865021	0.0049576954916119576	0.016605203971266747	0.035558588802814484	0.8463718891143799
731	sadness	../final/models/models_2nd_run/model1_0	../final/models/models_2nd_run/model1_0	sadness	0.9367210268974304	0.0044856867752969265	0.9367210268974304	0.008710105903446674	0.016887115314602852	0.0033124370966106653	0.011264197528362274	0.0013615628704428673	0.0017950618639588356	0.010262665338814259	0.002705078339204192	0.0015172515995800495	0.0009777731029316783
732	joy	../final/models/models_2nd_run/model1_0	../final/models/models_2nd_run/model1_0	joy	0.9406588077545166	0.0014187674969434738	0.002220550552010536	0.0012720151571556926	0.009342587552964687	0.0010788782965391874	0.0011105712037533522	0.011100519448518753	0.0019486467353999615	0.0011336563620716333	0.9406588077545166	0.001283290795981884	0.0274317916482687
733	confusion	../final/models/models_2nd_run/model1_0	../final/models/models_2nd_run/model1_0	surprise	0.6934329867362976	0.004647660534828901	0.007147648371756077	0.018640652298927307	0.02731953002512455	0.003150382312014699	0.004358023405075073	0.00277907052077353	0.2158348262310028	0.003612249856814742	0.0036171257961541414	0.6934329867362976	0.015459856949746609
734	sadness	../final/models/models_2nd_run/model1_0	../final/models/models_2nd_run/model1_0	sadness	0.9797661304473877	0.002854699967429042	0.9797661304473877	0.0023321902845054865	0.00382836046628654	0.0018465082393959165	0.0017761057242751122	0.0005250058602541685	0.0014242776669561863	0.0018851301865652204	0.0019907401874661446	0.0011916962685063481	0.0005791923031210899
735	joy	../final/models/models_2nd_run/model1_0	../final/models/models_2nd_run/model1_0	joy	0.8101159334182739	0.0018969797529280186	0.003594352863729	0.001895628753118217	0.020626943558454514	0.001960703870281577	0.0020006485283374786	0.005468222312629223	0.002548184944316745	0.0015608937246724963	0.8101159334182739	0.004798312671482563	0.14353318512439728
736	disgust	../final/models/models_2nd_run/model1_0	../final/models/models_2nd_run/model1_0	disgust	0.6715631484985352	0.0051379455253481865	0.027975425124168396	0.008229353465139866	0.17019248008728027	0.017718905583024025	0.6715631484985352	0.0014213643735274673	0.005521231330931187	0.0852280855178833	0.0017242785543203354	0.0038997975643724203	0.0013880209298804402
737	embarrassment	../final/models/models_2nd_run/model1_0	../final/models/models_2nd_run/model1_0	embarrassment	0.8825334906578064	0.005907054059207439	0.008603163994848728	0.8825334906578064	0.0026389816775918007	0.003926967270672321	0.05497634783387184	0.009828472509980202	0.003987480420619249	0.0214656051248312	0.001235156669281423	0.0031314960215240717	0.0017658675787970424
738	fear	../final/models/models_2nd_run/model1_0	../final/models/models_2nd_run/model1_0	fear	0.9049196243286133	0.05679234117269516	0.005898233037441969	0.0021633312571793795	0.004470762796700001	0.9049196243286133	0.005813350435346365	0.0011900790268555284	0.0061296806670725346	0.0033315024338662624	0.004094651900231838	0.0024332499597221613	0.002763187512755394
739	sadness	../final/models/models_2nd_run/model1_0	../final/models/models_2nd_run/model1_0	neutral	0.8796777725219727	0.003357678186148405	0.005158621352165937	0.008139923214912415	0.8796777725219727	0.0034262151457369328	0.031199535354971886	0.006537524983286858	0.009487182833254337	0.02910582162439823	0.01350611075758934	0.0040341755375266075	0.006369454320520163
740	neutral	../final/models/models_2nd_run/model1_0	../final/models/models_2nd_run/model1_0	neutral	0.962344229221344	0.001757918973453343	0.006301461718976498	0.0015933751128613949	0.962344229221344	0.0020975295919924974	0.003327201586216688	0.0023565723095089197	0.007287813350558281	0.006403305567800999	0.0016182920662686229	0.003085541073232889	0.001826857216656208
741	confusion	../final/models/models_2nd_run/model1_0	../final/models/models_2nd_run/model1_0	confusion	0.8705217838287354	0.002240635920315981	0.00259167468175292	0.0061294264160096645	0.0906129702925682	0.0017740592593327165	0.0055147456005215645	0.002270011929795146	0.8705217838287354	0.005320497788488865	0.001336193410679698	0.009896370582282543	0.0017916584620252252
742	neutral	../final/models/models_2nd_run/model1_0	../final/models/models_2nd_run/model1_0	anger	0.7116090655326843	0.0018858583644032478	0.005960243288427591	0.00451170327141881	0.1996433585882187	0.0027564484626054764	0.03102434240281582	0.0095632653683424	0.004181051626801491	0.7116090655326843	0.00623574061319232	0.006525509059429169	0.0161034744232893
743	sadness	../final/models/models_2nd_run/model1_0	../final/models/models_2nd_run/model1_0	sadness	0.9695841073989868	0.004296174272894859	0.9695841073989868	0.0031360238790512085	0.00627091433852911	0.004424379672855139	0.0038512367755174637	0.0006468910141848028	0.0015141835901886225	0.002861935878172517	0.0018114256672561169	0.0009565819054841995	0.0006462176679633558
744	embarrassment	../final/models/models_2nd_run/model1_0	../final/models/models_2nd_run/model1_0	surprise	0.886490523815155	0.001126231742091477	0.0031846603378653526	0.004364909138530493	0.03352571651339531	0.0028116272296756506	0.004568903241306543	0.0012811935739591718	0.014304379001259804	0.0029045359697192907	0.005097008775919676	0.886490523815155	0.04034039378166199
745	anger	../final/models/models_2nd_run/model1_0	../final/models/models_2nd_run/model1_0	anger	0.42783957719802856	0.004718138836324215	0.04829980060458183	0.05514482408761978	0.11554393172264099	0.003005361882969737	0.3166041374206543	0.009957446716725826	0.009124761447310448	0.42783957719802856	0.0025054786819964647	0.005309992469847202	0.0019465850200504065
746	sadness	../final/models/models_2nd_run/model1_0	../final/models/models_2nd_run/model1_0	nervousness	0.4948493242263794	0.4948493242263794	0.11399335414171219	0.008357699029147625	0.06859081238508224	0.22074078023433685	0.005872899200767279	0.011137048713862896	0.0053694164380431175	0.010528946295380592	0.035327933728694916	0.0048714191652834415	0.020360464230179787
747	sadness	../final/models/models_2nd_run/model1_0	../final/models/models_2nd_run/model1_0	sadness	0.9786137342453003	0.002598325489088893	0.9786137342453003	0.0034075742587447166	0.004735044669359922	0.001203076564706862	0.0013975377660244703	0.0007451793062500656	0.0015747097786515951	0.0014199181459844112	0.0025053531862795353	0.00118837330956012	0.0006111547700129449
748	disgust	../final/models/models_2nd_run/model1_0	../final/models/models_2nd_run/model1_0	disgust	0.8902852535247803	0.004731113091111183	0.019326841458678246	0.006826538592576981	0.017527446150779724	0.031219616532325745	0.8902852535247803	0.0007232671487145126	0.005021093878895044	0.01901831664144993	0.001525449799373746	0.0026846968103200197	0.0011103563010692596
749	neutral	../final/models/models_2nd_run/model1_0	../final/models/models_2nd_run/model1_0	disgust	0.5915844440460205	0.0030925420578569174	0.005728546995669603	0.02312285080552101	0.12572409212589264	0.006941146682947874	0.5915844440460205	0.00397567730396986	0.00884405616670847	0.20922665297985077	0.0030367830768227577	0.013567890971899033	0.005155409220606089
750	joy	../final/models/models_2nd_run/model1_0	../final/models/models_2nd_run/model1_0	joy	0.9548563361167908	0.0008780044154264033	0.0016411080723628402	0.0008453535847365856	0.004967494867742062	0.0010180596727877855	0.0008893250487744808	0.003956703934818506	0.0016438838792964816	0.0008703367202542722	0.9548563361167908	0.001278154319152236	0.027155248448252678
751	neutral	../final/models/models_2nd_run/model1_0	../final/models/models_2nd_run/model1_0	joy	0.3148998022079468	0.006924013141542673	0.010466734878718853	0.014266928657889366	0.12648697197437286	0.00284578837454319	0.004148863255977631	0.2974916100502014	0.007554225157946348	0.005276169627904892	0.3148998022079468	0.010290194302797318	0.19934861361980438
752	fear	../final/models/models_2nd_run/model1_0	../final/models/models_2nd_run/model1_0	fear	0.9198646545410156	0.04305681213736534	0.0062943799421191216	0.002067554509267211	0.004008864983916283	0.9198646545410156	0.005503675434738398	0.0009970369283109903	0.004902516957372427	0.0027353602927178144	0.004272403195500374	0.002850119024515152	0.0034466846846044064
753	fear	../final/models/models_2nd_run/model1_0	../final/models/models_2nd_run/model1_0	fear	0.909347414970398	0.051244545727968216	0.004243964795023203	0.002040798543021083	0.005111944396048784	0.909347414970398	0.007491793017834425	0.0011858334764838219	0.004527053330093622	0.003526267595589161	0.004570572171360254	0.0027334773913025856	0.0039763255044817924
754	confusion	../final/models/models_2nd_run/model1_0	../final/models/models_2nd_run/model1_0	confusion	0.9285774230957031	0.0009932431858032942	0.0013672230998054147	0.0011719688773155212	0.04905790090560913	0.0011061487020924687	0.001274503767490387	0.0008727067615836859	0.9285774230957031	0.0021251486614346504	0.0013632611371576786	0.010433443821966648	0.0016570069128647447
755	confusion	../final/models/models_2nd_run/model1_0	../final/models/models_2nd_run/model1_0	confusion	0.9554358124732971	0.0009984576608985662	0.0013171014143154025	0.000915961863938719	0.028551911935210228	0.0010627653682604432	0.0009678296628408134	0.0006600238848477602	0.9554358124732971	0.0016025027725845575	0.0013228504685685039	0.005957288201898336	0.0012074208352714777
756	fear	../final/models/models_2nd_run/model1_0	../final/models/models_2nd_run/model1_0	fear	0.9213404655456543	0.023737413808703423	0.005807908251881599	0.0018976174760609865	0.006236448418349028	0.9213404655456543	0.0197435449808836	0.0007533031166531146	0.005255251191556454	0.006678600329905748	0.0028874236159026623	0.0030115561094135046	0.0026504562702029943
757	joy	../final/models/models_2nd_run/model1_0	../final/models/models_2nd_run/model1_0	joy	0.680363118648529	0.0012417505495250225	0.0015951480017974973	0.0011101211421191692	0.015523422509431839	0.001323015778325498	0.0011017101351171732	0.008769696578383446	0.0023281334433704615	0.0016761658480390906	0.680363118648529	0.0031677326187491417	0.28179997205734253
758	anger	../final/models/models_2nd_run/model1_0	../final/models/models_2nd_run/model1_0	joy	0.9375140070915222	0.0008412423776462674	0.0015467297052964568	0.0006682474631816149	0.005670357961207628	0.001209338428452611	0.001014677807688713	0.0021758656948804855	0.0014342060312628746	0.0012074541300535202	0.9375140070915222	0.0015770000172778964	0.0451408214867115
759	disgust	../final/models/models_2nd_run/model1_0	../final/models/models_2nd_run/model1_0	disgust	0.9529131054878235	0.0015401238342747092	0.002951014321297407	0.0066781360656023026	0.006326387170702219	0.007173256017267704	0.9529131054878235	0.0006486685597337782	0.0028640369419008493	0.013327891007065773	0.001166543341241777	0.0030440115369856358	0.0013667725725099444
760	disgust	../final/models/models_2nd_run/model1_0	../final/models/models_2nd_run/model1_0	anger	0.9527633190155029	0.0012522932374849916	0.0020913295447826385	0.0019202021649107337	0.009008298628032207	0.0019107140833511949	0.020480763167142868	0.0017521679401397705	0.0016434676945209503	0.9527633190155029	0.001813385752029717	0.002431301400065422	0.0029328211676329374
761	anger	../final/models/models_2nd_run/model1_0	../final/models/models_2nd_run/model1_0	anger	0.9213195443153381	0.0013598849764093757	0.00230581546202302	0.003189593320712447	0.008128685876727104	0.0017458721995353699	0.016920266672968864	0.0016099810600280762	0.03224945440888405	0.9213195443153381	0.0014060146640986204	0.007503751665353775	0.0022610952146351337
762	sadness	../final/models/models_2nd_run/model1_0	../final/models/models_2nd_run/model1_0	sadness	0.9708714485168457	0.004616924095898867	0.9708714485168457	0.0033340195659548044	0.005334561225026846	0.005627742037177086	0.0018432982033118606	0.0006650032009929419	0.001851709559559822	0.0013558317441493273	0.002093978924676776	0.0016108319396153092	0.0007945540128275752
763	joy	../final/models/models_2nd_run/model1_0	../final/models/models_2nd_run/model1_0	joy	0.49402931332588196	0.0028118884656578302	0.002334166318178177	0.0019340807339176536	0.15194346010684967	0.003550071269273758	0.003056460293009877	0.01164268422871828	0.007817467674612999	0.004826427903026342	0.49402931332588196	0.005583400838077068	0.3104705810546875
764	neutral	../final/models/models_2nd_run/model1_0	../final/models/models_2nd_run/model1_0	neutral	0.9227385520935059	0.0024849106557667255	0.004825451876968145	0.0025244986172765493	0.9227385520935059	0.001976547297090292	0.0029201784636825323	0.007834898307919502	0.012280863709747791	0.003543852362781763	0.019698336720466614	0.005580946337431669	0.01359094213694334
765	confusion	../final/models/models_2nd_run/model1_0	../final/models/models_2nd_run/model1_0	confusion	0.9399086236953735	0.0016965653048828244	0.003081211121752858	0.002846557879820466	0.023394759744405746	0.0021625948138535023	0.013024919666349888	0.0006328300223685801	0.9399086236953735	0.006188464816659689	0.001073022373020649	0.005203423090279102	0.0007871093694120646
766	confusion	../final/models/models_2nd_run/model1_0	../final/models/models_2nd_run/model1_0	confusion	0.9338569045066833	0.001344197546131909	0.0036094223614782095	0.0011964067816734314	0.04662694036960602	0.0011316542513668537	0.0011197353014722466	0.0009463155292905867	0.9338569045066833	0.0024074935354292393	0.001300907344557345	0.005343092139810324	0.0011168904602527618
767	sadness	../final/models/models_2nd_run/model1_0	../final/models/models_2nd_run/model1_0	sadness	0.5497580170631409	0.10326135158538818	0.5497580170631409	0.008695822209119797	0.0395180769264698	0.10139596462249756	0.035091299563646317	0.004084104672074318	0.004359407816082239	0.12571406364440918	0.017356177791953087	0.00505721615627408	0.005708442069590092
768	sadness	../final/models/models_2nd_run/model1_0	../final/models/models_2nd_run/model1_0	sadness	0.7767640352249146	0.04126204177737236	0.7767640352249146	0.010780288837850094	0.09562253206968307	0.02225075475871563	0.01779368706047535	0.002461416879668832	0.011094005778431892	0.0044007450342178345	0.008849426172673702	0.0046025533229112625	0.004118466749787331
769	embarrassment	../final/models/models_2nd_run/model1_0	../final/models/models_2nd_run/model1_0	embarrassment	0.7365045547485352	0.005821175407618284	0.009700081311166286	0.7365045547485352	0.004082589875906706	0.006027858704328537	0.17908896505832672	0.008758960291743279	0.005824662744998932	0.035816457122564316	0.001624676981009543	0.004453339148312807	0.002296736929565668
770	disgust	../final/models/models_2nd_run/model1_0	../final/models/models_2nd_run/model1_0	disgust	0.9385747313499451	0.0027530754450708628	0.008605871349573135	0.006681088358163834	0.007268167566508055	0.014444651082158089	0.9385747313499451	0.0005783066735602915	0.0038589222822338343	0.011908113025128841	0.0011453323531895876	0.003123854286968708	0.0010579024674370885
771	excitement	../final/models/models_2nd_run/model1_0	../final/models/models_2nd_run/model1_0	excitement	0.9642471671104431	0.0019236092921346426	0.0008874175837263465	0.0011546880705282092	0.00644279271364212	0.0017668157815933228	0.0012433544034138322	0.0026453009340912104	0.0014333041617646813	0.00156107684597373	0.010594931431114674	0.0060995472595095634	0.9642471671104431
772	anger	../final/models/models_2nd_run/model1_0	../final/models/models_2nd_run/model1_0	anger	0.9414346218109131	0.0015918806893751025	0.004820325877517462	0.0021224033553153276	0.017538966611027718	0.0015053803799673915	0.01993897184729576	0.0025595102924853563	0.00277101737447083	0.9414346218109131	0.002571199554949999	0.001325256540440023	0.001820396282710135
773	nervousness	../final/models/models_2nd_run/model1_0	../final/models/models_2nd_run/model1_0	nervousness	0.846272349357605	0.846272349357605	0.029873402789235115	0.017465632408857346	0.008234652690589428	0.054583244025707245	0.00410215649753809	0.012029286473989487	0.006615366321057081	0.005002785474061966	0.00738473329693079	0.0024694015737622976	0.005967020057141781
774	neutral	../final/models/models_2nd_run/model1_0	../final/models/models_2nd_run/model1_0	anger	0.9352457523345947	0.0012997861485928297	0.00301993265748024	0.002547341864556074	0.0196977686136961	0.0019484915537759662	0.02487674355506897	0.001679514884017408	0.00159567897208035	0.9352457523345947	0.002015754347667098	0.0021363492123782635	0.0039367969147861
775	confusion	../final/models/models_2nd_run/model1_0	../final/models/models_2nd_run/model1_0	confusion	0.9246852993965149	0.001386302406899631	0.0029338549356907606	0.0014552758075296879	0.05405763164162636	0.001129450392909348	0.0013298377161845565	0.0009098557638935745	0.9246852993965149	0.002292841440066695	0.0014182906597852707	0.007139044348150492	0.0012623408110812306
776	confusion	../final/models/models_2nd_run/model1_0	../final/models/models_2nd_run/model1_0	confusion	0.8991633057594299	0.0016500314231961966	0.0016847157385200262	0.0012303540715947747	0.0789577066898346	0.0013256205711513758	0.0012657323386520147	0.001075483625754714	0.8991633057594299	0.0017738426104187965	0.0018039162969216704	0.008222030475735664	0.0018472815863788128
777	anger	../final/models/models_2nd_run/model1_0	../final/models/models_2nd_run/model1_0	anger	0.831388533115387	0.008517169393599033	0.006918857805430889	0.004220804199576378	0.05555633455514908	0.02066539227962494	0.02202307991683483	0.011636379174888134	0.005465297494083643	0.831388533115387	0.0057872990146279335	0.00733209541067481	0.02048869989812374
778	surprise	../final/models/models_2nd_run/model1_0	../final/models/models_2nd_run/model1_0	surprise	0.7584704160690308	0.0015193650033324957	0.0022174068726599216	0.003051711479201913	0.029323760420084	0.002681282116100192	0.0023852353915572166	0.002773772459477186	0.05531153827905655	0.005732719320803881	0.009844578802585602	0.7584704160690308	0.12668821215629578
779	sadness	../final/models/models_2nd_run/model1_0	../final/models/models_2nd_run/model1_0	sadness	0.9763785600662231	0.0029105390422046185	0.9763785600662231	0.005342256743460894	0.0037445409689098597	0.0014737443998456001	0.0019176893401890993	0.0008117592078633606	0.0018556356662884355	0.0016282942378893495	0.0020275593269616365	0.0013190372847020626	0.0005903990240767598
780	neutral	../final/models/models_2nd_run/model1_0	../final/models/models_2nd_run/model1_0	neutral	0.6404939293861389	0.002702635247260332	0.01409783586859703	0.005369099322706461	0.6404939293861389	0.0035255716647952795	0.03902815654873848	0.004553869366645813	0.0078881299123168	0.2721538245677948	0.002737536793574691	0.004715068731456995	0.002734243869781494
781	pride	../final/models/models_2nd_run/model1_0	../final/models/models_2nd_run/model1_0	neutral	0.8149145841598511	0.0024039214476943016	0.0027341304812580347	0.0021520701702684164	0.8149145841598511	0.002856208709999919	0.008112384006381035	0.011540808714926243	0.004999153316020966	0.0224877018481493	0.057493746280670166	0.004720360040664673	0.06558488309383392
782	disgust	../final/models/models_2nd_run/model1_0	../final/models/models_2nd_run/model1_0	disgust	0.9189990758895874	0.0042641134932637215	0.007981892675161362	0.016761211678385735	0.007243294734507799	0.026495518162846565	0.9189990758895874	0.0007976283668540418	0.004112703260034323	0.006571266334503889	0.0014811239670962095	0.003920082002878189	0.0013720617862418294
783	joy	../final/models/models_2nd_run/model1_0	../final/models/models_2nd_run/model1_0	joy	0.9656525254249573	0.0009805576410144567	0.0022888435050845146	0.0009101924952119589	0.007064150180667639	0.0012309685116633773	0.0013138597132638097	0.0026765812654048204	0.0016149842413142323	0.0012806652812287211	0.9656525254249573	0.0012026492040604353	0.013784083537757397
784	joy	../final/models/models_2nd_run/model1_0	../final/models/models_2nd_run/model1_0	joy	0.9653969407081604	0.0008498998358845711	0.0018011468928307295	0.0007054570014588535	0.003848945489153266	0.0012618881883099675	0.0010415330762043595	0.0020387121476233006	0.0015700117219239473	0.0010391023242846131	0.9653969407081604	0.0013454980216920376	0.019100919365882874
785	joy	../final/models/models_2nd_run/model1_0	../final/models/models_2nd_run/model1_0	excitement	0.5038424134254456	0.00408905791118741	0.004018258303403854	0.0049914526753127575	0.04436902701854706	0.0038536302745342255	0.0024713098537176847	0.008452802896499634	0.11953991651535034	0.0030420832335948944	0.1639896184206009	0.13734044134616852	0.5038424134254456
786	joy	../final/models/models_2nd_run/model1_0	../final/models/models_2nd_run/model1_0	joy	0.9557735919952393	0.0012015075189992785	0.0025095560122281313	0.0013151089660823345	0.005983602721244097	0.000919188663829118	0.0011457048822194338	0.0077629913575947285	0.0015954294940456748	0.0011503080604597926	0.9557735919952393	0.0014618997229263186	0.019181083887815475
787	anger	../final/models/models_2nd_run/model1_0	../final/models/models_2nd_run/model1_0	neutral	0.8442108035087585	0.002821042202413082	0.008310186676681042	0.0020899218507111073	0.8442108035087585	0.0027806826401501894	0.01355630811303854	0.004102932754904032	0.00980785395950079	0.10353274643421173	0.00400913879275322	0.0017796858446672559	0.0029987182933837175
788	neutral	../final/models/models_2nd_run/model1_0	../final/models/models_2nd_run/model1_0	neutral	0.9495296478271484	0.0020533239003270864	0.0023711207322776318	0.001651145052164793	0.9495296478271484	0.0019245314178988338	0.002841673092916608	0.007953386753797531	0.009241812862455845	0.004611896816641092	0.00810566358268261	0.0027482144068926573	0.006967503111809492
789	joy	../final/models/models_2nd_run/model1_0	../final/models/models_2nd_run/model1_0	joy	0.9653802514076233	0.0008006563293747604	0.0018246746622025967	0.0008231747196987271	0.004174776375293732	0.0009153240243904293	0.0009570459369570017	0.003073671367019415	0.0014813273446634412	0.0011967661557719111	0.9653802514076233	0.0012580929324030876	0.018114224076271057
790	fear	../final/models/models_2nd_run/model1_0	../final/models/models_2nd_run/model1_0	fear	0.9255643486976624	0.019836224615573883	0.005079605616629124	0.0018292797030881047	0.009256870485842228	0.9255643486976624	0.016927916556596756	0.0007860175683163106	0.004203043878078461	0.004691912326961756	0.00479843420907855	0.0033813321497291327	0.003645116463303566
791	confusion	../final/models/models_2nd_run/model1_0	../final/models/models_2nd_run/model1_0	confusion	0.8359549641609192	0.006114678457379341	0.004710006061941385	0.004086430184543133	0.027199789881706238	0.003576110117137432	0.003635737346485257	0.005379567854106426	0.8359549641609192	0.0037779032718390226	0.08705461025238037	0.007916579023003578	0.010593603365123272
792	excitement	../final/models/models_2nd_run/model1_0	../final/models/models_2nd_run/model1_0	fear	0.8318864107131958	0.015460322611033916	0.010911253280937672	0.0039031889755278826	0.00930825062096119	0.8318864107131958	0.09599672257900238	0.0008423216640949249	0.00974775105714798	0.007047855295240879	0.00542123056948185	0.005087684839963913	0.0043869917280972
793	confusion	../final/models/models_2nd_run/model1_0	../final/models/models_2nd_run/model1_0	confusion	0.9705541133880615	0.0008193866233341396	0.00124529586173594	0.001126744202338159	0.014501193538308144	0.0008242324111051857	0.0009872802766039968	0.0006391847273334861	0.9705541133880615	0.0018391585908830166	0.0009284853003919125	0.005585589446127415	0.0009491915698163211
794	confusion	../final/models/models_2nd_run/model1_0	../final/models/models_2nd_run/model1_0	confusion	0.9676097631454468	0.0013068672269582748	0.0020454523619264364	0.0017353867879137397	0.010670160874724388	0.0007903196383267641	0.0008688162197358906	0.0013108791317790747	0.9676097631454468	0.0014194815885275602	0.0030065285973250866	0.00728332856670022	0.0019528558477759361
795	joy	../final/models/models_2nd_run/model1_0	../final/models/models_2nd_run/model1_0	joy	0.5317273736000061	0.0069555495865643024	0.014390183612704277	0.006374610122293234	0.28630709648132324	0.0038423531223088503	0.005131538026034832	0.08634237200021744	0.006205834448337555	0.005876364652067423	0.5317273736000061	0.0030797277577221394	0.043766893446445465
796	confusion	../final/models/models_2nd_run/model1_0	../final/models/models_2nd_run/model1_0	confusion	0.8589471578598022	0.0012472296366468072	0.0015123384073376656	0.0010905417148023844	0.11158287525177002	0.001358051085844636	0.0013197538210079074	0.0013131212908774614	0.8589471578598022	0.002581800799816847	0.0028153660241514444	0.01305148471146822	0.0031803215388208628
797	surprise	../final/models/models_2nd_run/model1_0	../final/models/models_2nd_run/model1_0	excitement	0.9275283813476562	0.0017299685860052705	0.0015426005702465773	0.0016466178931295872	0.01906665414571762	0.0023258933797478676	0.0011806134134531021	0.002933075651526451	0.0028597794007509947	0.0018168599344789982	0.01414993591606617	0.02321968413889408	0.9275283813476562
798	neutral	../final/models/models_2nd_run/model1_0	../final/models/models_2nd_run/model1_0	neutral	0.9001851081848145	0.0053782034665346146	0.009218762628734112	0.004956379532814026	0.9001851081848145	0.00368799758143723	0.011388072744011879	0.007610221393406391	0.0037850511725991964	0.04557949677109718	0.003377496963366866	0.001751807052642107	0.0030813992489129305
799	confusion	../final/models/models_2nd_run/model1_0	../final/models/models_2nd_run/model1_0	confusion	0.9699394106864929	0.001311984146013856	0.0036011722404509783	0.001202302984893322	0.013493268750607967	0.0012439669808372855	0.001202462357468903	0.0005647257785312831	0.9699394106864929	0.0018373974598944187	0.0009351265616714954	0.003959123510867357	0.0007090703002177179
800	anger	../final/models/models_2nd_run/model1_0	../final/models/models_2nd_run/model1_0	anger	0.9171993732452393	0.0019486198434606194	0.005298062227666378	0.0033671106211841106	0.011420548893511295	0.0023772192653268576	0.0488484688103199	0.0021339943632483482	0.001195805030874908	0.9171993732452393	0.002329067559912801	0.0017760677728801966	0.002105605322867632
801	sadness	../final/models/models_2nd_run/model1_0	../final/models/models_2nd_run/model1_0	sadness	0.9789310693740845	0.0033984468318521976	0.9789310693740845	0.0021444070152938366	0.0034623483661562204	0.001968961674720049	0.0011177657870575786	0.0006515407585538924	0.0015191027196124196	0.0011080950498580933	0.0034528994001448154	0.001388971577398479	0.0008565150201320648
802	sadness	../final/models/models_2nd_run/model1_0	../final/models/models_2nd_run/model1_0	sadness	0.9747932553291321	0.003491999115794897	0.9747932553291321	0.002080543665215373	0.006545525975525379	0.0016109793214127421	0.0010613672202453017	0.0009162243804894388	0.0011376376496627927	0.001680420944467187	0.004190928302705288	0.0013498846674337983	0.0011411701561883092
803	fear	../final/models/models_2nd_run/model1_0	../final/models/models_2nd_run/model1_0	fear	0.8791811466217041	0.02175622060894966	0.007998625747859478	0.0044165803119540215	0.005004789214581251	0.8791811466217041	0.03003273345530033	0.0007180436514317989	0.03281066194176674	0.007038569543510675	0.002701340476050973	0.005438559222966433	0.0029027110431343317
804	embarrassment	../final/models/models_2nd_run/model1_0	../final/models/models_2nd_run/model1_0	sadness	0.9618270397186279	0.00466860830783844	0.9618270397186279	0.00935314316302538	0.006553061306476593	0.0017211086815223098	0.002674215007573366	0.0015668683918192983	0.001604530494660139	0.0017781701171770692	0.0055871582590043545	0.001651265542022884	0.001014856738038361
805	disgust	../final/models/models_2nd_run/model1_0	../final/models/models_2nd_run/model1_0	fear	0.8183482885360718	0.017129817977547646	0.015209350734949112	0.004206021316349506	0.008445707149803638	0.8183482885360718	0.1082950010895729	0.0008814921020530164	0.006971178576350212	0.00996515154838562	0.0036861165426671505	0.004077677149325609	0.002784235868602991
806	anger	../final/models/models_2nd_run/model1_0	../final/models/models_2nd_run/model1_0	anger	0.6999987363815308	0.004856709856539965	0.02912346087396145	0.007764776237308979	0.15382279455661774	0.009381215088069439	0.07848728448152542	0.0033169244416058064	0.004856869578361511	0.6999987363815308	0.00160858070012182	0.005320269148796797	0.001462389249354601
807	anger	../final/models/models_2nd_run/model1_0	../final/models/models_2nd_run/model1_0	anger	0.9531159996986389	0.001323892967775464	0.0030592961702495813	0.002260087290778756	0.006999954581260681	0.0015558273298665881	0.023784717544913292	0.0017886973218992352	0.001545144827105105	0.9531159996986389	0.0017322831554338336	0.0013061638455837965	0.0015279781073331833
808	fear	../final/models/models_2nd_run/model1_0	../final/models/models_2nd_run/model1_0	fear	0.8374214172363281	0.01783251203596592	0.010327070951461792	0.004361472092568874	0.007109893020242453	0.8374214172363281	0.09341735392808914	0.0010025914525613189	0.007683189585804939	0.010658840648829937	0.0035115904174745083	0.004011123441159725	0.0026629483327269554
809	sadness	../final/models/models_2nd_run/model1_0	../final/models/models_2nd_run/model1_0	sadness	0.9803444147109985	0.0028801686130464077	0.9803444147109985	0.0023771636188030243	0.003757942235097289	0.0016875853762030602	0.0016391233075410128	0.0005467168521136045	0.0013942662626504898	0.0015444199088960886	0.0020575453527271748	0.0012164165964350104	0.0005542280268855393
810	surprise	../final/models/models_2nd_run/model1_0	../final/models/models_2nd_run/model1_0	surprise	0.947062611579895	0.0007146357093006372	0.001810259185731411	0.0017773326253518462	0.00812581367790699	0.0014975479571148753	0.0017605320317670703	0.0008250440005213022	0.005543720908463001	0.002246866002678871	0.003156592370942235	0.947062611579895	0.025478947907686234
811	disgust	../final/models/models_2nd_run/model1_0	../final/models/models_2nd_run/model1_0	disgust	0.7574297189712524	0.009072322398424149	0.09485834836959839	0.015239608474075794	0.05573556199669838	0.019762039184570312	0.7574297189712524	0.0014597161207348108	0.0080818897113204	0.03275781497359276	0.0015715869376435876	0.0029058323707431555	0.001125622307881713
812	excitement	../final/models/models_2nd_run/model1_0	../final/models/models_2nd_run/model1_0	neutral	0.9631581902503967	0.002025484573096037	0.0052909706719219685	0.0016483422368764877	0.9631581902503967	0.002321298699826002	0.0027826617006212473	0.0033131511881947517	0.00479880953207612	0.0031043055932968855	0.004261836875230074	0.003024384146556258	0.004270520992577076
813	disgust	../final/models/models_2nd_run/model1_0	../final/models/models_2nd_run/model1_0	fear	0.7148444652557373	0.024126967415213585	0.010557310655713081	0.011023181490600109	0.016815679147839546	0.7148444652557373	0.19248171150684357	0.0012434492819011211	0.005724674556404352	0.009960823692381382	0.004319431260228157	0.006013102829456329	0.002889193594455719
814	nervousness	../final/models/models_2nd_run/model1_0	../final/models/models_2nd_run/model1_0	nervousness	0.8268711566925049	0.8268711566925049	0.016670458018779755	0.007875561714172363	0.0062417141161859035	0.09624867886304855	0.0032230159267783165	0.011114618740975857	0.004896428901702166	0.0037137444596737623	0.010472950525581837	0.0024393245112150908	0.010232384316623211
815	sadness	../final/models/models_2nd_run/model1_0	../final/models/models_2nd_run/model1_0	confusion	0.4371646046638489	0.061277829110622406	0.1278398185968399	0.03803834691643715	0.026378879323601723	0.10246008634567261	0.014360187575221062	0.0024111939128488302	0.4371646046638489	0.046753931790590286	0.006036041770130396	0.12544286251068115	0.011836330406367779
816	neutral	../final/models/models_2nd_run/model1_0	../final/models/models_2nd_run/model1_0	neutral	0.9483622312545776	0.0047762710601091385	0.005799099802970886	0.0024119908921420574	0.9483622312545776	0.0032254112884402275	0.0029570527840405703	0.006844344548881054	0.01272524893283844	0.005363027099519968	0.003354967338964343	0.0014764586230739951	0.002703884383663535
817	neutral	../final/models/models_2nd_run/model1_0	../final/models/models_2nd_run/model1_0	neutral	0.6242418885231018	0.015861865133047104	0.19579821825027466	0.026844531297683716	0.6242418885231018	0.007625804748386145	0.037702593952417374	0.01265021599829197	0.006129022687673569	0.06228509172797203	0.005093874875456095	0.0033713695593178272	0.0023954836651682854
818	neutral	../final/models/models_2nd_run/model1_0	../final/models/models_2nd_run/model1_0	neutral	0.39524102210998535	0.009613558650016785	0.02076033502817154	0.02959742397069931	0.39524102210998535	0.02600790001451969	0.11256267875432968	0.01498498022556305	0.009705521166324615	0.02108399197459221	0.053186092525720596	0.15335862338542938	0.1538979709148407
819	joy	../final/models/models_2nd_run/model1_0	../final/models/models_2nd_run/model1_0	joy	0.9218060970306396	0.001080784946680069	0.0029246429912745953	0.0011059240205213428	0.030431164428591728	0.0014756028540432453	0.0022804562468081713	0.003652591025456786	0.002586605492979288	0.002235952764749527	0.9218060970306396	0.0016552285524085164	0.028765013441443443
820	sadness	../final/models/models_2nd_run/model1_0	../final/models/models_2nd_run/model1_0	sadness	0.9544312357902527	0.0042853509075939655	0.9544312357902527	0.005974524654448032	0.010689287446439266	0.0015110531821846962	0.001545537612400949	0.0019637402147054672	0.002677224576473236	0.001412605051882565	0.01144654955714941	0.002655402524396777	0.0014074628707021475
821	fear	../final/models/models_2nd_run/model1_0	../final/models/models_2nd_run/model1_0	fear	0.8073809742927551	0.020139005035161972	0.009942098520696163	0.004759662318974733	0.006668471731245518	0.8073809742927551	0.08707356452941895	0.0009040873846970499	0.0070398785173892975	0.031143438071012497	0.003749547526240349	0.014954542741179466	0.006244631949812174
822	surprise	../final/models/models_2nd_run/model1_0	../final/models/models_2nd_run/model1_0	surprise	0.9508388638496399	0.0007827807567082345	0.0018936764681711793	0.0019830232486128807	0.007737344596534967	0.0013188882730901241	0.0016481127822771668	0.000862699409481138	0.008176361210644245	0.0025607638526707888	0.002589220181107521	0.9508388638496399	0.019608184695243835
823	neutral	../final/models/models_2nd_run/model1_0	../final/models/models_2nd_run/model1_0	sadness	0.8946079611778259	0.01230048481374979	0.8946079611778259	0.0035545092541724443	0.01596951112151146	0.04605765640735626	0.008127182722091675	0.0007951600127853453	0.003315267153084278	0.007615706417709589	0.00283341808244586	0.0034026172943413258	0.001420648768544197
824	embarrassment	../final/models/models_2nd_run/model1_0	../final/models/models_2nd_run/model1_0	embarrassment	0.6656984090805054	0.010981159284710884	0.011964073404669762	0.6656984090805054	0.013499414548277855	0.010569591075181961	0.2500612139701843	0.006975680589675903	0.006937344558537006	0.007592920679599047	0.002898487029597163	0.008176322095096111	0.004645352251827717
825	neutral	../final/models/models_2nd_run/model1_0	../final/models/models_2nd_run/model1_0	anger	0.9470986127853394	0.0012092150282114744	0.0028029074892401695	0.002307324204593897	0.018373029306530952	0.0013450676342472434	0.01730218529701233	0.002250975463539362	0.0015678018098697066	0.9470986127853394	0.001983793219551444	0.0015086211496964097	0.0022503784857690334
826	anger	../final/models/models_2nd_run/model1_0	../final/models/models_2nd_run/model1_0	sadness	0.9559664726257324	0.002807258628308773	0.9559664726257324	0.00344983022660017	0.008364575915038586	0.0017342411447316408	0.005501789040863514	0.0008517104433849454	0.0015659205382689834	0.014219440519809723	0.0031023670453578234	0.0016092427540570498	0.0008271175902336836
827	excitement	../final/models/models_2nd_run/model1_0	../final/models/models_2nd_run/model1_0	excitement	0.6696724891662598	0.001936328480951488	0.00495198555290699	0.002881682477891445	0.14596785604953766	0.002306567505002022	0.002707596169784665	0.02240365743637085	0.0039405664429068565	0.008473541587591171	0.1014026626944542	0.033355001360177994	0.6696724891662598
828	neutral	../final/models/models_2nd_run/model1_0	../final/models/models_2nd_run/model1_0	neutral	0.9337741732597351	0.0022860043682157993	0.019788814708590508	0.002442306373268366	0.9337741732597351	0.0018018117407336831	0.0046186549589037895	0.006161887664347887	0.0028918867465108633	0.009826432913541794	0.009160954505205154	0.0027537187561392784	0.004493292886763811
829	sadness	../final/models/models_2nd_run/model1_0	../final/models/models_2nd_run/model1_0	embarrassment	0.44816333055496216	0.031117476522922516	0.33381807804107666	0.44816333055496216	0.022710958495736122	0.004947470501065254	0.032596297562122345	0.04103060066699982	0.007064837031066418	0.06303143501281738	0.00512027507647872	0.005886267405003309	0.004512927029281855
830	confusion	../final/models/models_2nd_run/model1_0	../final/models/models_2nd_run/model1_0	confusion	0.8728554248809814	0.0010222839191555977	0.0017099500400945544	0.0010916618630290031	0.10177382826805115	0.0011182940797880292	0.0015018542762845755	0.0011080834083259106	0.8728554248809814	0.0038916924968361855	0.002246262039989233	0.009565824642777443	0.002114890143275261
831	anger	../final/models/models_2nd_run/model1_0	../final/models/models_2nd_run/model1_0	anger	0.9409577250480652	0.0009462781017646194	0.0020788589026778936	0.0022354291286319494	0.016225649043917656	0.001150377793237567	0.024027394130825996	0.0013201471883803606	0.006164885126054287	0.9409577250480652	0.0012798613170161843	0.0022397534921765327	0.001373643521219492
832	neutral	../final/models/models_2nd_run/model1_0	../final/models/models_2nd_run/model1_0	confusion	0.90156489610672	0.001045668264850974	0.0014629897195845842	0.0009896968258544803	0.07573360949754715	0.0010489413980394602	0.0011310441186651587	0.0009102702024392784	0.90156489610672	0.002599315717816353	0.0017431138549000025	0.009699854999780655	0.002070619957521558
833	anger	../final/models/models_2nd_run/model1_0	../final/models/models_2nd_run/model1_0	anger	0.9422274231910706	0.0013584287371486425	0.0027920703869313	0.002670793328434229	0.010003982111811638	0.001514902920462191	0.031385257840156555	0.0017241520108655095	0.0018975975690409541	0.9422274231910706	0.001469592796638608	0.0015598171157762408	0.0013960784999653697
834	sadness	../final/models/models_2nd_run/model1_0	../final/models/models_2nd_run/model1_0	sadness	0.9784796833992004	0.003534632734954357	0.9784796833992004	0.002305189846083522	0.004510506987571716	0.0015678638592362404	0.0011212468380108476	0.0006552232662215829	0.0017171876970678568	0.001476641045883298	0.0026916698552668095	0.0013101274380460382	0.0006299613742157817
835	anger	../final/models/models_2nd_run/model1_0	../final/models/models_2nd_run/model1_0	anger	0.9056386351585388	0.0016462559578940272	0.006873361300677061	0.007330839987844229	0.008216312155127525	0.0012261209776625037	0.053905364125967026	0.0023839178029447794	0.008498179726302624	0.9056386351585388	0.0012877717381343246	0.0020004985854029655	0.0009927242062985897
836	surprise	../final/models/models_2nd_run/model1_0	../final/models/models_2nd_run/model1_0	confusion	0.8464348316192627	0.01480345893651247	0.0883689597249031	0.012800419703125954	0.010423120111227036	0.0065896823070943356	0.0032381294295191765	0.0015499029541388154	0.8464348316192627	0.0029195488896220922	0.002344521228224039	0.00899513065814972	0.001532382913865149
837	embarrassment	../final/models/models_2nd_run/model1_0	../final/models/models_2nd_run/model1_0	neutral	0.4381968080997467	0.026258330792188644	0.05633213743567467	0.09769169241189957	0.4381968080997467	0.012303530238568783	0.009386736899614334	0.01743917725980282	0.25858238339424133	0.010082030668854713	0.009938988834619522	0.05597246065735817	0.007815748453140259
838	fear	../final/models/models_2nd_run/model1_0	../final/models/models_2nd_run/model1_0	fear	0.9197829961776733	0.028270624577999115	0.00496200704947114	0.002633575117215514	0.004990662448108196	0.9197829961776733	0.019356949254870415	0.0008372070151381195	0.005736320745199919	0.00356619106605649	0.003934541251510382	0.003036742564290762	0.002892125165089965
839	sadness	../final/models/models_2nd_run/model1_0	../final/models/models_2nd_run/model1_0	joy	0.5556606650352478	0.005261441692709923	0.15007515251636505	0.017636727541685104	0.12309673428535461	0.0019063549116253853	0.006703339982777834	0.04161593317985535	0.007746909745037556	0.005263120401650667	0.5556606650352478	0.01191631518304348	0.07311730086803436
840	anger	../final/models/models_2nd_run/model1_0	../final/models/models_2nd_run/model1_0	anger	0.9277549386024475	0.0019198908703401685	0.005002835299819708	0.002697135554626584	0.010560523718595505	0.0038923199754208326	0.04031755030155182	0.0013691522181034088	0.0017354076262563467	0.9277549386024475	0.0012403858127072453	0.0021680123172700405	0.0013417366426438093
841	confusion	../final/models/models_2nd_run/model1_0	../final/models/models_2nd_run/model1_0	confusion	0.9634920358657837	0.0011155720567330718	0.0013594570336863399	0.0010248961625620723	0.021953586488962173	0.0009619381744414568	0.0009221264626830816	0.0007603663252666593	0.9634920358657837	0.0014021468814462423	0.0012542761396616697	0.00470268540084362	0.0010508381528779864
842	neutral	../final/models/models_2nd_run/model1_0	../final/models/models_2nd_run/model1_0	anger	0.8416422605514526	0.004509903024882078	0.007019752636551857	0.002095058560371399	0.0881781354546547	0.017777351662516594	0.02026960998773575	0.0026637916453182697	0.004705561324954033	0.8416422605514526	0.0026942382100969553	0.003663749434053898	0.004780561197549105
843	sadness	../final/models/models_2nd_run/model1_0	../final/models/models_2nd_run/model1_0	sadness	0.9787468314170837	0.0037740899715572596	0.9787468314170837	0.0021946048364043236	0.0036647103261202574	0.001988309668377042	0.0011596994008868933	0.0006516957655549049	0.001385473762638867	0.0012215841561555862	0.003031332977116108	0.0013470310950651765	0.0008345163078047335
844	joy	../final/models/models_2nd_run/model1_0	../final/models/models_2nd_run/model1_0	joy	0.9673128128051758	0.0008820033399388194	0.0019463446224108338	0.0007655483204871416	0.0035566333681344986	0.0011667197104543447	0.0009711622842587531	0.0022805724292993546	0.0015018292469903827	0.0010613974882289767	0.9673128128051758	0.0013908571563661098	0.017164215445518494
845	confusion	../final/models/models_2nd_run/model1_0	../final/models/models_2nd_run/model1_0	confusion	0.8411802053451538	0.0013352737296372652	0.0017156163230538368	0.0011498469393700361	0.13367536664009094	0.0013949458952993155	0.00149810709990561	0.0012255270266905427	0.8411802053451538	0.00281145959161222	0.0025191367603838444	0.008923167362809181	0.0025714142248034477
846	anger	../final/models/models_2nd_run/model1_0	../final/models/models_2nd_run/model1_0	anger	0.8766846656799316	0.0019038531463593245	0.003796094562858343	0.004064197652041912	0.02536485530436039	0.004412566311657429	0.021099252626299858	0.001958893844857812	0.007711939979344606	0.8766846656799316	0.0029404403176158667	0.0380072221159935	0.01205600518733263
847	disgust	../final/models/models_2nd_run/model1_0	../final/models/models_2nd_run/model1_0	disgust	0.9470309615135193	0.001421552849933505	0.002691627712920308	0.009719044901430607	0.00589474942535162	0.0054040104150772095	0.9470309615135193	0.0008750898996368051	0.0028122251387685537	0.01932096667587757	0.0010461165802553296	0.0025262748822569847	0.0012574098072946072
848	excitement	../final/models/models_2nd_run/model1_0	../final/models/models_2nd_run/model1_0	excitement	0.7245211005210876	0.001145005808211863	0.0018827326130121946	0.002036202698945999	0.0351308211684227	0.0022651192266494036	0.002782524796202779	0.005678694695234299	0.00448111817240715	0.004985027946531773	0.04677756875753403	0.168314129114151	0.7245211005210876
849	confusion	../final/models/models_2nd_run/model1_0	../final/models/models_2nd_run/model1_0	confusion	0.805745005607605	0.011773308739066124	0.13732001185417175	0.007251090835779905	0.01025786530226469	0.00655793771147728	0.002659841673448682	0.001751112169586122	0.805745005607605	0.002343451604247093	0.005513536278158426	0.006542863789945841	0.0022838797885924578
850	neutral	../final/models/models_2nd_run/model1_0	../final/models/models_2nd_run/model1_0	neutral	0.8175973296165466	0.00581929087638855	0.005343764554709196	0.01800231635570526	0.8175973296165466	0.009335605427622795	0.03506151959300041	0.010694743134081364	0.024908049032092094	0.03769617900252342	0.008851578459143639	0.012987609952688217	0.013701881282031536
851	confusion	../final/models/models_2nd_run/model1_0	../final/models/models_2nd_run/model1_0	confusion	0.9658745527267456	0.0010596291394904256	0.002030079485848546	0.002163848141208291	0.01261373981833458	0.0009801696287468076	0.001192587660625577	0.000589404662605375	0.9658745527267456	0.0018392488127574325	0.0009418975096195936	0.009498911909759045	0.0012158333556726575
852	sadness	../final/models/models_2nd_run/model1_0	../final/models/models_2nd_run/model1_0	sadness	0.9795701503753662	0.0030828143935650587	0.9795701503753662	0.0022032291162759066	0.0037301380652934313	0.001868794672191143	0.0012472968082875013	0.0005334975430741906	0.002156107919290662	0.001266748527996242	0.0023070164024829865	0.001404401264153421	0.0006298091029748321
853	sadness	../final/models/models_2nd_run/model1_0	../final/models/models_2nd_run/model1_0	fear	0.7492653131484985	0.08322926610708237	0.08377831429243088	0.006352719850838184	0.011956208385527134	0.7492653131484985	0.019742410629987717	0.0013454884756356478	0.005360608454793692	0.02447686716914177	0.003095154883340001	0.0074460990726947784	0.003951594233512878
854	sadness	../final/models/models_2nd_run/model1_0	../final/models/models_2nd_run/model1_0	sadness	0.9714367985725403	0.003581576282158494	0.9714367985725403	0.006106648128479719	0.0061438316479325294	0.001377012929879129	0.0015865858877077699	0.0011917741503566504	0.002317558042705059	0.0012919509317725897	0.0027316375635564327	0.0015274441102519631	0.0007072397856973112
855	neutral	../final/models/models_2nd_run/model1_0	../final/models/models_2nd_run/model1_0	excitement	0.5871838331222534	0.0012885137693956494	0.003851163201034069	0.001670866389758885	0.10814972966909409	0.0019530273275449872	0.003290512366220355	0.008718952536582947	0.002846321789547801	0.007272739894688129	0.26121786236763	0.012556488625705242	0.5871838331222534
856	sadness	../final/models/models_2nd_run/model1_0	../final/models/models_2nd_run/model1_0	sadness	0.7742552757263184	0.013679685071110725	0.7742552757263184	0.08733208477497101	0.05529198423027992	0.003623402677476406	0.009483976289629936	0.018936624750494957	0.010781753808259964	0.013441720046103	0.007543628104031086	0.003159073879942298	0.0024708632845431566
857	confusion	../final/models/models_2nd_run/model1_0	../final/models/models_2nd_run/model1_0	confusion	0.7806409001350403	0.0018870898056775331	0.0035516105126589537	0.003687199205160141	0.0505891889333725	0.0019871618133038282	0.002916150027886033	0.0012471041409298778	0.7806409001350403	0.0026262688916176558	0.002804681658744812	0.1417575627565384	0.006305010989308357
858	neutral	../final/models/models_2nd_run/model1_0	../final/models/models_2nd_run/model1_0	sadness	0.713908851146698	0.030179549008607864	0.713908851146698	0.015834908932447433	0.08083925396203995	0.06473109126091003	0.04381575435400009	0.0014080455293878913	0.007851552218198776	0.028067979961633682	0.002183343516662717	0.008552971296012402	0.002626717323437333
859	disgust	../final/models/models_2nd_run/model1_0	../final/models/models_2nd_run/model1_0	disgust	0.6152267456054688	0.0024454807862639427	0.010554537177085876	0.0147262467071414	0.025689875707030296	0.002856043865904212	0.6152267456054688	0.0021084961481392384	0.0037813889794051647	0.3179253339767456	0.0014258153969421983	0.0020776805467903614	0.0011824342655017972
860	excitement	../final/models/models_2nd_run/model1_0	../final/models/models_2nd_run/model1_0	excitement	0.9636861085891724	0.00210119248367846	0.0009148334502242506	0.0012330375611782074	0.0067866528406739235	0.0019189617596566677	0.001485434826463461	0.00277979695238173	0.0015658033080399036	0.0018028937047347426	0.009670030325651169	0.0060552554205060005	0.9636861085891724
861	excitement	../final/models/models_2nd_run/model1_0	../final/models/models_2nd_run/model1_0	excitement	0.9655441641807556	0.0017586684552952647	0.0008464822312816978	0.0009865424362942576	0.006705242209136486	0.0016111668664962053	0.0011170656653121114	0.0024369305465370417	0.001440145424567163	0.0014411931624636054	0.010845278389751911	0.00526704965159297	0.9655441641807556
862	disgust	../final/models/models_2nd_run/model1_0	../final/models/models_2nd_run/model1_0	surprise	0.4981946349143982	0.006635196506977081	0.015246331691741943	0.11869721859693527	0.09189065545797348	0.005015362985432148	0.10861726105213165	0.008931472897529602	0.06812039762735367	0.011888199485838413	0.022929755970835686	0.4981946349143982	0.043833497911691666
863	sadness	../final/models/models_2nd_run/model1_0	../final/models/models_2nd_run/model1_0	neutral	0.9157729744911194	0.0063080270774662495	0.007556411903351545	0.003088810481131077	0.9157729744911194	0.002840279135853052	0.003399597480893135	0.022370465099811554	0.005096695385873318	0.010859488509595394	0.013936839997768402	0.0027524963952600956	0.006017918698489666
864	excitement	../final/models/models_2nd_run/model1_0	../final/models/models_2nd_run/model1_0	excitement	0.44420674443244934	0.0038071870803833008	0.005091800820082426	0.003710109042003751	0.12469254434108734	0.001998684136196971	0.0035121869295835495	0.08539782464504242	0.0031910764519125223	0.007958834990859032	0.31240785121917725	0.004025090951472521	0.44420674443244934
865	disgust	../final/models/models_2nd_run/model1_0	../final/models/models_2nd_run/model1_0	anger	0.9389448761940002	0.001454229699447751	0.0030672980938106775	0.0025947398971766233	0.00771533465012908	0.0019063123036175966	0.036113809794187546	0.001489816466346383	0.0016785862389951944	0.9389448761940002	0.0013529559364542365	0.00215575541369617	0.0015262369997799397
866	excitement	../final/models/models_2nd_run/model1_0	../final/models/models_2nd_run/model1_0	excitement	0.8808583617210388	0.003337305970489979	0.004434488248080015	0.002575738588348031	0.020916583016514778	0.0021532713435590267	0.0027819026727229357	0.004238227382302284	0.002746861195191741	0.0021648977417498827	0.053482286632061005	0.02031005546450615	0.8808583617210388
867	fear	../final/models/models_2nd_run/model1_0	../final/models/models_2nd_run/model1_0	fear	0.9056655168533325	0.04819374531507492	0.00533035583794117	0.0017719261813908815	0.007165126968175173	0.9056655168533325	0.00994805432856083	0.0010057738982141018	0.005275764502584934	0.004664596635848284	0.004582640249282122	0.002818745793774724	0.0035777236334979534
868	anger	../final/models/models_2nd_run/model1_0	../final/models/models_2nd_run/model1_0	anger	0.9314697980880737	0.0014802779769524932	0.004557488486170769	0.0026128883473575115	0.016347592696547508	0.001730006537400186	0.03427170217037201	0.0018313298933207989	0.0015991638647392392	0.9314697980880737	0.001569228945299983	0.0013249532785266638	0.00120550615247339
869	nervousness	../final/models/models_2nd_run/model1_0	../final/models/models_2nd_run/model1_0	fear	0.842840850353241	0.04515928030014038	0.015491743572056293	0.005957930348813534	0.01587279886007309	0.842840850353241	0.03704644739627838	0.0009029987268149853	0.006890983320772648	0.004315430764108896	0.0067337267100811005	0.011991928331553936	0.006795830558985472
870	anger	../final/models/models_2nd_run/model1_0	../final/models/models_2nd_run/model1_0	joy	0.3271862864494324	0.004891362506896257	0.015290116891264915	0.01576988212764263	0.20900361239910126	0.0021842194255441427	0.014571159146726131	0.1614541858434677	0.006747209466993809	0.03156028315424919	0.3271862864494324	0.015298007987439632	0.1960436850786209
871	neutral	../final/models/models_2nd_run/model1_0	../final/models/models_2nd_run/model1_0	embarrassment	0.6564412713050842	0.020075442269444466	0.029987212270498276	0.6564412713050842	0.0759425014257431	0.010844487696886063	0.10719026625156403	0.02434862218797207	0.028945548459887505	0.008290876634418964	0.006831175647675991	0.023176686838269234	0.007925828918814659
872	confusion	../final/models/models_2nd_run/model1_0	../final/models/models_2nd_run/model1_0	confusion	0.9573559165000916	0.0010684675071388483	0.001565371872857213	0.00113108626101166	0.02690812386572361	0.001055256463587284	0.0011997045949101448	0.0006928749498911202	0.9573559165000916	0.002929050475358963	0.0008856935310177505	0.004389544948935509	0.0008190733497031033
873	disgust	../final/models/models_2nd_run/model1_0	../final/models/models_2nd_run/model1_0	disgust	0.9417605996131897	0.002547158394008875	0.006868502590805292	0.005399343091994524	0.007493225391954184	0.01279750932008028	0.9417605996131897	0.000549921824131161	0.0038936748169362545	0.013548321090638638	0.0011056651128455997	0.0029622490983456373	0.0010738183045759797
874	sadness	../final/models/models_2nd_run/model1_0	../final/models/models_2nd_run/model1_0	sadness	0.9745151400566101	0.003895294386893511	0.9745151400566101	0.0030378273222595453	0.004776293411850929	0.0030349288135766983	0.002829651115462184	0.0005864034174010158	0.0010357770370319486	0.0020623148884624243	0.0023341472260653973	0.0012177793541923165	0.0006743629928678274
875	sadness	../final/models/models_2nd_run/model1_0	../final/models/models_2nd_run/model1_0	neutral	0.47198328375816345	0.005893853027373552	0.1327451467514038	0.01612849533557892	0.47198328375816345	0.004688783083111048	0.014904553070664406	0.006568825338035822	0.18601387739181519	0.00881421472877264	0.037237174808979034	0.10304949432611465	0.011972376145422459
876	fear	../final/models/models_2nd_run/model1_0	../final/models/models_2nd_run/model1_0	fear	0.9254054427146912	0.028329744935035706	0.008587490767240524	0.001800393802113831	0.005527413450181484	0.9254054427146912	0.012372581288218498	0.0008090557530522346	0.004974221810698509	0.0036801558453589678	0.0039247749373316765	0.0022508164402097464	0.0023378923069685698
877	neutral	../final/models/models_2nd_run/model1_0	../final/models/models_2nd_run/model1_0	fear	0.5312914252281189	0.1694570928812027	0.02754553221166134	0.007149281445890665	0.1885271817445755	0.5312914252281189	0.015028036199510098	0.009426680393517017	0.007682387251406908	0.014459172263741493	0.014942361041903496	0.0035432642325758934	0.010947578586637974
878	sadness	../final/models/models_2nd_run/model1_0	../final/models/models_2nd_run/model1_0	sadness	0.9803337454795837	0.0028397117275744677	0.9803337454795837	0.0024576911237090826	0.0034657460637390614	0.0017516291700303555	0.0014023715630173683	0.0005402695969678462	0.0016134671168401837	0.0013151917373761535	0.002261037938296795	0.0014044239651411772	0.000614758871961385
879	sadness	../final/models/models_2nd_run/model1_0	../final/models/models_2nd_run/model1_0	sadness	0.8513011336326599	0.007193845696747303	0.8513011336326599	0.03789029270410538	0.03215440735220909	0.0028903440106660128	0.028097225353121758	0.004889725241810083	0.002616460435092449	0.025335188955068588	0.003991507459431887	0.002123419661074877	0.0015164798824116588
880	nervousness	../final/models/models_2nd_run/model1_0	../final/models/models_2nd_run/model1_0	fear	0.8263126015663147	0.05898216739296913	0.02322869375348091	0.008157816715538502	0.012721644714474678	0.8263126015663147	0.04954257607460022	0.0010353642283007503	0.004658313002437353	0.004424708429723978	0.004086882341653109	0.004404689185321331	0.002444610930979252
881	confusion	../final/models/models_2nd_run/model1_0	../final/models/models_2nd_run/model1_0	confusion	0.9181071519851685	0.0059156036004424095	0.010693509131669998	0.004671487957239151	0.03018903359770775	0.003944726660847664	0.0015412389766424894	0.0013368097133934498	0.9181071519851685	0.0029321752954274416	0.001376634812913835	0.01682715117931366	0.0024645610246807337
882	disgust	../final/models/models_2nd_run/model1_0	../final/models/models_2nd_run/model1_0	disgust	0.950598418712616	0.0015100836753845215	0.002696361392736435	0.007340655196458101	0.005234827753156424	0.006695714313536882	0.950598418712616	0.0006856812979094684	0.002884543500840664	0.01732563227415085	0.0009544054628349841	0.0027815087232738733	0.001292189466767013
883	anger	../final/models/models_2nd_run/model1_0	../final/models/models_2nd_run/model1_0	sadness	0.5758227109909058	0.013658516108989716	0.5758227109909058	0.013094390742480755	0.02423921599984169	0.04220980405807495	0.19709669053554535	0.001986851915717125	0.0070833624340593815	0.11609385162591934	0.003444286063313484	0.003418929874897003	0.0018513298127800226
884	confusion	../final/models/models_2nd_run/model1_0	../final/models/models_2nd_run/model1_0	confusion	0.951479434967041	0.0015202694339677691	0.0022196497302502394	0.002022932516410947	0.014588525518774986	0.0017185771139338613	0.0013256256934255362	0.0006321544060483575	0.951479434967041	0.0016338536515831947	0.0011820418294519186	0.01920427940785885	0.0024725617840886116
885	anger	../final/models/models_2nd_run/model1_0	../final/models/models_2nd_run/model1_0	anger	0.9479482173919678	0.001181787229143083	0.0028087918180972338	0.0023967644665390253	0.006719456519931555	0.001439942978322506	0.028262946754693985	0.0013948819832876325	0.002383205108344555	0.9479482173919678	0.0014089710311964154	0.00239544827491045	0.001659591100178659
886	disgust	../final/models/models_2nd_run/model1_0	../final/models/models_2nd_run/model1_0	disgust	0.8556448221206665	0.007318904623389244	0.03626611828804016	0.011066736653447151	0.014487315900623798	0.04180218651890755	0.8556448221206665	0.0008535456727258861	0.007810942828655243	0.018972912803292274	0.0016715731471776962	0.0030371900647878647	0.001067705568857491
887	neutral	../final/models/models_2nd_run/model1_0	../final/models/models_2nd_run/model1_0	nervousness	0.6165984869003296	0.6165984869003296	0.08881822973489761	0.010507781058549881	0.0385165736079216	0.20013831555843353	0.005056596361100674	0.00918690487742424	0.006580073852092028	0.004209287464618683	0.01129330974072218	0.0030905550811439753	0.0060038575902581215
888	confusion	../final/models/models_2nd_run/model1_0	../final/models/models_2nd_run/model1_0	confusion	0.8401315808296204	0.001663999049924314	0.00418323976919055	0.0032463495153933764	0.10001905262470245	0.001451706513762474	0.00689299451187253	0.0017016404308378696	0.8401315808296204	0.03252604976296425	0.001450895331799984	0.005719135981053114	0.001013319124467671
889	sadness	../final/models/models_2nd_run/model1_0	../final/models/models_2nd_run/model1_0	sadness	0.7827323079109192	0.022353878244757652	0.7827323079109192	0.010811819694936275	0.009827070869505405	0.009215137921273708	0.0021311624441295862	0.0014973565703257918	0.14056622982025146	0.004431748762726784	0.0037639769725501537	0.01035098172724247	0.0023183308076113462
890	confusion	../final/models/models_2nd_run/model1_0	../final/models/models_2nd_run/model1_0	surprise	0.9328331351280212	0.0008434664341621101	0.002066705608740449	0.00204903120175004	0.011377743445336819	0.0012806280283257365	0.0014844201505184174	0.000989641179330647	0.021945249289274216	0.0031525040976703167	0.002846144139766693	0.9328331351280212	0.019131366163492203
891	neutral	../final/models/models_2nd_run/model1_0	../final/models/models_2nd_run/model1_0	neutral	0.9344466328620911	0.002044001594185829	0.0064279162324965	0.001230667345225811	0.9344466328620911	0.0029958542436361313	0.0020556377712637186	0.005367908626794815	0.005147878080606461	0.005873204208910465	0.01187355536967516	0.0038648832123726606	0.018671967089176178
892	disgust	../final/models/models_2nd_run/model1_0	../final/models/models_2nd_run/model1_0	disgust	0.6828873157501221	0.012172691524028778	0.06983219087123871	0.023735342547297478	0.010340128093957901	0.0266254972666502	0.6828873157501221	0.0010376698337495327	0.13759438693523407	0.021347222849726677	0.002866259776055813	0.009271090850234032	0.002290225587785244
893	confusion	../final/models/models_2nd_run/model1_0	../final/models/models_2nd_run/model1_0	confusion	0.7573615908622742	0.0022234218195080757	0.004228116478770971	0.005257971119135618	0.023347649723291397	0.0018350789323449135	0.0023424774408340454	0.0014720860635861754	0.7573615908622742	0.007540707942098379	0.00335714197717607	0.18244168162345886	0.00859206635504961
894	confusion	../final/models/models_2nd_run/model1_0	../final/models/models_2nd_run/model1_0	neutral	0.6103683114051819	0.007360504474490881	0.014536703005433083	0.01162513718008995	0.6103683114051819	0.018490644171833992	0.1902252435684204	0.0017359066987410188	0.08128752559423447	0.041984181851148605	0.0019576901104301214	0.014416481368243694	0.006011672783643007
895	confusion	../final/models/models_2nd_run/model1_0	../final/models/models_2nd_run/model1_0	confusion	0.8962146639823914	0.0011617036070674658	0.0013102992670610547	0.0009596808231435716	0.08212435990571976	0.0012023849412798882	0.001209864392876625	0.0011363369412720203	0.8962146639823914	0.0025251787155866623	0.0020854868926107883	0.007936262525618076	0.002133782720193267
896	sadness	../final/models/models_2nd_run/model1_0	../final/models/models_2nd_run/model1_0	sadness	0.9797170758247375	0.003450958989560604	0.9797170758247375	0.0019945036619901657	0.0033868702594190836	0.00216086208820343	0.0015155603177845478	0.0005727772950194776	0.0013155461056157947	0.0013991087907925248	0.002607096452265978	0.001183674787171185	0.0006959125748835504
897	fear	../final/models/models_2nd_run/model1_0	../final/models/models_2nd_run/model1_0	fear	0.90302574634552	0.05098440870642662	0.008443565107882023	0.0016621181275695562	0.006934983190149069	0.90302574634552	0.006187535356730223	0.001120948581956327	0.005836709402501583	0.004261523950845003	0.005509467795491219	0.0027654061559587717	0.0032675780821591616
898	confusion	../final/models/models_2nd_run/model1_0	../final/models/models_2nd_run/model1_0	confusion	0.9103415012359619	0.0012612103018909693	0.0015754217747598886	0.001041770912706852	0.06963466107845306	0.0013474563602358103	0.0012421081773936749	0.0008624703041277826	0.9103415012359619	0.002494706539437175	0.0017213384853675961	0.006934861186891794	0.0015425659948959947
899	pride	../final/models/models_2nd_run/model1_0	../final/models/models_2nd_run/model1_0	pride	0.9430640339851379	0.00911402516067028	0.002230074955150485	0.013921862468123436	0.004196605645120144	0.001756332814693451	0.0012099809246137738	0.9430640339851379	0.0035819329787045717	0.0035958290100097656	0.005901446100324392	0.001940957154147327	0.009486984461545944
900	confusion	../final/models/models_2nd_run/model1_0	../final/models/models_2nd_run/model1_0	confusion	0.9611052870750427	0.0011181357549503446	0.0019308720948174596	0.001009710249491036	0.02432715892791748	0.0009428717312403023	0.0008567678742110729	0.0007725569885224104	0.9611052870750427	0.001797926495783031	0.0012236805632710457	0.003958468791097403	0.0009566722437739372
901	joy	../final/models/models_2nd_run/model1_0	../final/models/models_2nd_run/model1_0	joy	0.9662724137306213	0.0011344539234414697	0.0019263236317783594	0.0009153349092230201	0.005265884567052126	0.0011188401840627193	0.001015286659821868	0.00446199020370841	0.001683556823991239	0.0010671737836673856	0.9662724137306213	0.0010413507698103786	0.014097378589212894
902	fear	../final/models/models_2nd_run/model1_0	../final/models/models_2nd_run/model1_0	fear	0.9102304577827454	0.05053785815834999	0.005495220888406038	0.001943763461895287	0.004379465710371733	0.9102304577827454	0.004886664915829897	0.0012015149695798755	0.008404625579714775	0.0030398776289075613	0.004218496382236481	0.002487643389031291	0.0031745233573019505
903	anger	../final/models/models_2nd_run/model1_0	../final/models/models_2nd_run/model1_0	anger	0.9492339491844177	0.001044157543219626	0.002165113342925906	0.002148166997358203	0.010510251857340336	0.0013071215944364667	0.02243812009692192	0.0020036930218338966	0.0016092289006337523	0.9492339491844177	0.002537195337936282	0.002055966295301914	0.0029471260495483875
904	joy	../final/models/models_2nd_run/model1_0	../final/models/models_2nd_run/model1_0	joy	0.8845441937446594	0.0024403948336839676	0.022625494748353958	0.002787605859339237	0.026492757722735405	0.0011621961602941155	0.0021489907521754503	0.013390547595918179	0.0025260797701776028	0.003041698830202222	0.8845441937446594	0.0032723303884267807	0.03556765988469124
905	excitement	../final/models/models_2nd_run/model1_0	../final/models/models_2nd_run/model1_0	joy	0.6484056711196899	0.0012798808747902513	0.0022829400841146708	0.0012366571463644505	0.027932722121477127	0.002042191568762064	0.002046651439741254	0.005376605782657862	0.0027317001949995756	0.001795396558009088	0.6484056711196899	0.00596605846658349	0.2989034354686737
906	surprise	../final/models/models_2nd_run/model1_0	../final/models/models_2nd_run/model1_0	surprise	0.9570522904396057	0.0008148011402226985	0.002167537808418274	0.002069236943498254	0.006990028545260429	0.0015054435934871435	0.0019342917948961258	0.0006752117769792676	0.008011577650904655	0.0022942249197512865	0.0020827173721045256	0.9570522904396057	0.014402725733816624
907	anger	../final/models/models_2nd_run/model1_0	../final/models/models_2nd_run/model1_0	surprise	0.630902886390686	0.0017947991145774722	0.0047585321590304375	0.004659123718738556	0.06116247922182083	0.006456770934164524	0.01103378925472498	0.0031747214961797	0.0065246871672570705	0.025652291253209114	0.01519072987139225	0.630902886390686	0.22868911921977997
908	joy	../final/models/models_2nd_run/model1_0	../final/models/models_2nd_run/model1_0	joy	0.9676918387413025	0.0008373131859116256	0.0018559419550001621	0.0007598556112498045	0.004128309898078442	0.001146150752902031	0.0010661808773875237	0.002307775430381298	0.0015167836099863052	0.0011014806805178523	0.9676918387413025	0.0012838937109336257	0.01630447991192341
909	anger	../final/models/models_2nd_run/model1_0	../final/models/models_2nd_run/model1_0	anger	0.9546659588813782	0.0009953264379873872	0.0017607914051041007	0.00200018472969532	0.008058496750891209	0.001345547498203814	0.012335116043686867	0.0014068838208913803	0.01035127229988575	0.9546659588813782	0.0012882471783086658	0.00389708555303514	0.001894960063509643
910	fear	../final/models/models_2nd_run/model1_0	../final/models/models_2nd_run/model1_0	sadness	0.5862841010093689	0.03178603947162628	0.5862841010093689	0.07142545282840729	0.03470616415143013	0.020976850762963295	0.07694961875677109	0.007750915363430977	0.006064429879188538	0.15336619317531586	0.00647631473839283	0.0018225391395390034	0.002391321351751685
911	anger	../final/models/models_2nd_run/model1_0	../final/models/models_2nd_run/model1_0	anger	0.8573117852210999	0.0024675747845321894	0.007082687225192785	0.004245104268193245	0.013760251924395561	0.003053622553125024	0.10238216817378998	0.0020988660398870707	0.002964514307677746	0.8573117852210999	0.0017853203462436795	0.0014800055650994182	0.0013680454576388001
912	neutral	../final/models/models_2nd_run/model1_0	../final/models/models_2nd_run/model1_0	embarrassment	0.32510483264923096	0.07394169270992279	0.14910809695720673	0.32510483264923096	0.17900796234607697	0.05267943814396858	0.12128779292106628	0.01738596335053444	0.02551146037876606	0.043568965047597885	0.004686715081334114	0.004992747213691473	0.002724372548982501
913	anger	../final/models/models_2nd_run/model1_0	../final/models/models_2nd_run/model1_0	surprise	0.6747369170188904	0.001696346909739077	0.0043832468800246716	0.006374184973537922	0.07588262856006622	0.0032485760748386383	0.008330346085131168	0.005094302352517843	0.013467183336615562	0.024645846337080002	0.012415665201842785	0.6747369170188904	0.169724702835083
914	confusion	../final/models/models_2nd_run/model1_0	../final/models/models_2nd_run/model1_0	neutral	0.6799035668373108	0.03514217212796211	0.16958363354206085	0.025201916694641113	0.6799035668373108	0.012273990549147129	0.011771759949624538	0.008869475685060024	0.03149113059043884	0.01344786211848259	0.002413923852145672	0.00759340962395072	0.0023070822935551405
915	surprise	../final/models/models_2nd_run/model1_0	../final/models/models_2nd_run/model1_0	surprise	0.9151512980461121	0.001342907315120101	0.00810608547180891	0.0066229128278791904	0.011258763261139393	0.004299346357584	0.021565821021795273	0.0006858065607957542	0.010006844997406006	0.009687641635537148	0.0020945710130035877	0.9151512980461121	0.009178003296256065
916	neutral	../final/models/models_2nd_run/model1_0	../final/models/models_2nd_run/model1_0	neutral	0.7064327597618103	0.012287489138543606	0.13143417239189148	0.006923831533640623	0.7064327597618103	0.017515365034341812	0.018974967300891876	0.0024139827582985163	0.013243635185062885	0.08192668855190277	0.002412250731140375	0.00423743762075901	0.00219749310053885
917	anger	../final/models/models_2nd_run/model1_0	../final/models/models_2nd_run/model1_0	disgust	0.9371181726455688	0.0019111797446385026	0.004004423040896654	0.006360406521707773	0.007377490401268005	0.0066376738250255585	0.9371181726455688	0.0007842991035431623	0.0032824494410306215	0.027927502989768982	0.0010044060181826353	0.0024796861689537764	0.0011122459545731544
918	neutral	../final/models/models_2nd_run/model1_0	../final/models/models_2nd_run/model1_0	neutral	0.801749050617218	0.005432507488876581	0.027837194502353668	0.006000732071697712	0.801749050617218	0.004243289120495319	0.005195286124944687	0.004193623084574938	0.1265251785516739	0.004739759024232626	0.002895452082157135	0.009190404787659645	0.0019974608439952135
919	joy	../final/models/models_2nd_run/model1_0	../final/models/models_2nd_run/model1_0	joy	0.8443798422813416	0.0035134879872202873	0.025203309953212738	0.002918530022725463	0.027699368074536324	0.0024244640953838825	0.0017264991765841842	0.014112410135567188	0.0015787207521498203	0.0015464877942577004	0.8443798422813416	0.003275554394349456	0.07162138819694519
920	confusion	../final/models/models_2nd_run/model1_0	../final/models/models_2nd_run/model1_0	confusion	0.8755906820297241	0.0009925996419042349	0.001659860135987401	0.0011123779695481062	0.09302082657814026	0.0013006852241232991	0.001603010925464332	0.001131181139498949	0.8755906820297241	0.004476579837501049	0.002213470870628953	0.014041339978575706	0.0028574783354997635
921	neutral	../final/models/models_2nd_run/model1_0	../final/models/models_2nd_run/model1_0	neutral	0.5552507638931274	0.01133000385016203	0.008908300660550594	0.005840715952217579	0.5552507638931274	0.04077957198023796	0.08990585803985596	0.004678918048739433	0.014901945367455482	0.24660685658454895	0.004114621318876743	0.010022235102951527	0.007660150062292814
922	anger	../final/models/models_2nd_run/model1_0	../final/models/models_2nd_run/model1_0	confusion	0.861119270324707	0.0012683786917477846	0.00215923972427845	0.0015296635683625937	0.09696247428655624	0.001194429351016879	0.0013384879566729069	0.001280862488783896	0.861119270324707	0.007356777787208557	0.002202199772000313	0.020226135849952698	0.0033620407339185476
923	anger	../final/models/models_2nd_run/model1_0	../final/models/models_2nd_run/model1_0	surprise	0.46243101358413696	0.0028777471743524075	0.012155598029494286	0.01954673044383526	0.07912946492433548	0.01051015593111515	0.07732061296701431	0.003562346799299121	0.014158622361719608	0.16531403362751007	0.024610303342342377	0.46243101358413696	0.12838347256183624
924	nervousness	../final/models/models_2nd_run/model1_0	../final/models/models_2nd_run/model1_0	nervousness	0.6337376236915588	0.6337376236915588	0.02201211452484131	0.005208507180213928	0.011002922430634499	0.2894091010093689	0.0034245930146425962	0.006445128470659256	0.006289822515100241	0.004163782577961683	0.008890930563211441	0.002428794978186488	0.006986729800701141
925	neutral	../final/models/models_2nd_run/model1_0	../final/models/models_2nd_run/model1_0	neutral	0.7703808546066284	0.01258136797696352	0.07862888276576996	0.025409754365682602	0.7703808546066284	0.006864124909043312	0.029116692021489143	0.010000552982091904	0.012115652672946453	0.015365265309810638	0.009422406554222107	0.02271764539182186	0.0073967790231108665
926	surprise	../final/models/models_2nd_run/model1_0	../final/models/models_2nd_run/model1_0	surprise	0.9594404697418213	0.0007396665751002729	0.0019298098050057888	0.0018949528457596898	0.006103326566517353	0.0013853713171556592	0.0015586289810016751	0.0007862057536840439	0.0055458624847233295	0.0018786209402605891	0.002357836812734604	0.9594404697418213	0.016379287466406822
927	sadness	../final/models/models_2nd_run/model1_0	../final/models/models_2nd_run/model1_0	sadness	0.9368911981582642	0.00589792663231492	0.9368911981582642	0.019238460808992386	0.008542097173631191	0.0017237894935533404	0.004340472165495157	0.005162776913493872	0.002700495533645153	0.0058980477042496204	0.006820918992161751	0.00139528454747051	0.0013885590014979243
928	anger	../final/models/models_2nd_run/model1_0	../final/models/models_2nd_run/model1_0	anger	0.9160200953483582	0.0015870067290961742	0.005207635462284088	0.0038175706285983324	0.011318917386233807	0.0016125194961205125	0.05185437202453613	0.001909831422381103	0.0024658716283738613	0.9160200953483582	0.0015005572931841016	0.0014058833476155996	0.001299630617722869
929	disgust	../final/models/models_2nd_run/model1_0	../final/models/models_2nd_run/model1_0	sadness	0.9078596830368042	0.005644761957228184	0.9078596830368042	0.00758378766477108	0.014137431979179382	0.003429659176617861	0.03471281751990318	0.0012469982029870152	0.0018158828606829047	0.018666595220565796	0.002487889025360346	0.0016032923012971878	0.0008111466886475682
930	anger	../final/models/models_2nd_run/model1_0	../final/models/models_2nd_run/model1_0	anger	0.9274742603302002	0.0015110669191926718	0.004353366792201996	0.003645465476438403	0.008152438327670097	0.0015529796946793795	0.04555606096982956	0.001988783711567521	0.0015191984130069613	0.9274742603302002	0.0013535160105675459	0.0016508892877027392	0.0012420933926478028
931	neutral	../final/models/models_2nd_run/model1_0	../final/models/models_2nd_run/model1_0	neutral	0.9382671117782593	0.002090189140290022	0.010732525959610939	0.0031048250384628773	0.9382671117782593	0.0036254331935197115	0.010718926787376404	0.002557489788159728	0.003181029809638858	0.011126364581286907	0.004079344216734171	0.006246567703783512	0.0042700935155153275
932	confusion	../final/models/models_2nd_run/model1_0	../final/models/models_2nd_run/model1_0	confusion	0.9062798619270325	0.001030509709380567	0.0017495190259069204	0.0011670535895973444	0.07104113698005676	0.0012386789312586188	0.0016946912510320544	0.0008020013337954879	0.9062798619270325	0.0037095039151608944	0.0015491544036194682	0.008198043331503868	0.0015398543328046799
933	confusion	../final/models/models_2nd_run/model1_0	../final/models/models_2nd_run/model1_0	confusion	0.5582271814346313	0.004613412078469992	0.0038410103879868984	0.0021417723037302494	0.4056835174560547	0.0040819705463945866	0.0026682361494749784	0.00235295994207263	0.5582271814346313	0.006310711149126291	0.002065695822238922	0.005051689688116312	0.0029617606196552515
934	pride	../final/models/models_2nd_run/model1_0	../final/models/models_2nd_run/model1_0	joy	0.8983683586120605	0.001759648323059082	0.003643274074420333	0.0016332827508449554	0.007075953297317028	0.001234212308190763	0.0008894573547877371	0.017795128747820854	0.0014612607192248106	0.0013273158110678196	0.8983683586120605	0.0013824815396219492	0.06342966109514236
935	surprise	../final/models/models_2nd_run/model1_0	../final/models/models_2nd_run/model1_0	surprise	0.9351352453231812	0.0007614977075718343	0.0018794549396261573	0.001761739724315703	0.008843701332807541	0.0016570575535297394	0.0019377305870875716	0.0008825006079860032	0.005472933407872915	0.002506098710000515	0.004301005508750677	0.9351352453231812	0.03486097976565361
936	embarrassment	../final/models/models_2nd_run/model1_0	../final/models/models_2nd_run/model1_0	embarrassment	0.901923656463623	0.011867057532072067	0.00850232969969511	0.901923656463623	0.0054894438944756985	0.004350266885012388	0.03740200400352478	0.009581591933965683	0.005495960358530283	0.007008551154285669	0.0018225921085104346	0.0041129267774522305	0.0024437217507511377
937	anger	../final/models/models_2nd_run/model1_0	../final/models/models_2nd_run/model1_0	anger	0.8207831382751465	0.0018510138615965843	0.006159789860248566	0.010524780489504337	0.018722446635365486	0.002408793428912759	0.08020906150341034	0.0019466258818283677	0.03213132545351982	0.8207831382751465	0.0016229479806497693	0.020951775833964348	0.0026883285026997328
938	confusion	../final/models/models_2nd_run/model1_0	../final/models/models_2nd_run/model1_0	confusion	0.9245843291282654	0.005446402356028557	0.005836019292473793	0.0026310922112315893	0.04165598750114441	0.003075722372159362	0.0012577120214700699	0.0013478155015036464	0.9245843291282654	0.0022457060404121876	0.0019052644493058324	0.008000732399523258	0.0020130828488618135
939	joy	../final/models/models_2nd_run/model1_0	../final/models/models_2nd_run/model1_0	excitement	0.7909132242202759	0.0011263026390224695	0.001752279931679368	0.0008903629495762289	0.014325115829706192	0.0016605575801804662	0.0011887337313964963	0.003275369992479682	0.0016505365492776036	0.0018087190110236406	0.17516838014125824	0.006240500137209892	0.7909132242202759
940	disgust	../final/models/models_2nd_run/model1_0	../final/models/models_2nd_run/model1_0	disgust	0.6195469498634338	0.005373084452003241	0.008827042765915394	0.04904559627175331	0.0645991712808609	0.0157183725386858	0.6195469498634338	0.0063337222672998905	0.007120468188077211	0.20496752858161926	0.005599616561084986	0.005502418614923954	0.007366118486970663
941	confusion	../final/models/models_2nd_run/model1_0	../final/models/models_2nd_run/model1_0	confusion	0.9644560217857361	0.0010642451234161854	0.0013822725741192698	0.0013069681590422988	0.018744587898254395	0.0008849906735122204	0.0009772024350240827	0.0008813954191282392	0.9644560217857361	0.001219936297275126	0.0020369961857795715	0.005199192091822624	0.0018462062580510974
942	nervousness	../final/models/models_2nd_run/model1_0	../final/models/models_2nd_run/model1_0	sadness	0.6988839507102966	0.1288396567106247	0.6988839507102966	0.01656499132514	0.03523721173405647	0.08394657075405121	0.006435423623770475	0.004313671961426735	0.0070749204605817795	0.006820441223680973	0.0053940340876579285	0.002956672105938196	0.0035323528572916985
943	surprise	../final/models/models_2nd_run/model1_0	../final/models/models_2nd_run/model1_0	surprise	0.7058546543121338	0.0011593637755140662	0.0021733397152274847	0.0023264612536877394	0.023554639890789986	0.0029885119292885065	0.0030268628615885973	0.0021421147976070642	0.00574569683521986	0.00570202711969614	0.015145345591008663	0.7058546543121338	0.230181023478508
944	joy	../final/models/models_2nd_run/model1_0	../final/models/models_2nd_run/model1_0	joy	0.9560508728027344	0.0008212924003601074	0.0015583301428705454	0.0007350718951784074	0.003794408170506358	0.0010772215900942683	0.0009237328195013106	0.002782111056149006	0.0014703869819641113	0.0010414853459224105	0.9560508728027344	0.0013215347426012158	0.028423521667718887
945	disgust	../final/models/models_2nd_run/model1_0	../final/models/models_2nd_run/model1_0	disgust	0.670799970626831	0.012820394709706306	0.1757022589445114	0.03140927478671074	0.021049143746495247	0.05709892138838768	0.670799970626831	0.001355745131149888	0.006438941694796085	0.01467573270201683	0.0025627207942306995	0.004637097008526325	0.0014497728552669287
946	excitement	../final/models/models_2nd_run/model1_0	../final/models/models_2nd_run/model1_0	fear	0.882434070110321	0.041941601783037186	0.006765302270650864	0.0022441816981881857	0.007755551021546125	0.882434070110321	0.008911333978176117	0.001566694350913167	0.005529414396733046	0.003050221363082528	0.025864940136671066	0.0031646403949707747	0.010772067122161388
947	neutral	../final/models/models_2nd_run/model1_0	../final/models/models_2nd_run/model1_0	anger	0.5120717287063599	0.0027564631309360266	0.009574344381690025	0.009434442035853863	0.06262696534395218	0.0060795992612838745	0.37627974152565	0.0024959298316389322	0.0027632443234324455	0.5120717287063599	0.0029340311884880066	0.006611405406147242	0.006372182164341211
948	confusion	../final/models/models_2nd_run/model1_0	../final/models/models_2nd_run/model1_0	confusion	0.7740938663482666	0.0015806038863956928	0.0031813846435397863	0.0017441679956391454	0.17218664288520813	0.0015574706485494971	0.0016998766222968698	0.0016860755858942866	0.7740938663482666	0.0032249484211206436	0.005568229593336582	0.026585718616843224	0.006891042925417423
949	neutral	../final/models/models_2nd_run/model1_0	../final/models/models_2nd_run/model1_0	neutral	0.659961998462677	0.0012095830170437694	0.005856556352227926	0.0030828688759356737	0.659961998462677	0.0027630229014903307	0.010515349917113781	0.003849220694974065	0.014239002019166946	0.01735512539744377	0.02239769697189331	0.15008391439914703	0.10868557542562485
950	disgust	../final/models/models_2nd_run/model1_0	../final/models/models_2nd_run/model1_0	disgust	0.6120067834854126	0.007143733557313681	0.05346541479229927	0.025237325578927994	0.051345087587833405	0.010710987262427807	0.6120067834854126	0.0022728818003088236	0.09127483516931534	0.13959282636642456	0.0014742116909474134	0.004431879613548517	0.0010439509060233831
951	joy	../final/models/models_2nd_run/model1_0	../final/models/models_2nd_run/model1_0	joy	0.9068732857704163	0.0008148381020873785	0.0016010332619771361	0.0008309077238664031	0.006065563764423132	0.001066590310074389	0.0009624488302506506	0.0033634984865784645	0.0014724532375112176	0.0009833726799115539	0.9068732857704163	0.0019510157871991396	0.07401496171951294
952	confusion	../final/models/models_2nd_run/model1_0	../final/models/models_2nd_run/model1_0	confusion	0.9702207446098328	0.0020684439223259687	0.0025440824683755636	0.002333529759198427	0.008654381148517132	0.002005492802709341	0.0011729428078979254	0.0007234092918224633	0.9702207446098328	0.002888164483010769	0.001032572123222053	0.005265839397907257	0.0010903098154813051
953	anger	../final/models/models_2nd_run/model1_0	../final/models/models_2nd_run/model1_0	disgust	0.6200194954872131	0.005858461372554302	0.04598705843091011	0.058223843574523926	0.05516809970140457	0.011377825401723385	0.6200194954872131	0.005069969221949577	0.004866578616201878	0.16007813811302185	0.01610599271953106	0.011577899567782879	0.0056666661985218525
954	sadness	../final/models/models_2nd_run/model1_0	../final/models/models_2nd_run/model1_0	sadness	0.6685141921043396	0.15990841388702393	0.6685141921043396	0.05437478423118591	0.04395686462521553	0.028097735717892647	0.006593286991119385	0.012117564678192139	0.00638140132650733	0.0046104323118925095	0.007058446295559406	0.004027519840747118	0.004359470214694738
955	surprise	../final/models/models_2nd_run/model1_0	../final/models/models_2nd_run/model1_0	surprise	0.6704789996147156	0.0018206750974059105	0.002314890967682004	0.0038633004296571016	0.03790883347392082	0.003258099779486656	0.0029072086326777935	0.0026391439605504274	0.10381083935499191	0.0051241121254861355	0.012178288772702217	0.6704789996147156	0.15369562804698944
956	surprise	../final/models/models_2nd_run/model1_0	../final/models/models_2nd_run/model1_0	surprise	0.9492263197898865	0.0007349607767537236	0.0017686652718111873	0.001734272576868534	0.00661289319396019	0.0014355757739394903	0.0015315852360799909	0.0008580515859648585	0.0053470320999622345	0.001981188775971532	0.0031911784317344427	0.9492263197898865	0.02557835727930069
957	neutral	../final/models/models_2nd_run/model1_0	../final/models/models_2nd_run/model1_0	anger	0.7659285068511963	0.0028425673954188824	0.013210421428084373	0.005354607943445444	0.16012051701545715	0.0023931912146508694	0.03254159539937973	0.005397829692810774	0.004296911880373955	0.7659285068511963	0.002728864550590515	0.002494000131264329	0.0026910705491900444
958	surprise	../final/models/models_2nd_run/model1_0	../final/models/models_2nd_run/model1_0	confusion	0.8919097185134888	0.0014286404475569725	0.002331511816009879	0.003078480949625373	0.01709742099046707	0.0013500101631507277	0.001756458543241024	0.0008680137107148767	0.8919097185134888	0.0022002223413437605	0.0016375179402530193	0.07268758863210678	0.0036544043105095625
959	joy	../final/models/models_2nd_run/model1_0	../final/models/models_2nd_run/model1_0	joy	0.9546213150024414	0.0011944799916818738	0.0027372820768505335	0.0008467765292152762	0.008736660704016685	0.0012717003701254725	0.0010858484311029315	0.0028198519721627235	0.0064691537991166115	0.0013177453074604273	0.9546213150024414	0.002365665975958109	0.016533520072698593
960	neutral	../final/models/models_2nd_run/model1_0	../final/models/models_2nd_run/model1_0	excitement	0.6929107308387756	0.002139447256922722	0.003452654229477048	0.003032421926036477	0.17863519489765167	0.003943209070712328	0.003974600229412317	0.0077207451686263084	0.004400224424898624	0.0071703288704156876	0.02951338142156601	0.06310702115297318	0.6929107308387756
961	surprise	../final/models/models_2nd_run/model1_0	../final/models/models_2nd_run/model1_0	surprise	0.5970592498779297	0.0012428067857399583	0.003151149954646826	0.0025222606491297483	0.03793136402964592	0.003225215943530202	0.003760360414162278	0.002489606151357293	0.006564802024513483	0.005419278983026743	0.023053206503391266	0.5970592498779297	0.31358087062835693
962	neutral	../final/models/models_2nd_run/model1_0	../final/models/models_2nd_run/model1_0	neutral	0.9196881651878357	0.0022434787824749947	0.004551961086690426	0.002779789036139846	0.9196881651878357	0.0017394429305568337	0.007059897296130657	0.009689167141914368	0.0032743567135185003	0.02472629025578499	0.012059967033565044	0.0025810650549829006	0.009606474079191685
963	excitement	../final/models/models_2nd_run/model1_0	../final/models/models_2nd_run/model1_0	excitement	0.9666682481765747	0.0018861426506191492	0.0008344756788574159	0.0010891261044889688	0.00615927018225193	0.0016365476185455918	0.0012242741649970412	0.0027093705721199512	0.0014394836034625769	0.001626787125132978	0.00962937343865633	0.005096919368952513	0.9666682481765747
964	confusion	../final/models/models_2nd_run/model1_0	../final/models/models_2nd_run/model1_0	confusion	0.8944797515869141	0.0010673432843759656	0.001606266712769866	0.0013296798570081592	0.07346482574939728	0.0011018330696970224	0.0013837986625730991	0.001226023305207491	0.8944797515869141	0.003082113340497017	0.005160931032150984	0.012268314138054848	0.003829222172498703
965	sadness	../final/models/models_2nd_run/model1_0	../final/models/models_2nd_run/model1_0	surprise	0.606855034828186	0.00841347873210907	0.23546616733074188	0.01761440560221672	0.03535358980298042	0.017330458387732506	0.012237575836479664	0.00165213190484792	0.01762213557958603	0.009328084997832775	0.006848291493952274	0.606855034828186	0.03127866983413696
966	joy	../final/models/models_2nd_run/model1_0	../final/models/models_2nd_run/model1_0	joy	0.8631321787834167	0.0021286129485815763	0.012150585651397705	0.002103423932567239	0.05905405431985855	0.0019670934416353703	0.0018777198856696486	0.009812723845243454	0.00604786304756999	0.0016957080224528909	0.8631321787834167	0.004583016503602266	0.03544708341360092
967	neutral	../final/models/models_2nd_run/model1_0	../final/models/models_2nd_run/model1_0	excitement	0.8898562788963318	0.0012747024884447455	0.001977873733267188	0.001252221642062068	0.04005143418908119	0.0026902277022600174	0.001910605700686574	0.0032749108504503965	0.0029426661785691977	0.003120435867458582	0.0322350338101387	0.019413651898503304	0.8898562788963318
968	joy	../final/models/models_2nd_run/model1_0	../final/models/models_2nd_run/model1_0	joy	0.9611749053001404	0.0008973281364887953	0.0019726005848497152	0.0007877739844843745	0.003581608645617962	0.0011415331391617656	0.0008734794682823122	0.0027183371130377054	0.0011949489125981927	0.0009957598522305489	0.9611749053001404	0.001224255538545549	0.023437438532710075
969	anger	../final/models/models_2nd_run/model1_0	../final/models/models_2nd_run/model1_0	anger	0.8774242997169495	0.0026263815816491842	0.008187711238861084	0.004835375119000673	0.010232208296656609	0.0021656060125678778	0.08210396766662598	0.003110429272055626	0.003188347676768899	0.8774242997169495	0.002716630697250366	0.0016160666709765792	0.0017929686000570655
970	sadness	../final/models/models_2nd_run/model1_0	../final/models/models_2nd_run/model1_0	sadness	0.8462038040161133	0.013699241913855076	0.8462038040161133	0.02937997505068779	0.025487635284662247	0.011084936559200287	0.047518931329250336	0.0022711302153766155	0.004227145109325647	0.01359096821397543	0.00251607783138752	0.0028704574797302485	0.0011497273808345199
971	neutral	../final/models/models_2nd_run/model1_0	../final/models/models_2nd_run/model1_0	neutral	0.7834082245826721	0.0013776401756331325	0.0034428590442985296	0.0014449998270720243	0.7834082245826721	0.0023417805787175894	0.003256305819377303	0.005968915298581123	0.009385018609464169	0.006045109126716852	0.056773263961076736	0.011792052537202835	0.1147637814283371
972	neutral	../final/models/models_2nd_run/model1_0	../final/models/models_2nd_run/model1_0	neutral	0.8203491568565369	0.0012730788439512253	0.004604656249284744	0.0025487281382083893	0.8203491568565369	0.0017206771299242973	0.007896066643297672	0.007325741928070784	0.003859763266518712	0.02313161827623844	0.028483152389526367	0.019689297303557396	0.0791180357336998
973	fear	../final/models/models_2nd_run/model1_0	../final/models/models_2nd_run/model1_0	fear	0.6359876394271851	0.048446305096149445	0.1626104712486267	0.009251306764781475	0.009256371296942234	0.6359876394271851	0.10244326293468475	0.0011073825880885124	0.006704072467982769	0.012318798340857029	0.0038896275218576193	0.005688920151442289	0.0022957976907491684
974	surprise	../final/models/models_2nd_run/model1_0	../final/models/models_2nd_run/model1_0	surprise	0.7776833772659302	0.0029896378982812166	0.011228643357753754	0.013750053010880947	0.021883435547351837	0.0039550610817968845	0.012438081204891205	0.0012819477124139667	0.13944058120250702	0.00861668772995472	0.0020984190050512552	0.7776833772659302	0.004634176846593618
975	embarrassment	../final/models/models_2nd_run/model1_0	../final/models/models_2nd_run/model1_0	embarrassment	0.6127737760543823	0.04609287157654762	0.049261875450611115	0.6127737760543823	0.012991419062018394	0.05683254450559616	0.09701861441135406	0.003411106998100877	0.029717225581407547	0.007716067135334015	0.0021943170577287674	0.07722538709640503	0.0047647422179579735
976	confusion	../final/models/models_2nd_run/model1_0	../final/models/models_2nd_run/model1_0	confusion	0.9525545239448547	0.0029952728655189276	0.005137029569596052	0.0038720809388905764	0.015509948134422302	0.002002800814807415	0.002048608148470521	0.0006630084826610982	0.9525545239448547	0.0015060207806527615	0.0008953411597758532	0.011780805885791779	0.001034448272548616
977	anger	../final/models/models_2nd_run/model1_0	../final/models/models_2nd_run/model1_0	sadness	0.8643428087234497	0.014549857936799526	0.8643428087234497	0.004704946652054787	0.04151421785354614	0.030789170414209366	0.009011087007820606	0.0017749466933310032	0.0028032802511006594	0.022070767357945442	0.0037059166934341192	0.0031679256353527308	0.0015650502173230052
978	confusion	../final/models/models_2nd_run/model1_0	../final/models/models_2nd_run/model1_0	confusion	0.9329665899276733	0.0010716080432757735	0.0014084397116675973	0.0009055777336470783	0.04875342175364494	0.001027915976010263	0.001038577756844461	0.0009466802584938705	0.9329665899276733	0.0015865148743614554	0.0022717376705259085	0.0062671685591340065	0.0017557048704475164
979	neutral	../final/models/models_2nd_run/model1_0	../final/models/models_2nd_run/model1_0	confusion	0.48395997285842896	0.0021145916543900967	0.0051905689761042595	0.007162253838032484	0.02327444963157177	0.0022933389991521835	0.0036914320662617683	0.0015610529808327556	0.48395997285842896	0.004921489395201206	0.00294761941768229	0.45303648710250854	0.009846705943346024
980	sadness	../final/models/models_2nd_run/model1_0	../final/models/models_2nd_run/model1_0	sadness	0.9422547221183777	0.0073936753906309605	0.9422547221183777	0.004506682511419058	0.02170022949576378	0.006761132273823023	0.0028959172777831554	0.0015237543266266584	0.0015696068294346333	0.0030894496012479067	0.00535318348556757	0.0014541090931743383	0.0014976621605455875
981	joy	../final/models/models_2nd_run/model1_0	../final/models/models_2nd_run/model1_0	joy	0.9649010300636292	0.0008904754067771137	0.0022881526965647936	0.0008422088576480746	0.0033913578372448683	0.0009807151509448886	0.0007575225899927318	0.0033536218106746674	0.0014739916659891605	0.0008243035990744829	0.9649010300636292	0.001303449273109436	0.018993211910128593
982	nervousness	../final/models/models_2nd_run/model1_0	../final/models/models_2nd_run/model1_0	neutral	0.5456403493881226	0.043071795254945755	0.25171881914138794	0.014774644747376442	0.5456403493881226	0.010305853560566902	0.03874791041016579	0.009213704615831375	0.01563376374542713	0.03954910486936569	0.020131973549723625	0.005113004706799984	0.0060990615747869015
983	neutral	../final/models/models_2nd_run/model1_0	../final/models/models_2nd_run/model1_0	neutral	0.9419141411781311	0.0016622536350041628	0.005648372694849968	0.002324199303984642	0.9419141411781311	0.0018475995166227221	0.004652112722396851	0.007474779151380062	0.004249699879437685	0.006584822665899992	0.007454458624124527	0.00671151839196682	0.009476084262132645
984	surprise	../final/models/models_2nd_run/model1_0	../final/models/models_2nd_run/model1_0	surprise	0.8291931748390198	0.0017980129923671484	0.005330073181539774	0.0060387649573385715	0.017195066437125206	0.001694725127890706	0.002619692590087652	0.0013508711708709598	0.10800547897815704	0.006979703437536955	0.003294839523732662	0.8291931748390198	0.016499629244208336
985	anger	../final/models/models_2nd_run/model1_0	../final/models/models_2nd_run/model1_0	anger	0.7758018374443054	0.001950028003193438	0.003132687881588936	0.0034826286137104034	0.05514959990978241	0.0023350310511887074	0.016132818534970284	0.0024462819565087557	0.13060487806797028	0.7758018374443054	0.0024545814376324415	0.004151712637394667	0.002357953693717718
986	surprise	../final/models/models_2nd_run/model1_0	../final/models/models_2nd_run/model1_0	surprise	0.764365017414093	0.001049796468578279	0.002361788647249341	0.0032109420280903578	0.025362731888890266	0.0025510333944112062	0.0037881042808294296	0.0019700699485838413	0.008085355162620544	0.004544894676655531	0.013023963198065758	0.764365017414093	0.1696862429380417
987	neutral	../final/models/models_2nd_run/model1_0	../final/models/models_2nd_run/model1_0	neutral	0.3816981911659241	0.117518350481987	0.02279544621706009	0.008661949075758457	0.3816981911659241	0.35389724373817444	0.031800221651792526	0.00473259761929512	0.034192200750112534	0.023367248475551605	0.0067554353736341	0.00787963718175888	0.006701489444822073
988	confusion	../final/models/models_2nd_run/model1_0	../final/models/models_2nd_run/model1_0	confusion	0.8767953515052795	0.0032075478229671717	0.009694943204522133	0.008564936928451061	0.011753491126000881	0.004042705986648798	0.05669882521033287	0.0009523120243102312	0.8767953515052795	0.018254118040204048	0.0015084363985806704	0.007517791353166103	0.0010095553006976843
989	sadness	../final/models/models_2nd_run/model1_0	../final/models/models_2nd_run/model1_0	sadness	0.9789493680000305	0.0027701917570084333	0.9789493680000305	0.0019676778465509415	0.004310330841690302	0.0017310676630586386	0.0013533140299841762	0.0006171079003252089	0.0010209750616922975	0.0014974543591961265	0.0038530128076672554	0.0011836251942440867	0.0007459560874849558
990	excitement	../final/models/models_2nd_run/model1_0	../final/models/models_2nd_run/model1_0	excitement	0.96563321352005	0.0016031446866691113	0.0007567182183265686	0.001059147180058062	0.006233228370547295	0.0016131432494148612	0.0013702468713745475	0.0022370265796780586	0.0016752997180446982	0.0018310643499717116	0.010344280861318111	0.005643424112349749	0.96563321352005
991	embarrassment	../final/models/models_2nd_run/model1_0	../final/models/models_2nd_run/model1_0	neutral	0.9462833404541016	0.002208717865869403	0.01124196220189333	0.0035887612029910088	0.9462833404541016	0.0024193262215703726	0.006202819757163525	0.003263621125370264	0.009688551537692547	0.006206722464412451	0.001606592210009694	0.005054684821516275	0.0022348910570144653
992	sadness	../final/models/models_2nd_run/model1_0	../final/models/models_2nd_run/model1_0	sadness	0.44313186407089233	0.023223591968417168	0.44313186407089233	0.017048779875040054	0.2665901482105255	0.016701599583029747	0.03294536471366882	0.002288120100274682	0.16009421646595	0.018140336498618126	0.002626307774335146	0.0153421089053154	0.0018675430910661817
993	neutral	../final/models/models_2nd_run/model1_0	../final/models/models_2nd_run/model1_0	neutral	0.9230225682258606	0.002428811276331544	0.00212871260009706	0.0015954917762428522	0.9230225682258606	0.0024265286047011614	0.002448997925966978	0.014453726820647717	0.006459483876824379	0.004451632034033537	0.011969226412475109	0.002934112213551998	0.025680795311927795
994	sadness	../final/models/models_2nd_run/model1_0	../final/models/models_2nd_run/model1_0	sadness	0.9718561172485352	0.005282122641801834	0.9718561172485352	0.0026218630373477936	0.006514325737953186	0.0023707544896751642	0.0017186091281473637	0.0007408286328427494	0.0020087258890271187	0.002740004798397422	0.0023227636702358723	0.0011994952801615	0.0006244697142392397
995	neutral	../final/models/models_2nd_run/model1_0	../final/models/models_2nd_run/model1_0	confusion	0.9312238097190857	0.001056790235452354	0.00234835222363472	0.0013884094078093767	0.048533856868743896	0.0011903605191037059	0.002064325148239732	0.0008778202463872731	0.9312238097190857	0.004398522898554802	0.0010510527063161135	0.004954331088811159	0.0009123150957748294
996	anger	../final/models/models_2nd_run/model1_0	../final/models/models_2nd_run/model1_0	anger	0.9226553440093994	0.0012964262859895825	0.003591901157051325	0.003092813305556774	0.012812981382012367	0.0013003161875531077	0.04657745361328125	0.001990750664845109	0.0015907788183540106	0.9226553440093994	0.0019722364377230406	0.0014798622578382492	0.0016392068937420845
997	sadness	../final/models/models_2nd_run/model1_0	../final/models/models_2nd_run/model1_0	sadness	0.9169840216636658	0.01554105058312416	0.9169840216636658	0.009303608909249306	0.026204273104667664	0.003352800151333213	0.0040513575077056885	0.005587563384324312	0.0017981064738705754	0.009127729572355747	0.005430616904050112	0.001248714281246066	0.0013701063580811024
998	joy	../final/models/models_2nd_run/model1_0	../final/models/models_2nd_run/model1_0	joy	0.9620000720024109	0.0008157127886079252	0.001570866908878088	0.000717037997674197	0.0038745335768908262	0.001136051956564188	0.001068328507244587	0.0022751125507056713	0.0016073354054242373	0.0010662658605724573	0.9620000720024109	0.0014904240379109979	0.022378241643309593
999	sadness	../final/models/models_2nd_run/model1_0	../final/models/models_2nd_run/model1_0	sadness	0.9770016670227051	0.0033843452110886574	0.9770016670227051	0.0019985174294561148	0.004481693264096975	0.002034761244431138	0.0012359974207356572	0.000677493866533041	0.001512504299171269	0.001245819148607552	0.004371128510683775	0.0012491443194448948	0.0008069336763583124
1000	anger	../final/models/models_2nd_run/model1_0	../final/models/models_2nd_run/model1_0	sadness	0.963469386100769	0.002908072667196393	0.963469386100769	0.004172953311353922	0.006997578777372837	0.001750911003910005	0.005993200000375509	0.0008586578187532723	0.0015769219025969505	0.007947077974677086	0.0026183424051851034	0.0011338666081428528	0.0005730111734010279
1001	joy	../final/models/models_2nd_run/model1_0	../final/models/models_2nd_run/model1_0	excitement	0.482441782951355	0.0025346146430820227	0.0038047984708100557	0.002554113045334816	0.024353863671422005	0.0017701467731967568	0.0015831564087420702	0.03551291301846504	0.0029397953767329454	0.0015512019162997603	0.4334876537322998	0.0074660624377429485	0.482441782951355
1002	neutral	../final/models/models_2nd_run/model1_0	../final/models/models_2nd_run/model1_0	anger	0.5634831190109253	0.008878162130713463	0.011204180307686329	0.03511716425418854	0.2024630308151245	0.017147822305560112	0.12478453665971756	0.006341110449284315	0.008278194814920425	0.5634831190109253	0.007078537717461586	0.008250794373452663	0.006973326671868563
1003	confusion	../final/models/models_2nd_run/model1_0	../final/models/models_2nd_run/model1_0	confusion	0.9539055824279785	0.0024928206112235785	0.004013222176581621	0.001635502208955586	0.027885666117072105	0.0013075085589662194	0.0010269380873069167	0.0009088077931664884	0.9539055824279785	0.001436274847947061	0.0012001229915767908	0.0032610218040645123	0.0009264235268346965
1004	fear	../final/models/models_2nd_run/model1_0	../final/models/models_2nd_run/model1_0	fear	0.7813000082969666	0.030773282051086426	0.01717301644384861	0.013433218002319336	0.020160134881734848	0.7813000082969666	0.11044935137033463	0.0014480104437097907	0.005295602139085531	0.006143990438431501	0.004851139150559902	0.0050542172975838184	0.00391805823892355
1005	disgust	../final/models/models_2nd_run/model1_0	../final/models/models_2nd_run/model1_0	neutral	0.8225074410438538	0.017156008630990982	0.05708545818924904	0.016578147187829018	0.8225074410438538	0.005143674556165934	0.009409843944013119	0.023190710693597794	0.006927454378455877	0.030643772333860397	0.0041525582782924175	0.0031530873384326696	0.0040519507601857185
1006	nervousness	../final/models/models_2nd_run/model1_0	../final/models/models_2nd_run/model1_0	nervousness	0.6683291792869568	0.6683291792869568	0.01800360344350338	0.005533650517463684	0.008817316964268684	0.2623969316482544	0.004054888617247343	0.006765428464859724	0.005437706597149372	0.004236816894263029	0.007997802458703518	0.0022732180077582598	0.006153442896902561
1007	surprise	../final/models/models_2nd_run/model1_0	../final/models/models_2nd_run/model1_0	excitement	0.5364415049552917	0.0013532894663512707	0.0016863802447915077	0.0028108013793826103	0.022627636790275574	0.002397033153101802	0.0023798677138984203	0.005014791619032621	0.005812094081193209	0.0037891846150159836	0.030420606955885887	0.38526684045791626	0.5364415049552917
1008	joy	../final/models/models_2nd_run/model1_0	../final/models/models_2nd_run/model1_0	fear	0.867974579334259	0.06335966289043427	0.008495137095451355	0.0021901933941990137	0.006614810787141323	0.867974579334259	0.006146079860627651	0.0018357931403443217	0.005094355903565884	0.0024891693610697985	0.019767897203564644	0.0035983212292194366	0.012434031814336777
1009	excitement	../final/models/models_2nd_run/model1_0	../final/models/models_2nd_run/model1_0	joy	0.8958976864814758	0.002668439643457532	0.00388729153200984	0.0029054293408989906	0.022683724761009216	0.0021546566858887672	0.005977385677397251	0.008055857382714748	0.00476815365254879	0.004202025942504406	0.8958976864814758	0.0023576770909130573	0.044441770762205124
1010	sadness	../final/models/models_2nd_run/model1_0	../final/models/models_2nd_run/model1_0	sadness	0.9747611880302429	0.004854878410696983	0.9747611880302429	0.0027116842102259398	0.004347110632807016	0.002775389002636075	0.0010339072905480862	0.0008657777798362076	0.0012836463283747435	0.0012430580100044608	0.0037324370350688696	0.001419834909029305	0.0009709724108688533
1011	disgust	../final/models/models_2nd_run/model1_0	../final/models/models_2nd_run/model1_0	disgust	0.9353755712509155	0.002760108793154359	0.004440512042492628	0.014150522649288177	0.005024068523198366	0.017995726317167282	0.9353755712509155	0.0006834257510490716	0.0036349014844745398	0.008190096355974674	0.0012762644328176975	0.004683239385485649	0.0017855935730040073
1012	anger	../final/models/models_2nd_run/model1_0	../final/models/models_2nd_run/model1_0	anger	0.9363810420036316	0.001318135648034513	0.0021934909746050835	0.002715651411563158	0.006778736133128405	0.0018162865890190005	0.014263935387134552	0.0015286230482161045	0.021768106147646904	0.9363810420036316	0.0014892482431605458	0.007206219248473644	0.0025404433254152536
1013	embarrassment	../final/models/models_2nd_run/model1_0	../final/models/models_2nd_run/model1_0	neutral	0.9649022221565247	0.0013486082898452878	0.00309905968606472	0.001010541687719524	0.9649022221565247	0.0025137034244835377	0.0037864048499614	0.0020531497430056334	0.006642046384513378	0.007810819894075394	0.0021007044706493616	0.0022533198352903128	0.0024795299395918846
1014	excitement	../final/models/models_2nd_run/model1_0	../final/models/models_2nd_run/model1_0	joy	0.7373313903808594	0.0012453784001991153	0.0017180542927235365	0.001173306372947991	0.007119243033230305	0.0016009056707844138	0.0011603565653786063	0.0036898464895784855	0.0021364002022892237	0.0012952634133398533	0.7373313903808594	0.0034425323829054832	0.2380872368812561
1015	surprise	../final/models/models_2nd_run/model1_0	../final/models/models_2nd_run/model1_0	surprise	0.9460851550102234	0.0008840239606797695	0.003774608252570033	0.004665228072553873	0.008928653784096241	0.0019407905638217926	0.006994252558797598	0.0007106419070623815	0.006094479467719793	0.0031357875559479	0.002687205793336034	0.9460851550102234	0.014099146239459515
1016	surprise	../final/models/models_2nd_run/model1_0	../final/models/models_2nd_run/model1_0	surprise	0.7615655064582825	0.003533311653882265	0.005461431108415127	0.011741678230464458	0.03641631454229355	0.005386231001466513	0.00908619724214077	0.0018035679822787642	0.14644846320152283	0.0028878147713840008	0.003413404570892453	0.7615655064582825	0.012256070971488953
1017	surprise	../final/models/models_2nd_run/model1_0	../final/models/models_2nd_run/model1_0	surprise	0.8363696336746216	0.0009123007766902447	0.003215805394575	0.0025509533006697893	0.032303813844919205	0.0021996693685650826	0.0031473850831389427	0.0013714744709432125	0.009666015394032001	0.004763131961226463	0.010189387015998363	0.8363696336746216	0.09331043809652328
1018	nervousness	../final/models/models_2nd_run/model1_0	../final/models/models_2nd_run/model1_0	nervousness	0.5387783646583557	0.5387783646583557	0.02065090276300907	0.004659709986299276	0.020976005122065544	0.33330053091049194	0.003954748157411814	0.005073541309684515	0.03922313079237938	0.006015706807374954	0.011437213979661465	0.006336619146168232	0.009593519382178783
1019	anger	../final/models/models_2nd_run/model1_0	../final/models/models_2nd_run/model1_0	anger	0.8158653974533081	0.003256426891312003	0.013117602095007896	0.0059435018338263035	0.016189951449632645	0.002925276290625334	0.13133010268211365	0.0033652710262686014	0.0028541679494082928	0.8158653974533081	0.002176441717892885	0.0014242730103433132	0.00155152368824929
1020	confusion	../final/models/models_2nd_run/model1_0	../final/models/models_2nd_run/model1_0	neutral	0.8383194804191589	0.003973836544901133	0.012978125363588333	0.005145001690834761	0.8383194804191589	0.004307376686483622	0.015636993572115898	0.003415651386603713	0.07958362251520157	0.028936807066202164	0.001518058474175632	0.004718998447060585	0.0014661630848422647
1021	disgust	../final/models/models_2nd_run/model1_0	../final/models/models_2nd_run/model1_0	anger	0.6308066248893738	0.004016244783997536	0.014643989503383636	0.03700190782546997	0.02225060760974884	0.004475788213312626	0.2698964476585388	0.005472659133374691	0.004501388408243656	0.6308066248893738	0.0017446696292608976	0.003257276490330696	0.0019323560409247875
1022	sadness	../final/models/models_2nd_run/model1_0	../final/models/models_2nd_run/model1_0	sadness	0.9532133340835571	0.0051292311400175095	0.9532133340835571	0.0038577374070882797	0.02025293931365013	0.0014903373084962368	0.002112997230142355	0.0019439562456682324	0.00169528613332659	0.004163798410445452	0.004076862707734108	0.001062167575582862	0.001001299126073718
1023	neutral	../final/models/models_2nd_run/model1_0	../final/models/models_2nd_run/model1_0	anger	0.6169338822364807	0.008573370985686779	0.01889810711145401	0.008442401885986328	0.1494893878698349	0.013546440750360489	0.0109736742451787	0.06493155658245087	0.00445657828822732	0.6169338822364807	0.014882303774356842	0.007706135977059603	0.08116619288921356
1024	surprise	../final/models/models_2nd_run/model1_0	../final/models/models_2nd_run/model1_0	disgust	0.8054565191268921	0.008482608944177628	0.01445749681442976	0.07789559662342072	0.03511881083250046	0.015644563362002373	0.8054565191268921	0.0020334674045443535	0.008182527497410774	0.013974426314234734	0.0037809847854077816	0.011735397391021252	0.0032375319860875607
1025	joy	../final/models/models_2nd_run/model1_0	../final/models/models_2nd_run/model1_0	joy	0.9184290170669556	0.0014539780095219612	0.00403768802061677	0.0012059052241966128	0.012220093980431557	0.0010788767831400037	0.0009939903393387794	0.009473584592342377	0.0014896225184202194	0.0015181924682110548	0.9184290170669556	0.002214726060628891	0.04588429629802704
1026	surprise	../final/models/models_2nd_run/model1_0	../final/models/models_2nd_run/model1_0	confusion	0.8574169874191284	0.006379654631018639	0.050551969558000565	0.005182990804314613	0.046702150255441666	0.004111734684556723	0.0015405856538563967	0.001470527146011591	0.8574169874191284	0.004984666593372822	0.002490009879693389	0.016420554369688034	0.002748184371739626
1027	fear	../final/models/models_2nd_run/model1_0	../final/models/models_2nd_run/model1_0	disgust	0.5414974689483643	0.011209791526198387	0.010232613421976566	0.016894999891519547	0.013773137703537941	0.34733298420906067	0.5414974689483643	0.0012527297949418426	0.00939318910241127	0.019845137372612953	0.00276199565269053	0.021777797490358353	0.00402814568951726
1028	joy	../final/models/models_2nd_run/model1_0	../final/models/models_2nd_run/model1_0	joy	0.9654433727264404	0.0009182844660244882	0.0018400734988972545	0.0006977071170695126	0.005291611421853304	0.0013947970001026988	0.0011831133160740137	0.0019452766282483935	0.0015307404100894928	0.0013419240713119507	0.9654433727264404	0.0012549981474876404	0.017158126458525658
1029	disgust	../final/models/models_2nd_run/model1_0	../final/models/models_2nd_run/model1_0	disgust	0.6345676779747009	0.011240129359066486	0.011214260011911392	0.008926797658205032	0.00859852135181427	0.2814923822879791	0.6345676779747009	0.000987382372841239	0.007763391826301813	0.02315591275691986	0.002606343012303114	0.006788436323404312	0.002658749930560589
1030	excitement	../final/models/models_2nd_run/model1_0	../final/models/models_2nd_run/model1_0	excitement	0.5913991928100586	0.009188849478960037	0.007305534090846777	0.007640105672180653	0.037991270422935486	0.003810114460065961	0.001537166303023696	0.11459682881832123	0.00405474565923214	0.0016716067912057042	0.2144559621810913	0.006348641123622656	0.5913991928100586
1031	neutral	../final/models/models_2nd_run/model1_0	../final/models/models_2nd_run/model1_0	neutral	0.6924659013748169	0.011093666777014732	0.024760890752077103	0.06570886075496674	0.6924659013748169	0.014593102969229221	0.11499796062707901	0.01718144491314888	0.006913166027516127	0.019819151610136032	0.004423883743584156	0.019478850066661835	0.008563165552914143
1032	anger	../final/models/models_2nd_run/model1_0	../final/models/models_2nd_run/model1_0	anger	0.9435152411460876	0.0016529348213225603	0.0033189652021974325	0.002217895584180951	0.008223366923630238	0.0024011170025914907	0.029800288379192352	0.0018048997735604644	0.0015258119674399495	0.9435152411460876	0.0017467390280216932	0.0018765258137136698	0.0019162341486662626
1033	anger	../final/models/models_2nd_run/model1_0	../final/models/models_2nd_run/model1_0	anger	0.9427086710929871	0.0011572345392778516	0.0022425097413361073	0.0023147473111748695	0.008029977791011333	0.0014513630885630846	0.03366207331418991	0.0013662975979968905	0.0023240619339048862	0.9427086710929871	0.001230612862855196	0.0020532780326902866	0.00145929295103997
1034	joy	../final/models/models_2nd_run/model1_0	../final/models/models_2nd_run/model1_0	joy	0.9210720062255859	0.0017931951442733407	0.002370554255321622	0.0011186994379386306	0.011444813571870327	0.0020173254888504744	0.0013760067522525787	0.004238720517605543	0.020522218197584152	0.0022023762576282024	0.9210720062255859	0.0036207374650985003	0.028223292902112007
1035	neutral	../final/models/models_2nd_run/model1_0	../final/models/models_2nd_run/model1_0	neutral	0.6481208801269531	0.01920807547867298	0.24896085262298584	0.009033204056322575	0.6481208801269531	0.01404466200619936	0.009007388725876808	0.00515164015814662	0.008019325323402882	0.009636427275836468	0.016428008675575256	0.004895947873592377	0.007493579760193825
1036	surprise	../final/models/models_2nd_run/model1_0	../final/models/models_2nd_run/model1_0	excitement	0.818098783493042	0.001006662379950285	0.0016134664183482528	0.0015306893037632108	0.039145998656749725	0.0019546847324818373	0.0028581691440194845	0.005308179650455713	0.0037967879325151443	0.006523197516798973	0.05349161848425865	0.06467174738645554	0.818098783493042
1037	anger	../final/models/models_2nd_run/model1_0	../final/models/models_2nd_run/model1_0	anger	0.9510494470596313	0.0012496227864176035	0.003090702462941408	0.0017763582291081548	0.010460907593369484	0.001733377925120294	0.02290305122733116	0.0014745554653927684	0.0019485370721668005	0.9510494470596313	0.0014865047996863723	0.001459775143302977	0.0013671617489308119
1038	embarrassment	../final/models/models_2nd_run/model1_0	../final/models/models_2nd_run/model1_0	embarrassment	0.8992930054664612	0.007877499796450138	0.008216178975999355	0.8992930054664612	0.003154624253511429	0.0029167355969548225	0.025284642353653908	0.023127306252717972	0.0034512614365667105	0.02080448903143406	0.0012536231661215425	0.002779078669846058	0.0018416526727378368
1039	anger	../final/models/models_2nd_run/model1_0	../final/models/models_2nd_run/model1_0	anger	0.886324405670166	0.0026357006281614304	0.008855098858475685	0.00429544085636735	0.012836544774472713	0.002227780409157276	0.07157568633556366	0.002729396801441908	0.0030142744071781635	0.886324405670166	0.002449881983920932	0.0015483228489756584	0.0015074483817443252
1040	surprise	../final/models/models_2nd_run/model1_0	../final/models/models_2nd_run/model1_0	joy	0.8304876685142517	0.0012755203060805798	0.00284970598295331	0.0020493243355304003	0.010846012271940708	0.0018470858922228217	0.001598261296749115	0.004044611472636461	0.007406188175082207	0.0020552428904920816	0.8304876685142517	0.03082336112856865	0.10471702367067337
1041	joy	../final/models/models_2nd_run/model1_0	../final/models/models_2nd_run/model1_0	excitement	0.7539002299308777	0.001361799775622785	0.001510515809059143	0.001158985192887485	0.016012301668524742	0.0012127876980230212	0.0010015240404754877	0.011570977978408337	0.0019431656692177057	0.0018387737218290567	0.2030043751001358	0.005484569352120161	0.7539002299308777
1042	embarrassment	../final/models/models_2nd_run/model1_0	../final/models/models_2nd_run/model1_0	sadness	0.8414015173912048	0.010572575964033604	0.8414015173912048	0.04705773666501045	0.02716870605945587	0.0033270607236772776	0.006679845973849297	0.00295929703861475	0.044388581067323685	0.005244139116257429	0.00274890405125916	0.006942911073565483	0.0015086894854903221
1043	surprise	../final/models/models_2nd_run/model1_0	../final/models/models_2nd_run/model1_0	surprise	0.9513542652130127	0.0006664943648502231	0.0016715622041374445	0.0019746217876672745	0.0077913240529596806	0.0013401987962424755	0.001792132738046348	0.000843930640257895	0.005890487227588892	0.0022609711159020662	0.002623520325869322	0.9513542652130127	0.02179049700498581
1044	excitement	../final/models/models_2nd_run/model1_0	../final/models/models_2nd_run/model1_0	excitement	0.7147703170776367	0.0011979668634012341	0.001836274634115398	0.0023107805754989386	0.020249979570508003	0.001621732721105218	0.0018351866165176034	0.006411759182810783	0.005040015559643507	0.0027339558582752943	0.13800732791423798	0.10398466140031815	0.7147703170776367
1045	surprise	../final/models/models_2nd_run/model1_0	../final/models/models_2nd_run/model1_0	anger	0.5966619253158569	0.0032781355548650026	0.004015940707176924	0.016893897205591202	0.026888972148299217	0.009428725577890873	0.1171472817659378	0.0032563835848122835	0.01097638439387083	0.5966619253158569	0.007178070489317179	0.1435057371854782	0.06076857075095177
1046	confusion	../final/models/models_2nd_run/model1_0	../final/models/models_2nd_run/model1_0	confusion	0.9446704983711243	0.001103759277611971	0.0015937354182824492	0.0010622182162478566	0.03781964257359505	0.000893516989890486	0.0008014569175429642	0.0008535151137039065	0.9446704983711243	0.0020756772719323635	0.0013815273996442556	0.006219375878572464	0.0015251885633915663
1047	joy	../final/models/models_2nd_run/model1_0	../final/models/models_2nd_run/model1_0	joy	0.9681693911552429	0.000971285451669246	0.0023023139219731092	0.000966415274888277	0.00486071826890111	0.0011521849082782865	0.0011515868827700615	0.003751192707568407	0.0016628014855086803	0.0013125661062076688	0.9681693911552429	0.0012033026432618499	0.012496263720095158
1048	anger	../final/models/models_2nd_run/model1_0	../final/models/models_2nd_run/model1_0	anger	0.8461670279502869	0.0020235723350197077	0.004169620107859373	0.004176534712314606	0.01012411154806614	0.002311758231371641	0.12286484241485596	0.0020275632850825787	0.0019380770390853286	0.8461670279502869	0.0013959845528006554	0.0014945894945412874	0.0013063120422884822
1049	sadness	../final/models/models_2nd_run/model1_0	../final/models/models_2nd_run/model1_0	confusion	0.7982866168022156	0.026202453300356865	0.09032414108514786	0.019996346905827522	0.023737266659736633	0.008425803855061531	0.0035377941094338894	0.0022160729859024286	0.7982866168022156	0.004623121581971645	0.002753955079242587	0.01769133284687996	0.0022050326224416494
1050	joy	../final/models/models_2nd_run/model1_0	../final/models/models_2nd_run/model1_0	joy	0.7004194259643555	0.002623913111165166	0.0034215084742754698	0.002617181744426489	0.05436825379729271	0.004979751072824001	0.003120523877441883	0.007955681532621384	0.005791412200778723	0.0019487285753712058	0.7004194259643555	0.00657689617946744	0.2061767429113388
1051	anger	../final/models/models_2nd_run/model1_0	../final/models/models_2nd_run/model1_0	neutral	0.4732430577278137	0.01399505790323019	0.0905001237988472	0.025503985583782196	0.4732430577278137	0.020812254399061203	0.06982436776161194	0.003778432961553335	0.026817312464118004	0.05744672194123268	0.007285141386091709	0.18935081362724304	0.02144276164472103
1052	joy	../final/models/models_2nd_run/model1_0	../final/models/models_2nd_run/model1_0	joy	0.9653165936470032	0.0009098531445488334	0.002086062915623188	0.0009645019890740514	0.004145412240177393	0.0009663060773164034	0.0009917065035551786	0.004127046093344688	0.001548128668218851	0.0011138365371152759	0.9653165936470032	0.0013788118958473206	0.016451707109808922
1053	confusion	../final/models/models_2nd_run/model1_0	../final/models/models_2nd_run/model1_0	confusion	0.9634391665458679	0.0010088214185088873	0.0012928791111335158	0.0010815397836267948	0.02137055993080139	0.0009383308934047818	0.0009888496715575457	0.0007300146971829236	0.9634391665458679	0.001556195318698883	0.0011872948380187154	0.005369949154555798	0.0010364751797169447
1054	joy	../final/models/models_2nd_run/model1_0	../final/models/models_2nd_run/model1_0	confusion	0.9690850973129272	0.0009354480425827205	0.001534643117338419	0.001010051229968667	0.012840413488447666	0.0008943405118770897	0.0009866474429145455	0.0006077508442103863	0.9690850973129272	0.00199506594799459	0.0020282575860619545	0.006292408797889948	0.0017898182850331068
1055	fear	../final/models/models_2nd_run/model1_0	../final/models/models_2nd_run/model1_0	fear	0.9274203777313232	0.03522757068276405	0.004695923067629337	0.0015813856152817607	0.004701622761785984	0.9274203777313232	0.007615986280143261	0.0009604055085219443	0.0043880147859454155	0.0036905978340655565	0.004042074084281921	0.002452195156365633	0.0032238182611763477
1056	neutral	../final/models/models_2nd_run/model1_0	../final/models/models_2nd_run/model1_0	neutral	0.9284425973892212	0.0029429090209305286	0.004813467152416706	0.0016946039395406842	0.9284425973892212	0.0029798687901347876	0.002848041942343116	0.003453014651313424	0.03736385703086853	0.003359742695465684	0.004365209024399519	0.003789164824411273	0.003947513643652201
1057	joy	../final/models/models_2nd_run/model1_0	../final/models/models_2nd_run/model1_0	joy	0.9653316140174866	0.0008645372581668198	0.0020140891429036856	0.0007324271718971431	0.0032059194054454565	0.0011332002468407154	0.0009545852080918849	0.0025318171828985214	0.0013309759087860584	0.0009714897605590522	0.9653316140174866	0.0011974539374932647	0.01973194070160389
1058	sadness	../final/models/models_2nd_run/model1_0	../final/models/models_2nd_run/model1_0	sadness	0.980355441570282	0.0032093487679958344	0.980355441570282	0.0021578760351985693	0.0032684660982340574	0.0018379153916612267	0.001443452900275588	0.0005761344800703228	0.0014008537400513887	0.0012914711842313409	0.002610965399071574	0.001217370037920773	0.0006307933945208788
1059	disgust	../final/models/models_2nd_run/model1_0	../final/models/models_2nd_run/model1_0	sadness	0.34938791394233704	0.008038145489990711	0.34938791394233704	0.01206987351179123	0.05856472998857498	0.010011664591729641	0.27880382537841797	0.002838284708559513	0.004311926197260618	0.26557424664497375	0.005475754849612713	0.0032095874194055796	0.0017139719566330314
1060	anger	../final/models/models_2nd_run/model1_0	../final/models/models_2nd_run/model1_0	neutral	0.6769375801086426	0.006669896189123392	0.17150679230690002	0.0031289139296859503	0.6769375801086426	0.019724462181329727	0.01904730312526226	0.003922977019101381	0.003325309604406357	0.05640379339456558	0.020113404840230942	0.008629952557384968	0.010589603334665298
1061	disgust	../final/models/models_2nd_run/model1_0	../final/models/models_2nd_run/model1_0	anger	0.8642136454582214	0.002170884981751442	0.014462281949818134	0.004441289231181145	0.04837788641452789	0.001601753174327314	0.05217285454273224	0.002736555179581046	0.0038275704719126225	0.8642136454582214	0.0029791882261633873	0.0014645798364654183	0.0015515268314629793
1062	surprise	../final/models/models_2nd_run/model1_0	../final/models/models_2nd_run/model1_0	neutral	0.524359941482544	0.007132477592676878	0.07086788862943649	0.006615546066313982	0.524359941482544	0.016768790781497955	0.025096416473388672	0.0015451632207259536	0.17625652253627777	0.12918531894683838	0.0025441674515604973	0.03548569232225418	0.004142033401876688
1063	anger	../final/models/models_2nd_run/model1_0	../final/models/models_2nd_run/model1_0	anger	0.8858498334884644	0.0023796542081981897	0.006655196659266949	0.004805552773177624	0.016380256041884422	0.002599569736048579	0.07207789272069931	0.002421857323497534	0.0016228334279730916	0.8858498334884644	0.0019279528642073274	0.001633497653529048	0.001645951415412128
1064	sadness	../final/models/models_2nd_run/model1_0	../final/models/models_2nd_run/model1_0	sadness	0.9529228210449219	0.014456580393016338	0.9529228210449219	0.00485864607617259	0.006156401243060827	0.0067620608024299145	0.002185183810070157	0.0010770376538857818	0.0016072840662673116	0.0026012586895376444	0.004781539551913738	0.0012470536166802049	0.0013441642513498664
1065	embarrassment	../final/models/models_2nd_run/model1_0	../final/models/models_2nd_run/model1_0	anger	0.48814815282821655	0.002936925971880555	0.012343830429017544	0.018435345962643623	0.023696418851614	0.0024619169998914003	0.4387792646884918	0.0031722295098006725	0.0038547622971236706	0.48814815282821655	0.002079647034406662	0.0025727730244398117	0.0015187535900622606
1066	anger	../final/models/models_2nd_run/model1_0	../final/models/models_2nd_run/model1_0	anger	0.8955243825912476	0.0026164965238422155	0.015459761023521423	0.0031250459142029285	0.04676155745983124	0.0022504988592118025	0.021326618269085884	0.0031051833648234606	0.0028634758200496435	0.8955243825912476	0.003079197369515896	0.0018501472659409046	0.0020376420579850674
1067	anger	../final/models/models_2nd_run/model1_0	../final/models/models_2nd_run/model1_0	anger	0.8906054496765137	0.001585952821187675	0.004594676662236452	0.004086572676897049	0.020809439942240715	0.0018816044321283698	0.06732532382011414	0.0018465003231540322	0.0015629292465746403	0.8906054496765137	0.0016032906714826822	0.002311430871486664	0.0017868968425318599
1068	fear	../final/models/models_2nd_run/model1_0	../final/models/models_2nd_run/model1_0	nervousness	0.6530683040618896	0.6530683040618896	0.04547840356826782	0.02140451967716217	0.006353392265737057	0.20458854734897614	0.0043963296338915825	0.006271757651120424	0.00898729357868433	0.0038592994678765535	0.016281049698591232	0.014782622456550598	0.014528462663292885
1069	fear	../final/models/models_2nd_run/model1_0	../final/models/models_2nd_run/model1_0	fear	0.897996187210083	0.05414346978068352	0.013924432918429375	0.002351722912862897	0.005092930048704147	0.897996187210083	0.007906008511781693	0.0009184582740999758	0.004743684083223343	0.0049432446248829365	0.0026667516212910414	0.002983616665005684	0.0023294007405638695
1070	neutral	../final/models/models_2nd_run/model1_0	../final/models/models_2nd_run/model1_0	fear	0.680969774723053	0.131219282746315	0.017502782866358757	0.0065259323455393314	0.09692177176475525	0.680969774723053	0.018678566440939903	0.004092323128134012	0.007569437846541405	0.0150268180295825	0.00984452199190855	0.004097781144082546	0.007550955284386873
1071	excitement	../final/models/models_2nd_run/model1_0	../final/models/models_2nd_run/model1_0	joy	0.9694528579711914	0.0010972402524203062	0.002267478033900261	0.0008465342689305544	0.004594740457832813	0.0013846976216882467	0.001176311750896275	0.0027394681237637997	0.001851661829277873	0.0010787281207740307	0.9694528579711914	0.0011448424775153399	0.012365379370748997
1072	sadness	../final/models/models_2nd_run/model1_0	../final/models/models_2nd_run/model1_0	sadness	0.9346985816955566	0.0064490726217627525	0.9346985816955566	0.009322433732450008	0.013472515158355236	0.004008169751614332	0.013011995702981949	0.0010266932658851147	0.005609895568341017	0.008815517649054527	0.001667835982516408	0.0012798167299479246	0.0006375096272677183
1073	confusion	../final/models/models_2nd_run/model1_0	../final/models/models_2nd_run/model1_0	confusion	0.923991858959198	0.000922972452826798	0.0014409208670258522	0.0010803105542436242	0.051370300352573395	0.0010131160961464047	0.0012144288048148155	0.0008729298133403063	0.923991858959198	0.0051741949282586575	0.0014657785650342703	0.009602494537830353	0.0018506732303649187
1074	anger	../final/models/models_2nd_run/model1_0	../final/models/models_2nd_run/model1_0	anger	0.881280243396759	0.0015135431895032525	0.0029298297595232725	0.004058800172060728	0.01382614765316248	0.003017888404428959	0.03509938344359398	0.0013833539560437202	0.013097750954329967	0.881280243396759	0.002148350467905402	0.03570156544446945	0.0059431190602481365
1075	neutral	../final/models/models_2nd_run/model1_0	../final/models/models_2nd_run/model1_0	anger	0.7991029024124146	0.0027857720851898193	0.009236257523298264	0.00936190690845251	0.07501062005758286	0.003325003432109952	0.08264002948999405	0.003308848710730672	0.0023844940587878227	0.7991029024124146	0.0036590408999472857	0.0054188938811421394	0.00376635929569602
1076	fear	../final/models/models_2nd_run/model1_0	../final/models/models_2nd_run/model1_0	neutral	0.8964501023292542	0.005750747863203287	0.013752196915447712	0.00698233675211668	0.8964501023292542	0.005989154800772667	0.020866449922323227	0.005250156857073307	0.0070346808061003685	0.031063726171851158	0.003178276587277651	0.0017851560842245817	0.0018970593810081482
1077	disgust	../final/models/models_2nd_run/model1_0	../final/models/models_2nd_run/model1_0	disgust	0.8780753016471863	0.0019226090516895056	0.004707349929958582	0.006101030856370926	0.013766532763838768	0.005250223912298679	0.8780753016471863	0.0011397524503991008	0.003592797089368105	0.08135687559843063	0.0011086262529715896	0.0018523391336202621	0.0011265712091699243
1078	neutral	../final/models/models_2nd_run/model1_0	../final/models/models_2nd_run/model1_0	excitement	0.8818447589874268	0.0012653871672227979	0.001698422129265964	0.0020286135841161013	0.03142933547496796	0.0015989304520189762	0.001583490171469748	0.00526428734883666	0.0022201004903763533	0.0022267205640673637	0.031272612512111664	0.03756733983755112	0.8818447589874268
1079	disgust	../final/models/models_2nd_run/model1_0	../final/models/models_2nd_run/model1_0	disgust	0.6753147840499878	0.008601818233728409	0.045604459941387177	0.006123851984739304	0.020851455628871918	0.036746732890605927	0.6753147840499878	0.0013960065552964807	0.0038300659507513046	0.19533658027648926	0.0019133161986246705	0.002742947544902563	0.0015380006516352296
1080	disgust	../final/models/models_2nd_run/model1_0	../final/models/models_2nd_run/model1_0	joy	0.5144133567810059	0.006617505103349686	0.010986224748194218	0.00889400951564312	0.32228556275367737	0.004180388059467077	0.019590016454458237	0.015209691599011421	0.007295900955796242	0.05734905228018761	0.5144133567810059	0.0038085051346570253	0.029369762167334557
1081	confusion	../final/models/models_2nd_run/model1_0	../final/models/models_2nd_run/model1_0	confusion	0.9245253801345825	0.0009686293196864426	0.001386380405165255	0.0009533802513033152	0.05635971575975418	0.0010963203385472298	0.0010543270036578178	0.0008696381119079888	0.9245253801345825	0.002478787675499916	0.0018435926176607609	0.0066760629415512085	0.001787799410521984
1082	joy	../final/models/models_2nd_run/model1_0	../final/models/models_2nd_run/model1_0	excitement	0.3484189808368683	0.012442625127732754	0.00708160363137722	0.015057229436933994	0.18927817046642303	0.005093753337860107	0.0032325631473213434	0.20147402584552765	0.00865843053907156	0.00640983646735549	0.1760973185300827	0.02675549127161503	0.3484189808368683
1083	neutral	../final/models/models_2nd_run/model1_0	../final/models/models_2nd_run/model1_0	neutral	0.9357084035873413	0.001998111605644226	0.005302563309669495	0.0024452765937894583	0.9357084035873413	0.0023860398214310408	0.0034516318701207638	0.0033122270833700895	0.010955547913908958	0.0025243323761969805	0.011617645621299744	0.007986453361809254	0.012311846017837524
1084	neutral	../final/models/models_2nd_run/model1_0	../final/models/models_2nd_run/model1_0	neutral	0.8413186073303223	0.0013769229408353567	0.004098175559192896	0.001654606661759317	0.8413186073303223	0.0024985698983073235	0.006141966208815575	0.003150191390886903	0.013506380841135979	0.007873166352510452	0.03006465546786785	0.02799198217689991	0.060324884951114655
1085	neutral	../final/models/models_2nd_run/model1_0	../final/models/models_2nd_run/model1_0	surprise	0.7701484560966492	0.0016139873769134283	0.004526954144239426	0.003692822763696313	0.04269172623753548	0.010794032365083694	0.01706971786916256	0.001564451027661562	0.007485226262360811	0.023657072335481644	0.008586151525378227	0.7701484560966492	0.10816937685012817
1086	joy	../final/models/models_2nd_run/model1_0	../final/models/models_2nd_run/model1_0	neutral	0.45127442479133606	0.004378636833280325	0.01307615265250206	0.006036888342350721	0.45127442479133606	0.0034481361508369446	0.00455599557608366	0.09662602841854095	0.007126895245164633	0.010610463097691536	0.19061090052127838	0.011676420457661152	0.20057910680770874
1087	joy	../final/models/models_2nd_run/model1_0	../final/models/models_2nd_run/model1_0	joy	0.9644296169281006	0.0008864583214744925	0.0018693605670705438	0.0007066262769512832	0.0035447143018245697	0.0012103975750505924	0.0009610592387616634	0.0021956171840429306	0.0014332829741761088	0.000974103226326406	0.9644296169281006	0.001323880860581994	0.020464859902858734
1088	fear	../final/models/models_2nd_run/model1_0	../final/models/models_2nd_run/model1_0	fear	0.6484830975532532	0.20089194178581238	0.008109104819595814	0.00410721218213439	0.011994295753538609	0.6484830975532532	0.00447262404486537	0.0030485757160931826	0.09136688709259033	0.004689818248152733	0.009307038970291615	0.006318343803286552	0.007210986688733101
1089	anger	../final/models/models_2nd_run/model1_0	../final/models/models_2nd_run/model1_0	anger	0.8917863368988037	0.0020022650714963675	0.005308875814080238	0.005769290495663881	0.009895271621644497	0.0021680123172700405	0.059786345809698105	0.0014550689375028014	0.011929460801184177	0.8917863368988037	0.0010860866168513894	0.007022384088486433	0.0017905643908306956
1090	fear	../final/models/models_2nd_run/model1_0	../final/models/models_2nd_run/model1_0	fear	0.9199672341346741	0.04255618155002594	0.005953738931566477	0.0018679224886000156	0.00484278192743659	0.9199672341346741	0.006697697564959526	0.001064472016878426	0.005040858872234821	0.0034618498757481575	0.004035379737615585	0.0020740467589348555	0.002437795512378216
1091	excitement	../final/models/models_2nd_run/model1_0	../final/models/models_2nd_run/model1_0	neutral	0.5760359168052673	0.006034884601831436	0.0044130501337349415	0.0031269690953195095	0.5760359168052673	0.0054168119095265865	0.003031372092664242	0.009770105592906475	0.049804214388132095	0.003337251953780651	0.05601469799876213	0.017580464482307434	0.26543429493904114
1092	surprise	../final/models/models_2nd_run/model1_0	../final/models/models_2nd_run/model1_0	surprise	0.9526717662811279	0.0007081819931045175	0.001676033134572208	0.0019263217691332102	0.006447086110711098	0.0013683995930477977	0.0016558861825615168	0.0008381428779102862	0.005391756072640419	0.0021422698628157377	0.0027734774630516768	0.9526717662811279	0.022400623187422752
1093	embarrassment	../final/models/models_2nd_run/model1_0	../final/models/models_2nd_run/model1_0	disgust	0.7674088478088379	0.0077325571328401566	0.010591158643364906	0.0969100147485733	0.039305489510297775	0.01406269520521164	0.7674088478088379	0.004790071863681078	0.005591870751231909	0.01612032949924469	0.01040508970618248	0.01450419519096613	0.012577726505696774
1094	sadness	../final/models/models_2nd_run/model1_0	../final/models/models_2nd_run/model1_0	sadness	0.9581464529037476	0.009538381360471249	0.9581464529037476	0.008616634644567966	0.007513684686273336	0.0026596831157803535	0.0014118023682385683	0.002079977188259363	0.00239387946203351	0.0024224694352597	0.002944009378552437	0.0013804013142362237	0.0008927193121053278
1095	fear	../final/models/models_2nd_run/model1_0	../final/models/models_2nd_run/model1_0	fear	0.8786439895629883	0.07973852008581161	0.00881516095250845	0.0022221319377422333	0.0034035067074000835	0.8786439895629883	0.006539669819176197	0.0012432606890797615	0.005991642829030752	0.0032211984507739544	0.004485808778554201	0.002472482854500413	0.003222673200070858
1096	neutral	../final/models/models_2nd_run/model1_0	../final/models/models_2nd_run/model1_0	anger	0.8335368633270264	0.0031490440014749765	0.010919894091784954	0.004092455841600895	0.10576680302619934	0.0029103602282702923	0.023428015410900116	0.004989173263311386	0.0026329446118324995	0.8335368633270264	0.004161537624895573	0.0016647522570565343	0.002748036291450262
1097	confusion	../final/models/models_2nd_run/model1_0	../final/models/models_2nd_run/model1_0	confusion	0.9541356563568115	0.0013866772642359138	0.002055518329143524	0.0015847040340304375	0.024458596482872963	0.001410969183780253	0.0012552639236673713	0.0006329038878902793	0.9541356563568115	0.0014376267790794373	0.0009362942073494196	0.009643341414630413	0.0010624618735164404
1098	neutral	../final/models/models_2nd_run/model1_0	../final/models/models_2nd_run/model1_0	confusion	0.8765266537666321	0.0013830802636221051	0.0015497159911319613	0.0011021530954167247	0.10089083015918732	0.0011969904880970716	0.0012677921913564205	0.0012128056259825826	0.8765266537666321	0.0022641008254140615	0.002261847723275423	0.008085312321782112	0.0022586684208363295
1099	fear	../final/models/models_2nd_run/model1_0	../final/models/models_2nd_run/model1_0	fear	0.7779734134674072	0.1472117155790329	0.005021112971007824	0.007983045652508736	0.008072469383478165	0.7779734134674072	0.017683152109384537	0.0017020860686898232	0.005103813949972391	0.0045213038101792336	0.005843766499310732	0.011254340410232544	0.00762970419600606
1100	anger	../final/models/models_2nd_run/model1_0	../final/models/models_2nd_run/model1_0	anger	0.8669425845146179	0.002109542954713106	0.007988518103957176	0.004526794422417879	0.009736299514770508	0.00179640285205096	0.09548743814229965	0.0021468112245202065	0.004698462784290314	0.8669425845146179	0.001782502164132893	0.001589213963598013	0.0011954508954659104
1101	anger	../final/models/models_2nd_run/model1_0	../final/models/models_2nd_run/model1_0	anger	0.45096921920776367	0.0033912495709955692	0.009873486123979092	0.01321066077798605	0.12205501645803452	0.005550397094339132	0.3789072036743164	0.0025495158042758703	0.006122354418039322	0.45096921920776367	0.001263973070308566	0.004523231647908688	0.0015837023966014385
1102	confusion	../final/models/models_2nd_run/model1_0	../final/models/models_2nd_run/model1_0	confusion	0.7594157457351685	0.002859931904822588	0.002583693712949753	0.0018047336488962173	0.21478134393692017	0.002057572826743126	0.002079077996313572	0.001699218526482582	0.7594157457351685	0.0029127271845936775	0.0021897421684116125	0.005768792238086462	0.001847488572821021
1103	excitement	../final/models/models_2nd_run/model1_0	../final/models/models_2nd_run/model1_0	excitement	0.9626914262771606	0.001764422282576561	0.0008406593115068972	0.0011860862141475081	0.005830372683703899	0.001720020780339837	0.0011271084658801556	0.0022966035176068544	0.0015086859930306673	0.0013870098628103733	0.009300433099269867	0.010347196832299232	0.9626914262771606
1104	neutral	../final/models/models_2nd_run/model1_0	../final/models/models_2nd_run/model1_0	neutral	0.9386759400367737	0.0013036072487011552	0.0031134416349232197	0.00150413834489882	0.9386759400367737	0.0017818096093833447	0.004314651247113943	0.00619316753000021	0.0072885435074567795	0.008182242512702942	0.012631350196897984	0.0041994922794401646	0.010811525397002697
1105	anger	../final/models/models_2nd_run/model1_0	../final/models/models_2nd_run/model1_0	anger	0.4543668329715729	0.01367181446403265	0.013922772370278835	0.0037409448996186256	0.29221123456954956	0.12492093443870544	0.03899234160780907	0.004112565889954567	0.016081659123301506	0.4543668329715729	0.005251981783658266	0.01874113641679287	0.013985724188387394
1106	surprise	../final/models/models_2nd_run/model1_0	../final/models/models_2nd_run/model1_0	disgust	0.6993584632873535	0.009099590592086315	0.015992913395166397	0.11360114067792892	0.07472076267004013	0.008753457106649876	0.6993584632873535	0.0041837142780423164	0.024876251816749573	0.020535163581371307	0.0067276861518621445	0.017383426427841187	0.004767389968037605
1107	excitement	../final/models/models_2nd_run/model1_0	../final/models/models_2nd_run/model1_0	excitement	0.7433518171310425	0.0015722921816632152	0.0036687320098280907	0.002295262413099408	0.09071498364210129	0.0035156668163836002	0.004406565334647894	0.007104467134922743	0.0045591904781758785	0.01805713213980198	0.03691168874502182	0.08384223282337189	0.7433518171310425
1108	anger	../final/models/models_2nd_run/model1_0	../final/models/models_2nd_run/model1_0	anger	0.935014009475708	0.0018449153285473585	0.007132049184292555	0.002972979564219713	0.014488323591649532	0.001398785156197846	0.024209296330809593	0.0030378098599612713	0.0023733614943921566	0.935014009475708	0.004525324329733849	0.0012051124358549714	0.001797973643988371
1109	anger	../final/models/models_2nd_run/model1_0	../final/models/models_2nd_run/model1_0	anger	0.6642313003540039	0.007241540588438511	0.12996654212474823	0.018847426399588585	0.021026408299803734	0.003747098846361041	0.13466216623783112	0.0038414534647017717	0.007755784317851067	0.6642313003540039	0.0038243941962718964	0.0029925317503511906	0.001863345387391746
1110	neutral	../final/models/models_2nd_run/model1_0	../final/models/models_2nd_run/model1_0	neutral	0.8698233962059021	0.004576796665787697	0.07287996262311935	0.0047979881055653095	0.8698233962059021	0.002779040252789855	0.009025661274790764	0.004323758650571108	0.005470764823257923	0.015876401215791702	0.004895173013210297	0.003142386907711625	0.002408609725534916
1111	neutral	../final/models/models_2nd_run/model1_0	../final/models/models_2nd_run/model1_0	excitement	0.7383794188499451	0.0016269825864583254	0.003829808672890067	0.0026983909774571657	0.13914701342582703	0.002862383611500263	0.004276028834283352	0.010744227096438408	0.00354215269908309	0.010966147296130657	0.0430370531976223	0.03889043629169464	0.7383794188499451
1112	surprise	../final/models/models_2nd_run/model1_0	../final/models/models_2nd_run/model1_0	surprise	0.9372142553329468	0.001440144726075232	0.002382415346801281	0.0045232814736664295	0.013083369471132755	0.0020400220528244972	0.002403121441602707	0.0009914478287100792	0.01666867733001709	0.0026865920517593622	0.0020901430398225784	0.9372142553329468	0.014476564712822437
1113	neutral	../final/models/models_2nd_run/model1_0	../final/models/models_2nd_run/model1_0	sadness	0.40583816170692444	0.0311424657702446	0.40583816170692444	0.1115477904677391	0.2470005303621292	0.006526420824229717	0.04039619863033295	0.045829303562641144	0.004310949705541134	0.08416125923395157	0.01438332349061966	0.0037650216836482286	0.0050985016860067844
1114	confusion	../final/models/models_2nd_run/model1_0	../final/models/models_2nd_run/model1_0	confusion	0.9653108716011047	0.0011504431022331119	0.0012933650286868215	0.001036041765473783	0.020291494205594063	0.0011084506986662745	0.0008642318425700068	0.0007424918585456908	0.9653108716011047	0.0016188647132366896	0.0009937676368281245	0.00461460929363966	0.0009753702324815094
1115	neutral	../final/models/models_2nd_run/model1_0	../final/models/models_2nd_run/model1_0	sadness	0.7516909241676331	0.022850215435028076	0.7516909241676331	0.023678487166762352	0.13459473848342896	0.007409426849335432	0.01208821777254343	0.00827539712190628	0.0031217411160469055	0.026104029268026352	0.00621506804600358	0.0021864576265215874	0.0017853270983323455
1116	neutral	../final/models/models_2nd_run/model1_0	../final/models/models_2nd_run/model1_0	neutral	0.9069797396659851	0.002123510930687189	0.006970500107854605	0.005656960420310497	0.9069797396659851	0.0020095077343285084	0.01638220064342022	0.010068070143461227	0.004619236569851637	0.01998593844473362	0.012960018590092659	0.004195421002805233	0.008049053139984608
1117	neutral	../final/models/models_2nd_run/model1_0	../final/models/models_2nd_run/model1_0	neutral	0.4547160565853119	0.004913336131721735	0.027294615283608437	0.011510626412928104	0.4547160565853119	0.004806093871593475	0.26912376284599304	0.00413063308224082	0.013866620138287544	0.19810841977596283	0.004200747702270746	0.004491855390369892	0.002837223932147026
1118	joy	../final/models/models_2nd_run/model1_0	../final/models/models_2nd_run/model1_0	joy	0.9697526097297668	0.0010096703190356493	0.0017780725611373782	0.0008866008138284087	0.0038991968613117933	0.0011523052817210555	0.001122397487051785	0.0033465789165347815	0.0015062298625707626	0.0014977920800447464	0.9697526097297668	0.0009827801259234548	0.01306586991995573
1119	sadness	../final/models/models_2nd_run/model1_0	../final/models/models_2nd_run/model1_0	sadness	0.650211751461029	0.005333419423550367	0.650211751461029	0.009802715852856636	0.03000146709382534	0.002524167764931917	0.0030517838895320892	0.012245619669556618	0.004046700894832611	0.003075628774240613	0.24898351728916168	0.006702879909425974	0.024020319804549217
1120	fear	../final/models/models_2nd_run/model1_0	../final/models/models_2nd_run/model1_0	fear	0.7668129801750183	0.017976436764001846	0.014741000719368458	0.006051820702850819	0.009031416848301888	0.7668129801750183	0.15304861962795258	0.0009134708670899272	0.007186518982052803	0.01356508955359459	0.0028380302246659994	0.005390884354710579	0.00244377413764596
1121	surprise	../final/models/models_2nd_run/model1_0	../final/models/models_2nd_run/model1_0	surprise	0.9492436647415161	0.0009484351612627506	0.0017301029292866588	0.0030484723392874002	0.007434306666254997	0.0022275836672633886	0.002825699280947447	0.0008188706706278026	0.005795077886432409	0.004567772150039673	0.0019066932145506144	0.9492436647415161	0.01945325918495655
1122	neutral	../final/models/models_2nd_run/model1_0	../final/models/models_2nd_run/model1_0	neutral	0.9373709559440613	0.0018813505303114653	0.0022997476626187563	0.0015123464399948716	0.9373709559440613	0.0028312411159276962	0.003537306794896722	0.0027804053388535976	0.020651191473007202	0.003608348546549678	0.00456088874489069	0.010445350781083107	0.008521008305251598
1123	excitement	../final/models/models_2nd_run/model1_0	../final/models/models_2nd_run/model1_0	anger	0.5635024309158325	0.003757309867069125	0.008377205580472946	0.004269666038453579	0.3712151348590851	0.004474059212952852	0.02526145987212658	0.005299906712025404	0.0034398005809634924	0.5635024309158325	0.004180635325610638	0.002176860813051462	0.004045521840453148
1124	joy	../final/models/models_2nd_run/model1_0	../final/models/models_2nd_run/model1_0	joy	0.9657886028289795	0.0009748833836056292	0.0024947114288806915	0.0008538163965567946	0.005255744792521	0.0011585442116484046	0.0012118639424443245	0.003139782464131713	0.0013170217862352729	0.0018024425953626633	0.9657886028289795	0.0009695040062069893	0.015033124014735222
1125	joy	../final/models/models_2nd_run/model1_0	../final/models/models_2nd_run/model1_0	joy	0.9656926989555359	0.0008712431881576777	0.0021447238977998495	0.0009412827785126865	0.005576411262154579	0.0010521769290789962	0.0009918928844854236	0.0028026108630001545	0.0017926361178979278	0.0010544309625402093	0.9656926989555359	0.001517665572464466	0.015562303364276886
1126	neutral	../final/models/models_2nd_run/model1_0	../final/models/models_2nd_run/model1_0	neutral	0.8974055051803589	0.002555586863309145	0.008345576003193855	0.002431020839139819	0.8974055051803589	0.003399498760700226	0.016381435096263885	0.0028408493380993605	0.007202684413641691	0.053040988743305206	0.001620930153876543	0.0028378639835864305	0.0019380245357751846
1127	surprise	../final/models/models_2nd_run/model1_0	../final/models/models_2nd_run/model1_0	surprise	0.952456533908844	0.0007106391713023186	0.0017447519348934293	0.0022243603598326445	0.006895085796713829	0.0013480739435181022	0.0016888089012354612	0.0009229803108610213	0.005518254358321428	0.0020983018912374973	0.0024415459483861923	0.952456533908844	0.021950529888272285
1128	neutral	../final/models/models_2nd_run/model1_0	../final/models/models_2nd_run/model1_0	neutral	0.9224288463592529	0.006587677635252476	0.015336907468736172	0.005864738952368498	0.9224288463592529	0.005642781499773264	0.009725349023938179	0.009089759550988674	0.0033472650684416294	0.013109992258250713	0.003880970412865281	0.002171858446672559	0.0028137729968875647
1129	surprise	../final/models/models_2nd_run/model1_0	../final/models/models_2nd_run/model1_0	surprise	0.6822243928909302	0.0011561530409380794	0.0022092992439866066	0.002337751677259803	0.02539629489183426	0.0026168259792029858	0.002801173133775592	0.0026398010086268187	0.005740728694945574	0.005264794919639826	0.0158544909209013	0.6822243928909302	0.2517582178115845
1130	surprise	../final/models/models_2nd_run/model1_0	../final/models/models_2nd_run/model1_0	surprise	0.9215609431266785	0.0008416355703957379	0.0025469386018812656	0.0022356254048645496	0.011202037334442139	0.0015194677980616689	0.001516438671387732	0.0012722093379125	0.0067132082767784595	0.0020338864997029305	0.004754622001200914	0.9215609431266785	0.043803032487630844
1131	neutral	../final/models/models_2nd_run/model1_0	../final/models/models_2nd_run/model1_0	neutral	0.9501562118530273	0.0024151052348315716	0.006327437236905098	0.0015312128234654665	0.9501562118530273	0.002114409115165472	0.0022843535989522934	0.004794571083039045	0.0157554280012846	0.005623618606477976	0.004266710951924324	0.0020069230813533068	0.0027240037452429533
1132	confusion	../final/models/models_2nd_run/model1_0	../final/models/models_2nd_run/model1_0	confusion	0.8066203594207764	0.014735174365341663	0.11485899239778519	0.00845488253980875	0.026508836075663567	0.007975713349878788	0.0037738776300102472	0.0012843768345192075	0.8066203594207764	0.00388901773840189	0.002403582213446498	0.007812891155481339	0.0016823940677568316
1133	surprise	../final/models/models_2nd_run/model1_0	../final/models/models_2nd_run/model1_0	surprise	0.9441335797309875	0.000698974821716547	0.001709740492515266	0.0020932352636009455	0.009001797996461391	0.0012968368828296661	0.0016946791438385844	0.0009148151730187237	0.010899200104176998	0.0025646656285971403	0.0027935393154621124	0.9441335797309875	0.022198989987373352
1134	excitement	../final/models/models_2nd_run/model1_0	../final/models/models_2nd_run/model1_0	excitement	0.778579592704773	0.0025884462520480156	0.0023393318988382816	0.0018207374960184097	0.15427233278751373	0.0033227545209228992	0.0038654564414173365	0.005829755682498217	0.005442170426249504	0.005016858223825693	0.02903244085609913	0.007890070788562298	0.778579592704773
1135	anger	../final/models/models_2nd_run/model1_0	../final/models/models_2nd_run/model1_0	anger	0.9195902347564697	0.0019590393640100956	0.006958820857107639	0.00329069746658206	0.01144146267324686	0.0018433016957715154	0.04442638158798218	0.0023627718910574913	0.002748135942965746	0.9195902347564697	0.0023601280990988016	0.001431501703336835	0.0015875757671892643
1136	neutral	../final/models/models_2nd_run/model1_0	../final/models/models_2nd_run/model1_0	confusion	0.8495565056800842	0.0010187554871663451	0.0015841699205338955	0.0013946519466117024	0.11128459870815277	0.001076836371794343	0.001853506313636899	0.0013440444599837065	0.8495565056800842	0.005070987157523632	0.002118006581440568	0.020665565505623817	0.00303247245028615
1137	joy	../final/models/models_2nd_run/model1_0	../final/models/models_2nd_run/model1_0	joy	0.9257977604866028	0.000772556581068784	0.0017541141714900732	0.0006729235756210983	0.006444172468036413	0.0010758653515949845	0.000925009255297482	0.0026805177330970764	0.0013630134053528309	0.0010877159656956792	0.9257977604866028	0.0014866110868752003	0.05593981593847275
1138	sadness	../final/models/models_2nd_run/model1_0	../final/models/models_2nd_run/model1_0	sadness	0.9789676666259766	0.0027420858386904	0.9789676666259766	0.0035480691585689783	0.0039364066906273365	0.001374937710352242	0.0014036453794687986	0.0007693857769481838	0.0015386497834697366	0.001467368914745748	0.0024073030799627304	0.0012100068852305412	0.0006345398724079132
1139	disgust	../final/models/models_2nd_run/model1_0	../final/models/models_2nd_run/model1_0	disgust	0.9396593570709229	0.0014174820389598608	0.0026595587842166424	0.01534349750727415	0.008564585819840431	0.00540684862062335	0.9396593570709229	0.0011641306336969137	0.004123175051063299	0.01297418400645256	0.0017672245157882571	0.004671743605285883	0.002248154254630208
1140	nervousness	../final/models/models_2nd_run/model1_0	../final/models/models_2nd_run/model1_0	nervousness	0.8404033780097961	0.8404033780097961	0.00880118366330862	0.010742449201643467	0.00521283270791173	0.07584322988986969	0.0033528530038893223	0.01529562845826149	0.005868303123861551	0.0035726402420550585	0.010749797336757183	0.0026413961313664913	0.017516300082206726
1141	embarrassment	../final/models/models_2nd_run/model1_0	../final/models/models_2nd_run/model1_0	embarrassment	0.9237841963768005	0.009295733645558357	0.008000937290489674	0.9237841963768005	0.0027459063567221165	0.003558669239282608	0.029399449005723	0.005700066685676575	0.004733708221465349	0.005441817920655012	0.001180026913061738	0.004245620220899582	0.0019139248179271817
1142	confusion	../final/models/models_2nd_run/model1_0	../final/models/models_2nd_run/model1_0	confusion	0.927280843257904	0.0010014543076977134	0.0013208102900534868	0.0009924614569172263	0.05200020223855972	0.001066348166204989	0.001093679340556264	0.0008964176522567868	0.927280843257904	0.0026445910334587097	0.0015405885642394423	0.008419478312134743	0.0017432209569960833
1143	disgust	../final/models/models_2nd_run/model1_0	../final/models/models_2nd_run/model1_0	disgust	0.9153818488121033	0.003402211470529437	0.009952315129339695	0.00999083835631609	0.009623364545404911	0.015514705330133438	0.9153818488121033	0.0007992475875653327	0.007812786847352982	0.023638391867280006	0.0008231978281401098	0.002225714037194848	0.0008352926233783364
1144	neutral	../final/models/models_2nd_run/model1_0	../final/models/models_2nd_run/model1_0	anger	0.6623233556747437	0.00999777764081955	0.09674329310655594	0.015445525757968426	0.0679309219121933	0.0054272073321044445	0.11021655052900314	0.006390509195625782	0.01064042653888464	0.6623233556747437	0.006918583996593952	0.00436217337846756	0.0036036819219589233
1145	joy	../final/models/models_2nd_run/model1_0	../final/models/models_2nd_run/model1_0	joy	0.783420741558075	0.0015849042683839798	0.00529663497582078	0.0013140816008672118	0.02298760414123535	0.0017935287905856967	0.0011976801324635744	0.006421673111617565	0.0019096602918580174	0.0010273015359416604	0.783420741558075	0.005302346311509609	0.1677437722682953
1146	neutral	../final/models/models_2nd_run/model1_0	../final/models/models_2nd_run/model1_0	neutral	0.7600101232528687	0.003298708237707615	0.029990265145897865	0.0025275051593780518	0.7600101232528687	0.005423528607934713	0.0103464275598526	0.006105646025389433	0.003755156649276614	0.037778086960315704	0.07092806696891785	0.008888701908290386	0.06094776466488838
1147	anger	../final/models/models_2nd_run/model1_0	../final/models/models_2nd_run/model1_0	anger	0.9235001802444458	0.0019003384513780475	0.0051213763654232025	0.003049206454306841	0.013379334472119808	0.0016195480711758137	0.03917115181684494	0.0026619769632816315	0.0037668212316930294	0.9235001802444458	0.0027643670327961445	0.0013739047572016716	0.001691778190433979
1148	surprise	../final/models/models_2nd_run/model1_0	../final/models/models_2nd_run/model1_0	surprise	0.5626894235610962	0.0011905858991667628	0.0021065513137727976	0.0024425021838396788	0.026147903874516487	0.0027007220778614283	0.0030917413532733917	0.0030052829533815384	0.005404682829976082	0.004776917397975922	0.02380611188709736	0.5626894235610962	0.36263763904571533
1149	neutral	../final/models/models_2nd_run/model1_0	../final/models/models_2nd_run/model1_0	disgust	0.3613058924674988	0.0184766948223114	0.10329058021306992	0.07008464634418488	0.10741506516933441	0.018809527158737183	0.3613058924674988	0.002979999640956521	0.26692822575569153	0.03803356736898422	0.0029841146897524595	0.008266771212220192	0.0014248061925172806
1150	surprise	../final/models/models_2nd_run/model1_0	../final/models/models_2nd_run/model1_0	surprise	0.884728193283081	0.0009717139764688909	0.002026726957410574	0.003456251695752144	0.017980320379137993	0.003251834074035287	0.0052762748673558235	0.0011218548752367496	0.007036297582089901	0.004820702597498894	0.004630837123841047	0.884728193283081	0.06469894200563431
1151	anger	../final/models/models_2nd_run/model1_0	../final/models/models_2nd_run/model1_0	disgust	0.859062135219574	0.002195240231230855	0.004184765741229057	0.0072702160105109215	0.006873881909996271	0.005700662266463041	0.859062135219574	0.000892537587787956	0.0031344182789325714	0.1046106219291687	0.000954223854932934	0.0035178284160792828	0.0016034765867516398
1152	surprise	../final/models/models_2nd_run/model1_0	../final/models/models_2nd_run/model1_0	joy	0.9217075705528259	0.0013620622921735048	0.0028499518521130085	0.001622733660042286	0.025117097422480583	0.0017053615301847458	0.0027545643970370293	0.0035479457583278418	0.0028653580229729414	0.0027474965900182724	0.9217075705528259	0.0026832991279661655	0.031036438420414925
1153	anger	../final/models/models_2nd_run/model1_0	../final/models/models_2nd_run/model1_0	confusion	0.7456073760986328	0.003810201771557331	0.009498901665210724	0.016126733273267746	0.02174651063978672	0.010050442069768906	0.11814767867326736	0.0009238248458132148	0.7456073760986328	0.02856384590268135	0.001497003249824047	0.04150592163205147	0.002521539106965065
1154	neutral	../final/models/models_2nd_run/model1_0	../final/models/models_2nd_run/model1_0	surprise	0.596943199634552	0.0018136831931769848	0.004615447483956814	0.0056336731649935246	0.0986565500497818	0.0040045795030891895	0.013044840656220913	0.00235119485296309	0.16890478134155273	0.07492171972990036	0.004536615218967199	0.596943199634552	0.024573758244514465
1155	neutral	../final/models/models_2nd_run/model1_0	../final/models/models_2nd_run/model1_0	neutral	0.9434354305267334	0.0013885735534131527	0.0026083907578140497	0.0016074497252702713	0.9434354305267334	0.0018329197773709893	0.007804539054632187	0.003040357492864132	0.009429031051695347	0.019428614526987076	0.0027367183938622475	0.0033381956163793802	0.003349688835442066
1156	surprise	../final/models/models_2nd_run/model1_0	../final/models/models_2nd_run/model1_0	anger	0.8325798511505127	0.0017614851240068674	0.004947406705468893	0.003798053599894047	0.04485616087913513	0.004058217629790306	0.04275734722614288	0.0033421788830310106	0.0025807670317590237	0.8325798511505127	0.01084875874221325	0.02088586427271366	0.027583789080381393
1157	sadness	../final/models/models_2nd_run/model1_0	../final/models/models_2nd_run/model1_0	sadness	0.9770033955574036	0.0040115732699632645	0.9770033955574036	0.0034076005686074495	0.004104024730622768	0.0019157500937581062	0.0013923634542152286	0.0006893912213854492	0.0016351451631635427	0.0015018628910183907	0.0020716350991278887	0.001664091250859201	0.0006031322991475463
1158	anger	../final/models/models_2nd_run/model1_0	../final/models/models_2nd_run/model1_0	anger	0.9050259590148926	0.0020939100068062544	0.007446582429111004	0.0031374222598969936	0.01678433269262314	0.002029102062806487	0.052775923162698746	0.0022844341583549976	0.0030586079228669405	0.9050259590148926	0.002300197258591652	0.0015134240966290236	0.0015500839799642563
1159	neutral	../final/models/models_2nd_run/model1_0	../final/models/models_2nd_run/model1_0	confusion	0.819503664970398	0.0026676736306399107	0.005104181356728077	0.006003579590469599	0.024897238239645958	0.00241681607440114	0.002744782017543912	0.0011984033044427633	0.819503664970398	0.005332193337380886	0.0019779312424361706	0.12288402765989304	0.005269499029964209
1160	sadness	../final/models/models_2nd_run/model1_0	../final/models/models_2nd_run/model1_0	nervousness	0.6927302479743958	0.6927302479743958	0.01648479700088501	0.005618898663669825	0.006450312212109566	0.24142701923847198	0.0035263129975646734	0.0070768436416983604	0.006057517137378454	0.0036022644490003586	0.007967677898705006	0.0022581545636057854	0.006800021510571241
1161	sadness	../final/models/models_2nd_run/model1_0	../final/models/models_2nd_run/model1_0	sadness	0.9071148633956909	0.01503682415932417	0.9071148633956909	0.011712046340107918	0.03672641143202782	0.004417370073497295	0.004059152211993933	0.004174943547695875	0.0018977830186486244	0.0056904456578195095	0.005665760487318039	0.0018856965471059084	0.0016187189612537622
1162	anger	../final/models/models_2nd_run/model1_0	../final/models/models_2nd_run/model1_0	anger	0.9447352290153503	0.0017903799889609218	0.005858941935002804	0.0024335526395589113	0.010661504231393337	0.0017690194072201848	0.01842101477086544	0.0029170275665819645	0.0027215094305574894	0.9447352290153503	0.003935941029340029	0.001816367032006383	0.00293949106708169
1163	neutral	../final/models/models_2nd_run/model1_0	../final/models/models_2nd_run/model1_0	neutral	0.7096493244171143	0.0026400818023830652	0.0037033078260719776	0.0017444384284317493	0.7096493244171143	0.003923139534890652	0.003923693206161261	0.007898354902863503	0.01047447882592678	0.005871992092579603	0.04464280232787132	0.008479098789393902	0.19704920053482056
1164	joy	../final/models/models_2nd_run/model1_0	../final/models/models_2nd_run/model1_0	joy	0.9700018167495728	0.0009413452353328466	0.0018815380753949285	0.0007365482742898166	0.00445548864081502	0.0012943996116518974	0.001197970355860889	0.0021816554944962263	0.001618950511328876	0.0014817857882007957	0.9700018167495728	0.0011498627718538046	0.013058594428002834
1165	confusion	../final/models/models_2nd_run/model1_0	../final/models/models_2nd_run/model1_0	confusion	0.9698922038078308	0.0009971011895686388	0.0022807184141129255	0.00165531225502491	0.012368293479084969	0.0010289521887898445	0.0014745183289051056	0.0004701185680460185	0.9698922038078308	0.0018227536929771304	0.0007825056673027575	0.006429728120565414	0.0007978520588949323
1166	disgust	../final/models/models_2nd_run/model1_0	../final/models/models_2nd_run/model1_0	disgust	0.954018235206604	0.0015883799642324448	0.0030421745032072067	0.006672899704426527	0.005996775813400745	0.007913034409284592	0.954018235206604	0.0006352455820888281	0.003077753121033311	0.01128131803125143	0.0011773380683735013	0.0032169281039386988	0.0013798525324091315
1167	neutral	../final/models/models_2nd_run/model1_0	../final/models/models_2nd_run/model1_0	joy	0.8211462497711182	0.0011210672091692686	0.0026794441509991884	0.0011532293865457177	0.02836938574910164	0.0014428873546421528	0.0013035973533988	0.003838487435132265	0.0033469698391854763	0.002002887660637498	0.8211462497711182	0.0065860566683113575	0.12700974941253662
1168	anger	../final/models/models_2nd_run/model1_0	../final/models/models_2nd_run/model1_0	anger	0.9306967258453369	0.0016952181467786431	0.0028698525857180357	0.0025546401739120483	0.009239728562533855	0.0044433907605707645	0.027075951918959618	0.0015639654593542218	0.0038621362764388323	0.9306967258453369	0.0020946210715919733	0.008213934488594532	0.005689680110663176
1169	fear	../final/models/models_2nd_run/model1_0	../final/models/models_2nd_run/model1_0	fear	0.9105943441390991	0.04660210385918617	0.006188110448420048	0.0017765158554539084	0.006766015198081732	0.9105943441390991	0.0058738491497933865	0.001143347704783082	0.005877586547285318	0.0046533443965017796	0.00471722986549139	0.0026125882286578417	0.0031950732227414846
1170	fear	../final/models/models_2nd_run/model1_0	../final/models/models_2nd_run/model1_0	fear	0.6444022059440613	0.027326520532369614	0.05183218792080879	0.005306235980242491	0.0702367052435875	0.6444022059440613	0.10997416824102402	0.001734727411530912	0.006909912917762995	0.015409810468554497	0.047425512224435806	0.006317931227385998	0.01312409620732069
1171	sadness	../final/models/models_2nd_run/model1_0	../final/models/models_2nd_run/model1_0	sadness	0.4303502142429352	0.12802349030971527	0.4303502142429352	0.019059624522924423	0.010124140419065952	0.26264214515686035	0.012423286214470863	0.0022576453629881144	0.11251628398895264	0.007991958409547806	0.004843372851610184	0.006867107003927231	0.0029007212724536657
1172	confusion	../final/models/models_2nd_run/model1_0	../final/models/models_2nd_run/model1_0	confusion	0.9015257954597473	0.0016292689833790064	0.00320057338103652	0.0024860284756869078	0.051988910883665085	0.0026849822606891394	0.015420535579323769	0.0007352710235863924	0.9015257954597473	0.013634048402309418	0.0009210902499035001	0.004938219208270311	0.0008353407611139119
1173	embarrassment	../final/models/models_2nd_run/model1_0	../final/models/models_2nd_run/model1_0	embarrassment	0.6221267580986023	0.005785626359283924	0.00789685733616352	0.6221267580986023	0.0044461823999881744	0.0077295745722949505	0.30631768703460693	0.00771653838455677	0.006402462720870972	0.021746469661593437	0.0017021005041897297	0.005220887716859579	0.002908911556005478
1174	sadness	../final/models/models_2nd_run/model1_0	../final/models/models_2nd_run/model1_0	sadness	0.912946343421936	0.024445906281471252	0.912946343421936	0.011126094497740269	0.0215182825922966	0.004615656565874815	0.00185921392403543	0.005080590955913067	0.003221232211217284	0.0022536355536431074	0.008021887391805649	0.00202013342641294	0.002891075797379017
1175	joy	../final/models/models_2nd_run/model1_0	../final/models/models_2nd_run/model1_0	excitement	0.5529904961585999	0.001909900805912912	0.0025996158365160227	0.0016516696196049452	0.015078064985573292	0.0014594028471037745	0.001020794385112822	0.023753616958856583	0.002148992847651243	0.0015396405942738056	0.39073967933654785	0.005107952747493982	0.5529904961585999
1176	neutral	../final/models/models_2nd_run/model1_0	../final/models/models_2nd_run/model1_0	neutral	0.4139009118080139	0.0025880204048007727	0.012772167101502419	0.004492947831749916	0.4139009118080139	0.00530029833316803	0.022116636857390404	0.007496856618672609	0.012570507824420929	0.1385785937309265	0.025103101506829262	0.25295358896255493	0.1021263524889946
1177	surprise	../final/models/models_2nd_run/model1_0	../final/models/models_2nd_run/model1_0	surprise	0.5287373065948486	0.0021194370929151773	0.0062078614719212055	0.0037995807360857725	0.12867455184459686	0.004023853223770857	0.0037185964174568653	0.006476206239312887	0.010248800739645958	0.008440888486802578	0.028188183903694153	0.5287373065948486	0.26936468482017517
1178	disgust	../final/models/models_2nd_run/model1_0	../final/models/models_2nd_run/model1_0	anger	0.7190651893615723	0.002621454419568181	0.009937320835888386	0.003779134014621377	0.21228119730949402	0.0020529793109744787	0.024797797203063965	0.005230578128248453	0.0037130541168153286	0.7190651893615723	0.008440944366157055	0.0025955121964216232	0.005484864581376314
1179	anger	../final/models/models_2nd_run/model1_0	../final/models/models_2nd_run/model1_0	anger	0.6392537951469421	0.00215135607868433	0.006304196547716856	0.00387465744279325	0.23889608681201935	0.005422530695796013	0.04019792377948761	0.004535957705229521	0.0028693669009953737	0.6392537951469421	0.013404603116214275	0.013302265666425228	0.029787324368953705
1180	sadness	../final/models/models_2nd_run/model1_0	../final/models/models_2nd_run/model1_0	sadness	0.9548068046569824	0.00335462624207139	0.9548068046569824	0.002122575417160988	0.01689794845879078	0.002923339605331421	0.0032025824766606092	0.0012560643954202533	0.0009643593803048134	0.00488841999322176	0.0062642404809594154	0.001610426465049386	0.001708676922135055
1181	excitement	../final/models/models_2nd_run/model1_0	../final/models/models_2nd_run/model1_0	surprise	0.7625304460525513	0.00109112320933491	0.0029549922328442335	0.0023837925400584936	0.0359966866672039	0.003316734451800585	0.004399621859192848	0.0017243517795577645	0.006802531890571117	0.0072657205164432526	0.012053515762090683	0.7625304460525513	0.15948055684566498
1182	neutral	../final/models/models_2nd_run/model1_0	../final/models/models_2nd_run/model1_0	neutral	0.9445333480834961	0.001447319402359426	0.003761680331081152	0.0012211252469569445	0.9445333480834961	0.0015506953932344913	0.00232002604752779	0.0026843100786209106	0.023022541776299477	0.0033050738275051117	0.007097847294062376	0.003408771939575672	0.005647322162985802
1183	neutral	../final/models/models_2nd_run/model1_0	../final/models/models_2nd_run/model1_0	sadness	0.3721903860569	0.10026078671216965	0.3721903860569	0.023416075855493546	0.2758539617061615	0.11614081263542175	0.049954887479543686	0.0037921848706901073	0.006378237158060074	0.039232779294252396	0.003439114661887288	0.005982253234833479	0.003358653513714671
1184	neutral	../final/models/models_2nd_run/model1_0	../final/models/models_2nd_run/model1_0	neutral	0.8899011015892029	0.0055942656472325325	0.04623531550168991	0.005947105120867491	0.8899011015892029	0.002589993178844452	0.004410597495734692	0.014620308764278889	0.006221905816346407	0.0084178252145648	0.007482756394892931	0.0033833933994174004	0.005195452366024256
1185	disgust	../final/models/models_2nd_run/model1_0	../final/models/models_2nd_run/model1_0	fear	0.5907765030860901	0.017210299149155617	0.01580696552991867	0.00925940927118063	0.008982263505458832	0.5907765030860901	0.3201567828655243	0.0009805131703615189	0.00922576803714037	0.01778714545071125	0.0025537353940308094	0.004966810345649719	0.0022938475012779236
1186	excitement	../final/models/models_2nd_run/model1_0	../final/models/models_2nd_run/model1_0	surprise	0.5390487313270569	0.0013362151803448796	0.002191163832321763	0.0025422184262424707	0.02579638734459877	0.0032181493006646633	0.0033677753526717424	0.002759037772193551	0.0049118720926344395	0.0043248264119029045	0.022457735612988472	0.5390487313270569	0.38804587721824646
1187	anger	../final/models/models_2nd_run/model1_0	../final/models/models_2nd_run/model1_0	confusion	0.4551006853580475	0.002656015334650874	0.004983860999345779	0.008760134689509869	0.07852856069803238	0.0032491155434399843	0.016381623223423958	0.002590849297121167	0.4551006853580475	0.3576127588748932	0.0019194313790649176	0.06395147740840912	0.004265624564141035
1188	anger	../final/models/models_2nd_run/model1_0	../final/models/models_2nd_run/model1_0	anger	0.9413808584213257	0.0016088223783299327	0.0037314794026315212	0.0032389184925705194	0.01941313035786152	0.0014754867879673839	0.01932409405708313	0.00292034400627017	0.0027245129458606243	0.9413808584213257	0.0018002589931711555	0.0008942509884946048	0.0014877988724038005
1189	excitement	../final/models/models_2nd_run/model1_0	../final/models/models_2nd_run/model1_0	excitement	0.9403737187385559	0.0010926674585789442	0.0007996032363735139	0.0008525588200427592	0.01069557387381792	0.0015042372979223728	0.0012318568769842386	0.0018527331994846463	0.002078420715406537	0.0015050099464133382	0.032170187681913376	0.0058435434475541115	0.9403737187385559
1190	confusion	../final/models/models_2nd_run/model1_0	../final/models/models_2nd_run/model1_0	confusion	0.3186883330345154	0.0028295526280999184	0.0045412578620016575	0.0022310386411845684	0.293410986661911	0.0030271457508206367	0.002400596160441637	0.010669824667274952	0.3186883330345154	0.008628204464912415	0.1459619700908661	0.03152871131896973	0.1760823279619217
1191	anger	../final/models/models_2nd_run/model1_0	../final/models/models_2nd_run/model1_0	anger	0.9524515271186829	0.0011770304990932345	0.0024294389877468348	0.0021183216013014317	0.009470171295106411	0.0014790045097470284	0.022966677322983742	0.0016613820334896445	0.0016826034989207983	0.9524515271186829	0.0014952238416299224	0.0015020949067547917	0.0015666927210986614
1192	neutral	../final/models/models_2nd_run/model1_0	../final/models/models_2nd_run/model1_0	neutral	0.8933032155036926	0.007131250109523535	0.020328180864453316	0.006039314903318882	0.8933032155036926	0.003989522811025381	0.003324922639876604	0.00717051001265645	0.03239181265234947	0.0035229064524173737	0.005993986036628485	0.011034703813493252	0.005769812967628241
1193	anger	../final/models/models_2nd_run/model1_0	../final/models/models_2nd_run/model1_0	anger	0.5140351057052612	0.00881032831966877	0.020473230630159378	0.004389193374663591	0.33097216486930847	0.048839036375284195	0.03443875536322594	0.003722101915627718	0.012416002340614796	0.5140351057052612	0.0037678878288716078	0.011237937025725842	0.006898308172821999
1194	neutral	../final/models/models_2nd_run/model1_0	../final/models/models_2nd_run/model1_0	anger	0.625180184841156	0.0030979143921285868	0.010873193852603436	0.0057894159108400345	0.2905604839324951	0.0036475765518844128	0.04322795942425728	0.004804054740816355	0.004295465536415577	0.625180184841156	0.00312557234428823	0.002728109946474433	0.0026700138114392757
1195	neutral	../final/models/models_2nd_run/model1_0	../final/models/models_2nd_run/model1_0	sadness	0.7033272385597229	0.025335650891065598	0.7033272385597229	0.004689299501478672	0.12567581236362457	0.06168725714087486	0.008676893077790737	0.002957666292786598	0.011690570041537285	0.02651970274746418	0.01295320875942707	0.00993259809911251	0.006554136518388987
1196	embarrassment	../final/models/models_2nd_run/model1_0	../final/models/models_2nd_run/model1_0	excitement	0.7374579906463623	0.0042045037262141705	0.0020263423211872578	0.003777184756472707	0.12280116975307465	0.005391450133174658	0.003881273791193962	0.008965090848505497	0.0034552828874439	0.005029682070016861	0.07695390284061432	0.02605622448027134	0.7374579906463623
1197	neutral	../final/models/models_2nd_run/model1_0	../final/models/models_2nd_run/model1_0	excitement	0.4288388192653656	0.0040604183450341225	0.00899470504373312	0.005638806149363518	0.27106326818466187	0.005227047950029373	0.004950507543981075	0.020007316023111343	0.005078648682683706	0.004005093593150377	0.18689867854118347	0.055236607789993286	0.4288388192653656
1198	joy	../final/models/models_2nd_run/model1_0	../final/models/models_2nd_run/model1_0	joy	0.7083940505981445	0.0017831771401688457	0.0053194728679955006	0.003030503634363413	0.0502958744764328	0.0015357353258877993	0.002671510446816683	0.020763058215379715	0.004211976192891598	0.0035342518240213394	0.7083940505981445	0.005183235742151737	0.19327712059020996
1199	neutral	../final/models/models_2nd_run/model1_0	../final/models/models_2nd_run/model1_0	excitement	0.5031197667121887	0.005149112548679113	0.006636613979935646	0.01208510622382164	0.24801947176456451	0.005141707602888346	0.008592471480369568	0.03950752690434456	0.005089570302516222	0.008240611292421818	0.08344052731990814	0.07497752457857132	0.5031197667121887
1200	fear	../final/models/models_2nd_run/model1_0	../final/models/models_2nd_run/model1_0	fear	0.9299614429473877	0.03150288388133049	0.005411413498222828	0.0016265265876427293	0.004818044137209654	0.9299614429473877	0.008401719853281975	0.0009073334513232112	0.004641614388674498	0.004148954059928656	0.0036791362799704075	0.0023609453346580267	0.0025398305151611567
1201	anger	../final/models/models_2nd_run/model1_0	../final/models/models_2nd_run/model1_0	anger	0.923124372959137	0.0014352751895785332	0.0032764181960374117	0.002840795088559389	0.008384055458009243	0.0021712121088057756	0.04713562875986099	0.001672403304837644	0.0017258398002013564	0.923124372959137	0.002098918193951249	0.0037024603225290775	0.002432560781016946
1202	confusion	../final/models/models_2nd_run/model1_0	../final/models/models_2nd_run/model1_0	confusion	0.969124972820282	0.0017523191636428237	0.0032577766105532646	0.003608801169320941	0.009148435667157173	0.0011737198801711202	0.0019636305514723063	0.000947414489928633	0.969124972820282	0.0018421022687107325	0.0009000467252917588	0.005255496595054865	0.0010251787025481462
1203	excitement	../final/models/models_2nd_run/model1_0	../final/models/models_2nd_run/model1_0	excitement	0.9475341439247131	0.00223604217171669	0.0017102117417380214	0.00263800285756588	0.010171527042984962	0.002430073916912079	0.004699959885329008	0.0031121072825044394	0.0016054395819082856	0.0036233733408153057	0.013032808899879456	0.007206329610198736	0.9475341439247131
1204	disgust	../final/models/models_2nd_run/model1_0	../final/models/models_2nd_run/model1_0	disgust	0.46753644943237305	0.008907539770007133	0.06266079843044281	0.01930879056453705	0.328828364610672	0.010984411463141441	0.46753644943237305	0.002994383219629526	0.036729585379362106	0.05370621755719185	0.0028065720107406378	0.004136834293603897	0.001400039647705853
1205	joy	../final/models/models_2nd_run/model1_0	../final/models/models_2nd_run/model1_0	joy	0.6784318089485168	0.0010900935158133507	0.001911725616082549	0.0009513217373751104	0.01396158430725336	0.0016041150083765388	0.0015840617706999183	0.00336475926451385	0.0023158492986112833	0.0020803005900233984	0.6784318089485168	0.004187136888504028	0.2885172367095947
1206	neutral	../final/models/models_2nd_run/model1_0	../final/models/models_2nd_run/model1_0	neutral	0.8924117684364319	0.0016130955191329122	0.0016128295101225376	0.001056796289049089	0.8924117684364319	0.0021299240179359913	0.002786271506920457	0.006349993869662285	0.016499638557434082	0.004261233378201723	0.02849157340824604	0.004865163471549749	0.03792176395654678
1207	neutral	../final/models/models_2nd_run/model1_0	../final/models/models_2nd_run/model1_0	anger	0.6159812808036804	0.002911138581112027	0.009638712741434574	0.013194430619478226	0.08523192256689072	0.0027488842606544495	0.12225706875324249	0.002877107821404934	0.12811830639839172	0.6159812808036804	0.003980924375355244	0.010108636692166328	0.00295148859731853
1208	confusion	../final/models/models_2nd_run/model1_0	../final/models/models_2nd_run/model1_0	confusion	0.95637446641922	0.0009255758486688137	0.0010513414163142443	0.0010049616685137153	0.02743653394281864	0.0008968657348304987	0.0010235121008008718	0.0008185009355656803	0.95637446641922	0.0016637230291962624	0.0017428711289539933	0.005570078268647194	0.0014915530337020755
1209	surprise	../final/models/models_2nd_run/model1_0	../final/models/models_2nd_run/model1_0	surprise	0.9428532123565674	0.0007702021393924952	0.0022777318954467773	0.0020075698848813772	0.008747139945626259	0.0014620140427723527	0.0016922412905842066	0.0009238676284439862	0.005297842435538769	0.0019832379184663296	0.004053883254528046	0.9428532123565674	0.02793113701045513
1210	confusion	../final/models/models_2nd_run/model1_0	../final/models/models_2nd_run/model1_0	confusion	0.7592251896858215	0.0021281898953020573	0.003781313309445977	0.00704149017110467	0.02048950083553791	0.0021840629633516073	0.0034760523121804	0.0013704284792765975	0.7592251896858215	0.005644164513796568	0.001760715851560235	0.18826435506343842	0.004634433425962925
1211	confusion	../final/models/models_2nd_run/model1_0	../final/models/models_2nd_run/model1_0	neutral	0.5159500241279602	0.0172412171959877	0.1365429013967514	0.011389153078198433	0.5159500241279602	0.00809770543128252	0.029909798875451088	0.0073166717775166035	0.007844924926757812	0.2548429071903229	0.005356568843126297	0.002262973925098777	0.003245146945118904
1212	sadness	../final/models/models_2nd_run/model1_0	../final/models/models_2nd_run/model1_0	sadness	0.9761797189712524	0.0030475438106805086	0.9761797189712524	0.0027340289670974016	0.004791588522493839	0.0023594708181917667	0.0026833927258849144	0.0006659653736278415	0.0012515959097072482	0.0024488039780408144	0.0020574568770825863	0.0011784406378865242	0.0006021662265993655
1213	excitement	../final/models/models_2nd_run/model1_0	../final/models/models_2nd_run/model1_0	excitement	0.959208607673645	0.0014727700036019087	0.0008863429538905621	0.0009765094146132469	0.008390789851546288	0.0018611698178574443	0.0013610980240628123	0.002000757260248065	0.0016600231174379587	0.0017247243085876107	0.0119685810059309	0.008488581515848637	0.959208607673645
1214	joy	../final/models/models_2nd_run/model1_0	../final/models/models_2nd_run/model1_0	joy	0.9702212810516357	0.0011196061968803406	0.002481280593201518	0.0009902642341330647	0.0039892056956887245	0.001398106338456273	0.001335212029516697	0.003071519313380122	0.0016678519314154983	0.0012607484823092818	0.9702212810516357	0.0011976545210927725	0.011267287656664848
1215	neutral	../final/models/models_2nd_run/model1_0	../final/models/models_2nd_run/model1_0	neutral	0.8742249011993408	0.0035877861082553864	0.005125106777995825	0.003486062865704298	0.8742249011993408	0.0030288826674222946	0.004111440386623144	0.0067386026494205	0.06944287568330765	0.0038261234294623137	0.004506039898842573	0.015168718062341213	0.006753518711775541
1216	joy	../final/models/models_2nd_run/model1_0	../final/models/models_2nd_run/model1_0	joy	0.9654316306114197	0.0008559381240047514	0.0018979369197040796	0.000692447239998728	0.0038155377842485905	0.001166315982118249	0.000989568536169827	0.0019479081965982914	0.001446323236450553	0.0010308901546522975	0.9654316306114197	0.0013405950739979744	0.01938493177294731
1217	fear	../final/models/models_2nd_run/model1_0	../final/models/models_2nd_run/model1_0	fear	0.9257882833480835	0.03551434352993965	0.005535427015274763	0.0018000178970396519	0.005246792919933796	0.9257882833480835	0.007257736288011074	0.0009450713405385613	0.004616992548108101	0.0030336047057062387	0.004447577521204948	0.002839050954207778	0.002975181909278035
1218	surprise	../final/models/models_2nd_run/model1_0	../final/models/models_2nd_run/model1_0	surprise	0.7164630889892578	0.0011447699507698417	0.002617829479277134	0.00244168471544981	0.028763730078935623	0.0029888739809393883	0.0037405097391456366	0.001964910887181759	0.006933505646884441	0.005570361856371164	0.01382730808109045	0.7164630889892578	0.21354347467422485
1219	neutral	../final/models/models_2nd_run/model1_0	../final/models/models_2nd_run/model1_0	nervousness	0.5586989521980286	0.5586989521980286	0.041482891887426376	0.029104754328727722	0.03078809194266796	0.16860495507717133	0.006131332367658615	0.009302082471549511	0.12981711328029633	0.008753461763262749	0.006259869318455458	0.006231974344700575	0.004824476316571236
1220	sadness	../final/models/models_2nd_run/model1_0	../final/models/models_2nd_run/model1_0	sadness	0.9752755761146545	0.003955672029405832	0.9752755761146545	0.002612000098451972	0.00613938644528389	0.001588221755810082	0.0010250657796859741	0.0009549676324240863	0.0011435130145400763	0.001524093677289784	0.0034322505816817284	0.0013725310564041138	0.000976645853370428
1221	neutral	../final/models/models_2nd_run/model1_0	../final/models/models_2nd_run/model1_0	confusion	0.9631519317626953	0.0011631884844973683	0.0010752375237643719	0.0010181765537708998	0.02176731824874878	0.0010678797261789441	0.0009920843876898289	0.0008753736619837582	0.9631519317626953	0.0011555831879377365	0.0018241752404719591	0.004503599833697081	0.0014054133789613843
1222	anger	../final/models/models_2nd_run/model1_0	../final/models/models_2nd_run/model1_0	excitement	0.623507022857666	0.0019899155013263226	0.00401546573266387	0.004552329890429974	0.09740176051855087	0.00555295730009675	0.012604671530425549	0.008583049289882183	0.006409607362002134	0.04806273803114891	0.06213638186454773	0.12518413364887238	0.623507022857666
1223	joy	../final/models/models_2nd_run/model1_0	../final/models/models_2nd_run/model1_0	neutral	0.6897473931312561	0.021760862320661545	0.20473863184452057	0.008305132389068604	0.6897473931312561	0.008515779860317707	0.00432215491309762	0.017357030883431435	0.013528353534638882	0.007342924363911152	0.011893467046320438	0.004815134219825268	0.0076729850843548775
1224	confusion	../final/models/models_2nd_run/model1_0	../final/models/models_2nd_run/model1_0	confusion	0.7385345697402954	0.0020381591748446226	0.0019390006782487035	0.0038372280541807413	0.03407096862792969	0.0026579536497592926	0.002552261110395193	0.002563746180385351	0.7385345697402954	0.003433984238654375	0.008374273777008057	0.14968740940093994	0.05031052231788635
1225	anger	../final/models/models_2nd_run/model1_0	../final/models/models_2nd_run/model1_0	anger	0.6033997535705566	0.002120941411703825	0.0077605159021914005	0.006877914536744356	0.036679692566394806	0.006367525551468134	0.04158998653292656	0.0028836852870881557	0.007958861067891121	0.6033997535705566	0.00801226869225502	0.2390894740819931	0.03725942224264145
1226	surprise	../final/models/models_2nd_run/model1_0	../final/models/models_2nd_run/model1_0	surprise	0.951583743095398	0.001050458988174796	0.0029817891772836447	0.0021076989360153675	0.00940282829105854	0.002638439415022731	0.002406550105661154	0.0006999787874519825	0.006429280154407024	0.0041162543930113316	0.0020283416379243135	0.951583743095398	0.014554728753864765
1227	fear	../final/models/models_2nd_run/model1_0	../final/models/models_2nd_run/model1_0	fear	0.9206192493438721	0.04075309634208679	0.006394691299647093	0.002020740183070302	0.004028170835226774	0.9206192493438721	0.008376490324735641	0.0010006686206907034	0.00454317219555378	0.0037444517947733402	0.0037310633342713118	0.0022297475952655077	0.0025584655813872814
1228	nervousness	../final/models/models_2nd_run/model1_0	../final/models/models_2nd_run/model1_0	sadness	0.48234397172927856	0.13155680894851685	0.48234397172927856	0.015186319127678871	0.04412003979086876	0.2677457928657532	0.008944995701313019	0.002787498291581869	0.004780912306159735	0.014795399270951748	0.008813715539872646	0.00925727654248476	0.009667365811765194
1229	sadness	../final/models/models_2nd_run/model1_0	../final/models/models_2nd_run/model1_0	sadness	0.9677284955978394	0.0031524035148322582	0.9677284955978394	0.002787881065160036	0.006153739523142576	0.0013474113075062633	0.0011747608659788966	0.001654427614994347	0.0009969399543479085	0.0016302395379170775	0.010655832476913929	0.0013212197227403522	0.001396685722284019
1230	joy	../final/models/models_2nd_run/model1_0	../final/models/models_2nd_run/model1_0	joy	0.9634681940078735	0.0008174579706974328	0.0022897287271916866	0.0008386357803829014	0.004327974747866392	0.0009501946624368429	0.000856153666973114	0.0028428344521671534	0.0013618129305541515	0.0009900768054649234	0.9634681940078735	0.001328180660493672	0.019928814843297005
1231	joy	../final/models/models_2nd_run/model1_0	../final/models/models_2nd_run/model1_0	joy	0.9681617021560669	0.0009276873897761106	0.0018290659645572305	0.0008040863322094083	0.005216629710048437	0.0012619128683581948	0.0013353476533666253	0.0021945727057754993	0.0016311812214553356	0.001357999979518354	0.9681617021560669	0.001173642580397427	0.014106160029768944
1232	disgust	../final/models/models_2nd_run/model1_0	../final/models/models_2nd_run/model1_0	disgust	0.8170168995857239	0.006675646174699068	0.06391920894384384	0.018673116341233253	0.012709718197584152	0.049515701830387115	0.8170168995857239	0.0010382920736446977	0.005332941189408302	0.01752573251724243	0.0024160186294466257	0.004000680521130562	0.0011760531924664974
1233	sadness	../final/models/models_2nd_run/model1_0	../final/models/models_2nd_run/model1_0	sadness	0.9800480008125305	0.0032347587402909994	0.9800480008125305	0.0021903635933995247	0.0034511233679950237	0.0019920419435948133	0.001365019241347909	0.0005698911845684052	0.0013991320738568902	0.0013187472941353917	0.002511504804715514	0.0012625261442735791	0.0006569771794602275
1234	sadness	../final/models/models_2nd_run/model1_0	../final/models/models_2nd_run/model1_0	sadness	0.97800213098526	0.0030887324828654528	0.97800213098526	0.0027638874016702175	0.00458012567833066	0.0023784879595041275	0.0013973411405459046	0.0006247249548323452	0.001613941160030663	0.0011485629947856069	0.002187261823564768	0.0014602020382881165	0.0007545736152678728
1235	fear	../final/models/models_2nd_run/model1_0	../final/models/models_2nd_run/model1_0	fear	0.8444586396217346	0.016031546518206596	0.016637548804283142	0.003715152619406581	0.00865140650421381	0.8444586396217346	0.07797800749540329	0.0007491142605431378	0.009367993101477623	0.01258179359138012	0.002886304398998618	0.004801569972187281	0.002140968805179
1236	neutral	../final/models/models_2nd_run/model1_0	../final/models/models_2nd_run/model1_0	confusion	0.689418375492096	0.0015261867083609104	0.003260982921347022	0.0020048082806169987	0.2583480179309845	0.0017996402457356453	0.004111061803996563	0.0014089260948821902	0.689418375492096	0.02071087248623371	0.0015064439503476024	0.013858186081051826	0.0020464661065489054
1237	anger	../final/models/models_2nd_run/model1_0	../final/models/models_2nd_run/model1_0	anger	0.7616640329360962	0.006418182980269194	0.0873291864991188	0.005896416492760181	0.046538859605789185	0.012504315935075283	0.06605371087789536	0.002034848788753152	0.0031007828656584024	0.7616640329360962	0.0032049473375082016	0.0032907554414123297	0.0019640163518488407
1238	surprise	../final/models/models_2nd_run/model1_0	../final/models/models_2nd_run/model1_0	confusion	0.658277690410614	0.0017788036493584514	0.002640446648001671	0.0014754635049030185	0.2925628423690796	0.0017535638762637973	0.0019579636864364147	0.001987034920603037	0.658277690410614	0.003850487293675542	0.00484553724527359	0.02297242172062397	0.0058977664448320866
1239	sadness	../final/models/models_2nd_run/model1_0	../final/models/models_2nd_run/model1_0	sadness	0.9568297863006592	0.004279951564967632	0.9568297863006592	0.015654651448130608	0.005571453832089901	0.001793373841792345	0.0023565690498799086	0.0012934982078149915	0.004110534675419331	0.0017760024638846517	0.0022715816739946604	0.0031382767483592033	0.0009244183893315494
1240	excitement	../final/models/models_2nd_run/model1_0	../final/models/models_2nd_run/model1_0	surprise	0.8055580854415894	0.0014437799109146	0.002626667032018304	0.004955776501446962	0.028072498738765717	0.0037291226908564568	0.007653618231415749	0.001655370695516467	0.05186197906732559	0.0160945076495409	0.006769630126655102	0.8055580854415894	0.06957898288965225
1241	anger	../final/models/models_2nd_run/model1_0	../final/models/models_2nd_run/model1_0	anger	0.9358193874359131	0.001422583474777639	0.0035594599321484566	0.003076441353186965	0.009035082533955574	0.0016052277060225606	0.037301044911146164	0.0017034581396728754	0.00172004709020257	0.9358193874359131	0.00153996585868299	0.0017288147937506437	0.001488490030169487
1242	anger	../final/models/models_2nd_run/model1_0	../final/models/models_2nd_run/model1_0	anger	0.3390360474586487	0.009279250167310238	0.01783587969839573	0.10369695723056793	0.2640221416950226	0.004255588166415691	0.17895567417144775	0.04644519090652466	0.019335497170686722	0.3390360474586487	0.005408480763435364	0.006331113167107105	0.005398192442953587
1243	excitement	../final/models/models_2nd_run/model1_0	../final/models/models_2nd_run/model1_0	excitement	0.5119088292121887	0.0021610690746456385	0.004182673059403896	0.005617920774966478	0.24690495431423187	0.006006818264722824	0.0300974752753973	0.006267362739890814	0.014053786173462868	0.015795858576893806	0.06970848888158798	0.0872948169708252	0.5119088292121887
1244	anger	../final/models/models_2nd_run/model1_0	../final/models/models_2nd_run/model1_0	anger	0.893956184387207	0.0019941728096455336	0.005011781584471464	0.003584708087146282	0.012702793814241886	0.002560956869274378	0.07158026099205017	0.001758667640388012	0.00192844751290977	0.893956184387207	0.0015028658090159297	0.0018194782314822078	0.001599684008397162
1245	disgust	../final/models/models_2nd_run/model1_0	../final/models/models_2nd_run/model1_0	anger	0.6991373896598816	0.0026770064141601324	0.007704100571572781	0.023032814264297485	0.0409521721303463	0.004862637724727392	0.19677697122097015	0.004673860967159271	0.002607890870422125	0.6991373896598816	0.002708482090383768	0.008543482050299644	0.00632323557510972
1246	anger	../final/models/models_2nd_run/model1_0	../final/models/models_2nd_run/model1_0	joy	0.5405129790306091	0.0026849526911973953	0.0046635577455163	0.0038920079823583364	0.07618805021047592	0.001707219984382391	0.0028201963286846876	0.059954527765512466	0.002948606386780739	0.003384442301467061	0.5405129790306091	0.005124055780470371	0.2961193025112152
1247	excitement	../final/models/models_2nd_run/model1_0	../final/models/models_2nd_run/model1_0	excitement	0.9657748937606812	0.0024539073929190636	0.0009294789051637053	0.0012367743765935302	0.0064787548035383224	0.0018465998582541943	0.0012063991744071245	0.002998605603352189	0.001532076857984066	0.001608351245522499	0.009143559262156487	0.004790670238435268	0.9657748937606812
1248	sadness	../final/models/models_2nd_run/model1_0	../final/models/models_2nd_run/model1_0	sadness	0.9691519737243652	0.0053712911903858185	0.9691519737243652	0.004313264973461628	0.007320915348827839	0.002200526650995016	0.0022400750312954187	0.0011670029489323497	0.0016287717735394835	0.002955937758088112	0.0022279503755271435	0.000881121086422354	0.0005411547608673573
1249	confusion	../final/models/models_2nd_run/model1_0	../final/models/models_2nd_run/model1_0	confusion	0.9734839797019958	0.0013734574895352125	0.0015091248787939548	0.0013646046863868833	0.011917151510715485	0.0012286696583032608	0.00098895572591573	0.000763152667786926	0.9734839797019958	0.0013572975294664502	0.001168623915873468	0.003857055213302374	0.0009878322016447783
1250	confusion	../final/models/models_2nd_run/model1_0	../final/models/models_2nd_run/model1_0	confusion	0.8462314009666443	0.001343927113339305	0.003292288864031434	0.0016377889551222324	0.11931271851062775	0.0011191113153472543	0.002083602361381054	0.0011392472079023719	0.8462314009666443	0.008875618688762188	0.0016316246474161744	0.011708707548677921	0.0016239156248047948
1251	surprise	../final/models/models_2nd_run/model1_0	../final/models/models_2nd_run/model1_0	surprise	0.6262452006340027	0.0011842562817037106	0.0023462881799787283	0.002601947169750929	0.02814370207488537	0.002367307897657156	0.0029060998931527138	0.0034539897460490465	0.009033247828483582	0.004934283904731274	0.02535448968410492	0.6262452006340027	0.29142922163009644
1252	confusion	../final/models/models_2nd_run/model1_0	../final/models/models_2nd_run/model1_0	confusion	0.9414379000663757	0.00113975303247571	0.002439617644995451	0.0026409730780869722	0.03050553984940052	0.0016027464298531413	0.002433320740237832	0.0007837211596779525	0.9414379000663757	0.0061019062995910645	0.0005907814484089613	0.009439557790756226	0.0008842436363920569
1253	excitement	../final/models/models_2nd_run/model1_0	../final/models/models_2nd_run/model1_0	excitement	0.8767690062522888	0.0014472678303718567	0.002034323988482356	0.001683415612205863	0.052958324551582336	0.0023748590610921383	0.002696370240300894	0.0033327098935842514	0.0024451357312500477	0.004789027851074934	0.023339571431279182	0.026130031794309616	0.8767690062522888
1254	surprise	../final/models/models_2nd_run/model1_0	../final/models/models_2nd_run/model1_0	surprise	0.9430179595947266	0.00079841457773	0.0019943544175475836	0.002020453102886677	0.008836859837174416	0.0013479364570230246	0.0015404410660266876	0.0009828964248299599	0.007105239666998386	0.002078274032101035	0.0030110147781670094	0.9430179595947266	0.02726614661514759
1255	joy	../final/models/models_2nd_run/model1_0	../final/models/models_2nd_run/model1_0	joy	0.9687368273735046	0.0011776958126574755	0.002783454954624176	0.0011380212381482124	0.0038957567885518074	0.0010247022146359086	0.0010824818164110184	0.004514061845839024	0.0016089666169136763	0.001080232672393322	0.9687368273735046	0.0012720200465992093	0.011685766279697418
1256	joy	../final/models/models_2nd_run/model1_0	../final/models/models_2nd_run/model1_0	joy	0.9659188389778137	0.0008442510734312236	0.0018543557962402701	0.0007103817188180983	0.003740541869774461	0.0011497405357658863	0.0010108038550242782	0.0022556986659765244	0.0014835292240604758	0.0010655999649316072	0.9659188389778137	0.0012248633429408073	0.018741382285952568
1257	anger	../final/models/models_2nd_run/model1_0	../final/models/models_2nd_run/model1_0	anger	0.8753104209899902	0.001923575415275991	0.00715673016384244	0.0043637752532958984	0.022083260118961334	0.003063468262553215	0.07745401561260223	0.001572521054185927	0.0019640913233160973	0.8753104209899902	0.001275477814488113	0.0026086843572556973	0.0012239274801686406
1258	sadness	../final/models/models_2nd_run/model1_0	../final/models/models_2nd_run/model1_0	sadness	0.5027822256088257	0.017083143815398216	0.5027822256088257	0.041425302624702454	0.03834992274641991	0.016740156337618828	0.01068734098225832	0.002080359263345599	0.11599007993936539	0.005134264938533306	0.0043810405768454075	0.23947182297706604	0.005874352529644966
1259	anger	../final/models/models_2nd_run/model1_0	../final/models/models_2nd_run/model1_0	anger	0.9590663909912109	0.0010008051758632064	0.0019033937714993954	0.002281352411955595	0.007201042957603931	0.0010254476219415665	0.014133253134787083	0.0017147313337773085	0.007139057852327824	0.9590663909912109	0.0013654750073328614	0.0018363220151513815	0.0013326836051419377
1260	sadness	../final/models/models_2nd_run/model1_0	../final/models/models_2nd_run/model1_0	sadness	0.9357895851135254	0.011889679357409477	0.9357895851135254	0.008347964845597744	0.004330658353865147	0.004683288745582104	0.002006721217185259	0.001084476592950523	0.023841718211770058	0.002593417651951313	0.0021465697791427374	0.002490110695362091	0.0007957267225719988
1261	excitement	../final/models/models_2nd_run/model1_0	../final/models/models_2nd_run/model1_0	excitement	0.9331312775611877	0.0011260454775765538	0.0008451553294435143	0.0011990686180070043	0.016644150018692017	0.0020584305748343468	0.0019186671124771237	0.0018146538641303778	0.003484547371044755	0.0022386505734175444	0.01947650872170925	0.016062842682003975	0.9331312775611877
1262	neutral	../final/models/models_2nd_run/model1_0	../final/models/models_2nd_run/model1_0	anger	0.9109114408493042	0.002187462756410241	0.008536933921277523	0.0031876228749752045	0.031634584069252014	0.001688114833086729	0.02859898842871189	0.0030573436524719	0.003180389991030097	0.9109114408493042	0.003481647465378046	0.0014517147792503238	0.0020836659241467714
1263	excitement	../final/models/models_2nd_run/model1_0	../final/models/models_2nd_run/model1_0	neutral	0.7213893532752991	0.001680706162005663	0.0035550245083868504	0.002450539730489254	0.7213893532752991	0.002498674439266324	0.005437337793409824	0.008207795210182667	0.014331177808344364	0.005502772517502308	0.027062533423304558	0.027518080547451973	0.18036605417728424
1264	sadness	../final/models/models_2nd_run/model1_0	../final/models/models_2nd_run/model1_0	sadness	0.964870035648346	0.004038348328322172	0.964870035648346	0.003259507706388831	0.0063111926428973675	0.002359160454943776	0.0014663826441392303	0.0012033312814310193	0.001091687474399805	0.0016371079254895449	0.011155220679938793	0.0012176986783742905	0.0013903332874178886
1265	neutral	../final/models/models_2nd_run/model1_0	../final/models/models_2nd_run/model1_0	neutral	0.9287217259407043	0.0035924476105719805	0.007305969018489122	0.001731342519633472	0.9287217259407043	0.0050883665680885315	0.0042251478880643845	0.00255030975677073	0.034058280289173126	0.004803468473255634	0.002548085292801261	0.002798789879307151	0.0025760852731764317
1266	joy	../final/models/models_2nd_run/model1_0	../final/models/models_2nd_run/model1_0	confusion	0.717758059501648	0.006031380500644445	0.005573146510869265	0.003925791475921869	0.02917487360537052	0.0036731939762830734	0.0022533347364515066	0.009049855172634125	0.717758059501648	0.004152831621468067	0.1856508105993271	0.009967749938368797	0.022789042443037033
1267	surprise	../final/models/models_2nd_run/model1_0	../final/models/models_2nd_run/model1_0	surprise	0.5358636379241943	0.005127903539687395	0.016166361048817635	0.09470061957836151	0.06955639272928238	0.007703086361289024	0.04961387440562248	0.011723663657903671	0.025372112169861794	0.010836790315806866	0.019754044711589813	0.5358636379241943	0.15358152985572815
1268	joy	../final/models/models_2nd_run/model1_0	../final/models/models_2nd_run/model1_0	joy	0.9687356948852539	0.0010205836733803153	0.002513243118301034	0.0009119589230976999	0.004544578492641449	0.0010925872484222054	0.0010987082496285439	0.0033037657849490643	0.0018841478740796447	0.001043482101522386	0.9687356948852539	0.0012029388453811407	0.012648353353142738
1269	neutral	../final/models/models_2nd_run/model1_0	../final/models/models_2nd_run/model1_0	neutral	0.9390212893486023	0.0014018421061336994	0.0035415415186434984	0.0013431500410661101	0.9390212893486023	0.002227349206805229	0.005065720994025469	0.004445561207830906	0.004125230014324188	0.01744035817682743	0.007356686517596245	0.003463203553110361	0.01056788768619299
1270	embarrassment	../final/models/models_2nd_run/model1_0	../final/models/models_2nd_run/model1_0	disgust	0.6644856929779053	0.008581367321312428	0.013365370221436024	0.18861466646194458	0.04234830662608147	0.009173627942800522	0.6644856929779053	0.004636075813323259	0.01276002824306488	0.015019289217889309	0.007033359259366989	0.025864804163575172	0.008117460645735264
1271	anger	../final/models/models_2nd_run/model1_0	../final/models/models_2nd_run/model1_0	disgust	0.9227054715156555	0.0029517447110265493	0.010346624068915844	0.02021735906600952	0.014631313271820545	0.006926905829459429	0.9227054715156555	0.0010591275058686733	0.004331071395426989	0.009715050458908081	0.0020300736650824547	0.0037210211157798767	0.0013642989797517657
1272	surprise	../final/models/models_2nd_run/model1_0	../final/models/models_2nd_run/model1_0	surprise	0.9228454828262329	0.0011547552421689034	0.0038782565388828516	0.00413886271417141	0.011052255518734455	0.0015681301010772586	0.004342136904597282	0.000889098213519901	0.02341185323894024	0.014324774965643883	0.0016873431159183383	0.9228454828262329	0.010707030072808266
1273	disgust	../final/models/models_2nd_run/model1_0	../final/models/models_2nd_run/model1_0	disgust	0.9337264895439148	0.002278333529829979	0.009458526968955994	0.009801491163671017	0.0047056241892278194	0.008186917752027512	0.9337264895439148	0.0007551019662059844	0.00256426353007555	0.025046207010746002	0.0010723138693720102	0.0016540962969884276	0.0007507473928853869
1274	anger	../final/models/models_2nd_run/model1_0	../final/models/models_2nd_run/model1_0	anger	0.9556615352630615	0.001201133942231536	0.0032842608634382486	0.0017475654603913426	0.009918147698044777	0.0016119398642331362	0.0179008636623621	0.0014694519340991974	0.0015439583221450448	0.9556615352630615	0.0017177406698465347	0.002116912044584751	0.0018263746751472354
1275	excitement	../final/models/models_2nd_run/model1_0	../final/models/models_2nd_run/model1_0	excitement	0.7321454286575317	0.014614809304475784	0.10653823614120483	0.006440037861466408	0.01887909322977066	0.00681241974234581	0.003913965076208115	0.007085656747221947	0.0027526107151061296	0.004378135781735182	0.08364955335855484	0.012790084816515446	0.7321454286575317
1276	confusion	../final/models/models_2nd_run/model1_0	../final/models/models_2nd_run/model1_0	confusion	0.8693036437034607	0.0017404394457116723	0.002516895066946745	0.0021794980857521296	0.056902363896369934	0.0016511458670720458	0.0016009118407964706	0.001635848544538021	0.8693036437034607	0.007810752838850021	0.003542215097695589	0.04383102059364319	0.007285294122993946
1277	confusion	../final/models/models_2nd_run/model1_0	../final/models/models_2nd_run/model1_0	confusion	0.8526973128318787	0.0019278140971437097	0.0017163380980491638	0.001287797000259161	0.1192975863814354	0.0015217706095427275	0.001464771805331111	0.0018123234622180462	0.8526973128318787	0.0020949486643075943	0.0053281295113265514	0.007596929557621479	0.0032542538829147816
1278	disgust	../final/models/models_2nd_run/model1_0	../final/models/models_2nd_run/model1_0	disgust	0.9051824808120728	0.00332461204379797	0.008427218534052372	0.004396614618599415	0.01978711225092411	0.017274271696805954	0.9051824808120728	0.0006982023478485644	0.005397116765379906	0.03081972897052765	0.001277862349525094	0.0023461405653506517	0.0010685388697311282
1279	joy	../final/models/models_2nd_run/model1_0	../final/models/models_2nd_run/model1_0	joy	0.9688502550125122	0.0009597179596312344	0.0016877776943147182	0.0007145535782910883	0.004226270131766796	0.001374221290461719	0.001163580222055316	0.0021674863528460264	0.0017298737075179815	0.001279209041967988	0.9688502550125122	0.0011963240103796124	0.014650659635663033
1280	surprise	../final/models/models_2nd_run/model1_0	../final/models/models_2nd_run/model1_0	surprise	0.71934974193573	0.0021214077714830637	0.0036250166594982147	0.0054656933061778545	0.06692443042993546	0.0024724274408072233	0.00406177993863821	0.003292649984359741	0.040724337100982666	0.0029717411380261183	0.013896732591092587	0.71934974193573	0.13509398698806763
1281	disgust	../final/models/models_2nd_run/model1_0	../final/models/models_2nd_run/model1_0	confusion	0.5470524430274963	0.023151623085141182	0.06479188054800034	0.03841273486614227	0.012372841127216816	0.04511171951889992	0.23799142241477966	0.0015740408562123775	0.5470524430274963	0.010966481640934944	0.0035741038154810667	0.012621837668120861	0.0023787999525666237
1282	sadness	../final/models/models_2nd_run/model1_0	../final/models/models_2nd_run/model1_0	disgust	0.590739905834198	0.008184029720723629	0.15479733049869537	0.013706501573324203	0.0305775199085474	0.010135709308087826	0.590739905834198	0.0017057267250493169	0.0038518188521265984	0.17611002922058105	0.0031938166357576847	0.004868344869464636	0.002129297237843275
1283	neutral	../final/models/models_2nd_run/model1_0	../final/models/models_2nd_run/model1_0	neutral	0.9176545739173889	0.003055830718949437	0.0052206614054739475	0.0023806472308933735	0.9176545739173889	0.0031546151731163263	0.008379342965781689	0.008080529049038887	0.004327272996306419	0.03469104319810867	0.0046264007687568665	0.0021906967740505934	0.006238515954464674
1284	fear	../final/models/models_2nd_run/model1_0	../final/models/models_2nd_run/model1_0	disgust	0.41522613167762756	0.0062850224785506725	0.02940485067665577	0.054994113743305206	0.3965209424495697	0.011392195709049702	0.41522613167762756	0.006319612264633179	0.02541990391910076	0.03876990079879761	0.0029989241156727076	0.009242024272680283	0.0034262672998011112
1285	disgust	../final/models/models_2nd_run/model1_0	../final/models/models_2nd_run/model1_0	disgust	0.7808529138565063	0.006614391226321459	0.013752216473221779	0.11141694337129593	0.024290824308991432	0.01199901569634676	0.7808529138565063	0.002810549456626177	0.01208308432251215	0.012270685285329819	0.0037323213182389736	0.015940364450216293	0.004236752633005381
1286	anger	../final/models/models_2nd_run/model1_0	../final/models/models_2nd_run/model1_0	anger	0.4904252886772156	0.005601306911557913	0.029981551691889763	0.013608645647764206	0.3503535985946655	0.003585157450288534	0.040711142122745514	0.026997746899724007	0.0035548906307667494	0.4904252886772156	0.01914389431476593	0.0031961307395249605	0.012840504758059978
1287	pride	../final/models/models_2nd_run/model1_0	../final/models/models_2nd_run/model1_0	joy	0.6462662220001221	0.004282048437744379	0.007094216533005238	0.005443073809146881	0.06586147844791412	0.0024462819565087557	0.003989610821008682	0.11830682307481766	0.0026503526605665684	0.005552914459258318	0.6462662220001221	0.003094735788181424	0.13501229882240295
1288	sadness	../final/models/models_2nd_run/model1_0	../final/models/models_2nd_run/model1_0	sadness	0.976083517074585	0.0029435770120471716	0.976083517074585	0.004732320085167885	0.004852638114243746	0.0012699116487056017	0.0013433960266411304	0.0009907899657264352	0.0018425766611471772	0.0013562623644247651	0.002597826300188899	0.0013062374200671911	0.0006809807964600623
1289	joy	../final/models/models_2nd_run/model1_0	../final/models/models_2nd_run/model1_0	joy	0.9221062660217285	0.0008124252781271935	0.0019562847446650267	0.0008176754927262664	0.01123078539967537	0.0010220295516774058	0.001063501462340355	0.003053306369110942	0.0017377028707414865	0.0013504698872566223	0.9221062660217285	0.0021601265762001276	0.05268939957022667
1290	surprise	../final/models/models_2nd_run/model1_0	../final/models/models_2nd_run/model1_0	surprise	0.9084901809692383	0.0008075067307800055	0.002028421964496374	0.0018232970032840967	0.013409755192697048	0.001913251355290413	0.002253272570669651	0.0010451792040839791	0.0055091893300414085	0.0031389875803142786	0.00627209572121501	0.9084901809692383	0.0533088818192482
1291	disgust	../final/models/models_2nd_run/model1_0	../final/models/models_2nd_run/model1_0	disgust	0.9507424831390381	0.0016568496357649565	0.0033533743117004633	0.010339225642383099	0.006659412756562233	0.006460565607994795	0.9507424831390381	0.0008297393214888871	0.0038088683504611254	0.010806722566485405	0.0012365627335384488	0.0028780463617295027	0.0012282344978302717
1292	excitement	../final/models/models_2nd_run/model1_0	../final/models/models_2nd_run/model1_0	neutral	0.3690243363380432	0.0025400349404662848	0.003806627821177244	0.004890105687081814	0.3690243363380432	0.004440973978489637	0.005633084569126368	0.010457215830683708	0.03290918841958046	0.009945540688931942	0.042779553681612015	0.22680190205574036	0.2867714464664459
1293	confusion	../final/models/models_2nd_run/model1_0	../final/models/models_2nd_run/model1_0	anger	0.3223797678947449	0.00460299476981163	0.016150113195180893	0.0326063334941864	0.07237209379673004	0.008042891509830952	0.0721462294459343	0.0032376477029174566	0.2580322325229645	0.3223797678947449	0.0036457472015172243	0.19875627756118774	0.008027680218219757
1294	excitement	../final/models/models_2nd_run/model1_0	../final/models/models_2nd_run/model1_0	excitement	0.7784227132797241	0.0032130740582942963	0.0018862920114770532	0.003923693206161261	0.014702847227454185	0.0038554093334823847	0.002269850578159094	0.00274083623662591	0.02225370518863201	0.003310797968879342	0.013284365646541119	0.15013650059700012	0.7784227132797241
1295	fear	../final/models/models_2nd_run/model1_0	../final/models/models_2nd_run/model1_0	fear	0.9123283624649048	0.04886280745267868	0.006069544702768326	0.0017336069140583277	0.004466332495212555	0.9123283624649048	0.006077720317989588	0.0011809078278020024	0.005371229723095894	0.003462921129539609	0.004767303820699453	0.002482991898432374	0.0031963165383785963
1296	disgust	../final/models/models_2nd_run/model1_0	../final/models/models_2nd_run/model1_0	anger	0.6366152167320251	0.0033023657742887735	0.024586796760559082	0.005909936036914587	0.07175266742706299	0.00518082408234477	0.23963233828544617	0.0027409340254962444	0.0031847741920500994	0.6366152167320251	0.002872321056202054	0.0022964184172451496	0.0019253493519499898
1297	surprise	../final/models/models_2nd_run/model1_0	../final/models/models_2nd_run/model1_0	surprise	0.943943440914154	0.0006928607472218573	0.0018280118238180876	0.0020686520729213953	0.00945671834051609	0.0014777524629607797	0.002351521048694849	0.00091543048620224	0.005081538576632738	0.0026705998461693525	0.003040596842765808	0.943943440914154	0.026472855359315872
1298	nervousness	../final/models/models_2nd_run/model1_0	../final/models/models_2nd_run/model1_0	nervousness	0.7872639298439026	0.7872639298439026	0.016721464693546295	0.007136515807360411	0.00674453005194664	0.14142388105392456	0.0031506496015936136	0.008722444996237755	0.005496502388268709	0.003207399742677808	0.00987133476883173	0.002665739506483078	0.007595585659146309
1299	sadness	../final/models/models_2nd_run/model1_0	../final/models/models_2nd_run/model1_0	sadness	0.9795212745666504	0.002927857916802168	0.9795212745666504	0.0020657835993915796	0.0043306006118655205	0.0021376025397330523	0.0014438364887610078	0.0005332340952008963	0.0013725657481700182	0.0014792802976444364	0.0022873422130942345	0.0012822936987504363	0.0006183264777064323
1300	anger	../final/models/models_2nd_run/model1_0	../final/models/models_2nd_run/model1_0	anger	0.6016285419464111	0.004995850846171379	0.013797669671475887	0.026658540591597557	0.040948834270238876	0.004966327454894781	0.2897953689098358	0.0035378450993448496	0.006316864863038063	0.6016285419464111	0.0018661064095795155	0.00351952132768929	0.0019684971775859594
1301	anger	../final/models/models_2nd_run/model1_0	../final/models/models_2nd_run/model1_0	anger	0.9158763885498047	0.0017646090127527714	0.0055829850025475025	0.003324472578242421	0.0328836664557457	0.0018507640343159437	0.02957029640674591	0.002789604477584362	0.0019620133098214865	0.9158763885498047	0.0017886084970086813	0.0011605971958488226	0.0014460321981459856
1302	neutral	../final/models/models_2nd_run/model1_0	../final/models/models_2nd_run/model1_0	disgust	0.7529239058494568	0.0036924954038113356	0.011943388730287552	0.03937146067619324	0.09292201697826385	0.007785252295434475	0.7529239058494568	0.00351353851146996	0.00564629677683115	0.0726117342710495	0.0016747103072702885	0.0059030670672655106	0.002012112643569708
1303	excitement	../final/models/models_2nd_run/model1_0	../final/models/models_2nd_run/model1_0	excitement	0.5710688233375549	0.001412660931237042	0.0024826698936522007	0.002519134199246764	0.02823195606470108	0.002555407816544175	0.0024923463352024555	0.0038207247853279114	0.00520111620426178	0.004320576321333647	0.02461947686970234	0.3512750566005707	0.5710688233375549
1304	sadness	../final/models/models_2nd_run/model1_0	../final/models/models_2nd_run/model1_0	sadness	0.9259088039398193	0.0072467634454369545	0.9259088039398193	0.008594668470323086	0.01671241596341133	0.010151303373277187	0.015548846684396267	0.0009793557692319155	0.0022946419194340706	0.007636652328073978	0.0018140309257432818	0.0023722199257463217	0.0007403133786283433
1305	confusion	../final/models/models_2nd_run/model1_0	../final/models/models_2nd_run/model1_0	confusion	0.9295193552970886	0.0021853256039321423	0.003335729241371155	0.004946420900523663	0.01245789509266615	0.0013708691112697124	0.001373322564177215	0.0029608188197016716	0.9295193552970886	0.0011406033299863338	0.004859607666730881	0.024802053347229958	0.011048034764826298
1306	surprise	../final/models/models_2nd_run/model1_0	../final/models/models_2nd_run/model1_0	surprise	0.5208364725112915	0.001223318395204842	0.0020223422907292843	0.002494573360309005	0.022453265264630318	0.002565299393609166	0.003067824523895979	0.002894611330702901	0.0058665149845182896	0.004435306414961815	0.020008578896522522	0.5208364725112915	0.4121319055557251
1307	anger	../final/models/models_2nd_run/model1_0	../final/models/models_2nd_run/model1_0	anger	0.46659931540489197	0.18070189654827118	0.08573555201292038	0.03470894694328308	0.010798156261444092	0.08490423113107681	0.09036359935998917	0.011474977247416973	0.008372398093342781	0.46659931540489197	0.013189064338803291	0.004296846222132444	0.008855140767991543
1308	confusion	../final/models/models_2nd_run/model1_0	../final/models/models_2nd_run/model1_0	confusion	0.4197293519973755	0.0045326389372348785	0.0017983276629820466	0.0046479846350848675	0.041020769625902176	0.006129490677267313	0.004267003852874041	0.0038425216916948557	0.4197293519973755	0.004743767902255058	0.022195402532815933	0.07934579253196716	0.40774694085121155
1309	anger	../final/models/models_2nd_run/model1_0	../final/models/models_2nd_run/model1_0	anger	0.9594593644142151	0.0009909085929393768	0.0018486357294023037	0.0021878727711737156	0.006440123543143272	0.0010243630968034267	0.018102670088410378	0.0016717039979994297	0.0037260069511830807	0.9594593644142151	0.0014285108773037791	0.0016565881669521332	0.0014633468817919493
1310	anger	../final/models/models_2nd_run/model1_0	../final/models/models_2nd_run/model1_0	nervousness	0.6336633563041687	0.6336633563041687	0.02249913662672043	0.1146840751171112	0.012036917731165886	0.13141408562660217	0.0343036986887455	0.008651187643408775	0.00715623190626502	0.019821258261799812	0.003090697806328535	0.004266189876943827	0.008413258008658886
1311	disgust	../final/models/models_2nd_run/model1_0	../final/models/models_2nd_run/model1_0	disgust	0.893017053604126	0.0021273193415254354	0.0057007246650755405	0.0070633115246891975	0.019645806401968002	0.006432386580854654	0.893017053604126	0.001087408047169447	0.004078501835465431	0.056283604353666306	0.0012204668018966913	0.0021580075845122337	0.0011854348704218864
1312	neutral	../final/models/models_2nd_run/model1_0	../final/models/models_2nd_run/model1_0	neutral	0.9608297944068909	0.0017010377487167716	0.004104850348085165	0.001734727411530912	0.9608297944068909	0.0021971946116536856	0.0037150057032704353	0.0030464569572359324	0.008774143643677235	0.004532904829829931	0.0029729001689702272	0.003587069222703576	0.0028039193712174892
1313	nervousness	../final/models/models_2nd_run/model1_0	../final/models/models_2nd_run/model1_0	sadness	0.9558669328689575	0.003954114392399788	0.9558669328689575	0.010778355412185192	0.012708705849945545	0.0014565177261829376	0.00316483061760664	0.0017259024316444993	0.002524778014048934	0.002067707246169448	0.0029267636127769947	0.0020492852199822664	0.0007761230226606131
1314	anger	../final/models/models_2nd_run/model1_0	../final/models/models_2nd_run/model1_0	anger	0.7736697793006897	0.0028862301260232925	0.006668656133115292	0.011674883775413036	0.027749136090278625	0.0027823045384138823	0.16426199674606323	0.003180756699293852	0.0028913654386997223	0.7736697793006897	0.0015138325979933143	0.0013210533652454615	0.0014001157833263278
1315	anger	../final/models/models_2nd_run/model1_0	../final/models/models_2nd_run/model1_0	anger	0.5334721803665161	0.0024719086941331625	0.007841772399842739	0.008386438712477684	0.037444520741701126	0.004932611249387264	0.390838623046875	0.0016961261862888932	0.002902485430240631	0.5334721803665161	0.0017839944921433926	0.006000938359647989	0.0022283666767179966
1316	fear	../final/models/models_2nd_run/model1_0	../final/models/models_2nd_run/model1_0	fear	0.9329056143760681	0.023636015132069588	0.004977659787982702	0.002141571370884776	0.004069323185831308	0.9329056143760681	0.012686734087765217	0.0006984637584537268	0.004653623793274164	0.0038506544660776854	0.0031155310571193695	0.004293894860893488	0.002970893634483218
1317	neutral	../final/models/models_2nd_run/model1_0	../final/models/models_2nd_run/model1_0	neutral	0.9461756944656372	0.0022387499921023846	0.003213389776647091	0.001241614343598485	0.9461756944656372	0.0032510184682905674	0.00275986036285758	0.0026134501677006483	0.01749606430530548	0.0028383240569382906	0.004536299500614405	0.004360596649348736	0.009274967946112156
1318	anger	../final/models/models_2nd_run/model1_0	../final/models/models_2nd_run/model1_0	anger	0.7492555975914001	0.0022876663133502007	0.006175712216645479	0.006693109404295683	0.016866303980350494	0.0032953170593827963	0.20576563477516174	0.0018350614700466394	0.002198728732764721	0.7492555975914001	0.001557998824864626	0.0023557767271995544	0.0017130911583080888
1319	neutral	../final/models/models_2nd_run/model1_0	../final/models/models_2nd_run/model1_0	excitement	0.921647846698761	0.001265389029867947	0.000831148587167263	0.0013567468849942088	0.0225048940628767	0.002076679142192006	0.0019631418399512768	0.0021470212377607822	0.004310620948672295	0.0018915862310677767	0.020707353949546814	0.019297556951642036	0.921647846698761
1320	confusion	../final/models/models_2nd_run/model1_0	../final/models/models_2nd_run/model1_0	confusion	0.963492751121521	0.0014599590795114636	0.00158299645408988	0.001152001554146409	0.02169579081237316	0.0012126460205763578	0.0010188521118834615	0.0008329848642461002	0.963492751121521	0.0015827850438654423	0.0010937596671283245	0.003950498066842556	0.00092499511083588
1321	neutral	../final/models/models_2nd_run/model1_0	../final/models/models_2nd_run/model1_0	neutral	0.8248223066329956	0.0019156549824401736	0.02078172378242016	0.0026073786430060863	0.8248223066329956	0.0020052921026945114	0.010289870202541351	0.011462459340691566	0.0036609990056604147	0.032141201198101044	0.06079405918717384	0.004407630767673254	0.025111529976129532
1322	excitement	../final/models/models_2nd_run/model1_0	../final/models/models_2nd_run/model1_0	joy	0.7246058583259583	0.0011259026359766722	0.0020727496594190598	0.001142239896580577	0.01323721930384636	0.0015066945925354958	0.0014530355110764503	0.005235434044152498	0.00178995740134269	0.001820210600271821	0.7246058583259583	0.0038611108902841806	0.24214963614940643
1323	surprise	../final/models/models_2nd_run/model1_0	../final/models/models_2nd_run/model1_0	surprise	0.819571316242218	0.0010237698443233967	0.001733616809360683	0.002685681451112032	0.01714993081986904	0.002031624084338546	0.003027301514521241	0.0017320485785603523	0.007342594675719738	0.00487943273037672	0.009385179728269577	0.819571316242218	0.1294374167919159
1324	joy	../final/models/models_2nd_run/model1_0	../final/models/models_2nd_run/model1_0	sadness	0.5603941082954407	0.005493253469467163	0.5603941082954407	0.005914325825870037	0.01606784574687481	0.0034063674975186586	0.0029988614842295647	0.007071315310895443	0.002660144818946719	0.0027491056825965643	0.3733447790145874	0.004225857090204954	0.015674011781811714
1325	joy	../final/models/models_2nd_run/model1_0	../final/models/models_2nd_run/model1_0	joy	0.9655996561050415	0.0008121929131448269	0.0022632479667663574	0.0008320666383951902	0.006089553236961365	0.0009510804084129632	0.0011042878031730652	0.0028569947462528944	0.0014648514334112406	0.0015459113055840135	0.9655996561050415	0.0012683061650022864	0.015211968682706356
1326	anger	../final/models/models_2nd_run/model1_0	../final/models/models_2nd_run/model1_0	anger	0.9322450757026672	0.0012398110702633858	0.0038287604693323374	0.003411682788282633	0.010822124779224396	0.0013791670789942145	0.03866169974207878	0.0014626695774495602	0.0027591350954025984	0.9322450757026672	0.0012689498253166676	0.0018076197011396289	0.0011132577201351523
1327	fear	../final/models/models_2nd_run/model1_0	../final/models/models_2nd_run/model1_0	nervousness	0.5443645119667053	0.5443645119667053	0.017703620716929436	0.004970734007656574	0.00810009241104126	0.387475848197937	0.003958030603826046	0.005439158994704485	0.006164435297250748	0.0038119100499898195	0.008724379353225231	0.0027796924114227295	0.006507511716336012
1328	excitement	../final/models/models_2nd_run/model1_0	../final/models/models_2nd_run/model1_0	excitement	0.7568532824516296	0.001198531943373382	0.0018284895922988653	0.0009497340070083737	0.01549869030714035	0.0016130901640281081	0.0011653996771201491	0.003724354784935713	0.0016965013928711414	0.0016545789549127221	0.2086072862148285	0.005210039671510458	0.7568532824516296
1329	sadness	../final/models/models_2nd_run/model1_0	../final/models/models_2nd_run/model1_0	sadness	0.8904677033424377	0.02577127143740654	0.8904677033424377	0.006746869068592787	0.010833995416760445	0.03725188970565796	0.007634173147380352	0.0009536370635032654	0.0022134254686534405	0.008372665382921696	0.004490253981202841	0.00263877771794796	0.0026253974065184593
1330	excitement	../final/models/models_2nd_run/model1_0	../final/models/models_2nd_run/model1_0	excitement	0.8324983716011047	0.0011632678797468543	0.0017525807488709688	0.0009220833890140057	0.012937703169882298	0.0015164481010288	0.0010503933299332857	0.003946126438677311	0.0015189824625849724	0.0016581719974055886	0.13505247235298157	0.005983508192002773	0.8324983716011047
1331	fear	../final/models/models_2nd_run/model1_0	../final/models/models_2nd_run/model1_0	fear	0.9252234697341919	0.033229678869247437	0.005133358761668205	0.0016639602836221457	0.007156678941100836	0.9252234697341919	0.007913604378700256	0.0008869615267030895	0.004232128616422415	0.004003430251032114	0.004060658626258373	0.003006935818120837	0.003489132970571518
1332	joy	../final/models/models_2nd_run/model1_0	../final/models/models_2nd_run/model1_0	joy	0.8966608047485352	0.0011962680146098137	0.006035414524376392	0.0013106822734698653	0.022781386971473694	0.000917030789423734	0.0016760628204792738	0.006839813198894262	0.0016553429886698723	0.00238756719045341	0.8966608047485352	0.0031292301137000322	0.05541037395596504
1333	joy	../final/models/models_2nd_run/model1_0	../final/models/models_2nd_run/model1_0	joy	0.7853712439537048	0.002439939882606268	0.004361083265393972	0.0019439784809947014	0.026574939489364624	0.0015051198424771428	0.0012761256657540798	0.02700767293572426	0.0023663202300667763	0.0016583135584369302	0.7853712439537048	0.002114966744557023	0.14338034391403198
1334	surprise	../final/models/models_2nd_run/model1_0	../final/models/models_2nd_run/model1_0	surprise	0.7891854047775269	0.0010563564719632268	0.0022704675793647766	0.0023892344906926155	0.022787339985370636	0.0021435851231217384	0.0027899383567273617	0.002251293044537306	0.005221253726631403	0.004046058282256126	0.011852823197841644	0.7891854047775269	0.15400631725788116
1335	neutral	../final/models/models_2nd_run/model1_0	../final/models/models_2nd_run/model1_0	neutral	0.8313507437705994	0.0030941881705075502	0.003537067212164402	0.0041901967488229275	0.8313507437705994	0.003386954078450799	0.007555385120213032	0.015031181275844574	0.005904505494982004	0.006007723975926638	0.06850994378328323	0.005506555084139109	0.045925624668598175
1336	nervousness	../final/models/models_2nd_run/model1_0	../final/models/models_2nd_run/model1_0	nervousness	0.6743166446685791	0.6743166446685791	0.044048164039850235	0.006249079015105963	0.0065688882023096085	0.22777897119522095	0.003396473592147231	0.0065300907008349895	0.004965062718838453	0.004149434622377157	0.011343318037688732	0.0030251399148255587	0.0076287658885121346
1337	confusion	../final/models/models_2nd_run/model1_0	../final/models/models_2nd_run/model1_0	confusion	0.954479992389679	0.0008849079604260623	0.0011580531718209386	0.0009791171178221703	0.028977304697036743	0.000804926035925746	0.0008389049908146262	0.0008400958613492548	0.954479992389679	0.0016199311939999461	0.0019512585131451488	0.005708588752895594	0.0017570080235600471
1338	neutral	../final/models/models_2nd_run/model1_0	../final/models/models_2nd_run/model1_0	confusion	0.7861135005950928	0.002189918654039502	0.001803504303097725	0.0028188438154757023	0.0886966660618782	0.0020301267504692078	0.0019515209132805467	0.0019287924515083432	0.7861135005950928	0.004529708996415138	0.004116847179830074	0.08677349984645844	0.017047105357050896
1339	surprise	../final/models/models_2nd_run/model1_0	../final/models/models_2nd_run/model1_0	surprise	0.6026220917701721	0.0012567833764478564	0.003404204500839114	0.003013787092640996	0.05132555216550827	0.0030668198596686125	0.004398055374622345	0.0035476547200232744	0.00906963087618351	0.00490593584254384	0.023352941498160362	0.6026220917701721	0.29003652930259705
1340	confusion	../final/models/models_2nd_run/model1_0	../final/models/models_2nd_run/model1_0	confusion	0.9603983163833618	0.0013317542616277933	0.002027080859988928	0.0013901882339268923	0.022774333134293556	0.0010266952449455857	0.0012342205736786127	0.0007032715366221964	0.9603983163833618	0.0014779920456930995	0.0011162696173414588	0.005583661608397961	0.0009361830307170749
1341	sadness	../final/models/models_2nd_run/model1_0	../final/models/models_2nd_run/model1_0	sadness	0.9777858257293701	0.0021059417631477118	0.9777858257293701	0.0028684476856142282	0.003925211261957884	0.0012320977402850986	0.0011746095260605216	0.0009474190301261842	0.0012035855324938893	0.0011279515456408262	0.005322195123881102	0.0012874954845756292	0.0010193079942837358
1342	anger	../final/models/models_2nd_run/model1_0	../final/models/models_2nd_run/model1_0	neutral	0.5289067029953003	0.004454796202480793	0.027453985065221786	0.011817416176199913	0.5289067029953003	0.011963194236159325	0.22142748534679413	0.0029656002297997475	0.0193889569491148	0.16053816676139832	0.0016811831155791879	0.007510950788855553	0.0018915809923782945
1343	neutral	../final/models/models_2nd_run/model1_0	../final/models/models_2nd_run/model1_0	neutral	0.8539581894874573	0.0021485716570168734	0.0045572929084300995	0.0014508918393403292	0.8539581894874573	0.002968525979667902	0.003472147509455681	0.002107281005010009	0.1113252267241478	0.0034104306250810623	0.003510706592351198	0.007434232160449028	0.0036565465852618217
1344	joy	../final/models/models_2nd_run/model1_0	../final/models/models_2nd_run/model1_0	joy	0.9577359557151794	0.0012955006677657366	0.007452056277543306	0.0011505818692967296	0.00690043019130826	0.001829243847168982	0.0014697202714160085	0.0022729330230504274	0.0021133669652044773	0.0009278280776925385	0.9577359557151794	0.0018470012582838535	0.015005343593657017
1345	excitement	../final/models/models_2nd_run/model1_0	../final/models/models_2nd_run/model1_0	excitement	0.9668281674385071	0.0019483596552163363	0.0008221928146667778	0.001138736610300839	0.005869251675903797	0.0017090362962335348	0.0012127009686082602	0.0024346669670194387	0.001493775867857039	0.0015568358357995749	0.00905567780137062	0.005930643063038588	0.9668281674385071
1346	excitement	../final/models/models_2nd_run/model1_0	../final/models/models_2nd_run/model1_0	excitement	0.9496737122535706	0.0018455716781318188	0.0009166229283437133	0.0013268461916595697	0.013452671468257904	0.0020558242686092854	0.001159068662673235	0.002623192500323057	0.003917460795491934	0.0019048256799578667	0.010794748552143574	0.010329410433769226	0.9496737122535706
1347	confusion	../final/models/models_2nd_run/model1_0	../final/models/models_2nd_run/model1_0	confusion	0.7732557058334351	0.0017533639911562204	0.0031488758977502584	0.0026025366969406605	0.1073659360408783	0.0014731449773535132	0.0022184804547578096	0.003288433887064457	0.7732557058334351	0.0035098311491310596	0.028698232024908066	0.051933493465185165	0.020752090960741043
1348	excitement	../final/models/models_2nd_run/model1_0	../final/models/models_2nd_run/model1_0	anger	0.5057111978530884	0.0024570757523179054	0.008820588700473309	0.005797808524221182	0.26856356859207153	0.004449478350579739	0.03486520051956177	0.0098043791949749	0.008152651600539684	0.5057111978530884	0.024741223081946373	0.052489764988422394	0.07414702326059341
1349	neutral	../final/models/models_2nd_run/model1_0	../final/models/models_2nd_run/model1_0	neutral	0.9126515984535217	0.0024010015185922384	0.005849788431078196	0.002070000860840082	0.9126515984535217	0.0031332899816334248	0.009597143158316612	0.005611516535282135	0.0034833429381251335	0.03675408288836479	0.010385202243924141	0.0016208946472033858	0.006442181766033173
1350	disgust	../final/models/models_2nd_run/model1_0	../final/models/models_2nd_run/model1_0	disgust	0.6975910663604736	0.00671721063554287	0.010505045764148235	0.12310090661048889	0.06560005247592926	0.009455465711653233	0.6975910663604736	0.004063351079821587	0.014947577379643917	0.020591074600815773	0.00846192054450512	0.031112534925341606	0.007853762246668339
1351	sadness	../final/models/models_2nd_run/model1_0	../final/models/models_2nd_run/model1_0	surprise	0.8048676252365112	0.0035457892809063196	0.02727440372109413	0.025371573865413666	0.016300011426210403	0.0025946013629436493	0.00553904427215457	0.002201596973463893	0.07027268409729004	0.008359592407941818	0.005525980144739151	0.8048676252365112	0.028147196397185326
1352	disgust	../final/models/models_2nd_run/model1_0	../final/models/models_2nd_run/model1_0	fear	0.8447543382644653	0.021665101870894432	0.008295712061226368	0.004985622595995665	0.005143407266587019	0.8447543382644653	0.08748018741607666	0.000825475319288671	0.007819727063179016	0.010069293901324272	0.002173227956518531	0.004288496915251017	0.0024993359111249447
1353	confusion	../final/models/models_2nd_run/model1_0	../final/models/models_2nd_run/model1_0	surprise	0.5303965210914612	0.002537398599088192	0.0038191238418221474	0.006177626550197601	0.0735745057463646	0.0032942737452685833	0.004477574955672026	0.0025258243549615145	0.32302722334861755	0.02072780206799507	0.004731397144496441	0.5303965210914612	0.02471068501472473
1354	surprise	../final/models/models_2nd_run/model1_0	../final/models/models_2nd_run/model1_0	surprise	0.8876447677612305	0.0009696255438029766	0.0023509773891419172	0.0029685003682971	0.010404345579445362	0.00116791483014822	0.0016808343352749944	0.0020555045921355486	0.00774249667301774	0.002295299433171749	0.008288354612886906	0.8876447677612305	0.07243145257234573
1355	neutral	../final/models/models_2nd_run/model1_0	../final/models/models_2nd_run/model1_0	neutral	0.8524239659309387	0.0016159687656909227	0.002377403900027275	0.0015254918253049254	0.8524239659309387	0.0017070628236979246	0.004015406593680382	0.004655357450246811	0.09275735914707184	0.009395361877977848	0.014911945909261703	0.0054105776362121105	0.009204084984958172
1356	joy	../final/models/models_2nd_run/model1_0	../final/models/models_2nd_run/model1_0	joy	0.9691975116729736	0.0009582039201632142	0.002707503270357847	0.0008558275294490159	0.0043502566404640675	0.0011051427572965622	0.0010073784505948424	0.0028321470599621534	0.001567092607729137	0.0009706405689939857	0.9691975116729736	0.0013565093977376819	0.013091825880110264
1357	anger	../final/models/models_2nd_run/model1_0	../final/models/models_2nd_run/model1_0	anger	0.8915268182754517	0.0018144211499020457	0.005591836292296648	0.0038911618757992983	0.012069855816662312	0.0016632851911708713	0.0742739588022232	0.002334035001695156	0.0020352923311293125	0.8915268182754517	0.001926628639921546	0.0014211299130693078	0.0014516704250127077
