textid	target	model	tokenizer	predicted	prob	excitement	joy	neutral	pride	surprise	confusion	nervousness	sadness	embarrassment	anger	disgust	fear
0	pride	../final/models/models_2nd_run/model2_10	../final/models/models_2nd_run/model2_10	excitement	0.3518463373184204	0.3518463373184204	0.29507341980934143	0.20706191658973694	0.09010926634073257	0.01843307726085186	0.008209623396396637	0.006900712847709656	0.0053334422409534454	0.0051080211997032166	0.004347925074398518	0.004134120885282755	0.003442138433456421
1	pride	../final/models/models_2nd_run/model2_10	../final/models/models_2nd_run/model2_10	joy	0.35638031363487244	0.19768236577510834	0.35638031363487244	0.22731143236160278	0.14573955535888672	0.01873745582997799	0.012526468373835087	0.010065693408250809	0.007148633245378733	0.006868377327919006	0.006513785570859909	0.006174372974783182	0.0048515950329601765
2	pride	../final/models/models_2nd_run/model2_10	../final/models/models_2nd_run/model2_10	pride	0.46081846952438354	0.11873521655797958	0.1886635422706604	0.15896938741207123	0.46081846952438354	0.007829438894987106	0.007430525030940771	0.015235677361488342	0.01291146781295538	0.01155572198331356	0.008940514177083969	0.004491529893130064	0.004418455064296722
3	anger	../final/models/models_2nd_run/model2_10	../final/models/models_2nd_run/model2_10	sadness	0.4993789494037628	0.012583017349243164	0.027646183967590332	0.12149423360824585	0.04941580817103386	0.006018891930580139	0.01061265915632248	0.16811123490333557	0.4993789494037628	0.04883129149675369	0.01081640925258398	0.012355471961200237	0.03273594006896019
4	excitement	../final/models/models_2nd_run/model2_10	../final/models/models_2nd_run/model2_10	excitement	0.4788159430027008	0.4788159430027008	0.2215927392244339	0.1684229075908661	0.08250761777162552	0.015840059146285057	0.007450481876730919	0.006043760571628809	0.004707693587988615	0.004564652685075998	0.003758544335141778	0.0030322063248604536	0.003263485850766301
5	joy	../final/models/models_2nd_run/model2_10	../final/models/models_2nd_run/model2_10	excitement	0.36971887946128845	0.36971887946128845	0.2169853299856186	0.2270643413066864	0.1105014830827713	0.027339039370417595	0.009317767806351185	0.008015001192688942	0.007612947374582291	0.007984930649399757	0.005885489750653505	0.00496099004521966	0.004613801836967468
6	neutral	../final/models/models_2nd_run/model2_10	../final/models/models_2nd_run/model2_10	neutral	0.31740471720695496	0.2909442186355591	0.13702070713043213	0.31740471720695496	0.12058941274881363	0.03380776196718216	0.02513805590569973	0.023872360587120056	0.010897750034928322	0.016442568972706795	0.006744263228029013	0.007622562348842621	0.00951572135090828
7	disgust	../final/models/models_2nd_run/model2_10	../final/models/models_2nd_run/model2_10	nervousness	0.2560388743877411	0.013987385667860508	0.01947161555290222	0.07624580711126328	0.02648233063519001	0.009212835691869259	0.013062206096947193	0.2560388743877411	0.184710294008255	0.18041415512561798	0.013244316913187504	0.11625494062900543	0.09087518602609634
8	excitement	../final/models/models_2nd_run/model2_10	../final/models/models_2nd_run/model2_10	neutral	0.3046857416629791	0.16300907731056213	0.19018606841564178	0.3046857416629791	0.21411371231079102	0.022044712677598	0.014646378345787525	0.03150312602519989	0.015918761491775513	0.019270513206720352	0.0071416147984564304	0.007810045033693314	0.009670178405940533
9	pride	../final/models/models_2nd_run/model2_10	../final/models/models_2nd_run/model2_10	neutral	0.3252239227294922	0.02857225015759468	0.03983341529965401	0.3252239227294922	0.06951360404491425	0.01914830319583416	0.032906096428632736	0.1640772521495819	0.1690787374973297	0.06952356547117233	0.01344997901469469	0.02770203724503517	0.04097079485654831
10	neutral	../final/models/models_2nd_run/model2_10	../final/models/models_2nd_run/model2_10	neutral	0.5240131616592407	0.09286516159772873	0.16380926966667175	0.5240131616592407	0.12435296922922134	0.012668326497077942	0.012371649034321308	0.02501804195344448	0.009222716093063354	0.010484288446605206	0.007815924473106861	0.0073465765453875065	0.010031898505985737
11	neutral	../final/models/models_2nd_run/model2_10	../final/models/models_2nd_run/model2_10	neutral	0.4352332055568695	0.16839109361171722	0.20852814614772797	0.4352332055568695	0.08452911674976349	0.032229114323854446	0.012970744632184505	0.015032364055514336	0.00968863070011139	0.011855429038405418	0.005571260116994381	0.008285789750516415	0.0076852040365338326
12	joy	../final/models/models_2nd_run/model2_10	../final/models/models_2nd_run/model2_10	neutral	0.36591893434524536	0.08852143585681915	0.1378975361585617	0.36591893434524536	0.1721932590007782	0.02168370597064495	0.02172035537660122	0.06338159739971161	0.041946250945329666	0.04754163324832916	0.009495506063103676	0.013453923165798187	0.016245856881141663
13	neutral	../final/models/models_2nd_run/model2_10	../final/models/models_2nd_run/model2_10	excitement	0.6085882186889648	0.6085882186889648	0.15304285287857056	0.13392390310764313	0.012560741975903511	0.06197013705968857	0.0048897420056164265	0.00237021641805768	0.004279139451682568	0.003624496515840292	0.004652050789445639	0.005469140131026506	0.004629360046237707
14	pride	../final/models/models_2nd_run/model2_10	../final/models/models_2nd_run/model2_10	excitement	0.506493330001831	0.506493330001831	0.07764202356338501	0.07629735767841339	0.010969697497785091	0.3022956848144531	0.005349875893443823	0.001784859923645854	0.004142130259424448	0.0046347142197191715	0.0045755524188280106	0.0033061376307159662	0.0025086957029998302
15	neutral	../final/models/models_2nd_run/model2_10	../final/models/models_2nd_run/model2_10	excitement	0.3137686550617218	0.3137686550617218	0.28020957112312317	0.23664715886116028	0.10371977835893631	0.019659675657749176	0.009803739376366138	0.00962833035737276	0.005430867895483971	0.006804290227591991	0.00469393702223897	0.00523498235270381	0.0043990034610033035
16	joy	../final/models/models_2nd_run/model2_10	../final/models/models_2nd_run/model2_10	neutral	0.2650963068008423	0.02968204766511917	0.057744260877370834	0.2650963068008423	0.1280270218849182	0.009387968108057976	0.015233876183629036	0.23151636123657227	0.13271285593509674	0.05269910767674446	0.030219120904803276	0.021261056885123253	0.026420021429657936
17	neutral	../final/models/models_2nd_run/model2_10	../final/models/models_2nd_run/model2_10	joy	0.538763165473938	0.26914453506469727	0.538763165473938	0.1352742463350296	0.023720797151327133	0.010437360033392906	0.004683853592723608	0.0027255783788859844	0.003920134622603655	0.002080234233289957	0.003882212331518531	0.002973188180476427	0.0023946829605847597
18	excitement	../final/models/models_2nd_run/model2_10	../final/models/models_2nd_run/model2_10	neutral	0.4090249836444855	0.18969301879405975	0.15754567086696625	0.4090249836444855	0.16417478024959564	0.019184371456503868	0.01070704497396946	0.010949844494462013	0.00909615121781826	0.008810050785541534	0.008505702950060368	0.006103273946791887	0.006205059587955475
19	neutral	../final/models/models_2nd_run/model2_10	../final/models/models_2nd_run/model2_10	excitement	0.7392838001251221	0.7392838001251221	0.08806745707988739	0.10366202890872955	0.01898929663002491	0.017323484644293785	0.00502901803702116	0.005580725613981485	0.004504538141191006	0.0031082096975296736	0.00560933630913496	0.0038561339024454355	0.00498604541644454
20	excitement	../final/models/models_2nd_run/model2_10	../final/models/models_2nd_run/model2_10	neutral	0.3462505638599396	0.2293049544095993	0.16780269145965576	0.3462505638599396	0.18209657073020935	0.020389314740896225	0.008889328688383102	0.00951373390853405	0.007880076766014099	0.008742344565689564	0.009115710854530334	0.005411315709352493	0.004603530280292034
21	neutral	../final/models/models_2nd_run/model2_10	../final/models/models_2nd_run/model2_10	neutral	0.5108736157417297	0.07832898944616318	0.2282639890909195	0.5108736157417297	0.09157896041870117	0.008924691006541252	0.005151362158358097	0.021970143541693687	0.022959833964705467	0.008096231147646904	0.008313722908496857	0.005699018016457558	0.009839481674134731
22	joy	../final/models/models_2nd_run/model2_10	../final/models/models_2nd_run/model2_10	neutral	0.2949100732803345	0.02732112631201744	0.037556491792201996	0.2949100732803345	0.0511753186583519	0.007166449446231127	0.01292929146438837	0.07962136715650558	0.050670865923166275	0.031067362055182457	0.2221175581216812	0.16367636620998383	0.02178778499364853
23	joy	../final/models/models_2nd_run/model2_10	../final/models/models_2nd_run/model2_10	pride	0.3240068852901459	0.14169074594974518	0.23261956870555878	0.22876320779323578	0.3240068852901459	0.010997083969414234	0.007142010144889355	0.014251364395022392	0.011954834684729576	0.010817992500960827	0.00780445383861661	0.0051114908419549465	0.004840422421693802
24	excitement	../final/models/models_2nd_run/model2_10	../final/models/models_2nd_run/model2_10	excitement	0.5254212617874146	0.5254212617874146	0.20005355775356293	0.1685914844274521	0.044724076986312866	0.027400756254792213	0.005171407945454121	0.004946904256939888	0.006104348227381706	0.004720652475953102	0.004324364475905895	0.004111850168555975	0.004429295659065247
25	disgust	../final/models/models_2nd_run/model2_10	../final/models/models_2nd_run/model2_10	nervousness	0.2604575753211975	0.03346875682473183	0.042528603225946426	0.14714907109737396	0.2405882030725479	0.011417831294238567	0.0276248287409544	0.2604575753211975	0.07477439194917679	0.09742563217878342	0.015806717798113823	0.014624234288930893	0.03413424268364906
26	surprise	../final/models/models_2nd_run/model2_10	../final/models/models_2nd_run/model2_10	neutral	0.5284835696220398	0.07509554922580719	0.08991961181163788	0.5284835696220398	0.18273936212062836	0.008320718072354794	0.009815821424126625	0.03449198976159096	0.017767131328582764	0.014171401038765907	0.01530163362622261	0.008310634642839432	0.015582552179694176
27	excitement	../final/models/models_2nd_run/model2_10	../final/models/models_2nd_run/model2_10	neutral	0.3100951910018921	0.1928999423980713	0.17199645936489105	0.3100951910018921	0.24754104018211365	0.018522869795560837	0.008066743612289429	0.01347117219120264	0.0082693537697196	0.009422051720321178	0.008497138507664204	0.0058140987530350685	0.005403912626206875
28	pride	../final/models/models_2nd_run/model2_10	../final/models/models_2nd_run/model2_10	pride	0.7118208408355713	0.05924461781978607	0.08689486235380173	0.07534293830394745	0.7118208408355713	0.007586257997900248	0.008243342861533165	0.01699596270918846	0.005630981642752886	0.013370596803724766	0.006850048899650574	0.004259953740984201	0.003759698709473014
29	pride	../final/models/models_2nd_run/model2_10	../final/models/models_2nd_run/model2_10	neutral	0.29853829741477966	0.07081124186515808	0.13751940429210663	0.29853829741477966	0.29184791445732117	0.01025706809014082	0.01813296042382717	0.07434062659740448	0.03406514227390289	0.030649684369564056	0.009054179303348064	0.010573387145996094	0.014210052788257599
30	pride	../final/models/models_2nd_run/model2_10	../final/models/models_2nd_run/model2_10	joy	0.3293919861316681	0.2947213351726532	0.3293919861316681	0.22650431096553802	0.08700806647539139	0.017848888412117958	0.008521288633346558	0.008606713265180588	0.006473761051893234	0.0063583445735275745	0.0048530870117247105	0.005509320646524429	0.004202749580144882
31	neutral	../final/models/models_2nd_run/model2_10	../final/models/models_2nd_run/model2_10	neutral	0.41623273491859436	0.115498848259449	0.22342616319656372	0.41623273491859436	0.07827960699796677	0.03622131049633026	0.014799936674535275	0.029562650248408318	0.025718141347169876	0.025325611233711243	0.006331074051558971	0.015460344031453133	0.013143547810614109
32	joy	../final/models/models_2nd_run/model2_10	../final/models/models_2nd_run/model2_10	joy	0.4286390542984009	0.17955940961837769	0.4286390542984009	0.22530625760555267	0.1072993054986	0.014867458492517471	0.007165232673287392	0.008740444667637348	0.00989887211471796	0.005934393964707851	0.004539333283901215	0.004291444551199675	0.003758816746994853
33	neutral	../final/models/models_2nd_run/model2_10	../final/models/models_2nd_run/model2_10	nervousness	0.301527202129364	0.0427309088408947	0.07571596652269363	0.2451220452785492	0.08260408043861389	0.011817878112196922	0.01913626305758953	0.301527202129364	0.06696545332670212	0.05487528070807457	0.009390637278556824	0.018304497003555298	0.07180984318256378
34	joy	../final/models/models_2nd_run/model2_10	../final/models/models_2nd_run/model2_10	joy	0.45531222224235535	0.1924065351486206	0.45531222224235535	0.2416542023420334	0.06209354102611542	0.012229322455823421	0.007891843095421791	0.00545117724686861	0.006000357214361429	0.004632577300071716	0.004777455236762762	0.0044674999080598354	0.0030832935590296984
35	joy	../final/models/models_2nd_run/model2_10	../final/models/models_2nd_run/model2_10	joy	0.34883251786231995	0.17589512467384338	0.34883251786231995	0.22882626950740814	0.18560606241226196	0.013568853959441185	0.0057455128990113735	0.008149340748786926	0.013305507600307465	0.006953098811209202	0.005883581470698118	0.004045446868985891	0.0031886352226138115
36	neutral	../final/models/models_2nd_run/model2_10	../final/models/models_2nd_run/model2_10	pride	0.360138863325119	0.1378049999475479	0.21736527979373932	0.20014436542987823	0.360138863325119	0.013819997198879719	0.00714361434802413	0.015210081823170185	0.018146296963095665	0.01226329617202282	0.008024603128433228	0.005074148532003164	0.0048645902425050735
37	excitement	../final/models/models_2nd_run/model2_10	../final/models/models_2nd_run/model2_10	neutral	0.549129068851471	0.09152799844741821	0.10960213840007782	0.549129068851471	0.17297089099884033	0.009122686460614204	0.00957051943987608	0.014933713711798191	0.009143293835222721	0.008916161954402924	0.012169656343758106	0.00682333018630743	0.006090572569519281
38	nervousness	../final/models/models_2nd_run/model2_10	../final/models/models_2nd_run/model2_10	nervousness	0.47311386466026306	0.04237211123108864	0.0337984599173069	0.06234150379896164	0.25361281633377075	0.00489036925137043	0.007833505049347878	0.47311386466026306	0.02557561919093132	0.04729209840297699	0.012703720480203629	0.008466287516057491	0.02799956500530243
39	anger	../final/models/models_2nd_run/model2_10	../final/models/models_2nd_run/model2_10	nervousness	0.2912934720516205	0.015648897737264633	0.02577543631196022	0.21429334580898285	0.055081531405448914	0.006479489617049694	0.013582849875092506	0.2912934720516205	0.08983650803565979	0.04070576652884483	0.14394831657409668	0.07606945931911469	0.027284953743219376
40	sadness	../final/models/models_2nd_run/model2_10	../final/models/models_2nd_run/model2_10	confusion	0.7748227715492249	0.0030939741991460323	0.00404219189658761	0.039342571049928665	0.006204106379300356	0.005799420643597841	0.7748227715492249	0.017312699928879738	0.009882266633212566	0.012228010222315788	0.09290201216936111	0.026191044598817825	0.008178969845175743
41	neutral	../final/models/models_2nd_run/model2_10	../final/models/models_2nd_run/model2_10	joy	0.3665845990180969	0.2623550295829773	0.3665845990180969	0.24320733547210693	0.07640188187360764	0.012302309274673462	0.008277062326669693	0.0061668758280575275	0.00603792117908597	0.004605699796229601	0.005347052589058876	0.0049588968977332115	0.003755321493372321
42	neutral	../final/models/models_2nd_run/model2_10	../final/models/models_2nd_run/model2_10	joy	0.40441474318504333	0.1601785570383072	0.40441474318504333	0.3193359673023224	0.07018443942070007	0.00968407653272152	0.006993785500526428	0.0058433120138943195	0.005107835866510868	0.0040289065800607204	0.005761784967035055	0.005123457405716181	0.0033430347684770823
43	neutral	../final/models/models_2nd_run/model2_10	../final/models/models_2nd_run/model2_10	neutral	0.45382604002952576	0.10385589301586151	0.2043871134519577	0.45382604002952576	0.11847059428691864	0.01923735998570919	0.013813838362693787	0.026149170473217964	0.01503448560833931	0.016125503927469254	0.00918693095445633	0.010476477444171906	0.009436623193323612
44	joy	../final/models/models_2nd_run/model2_10	../final/models/models_2nd_run/model2_10	neutral	0.30157172679901123	0.1193653866648674	0.1290816217660904	0.30157172679901123	0.22491829097270966	0.011726906523108482	0.017857111990451813	0.11400154232978821	0.01716209575533867	0.019532866775989532	0.008685325272381306	0.008002799935638905	0.028094392269849777
45	pride	../final/models/models_2nd_run/model2_10	../final/models/models_2nd_run/model2_10	neutral	0.46827882528305054	0.053780972957611084	0.07908787578344345	0.46827882528305054	0.1411605030298233	0.011478173546493053	0.013798524625599384	0.09178941696882248	0.04083230346441269	0.033902958035469055	0.014192493632435799	0.01844830811023712	0.0332496352493763
46	neutral	../final/models/models_2nd_run/model2_10	../final/models/models_2nd_run/model2_10	neutral	0.2854219675064087	0.12319614738225937	0.23985880613327026	0.2854219675064087	0.2641272246837616	0.0153395626693964	0.006849499884992838	0.01543588750064373	0.019640622660517693	0.011371523141860962	0.007983475923538208	0.0058075678534805775	0.004967634566128254
47	pride	../final/models/models_2nd_run/model2_10	../final/models/models_2nd_run/model2_10	neutral	0.3262158930301666	0.12966792285442352	0.12180335074663162	0.3262158930301666	0.3227206766605377	0.02084500901401043	0.012591288425028324	0.019097663462162018	0.010951264761388302	0.011864799074828625	0.01036319974809885	0.00648545240983367	0.007393348030745983
48	neutral	../final/models/models_2nd_run/model2_10	../final/models/models_2nd_run/model2_10	joy	0.34718066453933716	0.19821079075336456	0.34718066453933716	0.2918936610221863	0.09942032396793365	0.01702793873846531	0.010436434298753738	0.008565296418964863	0.006362099200487137	0.005505730863660574	0.005606563296169043	0.005317958537489176	0.004472609143704176
49	neutral	../final/models/models_2nd_run/model2_10	../final/models/models_2nd_run/model2_10	joy	0.5450503826141357	0.14331288635730743	0.5450503826141357	0.20961865782737732	0.05720529705286026	0.010808072052896023	0.0061228275299072266	0.006026387680321932	0.005994957871735096	0.0036574741825461388	0.004676381591707468	0.004200217314064503	0.00332640390843153
50	excitement	../final/models/models_2nd_run/model2_10	../final/models/models_2nd_run/model2_10	neutral	0.3050455152988434	0.1531863808631897	0.2636861503124237	0.3050455152988434	0.20798592269420624	0.00969572551548481	0.005637523718178272	0.012548277154564857	0.014599813148379326	0.008363179862499237	0.00846883561462164	0.005574305076152086	0.005208385176956654
51	disgust	../final/models/models_2nd_run/model2_10	../final/models/models_2nd_run/model2_10	disgust	0.7316098809242249	0.007974298670887947	0.011489979922771454	0.10627225786447525	0.0075277346186339855	0.004181711934506893	0.007035274524241686	0.016498804092407227	0.027176499366760254	0.0226273350417614	0.03800966218113899	0.7316098809242249	0.019596533849835396
52	pride	../final/models/models_2nd_run/model2_10	../final/models/models_2nd_run/model2_10	joy	0.39748597145080566	0.1933620274066925	0.39748597145080566	0.23699359595775604	0.10993277281522751	0.012700322084128857	0.008682472631335258	0.012331434525549412	0.00795102771371603	0.0061833206564188	0.004778268747031689	0.0047150868922472	0.004883686080574989
53	joy	../final/models/models_2nd_run/model2_10	../final/models/models_2nd_run/model2_10	neutral	0.3639301061630249	0.18483829498291016	0.26274001598358154	0.3639301061630249	0.1254209727048874	0.016829364001750946	0.006286880932748318	0.006245260126888752	0.0102043142542243	0.006424852181226015	0.007647139485925436	0.005882964003831148	0.003549923887476325
54	nervousness	../final/models/models_2nd_run/model2_10	../final/models/models_2nd_run/model2_10	nervousness	0.6645770072937012	0.019525332376360893	0.02120780199766159	0.04780082777142525	0.023657353594899178	0.00381920556537807	0.012482792139053345	0.6645770072937012	0.024295365437865257	0.012524336576461792	0.0058752018958330154	0.0066564567387104034	0.15757834911346436
55	neutral	../final/models/models_2nd_run/model2_10	../final/models/models_2nd_run/model2_10	joy	0.3924507200717926	0.2153625786304474	0.3924507200717926	0.23967596888542175	0.08248255401849747	0.01788538694381714	0.01412949338555336	0.008177527226507664	0.00911683775484562	0.007736337371170521	0.004943119827657938	0.00445697782561183	0.003582580713555217
56	surprise	../final/models/models_2nd_run/model2_10	../final/models/models_2nd_run/model2_10	surprise	0.48755019903182983	0.3629245162010193	0.0694713369011879	0.04693572595715523	0.007285680156201124	0.48755019903182983	0.007338251452893019	0.0019790898077189922	0.004298532847315073	0.004362501669675112	0.003024255856871605	0.002396004507318139	0.002433903282508254
57	sadness	../final/models/models_2nd_run/model2_10	../final/models/models_2nd_run/model2_10	sadness	0.3521798849105835	0.013203448615968227	0.023850131779909134	0.11674376577138901	0.03883867710828781	0.005841192323714495	0.009359575808048248	0.3099702000617981	0.3521798849105835	0.040712326765060425	0.011822138912975788	0.0098804896697402	0.06759811192750931
58	disgust	../final/models/models_2nd_run/model2_10	../final/models/models_2nd_run/model2_10	nervousness	0.42646482586860657	0.011007865890860558	0.012052033096551895	0.051925648003816605	0.02553677000105381	0.005732260178774595	0.11073609441518784	0.42646482586860657	0.1456967145204544	0.0796266421675682	0.035999104380607605	0.03896695375442505	0.056255146861076355
59	excitement	../final/models/models_2nd_run/model2_10	../final/models/models_2nd_run/model2_10	excitement	0.8634617924690247	0.8634617924690247	0.04175785928964615	0.04797203466296196	0.009015174582600594	0.016006149351596832	0.003601368051022291	0.0037240032106637955	0.0025535831227898598	0.00206274283118546	0.003930295817553997	0.002512910170480609	0.003402041271328926
60	excitement	../final/models/models_2nd_run/model2_10	../final/models/models_2nd_run/model2_10	excitement	0.7076214551925659	0.7076214551925659	0.13938094675540924	0.08449456095695496	0.0297387707978487	0.01226328406482935	0.005122712347656488	0.005650576204061508	0.003507043933495879	0.0029015180189162493	0.0033760445658117533	0.002391223330050707	0.0035518710501492023
61	neutral	../final/models/models_2nd_run/model2_10	../final/models/models_2nd_run/model2_10	joy	0.46513599157333374	0.17980900406837463	0.46513599157333374	0.23820094764232635	0.06232792139053345	0.01272532157599926	0.007226783316582441	0.006720558740198612	0.007850972935557365	0.005373625084757805	0.005697629414498806	0.004813752137124538	0.0041175405494868755
62	surprise	../final/models/models_2nd_run/model2_10	../final/models/models_2nd_run/model2_10	neutral	0.312237948179245	0.06607270240783691	0.10882940143346786	0.312237948179245	0.2929411232471466	0.023509610444307327	0.03910930082201958	0.04056690260767937	0.026400897651910782	0.060615070164203644	0.011257153004407883	0.009967279620468616	0.00849265418946743
63	pride	../final/models/models_2nd_run/model2_10	../final/models/models_2nd_run/model2_10	joy	0.40912315249443054	0.3616216480731964	0.40912315249443054	0.14535194635391235	0.0429123118519783	0.013978471048176289	0.005322725977748632	0.003679082030430436	0.00461417343467474	0.0031215492635965347	0.0042745997197926044	0.002979799173772335	0.003020585048943758
64	nervousness	../final/models/models_2nd_run/model2_10	../final/models/models_2nd_run/model2_10	neutral	0.25085997581481934	0.04973837733268738	0.06650572270154953	0.25085997581481934	0.13206148147583008	0.02291094698011875	0.021049249917268753	0.1790543496608734	0.08864311128854752	0.11151274293661118	0.022844359278678894	0.0273454412817955	0.027474192902445793
65	neutral	../final/models/models_2nd_run/model2_10	../final/models/models_2nd_run/model2_10	excitement	0.5136179327964783	0.5136179327964783	0.2640621066093445	0.1453901082277298	0.025608336552977562	0.02378779649734497	0.006608486641198397	0.002684002975001931	0.004011450335383415	0.0028874841518700123	0.0042595937848091125	0.004054229240864515	0.0030284393578767776
66	nervousness	../final/models/models_2nd_run/model2_10	../final/models/models_2nd_run/model2_10	nervousness	0.22282929718494415	0.06280685216188431	0.08827504515647888	0.2179216593503952	0.16608934104442596	0.014088266529142857	0.020407138392329216	0.22282929718494415	0.06465446949005127	0.07357461005449295	0.014383988454937935	0.023686595261096954	0.03128281608223915
67	joy	../final/models/models_2nd_run/model2_10	../final/models/models_2nd_run/model2_10	excitement	0.43383702635765076	0.43383702635765076	0.33663812279701233	0.14858372509479523	0.02757202461361885	0.020167551934719086	0.007153321988880634	0.0037567419931292534	0.005637542810291052	0.0034657411742955446	0.005198056809604168	0.004130477551370859	0.003859700635075569
68	confusion	../final/models/models_2nd_run/model2_10	../final/models/models_2nd_run/model2_10	confusion	0.6423075199127197	0.010312515310943127	0.01979767717421055	0.032360855489969254	0.018347684293985367	0.008398476056754589	0.6423075199127197	0.15911270678043365	0.0534973070025444	0.022065389901399612	0.009807194583117962	0.00444453302770853	0.019548170268535614
69	excitement	../final/models/models_2nd_run/model2_10	../final/models/models_2nd_run/model2_10	pride	0.5521410703659058	0.21262484788894653	0.07256586104631424	0.08769931644201279	0.5521410703659058	0.010496122762560844	0.008448495529592037	0.020586296916007996	0.005835960619151592	0.01341814175248146	0.00669504702091217	0.0041959332302212715	0.0052930270321667194
70	pride	../final/models/models_2nd_run/model2_10	../final/models/models_2nd_run/model2_10	pride	0.7772070169448853	0.055131375789642334	0.06208668649196625	0.04771854355931282	0.7772070169448853	0.006653537508100271	0.007317467592656612	0.013582597486674786	0.004200245253741741	0.014049832709133625	0.005759865045547485	0.003441847860813141	0.0028510678093880415
71	excitement	../final/models/models_2nd_run/model2_10	../final/models/models_2nd_run/model2_10	excitement	0.5483002066612244	0.5483002066612244	0.18493270874023438	0.15013940632343292	0.04704129323363304	0.03651934489607811	0.007849378511309624	0.003987239208072424	0.004113892093300819	0.00517946295440197	0.00439914595335722	0.00428385753184557	0.00325400079600513
72	surprise	../final/models/models_2nd_run/model2_10	../final/models/models_2nd_run/model2_10	excitement	0.33602505922317505	0.33602505922317505	0.26087793707847595	0.2320098876953125	0.07985882461071014	0.04122253507375717	0.008957510814070702	0.00941537320613861	0.008681218139827251	0.00825768243521452	0.005779918748885393	0.0045283702202141285	0.004385749809443951
73	neutral	../final/models/models_2nd_run/model2_10	../final/models/models_2nd_run/model2_10	pride	0.292453795671463	0.1859409213066101	0.18626753985881805	0.2605034410953522	0.292453795671463	0.013420412316918373	0.011685756035149097	0.015175281092524529	0.006870598532259464	0.011068842373788357	0.00678785378113389	0.004909329116344452	0.004916113335639238
74	excitement	../final/models/models_2nd_run/model2_10	../final/models/models_2nd_run/model2_10	joy	0.36781495809555054	0.3650839030742645	0.36781495809555054	0.1872314065694809	0.03469891846179962	0.013924339786171913	0.0053177811205387115	0.003556908341124654	0.006709774490445852	0.0033427844755351543	0.005306772422045469	0.004105105064809322	0.002907330635935068
75	pride	../final/models/models_2nd_run/model2_10	../final/models/models_2nd_run/model2_10	neutral	0.31879305839538574	0.11912276595830917	0.15032392740249634	0.31879305839538574	0.2833654284477234	0.01575622335076332	0.013445110991597176	0.034307319670915604	0.014392420649528503	0.019562745466828346	0.01120470929890871	0.009301635436713696	0.010424596257507801
76	excitement	../final/models/models_2nd_run/model2_10	../final/models/models_2nd_run/model2_10	excitement	0.4961952865123749	0.4961952865123749	0.2067999541759491	0.17332062125205994	0.03369062766432762	0.022278113290667534	0.006532616913318634	0.010754222050309181	0.007675806991755962	0.007239552214741707	0.013941174373030663	0.010582642629742622	0.010989372618496418
77	joy	../final/models/models_2nd_run/model2_10	../final/models/models_2nd_run/model2_10	neutral	0.3219847083091736	0.0883391946554184	0.10851302742958069	0.3219847083091736	0.28295403718948364	0.010576366446912289	0.013194235041737556	0.07634802907705307	0.0352991484105587	0.02788783237338066	0.010456339456140995	0.008198446594178677	0.01624845154583454
78	joy	../final/models/models_2nd_run/model2_10	../final/models/models_2nd_run/model2_10	joy	0.38220009207725525	0.11728771030902863	0.38220009207725525	0.28579336404800415	0.15690504014492035	0.008639541454613209	0.007872877642512321	0.010113024152815342	0.008042987436056137	0.00626625120639801	0.007093408145010471	0.0055731781758368015	0.004212632775306702
79	disgust	../final/models/models_2nd_run/model2_10	../final/models/models_2nd_run/model2_10	sadness	0.516377866268158	0.008428605273365974	0.019429916515946388	0.06753599643707275	0.005295286420732737	0.005013299640268087	0.010859498754143715	0.11713261157274246	0.516377866268158	0.019672323018312454	0.010334045626223087	0.07872167229652405	0.14119884371757507
80	neutral	../final/models/models_2nd_run/model2_10	../final/models/models_2nd_run/model2_10	neutral	0.40825867652893066	0.09117874503135681	0.1627916693687439	0.40825867652893066	0.2089347541332245	0.013282719068229198	0.010571768507361412	0.02804444171488285	0.026383860036730766	0.02266986295580864	0.009817530401051044	0.008687549270689487	0.009378420189023018
81	anger	../final/models/models_2nd_run/model2_10	../final/models/models_2nd_run/model2_10	nervousness	0.4863249957561493	0.011203399859368801	0.021726632490754128	0.07087098062038422	0.022189978510141373	0.008371120318770409	0.01744832657277584	0.4863249957561493	0.1542489230632782	0.06377032399177551	0.006568440701812506	0.018117306753993034	0.11915960162878036
82	pride	../final/models/models_2nd_run/model2_10	../final/models/models_2nd_run/model2_10	excitement	0.43952676653862	0.43952676653862	0.3398325443267822	0.11850006133317947	0.05267833173274994	0.02213265746831894	0.005231995135545731	0.004434365313500166	0.0051229591481387615	0.003446007613092661	0.003722552442923188	0.002664303407073021	0.002707437379285693
83	excitement	../final/models/models_2nd_run/model2_10	../final/models/models_2nd_run/model2_10	neutral	0.37752193212509155	0.12166574597358704	0.21121275424957275	0.37752193212509155	0.18673749268054962	0.017051201313734055	0.009986095130443573	0.015786275267601013	0.01955874264240265	0.014462398365139961	0.008384151384234428	0.009294940158724785	0.008338253013789654
84	neutral	../final/models/models_2nd_run/model2_10	../final/models/models_2nd_run/model2_10	neutral	0.3559519350528717	0.16867098212242126	0.3512328267097473	0.3559519350528717	0.060180701315402985	0.016364460811018944	0.010416427627205849	0.007680445443838835	0.007542279548943043	0.005414973013103008	0.005388717632740736	0.006108124274760485	0.005048123188316822
85	neutral	../final/models/models_2nd_run/model2_10	../final/models/models_2nd_run/model2_10	neutral	0.4658673107624054	0.18589140474796295	0.19031162559986115	0.4658673107624054	0.07976371794939041	0.015813298523426056	0.011608828790485859	0.014065028168261051	0.007652644068002701	0.006191614083945751	0.008615955710411072	0.006894336082041264	0.007324159145355225
86	surprise	../final/models/models_2nd_run/model2_10	../final/models/models_2nd_run/model2_10	joy	0.4148843586444855	0.27952075004577637	0.4148843586444855	0.23067022860050201	0.03214697167277336	0.014079616405069828	0.00637603597715497	0.0033476673997938633	0.004954120609909296	0.002731295069679618	0.004664395935833454	0.003729647258296609	0.0028949149418622255
87	neutral	../final/models/models_2nd_run/model2_10	../final/models/models_2nd_run/model2_10	neutral	0.26801612973213196	0.057684239000082016	0.07301756739616394	0.26801612973213196	0.2491922676563263	0.01597646437585354	0.026023846119642258	0.14739079773426056	0.052680063992738724	0.05682183802127838	0.012226488441228867	0.011666402220726013	0.029303820803761482
88	joy	../final/models/models_2nd_run/model2_10	../final/models/models_2nd_run/model2_10	neutral	0.30708247423171997	0.07919248938560486	0.20284652709960938	0.30708247423171997	0.30539026856422424	0.007870291359722614	0.006797752343118191	0.027021586894989014	0.025679515674710274	0.014053631573915482	0.010141756385564804	0.0058595286682248116	0.008064266294240952
89	neutral	../final/models/models_2nd_run/model2_10	../final/models/models_2nd_run/model2_10	neutral	0.41253432631492615	0.10594392567873001	0.33698615431785583	0.41253432631492615	0.05775446444749832	0.018490608781576157	0.010458862408995628	0.013346785679459572	0.01302101369947195	0.00870034284889698	0.006319118198007345	0.008871518075466156	0.007573033217340708
90	excitement	../final/models/models_2nd_run/model2_10	../final/models/models_2nd_run/model2_10	excitement	0.418497234582901	0.418497234582901	0.2715456485748291	0.1516111195087433	0.10709340870380402	0.018554309383034706	0.006611688993871212	0.00582109997048974	0.004859584849327803	0.004770576022565365	0.004414178431034088	0.0030090068466961384	0.0032122470438480377
91	pride	../final/models/models_2nd_run/model2_10	../final/models/models_2nd_run/model2_10	joy	0.2914770841598511	0.19105681777000427	0.2914770841598511	0.24689988791942596	0.20933622121810913	0.01257635373622179	0.007540190126746893	0.009190545417368412	0.006828352343291044	0.006619657389819622	0.008453463204205036	0.0060474383644759655	0.003974048886448145
92	excitement	../final/models/models_2nd_run/model2_10	../final/models/models_2nd_run/model2_10	excitement	0.30096739530563354	0.30096739530563354	0.28356945514678955	0.2898493707180023	0.07092916965484619	0.018776940181851387	0.00801145564764738	0.004046268295496702	0.004792294930666685	0.004160442855209112	0.006720744539052248	0.005123085808008909	0.0030533678364008665
93	joy	../final/models/models_2nd_run/model2_10	../final/models/models_2nd_run/model2_10	pride	0.3337368965148926	0.08582883328199387	0.07735799252986908	0.19344483315944672	0.3337368965148926	0.01882113516330719	0.015322127379477024	0.1070437878370285	0.06373944878578186	0.06375595182180405	0.01007695123553276	0.008977442048490047	0.021894562989473343
94	nervousness	../final/models/models_2nd_run/model2_10	../final/models/models_2nd_run/model2_10	nervousness	0.34121471643447876	0.010556742548942566	0.01772044412791729	0.1686214655637741	0.04978783056139946	0.003958585672080517	0.009793768636882305	0.34121471643447876	0.17270871996879578	0.03776584938168526	0.10264094918966293	0.05189472809433937	0.033336274325847626
95	joy	../final/models/models_2nd_run/model2_10	../final/models/models_2nd_run/model2_10	neutral	0.4597870111465454	0.11241060495376587	0.1486559510231018	0.4597870111465454	0.1346798986196518	0.022938648238778114	0.01975950412452221	0.02656434290111065	0.020734677091240883	0.02389986626803875	0.008558209054172039	0.011587116867303848	0.010424204170703888
96	pride	../final/models/models_2nd_run/model2_10	../final/models/models_2nd_run/model2_10	neutral	0.36925265192985535	0.1269647628068924	0.15605056285858154	0.36925265192985535	0.26275479793548584	0.012007176876068115	0.011184551753103733	0.019675401970744133	0.008841694332659245	0.010966748930513859	0.008611228317022324	0.006646085996180773	0.007044334430247545
97	pride	../final/models/models_2nd_run/model2_10	../final/models/models_2nd_run/model2_10	joy	0.4007132351398468	0.2200269103050232	0.4007132351398468	0.24360112845897675	0.08772030472755432	0.01172258984297514	0.006468718871474266	0.006703109946101904	0.004765710327774286	0.004771827254444361	0.005493331700563431	0.0047998372465372086	0.0032133760396391153
98	neutral	../final/models/models_2nd_run/model2_10	../final/models/models_2nd_run/model2_10	neutral	0.3397972881793976	0.11354102939367294	0.24008120596408844	0.3397972881793976	0.18852172791957855	0.018009083345532417	0.012639430351555347	0.029147827997803688	0.014287897385656834	0.019107483327388763	0.00688523892313242	0.009421571157872677	0.00856021698564291
99	joy	../final/models/models_2nd_run/model2_10	../final/models/models_2nd_run/model2_10	excitement	0.5151301622390747	0.5151301622390747	0.2519538402557373	0.13683108985424042	0.04670222848653793	0.020042626187205315	0.0071250093169510365	0.0032525707501918077	0.0042785112746059895	0.003921710420399904	0.003729857038706541	0.004261747468262911	0.0027707163244485855
100	pride	../final/models/models_2nd_run/model2_10	../final/models/models_2nd_run/model2_10	pride	0.49721065163612366	0.18909059464931488	0.124821737408638	0.12226713448762894	0.49721065163612366	0.010296953842043877	0.0073839835822582245	0.014277183450758457	0.006264177616685629	0.012760375626385212	0.006578687112778425	0.00469712121412158	0.004351459909230471
101	excitement	../final/models/models_2nd_run/model2_10	../final/models/models_2nd_run/model2_10	sadness	0.32255399227142334	0.022303517907857895	0.04568501561880112	0.15535007417201996	0.0674956664443016	0.008747720159590244	0.011313052847981453	0.2381860613822937	0.32255399227142334	0.0633486807346344	0.011023754253983498	0.011636135168373585	0.04235627129673958
102	surprise	../final/models/models_2nd_run/model2_10	../final/models/models_2nd_run/model2_10	neutral	0.5036926865577698	0.08667747676372528	0.11340346187353134	0.5036926865577698	0.20360185205936432	0.011905559338629246	0.009794301353394985	0.01936769112944603	0.013323532417416573	0.012744206003844738	0.011036204174160957	0.007237961050122976	0.007215049117803574
103	joy	../final/models/models_2nd_run/model2_10	../final/models/models_2nd_run/model2_10	joy	0.36105120182037354	0.2900329828262329	0.36105120182037354	0.2506099343299866	0.045010045170784	0.015783099457621574	0.007297119125723839	0.004470963031053543	0.006681225728243589	0.004067596513777971	0.005867189262062311	0.005203269422054291	0.00392538495361805
104	pride	../final/models/models_2nd_run/model2_10	../final/models/models_2nd_run/model2_10	pride	0.8370748162269592	0.03578423336148262	0.031617920845746994	0.03938009962439537	0.8370748162269592	0.005213188007473946	0.0057549672201275826	0.014924651011824608	0.0035820817574858665	0.014970908872783184	0.005729645024985075	0.002880803309381008	0.003086860990151763
105	pride	../final/models/models_2nd_run/model2_10	../final/models/models_2nd_run/model2_10	excitement	0.28076693415641785	0.28076693415641785	0.17160461843013763	0.2799034118652344	0.194938063621521	0.01799890771508217	0.009169320575892925	0.012044490315020084	0.008089392445981503	0.007678336463868618	0.007230361457914114	0.004739677999168634	0.005836553871631622
106	joy	../final/models/models_2nd_run/model2_10	../final/models/models_2nd_run/model2_10	neutral	0.35956549644470215	0.1345876157283783	0.29903143644332886	0.35956549644470215	0.07736750692129135	0.020200563594698906	0.01443114411085844	0.022151201963424683	0.018184097483754158	0.020387666299939156	0.006888105999678373	0.017933594062924385	0.009271593764424324
107	nervousness	../final/models/models_2nd_run/model2_10	../final/models/models_2nd_run/model2_10	nervousness	0.6316117644309998	0.032791439443826675	0.034843526780605316	0.06961313635110855	0.03856639564037323	0.0045173196122050285	0.01172673236578703	0.6316117644309998	0.020047586411237717	0.01376027800142765	0.006500177085399628	0.007432516664266586	0.12858904898166656
108	joy	../final/models/models_2nd_run/model2_10	../final/models/models_2nd_run/model2_10	pride	0.6316162347793579	0.09587348252534866	0.11864471435546875	0.09286321699619293	0.6316162347793579	0.007767227478325367	0.00818514171987772	0.014254993759095669	0.005679022520780563	0.010659690015017986	0.006593840196728706	0.004046143032610416	0.003816387616097927
109	neutral	../final/models/models_2nd_run/model2_10	../final/models/models_2nd_run/model2_10	excitement	0.4799268841743469	0.4799268841743469	0.2416210174560547	0.16913579404354095	0.044314559549093246	0.027012819424271584	0.006858415435999632	0.0058945557102561	0.005719528533518314	0.005507356021553278	0.005296215880662203	0.004681620746850967	0.004031289368867874
110	pride	../final/models/models_2nd_run/model2_10	../final/models/models_2nd_run/model2_10	pride	0.650424599647522	0.07741786539554596	0.09435605257749557	0.10877581685781479	0.650424599647522	0.00745432311668992	0.007744257804006338	0.016770364716649055	0.005604956764727831	0.01496298797428608	0.007673841901123524	0.004874725826084614	0.003940269351005554
111	pride	../final/models/models_2nd_run/model2_10	../final/models/models_2nd_run/model2_10	neutral	0.41401973366737366	0.137747123837471	0.27873313426971436	0.41401973366737366	0.08104380965232849	0.017562484368681908	0.012910052202641964	0.014483115635812283	0.012767648324370384	0.008495642803609371	0.007094927132129669	0.008328545838594437	0.0068137128837406635
112	neutral	../final/models/models_2nd_run/model2_10	../final/models/models_2nd_run/model2_10	neutral	0.390135794878006	0.1262401044368744	0.22552450001239777	0.390135794878006	0.12549036741256714	0.01835850067436695	0.007929559797048569	0.020682387053966522	0.04736226797103882	0.016162369400262833	0.007612747140228748	0.007336942479014397	0.00716441310942173
113	excitement	../final/models/models_2nd_run/model2_10	../final/models/models_2nd_run/model2_10	joy	0.47374609112739563	0.2900296449661255	0.47374609112739563	0.14922916889190674	0.049871087074279785	0.010630274191498756	0.004562321584671736	0.004329304210841656	0.005451359320431948	0.0029707704670727253	0.0033935110550373793	0.002875562058761716	0.002910788869485259
114	joy	../final/models/models_2nd_run/model2_10	../final/models/models_2nd_run/model2_10	joy	0.3218619227409363	0.3181770443916321	0.3218619227409363	0.24243810772895813	0.06404688954353333	0.016624322161078453	0.006813520565629005	0.004553402308374643	0.006607752293348312	0.004671681672334671	0.005793326068669558	0.0050718337297439575	0.0033402543049305677
115	neutral	../final/models/models_2nd_run/model2_10	../final/models/models_2nd_run/model2_10	excitement	0.42281582951545715	0.42281582951545715	0.17837932705879211	0.19152943789958954	0.05676468461751938	0.08212790638208389	0.0107320761308074	0.011345184408128262	0.018048422411084175	0.01210635993629694	0.005055497400462627	0.005176011472940445	0.0059192911721765995
116	pride	../final/models/models_2nd_run/model2_10	../final/models/models_2nd_run/model2_10	excitement	0.3918216824531555	0.3918216824531555	0.174597829580307	0.17433740198612213	0.08400348573923111	0.08256714046001434	0.016612529754638672	0.03355042636394501	0.007459784857928753	0.014774433337152004	0.004294990561902523	0.004608445335179567	0.011371814645826817
117	neutral	../final/models/models_2nd_run/model2_10	../final/models/models_2nd_run/model2_10	joy	0.5181774497032166	0.24232853949069977	0.5181774497032166	0.16056415438652039	0.030842797830700874	0.012293033301830292	0.008181747049093246	0.0050771525129675865	0.0049260626547038555	0.0037878407165408134	0.005489915143698454	0.0046716840006411076	0.0036595852579921484
118	pride	../final/models/models_2nd_run/model2_10	../final/models/models_2nd_run/model2_10	joy	0.4987652003765106	0.16650548577308655	0.4987652003765106	0.2126225382089615	0.07743491977453232	0.010255586355924606	0.006638320162892342	0.006097729783505201	0.005847821943461895	0.004080688115209341	0.004355619661509991	0.00401810510084033	0.0033779332879930735
119	anger	../final/models/models_2nd_run/model2_10	../final/models/models_2nd_run/model2_10	anger	0.6357331275939941	0.007984690368175507	0.01333097368478775	0.10071423649787903	0.037185583263635635	0.00331647670827806	0.005218578036874533	0.03320058435201645	0.03306300938129425	0.02021893672645092	0.6357331275939941	0.10120858997106552	0.008825216442346573
120	excitement	../final/models/models_2nd_run/model2_10	../final/models/models_2nd_run/model2_10	excitement	0.8585914373397827	0.8585914373397827	0.04465056210756302	0.04682157561182976	0.00935658160597086	0.018421778455376625	0.0035884534008800983	0.004171145148575306	0.003017330076545477	0.0025411350652575493	0.0031674832571297884	0.002300363965332508	0.0033722184598445892
121	excitement	../final/models/models_2nd_run/model2_10	../final/models/models_2nd_run/model2_10	joy	0.3031896650791168	0.27498912811279297	0.3031896650791168	0.2882120609283447	0.0658804252743721	0.02271896041929722	0.008631495758891106	0.0064786155708134174	0.00813719816505909	0.0054549844935536385	0.005972302984446287	0.005514682736247778	0.0048205191269516945
122	neutral	../final/models/models_2nd_run/model2_10	../final/models/models_2nd_run/model2_10	neutral	0.4610183835029602	0.12448423355817795	0.2955458164215088	0.4610183835029602	0.049606140702962875	0.01639855094254017	0.009168790653347969	0.00869699101895094	0.010026207193732262	0.005948128644376993	0.006507449317723513	0.006554373539984226	0.006044930778443813
123	excitement	../final/models/models_2nd_run/model2_10	../final/models/models_2nd_run/model2_10	joy	0.5293709635734558	0.23659385740756989	0.5293709635734558	0.15919256210327148	0.04010535404086113	0.008450130000710487	0.005377344321459532	0.0037955627776682377	0.003990143537521362	0.0028484195936471224	0.004223605152219534	0.0033689590636640787	0.0026831866707652807
124	joy	../final/models/models_2nd_run/model2_10	../final/models/models_2nd_run/model2_10	joy	0.55821692943573	0.23318685591220856	0.55821692943573	0.13315880298614502	0.036646243184804916	0.012081942521035671	0.00517284357920289	0.003891900647431612	0.005441875196993351	0.0030000426340848207	0.003382564289495349	0.0030092091765254736	0.002810718258842826
125	pride	../final/models/models_2nd_run/model2_10	../final/models/models_2nd_run/model2_10	excitement	0.6160935759544373	0.6160935759544373	0.13368678092956543	0.14982521533966064	0.028466274961829185	0.047566529363393784	0.004841823596507311	0.0030533121898770332	0.0037581000942736864	0.0032486228737980127	0.004216811154037714	0.0027640534099191427	0.002478892682120204
126	pride	../final/models/models_2nd_run/model2_10	../final/models/models_2nd_run/model2_10	joy	0.37348437309265137	0.20740795135498047	0.37348437309265137	0.2277592271566391	0.14264105260372162	0.011978812515735626	0.005280954297631979	0.0065638283267617226	0.00736278248950839	0.004972051829099655	0.005541704595088959	0.003967126365751028	0.0030401877593249083
127	neutral	../final/models/models_2nd_run/model2_10	../final/models/models_2nd_run/model2_10	joy	0.5390222668647766	0.18181118369102478	0.5390222668647766	0.17300616204738617	0.06745298951864243	0.009106813929975033	0.006000111345201731	0.005018614232540131	0.0052095926366746426	0.003415244398638606	0.003650837577879429	0.003293799702078104	0.003012425033375621
128	neutral	../final/models/models_2nd_run/model2_10	../final/models/models_2nd_run/model2_10	neutral	0.3874967694282532	0.16275906562805176	0.18191151320934296	0.3874967694282532	0.14726875722408295	0.020205289125442505	0.01487063430249691	0.03066139854490757	0.013803762383759022	0.015230345539748669	0.007569109555333853	0.008734445087611675	0.009488852694630623
129	neutral	../final/models/models_2nd_run/model2_10	../final/models/models_2nd_run/model2_10	joy	0.4167934060096741	0.12826240062713623	0.4167934060096741	0.19374410808086395	0.2094525396823883	0.007875384762883186	0.0071526262909173965	0.009338182397186756	0.008313385769724846	0.005975285544991493	0.005349824670702219	0.003990535158663988	0.0037523091305047274
130	excitement	../final/models/models_2nd_run/model2_10	../final/models/models_2nd_run/model2_10	neutral	0.28599292039871216	0.2166328877210617	0.13964985311031342	0.28599292039871216	0.27317333221435547	0.021550185978412628	0.010621032677590847	0.013693337328732014	0.005492093041539192	0.011818419210612774	0.009359321556985378	0.006361865904182196	0.005654727108776569
131	disgust	../final/models/models_2nd_run/model2_10	../final/models/models_2nd_run/model2_10	sadness	0.5853647589683533	0.01451466977596283	0.027773691341280937	0.0769842341542244	0.07468944042921066	0.008616868406534195	0.012583509087562561	0.07644589990377426	0.5853647589683533	0.09163957089185715	0.011799870990216732	0.011064768768846989	0.008522666059434414
132	joy	../final/models/models_2nd_run/model2_10	../final/models/models_2nd_run/model2_10	neutral	0.41669172048568726	0.11960730701684952	0.11059794574975967	0.41669172048568726	0.2194785624742508	0.01814918778836727	0.014429857954382896	0.03305889666080475	0.015915853902697563	0.019196849316358566	0.011519032530486584	0.008955977857112885	0.012398756109178066
133	nervousness	../final/models/models_2nd_run/model2_10	../final/models/models_2nd_run/model2_10	nervousness	0.31997671723365784	0.03597177192568779	0.038625214248895645	0.1653236746788025	0.1536114364862442	0.009429494850337505	0.015101161785423756	0.31997671723365784	0.11346155405044556	0.05941637232899666	0.013253281824290752	0.014245848171412945	0.061583422124385834
134	joy	../final/models/models_2nd_run/model2_10	../final/models/models_2nd_run/model2_10	joy	0.3483199179172516	0.294320672750473	0.3483199179172516	0.2591173052787781	0.039372701197862625	0.017381131649017334	0.00781667698174715	0.006508892867714167	0.006020212080329657	0.004362576641142368	0.005917422939091921	0.006347439251840115	0.004515079781413078
135	joy	../final/models/models_2nd_run/model2_10	../final/models/models_2nd_run/model2_10	pride	0.3368684649467468	0.15729829668998718	0.2754640579223633	0.1718926727771759	0.3368684649467468	0.008646511472761631	0.006802236661314964	0.01058755349367857	0.009263260290026665	0.008029051125049591	0.0075096371583640575	0.004190084990113974	0.0034481659531593323
136	excitement	../final/models/models_2nd_run/model2_10	../final/models/models_2nd_run/model2_10	pride	0.8094605803489685	0.039435241371393204	0.045640453696250916	0.04356811195611954	0.8094605803489685	0.004593018442392349	0.005856972653418779	0.015578607097268105	0.004992066882550716	0.01815187744796276	0.006077375262975693	0.003459387691691518	0.0031863113399595022
137	nervousness	../final/models/models_2nd_run/model2_10	../final/models/models_2nd_run/model2_10	nervousness	0.6275739669799805	0.0463084802031517	0.045518551021814346	0.07232903689146042	0.05044152960181236	0.004903261084109545	0.012640027329325676	0.6275739669799805	0.01743384823203087	0.011176635511219501	0.00643082894384861	0.005540649872273207	0.0997031033039093
138	excitement	../final/models/models_2nd_run/model2_10	../final/models/models_2nd_run/model2_10	pride	0.6212841868400574	0.1195610836148262	0.10606806725263596	0.08722757548093796	0.6212841868400574	0.010016396641731262	0.008074085228145123	0.014680835418403149	0.005939812399446964	0.01337710116058588	0.006073102820664644	0.004036756232380867	0.00366098340600729
139	pride	../final/models/models_2nd_run/model2_10	../final/models/models_2nd_run/model2_10	joy	0.43419307470321655	0.16258291900157928	0.43419307470321655	0.21288731694221497	0.1412310004234314	0.010916010476648808	0.005387543700635433	0.006491968408226967	0.008063371293246746	0.005416638683527708	0.005618124268949032	0.004226339049637318	0.0029857840854674578
140	joy	../final/models/models_2nd_run/model2_10	../final/models/models_2nd_run/model2_10	joy	0.4272206127643585	0.2804536819458008	0.4272206127643585	0.1905270218849182	0.05425523221492767	0.015636514872312546	0.005275223404169083	0.0045496998354792595	0.006651491392403841	0.004318646155297756	0.004352048970758915	0.0038734935224056244	0.002886406145989895
141	joy	../final/models/models_2nd_run/model2_10	../final/models/models_2nd_run/model2_10	neutral	0.31430312991142273	0.12015751004219055	0.305262953042984	0.31430312991142273	0.19048069417476654	0.01061575673520565	0.009029672481119633	0.014161585830152035	0.009460587985813618	0.008305053226649761	0.007082626223564148	0.005956984590739012	0.0051834555342793465
142	joy	../final/models/models_2nd_run/model2_10	../final/models/models_2nd_run/model2_10	excitement	0.3204866945743561	0.3204866945743561	0.2597370445728302	0.2977055013179779	0.03589684143662453	0.038426097482442856	0.010664026252925396	0.004758661612868309	0.007034586742520332	0.006811419036239386	0.004995698109269142	0.008788388222455978	0.004694975912570953
143	excitement	../final/models/models_2nd_run/model2_10	../final/models/models_2nd_run/model2_10	pride	0.7747061252593994	0.06236870586872101	0.04781439155340195	0.055526264011859894	0.7747061252593994	0.006963733118027449	0.006232753396034241	0.014203007332980633	0.0036193823907524347	0.01624925062060356	0.005861797835677862	0.003429924137890339	0.003024645149707794
144	joy	../final/models/models_2nd_run/model2_10	../final/models/models_2nd_run/model2_10	neutral	0.3102351427078247	0.20184725522994995	0.23785756528377533	0.3102351427078247	0.16871681809425354	0.01608286239206791	0.007850276306271553	0.011761738918721676	0.012530578300356865	0.012097150087356567	0.009302220307290554	0.007980545051395893	0.003737847553566098
145	nervousness	../final/models/models_2nd_run/model2_10	../final/models/models_2nd_run/model2_10	neutral	0.33950912952423096	0.32930988073349	0.12905454635620117	0.33950912952423096	0.12142021209001541	0.014502140693366528	0.011110358871519566	0.022229745984077454	0.007100589573383331	0.00736546516418457	0.006050914525985718	0.0038233273662626743	0.008523673750460148
146	joy	../final/models/models_2nd_run/model2_10	../final/models/models_2nd_run/model2_10	neutral	0.2770179808139801	0.1704549938440323	0.23296962678432465	0.2770179808139801	0.2197216898202896	0.015512337908148766	0.009454572573304176	0.0233833659440279	0.017934920266270638	0.013279976323246956	0.0065905931405723095	0.0061020636931061745	0.007577906362712383
147	pride	../final/models/models_2nd_run/model2_10	../final/models/models_2nd_run/model2_10	excitement	0.26201125979423523	0.26201125979423523	0.20517723262310028	0.25181150436401367	0.1909264177083969	0.020103516057133675	0.01194495428353548	0.015874916687607765	0.009219392202794552	0.01003789808601141	0.008612526580691338	0.0069898818619549274	0.007290555629879236
148	excitement	../final/models/models_2nd_run/model2_10	../final/models/models_2nd_run/model2_10	joy	0.4785477817058563	0.2220076024532318	0.4785477817058563	0.2119007706642151	0.043334752321243286	0.012661236338317394	0.006668706890195608	0.0047820680774748325	0.005291086621582508	0.0034294023644179106	0.004191945306956768	0.003953769337385893	0.003230889793485403
149	excitement	../final/models/models_2nd_run/model2_10	../final/models/models_2nd_run/model2_10	pride	0.7996065020561218	0.05132628604769707	0.04271698743104935	0.048144273459911346	0.7996065020561218	0.006091490387916565	0.005945106036961079	0.015140745788812637	0.004054768476635218	0.013845326378941536	0.006528979167342186	0.003358842572197318	0.003240722930058837
150	excitement	../final/models/models_2nd_run/model2_10	../final/models/models_2nd_run/model2_10	joy	0.46104714274406433	0.2003057301044464	0.46104714274406433	0.2150651067495346	0.07293200492858887	0.012804406695067883	0.008163224905729294	0.006904758512973785	0.006761009804904461	0.004074200056493282	0.004492200445383787	0.0037472147960215807	0.003702928079292178
151	excitement	../final/models/models_2nd_run/model2_10	../final/models/models_2nd_run/model2_10	neutral	0.4498044550418854	0.12116486579179764	0.13060560822486877	0.4498044550418854	0.15677660703659058	0.009890077635645866	0.010544667951762676	0.05217689648270607	0.013769466429948807	0.014733199961483479	0.01030062697827816	0.009885970503091812	0.02034756913781166
152	neutral	../final/models/models_2nd_run/model2_10	../final/models/models_2nd_run/model2_10	neutral	0.395111083984375	0.11250555515289307	0.16563011705875397	0.395111083984375	0.1973385512828827	0.012485137209296227	0.00819255318492651	0.0302142146974802	0.03075612522661686	0.016259776428341866	0.010122581385076046	0.01160594541579485	0.009778378531336784
153	neutral	../final/models/models_2nd_run/model2_10	../final/models/models_2nd_run/model2_10	joy	0.39488616585731506	0.1551642119884491	0.39488616585731506	0.2694076895713806	0.12141596525907516	0.012800999917089939	0.008648577146232128	0.009841189719736576	0.00722770718857646	0.005679434165358543	0.005824257154017687	0.00508663896471262	0.004017102997750044
154	pride	../final/models/models_2nd_run/model2_10	../final/models/models_2nd_run/model2_10	pride	0.8114222884178162	0.03553464636206627	0.03273044526576996	0.049302224069833755	0.8114222884178162	0.005816447548568249	0.007254051044583321	0.017336532473564148	0.004561564885079861	0.020161166787147522	0.007666833698749542	0.004345260094851255	0.003868607571348548
155	neutral	../final/models/models_2nd_run/model2_10	../final/models/models_2nd_run/model2_10	joy	0.4583895802497864	0.24837888777256012	0.4583895802497864	0.17925065755844116	0.07043935358524323	0.012430688366293907	0.005571254529058933	0.004922263324260712	0.005923775024712086	0.004163476638495922	0.004198919516056776	0.003538624383509159	0.0027924682945013046
156	neutral	../final/models/models_2nd_run/model2_10	../final/models/models_2nd_run/model2_10	neutral	0.39517760276794434	0.07848429679870605	0.0705743357539177	0.39517760276794434	0.31735509634017944	0.012099821120500565	0.014147818088531494	0.0360693633556366	0.01549332495778799	0.022261684760451317	0.015605268068611622	0.010006391443312168	0.012725030072033405
157	nervousness	../final/models/models_2nd_run/model2_10	../final/models/models_2nd_run/model2_10	nervousness	0.3617996573448181	0.014508241787552834	0.029393602162599564	0.08447995781898499	0.03956903517246246	0.0050764065235853195	0.01022451650351286	0.3617996573448181	0.29969480633735657	0.055192865431308746	0.009480521082878113	0.02057873085141182	0.07000163197517395
158	nervousness	../final/models/models_2nd_run/model2_10	../final/models/models_2nd_run/model2_10	nervousness	0.602045476436615	0.027833756059408188	0.04185965284705162	0.08635275810956955	0.06055385619401932	0.0056418501771986485	0.014632982201874256	0.602045476436615	0.02894878014922142	0.019439389929175377	0.006884864531457424	0.00820403452962637	0.09760257601737976
159	neutral	../final/models/models_2nd_run/model2_10	../final/models/models_2nd_run/model2_10	neutral	0.3191615641117096	0.26784712076187134	0.18252451717853546	0.3191615641117096	0.14504747092723846	0.015036508440971375	0.010455675423145294	0.018559660762548447	0.00842728279531002	0.00796524342149496	0.009372014552354813	0.0069405315443873405	0.008662431500852108
160	joy	../final/models/models_2nd_run/model2_10	../final/models/models_2nd_run/model2_10	excitement	0.6363550424575806	0.6363550424575806	0.15571415424346924	0.122428297996521	0.033022478222846985	0.02756737731397152	0.00473965285345912	0.0029956428334116936	0.004420716315507889	0.003239999758079648	0.0039789979346096516	0.0030386343132704496	0.002499026246368885
161	joy	../final/models/models_2nd_run/model2_10	../final/models/models_2nd_run/model2_10	neutral	0.3607603907585144	0.13684044778347015	0.19921542704105377	0.3607603907585144	0.20261554419994354	0.019675815477967262	0.011441932991147041	0.018233805894851685	0.014287467114627361	0.01294646691530943	0.008356774225831032	0.007787862792611122	0.007838004268705845
162	pride	../final/models/models_2nd_run/model2_10	../final/models/models_2nd_run/model2_10	neutral	0.2778528332710266	0.17485542595386505	0.2038779854774475	0.2778528332710266	0.27084073424339294	0.011764784343540668	0.009643308818340302	0.014873704873025417	0.00747507531195879	0.00808984786272049	0.009107464924454689	0.006364034954458475	0.005254834890365601
163	sadness	../final/models/models_2nd_run/model2_10	../final/models/models_2nd_run/model2_10	nervousness	0.5191527009010315	0.00876134168356657	0.015995550900697708	0.06380461156368256	0.0372629351913929	0.0032464424148201942	0.009942221455276012	0.5191527009010315	0.16896313428878784	0.07504070550203323	0.029495541006326675	0.03370180353522301	0.03463303670287132
164	neutral	../final/models/models_2nd_run/model2_10	../final/models/models_2nd_run/model2_10	joy	0.4710029661655426	0.25030243396759033	0.4710029661655426	0.16121825575828552	0.07177244126796722	0.011979264207184315	0.006302366033196449	0.0055583082139492035	0.005675427615642548	0.004350600764155388	0.004625121597200632	0.00401888694614172	0.0031938881147652864
165	excitement	../final/models/models_2nd_run/model2_10	../final/models/models_2nd_run/model2_10	neutral	0.3912598490715027	0.17626453936100006	0.16972936689853668	0.3912598490715027	0.16211892664432526	0.018298562616109848	0.011762087233364582	0.015725262463092804	0.017053812742233276	0.012764750979840755	0.009950749576091766	0.007213390897959471	0.007858699187636375
166	neutral	../final/models/models_2nd_run/model2_10	../final/models/models_2nd_run/model2_10	pride	0.3519448935985565	0.09803438186645508	0.14496339857578278	0.3006149232387543	0.3519448935985565	0.012988153845071793	0.01545766182243824	0.028857197612524033	0.008371895179152489	0.017051370814442635	0.007416564039885998	0.006515776738524437	0.0077837491407990456
167	neutral	../final/models/models_2nd_run/model2_10	../final/models/models_2nd_run/model2_10	joy	0.28213292360305786	0.08885705471038818	0.28213292360305786	0.2562045454978943	0.06739862263202667	0.018098734319210052	0.011490988545119762	0.04543638229370117	0.18751667439937592	0.01992993988096714	0.004152815788984299	0.005647688638418913	0.013133636675775051
168	neutral	../final/models/models_2nd_run/model2_10	../final/models/models_2nd_run/model2_10	neutral	0.4040070176124573	0.11352211236953735	0.3073466718196869	0.4040070176124573	0.07513343542814255	0.020819716155529022	0.017536835744976997	0.014483703300356865	0.011246085166931152	0.009961720556020737	0.007562828715890646	0.010114745236933231	0.008265112526714802
169	pride	../final/models/models_2nd_run/model2_10	../final/models/models_2nd_run/model2_10	pride	0.3812907934188843	0.0780622586607933	0.07844472676515579	0.3214169442653656	0.3812907934188843	0.015721792355179787	0.013027496635913849	0.02937239594757557	0.020352719351649284	0.03104780614376068	0.012792561203241348	0.010049358941614628	0.008421064354479313
170	excitement	../final/models/models_2nd_run/model2_10	../final/models/models_2nd_run/model2_10	pride	0.719525933265686	0.07632321119308472	0.06966044753789902	0.07020799070596695	0.719525933265686	0.0068715778179466724	0.007898310199379921	0.017063181847333908	0.004076292738318443	0.014454890973865986	0.006550621706992388	0.0037467468064278364	0.00362073234282434
171	joy	../final/models/models_2nd_run/model2_10	../final/models/models_2nd_run/model2_10	neutral	0.5267959237098694	0.09811710566282272	0.14932197332382202	0.5267959237098694	0.13172990083694458	0.014450996182858944	0.01208533626049757	0.014778041280806065	0.015850968658924103	0.01134047843515873	0.00983123667538166	0.00767128448933363	0.008026712574064732
172	neutral	../final/models/models_2nd_run/model2_10	../final/models/models_2nd_run/model2_10	neutral	0.39003732800483704	0.14583399891853333	0.35678380727767944	0.39003732800483704	0.026205873116850853	0.020139802247285843	0.007374374195933342	0.008498763665556908	0.01564752496778965	0.0061224158853292465	0.006536523811519146	0.00898553617298603	0.00783412903547287
173	pride	../final/models/models_2nd_run/model2_10	../final/models/models_2nd_run/model2_10	neutral	0.31446632742881775	0.16378609836101532	0.2506835162639618	0.31446632742881775	0.20274966955184937	0.01519283838570118	0.009611064568161964	0.010780046693980694	0.007064628880470991	0.007788809482008219	0.007547085173428059	0.006136907264590263	0.004192977212369442
174	joy	../final/models/models_2nd_run/model2_10	../final/models/models_2nd_run/model2_10	joy	0.5174073576927185	0.23013867437839508	0.5174073576927185	0.15710864961147308	0.05642968416213989	0.010434145107865334	0.005470822099596262	0.004707188345491886	0.005761540494859219	0.003322100266814232	0.0032112759072333574	0.002833873499184847	0.003174614394083619
175	surprise	../final/models/models_2nd_run/model2_10	../final/models/models_2nd_run/model2_10	joy	0.35896918177604675	0.23057261109352112	0.35896918177604675	0.2737705111503601	0.05421876907348633	0.021991482004523277	0.01086346060037613	0.008559809066355228	0.00945219211280346	0.009893086738884449	0.008031203411519527	0.00852071214467287	0.005156978033483028
176	sadness	../final/models/models_2nd_run/model2_10	../final/models/models_2nd_run/model2_10	nervousness	0.7573888897895813	0.014016194269061089	0.01535787433385849	0.030312594026327133	0.03324981778860092	0.003829910885542631	0.007884343154728413	0.7573888897895813	0.03202103078365326	0.022959023714065552	0.008112778887152672	0.006737834773957729	0.06812966614961624
177	neutral	../final/models/models_2nd_run/model2_10	../final/models/models_2nd_run/model2_10	neutral	0.2917666733264923	0.2897847294807434	0.28545165061950684	0.2917666733264923	0.045273490250110626	0.03083893656730652	0.009148282930254936	0.009806104935705662	0.008379335515201092	0.0075577558018267155	0.005862454418092966	0.007892632856965065	0.00823799055069685
178	sadness	../final/models/models_2nd_run/model2_10	../final/models/models_2nd_run/model2_10	sadness	0.8895119428634644	0.003643532982096076	0.010666660964488983	0.0234322939068079	0.003677485976368189	0.0029267705976963043	0.0033380251843482256	0.0353836864233017	0.8895119428634644	0.00738432165235281	0.0024228126276284456	0.003378659952431917	0.014233788475394249
179	pride	../final/models/models_2nd_run/model2_10	../final/models/models_2nd_run/model2_10	joy	0.3517564535140991	0.25152742862701416	0.3517564535140991	0.2624477446079254	0.07437296211719513	0.015044175088405609	0.009771676734089851	0.008326898328959942	0.005805272608995438	0.0050658732652664185	0.005804602522403002	0.005563152953982353	0.0045137363485991955
180	excitement	../final/models/models_2nd_run/model2_10	../final/models/models_2nd_run/model2_10	joy	0.4504585564136505	0.18808382749557495	0.4504585564136505	0.2715691030025482	0.02899305336177349	0.015482128597795963	0.009223811328411102	0.006625771522521973	0.0062796007841825485	0.0046643358655273914	0.006895394530147314	0.0065987566486001015	0.005125652067363262
181	joy	../final/models/models_2nd_run/model2_10	../final/models/models_2nd_run/model2_10	joy	0.5865331888198853	0.20791321992874146	0.5865331888198853	0.14308570325374603	0.028101352974772453	0.009498200379312038	0.005868509877473116	0.003354506567120552	0.0037879417650401592	0.0024743815883994102	0.003652122337371111	0.0030522351153194904	0.0026786408852785826
182	neutral	../final/models/models_2nd_run/model2_10	../final/models/models_2nd_run/model2_10	neutral	0.5868001580238342	0.09218519926071167	0.14460495114326477	0.5868001580238342	0.08155468851327896	0.015186051838099957	0.012983819469809532	0.013882670551538467	0.011682846583425999	0.008979094214737415	0.01141431462019682	0.011290725320577621	0.009435472078621387
183	neutral	../final/models/models_2nd_run/model2_10	../final/models/models_2nd_run/model2_10	neutral	0.26466771960258484	0.164070263504982	0.23503045737743378	0.26466771960258484	0.25161466002464294	0.011991551145911217	0.011018583551049232	0.01977967470884323	0.00996564980596304	0.011513530276715755	0.007183589972555637	0.0066007706336677074	0.0065636904910206795
184	excitement	../final/models/models_2nd_run/model2_10	../final/models/models_2nd_run/model2_10	excitement	0.30667024850845337	0.30667024850845337	0.24050717055797577	0.22551724314689636	0.1450599879026413	0.020532216876745224	0.010291794314980507	0.011342555284500122	0.008262578397989273	0.01200949028134346	0.007210220210254192	0.007505705580115318	0.005090805701911449
185	joy	../final/models/models_2nd_run/model2_10	../final/models/models_2nd_run/model2_10	joy	0.542033851146698	0.15748701989650726	0.542033851146698	0.2297261357307434	0.03157949075102806	0.009874116629362106	0.0050512393936514854	0.00397536251693964	0.00570268789306283	0.002942271763458848	0.004652248229831457	0.003950188867747784	0.003025386482477188
186	neutral	../final/models/models_2nd_run/model2_10	../final/models/models_2nd_run/model2_10	joy	0.4171232283115387	0.17163939774036407	0.4171232283115387	0.2735176980495453	0.07998744398355484	0.012476948089897633	0.008402946405112743	0.007982615381479263	0.009095001965761185	0.005625351332128048	0.005031181499361992	0.004898733925074339	0.0042194402776658535
187	pride	../final/models/models_2nd_run/model2_10	../final/models/models_2nd_run/model2_10	excitement	0.6111067533493042	0.6111067533493042	0.09019514918327332	0.17722474038600922	0.055950552225112915	0.02062183804810047	0.00784433726221323	0.00971315149217844	0.005061447620391846	0.0047677853144705296	0.00681680953130126	0.004641492385417223	0.00605592830106616
188	pride	../final/models/models_2nd_run/model2_10	../final/models/models_2nd_run/model2_10	joy	0.5233912467956543	0.1837681531906128	0.5233912467956543	0.20860181748867035	0.04625779762864113	0.009816950187087059	0.005071932915598154	0.0042629484087228775	0.004993733484297991	0.0029072752222418785	0.004482107236981392	0.0036306369584053755	0.0028154251631349325
189	excitement	../final/models/models_2nd_run/model2_10	../final/models/models_2nd_run/model2_10	excitement	0.8900160789489746	0.8900160789489746	0.03454233705997467	0.03524769842624664	0.006060775835067034	0.01557171531021595	0.002916398923844099	0.002945469692349434	0.0023140553385019302	0.001890345592983067	0.003234960837289691	0.002406675135716796	0.0028536056634038687
190	surprise	../final/models/models_2nd_run/model2_10	../final/models/models_2nd_run/model2_10	nervousness	0.2198324352502823	0.03240310400724411	0.03884575888514519	0.19944046437740326	0.15284767746925354	0.019361143931746483	0.05615166202187538	0.2198324352502823	0.10576140135526657	0.106683649122715	0.012966521084308624	0.02029656618833542	0.0354095883667469
191	excitement	../final/models/models_2nd_run/model2_10	../final/models/models_2nd_run/model2_10	neutral	0.2938491702079773	0.02295832894742489	0.03607034683227539	0.2938491702079773	0.10352008044719696	0.006902338936924934	0.010202835313975811	0.2437860369682312	0.09600983560085297	0.04421393573284149	0.07334437966346741	0.04220886901021004	0.02693377621471882
192	neutral	../final/models/models_2nd_run/model2_10	../final/models/models_2nd_run/model2_10	nervousness	0.2723619043827057	0.05617540329694748	0.07451384514570236	0.2531364858150482	0.1323506087064743	0.01312989927828312	0.011946942657232285	0.2723619043827057	0.06983748823404312	0.043801747262477875	0.013619662262499332	0.013079458847641945	0.04604648798704147
193	pride	../final/models/models_2nd_run/model2_10	../final/models/models_2nd_run/model2_10	pride	0.8314725756645203	0.03414442390203476	0.040218785405159	0.039167750626802444	0.8314725756645203	0.004569611046463251	0.00579404691234231	0.014535544440150261	0.003844277234748006	0.013510103337466717	0.006309338845312595	0.003392291022464633	0.0030412927735596895
194	nervousness	../final/models/models_2nd_run/model2_10	../final/models/models_2nd_run/model2_10	confusion	0.6936659812927246	0.011417422443628311	0.013110711239278316	0.043098703026771545	0.023738911375403404	0.011491990648210049	0.6936659812927246	0.10390042513608932	0.02879907749593258	0.03745058923959732	0.0051030865870416164	0.006552258040755987	0.02167087234556675
195	neutral	../final/models/models_2nd_run/model2_10	../final/models/models_2nd_run/model2_10	joy	0.5317012667655945	0.19860219955444336	0.5317012667655945	0.19214624166488647	0.031284455209970474	0.013277007266879082	0.006865211762487888	0.004369042813777924	0.005234105978161097	0.003320062067359686	0.0048937005922198296	0.004622396547347307	0.003684315364807844
196	joy	../final/models/models_2nd_run/model2_10	../final/models/models_2nd_run/model2_10	excitement	0.3287629187107086	0.3287629187107086	0.2754373550415039	0.186601921916008	0.13622570037841797	0.021594766527414322	0.008909095078706741	0.008080440573394299	0.006344304420053959	0.008841576054692268	0.006736584939062595	0.0078049227595329285	0.0046604652889072895
197	neutral	../final/models/models_2nd_run/model2_10	../final/models/models_2nd_run/model2_10	neutral	0.4094388484954834	0.1406526118516922	0.20450304448604584	0.4094388484954834	0.1451462060213089	0.016210632398724556	0.011579417623579502	0.02561432681977749	0.011468336917459965	0.010973475873470306	0.00801048893481493	0.008046509698033333	0.008356125093996525
198	joy	../final/models/models_2nd_run/model2_10	../final/models/models_2nd_run/model2_10	joy	0.5301779508590698	0.24256472289562225	0.5301779508590698	0.15119679272174835	0.03668470308184624	0.011582261882722378	0.006009099073708057	0.0038455293979495764	0.004792402498424053	0.0030456071253865957	0.003912369720637798	0.0033979685977101326	0.0027906715404242277
199	joy	../final/models/models_2nd_run/model2_10	../final/models/models_2nd_run/model2_10	joy	0.5043034553527832	0.19035935401916504	0.5043034553527832	0.20676977932453156	0.05201384052634239	0.011460913345217705	0.007752138655632734	0.0052932617254555225	0.005678749177604914	0.004063077736645937	0.004537288099527359	0.00440060393884778	0.0033675488084554672
200	neutral	../final/models/models_2nd_run/model2_10	../final/models/models_2nd_run/model2_10	joy	0.3996989130973816	0.2817097306251526	0.3996989130973816	0.19014997780323029	0.08356653153896332	0.012300807982683182	0.006202636286616325	0.005264541134238243	0.004994648043066263	0.0038171173073351383	0.005167355760931969	0.004085697699338198	0.0030420818366110325
201	excitement	../final/models/models_2nd_run/model2_10	../final/models/models_2nd_run/model2_10	joy	0.38343513011932373	0.1304847151041031	0.38343513011932373	0.3493654131889343	0.0691215768456459	0.015070546418428421	0.009202763438224792	0.007980343885719776	0.011970081366598606	0.006710103712975979	0.005932323168963194	0.006519869901239872	0.00420722272247076
202	joy	../final/models/models_2nd_run/model2_10	../final/models/models_2nd_run/model2_10	joy	0.43972915410995483	0.17523987591266632	0.43972915410995483	0.27191346883773804	0.059082191437482834	0.012758336029946804	0.009606029838323593	0.006001490633934736	0.006370702292770147	0.00465533509850502	0.006019190419465303	0.005148231517523527	0.0034760439302772284
203	neutral	../final/models/models_2nd_run/model2_10	../final/models/models_2nd_run/model2_10	neutral	0.46094974875450134	0.10673677176237106	0.17345526814460754	0.46094974875450134	0.18556194007396698	0.012270140461623669	0.007422528695315123	0.013484520837664604	0.0106529975309968	0.008974497206509113	0.008988283574581146	0.005943980533629656	0.005559350363910198
204	neutral	../final/models/models_2nd_run/model2_10	../final/models/models_2nd_run/model2_10	neutral	0.3771280348300934	0.1887834668159485	0.17611384391784668	0.3771280348300934	0.10560092329978943	0.05613463371992111	0.022959992289543152	0.018159756436944008	0.013660860247910023	0.019921109080314636	0.005922552198171616	0.007675887551158667	0.00793894287198782
205	excitement	../final/models/models_2nd_run/model2_10	../final/models/models_2nd_run/model2_10	neutral	0.5912497639656067	0.11314600706100464	0.12379760295152664	0.5912497639656067	0.10556918382644653	0.013872990384697914	0.011403880082070827	0.009666900150477886	0.007540380582213402	0.006071985233575106	0.007270583417266607	0.005576926749199629	0.00483374297618866
206	excitement	../final/models/models_2nd_run/model2_10	../final/models/models_2nd_run/model2_10	pride	0.5021945238113403	0.07327789068222046	0.08886401355266571	0.22701703011989594	0.5021945238113403	0.007017296273261309	0.007479471154510975	0.03112877532839775	0.01106960792094469	0.020843805745244026	0.015102414414286613	0.007820520550012589	0.008184720762073994
207	nervousness	../final/models/models_2nd_run/model2_10	../final/models/models_2nd_run/model2_10	nervousness	0.773718535900116	0.011350801214575768	0.015837082639336586	0.030431438237428665	0.021400870755314827	0.002546241506934166	0.006469042971730232	0.773718535900116	0.02924574352800846	0.01054409984499216	0.005995826795697212	0.0054801590740680695	0.08698008954524994
208	anger	../final/models/models_2nd_run/model2_10	../final/models/models_2nd_run/model2_10	fear	0.7186598777770996	0.00392162473872304	0.007880167104303837	0.016788888722658157	0.0035102812107652426	0.0027558926958590746	0.009318913333117962	0.08436787873506546	0.03989942744374275	0.014564045704901218	0.007050557993352413	0.09128252416849136	0.7186598777770996
209	neutral	../final/models/models_2nd_run/model2_10	../final/models/models_2nd_run/model2_10	neutral	0.3017408549785614	0.19582583010196686	0.281923770904541	0.3017408549785614	0.1422109454870224	0.015999045222997665	0.010466694831848145	0.014996323734521866	0.009399489499628544	0.009464495815336704	0.005467588547617197	0.006208181846886873	0.006296715699136257
210	neutral	../final/models/models_2nd_run/model2_10	../final/models/models_2nd_run/model2_10	neutral	0.471087783575058	0.09996793419122696	0.26393839716911316	0.471087783575058	0.07839860022068024	0.01609954982995987	0.013130412437021732	0.01481390930712223	0.01049795001745224	0.007816740311682224	0.007281776051968336	0.008653387427330017	0.008313631638884544
211	pride	../final/models/models_2nd_run/model2_10	../final/models/models_2nd_run/model2_10	excitement	0.7520889639854431	0.7520889639854431	0.09039146453142166	0.08076415956020355	0.026089033111929893	0.016760123893618584	0.005571671761572361	0.008777720853686333	0.004781464114785194	0.003949590027332306	0.0031929973047226667	0.0031426583882421255	0.0044900416396558285
212	joy	../final/models/models_2nd_run/model2_10	../final/models/models_2nd_run/model2_10	neutral	0.3434583842754364	0.027358125895261765	0.03048679791390896	0.3434583842754364	0.10343388468027115	0.009733092039823532	0.015997381880879402	0.1966097503900528	0.1297720968723297	0.05172329396009445	0.01859612576663494	0.016844842582941055	0.055986154824495316
213	neutral	../final/models/models_2nd_run/model2_10	../final/models/models_2nd_run/model2_10	neutral	0.3643735349178314	0.19200381636619568	0.3003906011581421	0.3643735349178314	0.06699559837579727	0.01780867576599121	0.011870221234858036	0.009641755372285843	0.008422578684985638	0.006776037160307169	0.006907706148922443	0.008002406917512417	0.006807019468396902
214	excitement	../final/models/models_2nd_run/model2_10	../final/models/models_2nd_run/model2_10	neutral	0.31247490644454956	0.1636742502450943	0.14846372604370117	0.31247490644454956	0.2814532518386841	0.019574366509914398	0.01202357467263937	0.017768437042832375	0.010524438694119453	0.01130200456827879	0.00926990993320942	0.0064017632976174355	0.007069386541843414
215	excitement	../final/models/models_2nd_run/model2_10	../final/models/models_2nd_run/model2_10	neutral	0.2901369333267212	0.20728571712970734	0.16031280159950256	0.2901369333267212	0.2578178346157074	0.021648917347192764	0.011845415458083153	0.01289382204413414	0.010047969408333302	0.009880970232188702	0.006975687574595213	0.005299401469528675	0.005854490678757429
216	joy	../final/models/models_2nd_run/model2_10	../final/models/models_2nd_run/model2_10	neutral	0.31604933738708496	0.21550823748111725	0.25633013248443604	0.31604933738708496	0.13225750625133514	0.020046353340148926	0.011384217999875546	0.009592476300895214	0.009669817984104156	0.009982025250792503	0.006942189764231443	0.0074685197323560715	0.004769159015268087
217	pride	../final/models/models_2nd_run/model2_10	../final/models/models_2nd_run/model2_10	neutral	0.36188289523124695	0.1568577140569687	0.18267816305160522	0.36188289523124695	0.22345763444900513	0.011014832183718681	0.007600541692227125	0.014874300919473171	0.010043681599199772	0.008661887608468533	0.009771797806024551	0.0072050029411911964	0.005951544735580683
218	joy	../final/models/models_2nd_run/model2_10	../final/models/models_2nd_run/model2_10	joy	0.3131130039691925	0.25879165530204773	0.3131130039691925	0.2210056334733963	0.14371120929718018	0.017137138172984123	0.007364780642092228	0.010137719102203846	0.008778286166489124	0.00667925039306283	0.005027790553867817	0.0038933316245675087	0.004360245540738106
219	excitement	../final/models/models_2nd_run/model2_10	../final/models/models_2nd_run/model2_10	pride	0.3197624385356903	0.2108152061700821	0.14546844363212585	0.22463251650333405	0.3197624385356903	0.0174778550863266	0.010100600309669971	0.024570196866989136	0.011996395885944366	0.012547260150313377	0.008743658661842346	0.0054038274101912975	0.008481614291667938
220	excitement	../final/models/models_2nd_run/model2_10	../final/models/models_2nd_run/model2_10	pride	0.28603267669677734	0.19285647571086884	0.1763909012079239	0.2636643946170807	0.28603267669677734	0.017376184463500977	0.013131532818078995	0.015569138340651989	0.007721422240138054	0.009582582861185074	0.006537930108606815	0.00516285328194499	0.00597391277551651
221	joy	../final/models/models_2nd_run/model2_10	../final/models/models_2nd_run/model2_10	joy	0.2963118255138397	0.1667882651090622	0.2963118255138397	0.20052874088287354	0.27971968054771423	0.008463127538561821	0.00587613508105278	0.009572019800543785	0.008649149909615517	0.007569134701043367	0.008298849686980247	0.004755021072924137	0.003468030598014593
222	neutral	../final/models/models_2nd_run/model2_10	../final/models/models_2nd_run/model2_10	neutral	0.4710524380207062	0.10190600901842117	0.14946354925632477	0.4710524380207062	0.18437804281711578	0.011241458356380463	0.009650398045778275	0.022893162444233894	0.009992125444114208	0.012313002720475197	0.009989295154809952	0.00802376214414835	0.009096745401620865
223	excitement	../final/models/models_2nd_run/model2_10	../final/models/models_2nd_run/model2_10	neutral	0.31791967153549194	0.2507457733154297	0.2666718065738678	0.31791967153549194	0.10855181515216827	0.014447111636400223	0.007050531450659037	0.006565756630152464	0.007390358950942755	0.005857961252331734	0.006434877868741751	0.004936272278428078	0.003428040537983179
224	sadness	../final/models/models_2nd_run/model2_10	../final/models/models_2nd_run/model2_10	disgust	0.33980658650398254	0.027930306270718575	0.035457540303468704	0.07151881605386734	0.027359619736671448	0.017097389325499535	0.028193239122629166	0.17260241508483887	0.05138242244720459	0.16705302894115448	0.017393343150615692	0.33980658650398254	0.04420514032244682
225	joy	../final/models/models_2nd_run/model2_10	../final/models/models_2nd_run/model2_10	joy	0.5956906676292419	0.159491628408432	0.5956906676292419	0.15697921812534332	0.05384152755141258	0.00840361975133419	0.0051618050783872604	0.0039918310940265656	0.004746817983686924	0.0027784970588982105	0.003395408159121871	0.00299499137327075	0.0025239556562155485
226	joy	../final/models/models_2nd_run/model2_10	../final/models/models_2nd_run/model2_10	excitement	0.42179200053215027	0.42179200053215027	0.1634690910577774	0.13390414416790009	0.22621814906597137	0.01633778214454651	0.005354574415832758	0.006956982426345348	0.004851761274039745	0.006965486332774162	0.007040227763354778	0.003604668192565441	0.003504994325339794
227	neutral	../final/models/models_2nd_run/model2_10	../final/models/models_2nd_run/model2_10	joy	0.35781994462013245	0.3151226043701172	0.35781994462013245	0.22559882700443268	0.022212093695998192	0.02878568507730961	0.01028324943035841	0.005301289260387421	0.009738166816532612	0.005196076817810535	0.006380869075655937	0.008129329420626163	0.005431872792541981
228	neutral	../final/models/models_2nd_run/model2_10	../final/models/models_2nd_run/model2_10	neutral	0.41723304986953735	0.20609082281589508	0.18123814463615417	0.41723304986953735	0.1304640918970108	0.014607716351747513	0.007331717759370804	0.009804959408938885	0.008037171326577663	0.006686564069241285	0.008081210777163506	0.00535149360075593	0.005073033273220062
229	excitement	../final/models/models_2nd_run/model2_10	../final/models/models_2nd_run/model2_10	joy	0.5651684999465942	0.16861453652381897	0.5651684999465942	0.16630405187606812	0.056397873908281326	0.011995497159659863	0.007113086991012096	0.005099425558000803	0.00508489552885294	0.003652512561529875	0.003692446043714881	0.0036486531607806683	0.003228565910831094
230	neutral	../final/models/models_2nd_run/model2_10	../final/models/models_2nd_run/model2_10	joy	0.5909212231636047	0.22138625383377075	0.5909212231636047	0.13436193764209747	0.02006712555885315	0.009668688289821148	0.005007525440305471	0.002972295042127371	0.0037923622876405716	0.002108582528308034	0.003722613211721182	0.003220327664166689	0.0027710238937288523
231	pride	../final/models/models_2nd_run/model2_10	../final/models/models_2nd_run/model2_10	pride	0.29325467348098755	0.1825798600912094	0.13055898249149323	0.27030497789382935	0.29325467348098755	0.021966952830553055	0.009337065741419792	0.025841498747467995	0.017210332676768303	0.01943875104188919	0.009462284855544567	0.008449223823845387	0.011595269665122032
232	nervousness	../final/models/models_2nd_run/model2_10	../final/models/models_2nd_run/model2_10	neutral	0.2616010010242462	0.018648406490683556	0.03447045013308525	0.2616010010242462	0.057296134531497955	0.00883516576141119	0.0185833852738142	0.18642689287662506	0.061620503664016724	0.03639945760369301	0.20462566614151	0.0922328382730484	0.019260132685303688
233	sadness	../final/models/models_2nd_run/model2_10	../final/models/models_2nd_run/model2_10	nervousness	0.68620365858078	0.010718134231865406	0.01829545758664608	0.04947049543261528	0.02319776639342308	0.0042870063334703445	0.013805271126329899	0.68620365858078	0.0514901801943779	0.023203169927001	0.007974413223564625	0.009674887172877789	0.10167965292930603
234	joy	../final/models/models_2nd_run/model2_10	../final/models/models_2nd_run/model2_10	excitement	0.4047177731990814	0.4047177731990814	0.30632343888282776	0.18381819128990173	0.0464605875313282	0.022790903225541115	0.00943874754011631	0.0039558024145662785	0.005475843790918589	0.004451483488082886	0.0043014115653932095	0.004845655523240566	0.003420173889026046
235	confusion	../final/models/models_2nd_run/model2_10	../final/models/models_2nd_run/model2_10	neutral	0.2752186059951782	0.033264532685279846	0.0423247367143631	0.2752186059951782	0.11942487955093384	0.009380683302879333	0.06617562472820282	0.24509507417678833	0.06554955244064331	0.05633484944701195	0.031827814877033234	0.025591393932700157	0.029812296852469444
236	neutral	../final/models/models_2nd_run/model2_10	../final/models/models_2nd_run/model2_10	excitement	0.806571364402771	0.806571364402771	0.06754237413406372	0.06709163635969162	0.017954053357243538	0.015814369544386864	0.0041943928226828575	0.00586561718955636	0.003313373774290085	0.002823824295774102	0.0029783062636852264	0.0023392695002257824	0.0035115655045956373
237	joy	../final/models/models_2nd_run/model2_10	../final/models/models_2nd_run/model2_10	joy	0.5163291692733765	0.21014901995658875	0.5163291692733765	0.15902233123779297	0.07673995941877365	0.008208120241761208	0.004175795707851648	0.005276705138385296	0.006140132900327444	0.00365212420001626	0.00438262615352869	0.0032221325673162937	0.0027019381523132324
238	neutral	../final/models/models_2nd_run/model2_10	../final/models/models_2nd_run/model2_10	nervousness	0.7391311526298523	0.011191039346158504	0.019071074202656746	0.023599747568368912	0.014858124777674675	0.0031163529492914677	0.0066190073266625404	0.7391311526298523	0.020054403692483902	0.011690285988152027	0.003843175945803523	0.005520288832485676	0.14130526781082153
239	neutral	../final/models/models_2nd_run/model2_10	../final/models/models_2nd_run/model2_10	excitement	0.26290977001190186	0.26290977001190186	0.22327007353305817	0.24326300621032715	0.2052530199289322	0.012477334588766098	0.00828516948968172	0.013086601160466671	0.006524404510855675	0.00687746237963438	0.007427032571285963	0.005783218890428543	0.004842904396355152
240	nervousness	../final/models/models_2nd_run/model2_10	../final/models/models_2nd_run/model2_10	nervousness	0.7622845768928528	0.010687503963708878	0.013946427032351494	0.02055411972105503	0.017066923901438713	0.0025160887744277716	0.006988811772316694	0.7622845768928528	0.01970280334353447	0.0084192780777812	0.0044195824302732944	0.004193079192191362	0.12922073900699615
241	pride	../final/models/models_2nd_run/model2_10	../final/models/models_2nd_run/model2_10	pride	0.7260954976081848	0.06744953244924545	0.08533279597759247	0.06342720985412598	0.7260954976081848	0.006548672448843718	0.006123198661953211	0.013687978498637676	0.005701619200408459	0.013138861395418644	0.005897029303014278	0.003458447754383087	0.0031391880474984646
242	joy	../final/models/models_2nd_run/model2_10	../final/models/models_2nd_run/model2_10	neutral	0.268110066652298	0.10057041049003601	0.12588690221309662	0.268110066652298	0.2654430568218231	0.013312051072716713	0.015067263506352901	0.08330949395895004	0.05003708600997925	0.03517561033368111	0.01275500375777483	0.013325158506631851	0.017007935792207718
243	joy	../final/models/models_2nd_run/model2_10	../final/models/models_2nd_run/model2_10	joy	0.4178270697593689	0.2941023111343384	0.4178270697593689	0.20836468040943146	0.033714380115270615	0.013523504137992859	0.007597827818244696	0.004406449850648642	0.004471711348742247	0.003516929456964135	0.005259936675429344	0.004138300195336342	0.003076991531997919
244	nervousness	../final/models/models_2nd_run/model2_10	../final/models/models_2nd_run/model2_10	excitement	0.38691383600234985	0.38691383600234985	0.1908486932516098	0.300864040851593	0.053605105727910995	0.01876199245452881	0.006830224301666021	0.009761686436831951	0.0075403982773423195	0.006029871292412281	0.006170293316245079	0.006229184567928314	0.006444633472710848
245	joy	../final/models/models_2nd_run/model2_10	../final/models/models_2nd_run/model2_10	joy	0.5348383188247681	0.20294426381587982	0.5348383188247681	0.1729527860879898	0.04637056216597557	0.012214583344757557	0.006060125771909952	0.004883091896772385	0.00605687266215682	0.0033426268491894007	0.0038039423525333405	0.003352910280227661	0.0031798803247511387
246	neutral	../final/models/models_2nd_run/model2_10	../final/models/models_2nd_run/model2_10	excitement	0.4906291365623474	0.4906291365623474	0.1521870195865631	0.18748778104782104	0.09987693279981613	0.028468593955039978	0.006510735955089331	0.007645779754966497	0.0059600104577839375	0.005920832511037588	0.006481077987700701	0.004483853932470083	0.004348246846348047
247	excitement	../final/models/models_2nd_run/model2_10	../final/models/models_2nd_run/model2_10	excitement	0.38105830550193787	0.38105830550193787	0.32357555627822876	0.19766280055046082	0.0445655882358551	0.019337262958288193	0.006881671026349068	0.0036069671623408794	0.006692247930914164	0.0040803770534694195	0.004850121680647135	0.004341540392488241	0.003347493475303054
248	excitement	../final/models/models_2nd_run/model2_10	../final/models/models_2nd_run/model2_10	neutral	0.6356834173202515	0.046857334673404694	0.0648617148399353	0.6356834173202515	0.1555403172969818	0.009001034311950207	0.013625593855977058	0.02083505503833294	0.01039790827780962	0.013164334930479527	0.013812645338475704	0.00798020325601101	0.00824045017361641
249	excitement	../final/models/models_2nd_run/model2_10	../final/models/models_2nd_run/model2_10	joy	0.6205918192863464	0.16230595111846924	0.6205918192863464	0.1433897316455841	0.042200058698654175	0.007688202895224094	0.005011911038309336	0.0037447696086019278	0.003853271948173642	0.002428682753816247	0.0034530889242887497	0.0028245258145034313	0.0025079648476094007
250	pride	../final/models/models_2nd_run/model2_10	../final/models/models_2nd_run/model2_10	neutral	0.3799397051334381	0.23550480604171753	0.23023349046707153	0.3799397051334381	0.05899260193109512	0.026491722092032433	0.01224663108587265	0.007669199723750353	0.014575077220797539	0.010815789923071861	0.006620200350880623	0.010995044372975826	0.0059157470241189
251	nervousness	../final/models/models_2nd_run/model2_10	../final/models/models_2nd_run/model2_10	nervousness	0.6357836127281189	0.013283022679388523	0.020573869347572327	0.03532848507165909	0.021304883062839508	0.0038319220766425133	0.012293542735278606	0.6357836127281189	0.02194853685796261	0.0123042743653059	0.004686956759542227	0.006114413030445576	0.2125464677810669
252	excitement	../final/models/models_2nd_run/model2_10	../final/models/models_2nd_run/model2_10	pride	0.320862352848053	0.14302277565002441	0.16538885235786438	0.2509373724460602	0.320862352848053	0.013416324742138386	0.01254368294030428	0.032919470220804214	0.015802158042788506	0.018670599907636642	0.009742360562086105	0.007168233394622803	0.009525845758616924
253	pride	../final/models/models_2nd_run/model2_10	../final/models/models_2nd_run/model2_10	pride	0.8290943503379822	0.02733701281249523	0.03680190071463585	0.036967888474464417	0.8290943503379822	0.004694400820881128	0.0061443825252354145	0.016562998294830322	0.005502054002135992	0.02296391874551773	0.006854312494397163	0.003933989908546209	0.0031428232323378325
254	pride	../final/models/models_2nd_run/model2_10	../final/models/models_2nd_run/model2_10	joy	0.645971953868866	0.17266014218330383	0.645971953868866	0.1286391168832779	0.022773627191781998	0.007821956649422646	0.00477984081953764	0.0029208704363554716	0.003566595958545804	0.0020012285094708204	0.0035886913537979126	0.0028287635650485754	0.002447288716211915
255	confusion	../final/models/models_2nd_run/model2_10	../final/models/models_2nd_run/model2_10	surprise	0.6464152932167053	0.057574428617954254	0.01242057979106903	0.026378631591796875	0.010612967424094677	0.6464152932167053	0.05992849916219711	0.043665967881679535	0.032175663858652115	0.08043070882558823	0.0050019933842122555	0.008178315125405788	0.017216989770531654
256	surprise	../final/models/models_2nd_run/model2_10	../final/models/models_2nd_run/model2_10	neutral	0.4065311849117279	0.09961302578449249	0.0954209417104721	0.4065311849117279	0.27677109837532043	0.012869331985712051	0.01572735607624054	0.032724492251873016	0.01121551264077425	0.016259580850601196	0.013394832611083984	0.009127163328230381	0.01034541055560112
257	confusion	../final/models/models_2nd_run/model2_10	../final/models/models_2nd_run/model2_10	nervousness	0.673717200756073	0.008295767940580845	0.013216765597462654	0.026304587721824646	0.011740775778889656	0.0029973459895700216	0.013053850270807743	0.673717200756073	0.032310791313648224	0.011932196095585823	0.004638174083083868	0.007315053604543209	0.19447742402553558
258	joy	../final/models/models_2nd_run/model2_10	../final/models/models_2nd_run/model2_10	joy	0.27447789907455444	0.2251967042684555	0.27447789907455444	0.1777561455965042	0.2669673562049866	0.009033824317157269	0.005902999546378851	0.00910581462085247	0.009128003381192684	0.007219281978905201	0.007419952657073736	0.0043705180287361145	0.0034215033520013094
259	pride	../final/models/models_2nd_run/model2_10	../final/models/models_2nd_run/model2_10	excitement	0.5261600017547607	0.5261600017547607	0.26386991143226624	0.13627485930919647	0.030695930123329163	0.018296966329216957	0.004921624902635813	0.0033295315224677324	0.003566548228263855	0.0026646137703210115	0.0036288006231188774	0.003115096129477024	0.0034760523121804
260	neutral	../final/models/models_2nd_run/model2_10	../final/models/models_2nd_run/model2_10	excitement	0.4260598123073578	0.4260598123073578	0.2587239146232605	0.19944198429584503	0.0546446368098259	0.025368941947817802	0.006543665658682585	0.005814988631755114	0.0058250403963029385	0.004763193428516388	0.004624775145202875	0.004601381253451109	0.003587707644328475
261	neutral	../final/models/models_2nd_run/model2_10	../final/models/models_2nd_run/model2_10	joy	0.33411547541618347	0.3107249140739441	0.33411547541618347	0.19160941243171692	0.10860690474510193	0.016875779256224632	0.00643508043140173	0.007643676362931728	0.006429816596210003	0.00576677406206727	0.004562091547995806	0.003691162681207061	0.00353890098631382
262	joy	../final/models/models_2nd_run/model2_10	../final/models/models_2nd_run/model2_10	excitement	0.4769686460494995	0.4769686460494995	0.23632977902889252	0.19073310494422913	0.043081119656562805	0.02423548884689808	0.0066305785439908504	0.003462770953774452	0.0043183621019124985	0.003954167012125254	0.003979120869189501	0.0035819688346236944	0.0027249001432210207
263	disgust	../final/models/models_2nd_run/model2_10	../final/models/models_2nd_run/model2_10	sadness	0.4596739411354065	0.011020611971616745	0.02438686601817608	0.10170946270227432	0.028399819508194923	0.005560686346143484	0.015191584825515747	0.21892647445201874	0.4596739411354065	0.05570213496685028	0.008534060791134834	0.023663273081183434	0.04723111540079117
264	neutral	../final/models/models_2nd_run/model2_10	../final/models/models_2nd_run/model2_10	excitement	0.4794764518737793	0.4794764518737793	0.22011113166809082	0.16739150881767273	0.07337010651826859	0.024674585089087486	0.008000274188816547	0.004702446050941944	0.00488045671954751	0.004997127689421177	0.005263537168502808	0.004290812648832798	0.00284164329059422
265	neutral	../final/models/models_2nd_run/model2_10	../final/models/models_2nd_run/model2_10	neutral	0.3166879415512085	0.1214727982878685	0.1793612241744995	0.3166879415512085	0.2832620441913605	0.011594119481742382	0.01347270142287016	0.02339365892112255	0.010573356412351131	0.014436946250498295	0.009046006016433239	0.007822195068001747	0.008877100422978401
266	joy	../final/models/models_2nd_run/model2_10	../final/models/models_2nd_run/model2_10	joy	0.46585628390312195	0.23526714742183685	0.46585628390312195	0.20130375027656555	0.054069582372903824	0.011903674341738224	0.005821344442665577	0.005301850847899914	0.006313980091363192	0.004026609472930431	0.00381101225502789	0.003232658840715885	0.003092108527198434
267	joy	../final/models/models_2nd_run/model2_10	../final/models/models_2nd_run/model2_10	excitement	0.3515973687171936	0.3515973687171936	0.28469184041023254	0.21998409926891327	0.08979933708906174	0.019067350775003433	0.006770950276404619	0.005357417277991772	0.005714332684874535	0.00445605767890811	0.0052627441473305225	0.0041016219183802605	0.0031967603135854006
268	joy	../final/models/models_2nd_run/model2_10	../final/models/models_2nd_run/model2_10	joy	0.3971880376338959	0.31056150794029236	0.3971880376338959	0.19891460239887238	0.04222235083580017	0.017012761905789375	0.007682031486183405	0.004507490433752537	0.006052276585251093	0.004400518257170916	0.004810656420886517	0.0038960541132837534	0.0027515331748872995
269	joy	../final/models/models_2nd_run/model2_10	../final/models/models_2nd_run/model2_10	joy	0.4486720860004425	0.29611822962760925	0.4486720860004425	0.17254577577114105	0.03219583258032799	0.016988126561045647	0.006861310452222824	0.004803031217306852	0.005375715903937817	0.003985180519521236	0.004655668046325445	0.004316427279263735	0.0034826670307666063
270	neutral	../final/models/models_2nd_run/model2_10	../final/models/models_2nd_run/model2_10	nervousness	0.3364877700805664	0.023206213489174843	0.036224041134119034	0.15410152077674866	0.0581141822040081	0.010576059110462666	0.017649339511990547	0.3364877700805664	0.11859838664531708	0.1006307303905487	0.025277715176343918	0.07606194913387299	0.04307207837700844
271	neutral	../final/models/models_2nd_run/model2_10	../final/models/models_2nd_run/model2_10	neutral	0.520751416683197	0.08654327690601349	0.10980693995952606	0.520751416683197	0.15792731940746307	0.012816219590604305	0.012179827317595482	0.04233786463737488	0.012926406227052212	0.014463737607002258	0.008717967197299004	0.007390693761408329	0.014138295315206051
272	excitement	../final/models/models_2nd_run/model2_10	../final/models/models_2nd_run/model2_10	pride	0.2660311758518219	0.2604946494102478	0.14621888101100922	0.23507419228553772	0.2660311758518219	0.025629566982388496	0.008550663478672504	0.015723366290330887	0.010268641635775566	0.011694340035319328	0.00827080849558115	0.005668189842253923	0.006375689059495926
273	nervousness	../final/models/models_2nd_run/model2_10	../final/models/models_2nd_run/model2_10	nervousness	0.4889213442802429	0.03893893212080002	0.05466894432902336	0.12692557275295258	0.07987281680107117	0.006889626383781433	0.009852628223598003	0.4889213442802429	0.05654145032167435	0.04606611281633377	0.01035365741699934	0.01619544066488743	0.06477346271276474
274	joy	../final/models/models_2nd_run/model2_10	../final/models/models_2nd_run/model2_10	pride	0.8332154154777527	0.02790471911430359	0.030415263026952744	0.03848084807395935	0.8332154154777527	0.004406964406371117	0.006202816963195801	0.020016074180603027	0.004611414857208729	0.021060775965452194	0.006538986694067717	0.0034313800279051065	0.003715322818607092
275	surprise	../final/models/models_2nd_run/model2_10	../final/models/models_2nd_run/model2_10	nervousness	0.7145037651062012	0.013332385569810867	0.019412288442254066	0.0369361974298954	0.019252929836511612	0.0035853886511176825	0.009900490753352642	0.7145037651062012	0.026766089722514153	0.016114050522446632	0.005938427988439798	0.011019439436495304	0.12323848903179169
276	excitement	../final/models/models_2nd_run/model2_10	../final/models/models_2nd_run/model2_10	joy	0.5652523636817932	0.21805788576602936	0.5652523636817932	0.1442030370235443	0.026506731286644936	0.012604732066392899	0.007760100997984409	0.004425102844834328	0.005158183164894581	0.003406159346923232	0.004770025610923767	0.004082766827195883	0.003772878786548972
277	joy	../final/models/models_2nd_run/model2_10	../final/models/models_2nd_run/model2_10	neutral	0.4994628429412842	0.09834861755371094	0.18400688469409943	0.4994628429412842	0.11129715293645859	0.02056015282869339	0.015650972723960876	0.01751532405614853	0.01709371991455555	0.014018319547176361	0.006971214897930622	0.008174271322786808	0.006900660693645477
278	pride	../final/models/models_2nd_run/model2_10	../final/models/models_2nd_run/model2_10	excitement	0.45756208896636963	0.45756208896636963	0.2823272943496704	0.157964825630188	0.05734753608703613	0.015955787152051926	0.00657299580052495	0.004307935014367104	0.004253239370882511	0.003333635162562132	0.0044320570304989815	0.003081906121224165	0.0028607326094061136
279	embarrassment	../final/models/models_2nd_run/model2_10	../final/models/models_2nd_run/model2_10	nervousness	0.4627208113670349	0.013677592389285564	0.018717287108302116	0.048424120992422104	0.0421874038875103	0.010400650091469288	0.036255404353141785	0.4627208113670349	0.1063724160194397	0.17064832150936127	0.009496266953647137	0.01991269923746586	0.06118706613779068
280	embarrassment	../final/models/models_2nd_run/model2_10	../final/models/models_2nd_run/model2_10	nervousness	0.4672257900238037	0.01795768365263939	0.03249432519078255	0.1120169535279274	0.05933957174420357	0.0074200090020895	0.020998124033212662	0.4672257900238037	0.1316596120595932	0.05363183468580246	0.011942243203520775	0.019108667969703674	0.0662052258849144
281	joy	../final/models/models_2nd_run/model2_10	../final/models/models_2nd_run/model2_10	neutral	0.2832616865634918	0.1328372359275818	0.1963326334953308	0.2832616865634918	0.28076478838920593	0.014046898111701012	0.014226419851183891	0.028601299971342087	0.013072730042040348	0.014979078434407711	0.007589033339172602	0.006421776954084635	0.007866456173360348
282	excitement	../final/models/models_2nd_run/model2_10	../final/models/models_2nd_run/model2_10	fear	0.5698815584182739	0.030186595395207405	0.028162570670247078	0.039647866040468216	0.011364697478711605	0.009183891117572784	0.007581657730042934	0.26639869809150696	0.015337968245148659	0.009495338425040245	0.005362303461879492	0.0073968456126749516	0.5698815584182739
283	excitement	../final/models/models_2nd_run/model2_10	../final/models/models_2nd_run/model2_10	excitement	0.5405102372169495	0.5405102372169495	0.09806686639785767	0.04818740114569664	0.006134171970188618	0.2813871204853058	0.007219529710710049	0.0017841783119365573	0.003797166282311082	0.0036960041616111994	0.0035266997292637825	0.002883483190089464	0.0028071755077689886
284	pride	../final/models/models_2nd_run/model2_10	../final/models/models_2nd_run/model2_10	neutral	0.32740476727485657	0.1090339794754982	0.13349312543869019	0.32740476727485657	0.31209471821784973	0.012543060816824436	0.01364224310964346	0.03132950887084007	0.01405396033078432	0.0169655904173851	0.011600496247410774	0.007612740620970726	0.010225735604763031
285	surprise	../final/models/models_2nd_run/model2_10	../final/models/models_2nd_run/model2_10	surprise	0.7895979285240173	0.1450347751379013	0.016565125435590744	0.02403811365365982	0.002884176094084978	0.7895979285240173	0.007164030335843563	0.0011397595517337322	0.0027763210237026215	0.0037650754675269127	0.002728243824094534	0.0023700862657278776	0.001936256536282599
286	joy	../final/models/models_2nd_run/model2_10	../final/models/models_2nd_run/model2_10	excitement	0.42704129219055176	0.42704129219055176	0.4072043299674988	0.10455411672592163	0.029144026339054108	0.01273876242339611	0.004006528295576572	0.002563903806731105	0.0033597873989492655	0.0021202003117650747	0.0030622240155935287	0.0022023427300155163	0.002002500928938389
287	joy	../final/models/models_2nd_run/model2_10	../final/models/models_2nd_run/model2_10	joy	0.3863474726676941	0.1776093989610672	0.3863474726676941	0.21721521019935608	0.1651105135679245	0.011625525541603565	0.006197276525199413	0.008007441647350788	0.009215849451720715	0.006407975219190121	0.0050109862349927425	0.003894930239766836	0.003357450943440199
288	anger	../final/models/models_2nd_run/model2_10	../final/models/models_2nd_run/model2_10	neutral	0.5779407024383545	0.0592731274664402	0.053170450031757355	0.5779407024383545	0.08279722929000854	0.017355043441057205	0.02031983621418476	0.07998138666152954	0.031758397817611694	0.025032518431544304	0.014027722179889679	0.015822606161236763	0.02252090908586979
289	sadness	../final/models/models_2nd_run/model2_10	../final/models/models_2nd_run/model2_10	embarrassment	0.7825857996940613	0.003761786036193371	0.004409310407936573	0.007981443777680397	0.030340973287820816	0.0027369859162718058	0.010164564475417137	0.06927454471588135	0.03295053541660309	0.7825857996940613	0.008809441700577736	0.03316850960254669	0.013816011138260365
290	pride	../final/models/models_2nd_run/model2_10	../final/models/models_2nd_run/model2_10	neutral	0.44968926906585693	0.13210058212280273	0.16579625010490417	0.44968926906585693	0.16655972599983215	0.01620941050350666	0.01018440816551447	0.01582663506269455	0.01256107073277235	0.011011382564902306	0.007730898447334766	0.006288182456046343	0.00604225043207407
291	neutral	../final/models/models_2nd_run/model2_10	../final/models/models_2nd_run/model2_10	joy	0.3908584713935852	0.2720543146133423	0.3908584713935852	0.23878668248653412	0.04004211723804474	0.01833420619368553	0.008541082963347435	0.005726989824324846	0.0056191799230873585	0.004815602209419012	0.005129040684551001	0.005691560450941324	0.004400851670652628
292	pride	../final/models/models_2nd_run/model2_10	../final/models/models_2nd_run/model2_10	pride	0.8435618877410889	0.026562277227640152	0.02810097113251686	0.036832455545663834	0.8435618877410889	0.00440396461635828	0.005402001086622477	0.01775997504591942	0.004383821971714497	0.01935276761651039	0.006567005999386311	0.0035768572706729174	0.0034961008932441473
293	embarrassment	../final/models/models_2nd_run/model2_10	../final/models/models_2nd_run/model2_10	nervousness	0.46988049149513245	0.008324452675879002	0.015707802027463913	0.02032117173075676	0.011856932193040848	0.006700767669826746	0.23107212781906128	0.46988049149513245	0.0632186084985733	0.02871868386864662	0.004743102937936783	0.008365406654775143	0.13109047710895538
294	joy	../final/models/models_2nd_run/model2_10	../final/models/models_2nd_run/model2_10	excitement	0.4238525331020355	0.4238525331020355	0.3964216113090515	0.11044890433549881	0.03030763752758503	0.015093322843313217	0.004105251748114824	0.003296341747045517	0.004907845053821802	0.002556481631472707	0.003642905969172716	0.0026971674524247646	0.0026700180023908615
295	neutral	../final/models/models_2nd_run/model2_10	../final/models/models_2nd_run/model2_10	neutral	0.43139034509658813	0.0947132483124733	0.11811137944459915	0.43139034509658813	0.24414478242397308	0.007935861125588417	0.01124023087322712	0.035564642399549484	0.012720225378870964	0.012767440639436245	0.012144937179982662	0.006754832807928324	0.012512093409895897
296	pride	../final/models/models_2nd_run/model2_10	../final/models/models_2nd_run/model2_10	pride	0.8081172704696655	0.03854404017329216	0.04747268557548523	0.04432427138090134	0.8081172704696655	0.005138014443218708	0.006162724457681179	0.016720419749617577	0.004559597000479698	0.015867652371525764	0.006209407467395067	0.003562259953469038	0.0033216108568012714
297	pride	../final/models/models_2nd_run/model2_10	../final/models/models_2nd_run/model2_10	sadness	0.45908254384994507	0.02651720494031906	0.06701888889074326	0.2464020997285843	0.04807829484343529	0.0073819453828036785	0.004922179039567709	0.06605837494134903	0.45908254384994507	0.02366163581609726	0.010944634675979614	0.012427943758666515	0.02750415727496147
298	excitement	../final/models/models_2nd_run/model2_10	../final/models/models_2nd_run/model2_10	neutral	0.3855060636997223	0.15756554901599884	0.12217560410499573	0.3855060636997223	0.2186201512813568	0.03777935728430748	0.01681446097791195	0.01622196100652218	0.010903493501245975	0.012440619990229607	0.008390209637582302	0.00646822527050972	0.007114145904779434
299	pride	../final/models/models_2nd_run/model2_10	../final/models/models_2nd_run/model2_10	pride	0.7485435605049133	0.05674086883664131	0.07170239835977554	0.06152939423918724	0.7485435605049133	0.006830296479165554	0.0070311157032847404	0.014042438007891178	0.004461132455617189	0.0146976038813591	0.007031343877315521	0.004169323481619358	0.0032204242888838053
300	excitement	../final/models/models_2nd_run/model2_10	../final/models/models_2nd_run/model2_10	pride	0.3790815770626068	0.18675465881824493	0.1569506973028183	0.19569554924964905	0.3790815770626068	0.014030363410711288	0.012534840032458305	0.01665765605866909	0.008937625214457512	0.013149070553481579	0.006832703948020935	0.004160549491643906	0.005214620381593704
301	pride	../final/models/models_2nd_run/model2_10	../final/models/models_2nd_run/model2_10	joy	0.38020598888397217	0.3376683294773102	0.38020598888397217	0.18014802038669586	0.046871937811374664	0.0153737748041749	0.0054352618753910065	0.00763159291818738	0.011140608228743076	0.004632981494069099	0.0033490117639303207	0.003346455981954932	0.004196029156446457
302	pride	../final/models/models_2nd_run/model2_10	../final/models/models_2nd_run/model2_10	pride	0.8118894696235657	0.042462579905986786	0.046417638659477234	0.04232998564839363	0.8118894696235657	0.005267441738396883	0.005346351768821478	0.014514170587062836	0.004872378893196583	0.01489638164639473	0.005550650879740715	0.003131423145532608	0.0033215428702533245
303	joy	../final/models/models_2nd_run/model2_10	../final/models/models_2nd_run/model2_10	joy	0.49111735820770264	0.2650291621685028	0.49111735820770264	0.16199509799480438	0.03942377120256424	0.01298316940665245	0.005244349595159292	0.004388668108731508	0.0071440571919083595	0.003363593015819788	0.003483228385448456	0.003153416560962796	0.0026740452740341425
304	joy	../final/models/models_2nd_run/model2_10	../final/models/models_2nd_run/model2_10	neutral	0.38139551877975464	0.15741252899169922	0.28907012939453125	0.38139551877975464	0.10894729942083359	0.012726468034088612	0.010196580551564693	0.008232834748923779	0.006688875611871481	0.007501512765884399	0.006917089689522982	0.006802337244153023	0.004108767490833998
305	pride	../final/models/models_2nd_run/model2_10	../final/models/models_2nd_run/model2_10	pride	0.40416237711906433	0.11849341541528702	0.19172675907611847	0.19696633517742157	0.40416237711906433	0.01017025113105774	0.008126523345708847	0.018896102905273438	0.014070475473999977	0.015832703560590744	0.010025331750512123	0.006101150065660477	0.005428669508546591
306	neutral	../final/models/models_2nd_run/model2_10	../final/models/models_2nd_run/model2_10	neutral	0.3815923035144806	0.1003941148519516	0.10150276869535446	0.3815923035144806	0.32157787680625916	0.010106786154210567	0.008209442719817162	0.02192629687488079	0.01198353711515665	0.014050454832613468	0.01327206939458847	0.007379228249192238	0.008005081675946712
307	joy	../final/models/models_2nd_run/model2_10	../final/models/models_2nd_run/model2_10	excitement	0.8079738020896912	0.8079738020896912	0.07114852964878082	0.06129344552755356	0.008078067563474178	0.024012763053178787	0.00487398449331522	0.0033949175849556923	0.0037457053549587727	0.0025909109972417355	0.004142839461565018	0.0034129894338548183	0.0053319851867854595
308	joy	../final/models/models_2nd_run/model2_10	../final/models/models_2nd_run/model2_10	excitement	0.5989382266998291	0.5989382266998291	0.16103750467300415	0.13083872199058533	0.03402094170451164	0.04784174636006355	0.0063826823607087135	0.0024983433540910482	0.00393125182017684	0.0033617056906223297	0.004668276757001877	0.0038674918469041586	0.0026131102349609137
309	sadness	../final/models/models_2nd_run/model2_10	../final/models/models_2nd_run/model2_10	nervousness	0.689501941204071	0.00949232280254364	0.015230439603328705	0.02833937667310238	0.012956996448338032	0.0026260772719979286	0.00594325503334403	0.689501941204071	0.03516961261630058	0.007182576227933168	0.004861659370362759	0.004163028206676245	0.18453273177146912
310	fear	../final/models/models_2nd_run/model2_10	../final/models/models_2nd_run/model2_10	nervousness	0.4083203971385956	0.009864351712167263	0.01629704236984253	0.05995538458228111	0.0134132606908679	0.006390966475009918	0.013574381358921528	0.4083203971385956	0.16369472444057465	0.05727855861186981	0.00844500306993723	0.05836872756481171	0.18439720571041107
311	pride	../final/models/models_2nd_run/model2_10	../final/models/models_2nd_run/model2_10	excitement	0.5784564018249512	0.5784564018249512	0.12325979024171829	0.15513163805007935	0.05940550938248634	0.044712264090776443	0.006077715195715427	0.008207102306187153	0.005668738856911659	0.005511627532541752	0.0049094464629888535	0.003215600037947297	0.005444138310849667
312	joy	../final/models/models_2nd_run/model2_10	../final/models/models_2nd_run/model2_10	neutral	0.3446902930736542	0.11706719547510147	0.14586667716503143	0.3446902930736542	0.2977577745914459	0.013286994770169258	0.014133569784462452	0.024623338133096695	0.009063207544386387	0.011574935168027878	0.0090062590315938	0.00592177826911211	0.007008033338934183
313	joy	../final/models/models_2nd_run/model2_10	../final/models/models_2nd_run/model2_10	neutral	0.3647153079509735	0.1661158800125122	0.3362276256084442	0.3647153079509735	0.053345587104558945	0.021748501807451248	0.01261447835713625	0.008192392997443676	0.009885385632514954	0.007317534182220697	0.0058850934728980064	0.008474272675812244	0.005477875471115112
314	surprise	../final/models/models_2nd_run/model2_10	../final/models/models_2nd_run/model2_10	neutral	0.2953222990036011	0.04856150969862938	0.07968844473361969	0.2953222990036011	0.1594875454902649	0.01759232208132744	0.019321104511618614	0.15766620635986328	0.09219067543745041	0.06992042064666748	0.013150306418538094	0.01723131351172924	0.029867954552173615
315	neutral	../final/models/models_2nd_run/model2_10	../final/models/models_2nd_run/model2_10	neutral	0.3131909668445587	0.05903340131044388	0.14410103857517242	0.3131909668445587	0.024340612813830376	0.008325564675033092	0.01843160204589367	0.16529317200183868	0.05442565679550171	0.016145499423146248	0.007545077707618475	0.028190644457936287	0.1609768122434616
316	joy	../final/models/models_2nd_run/model2_10	../final/models/models_2nd_run/model2_10	joy	0.3700830936431885	0.25319933891296387	0.3700830936431885	0.2503383457660675	0.0666455551981926	0.015491086058318615	0.0068542505614459515	0.008469469845294952	0.008869086392223835	0.005504079628735781	0.004542589653283358	0.00533796101808548	0.004665110260248184
317	neutral	../final/models/models_2nd_run/model2_10	../final/models/models_2nd_run/model2_10	neutral	0.44166040420532227	0.05705217272043228	0.11682139337062836	0.44166040420532227	0.15263718366622925	0.014761489816009998	0.018838344141840935	0.08360389620065689	0.03575641289353371	0.03197136148810387	0.011404081247746944	0.017646873369812965	0.017846403643488884
318	neutral	../final/models/models_2nd_run/model2_10	../final/models/models_2nd_run/model2_10	excitement	0.3750367760658264	0.3750367760658264	0.3021716773509979	0.22849464416503906	0.04073885455727577	0.020463915541768074	0.005073314066976309	0.004567807540297508	0.005351751111447811	0.003685782430693507	0.005659269634634256	0.005030258093029261	0.003725931979715824
319	neutral	../final/models/models_2nd_run/model2_10	../final/models/models_2nd_run/model2_10	neutral	0.4632441997528076	0.04377416521310806	0.10450796782970428	0.4632441997528076	0.12922951579093933	0.008817186579108238	0.012468984350562096	0.09282715618610382	0.05774444341659546	0.037042953073978424	0.012051137164235115	0.01651356928050518	0.02177867665886879
320	pride	../final/models/models_2nd_run/model2_10	../final/models/models_2nd_run/model2_10	neutral	0.2897627651691437	0.2580339312553406	0.11642542481422424	0.2897627651691437	0.16765397787094116	0.07149659842252731	0.019802195951342583	0.017746007069945335	0.01623196341097355	0.020411957055330276	0.008094930090010166	0.0066333492286503315	0.007706815842539072
321	excitement	../final/models/models_2nd_run/model2_10	../final/models/models_2nd_run/model2_10	pride	0.3283367156982422	0.1842598170042038	0.17053759098052979	0.23917287588119507	0.3283367156982422	0.015978429466485977	0.007658711168915033	0.015076943673193455	0.00845997966825962	0.01168625708669424	0.007821911945939064	0.005876313894987106	0.005134392064064741
322	neutral	../final/models/models_2nd_run/model2_10	../final/models/models_2nd_run/model2_10	neutral	0.4850384593009949	0.10619473457336426	0.23060250282287598	0.4850384593009949	0.080251544713974	0.019754916429519653	0.020119857043027878	0.012776436284184456	0.01174037903547287	0.009946336969733238	0.006370732560753822	0.010042231529951096	0.00716182729229331
323	excitement	../final/models/models_2nd_run/model2_10	../final/models/models_2nd_run/model2_10	joy	0.4498472213745117	0.21093851327896118	0.4498472213745117	0.2448333203792572	0.04866607114672661	0.013394002802670002	0.007431382313370705	0.004750359337776899	0.005978848319500685	0.0036967461928725243	0.003988977055996656	0.0036529444623738527	0.002821658505126834
324	excitement	../final/models/models_2nd_run/model2_10	../final/models/models_2nd_run/model2_10	joy	0.48107874393463135	0.25439712405204773	0.48107874393463135	0.1628289520740509	0.05629966780543327	0.013323646038770676	0.006054484285414219	0.005157747771590948	0.0067552258260548115	0.003588044550269842	0.003909205086529255	0.003292720764875412	0.003314503701403737
325	neutral	../final/models/models_2nd_run/model2_10	../final/models/models_2nd_run/model2_10	neutral	0.25651562213897705	0.04811666160821915	0.09975708276033401	0.25651562213897705	0.05237504094839096	0.01157093420624733	0.011201455257833004	0.045943137258291245	0.07435739040374756	0.039854083210229874	0.17387934029102325	0.17396116256713867	0.012468009255826473
326	pride	../final/models/models_2nd_run/model2_10	../final/models/models_2nd_run/model2_10	joy	0.5148112773895264	0.19742633402347565	0.5148112773895264	0.1684437096118927	0.0620061531662941	0.015628650784492493	0.00834061112254858	0.006877649109810591	0.00967374723404646	0.005777584854513407	0.003414669306948781	0.003996419254690409	0.00360320252366364
327	surprise	../final/models/models_2nd_run/model2_10	../final/models/models_2nd_run/model2_10	joy	0.33918434381484985	0.31137365102767944	0.33918434381484985	0.23972447216510773	0.055511992424726486	0.019007055088877678	0.007041557226330042	0.004192631226032972	0.0059395660646259785	0.00415716040879488	0.005709669552743435	0.0048596663400530815	0.003298311959952116
328	joy	../final/models/models_2nd_run/model2_10	../final/models/models_2nd_run/model2_10	excitement	0.517988383769989	0.517988383769989	0.1854599118232727	0.11566758155822754	0.13577012717723846	0.01502365805208683	0.004867632407695055	0.004989679902791977	0.00437234016135335	0.004810273181647062	0.005443593021482229	0.0029324658680707216	0.0026742874179035425
329	excitement	../final/models/models_2nd_run/model2_10	../final/models/models_2nd_run/model2_10	excitement	0.5271861553192139	0.5271861553192139	0.2590464651584625	0.1346127986907959	0.040551137179136276	0.012846537865698338	0.004834551829844713	0.004278143867850304	0.003846017410978675	0.002830138197168708	0.004120647441595793	0.0029719946905970573	0.00287533993832767
330	excitement	../final/models/models_2nd_run/model2_10	../final/models/models_2nd_run/model2_10	joy	0.3727986812591553	0.13838304579257965	0.3727986812591553	0.24099954962730408	0.17932972311973572	0.011711125262081623	0.00939310435205698	0.01339777186512947	0.009459221735596657	0.0075181820429861546	0.006484638899564743	0.005305524915456772	0.005219491198658943
331	sadness	../final/models/models_2nd_run/model2_10	../final/models/models_2nd_run/model2_10	sadness	0.36870840191841125	0.013705933466553688	0.027001429349184036	0.11566068977117538	0.018528714776039124	0.00907350704073906	0.025559039786458015	0.21952316164970398	0.36870840191841125	0.061068449169397354	0.009058769792318344	0.0538787916302681	0.07823313027620316
332	neutral	../final/models/models_2nd_run/model2_10	../final/models/models_2nd_run/model2_10	joy	0.38648083806037903	0.175734743475914	0.38648083806037903	0.24393485486507416	0.13781632483005524	0.011125870980322361	0.007157331332564354	0.010130900889635086	0.007294252049177885	0.006395459640771151	0.005195883568376303	0.004568014293909073	0.004165512043982744
333	surprise	../final/models/models_2nd_run/model2_10	../final/models/models_2nd_run/model2_10	excitement	0.35849469900131226	0.35849469900131226	0.13665544986724854	0.29294508695602417	0.1197357028722763	0.024985330179333687	0.010552490130066872	0.01572754979133606	0.008817153051495552	0.009070704691112041	0.008937420323491096	0.006073641590774059	0.008004841394722462
334	joy	../final/models/models_2nd_run/model2_10	../final/models/models_2nd_run/model2_10	neutral	0.3817305266857147	0.1646791398525238	0.18548674881458282	0.3817305266857147	0.17401976883411407	0.015014010481536388	0.010289483703672886	0.020144542679190636	0.010862228460609913	0.011635351926088333	0.009520858526229858	0.008402882143855095	0.008214353583753109
335	neutral	../final/models/models_2nd_run/model2_10	../final/models/models_2nd_run/model2_10	excitement	0.8494793176651001	0.8494793176651001	0.05654703453183174	0.04523581266403198	0.0068908617831766605	0.025404084473848343	0.002722962060943246	0.0021714349277317524	0.0025471923872828484	0.0019337496487423778	0.0028567577246576548	0.0017425245605409145	0.002468333812430501
336	joy	../final/models/models_2nd_run/model2_10	../final/models/models_2nd_run/model2_10	joy	0.42407533526420593	0.32875385880470276	0.42407533526420593	0.1784282922744751	0.023409096524119377	0.01612795703113079	0.006859082728624344	0.002841956214979291	0.005276808049529791	0.00267774541862309	0.004596581216901541	0.0039219968020915985	0.0030314242467284203
337	nervousness	../final/models/models_2nd_run/model2_10	../final/models/models_2nd_run/model2_10	sadness	0.6427512764930725	0.009440196678042412	0.01826876401901245	0.04825126379728317	0.019920069724321365	0.004434773698449135	0.006432699505239725	0.1685757040977478	0.6427512764930725	0.032528214156627655	0.008568736724555492	0.01276302244514227	0.028065357357263565
338	pride	../final/models/models_2nd_run/model2_10	../final/models/models_2nd_run/model2_10	pride	0.7442718744277954	0.05598092079162598	0.06334541738033295	0.06587046384811401	0.7442718744277954	0.006421908736228943	0.006489263381808996	0.02052430808544159	0.00640046875923872	0.016688048839569092	0.00618352135643363	0.0037453998811542988	0.004078489728271961
339	excitement	../final/models/models_2nd_run/model2_10	../final/models/models_2nd_run/model2_10	excitement	0.8540499806404114	0.8540499806404114	0.0509621798992157	0.05020136758685112	0.008891931734979153	0.017205629497766495	0.0030947518534958363	0.0030047844629734755	0.00265135383233428	0.001996617065742612	0.003186407033354044	0.001963243819773197	0.002791669685393572
340	pride	../final/models/models_2nd_run/model2_10	../final/models/models_2nd_run/model2_10	neutral	0.590488612651825	0.07886771857738495	0.08641272783279419	0.590488612651825	0.1251809149980545	0.012313414365053177	0.014317024499177933	0.026470419019460678	0.018894731998443604	0.01311428751796484	0.014385160990059376	0.010540143586695194	0.009014804847538471
341	excitement	../final/models/models_2nd_run/model2_10	../final/models/models_2nd_run/model2_10	excitement	0.37775561213493347	0.37775561213493347	0.3071476221084595	0.2010142207145691	0.04966294392943382	0.026033006608486176	0.008841884322464466	0.00392139470204711	0.005399644840508699	0.004605244845151901	0.006132806185632944	0.006157939787954092	0.003327682614326477
342	excitement	../final/models/models_2nd_run/model2_10	../final/models/models_2nd_run/model2_10	joy	0.4875155985355377	0.20471875369548798	0.4875155985355377	0.17770957946777344	0.08345043659210205	0.01262220460921526	0.008357267826795578	0.005764648783951998	0.005182578228414059	0.004174252972006798	0.0037301876582205296	0.003462019609287381	0.0033125332556664944
343	neutral	../final/models/models_2nd_run/model2_10	../final/models/models_2nd_run/model2_10	pride	0.33190131187438965	0.08215010911226273	0.11013375222682953	0.3292420506477356	0.33190131187438965	0.015337623655796051	0.018587663769721985	0.040095288306474686	0.017233137041330338	0.023372771218419075	0.0115509619936347	0.008648205548524857	0.011747087351977825
344	neutral	../final/models/models_2nd_run/model2_10	../final/models/models_2nd_run/model2_10	neutral	0.38473260402679443	0.14150163531303406	0.2156355232000351	0.38473260402679443	0.17628614604473114	0.01577892154455185	0.010077469982206821	0.012710979208350182	0.015182430855929852	0.01157267764210701	0.00600803317502141	0.005193980876356363	0.0053195287473499775
345	pride	../final/models/models_2nd_run/model2_10	../final/models/models_2nd_run/model2_10	joy	0.3809882402420044	0.21245308220386505	0.3809882402420044	0.27538618445396423	0.07779351621866226	0.015107665210962296	0.007099888287484646	0.006671057548373938	0.006980838254094124	0.004569092765450478	0.0045509738847613335	0.004410151392221451	0.0039892662316560745
346	pride	../final/models/models_2nd_run/model2_10	../final/models/models_2nd_run/model2_10	neutral	0.47195908427238464	0.06556116044521332	0.092462919652462	0.47195908427238464	0.14760223031044006	0.016247374936938286	0.020072627812623978	0.07276098430156708	0.03310374915599823	0.02831040695309639	0.012775314971804619	0.014170576818287373	0.024973489344120026
347	disgust	../final/models/models_2nd_run/model2_10	../final/models/models_2nd_run/model2_10	sadness	0.21692940592765808	0.03300522267818451	0.049704164266586304	0.21321751177310944	0.0845784991979599	0.017962530255317688	0.025609532371163368	0.16291122138500214	0.21692940592765808	0.11279967427253723	0.016590166836977005	0.03885425627231598	0.02783781662583351
348	embarrassment	../final/models/models_2nd_run/model2_10	../final/models/models_2nd_run/model2_10	nervousness	0.7462859749794006	0.012765651568770409	0.016822481527924538	0.03329210355877876	0.018350664526224136	0.0029406058602035046	0.00693850964307785	0.7462859749794006	0.018754202872514725	0.00937838014215231	0.005997190717607737	0.006007978692650795	0.1224663034081459
349	joy	../final/models/models_2nd_run/model2_10	../final/models/models_2nd_run/model2_10	excitement	0.41700279712677	0.41700279712677	0.18122559785842896	0.2197245955467224	0.11400879174470901	0.024191180244088173	0.007116059307008982	0.007857905700802803	0.005983525887131691	0.0071334741078317165	0.006352756172418594	0.004942237865179777	0.004461092408746481
350	joy	../final/models/models_2nd_run/model2_10	../final/models/models_2nd_run/model2_10	neutral	0.2923412024974823	0.0630006194114685	0.10149333626031876	0.2923412024974823	0.2076059877872467	0.01627262867987156	0.017775699496269226	0.13012298941612244	0.05695710703730583	0.05625367537140846	0.014824466779828072	0.0216237623244524	0.021728627383708954
351	neutral	../final/models/models_2nd_run/model2_10	../final/models/models_2nd_run/model2_10	neutral	0.4669649600982666	0.11374820023775101	0.16948159039020538	0.4669649600982666	0.17959877848625183	0.01240785326808691	0.008890240453183651	0.00993423629552126	0.010274200700223446	0.00881844013929367	0.00911039300262928	0.005989586003124714	0.004781493451446295
352	disgust	../final/models/models_2nd_run/model2_10	../final/models/models_2nd_run/model2_10	fear	0.4298206865787506	0.004097671713680029	0.007379294838756323	0.02521563693881035	0.005169016774743795	0.0029098368249833584	0.0058245486579835415	0.25861504673957825	0.1875537782907486	0.02684481255710125	0.010274196043610573	0.03629547357559204	0.4298206865787506
353	neutral	../final/models/models_2nd_run/model2_10	../final/models/models_2nd_run/model2_10	neutral	0.33922603726387024	0.12940038740634918	0.18209484219551086	0.33922603726387024	0.2668425440788269	0.010786798782646656	0.010596862062811852	0.017669161781668663	0.0083472840487957	0.011613746173679829	0.010385618545114994	0.007392501924186945	0.005644108168780804
354	neutral	../final/models/models_2nd_run/model2_10	../final/models/models_2nd_run/model2_10	excitement	0.3784295916557312	0.3784295916557312	0.2095363885164261	0.23035995662212372	0.09678731113672256	0.038650281727313995	0.007800837513059378	0.007955886423587799	0.0056549860164523125	0.008150366134941578	0.0061042956076562405	0.006004364229738712	0.004565749317407608
355	neutral	../final/models/models_2nd_run/model2_10	../final/models/models_2nd_run/model2_10	neutral	0.39956530928611755	0.085928775370121	0.15895041823387146	0.39956530928611755	0.16652990877628326	0.01800503022968769	0.01697365753352642	0.056093741208314896	0.022671302780508995	0.029090004041790962	0.011870934627950191	0.01903834193944931	0.015282527543604374
356	pride	../final/models/models_2nd_run/model2_10	../final/models/models_2nd_run/model2_10	neutral	0.3670075535774231	0.13685284554958344	0.16283833980560303	0.3670075535774231	0.2272714227437973	0.01751614175736904	0.01158266980201006	0.021753035485744476	0.012442228384315968	0.014642404392361641	0.010439126752316952	0.008844570256769657	0.00880967266857624
357	excitement	../final/models/models_2nd_run/model2_10	../final/models/models_2nd_run/model2_10	pride	0.45804092288017273	0.23983566462993622	0.1361660659313202	0.1037147045135498	0.45804092288017273	0.012375579215586185	0.007211932446807623	0.01348234061151743	0.004960722755640745	0.010539671406149864	0.0063393330201506615	0.0037878549192100763	0.003545221174135804
358	nervousness	../final/models/models_2nd_run/model2_10	../final/models/models_2nd_run/model2_10	joy	0.3658231496810913	0.15077821910381317	0.3658231496810913	0.21467910706996918	0.2024374008178711	0.011248369701206684	0.009673050604760647	0.012866265140473843	0.009898739866912365	0.008239750750362873	0.0054681566543877125	0.004441998898983002	0.0044458238407969475
359	pride	../final/models/models_2nd_run/model2_10	../final/models/models_2nd_run/model2_10	nervousness	0.2531161606311798	0.04186774790287018	0.06997882574796677	0.25040891766548157	0.09204940497875214	0.013418583199381828	0.01971331052482128	0.2531161606311798	0.08333738893270493	0.06668134778738022	0.01721772737801075	0.044730294495821	0.04748029261827469
360	joy	../final/models/models_2nd_run/model2_10	../final/models/models_2nd_run/model2_10	joy	0.4871540665626526	0.2249177247285843	0.4871540665626526	0.1772615909576416	0.06928782910108566	0.011905240826308727	0.0053509678691625595	0.004908971022814512	0.005747469142079353	0.00368300499394536	0.003815858159214258	0.003183501772582531	0.002783768344670534
361	neutral	../final/models/models_2nd_run/model2_10	../final/models/models_2nd_run/model2_10	joy	0.49228987097740173	0.1856933981180191	0.49228987097740173	0.22248660027980804	0.05561784282326698	0.01131355483084917	0.005890093743801117	0.004867915529757738	0.006873272359371185	0.0037652442697435617	0.004345809109508991	0.003855177666991949	0.0030011560302227736
362	confusion	../final/models/models_2nd_run/model2_10	../final/models/models_2nd_run/model2_10	nervousness	0.7422740459442139	0.010242259129881859	0.012850385159254074	0.028879670426249504	0.01881239376962185	0.0024738472420722246	0.005529309157282114	0.7422740459442139	0.02208803780376911	0.013976744376122952	0.009782375767827034	0.01001517940312624	0.1230756938457489
363	joy	../final/models/models_2nd_run/model2_10	../final/models/models_2nd_run/model2_10	joy	0.455892413854599	0.1547476351261139	0.455892413854599	0.23316673934459686	0.08757884800434113	0.012656914070248604	0.006488053593784571	0.011599965393543243	0.015672696754336357	0.008177912794053555	0.004956972319632769	0.004770193714648485	0.0042916168458759785
364	pride	../final/models/models_2nd_run/model2_10	../final/models/models_2nd_run/model2_10	pride	0.2796078026294708	0.18947133421897888	0.1845962107181549	0.2679857909679413	0.2796078026294708	0.019002746790647507	0.010537349618971348	0.013956905342638493	0.008380885235965252	0.00938766822218895	0.007256725803017616	0.004933994263410568	0.0048825726844370365
365	joy	../final/models/models_2nd_run/model2_10	../final/models/models_2nd_run/model2_10	excitement	0.6013791561126709	0.6013791561126709	0.14317266643047333	0.150684654712677	0.031021760776638985	0.0258136335760355	0.00973251648247242	0.0062549966387450695	0.0073094675317406654	0.0071514565497636795	0.005138541106134653	0.007569033186882734	0.004772122949361801
366	excitement	../final/models/models_2nd_run/model2_10	../final/models/models_2nd_run/model2_10	excitement	0.8039425015449524	0.8039425015449524	0.06943123042583466	0.07203399389982224	0.007805599831044674	0.026304712519049644	0.004156199283897877	0.0025282849092036486	0.002381721278652549	0.002117243129760027	0.003280570264905691	0.0026282970793545246	0.003389594377949834
367	neutral	../final/models/models_2nd_run/model2_10	../final/models/models_2nd_run/model2_10	neutral	0.4645932912826538	0.18740886449813843	0.11899843066930771	0.4645932912826538	0.0935709998011589	0.020099589601159096	0.007049126550555229	0.035527266561985016	0.014017444103956223	0.014137977734208107	0.012137295678257942	0.0096479132771492	0.02281181700527668
368	surprise	../final/models/models_2nd_run/model2_10	../final/models/models_2nd_run/model2_10	excitement	0.3748507499694824	0.3748507499694824	0.2888365089893341	0.2064579278230667	0.07345525920391083	0.01971147209405899	0.008140415884554386	0.0050634704530239105	0.005824346095323563	0.005041794385761023	0.0054219490848481655	0.004224066156893969	0.0029721646569669247
369	joy	../final/models/models_2nd_run/model2_10	../final/models/models_2nd_run/model2_10	joy	0.48840099573135376	0.2724740505218506	0.48840099573135376	0.13614101707935333	0.06780245900154114	0.010829316452145576	0.004921033978462219	0.003797726007178426	0.004175419453531504	0.0029266197234392166	0.0034737440291792154	0.002706271829083562	0.002351362956687808
370	excitement	../final/models/models_2nd_run/model2_10	../final/models/models_2nd_run/model2_10	excitement	0.8401613235473633	0.8401613235473633	0.05227847024798393	0.054530274122953415	0.017432808876037598	0.014012632891535759	0.003488771850243211	0.004607276525348425	0.0027737210039049387	0.002434240886941552	0.003060189075767994	0.0019667341839522123	0.0032534378115087748
371	surprise	../final/models/models_2nd_run/model2_10	../final/models/models_2nd_run/model2_10	surprise	0.855269730091095	0.08970753848552704	0.012246601283550262	0.018135154619812965	0.002866688882932067	0.855269730091095	0.0072130607441067696	0.0015010674251243472	0.0025390905793756247	0.00452061602845788	0.0018776212818920612	0.0021951282396912575	0.001927585224620998
372	neutral	../final/models/models_2nd_run/model2_10	../final/models/models_2nd_run/model2_10	neutral	0.39022183418273926	0.1659996509552002	0.21132637560367584	0.39022183418273926	0.1553523987531662	0.015818720683455467	0.01028292067348957	0.015170678496360779	0.008539197966456413	0.009076566435396671	0.006557715591043234	0.005694682709872723	0.005959291476756334
373	neutral	../final/models/models_2nd_run/model2_10	../final/models/models_2nd_run/model2_10	neutral	0.3187570571899414	0.14589790999889374	0.24253123998641968	0.3187570571899414	0.20399144291877747	0.015311259776353836	0.01063456293195486	0.021270334720611572	0.010244673117995262	0.011812097392976284	0.006839259061962366	0.0058057429268956184	0.0069044786505401134
374	surprise	../final/models/models_2nd_run/model2_10	../final/models/models_2nd_run/model2_10	neutral	0.35495418310165405	0.27678269147872925	0.15660952031612396	0.35495418310165405	0.11593566089868546	0.04418046772480011	0.009562153369188309	0.008825737982988358	0.00902500282973051	0.00743650458753109	0.006793935317546129	0.004484080709517002	0.00541005888953805
375	neutral	../final/models/models_2nd_run/model2_10	../final/models/models_2nd_run/model2_10	neutral	0.4097450077533722	0.08992552757263184	0.13253876566886902	0.4097450077533722	0.27773889899253845	0.0112228412181139	0.010335584171116352	0.023384319618344307	0.01124904491007328	0.011520752683281898	0.008886794559657574	0.0062726279720664024	0.0071798027493059635
376	confusion	../final/models/models_2nd_run/model2_10	../final/models/models_2nd_run/model2_10	neutral	0.28260353207588196	0.026642192155122757	0.049458831548690796	0.28260353207588196	0.04943067952990532	0.01458111871033907	0.036757249385118484	0.21550050377845764	0.1235189288854599	0.08405207097530365	0.01502125896513462	0.039896685630083084	0.06253693252801895
377	neutral	../final/models/models_2nd_run/model2_10	../final/models/models_2nd_run/model2_10	excitement	0.4058190882205963	0.4058190882205963	0.2198745310306549	0.19495649635791779	0.06746585667133331	0.025731800124049187	0.017289962619543076	0.020225536078214645	0.010082189925014973	0.01401422917842865	0.004681038204580545	0.009541097097098827	0.010318235494196415
378	excitement	../final/models/models_2nd_run/model2_10	../final/models/models_2nd_run/model2_10	excitement	0.8760772943496704	0.8760772943496704	0.03776773065328598	0.03864679113030434	0.00799956452101469	0.01707429252564907	0.0034980003256350756	0.003770163282752037	0.0027618426829576492	0.002279715845361352	0.0038089719600975513	0.002805615309625864	0.0035100472159683704
379	surprise	../final/models/models_2nd_run/model2_10	../final/models/models_2nd_run/model2_10	excitement	0.5326850414276123	0.5326850414276123	0.1678934097290039	0.13272707164287567	0.04203289747238159	0.020161451771855354	0.009257656522095203	0.021643882617354393	0.011039851233363152	0.014786464162170887	0.007491946220397949	0.023807484656572342	0.016472885385155678
380	embarrassment	../final/models/models_2nd_run/model2_10	../final/models/models_2nd_run/model2_10	fear	0.7071124315261841	0.003595262998715043	0.006734625902026892	0.01644047722220421	0.0028814515098929405	0.003943718504160643	0.0122477812692523	0.1086912751197815	0.02693372406065464	0.01714278571307659	0.005960686597973108	0.08831582218408585	0.7071124315261841
381	joy	../final/models/models_2nd_run/model2_10	../final/models/models_2nd_run/model2_10	neutral	0.610593318939209	0.09070468693971634	0.17499645054340363	0.610593318939209	0.06902981549501419	0.009102320298552513	0.009127537719905376	0.007004492450505495	0.00662554707378149	0.004684065468609333	0.008073435164988041	0.006422664970159531	0.003635699162259698
382	nervousness	../final/models/models_2nd_run/model2_10	../final/models/models_2nd_run/model2_10	nervousness	0.4038420617580414	0.015192339196801186	0.020015832036733627	0.11504392325878143	0.04259924218058586	0.004807051736861467	0.013050937093794346	0.4038420617580414	0.14863142371177673	0.06311755627393723	0.04380175843834877	0.07432880252599716	0.05556909367442131
383	excitement	../final/models/models_2nd_run/model2_10	../final/models/models_2nd_run/model2_10	pride	0.5906810164451599	0.14995355904102325	0.0904335007071495	0.08874044567346573	0.5906810164451599	0.016123773530125618	0.012681864202022552	0.01626252755522728	0.0054750447161495686	0.016673343256115913	0.0054667359218001366	0.003617656882852316	0.0038904997054487467
384	surprise	../final/models/models_2nd_run/model2_10	../final/models/models_2nd_run/model2_10	neutral	0.5325990319252014	0.04251807555556297	0.05017188563942909	0.5325990319252014	0.1433873325586319	0.012645536102354527	0.016504287719726562	0.07449395209550858	0.03792130947113037	0.03378388658165932	0.016249390318989754	0.016094369813799858	0.023630959913134575
385	joy	../final/models/models_2nd_run/model2_10	../final/models/models_2nd_run/model2_10	neutral	0.21106134355068207	0.05345067009329796	0.07673797756433487	0.21106134355068207	0.09925879538059235	0.014716180972754955	0.016224581748247147	0.20809732377529144	0.1448097974061966	0.07741927355527878	0.011762798763811588	0.025545284152030945	0.06091589480638504
386	excitement	../final/models/models_2nd_run/model2_10	../final/models/models_2nd_run/model2_10	neutral	0.39504119753837585	0.13029563426971436	0.2989579737186432	0.39504119753837585	0.08798277378082275	0.01751229166984558	0.008688692934811115	0.019085489213466644	0.013475996442139149	0.00951283611357212	0.0055160182528197765	0.006482320372015238	0.007448770105838776
387	joy	../final/models/models_2nd_run/model2_10	../final/models/models_2nd_run/model2_10	joy	0.4166298806667328	0.2728690505027771	0.4166298806667328	0.2192257046699524	0.036592207849025726	0.015229678712785244	0.007527993060648441	0.005251103080809116	0.0064656538888812065	0.004420520272105932	0.006176957860589027	0.005460663232952356	0.0041505410335958
388	joy	../final/models/models_2nd_run/model2_10	../final/models/models_2nd_run/model2_10	joy	0.403128057718277	0.3764340281486511	0.403128057718277	0.15660874545574188	0.017911886796355247	0.014448613859713078	0.007190855219960213	0.003483213484287262	0.004529877565801144	0.0030432105995714664	0.005257258657366037	0.00445315008983016	0.0035110616590827703
389	pride	../final/models/models_2nd_run/model2_10	../final/models/models_2nd_run/model2_10	neutral	0.42167115211486816	0.15470917522907257	0.15915517508983612	0.42167115211486816	0.1631556749343872	0.01606045290827751	0.01786861941218376	0.022451253607869148	0.010059287771582603	0.011124681681394577	0.008351580239832401	0.007223282940685749	0.00816970132291317
390	joy	../final/models/models_2nd_run/model2_10	../final/models/models_2nd_run/model2_10	neutral	0.31244751811027527	0.18632501363754272	0.20413607358932495	0.31244751811027527	0.23052415251731873	0.01457880437374115	0.008025070652365685	0.0117946220561862	0.007698870729655027	0.007710693869739771	0.007569813169538975	0.005042183678597212	0.004147108644247055
391	joy	../final/models/models_2nd_run/model2_10	../final/models/models_2nd_run/model2_10	joy	0.31289809942245483	0.14654479920864105	0.31289809942245483	0.2137800008058548	0.26091018319129944	0.014077925123274326	0.00565894041210413	0.009806821122765541	0.013032586313784122	0.008167850784957409	0.006872276309877634	0.0048809293657541275	0.00336964032612741
392	neutral	../final/models/models_2nd_run/model2_10	../final/models/models_2nd_run/model2_10	joy	0.48093414306640625	0.14180317521095276	0.48093414306640625	0.24805305898189545	0.08348154276609421	0.009083935990929604	0.005500896833837032	0.006822425406426191	0.00729238148778677	0.004198667127639055	0.005360787268728018	0.004096296150237322	0.003372655948624015
393	pride	../final/models/models_2nd_run/model2_10	../final/models/models_2nd_run/model2_10	joy	0.48439499735832214	0.22987571358680725	0.48439499735832214	0.17709729075431824	0.06496980786323547	0.013259943574666977	0.006096223834902048	0.004538967274129391	0.005574531387537718	0.003524613566696644	0.004189318045973778	0.0034999807830899954	0.0029785519000142813
394	excitement	../final/models/models_2nd_run/model2_10	../final/models/models_2nd_run/model2_10	neutral	0.4562636613845825	0.06029040738940239	0.0618768036365509	0.4562636613845825	0.22136251628398895	0.013635310344398022	0.014798115938901901	0.05952812358736992	0.030132004991173744	0.03277644142508507	0.019216269254684448	0.013306016102433205	0.0168142206966877
395	surprise	../final/models/models_2nd_run/model2_10	../final/models/models_2nd_run/model2_10	excitement	0.7297969460487366	0.7297969460487366	0.10433247685432434	0.05905705690383911	0.012200351804494858	0.07710997015237808	0.0030659541953355074	0.001759865554049611	0.0030816018115729094	0.002430108841508627	0.0032535556238144636	0.0018036540132015944	0.002108377404510975
396	excitement	../final/models/models_2nd_run/model2_10	../final/models/models_2nd_run/model2_10	joy	0.45684805512428284	0.16360798478126526	0.45684805512428284	0.20827172696590424	0.12429932504892349	0.008202329277992249	0.005327131133526564	0.0072188349440693855	0.009151218459010124	0.0050549982115626335	0.004976371303200722	0.0036355049815028906	0.003406565636396408
397	excitement	../final/models/models_2nd_run/model2_10	../final/models/models_2nd_run/model2_10	neutral	0.36887964606285095	0.19112232327461243	0.18669550120830536	0.36887964606285095	0.1526060551404953	0.029903195798397064	0.010341908782720566	0.013310260139405727	0.011804023757576942	0.016141550615429878	0.0062144724652171135	0.007280414924025536	0.005700746551156044
398	joy	../final/models/models_2nd_run/model2_10	../final/models/models_2nd_run/model2_10	neutral	0.36267709732055664	0.1166665330529213	0.2308967262506485	0.36267709732055664	0.2122003138065338	0.0106273852288723	0.00893683172762394	0.014161917380988598	0.013819853775203228	0.011325132101774216	0.00789137277752161	0.005421419162303209	0.005375398322939873
399	pride	../final/models/models_2nd_run/model2_10	../final/models/models_2nd_run/model2_10	joy	0.4238314628601074	0.23674015700817108	0.4238314628601074	0.22837026417255402	0.0473468154668808	0.016939811408519745	0.009554864838719368	0.007600270677357912	0.007379530929028988	0.005834444426000118	0.005603797268122435	0.005758063402026892	0.0050406260415911674
400	excitement	../final/models/models_2nd_run/model2_10	../final/models/models_2nd_run/model2_10	neutral	0.3407256603240967	0.11496996879577637	0.16579100489616394	0.3407256603240967	0.2980048358440399	0.010892871767282486	0.007311287336051464	0.015104942955076694	0.013898123987019062	0.01143887173384428	0.010797152295708656	0.005820764694362879	0.005244516767561436
401	surprise	../final/models/models_2nd_run/model2_10	../final/models/models_2nd_run/model2_10	excitement	0.4109172523021698	0.4109172523021698	0.07435721904039383	0.10390260070562363	0.023940175771713257	0.34464991092681885	0.011090287007391453	0.0041571506299078465	0.005184330977499485	0.010368690825998783	0.0036401329562067986	0.004229834768921137	0.0035624417942017317
402	neutral	../final/models/models_2nd_run/model2_10	../final/models/models_2nd_run/model2_10	neutral	0.4219560921192169	0.16843006014823914	0.28860652446746826	0.4219560921192169	0.05770459398627281	0.01630748063325882	0.013640369288623333	0.0064665875397622585	0.005370008293539286	0.005663173273205757	0.005328177474439144	0.006816181819885969	0.0037107195239514112
403	disgust	../final/models/models_2nd_run/model2_10	../final/models/models_2nd_run/model2_10	neutral	0.26397550106048584	0.03918137028813362	0.049079108983278275	0.26397550106048584	0.1021365076303482	0.020023860037326813	0.02627011016011238	0.1908094733953476	0.09561820328235626	0.09042053669691086	0.02222173474729061	0.054767906665802	0.045495688915252686
404	joy	../final/models/models_2nd_run/model2_10	../final/models/models_2nd_run/model2_10	neutral	0.4011005759239197	0.15008105337619781	0.1594688445329666	0.4011005759239197	0.16437965631484985	0.0262802354991436	0.01778196543455124	0.026689117774367332	0.013292437419295311	0.017177553847432137	0.0076644765213131905	0.007867206819355488	0.00821693055331707
405	sadness	../final/models/models_2nd_run/model2_10	../final/models/models_2nd_run/model2_10	neutral	0.22110354900360107	0.04015842825174332	0.06889042258262634	0.22110354900360107	0.12194660305976868	0.013977078720927238	0.01665586233139038	0.18600332736968994	0.2032959908246994	0.06250017881393433	0.011433565989136696	0.012413468211889267	0.04162159189581871
406	pride	../final/models/models_2nd_run/model2_10	../final/models/models_2nd_run/model2_10	joy	0.5201244950294495	0.13154545426368713	0.5201244950294495	0.22027216851711273	0.0730474665760994	0.011470404453575611	0.006347545422613621	0.008641824126243591	0.011930626817047596	0.005016924813389778	0.003678687382489443	0.0038748662918806076	0.004049613606184721
407	joy	../final/models/models_2nd_run/model2_10	../final/models/models_2nd_run/model2_10	nervousness	0.24941100180149078	0.018224278464913368	0.02746095135807991	0.11955016851425171	0.12059150636196136	0.012526039034128189	0.018692420795559883	0.24941100180149078	0.19204135239124298	0.1652848720550537	0.01777029223740101	0.02489531598985195	0.033551719039678574
408	surprise	../final/models/models_2nd_run/model2_10	../final/models/models_2nd_run/model2_10	neutral	0.4106108844280243	0.08605343103408813	0.10449812561273575	0.4106108844280243	0.22758521139621735	0.031093038618564606	0.03349465876817703	0.03379364684224129	0.011173965409398079	0.029653944075107574	0.009098505601286888	0.012004160322248936	0.01094050146639347
409	excitement	../final/models/models_2nd_run/model2_10	../final/models/models_2nd_run/model2_10	neutral	0.3114037811756134	0.13742902874946594	0.3038882315158844	0.3114037811756134	0.1276760697364807	0.018359458073973656	0.046250708401203156	0.017991796135902405	0.009721089154481888	0.00976508017629385	0.00585777685046196	0.00476433802396059	0.006892609875649214
410	fear	../final/models/models_2nd_run/model2_10	../final/models/models_2nd_run/model2_10	fear	0.5672735571861267	0.01027270220220089	0.019607828930020332	0.06687270104885101	0.0063190399669110775	0.005008886568248272	0.011086623184382915	0.2175782024860382	0.07023727148771286	0.009247918613255024	0.005897209979593754	0.010598069988191128	0.5672735571861267
411	joy	../final/models/models_2nd_run/model2_10	../final/models/models_2nd_run/model2_10	joy	0.5426343083381653	0.2591661214828491	0.5426343083381653	0.1422770470380783	0.01907500810921192	0.012066161260008812	0.004526703152805567	0.0030995840206742287	0.005658287554979324	0.0023902510292828083	0.0032618476543575525	0.002819668035954237	0.003025008598342538
412	pride	../final/models/models_2nd_run/model2_10	../final/models/models_2nd_run/model2_10	pride	0.8684381246566772	0.021204303950071335	0.022749943658709526	0.028227251023054123	0.8684381246566772	0.003785068867728114	0.005129064898937941	0.015251800417900085	0.003486549947410822	0.019719770178198814	0.006134531926363707	0.0030573203694075346	0.0028161811642348766
413	disgust	../final/models/models_2nd_run/model2_10	../final/models/models_2nd_run/model2_10	sadness	0.6857415437698364	0.002893692348152399	0.007826567627489567	0.046153243631124496	0.0061790673062205315	0.0029639010317623615	0.02720949426293373	0.05913928523659706	0.6857415437698364	0.023641623556613922	0.094549760222435	0.032042793929576874	0.011659094132483006
414	excitement	../final/models/models_2nd_run/model2_10	../final/models/models_2nd_run/model2_10	excitement	0.8120843768119812	0.8120843768119812	0.07379552721977234	0.06290028989315033	0.010629337280988693	0.017959507182240486	0.004063962958753109	0.0036595379933714867	0.0031692448537796736	0.0022171910386532545	0.0037056112196296453	0.002551076002418995	0.00326435430906713
415	joy	../final/models/models_2nd_run/model2_10	../final/models/models_2nd_run/model2_10	neutral	0.355915904045105	0.11628557741641998	0.11278806626796722	0.355915904045105	0.31557950377464294	0.010685211047530174	0.01284030918031931	0.02834089659154415	0.009817165322601795	0.011790838092565536	0.010499526746571064	0.006496093235909939	0.008960839360952377
416	fear	../final/models/models_2nd_run/model2_10	../final/models/models_2nd_run/model2_10	neutral	0.2882343530654907	0.09536965191364288	0.10139010846614838	0.2882343530654907	0.23067916929721832	0.01629476435482502	0.015702543780207634	0.07879717648029327	0.04513566195964813	0.06521527469158173	0.026481868699193	0.02401299774646759	0.012686412781476974
417	pride	../final/models/models_2nd_run/model2_10	../final/models/models_2nd_run/model2_10	neutral	0.3449762761592865	0.09936167299747467	0.16737595200538635	0.3449762761592865	0.25273922085762024	0.015729350969195366	0.019577059894800186	0.036582592874765396	0.014496104791760445	0.02062886580824852	0.008968341164290905	0.01001809723675251	0.00954646710306406
418	pride	../final/models/models_2nd_run/model2_10	../final/models/models_2nd_run/model2_10	pride	0.3653918504714966	0.11419732123613358	0.11420369148254395	0.2601398527622223	0.3653918504714966	0.016175976023077965	0.019451510161161423	0.04335816949605942	0.01613108068704605	0.022720834240317345	0.009372166357934475	0.007145559415221214	0.011711901053786278
419	joy	../final/models/models_2nd_run/model2_10	../final/models/models_2nd_run/model2_10	pride	0.26367634534835815	0.1735680252313614	0.2313956320285797	0.24971044063568115	0.26367634534835815	0.011668004095554352	0.0070318803191185	0.01675592176616192	0.01747315376996994	0.011296363547444344	0.006661244668066502	0.00520787388086319	0.0055552320554852486
420	neutral	../final/models/models_2nd_run/model2_10	../final/models/models_2nd_run/model2_10	pride	0.2699957489967346	0.23335281014442444	0.18210819363594055	0.218589186668396	0.2699957489967346	0.02052401378750801	0.01089684572070837	0.0188220776617527	0.01148873008787632	0.013563854619860649	0.008040721528232098	0.005721620749682188	0.006896216422319412
421	pride	../final/models/models_2nd_run/model2_10	../final/models/models_2nd_run/model2_10	joy	0.5544637441635132	0.15078143775463104	0.5544637441635132	0.2009710818529129	0.04831356555223465	0.010053682141005993	0.004736900795251131	0.005883334670215845	0.010317974723875523	0.0037551068235188723	0.003526845946907997	0.0038286838680505753	0.0033675904851406813
422	nervousness	../final/models/models_2nd_run/model2_10	../final/models/models_2nd_run/model2_10	neutral	0.5143361687660217	0.07744483649730682	0.09993083029985428	0.5143361687660217	0.14671257138252258	0.01567796617746353	0.015061221085488796	0.0473177544772625	0.02097434177994728	0.018992094323039055	0.012108438648283482	0.01078055053949356	0.020663170143961906
423	joy	../final/models/models_2nd_run/model2_10	../final/models/models_2nd_run/model2_10	neutral	0.4644888639450073	0.13349390029907227	0.21891745924949646	0.4644888639450073	0.09872076660394669	0.01866965740919113	0.017086589708924294	0.010220238007605076	0.007775743026286364	0.008543828502297401	0.007738171145319939	0.008424578234553337	0.005920217372477055
424	neutral	../final/models/models_2nd_run/model2_10	../final/models/models_2nd_run/model2_10	joy	0.37995168566703796	0.16893024742603302	0.37995168566703796	0.28087878227233887	0.09844790399074554	0.02217952162027359	0.011755884625017643	0.0070627895183861256	0.006831169594079256	0.006593856029212475	0.006320962216705084	0.006575463339686394	0.004471751861274242
425	joy	../final/models/models_2nd_run/model2_10	../final/models/models_2nd_run/model2_10	joy	0.5024358630180359	0.23004259169101715	0.5024358630180359	0.19424910843372345	0.028987497091293335	0.013190743513405323	0.008412880823016167	0.0036100938450545073	0.004777026828378439	0.00313391606323421	0.0045804292894899845	0.0038721549790352583	0.0027077123522758484
426	neutral	../final/models/models_2nd_run/model2_10	../final/models/models_2nd_run/model2_10	neutral	0.4042411148548126	0.0410262793302536	0.06828170269727707	0.4042411148548126	0.06185394152998924	0.00611066771671176	0.015318124555051327	0.22266633808612823	0.02651381865143776	0.015317503362894058	0.010730157606303692	0.010242459364235401	0.11769778281450272
427	joy	../final/models/models_2nd_run/model2_10	../final/models/models_2nd_run/model2_10	excitement	0.5801162123680115	0.5801162123680115	0.2180667370557785	0.12674576044082642	0.02643793821334839	0.01958525739610195	0.005763519089668989	0.003772562136873603	0.004362818319350481	0.003424206282943487	0.003766512032598257	0.004089980386197567	0.003868532134220004
428	pride	../final/models/models_2nd_run/model2_10	../final/models/models_2nd_run/model2_10	neutral	0.27878206968307495	0.0451359786093235	0.0633249282836914	0.27878206968307495	0.11639184504747391	0.015714483335614204	0.024155909195542336	0.2145700603723526	0.08146508783102036	0.06596285849809647	0.014391712844371796	0.03019099310040474	0.049914002418518066
429	joy	../final/models/models_2nd_run/model2_10	../final/models/models_2nd_run/model2_10	excitement	0.43665599822998047	0.43665599822998047	0.21090254187583923	0.22405152022838593	0.061994582414627075	0.027730753645300865	0.00757673941552639	0.004385866690427065	0.005561996251344681	0.005105805583298206	0.006351126823574305	0.005689256824553013	0.003993771504610777
430	disgust	../final/models/models_2nd_run/model2_10	../final/models/models_2nd_run/model2_10	disgust	0.7693528532981873	0.006393090821802616	0.009116198867559433	0.03709602728486061	0.0036535037215799093	0.007819081656634808	0.009633648209273815	0.02217305451631546	0.036375079303979874	0.05923711881041527	0.0094182463362813	0.7693528532981873	0.029732221737504005
431	pride	../final/models/models_2nd_run/model2_10	../final/models/models_2nd_run/model2_10	neutral	0.4454036056995392	0.164298877120018	0.11738990247249603	0.4454036056995392	0.1538207083940506	0.01824309304356575	0.03207165002822876	0.02392878569662571	0.008624867536127567	0.010069030337035656	0.008737331256270409	0.0066446601413190365	0.010767475701868534
432	excitement	../final/models/models_2nd_run/model2_10	../final/models/models_2nd_run/model2_10	excitement	0.43467190861701965	0.43467190861701965	0.33233827352523804	0.14954659342765808	0.030514175072312355	0.024707337841391563	0.005553550086915493	0.003748900257050991	0.005233270116150379	0.0039672404527664185	0.0032458400819450617	0.0033969206269830465	0.0030760979279875755
433	joy	../final/models/models_2nd_run/model2_10	../final/models/models_2nd_run/model2_10	joy	0.30577579140663147	0.19641484320163727	0.30577579140663147	0.2752910256385803	0.15730591118335724	0.01265051867812872	0.008724400773644447	0.010174370370805264	0.008923656307160854	0.007878052070736885	0.006610481534153223	0.005524362903088331	0.004726594313979149
434	pride	../final/models/models_2nd_run/model2_10	../final/models/models_2nd_run/model2_10	pride	0.33552414178848267	0.1526111364364624	0.1350567787885666	0.2714589238166809	0.33552414178848267	0.014340002089738846	0.010564567521214485	0.026131626218557358	0.016226014122366905	0.013805652968585491	0.009793679229915142	0.005564192775636911	0.008923320099711418
435	joy	../final/models/models_2nd_run/model2_10	../final/models/models_2nd_run/model2_10	neutral	0.2880713939666748	0.14195333421230316	0.16810345649719238	0.2880713939666748	0.2872694432735443	0.020655067637562752	0.014661925844848156	0.028680646792054176	0.010825742967426777	0.018658407032489777	0.006974366959184408	0.006928392220288515	0.007217922247946262
436	neutral	../final/models/models_2nd_run/model2_10	../final/models/models_2nd_run/model2_10	neutral	0.3347036838531494	0.1423732489347458	0.2946672737598419	0.3347036838531494	0.1379057914018631	0.0178995318710804	0.011302770115435123	0.01690060831606388	0.011678970418870449	0.011041314341127872	0.006372187752276659	0.008409564383327961	0.006745067425072193
437	nervousness	../final/models/models_2nd_run/model2_10	../final/models/models_2nd_run/model2_10	fear	0.8289504051208496	0.0026073711924254894	0.004861223511397839	0.012794116511940956	0.0018128895899280906	0.0026131775230169296	0.006894651334732771	0.09729412943124771	0.020792443305253983	0.0037293732166290283	0.005280307028442621	0.01237002108246088	0.8289504051208496
438	neutral	../final/models/models_2nd_run/model2_10	../final/models/models_2nd_run/model2_10	neutral	0.5461763739585876	0.08119726181030273	0.11644965410232544	0.5461763739585876	0.15773777663707733	0.007870767265558243	0.01109710056334734	0.03412722796201706	0.008741706609725952	0.009358924813568592	0.008451608940958977	0.006416873075067997	0.01237474661320448
439	excitement	../final/models/models_2nd_run/model2_10	../final/models/models_2nd_run/model2_10	excitement	0.36531269550323486	0.36531269550323486	0.2118767350912094	0.20954152941703796	0.14917609095573425	0.021704012528061867	0.00887999590486288	0.006247071083635092	0.005016393959522247	0.007046927697956562	0.006552026607096195	0.004955417476594448	0.003691213671118021
440	excitement	../final/models/models_2nd_run/model2_10	../final/models/models_2nd_run/model2_10	excitement	0.3857696056365967	0.3857696056365967	0.1737021654844284	0.1679186075925827	0.19950947165489197	0.025463413447141647	0.007995144464075565	0.010169848799705505	0.006119470577687025	0.008597156032919884	0.006016260478645563	0.0044335005804896355	0.004305359907448292
441	neutral	../final/models/models_2nd_run/model2_10	../final/models/models_2nd_run/model2_10	neutral	0.41487613320350647	0.06531170755624771	0.07815203070640564	0.41487613320350647	0.18073099851608276	0.033462464809417725	0.03413655236363411	0.04120764508843422	0.024023830890655518	0.0751267746090889	0.011773291975259781	0.028899002820253372	0.01229958888143301
442	pride	../final/models/models_2nd_run/model2_10	../final/models/models_2nd_run/model2_10	pride	0.31927958130836487	0.17714516818523407	0.13352705538272858	0.28551915287971497	0.31927958130836487	0.015819747000932693	0.010246079415082932	0.017618196085095406	0.008901421912014484	0.011553099378943443	0.008757252246141434	0.00535436999052763	0.006278888322412968
443	joy	../final/models/models_2nd_run/model2_10	../final/models/models_2nd_run/model2_10	neutral	0.4150659441947937	0.08229780942201614	0.1369016319513321	0.4150659441947937	0.2104947417974472	0.021347230300307274	0.01726987585425377	0.04061421379446983	0.013226442970335484	0.028786858543753624	0.009456845000386238	0.01193277072161436	0.012605549767613411
444	pride	../final/models/models_2nd_run/model2_10	../final/models/models_2nd_run/model2_10	excitement	0.42474648356437683	0.42474648356437683	0.21263344585895538	0.24664977192878723	0.06687367707490921	0.014946907758712769	0.005644632503390312	0.004568837583065033	0.005006682593375444	0.004157350864261389	0.006695021875202656	0.004975922871381044	0.0031012236140668392
445	nervousness	../final/models/models_2nd_run/model2_10	../final/models/models_2nd_run/model2_10	neutral	0.31510502099990845	0.17452315986156464	0.2923857569694519	0.31510502099990845	0.13859772682189941	0.01662152260541916	0.009929400868713856	0.012012170627713203	0.010779877193272114	0.010900924913585186	0.007207645568996668	0.00665923161432147	0.005277510266751051
446	excitement	../final/models/models_2nd_run/model2_10	../final/models/models_2nd_run/model2_10	joy	0.3758966326713562	0.15030385553836823	0.3758966326713562	0.27316170930862427	0.13061478734016418	0.013860387727618217	0.01106506958603859	0.013748000375926495	0.008007143624126911	0.007191191427409649	0.005539854988455772	0.005109748337417841	0.00550172058865428
447	pride	../final/models/models_2nd_run/model2_10	../final/models/models_2nd_run/model2_10	neutral	0.36870861053466797	0.13365453481674194	0.1973651498556137	0.36870861053466797	0.20902776718139648	0.012231007218360901	0.01884099468588829	0.017538849264383316	0.008046160452067852	0.010979615151882172	0.009013446979224682	0.007990262471139431	0.0066037108190357685
448	excitement	../final/models/models_2nd_run/model2_10	../final/models/models_2nd_run/model2_10	pride	0.746010422706604	0.0623319186270237	0.06909908354282379	0.05577898025512695	0.746010422706604	0.008322548121213913	0.007054307498037815	0.015517177060246468	0.0062258439138531685	0.017325617372989655	0.005501403473317623	0.0036074540112167597	0.0032252527307718992
449	neutral	../final/models/models_2nd_run/model2_10	../final/models/models_2nd_run/model2_10	joy	0.3397860825061798	0.32919615507125854	0.3397860825061798	0.18948327004909515	0.05545849725604057	0.016874033957719803	0.007819286547601223	0.013003782369196415	0.012147937901318073	0.009364794939756393	0.007057793438434601	0.01249440386891365	0.00731400353834033
450	joy	../final/models/models_2nd_run/model2_10	../final/models/models_2nd_run/model2_10	joy	0.4871784746646881	0.13132816553115845	0.4871784746646881	0.1693866103887558	0.16500799357891083	0.007532129529863596	0.0064158025197684765	0.008421317674219608	0.007123827002942562	0.005439918488264084	0.005010293330997229	0.003851073095574975	0.0033043758012354374
451	surprise	../final/models/models_2nd_run/model2_10	../final/models/models_2nd_run/model2_10	excitement	0.3331834375858307	0.3331834375858307	0.19280806183815002	0.3215568959712982	0.08489502221345901	0.024181591346859932	0.00882978830486536	0.0066183763556182384	0.005844532512128353	0.005502436775714159	0.006688936613500118	0.005531682632863522	0.0043591768480837345
452	excitement	../final/models/models_2nd_run/model2_10	../final/models/models_2nd_run/model2_10	joy	0.5311865210533142	0.20265068113803864	0.5311865210533142	0.18568865954875946	0.03912677615880966	0.011732285842299461	0.006420895457267761	0.0039754342287778854	0.004947645124047995	0.0029616630636155605	0.004296449013054371	0.003815241390839219	0.003197798505425453
453	joy	../final/models/models_2nd_run/model2_10	../final/models/models_2nd_run/model2_10	joy	0.3826008141040802	0.2519487142562866	0.3826008141040802	0.24271118640899658	0.05861176177859306	0.017601946368813515	0.008218145929276943	0.008555679582059383	0.009892021305859089	0.006610384210944176	0.0038745428901165724	0.004087784793227911	0.0052869911305606365
454	pride	../final/models/models_2nd_run/model2_10	../final/models/models_2nd_run/model2_10	neutral	0.33930933475494385	0.3131162226200104	0.1445804387331009	0.33930933475494385	0.11890149861574173	0.029129870235919952	0.011340484023094177	0.007888806983828545	0.007112683728337288	0.008944203145802021	0.007657294161617756	0.007134555839002132	0.004884666297584772
455	joy	../final/models/models_2nd_run/model2_10	../final/models/models_2nd_run/model2_10	joy	0.2851821482181549	0.243872731924057	0.2851821482181549	0.23085999488830566	0.16504214704036713	0.02580641768872738	0.0073904008604586124	0.006889889482408762	0.010694365948438644	0.008186235092580318	0.007444483693689108	0.005086617078632116	0.003544452367350459
456	neutral	../final/models/models_2nd_run/model2_10	../final/models/models_2nd_run/model2_10	neutral	0.4943474233150482	0.08408045023679733	0.10251724720001221	0.4943474233150482	0.09716684371232986	0.05310959741473198	0.021997209638357162	0.043163757771253586	0.02827746793627739	0.037555795162916183	0.0070820762775838375	0.013480052351951599	0.01722211204469204
457	joy	../final/models/models_2nd_run/model2_10	../final/models/models_2nd_run/model2_10	neutral	0.326436847448349	0.07292291522026062	0.1273481249809265	0.326436847448349	0.030262436717748642	0.021795818582177162	0.022800812497735023	0.05600225552916527	0.17346501350402832	0.06485061347484589	0.009772938676178455	0.06270486861467361	0.031637270003557205
458	pride	../final/models/models_2nd_run/model2_10	../final/models/models_2nd_run/model2_10	excitement	0.4299197196960449	0.4299197196960449	0.14826446771621704	0.20167089998722076	0.15208911895751953	0.02548782341182232	0.005839679855853319	0.008412981405854225	0.007914615795016289	0.007069670129567385	0.005742250941693783	0.0036215248983353376	0.003967262804508209
459	nervousness	../final/models/models_2nd_run/model2_10	../final/models/models_2nd_run/model2_10	excitement	0.8863926529884338	0.8863926529884338	0.04042834788560867	0.033967044204473495	0.0060252295807003975	0.015054874122142792	0.0029748347587883472	0.003090080339461565	0.002325443085283041	0.0017924985149875283	0.0030453719664365053	0.002141439588740468	0.00276206131093204
460	joy	../final/models/models_2nd_run/model2_10	../final/models/models_2nd_run/model2_10	neutral	0.43145138025283813	0.1289408951997757	0.2655378580093384	0.43145138025283813	0.09634154289960861	0.015989968553185463	0.0080897631123662	0.011679047718644142	0.012555771507322788	0.0088098319247365	0.006471158936619759	0.0073300572112202644	0.006802723277360201
461	neutral	../final/models/models_2nd_run/model2_10	../final/models/models_2nd_run/model2_10	neutral	0.40819743275642395	0.14118821918964386	0.22697113454341888	0.40819743275642395	0.1469273567199707	0.010822873562574387	0.005441430956125259	0.015741152688860893	0.013125898316502571	0.00867829192429781	0.009214557707309723	0.007147116586565971	0.006544535979628563
462	pride	../final/models/models_2nd_run/model2_10	../final/models/models_2nd_run/model2_10	joy	0.5082700252532959	0.20713947713375092	0.5082700252532959	0.20698975026607513	0.028434230014681816	0.015195670537650585	0.006707198917865753	0.0044655511155724525	0.006996377371251583	0.0035434130113571882	0.004169613588601351	0.004240732174366713	0.003847904969006777
463	joy	../final/models/models_2nd_run/model2_10	../final/models/models_2nd_run/model2_10	nervousness	0.42544251680374146	0.18267826735973358	0.0667259469628334	0.07706113904714584	0.08271447569131851	0.009938439354300499	0.011255929246544838	0.42544251680374146	0.018760396167635918	0.022589953616261482	0.007303823251277208	0.007600404322147369	0.08792881667613983
464	joy	../final/models/models_2nd_run/model2_10	../final/models/models_2nd_run/model2_10	joy	0.40653708577156067	0.1945737898349762	0.40653708577156067	0.2880977690219879	0.06388074904680252	0.011009728536009789	0.008157330565154552	0.005289277993142605	0.005638004746288061	0.003976181149482727	0.005102694965898991	0.004393632523715496	0.003343721851706505
465	joy	../final/models/models_2nd_run/model2_10	../final/models/models_2nd_run/model2_10	joy	0.4235585629940033	0.12451795488595963	0.4235585629940033	0.24810722470283508	0.1301664412021637	0.012297013774514198	0.009044600650668144	0.014309728518128395	0.013822614215314388	0.008091664873063564	0.005347629077732563	0.005704137030988932	0.005032395478338003
466	pride	../final/models/models_2nd_run/model2_10	../final/models/models_2nd_run/model2_10	pride	0.7854357957839966	0.05695047974586487	0.05088725686073303	0.04324821010231972	0.7854357957839966	0.005924391094595194	0.0069808815605938435	0.017498526722192764	0.00479806587100029	0.015372689813375473	0.005651182495057583	0.003506503999233246	0.0037459556479007006
467	excitement	../final/models/models_2nd_run/model2_10	../final/models/models_2nd_run/model2_10	excitement	0.3290769159793854	0.3290769159793854	0.3120741844177246	0.21817129850387573	0.0765179842710495	0.02158907987177372	0.009235592558979988	0.0065926238894462585	0.007650414481759071	0.00568103464320302	0.004562863614410162	0.004520073067396879	0.00432791281491518
468	embarrassment	../final/models/models_2nd_run/model2_10	../final/models/models_2nd_run/model2_10	embarrassment	0.2990918457508087	0.008488819934427738	0.012145204469561577	0.05398038402199745	0.017223499715328217	0.008934675715863705	0.017524028196930885	0.13175122439861298	0.2509042024612427	0.2990918457508087	0.011253686621785164	0.13305972516536713	0.055642686784267426
469	surprise	../final/models/models_2nd_run/model2_10	../final/models/models_2nd_run/model2_10	surprise	0.7027177810668945	0.20851780474185944	0.024528615176677704	0.03488527610898018	0.005492810625582933	0.7027177810668945	0.006466439925134182	0.0014963572612032294	0.003438803367316723	0.005004080943763256	0.0029433483723551035	0.0023972480557858944	0.0021114086266607046
470	excitement	../final/models/models_2nd_run/model2_10	../final/models/models_2nd_run/model2_10	neutral	0.47866082191467285	0.06473353505134583	0.13575884699821472	0.47866082191467285	0.14842800796031952	0.014667806215584278	0.01128097902983427	0.02845686301589012	0.05421910434961319	0.031943369656801224	0.011047929525375366	0.011703482829034328	0.009099174290895462
471	joy	../final/models/models_2nd_run/model2_10	../final/models/models_2nd_run/model2_10	neutral	0.33874231576919556	0.1096409261226654	0.14327628910541534	0.33874231576919556	0.243508443236351	0.026042919605970383	0.015120508149266243	0.029781542718410492	0.022187652066349983	0.038777224719524384	0.010171833448112011	0.013517810963094234	0.009232642129063606
472	neutral	../final/models/models_2nd_run/model2_10	../final/models/models_2nd_run/model2_10	neutral	0.49390506744384766	0.13282611966133118	0.22121725976467133	0.49390506744384766	0.09076093137264252	0.011088351719081402	0.008538155816495419	0.010897994972765446	0.006963822524994612	0.005618102848529816	0.006300986744463444	0.005764593370258808	0.00611861003562808
473	neutral	../final/models/models_2nd_run/model2_10	../final/models/models_2nd_run/model2_10	joy	0.6312814950942993	0.17613331973552704	0.6312814950942993	0.14293156564235687	0.019991127774119377	0.00738562410697341	0.004487023688852787	0.0028925761580467224	0.0036270879209041595	0.0019172249594703317	0.0037425237242132425	0.0030230432748794556	0.0025874576531350613
474	neutral	../final/models/models_2nd_run/model2_10	../final/models/models_2nd_run/model2_10	joy	0.34428247809410095	0.2464972585439682	0.34428247809410095	0.22116458415985107	0.1317964792251587	0.01434725895524025	0.006299955770373344	0.008427503518760204	0.007260418497025967	0.006502040196210146	0.005465419963002205	0.00426472770050168	0.003691907273605466
475	pride	../final/models/models_2nd_run/model2_10	../final/models/models_2nd_run/model2_10	pride	0.4148992896080017	0.035129137337207794	0.041453611105680466	0.12854769825935364	0.4148992896080017	0.007936372421681881	0.012461958453059196	0.16069024801254272	0.043415218591690063	0.0906653180718422	0.030696531757712364	0.020070839673280716	0.014033662155270576
476	joy	../final/models/models_2nd_run/model2_10	../final/models/models_2nd_run/model2_10	neutral	0.30654820799827576	0.1753341257572174	0.19154678285121918	0.30654820799827576	0.16748569905757904	0.029989972710609436	0.01531454548239708	0.0396893210709095	0.019508492201566696	0.02685346081852913	0.0076219188049435616	0.009810594841837883	0.01029693428426981
477	pride	../final/models/models_2nd_run/model2_10	../final/models/models_2nd_run/model2_10	pride	0.6283102631568909	0.07129795104265213	0.12397898733615875	0.10548439621925354	0.6283102631568909	0.009176029823720455	0.009573658928275108	0.015619778074324131	0.006277250591665506	0.013763690367341042	0.0071857585571706295	0.005256175994873047	0.004076080862432718
478	surprise	../final/models/models_2nd_run/model2_10	../final/models/models_2nd_run/model2_10	neutral	0.34900909662246704	0.15564706921577454	0.11861410737037659	0.34900909662246704	0.12689636647701263	0.037159375846385956	0.014982064254581928	0.07649565488100052	0.04412183538079262	0.03277524560689926	0.006838355213403702	0.010890420526266098	0.026570377871394157
479	fear	../final/models/models_2nd_run/model2_10	../final/models/models_2nd_run/model2_10	nervousness	0.3222789466381073	0.015994956716895103	0.02075129933655262	0.16555459797382355	0.04984545707702637	0.0054974486120045185	0.014396579936146736	0.3222789466381073	0.150103360414505	0.07511875033378601	0.05039912462234497	0.08398199826478958	0.04607740417122841
480	neutral	../final/models/models_2nd_run/model2_10	../final/models/models_2nd_run/model2_10	joy	0.5575219988822937	0.20822696387767792	0.5575219988822937	0.16505828499794006	0.029147876426577568	0.012661031447350979	0.004824301693588495	0.0037623976822942495	0.006128368433564901	0.0029548611491918564	0.003613724373281002	0.0033332472667098045	0.0027669586706906557
481	pride	../final/models/models_2nd_run/model2_10	../final/models/models_2nd_run/model2_10	neutral	0.4476427733898163	0.07608697563409805	0.11494100093841553	0.4476427733898163	0.16567181050777435	0.01650519296526909	0.016811398789286613	0.059383247047662735	0.037316545844078064	0.024838998913764954	0.01255772914737463	0.013334833085536957	0.01490947138518095
482	neutral	../final/models/models_2nd_run/model2_10	../final/models/models_2nd_run/model2_10	neutral	0.3301641345024109	0.13877803087234497	0.17271095514297485	0.3301641345024109	0.2519250810146332	0.01880762167274952	0.009651613421738148	0.021098991855978966	0.017402974888682365	0.016490986570715904	0.009299124591052532	0.006825943011790514	0.006844573188573122
483	joy	../final/models/models_2nd_run/model2_10	../final/models/models_2nd_run/model2_10	excitement	0.45150503516197205	0.45150503516197205	0.2374107837677002	0.19148273766040802	0.06417091190814972	0.021534983068704605	0.007842523977160454	0.0038922696840018034	0.004065889865159988	0.004267931915819645	0.00548761710524559	0.005262397695332766	0.0030769151635468006
484	anger	../final/models/models_2nd_run/model2_10	../final/models/models_2nd_run/model2_10	neutral	0.3224720060825348	0.14163970947265625	0.13738153874874115	0.3224720060825348	0.10917051881551743	0.033555831760168076	0.03207596018910408	0.07118622213602066	0.03869772329926491	0.04713304340839386	0.018472246825695038	0.027193687856197357	0.021021436899900436
485	joy	../final/models/models_2nd_run/model2_10	../final/models/models_2nd_run/model2_10	excitement	0.6973894238471985	0.6973894238471985	0.15504136681556702	0.08557923883199692	0.01816749945282936	0.02396109141409397	0.003680815454572439	0.0025077364407479763	0.0034186593256890774	0.0021285125985741615	0.003476106794551015	0.0021744011901319027	0.002475120360031724
486	excitement	../final/models/models_2nd_run/model2_10	../final/models/models_2nd_run/model2_10	excitement	0.8542210459709167	0.8542210459709167	0.045726947486400604	0.05191471427679062	0.012841527350246906	0.01320971455425024	0.0036532473750412464	0.004275877960026264	0.00266900728456676	0.0022693732753396034	0.003617115318775177	0.0023068105801939964	0.0032945536077022552
487	neutral	../final/models/models_2nd_run/model2_10	../final/models/models_2nd_run/model2_10	joy	0.5374047756195068	0.20173482596874237	0.5374047756195068	0.17517372965812683	0.035450082272291183	0.015587175264954567	0.008025039918720722	0.004745826590806246	0.006644780281931162	0.003794118296355009	0.003770254785194993	0.004100753925740719	0.0035686695482581854
488	neutral	../final/models/models_2nd_run/model2_10	../final/models/models_2nd_run/model2_10	joy	0.3530696630477905	0.16219188272953033	0.3530696630477905	0.25928956270217896	0.16525889933109283	0.011199912056326866	0.006222923751920462	0.011092926375567913	0.009829165413975716	0.007171023171395063	0.005582798738032579	0.004584002308547497	0.004507196135818958
489	excitement	../final/models/models_2nd_run/model2_10	../final/models/models_2nd_run/model2_10	joy	0.5145321488380432	0.23654599487781525	0.5145321488380432	0.16977810859680176	0.027832308784127235	0.013353743590414524	0.010097450576722622	0.004841500427573919	0.004667054861783981	0.0038270046934485435	0.005661909468472004	0.005031397566199303	0.0038313427940011024
490	pride	../final/models/models_2nd_run/model2_10	../final/models/models_2nd_run/model2_10	joy	0.5700281858444214	0.1300046592950821	0.5700281858444214	0.1896091252565384	0.06540726870298386	0.010927331633865833	0.006495402194559574	0.005811534821987152	0.006469400599598885	0.004147856030613184	0.004103576298803091	0.0037507545202970505	0.003244904102757573
491	pride	../final/models/models_2nd_run/model2_10	../final/models/models_2nd_run/model2_10	joy	0.5864886045455933	0.17548517882823944	0.5864886045455933	0.17283757030963898	0.027068566530942917	0.010478280484676361	0.005249785725027323	0.0037995337042957544	0.005159531254321337	0.0027190139517188072	0.00382992927916348	0.003802879713475704	0.003081125672906637
492	pride	../final/models/models_2nd_run/model2_10	../final/models/models_2nd_run/model2_10	neutral	0.5696994066238403	0.08258836716413498	0.09673728793859482	0.5696994066238403	0.12877334654331207	0.014848378486931324	0.01317104697227478	0.021400554105639458	0.021621273830533028	0.0177453625947237	0.01408429630100727	0.010307018645107746	0.009023776277899742
493	neutral	../final/models/models_2nd_run/model2_10	../final/models/models_2nd_run/model2_10	neutral	0.317557156085968	0.21063272655010223	0.1493968665599823	0.317557156085968	0.23195546865463257	0.012234040535986423	0.009937704540789127	0.02045161835849285	0.008318107575178146	0.012398289516568184	0.010455422103404999	0.008507195860147476	0.00815541297197342
494	excitement	../final/models/models_2nd_run/model2_10	../final/models/models_2nd_run/model2_10	excitement	0.8739591240882874	0.8739591240882874	0.04378066584467888	0.04060843586921692	0.006457925774157047	0.015625782310962677	0.0032290092203766108	0.003138412954285741	0.002523143542930484	0.0019205472199246287	0.0032995338551700115	0.0022865929640829563	0.0031708788592368364
495	pride	../final/models/models_2nd_run/model2_10	../final/models/models_2nd_run/model2_10	neutral	0.377576619386673	0.15254813432693481	0.1232663094997406	0.377576619386673	0.24143068492412567	0.012401730753481388	0.011437454260885715	0.027208799496293068	0.016941864043474197	0.013296285644173622	0.00880475901067257	0.005808650515973568	0.009278696961700916
496	joy	../final/models/models_2nd_run/model2_10	../final/models/models_2nd_run/model2_10	neutral	0.308728963136673	0.06806737184524536	0.25538864731788635	0.308728963136673	0.08969386667013168	0.012714961543679237	0.009043578058481216	0.08012563735246658	0.09324711561203003	0.026129651814699173	0.006814856547862291	0.017759762704372406	0.03228559345006943
497	fear	../final/models/models_2nd_run/model2_10	../final/models/models_2nd_run/model2_10	nervousness	0.5568134784698486	0.02155863307416439	0.024191590026021004	0.0830392837524414	0.042411185801029205	0.006078080274164677	0.018195129930973053	0.5568134784698486	0.05185666307806969	0.03130499646067619	0.009916667826473713	0.012012611143290997	0.1426217257976532
498	pride	../final/models/models_2nd_run/model2_10	../final/models/models_2nd_run/model2_10	joy	0.30342718958854675	0.2762359082698822	0.30342718958854675	0.24502286314964294	0.12752537429332733	0.012392798438668251	0.006850015837699175	0.006673720665276051	0.005115274805575609	0.004951489623636007	0.004952677525579929	0.0038271304219961166	0.003025498939678073
499	pride	../final/models/models_2nd_run/model2_10	../final/models/models_2nd_run/model2_10	pride	0.7091327905654907	0.052943866699934006	0.05623011291027069	0.09081372618675232	0.7091327905654907	0.007108364254236221	0.006859811954200268	0.022025538608431816	0.006907959468662739	0.024121763184666634	0.011818396858870983	0.00669525470584631	0.005342472810298204
500	excitement	../final/models/models_2nd_run/model2_10	../final/models/models_2nd_run/model2_10	pride	0.856287956237793	0.026126625016331673	0.026850298047065735	0.032115638256073	0.856287956237793	0.0049620214849710464	0.00554224057123065	0.014239008538424969	0.0035050027072429657	0.018236560747027397	0.0060765729285776615	0.0032338490709662437	0.002824152819812298
501	neutral	../final/models/models_2nd_run/model2_10	../final/models/models_2nd_run/model2_10	excitement	0.3513328433036804	0.3513328433036804	0.31661978363990784	0.21442721784114838	0.05730334669351578	0.016548048704862595	0.011286068707704544	0.007090594619512558	0.005140111781656742	0.004954477306455374	0.006155623588711023	0.004917154088616371	0.004224815405905247
502	neutral	../final/models/models_2nd_run/model2_10	../final/models/models_2nd_run/model2_10	excitement	0.5209094285964966	0.5209094285964966	0.2756517827510834	0.13883644342422485	0.02379932440817356	0.017592020332813263	0.004478097893297672	0.0022589785512536764	0.004381585866212845	0.00262947054579854	0.0038231979124248028	0.0032458449713885784	0.00239378004334867
503	embarrassment	../final/models/models_2nd_run/model2_10	../final/models/models_2nd_run/model2_10	neutral	0.2735271453857422	0.09269141405820847	0.1615280956029892	0.2735271453857422	0.03806520998477936	0.022040991112589836	0.016705229878425598	0.04768426716327667	0.0729040652513504	0.07663647085428238	0.018816107884049416	0.1485789567232132	0.03082207590341568
504	pride	../final/models/models_2nd_run/model2_10	../final/models/models_2nd_run/model2_10	pride	0.3851216733455658	0.09555234014987946	0.1090344786643982	0.2940663993358612	0.3851216733455658	0.01173159759491682	0.014181318692862988	0.032297469675540924	0.011777756735682487	0.017758915200829506	0.011480554938316345	0.007274598814547062	0.009722830727696419
505	pride	../final/models/models_2nd_run/model2_10	../final/models/models_2nd_run/model2_10	neutral	0.333061546087265	0.2135772705078125	0.21336080133914948	0.333061546087265	0.14961600303649902	0.0185855720192194	0.010811577551066875	0.018703391775488853	0.009853379800915718	0.010445873253047466	0.007886305451393127	0.007084348704665899	0.007013930939137936
506	joy	../final/models/models_2nd_run/model2_10	../final/models/models_2nd_run/model2_10	joy	0.5572990775108337	0.15415745973587036	0.5572990775108337	0.20769576728343964	0.037104349583387375	0.011848567053675652	0.005719182081520557	0.004671688191592693	0.007064483594149351	0.0033664682414382696	0.004176971036940813	0.0038208470214158297	0.0030750890728086233
507	joy	../final/models/models_2nd_run/model2_10	../final/models/models_2nd_run/model2_10	neutral	0.6610047817230225	0.09184271097183228	0.1466781347990036	0.6610047817230225	0.02460223250091076	0.011526626534759998	0.009618748910725117	0.008948823437094688	0.00999202486127615	0.0043998402543365955	0.010561666451394558	0.011949717067182064	0.00887471716850996
508	excitement	../final/models/models_2nd_run/model2_10	../final/models/models_2nd_run/model2_10	excitement	0.4637625813484192	0.4637625813484192	0.15216882526874542	0.20797471702098846	0.0919584408402443	0.016302932053804398	0.009993182495236397	0.017820654436945915	0.009646791033446789	0.010237610898911953	0.006703711114823818	0.005067856982350349	0.00836264155805111
509	joy	../final/models/models_2nd_run/model2_10	../final/models/models_2nd_run/model2_10	neutral	0.31234508752822876	0.08029579371213913	0.1598404049873352	0.31234508752822876	0.14598365128040314	0.013017648831009865	0.00842826347798109	0.07221060246229172	0.14453990757465363	0.029860621318221092	0.0077568418346345425	0.00802361685782671	0.017697475850582123
510	neutral	../final/models/models_2nd_run/model2_10	../final/models/models_2nd_run/model2_10	neutral	0.3799656629562378	0.10679841786623001	0.32314181327819824	0.3799656629562378	0.12422098964452744	0.011628974229097366	0.00696888891980052	0.011397683061659336	0.011605685576796532	0.007855792529881	0.006244178861379623	0.00558451097458601	0.004587303381413221
511	neutral	../final/models/models_2nd_run/model2_10	../final/models/models_2nd_run/model2_10	neutral	0.2880905568599701	0.1048537865281105	0.15069958567619324	0.2880905568599701	0.24036552011966705	0.013588875532150269	0.011223011650145054	0.0714007094502449	0.05671223625540733	0.02952713519334793	0.008175565861165524	0.008130143396556377	0.01723281666636467
512	embarrassment	../final/models/models_2nd_run/model2_10	../final/models/models_2nd_run/model2_10	neutral	0.28001388907432556	0.014537541195750237	0.030535608530044556	0.28001388907432556	0.039135269820690155	0.00711783766746521	0.015829911455512047	0.1432446539402008	0.06531863659620285	0.036864910274744034	0.19504906237125397	0.14766646921634674	0.02468622848391533
513	joy	../final/models/models_2nd_run/model2_10	../final/models/models_2nd_run/model2_10	neutral	0.34714362025260925	0.21657608449459076	0.3227314054965973	0.34714362025260925	0.03994562104344368	0.02226329781115055	0.013872448354959488	0.0051615070551633835	0.006496021989732981	0.005657920613884926	0.007072215899825096	0.008873180486261845	0.0042066508904099464
514	disgust	../final/models/models_2nd_run/model2_10	../final/models/models_2nd_run/model2_10	nervousness	0.44763967394828796	0.00853570457547903	0.012106279842555523	0.09685249626636505	0.02118399366736412	0.002698672702535987	0.007977025583386421	0.44763967394828796	0.19862818717956543	0.03220875933766365	0.05112757161259651	0.046373169869184494	0.07466837018728256
515	nervousness	../final/models/models_2nd_run/model2_10	../final/models/models_2nd_run/model2_10	pride	0.8072388172149658	0.03233710303902626	0.034161727875471115	0.04738976061344147	0.8072388172149658	0.005293940659612417	0.006630961317569017	0.020716538652777672	0.00490873446688056	0.0251285620033741	0.00782211683690548	0.004467095248401165	0.0039046225138008595
516	neutral	../final/models/models_2nd_run/model2_10	../final/models/models_2nd_run/model2_10	joy	0.5269832611083984	0.23888571560382843	0.5269832611083984	0.1623162478208542	0.03049420565366745	0.01286250352859497	0.006376707460731268	0.003565475344657898	0.004746922291815281	0.0027070604264736176	0.004092272836714983	0.003840486519038677	0.0031291914638131857
517	pride	../final/models/models_2nd_run/model2_10	../final/models/models_2nd_run/model2_10	neutral	0.4214947819709778	0.11530545353889465	0.18382354080677032	0.4214947819709778	0.19332453608512878	0.010912971571087837	0.012008878402411938	0.024944014847278595	0.008073723874986172	0.009339327923953533	0.00715414434671402	0.0058012655936181545	0.007817395962774754
518	pride	../final/models/models_2nd_run/model2_10	../final/models/models_2nd_run/model2_10	excitement	0.8267142176628113	0.8267142176628113	0.0751364529132843	0.052517663687467575	0.007597737479954958	0.01673583872616291	0.0038031027652323246	0.0028037000447511673	0.0031421007588505745	0.0020686627831310034	0.0036074453964829445	0.002708941698074341	0.0031642254907637835
519	nervousness	../final/models/models_2nd_run/model2_10	../final/models/models_2nd_run/model2_10	neutral	0.47563832998275757	0.06581975519657135	0.0644320398569107	0.47563832998275757	0.10538525134325027	0.017072109505534172	0.020489027723670006	0.1099962517619133	0.04405026510357857	0.0294233039021492	0.01420888677239418	0.015702558681368828	0.03778224065899849
520	nervousness	../final/models/models_2nd_run/model2_10	../final/models/models_2nd_run/model2_10	neutral	0.28596043586730957	0.1884150356054306	0.19553439319133759	0.28596043586730957	0.21173804998397827	0.0176004096865654	0.013517836108803749	0.023210180923342705	0.011657354421913624	0.022869687527418137	0.00921764224767685	0.012873359024524689	0.007405640557408333
521	pride	../final/models/models_2nd_run/model2_10	../final/models/models_2nd_run/model2_10	joy	0.34749114513397217	0.22552381455898285	0.34749114513397217	0.2999749481678009	0.053124912083148956	0.023057570680975914	0.015480955131351948	0.007009323686361313	0.007880591787397861	0.005787346046417952	0.005463835783302784	0.005430873017758131	0.0037748077884316444
522	pride	../final/models/models_2nd_run/model2_10	../final/models/models_2nd_run/model2_10	joy	0.36450159549713135	0.22170037031173706	0.36450159549713135	0.18917563557624817	0.1579873263835907	0.02088799700140953	0.006126846186816692	0.0069311317056417465	0.01071215234696865	0.008016194216907024	0.005999126937240362	0.004641388542950153	0.003320234827697277
523	sadness	../final/models/models_2nd_run/model2_10	../final/models/models_2nd_run/model2_10	sadness	0.9252319931983948	0.0024949919898062944	0.006907791830599308	0.017989076673984528	0.0024539565201848745	0.0024010813795030117	0.0030371088068932295	0.018762337043881416	0.9252319931983948	0.005813826806843281	0.0018866104073822498	0.003182411892339587	0.009838951751589775
524	pride	../final/models/models_2nd_run/model2_10	../final/models/models_2nd_run/model2_10	neutral	0.4673675000667572	0.05955188348889351	0.030124308541417122	0.4673675000667572	0.17522631585597992	0.008501389063894749	0.008603964000940323	0.06507076323032379	0.015442123636603355	0.022642817348241806	0.09101270884275436	0.025064833462238312	0.03139137476682663
525	neutral	../final/models/models_2nd_run/model2_10	../final/models/models_2nd_run/model2_10	neutral	0.5082598328590393	0.057110123336315155	0.1048869788646698	0.5082598328590393	0.11224374175071716	0.012956940568983555	0.01966381072998047	0.08392755687236786	0.039116136729717255	0.020183252170681953	0.007697700057178736	0.009530670009553432	0.024423256516456604
526	sadness	../final/models/models_2nd_run/model2_10	../final/models/models_2nd_run/model2_10	nervousness	0.2658346891403198	0.014658843167126179	0.020267445594072342	0.11033064872026443	0.026031212881207466	0.0094949034973979	0.019157610833644867	0.2658346891403198	0.0873616486787796	0.16171422600746155	0.012869891710579395	0.14174465835094452	0.13053427636623383
527	excitement	../final/models/models_2nd_run/model2_10	../final/models/models_2nd_run/model2_10	excitement	0.7878947257995605	0.7878947257995605	0.06469260156154633	0.07835453748703003	0.014520111493766308	0.020106635987758636	0.005795683246105909	0.007018658332526684	0.003939921967685223	0.003128306707367301	0.005409455392509699	0.0032667757477611303	0.005872543901205063
528	excitement	../final/models/models_2nd_run/model2_10	../final/models/models_2nd_run/model2_10	excitement	0.6947691440582275	0.6947691440582275	0.148692786693573	0.10239234566688538	0.011223954148590565	0.01624332368373871	0.004268990363925695	0.0035281882155686617	0.004117571748793125	0.002372363582253456	0.004523087292909622	0.003638104535639286	0.00423011276870966
529	neutral	../final/models/models_2nd_run/model2_10	../final/models/models_2nd_run/model2_10	neutral	0.3792601525783539	0.15797604620456696	0.23533199727535248	0.3792601525783539	0.1300312876701355	0.023789027705788612	0.00989933405071497	0.018624424934387207	0.012739083729684353	0.012219750322401524	0.006125937681645155	0.006819790694862604	0.007183014880865812
530	nervousness	../final/models/models_2nd_run/model2_10	../final/models/models_2nd_run/model2_10	sadness	0.3628609776496887	0.011667448095977306	0.022694056853652	0.0806460753083229	0.02305424213409424	0.006401903927326202	0.01675024814903736	0.2633499205112457	0.3628609776496887	0.0784955620765686	0.008713793940842152	0.05855721980333328	0.06680862605571747
531	joy	../final/models/models_2nd_run/model2_10	../final/models/models_2nd_run/model2_10	joy	0.4024171829223633	0.1665719896554947	0.4024171829223633	0.2406274378299713	0.1422206163406372	0.010196205228567123	0.007808797527104616	0.00717990892007947	0.004657899495214224	0.004873345140367746	0.005472972057759762	0.004652401432394981	0.0033213351853191853
532	joy	../final/models/models_2nd_run/model2_10	../final/models/models_2nd_run/model2_10	joy	0.40320464968681335	0.21147213876247406	0.40320464968681335	0.26781702041625977	0.06270729005336761	0.015659580007195473	0.006534573622047901	0.005921256262809038	0.007123300805687904	0.004819091875106096	0.005615526810288429	0.005379287991672754	0.0037462287582457066
533	neutral	../final/models/models_2nd_run/model2_10	../final/models/models_2nd_run/model2_10	neutral	0.4216715097427368	0.06603348255157471	0.08375973999500275	0.4216715097427368	0.14715366065502167	0.016851061955094337	0.02532235160470009	0.11339462548494339	0.03452911227941513	0.031337250024080276	0.012409835122525692	0.014349769800901413	0.033187635242938995
534	excitement	../final/models/models_2nd_run/model2_10	../final/models/models_2nd_run/model2_10	neutral	0.3475342094898224	0.1468207836151123	0.32576122879981995	0.3475342094898224	0.11582554131746292	0.013510812073946	0.007689621299505234	0.01063767820596695	0.009240957908332348	0.00618161354213953	0.006396832410246134	0.005648986902087927	0.004751632921397686
535	joy	../final/models/models_2nd_run/model2_10	../final/models/models_2nd_run/model2_10	neutral	0.43349212408065796	0.18232452869415283	0.22568818926811218	0.43349212408065796	0.0890628769993782	0.01632944867014885	0.009558930061757565	0.009516819380223751	0.010172026231884956	0.006450348999351263	0.006511807441711426	0.005429063457995653	0.005463814362883568
536	anger	../final/models/models_2nd_run/model2_10	../final/models/models_2nd_run/model2_10	neutral	0.2560468912124634	0.039863038808107376	0.039288006722927094	0.2560468912124634	0.04151580110192299	0.011946349404752254	0.00796519685536623	0.24956031143665314	0.04105430096387863	0.03794359415769577	0.04763322323560715	0.04770554229617119	0.1794777512550354
537	neutral	../final/models/models_2nd_run/model2_10	../final/models/models_2nd_run/model2_10	neutral	0.46301907300949097	0.10169648379087448	0.24301894009113312	0.46301907300949097	0.11719315499067307	0.011393586173653603	0.009626581333577633	0.016016043722629547	0.009118746034801006	0.008236844092607498	0.0069185481406748295	0.0071217454969882965	0.006640263833105564
538	pride	../final/models/models_2nd_run/model2_10	../final/models/models_2nd_run/model2_10	pride	0.8622534871101379	0.020814115181565285	0.021809998899698257	0.03265395388007164	0.8622534871101379	0.003991914913058281	0.0053412732668221	0.01509783510118723	0.0035152509808540344	0.022329945117235184	0.006271318066865206	0.0031102022621780634	0.0028106458485126495
539	joy	../final/models/models_2nd_run/model2_10	../final/models/models_2nd_run/model2_10	neutral	0.3125942051410675	0.2020581215620041	0.12598958611488342	0.3125942051410675	0.25269609689712524	0.012935569509863853	0.012713689357042313	0.030882082879543304	0.012964189983904362	0.01126174908131361	0.008504227735102177	0.005352052394300699	0.012048345059156418
540	joy	../final/models/models_2nd_run/model2_10	../final/models/models_2nd_run/model2_10	excitement	0.5195384621620178	0.5195384621620178	0.2645920217037201	0.10906703025102615	0.047697924077510834	0.027027392759919167	0.012009861879050732	0.00388356763869524	0.00519624724984169	0.003540100995451212	0.003402265254408121	0.0018230953719466925	0.002221974078565836
541	excitement	../final/models/models_2nd_run/model2_10	../final/models/models_2nd_run/model2_10	joy	0.3768080174922943	0.22590556740760803	0.3768080174922943	0.2596140503883362	0.07620358467102051	0.015860540792346	0.007835788652300835	0.00700286915525794	0.007988414727151394	0.00688154948875308	0.006077074445784092	0.005720264744013548	0.004102339968085289
542	joy	../final/models/models_2nd_run/model2_10	../final/models/models_2nd_run/model2_10	excitement	0.4754989743232727	0.4754989743232727	0.302958607673645	0.14424331486225128	0.022133536636829376	0.02435157261788845	0.006403100676834583	0.0027407065499573946	0.005114882253110409	0.0029179025441408157	0.004920285195112228	0.004862975794821978	0.0038542200345546007
543	neutral	../final/models/models_2nd_run/model2_10	../final/models/models_2nd_run/model2_10	joy	0.34050169587135315	0.24276353418827057	0.34050169587135315	0.31058865785598755	0.04422647878527641	0.020077453926205635	0.006849905010312796	0.005406508222222328	0.008824934251606464	0.005233322735875845	0.004873684607446194	0.006077260244637728	0.004576613195240498
544	excitement	../final/models/models_2nd_run/model2_10	../final/models/models_2nd_run/model2_10	excitement	0.4117678999900818	0.4117678999900818	0.3985741436481476	0.11779632419347763	0.034263841807842255	0.013351712375879288	0.0049223387613892555	0.0034500127658247948	0.004029502160847187	0.002779488218948245	0.003775290446355939	0.0028376136906445026	0.0024519190192222595
545	joy	../final/models/models_2nd_run/model2_10	../final/models/models_2nd_run/model2_10	neutral	0.4859752058982849	0.09855219721794128	0.1841031163930893	0.4859752058982849	0.13670285046100616	0.015232169069349766	0.012929365038871765	0.015184893272817135	0.01565045677125454	0.012781609781086445	0.008126763626933098	0.008251522667706013	0.006509910337626934
546	pride	../final/models/models_2nd_run/model2_10	../final/models/models_2nd_run/model2_10	excitement	0.4785071611404419	0.4785071611404419	0.23693887889385223	0.16221407055854797	0.0699673667550087	0.021518124267458916	0.006732487119734287	0.0052213906310498714	0.003923199605196714	0.004091973882168531	0.004294543992727995	0.00339455995708704	0.0031962466891855
547	excitement	../final/models/models_2nd_run/model2_10	../final/models/models_2nd_run/model2_10	excitement	0.7555976510047913	0.7555976510047913	0.08381737023591995	0.08182629197835922	0.02386506460607052	0.028260663151741028	0.005170782096683979	0.00424697482958436	0.003454760415479541	0.003141510533168912	0.004018325358629227	0.0029523216653615236	0.003648291574791074
548	neutral	../final/models/models_2nd_run/model2_10	../final/models/models_2nd_run/model2_10	neutral	0.44488877058029175	0.05819883570075035	0.07064598798751831	0.44488877058029175	0.2221849113702774	0.010307285003364086	0.01581147313117981	0.07389041781425476	0.027528876438736916	0.02697797305881977	0.013872930780053139	0.01388584915548563	0.021806711331009865
549	neutral	../final/models/models_2nd_run/model2_10	../final/models/models_2nd_run/model2_10	joy	0.47419363260269165	0.2068876326084137	0.47419363260269165	0.21911342442035675	0.05415329337120056	0.012858874164521694	0.007619225885719061	0.004752214998006821	0.005135804880410433	0.0035426069516688585	0.004438033793121576	0.004063550382852554	0.003241657977923751
550	excitement	../final/models/models_2nd_run/model2_10	../final/models/models_2nd_run/model2_10	excitement	0.619703471660614	0.619703471660614	0.17217953503131866	0.12411296367645264	0.03191312029957771	0.026876211166381836	0.005671053193509579	0.0024633873254060745	0.0034546665847301483	0.0033440934494137764	0.004469862673431635	0.0036430207546800375	0.002168677281588316
551	neutral	../final/models/models_2nd_run/model2_10	../final/models/models_2nd_run/model2_10	neutral	0.3966156542301178	0.09261025488376617	0.11795995384454727	0.3966156542301178	0.14340104162693024	0.014898435212671757	0.01570921018719673	0.10114442557096481	0.03409554064273834	0.023105338215827942	0.008778424002230167	0.00964866392314434	0.04203306883573532
552	excitement	../final/models/models_2nd_run/model2_10	../final/models/models_2nd_run/model2_10	joy	0.33025819063186646	0.17269249260425568	0.33025819063186646	0.32689955830574036	0.09377070516347885	0.01593533344566822	0.009958933107554913	0.013204380869865417	0.009283924475312233	0.007874833419919014	0.005749547388404608	0.007822209969162941	0.006549918558448553
553	excitement	../final/models/models_2nd_run/model2_10	../final/models/models_2nd_run/model2_10	excitement	0.45912644267082214	0.45912644267082214	0.052936017513275146	0.043890323489904404	0.00635534105822444	0.4149560034275055	0.006238771602511406	0.0014321100898087025	0.0032325894571840763	0.0035627782344818115	0.003358028829097748	0.002514481544494629	0.002397139323875308
554	nervousness	../final/models/models_2nd_run/model2_10	../final/models/models_2nd_run/model2_10	confusion	0.6347816586494446	0.017041480168700218	0.02131212316453457	0.07529377192258835	0.027187880128622055	0.014163545332849026	0.6347816586494446	0.10741329938173294	0.035690076649188995	0.03003232553601265	0.005273767281323671	0.006067678332328796	0.025742383673787117
555	pride	../final/models/models_2nd_run/model2_10	../final/models/models_2nd_run/model2_10	pride	0.3989203870296478	0.16775403916835785	0.20253857970237732	0.17280785739421844	0.3989203870296478	0.007950318977236748	0.005571605172008276	0.010519607923924923	0.010366080328822136	0.008380166254937649	0.007541196886450052	0.004062153864651918	0.0035879367496818304
556	neutral	../final/models/models_2nd_run/model2_10	../final/models/models_2nd_run/model2_10	neutral	0.27065497636795044	0.036972470581531525	0.049360278993844986	0.27065497636795044	0.07833375036716461	0.013169350102543831	0.034443698823451996	0.20227743685245514	0.15189392864704132	0.06271649897098541	0.01256565935909748	0.023149196058511734	0.06446273624897003
557	pride	../final/models/models_2nd_run/model2_10	../final/models/models_2nd_run/model2_10	joy	0.2841932773590088	0.24889381229877472	0.2841932773590088	0.21991540491580963	0.17396306991577148	0.016393039375543594	0.00958828255534172	0.01354418694972992	0.007307223044335842	0.009755929931998253	0.005851244553923607	0.005621653515845537	0.004972900729626417
558	pride	../final/models/models_2nd_run/model2_10	../final/models/models_2nd_run/model2_10	pride	0.31517553329467773	0.1659490466117859	0.1738491803407669	0.2664046287536621	0.31517553329467773	0.015302471816539764	0.009541033767163754	0.014815004542469978	0.010367726907134056	0.011792800389230251	0.006814534775912762	0.005028656218200922	0.004959367215633392
559	neutral	../final/models/models_2nd_run/model2_10	../final/models/models_2nd_run/model2_10	neutral	0.3924209177494049	0.06259602308273315	0.12399057298898697	0.3924209177494049	0.14813539385795593	0.0183628648519516	0.01759587973356247	0.08192495256662369	0.04629511386156082	0.055230509489774704	0.011655282229185104	0.019160693511366844	0.022631656378507614
560	neutral	../final/models/models_2nd_run/model2_10	../final/models/models_2nd_run/model2_10	neutral	0.4257802367210388	0.19284406304359436	0.17820994555950165	0.4257802367210388	0.12417376041412354	0.02618987485766411	0.011070478707551956	0.010111726820468903	0.007102760020643473	0.007147532422095537	0.007134613581001759	0.00571425398811698	0.004520741291344166
561	excitement	../final/models/models_2nd_run/model2_10	../final/models/models_2nd_run/model2_10	excitement	0.559660792350769	0.559660792350769	0.23352012038230896	0.1290193498134613	0.031969647854566574	0.017435941845178604	0.005723386071622372	0.005215204320847988	0.004438615404069424	0.003065170720219612	0.003920248709619045	0.002829213859513402	0.003202408319339156
562	neutral	../final/models/models_2nd_run/model2_10	../final/models/models_2nd_run/model2_10	joy	0.5163924694061279	0.23385179042816162	0.5163924694061279	0.15525463223457336	0.04801533743739128	0.014816861599683762	0.0071626161225140095	0.0047647468745708466	0.005358995869755745	0.0037273678462952375	0.0038263038732111454	0.0036386994179338217	0.0031902610789984465
563	joy	../final/models/models_2nd_run/model2_10	../final/models/models_2nd_run/model2_10	joy	0.4730605185031891	0.18613596260547638	0.4730605185031891	0.23296159505844116	0.05674112215638161	0.014552564360201359	0.0072609069757163525	0.005346695892512798	0.007088048849254847	0.004378413315862417	0.005016752984374762	0.004168222658336163	0.0032892636954784393
564	excitement	../final/models/models_2nd_run/model2_10	../final/models/models_2nd_run/model2_10	neutral	0.34047988057136536	0.16315118968486786	0.23865452408790588	0.34047988057136536	0.18236325681209564	0.01537388376891613	0.01177224237471819	0.012914195656776428	0.007418000139296055	0.009734359569847584	0.006678546313196421	0.006168548949062824	0.00529143214225769
565	neutral	../final/models/models_2nd_run/model2_10	../final/models/models_2nd_run/model2_10	neutral	0.40328383445739746	0.15762601792812347	0.23923639953136444	0.40328383445739746	0.10893342643976212	0.0182120893150568	0.01065452117472887	0.017887193709611893	0.011994005180895329	0.010420338250696659	0.007124682888388634	0.007020073942840099	0.00760740227997303
566	excitement	../final/models/models_2nd_run/model2_10	../final/models/models_2nd_run/model2_10	neutral	0.3171655535697937	0.2294703871011734	0.24446158111095428	0.3171655535697937	0.13930872082710266	0.018615754321217537	0.012240435928106308	0.009371125139296055	0.007253262680023909	0.006900785490870476	0.00640817079693079	0.004628715571016073	0.004175415728241205
567	anger	../final/models/models_2nd_run/model2_10	../final/models/models_2nd_run/model2_10	anger	0.5077189207077026	0.0029861130751669407	0.0034806332550942898	0.021348586305975914	0.0032184855081140995	0.0031855471897870302	0.022865168750286102	0.016802214086055756	0.019822124391794205	0.012226663529872894	0.5077189207077026	0.3775743842124939	0.008771139197051525
568	fear	../final/models/models_2nd_run/model2_10	../final/models/models_2nd_run/model2_10	nervousness	0.2680661678314209	0.06081559136509895	0.055681899189949036	0.19172681868076324	0.11385726928710938	0.01212355773895979	0.014776109717786312	0.2680661678314209	0.13351789116859436	0.05063342675566673	0.010096458718180656	0.015028436668217182	0.07367639988660812
569	pride	../final/models/models_2nd_run/model2_10	../final/models/models_2nd_run/model2_10	pride	0.7750757336616516	0.03697729483246803	0.046774014830589294	0.062076590955257416	0.7750757336616516	0.0060891760513186455	0.007309854030609131	0.018550826236605644	0.0059583112597465515	0.024652494117617607	0.007703953422605991	0.004973811563104391	0.0038580370601266623
570	neutral	../final/models/models_2nd_run/model2_10	../final/models/models_2nd_run/model2_10	joy	0.39691799879074097	0.19690391421318054	0.39691799879074097	0.23582583665847778	0.08945075422525406	0.018218647688627243	0.01524090114980936	0.009796851314604282	0.006951401475816965	0.007880959659814835	0.007419131696224213	0.0096258744597435	0.0057677277363836765
571	joy	../final/models/models_2nd_run/model2_10	../final/models/models_2nd_run/model2_10	joy	0.5206746459007263	0.2902795374393463	0.5206746459007263	0.13673163950443268	0.018382590264081955	0.009729834273457527	0.004909977782517672	0.002845342271029949	0.004013038240373135	0.002047994639724493	0.004187614191323519	0.003358637448400259	0.002839148510247469
572	neutral	../final/models/models_2nd_run/model2_10	../final/models/models_2nd_run/model2_10	fear	0.8635484576225281	0.005615896079689264	0.010614871047437191	0.015134689398109913	0.0024468046613037586	0.0028655766509473324	0.006633722223341465	0.06839922070503235	0.0068429154343903065	0.003408338176086545	0.0031931435223668814	0.01129645574837923	0.8635484576225281
573	neutral	../final/models/models_2nd_run/model2_10	../final/models/models_2nd_run/model2_10	neutral	0.3412974178791046	0.034003157168626785	0.06715372949838638	0.3412974178791046	0.12933921813964844	0.018912049010396004	0.02549058198928833	0.11322696506977081	0.09412868320941925	0.10104082524776459	0.010786767117679119	0.038075629621744156	0.026545044034719467
574	joy	../final/models/models_2nd_run/model2_10	../final/models/models_2nd_run/model2_10	joy	0.4808422029018402	0.3068898916244507	0.4808422029018402	0.14535489678382874	0.023080941289663315	0.012517404742538929	0.006668951828032732	0.0038238742854446173	0.004869426600635052	0.0030914568342268467	0.005234396085143089	0.004138821270316839	0.003487807232886553
575	excitement	../final/models/models_2nd_run/model2_10	../final/models/models_2nd_run/model2_10	joy	0.528383195400238	0.15564796328544617	0.528383195400238	0.2475849986076355	0.03182558715343475	0.008908199146389961	0.005208432674407959	0.003653918392956257	0.005406327545642853	0.0025719106197357178	0.004368396941572428	0.0037431020755320787	0.002698055235669017
576	nervousness	../final/models/models_2nd_run/model2_10	../final/models/models_2nd_run/model2_10	pride	0.722974419593811	0.04975014179944992	0.054415445774793625	0.07679498195648193	0.722974419593811	0.0068537406623363495	0.00811772421002388	0.025145066902041435	0.007210048381239176	0.029713179916143417	0.008497543632984161	0.005654158536344767	0.004873612895607948
577	sadness	../final/models/models_2nd_run/model2_10	../final/models/models_2nd_run/model2_10	nervousness	0.3092898428440094	0.026041721925139427	0.02772660180926323	0.19702856242656708	0.07461187243461609	0.010071800090372562	0.023637086153030396	0.3092898428440094	0.10711687803268433	0.08514329046010971	0.023648163303732872	0.04174858331680298	0.07393567264080048
578	neutral	../final/models/models_2nd_run/model2_10	../final/models/models_2nd_run/model2_10	neutral	0.3162435293197632	0.10683458298444748	0.1947326809167862	0.3162435293197632	0.30062413215637207	0.010691708885133266	0.01076456531882286	0.01940087415277958	0.008786074817180634	0.010046407580375671	0.008827724494040012	0.007230785209685564	0.00581697141751647
579	excitement	../final/models/models_2nd_run/model2_10	../final/models/models_2nd_run/model2_10	joy	0.29835161566734314	0.1000489816069603	0.29835161566734314	0.29200923442840576	0.19951313734054565	0.01123261172324419	0.005682746879756451	0.019756684079766273	0.04008641839027405	0.01225232519209385	0.009045799262821674	0.006652981974184513	0.00536743551492691
580	excitement	../final/models/models_2nd_run/model2_10	../final/models/models_2nd_run/model2_10	joy	0.3827846050262451	0.30995672941207886	0.3827846050262451	0.23039378225803375	0.021892568096518517	0.01945546641945839	0.008954431861639023	0.004009423311799765	0.005290783941745758	0.003643639152869582	0.004710698034614325	0.005315208341926336	0.0035926615819334984
581	excitement	../final/models/models_2nd_run/model2_10	../final/models/models_2nd_run/model2_10	joy	0.27971091866493225	0.23814935982227325	0.27971091866493225	0.25311875343322754	0.15669101476669312	0.019121233373880386	0.011341370642185211	0.01052425429224968	0.007545574568212032	0.007774753961712122	0.00577456085011363	0.005391925573348999	0.004856186918914318
582	excitement	../final/models/models_2nd_run/model2_10	../final/models/models_2nd_run/model2_10	pride	0.7153027057647705	0.09428894519805908	0.0718131810426712	0.0595460943877697	0.7153027057647705	0.007550818379968405	0.007286367937922478	0.013604201376438141	0.004005190916359425	0.01380161102861166	0.005773930344730616	0.003677896223962307	0.003349053207784891
583	joy	../final/models/models_2nd_run/model2_10	../final/models/models_2nd_run/model2_10	excitement	0.8172916173934937	0.8172916173934937	0.05961860716342926	0.06952840834856033	0.016550518572330475	0.014356429688632488	0.004112821072340012	0.004678141791373491	0.002709824126213789	0.002420548116788268	0.003379895817488432	0.002040057210251689	0.003313118126243353
584	nervousness	../final/models/models_2nd_run/model2_10	../final/models/models_2nd_run/model2_10	nervousness	0.7400249242782593	0.0207357294857502	0.022665297612547874	0.03227761387825012	0.02667500637471676	0.0033617313019931316	0.007502370979636908	0.7400249242782593	0.01707400754094124	0.010133037343621254	0.00501561863347888	0.0054229130037128925	0.10911177098751068
585	joy	../final/models/models_2nd_run/model2_10	../final/models/models_2nd_run/model2_10	neutral	0.33897972106933594	0.17648567259311676	0.24752473831176758	0.33897972106933594	0.16356731951236725	0.015647919848561287	0.011538327671587467	0.012297618202865124	0.007700134068727493	0.008249319158494473	0.006343862973153591	0.006688719615340233	0.004976677242666483
586	joy	../final/models/models_2nd_run/model2_10	../final/models/models_2nd_run/model2_10	excitement	0.36907249689102173	0.36907249689102173	0.223584845662117	0.23501156270503998	0.07984637469053268	0.032854653894901276	0.010910462588071823	0.009208917617797852	0.00894390419125557	0.011181325651705265	0.0054439976811409	0.0076697515323758125	0.006271676626056433
587	fear	../final/models/models_2nd_run/model2_10	../final/models/models_2nd_run/model2_10	nervousness	0.32467180490493774	0.014056217856705189	0.02506096102297306	0.10349614173173904	0.03174137324094772	0.008266597986221313	0.11535649001598358	0.32467180490493774	0.19661426544189453	0.06871768087148666	0.007799903396517038	0.017185648903250694	0.0870327576994896
588	pride	../final/models/models_2nd_run/model2_10	../final/models/models_2nd_run/model2_10	pride	0.8162451386451721	0.03551337867975235	0.03566638380289078	0.0448729582130909	0.8162451386451721	0.005530920345336199	0.006633693818002939	0.018232256174087524	0.004379549063742161	0.01883680373430252	0.006828677840530872	0.0036330113653093576	0.0036272122524678707
589	sadness	../final/models/models_2nd_run/model2_10	../final/models/models_2nd_run/model2_10	nervousness	0.33499836921691895	0.00872837845236063	0.012966113165020943	0.09131373465061188	0.03834318369626999	0.0035735415294766426	0.010293658822774887	0.33499836921691895	0.24883036315441132	0.09387480467557907	0.03575596958398819	0.06837732344865799	0.05294451117515564
590	joy	../final/models/models_2nd_run/model2_10	../final/models/models_2nd_run/model2_10	joy	0.4134557843208313	0.20017026364803314	0.4134557843208313	0.28781822323799133	0.03317546844482422	0.020308341830968857	0.00867961160838604	0.0059727816842496395	0.008462481200695038	0.004990998189896345	0.006144186947494745	0.006398528348654509	0.004423347767442465
591	pride	../final/models/models_2nd_run/model2_10	../final/models/models_2nd_run/model2_10	neutral	0.518958330154419	0.07749336212873459	0.09461183845996857	0.518958330154419	0.1484665870666504	0.016816353425383568	0.014882260002195835	0.038272924721241	0.02601056732237339	0.02151099219918251	0.01540593896061182	0.01477288268506527	0.012797935865819454
592	anger	../final/models/models_2nd_run/model2_10	../final/models/models_2nd_run/model2_10	joy	0.567440390586853	0.2500493824481964	0.567440390586853	0.13727980852127075	0.010430523194372654	0.01123062428086996	0.0049454160034656525	0.0024180400650948286	0.0036784347612410784	0.0022399863228201866	0.003739013336598873	0.0038728509098291397	0.002675549127161503
593	neutral	../final/models/models_2nd_run/model2_10	../final/models/models_2nd_run/model2_10	neutral	0.2920782268047333	0.026778504252433777	0.048164959996938705	0.2920782268047333	0.07705944776535034	0.01614365167915821	0.019803227856755257	0.2190241813659668	0.13231265544891357	0.08259065449237823	0.012949967756867409	0.027049601078033447	0.04604482278227806
594	joy	../final/models/models_2nd_run/model2_10	../final/models/models_2nd_run/model2_10	joy	0.48931482434272766	0.183488667011261	0.48931482434272766	0.23733368515968323	0.04510602727532387	0.013356806710362434	0.005768402013927698	0.0041504064574837685	0.006223959382623434	0.004085916094481945	0.004469278734177351	0.004039322957396507	0.0026626752223819494
595	neutral	../final/models/models_2nd_run/model2_10	../final/models/models_2nd_run/model2_10	excitement	0.35057148337364197	0.35057148337364197	0.2962675988674164	0.23572586476802826	0.057231273502111435	0.019794030115008354	0.006841965951025486	0.007498540449887514	0.007163463160395622	0.005773446056991816	0.004224688280373812	0.004073136020451784	0.0048344917595386505
596	pride	../final/models/models_2nd_run/model2_10	../final/models/models_2nd_run/model2_10	neutral	0.37839314341545105	0.16606386005878448	0.2253977656364441	0.37839314341545105	0.15079547464847565	0.012018874287605286	0.008867030963301659	0.015325283631682396	0.012123072519898415	0.00812576338648796	0.008580798283219337	0.00613456079736352	0.008174436166882515
597	neutral	../final/models/models_2nd_run/model2_10	../final/models/models_2nd_run/model2_10	neutral	0.3558330833911896	0.2204577773809433	0.23769663274288177	0.3558330833911896	0.12182725220918655	0.017075855284929276	0.00795132014900446	0.008966763503849506	0.007003466598689556	0.007012396119534969	0.006526955869048834	0.005430559627711773	0.004217822570353746
598	joy	../final/models/models_2nd_run/model2_10	../final/models/models_2nd_run/model2_10	joy	0.4347403943538666	0.268453985452652	0.4347403943538666	0.2085200548171997	0.03193973749876022	0.015978924930095673	0.009953364729881287	0.005012990906834602	0.005684752948582172	0.004142588470131159	0.0057816281914711	0.005784741137176752	0.004006764851510525
599	joy	../final/models/models_2nd_run/model2_10	../final/models/models_2nd_run/model2_10	excitement	0.42713576555252075	0.42713576555252075	0.24647091329097748	0.1885983943939209	0.06630812585353851	0.023098668083548546	0.01527005061507225	0.005844624247401953	0.005038996692746878	0.00634020334109664	0.004640286788344383	0.006659072823822498	0.004594889469444752
600	pride	../final/models/models_2nd_run/model2_10	../final/models/models_2nd_run/model2_10	excitement	0.7400738596916199	0.7400738596916199	0.08036202192306519	0.11113124340772629	0.01860225945711136	0.017566420137882233	0.0047113471664488316	0.0063703833147883415	0.00413553649559617	0.00348719023168087	0.0043898215517401695	0.003858039155602455	0.00531188165768981
601	excitement	../final/models/models_2nd_run/model2_10	../final/models/models_2nd_run/model2_10	excitement	0.3201436996459961	0.3201436996459961	0.27351173758506775	0.20438960194587708	0.14201052486896515	0.017656737938523293	0.007043622434139252	0.008616018109023571	0.00609869509935379	0.0063850474543869495	0.0054976847022771835	0.004636865109205246	0.004009744618088007
602	neutral	../final/models/models_2nd_run/model2_10	../final/models/models_2nd_run/model2_10	excitement	0.3684213161468506	0.3684213161468506	0.31360068917274475	0.21881893277168274	0.04991847649216652	0.0162181556224823	0.006280837114900351	0.00487713934853673	0.005425828509032726	0.0037116396706551313	0.004851226694881916	0.004556319210678339	0.0033195018768310547
603	embarrassment	../final/models/models_2nd_run/model2_10	../final/models/models_2nd_run/model2_10	embarrassment	0.5826713442802429	0.01163687277585268	0.014162295497953892	0.0333905853331089	0.031733669340610504	0.009341545403003693	0.02185269445180893	0.1372431367635727	0.05506282299757004	0.5826713442802429	0.009558993391692638	0.0663645938038826	0.026981493458151817
604	confusion	../final/models/models_2nd_run/model2_10	../final/models/models_2nd_run/model2_10	sadness	0.30246102809906006	0.01998733915388584	0.03448432683944702	0.1757974475622177	0.03771219030022621	0.009344085119664669	0.01845572516322136	0.24126233160495758	0.30246102809906006	0.05507715791463852	0.0114965895190835	0.032323505729436874	0.0615982860326767
605	pride	../final/models/models_2nd_run/model2_10	../final/models/models_2nd_run/model2_10	nervousness	0.21797612309455872	0.0383550263941288	0.0705639198422432	0.15851353108882904	0.2070104032754898	0.011074095033109188	0.02468322217464447	0.21797612309455872	0.09229880571365356	0.11450092494487762	0.011851053684949875	0.020803358405828476	0.032369498163461685
606	neutral	../final/models/models_2nd_run/model2_10	../final/models/models_2nd_run/model2_10	neutral	0.4075527787208557	0.14931276440620422	0.23850353062152863	0.4075527787208557	0.11238635331392288	0.014966840855777264	0.008131268434226513	0.014784250408411026	0.017044950276613235	0.010897006839513779	0.009425686672329903	0.009364665485918522	0.0076298462226986885
607	pride	../final/models/models_2nd_run/model2_10	../final/models/models_2nd_run/model2_10	excitement	0.27765020728111267	0.27765020728111267	0.16398371756076813	0.225988507270813	0.25002649426460266	0.020437326282262802	0.008106548339128494	0.015740027651190758	0.006943956948816776	0.0120379738509655	0.008682629093527794	0.005627655889838934	0.004774963483214378
608	excitement	../final/models/models_2nd_run/model2_10	../final/models/models_2nd_run/model2_10	neutral	0.34139108657836914	0.1033346951007843	0.1340130865573883	0.34139108657836914	0.22120057046413422	0.018529443070292473	0.01288594864308834	0.04880766570568085	0.02956690825521946	0.04188708961009979	0.0124040013179183	0.021302662789821625	0.014676859602332115
609	joy	../final/models/models_2nd_run/model2_10	../final/models/models_2nd_run/model2_10	joy	0.42680373787879944	0.36311209201812744	0.42680373787879944	0.15066571533679962	0.0177872646600008	0.014444231055676937	0.007096304092556238	0.002854452468454838	0.0039465539157390594	0.0025718507822602987	0.0046188379637897015	0.003533623181283474	0.0025653261691331863
610	neutral	../final/models/models_2nd_run/model2_10	../final/models/models_2nd_run/model2_10	neutral	0.459930956363678	0.10026052594184875	0.19714047014713287	0.459930956363678	0.1309952586889267	0.013247941620647907	0.014864920638501644	0.03170469030737877	0.012758573517203331	0.01204496156424284	0.007684716954827309	0.009242593310773373	0.010124396532773972
611	neutral	../final/models/models_2nd_run/model2_10	../final/models/models_2nd_run/model2_10	joy	0.33466044068336487	0.25977808237075806	0.33466044068336487	0.24395178258419037	0.10354862362146378	0.012920311652123928	0.008359106257557869	0.008431587368249893	0.00679850485175848	0.006515469402074814	0.005563715007156134	0.005380632355809212	0.0040917242877185345
612	joy	../final/models/models_2nd_run/model2_10	../final/models/models_2nd_run/model2_10	joy	0.47096478939056396	0.24070070683956146	0.47096478939056396	0.18319299817085266	0.062152519822120667	0.012807904742658138	0.00551549531519413	0.004680502228438854	0.0062254080548882484	0.0037276754155755043	0.003772556781768799	0.003208888228982687	0.003050678176805377
613	neutral	../final/models/models_2nd_run/model2_10	../final/models/models_2nd_run/model2_10	joy	0.47661155462265015	0.10259634256362915	0.47661155462265015	0.31510451436042786	0.032348036766052246	0.017427198588848114	0.009554222226142883	0.009141920134425163	0.013414410874247551	0.005315312184393406	0.005460244137793779	0.007215854246169329	0.005810376722365618
614	pride	../final/models/models_2nd_run/model2_10	../final/models/models_2nd_run/model2_10	pride	0.28170639276504517	0.08643520623445511	0.21187253296375275	0.18699990212917328	0.28170639276504517	0.012821818701922894	0.0070450096391141415	0.03438759222626686	0.13069278001785278	0.02257610857486725	0.010300115682184696	0.006613426376134157	0.008549101650714874
615	pride	../final/models/models_2nd_run/model2_10	../final/models/models_2nd_run/model2_10	neutral	0.44116324186325073	0.1965550035238266	0.15682455897331238	0.44116324186325073	0.13162143528461456	0.018733033910393715	0.008685064502060413	0.01177105214446783	0.008302325382828712	0.007174361031502485	0.007850276306271553	0.005492247641086578	0.005827395711094141
616	joy	../final/models/models_2nd_run/model2_10	../final/models/models_2nd_run/model2_10	neutral	0.3100728988647461	0.13875092566013336	0.237550750374794	0.3100728988647461	0.24123746156692505	0.013685478828847408	0.009491141885519028	0.014050181023776531	0.008192811161279678	0.00846425723284483	0.007599114440381527	0.005867802072316408	0.005037151742726564
617	sadness	../final/models/models_2nd_run/model2_10	../final/models/models_2nd_run/model2_10	joy	0.3523624539375305	0.09963789582252502	0.3523624539375305	0.16426928341388702	0.0728529617190361	0.014311215840280056	0.006422940641641617	0.024665603414177895	0.23349061608314514	0.014331471174955368	0.004640069790184498	0.004828471690416336	0.008187043480575085
618	joy	../final/models/models_2nd_run/model2_10	../final/models/models_2nd_run/model2_10	joy	0.40343260765075684	0.3059026896953583	0.40343260765075684	0.189851313829422	0.04974807798862457	0.014978856779634953	0.005145975388586521	0.005078045651316643	0.007898754440248013	0.004126583691686392	0.005090635735541582	0.004579400643706322	0.004167039878666401
619	joy	../final/models/models_2nd_run/model2_10	../final/models/models_2nd_run/model2_10	excitement	0.6580621600151062	0.6580621600151062	0.2064669132232666	0.07774101197719574	0.0213432926684618	0.01712818443775177	0.003557671559974551	0.002421117387712002	0.0035645165480673313	0.0022482722997665405	0.003082230919972062	0.0020650182850658894	0.0023195911198854446
620	joy	../final/models/models_2nd_run/model2_10	../final/models/models_2nd_run/model2_10	joy	0.49504750967025757	0.18638353049755096	0.49504750967025757	0.18431614339351654	0.08775733411312103	0.011653664521872997	0.006122094579041004	0.006472560111433268	0.0069214217364788055	0.0042819008231163025	0.004165959544479847	0.003500439692288637	0.003377452027052641
621	nervousness	../final/models/models_2nd_run/model2_10	../final/models/models_2nd_run/model2_10	nervousness	0.4830429255962372	0.07475891709327698	0.04709763824939728	0.12871091067790985	0.04899325221776962	0.010878898203372955	0.0136602483689785	0.4830429255962372	0.021922769024968147	0.020245250314474106	0.013894558884203434	0.014119014143943787	0.12267571687698364
622	joy	../final/models/models_2nd_run/model2_10	../final/models/models_2nd_run/model2_10	neutral	0.3821239471435547	0.11355365067720413	0.37894579768180847	0.3821239471435547	0.04901563376188278	0.01769370399415493	0.00801151618361473	0.009335889481008053	0.011592826806008816	0.0066833822056651115	0.007910819724202156	0.008975725620985031	0.00615708576515317
623	excitement	../final/models/models_2nd_run/model2_10	../final/models/models_2nd_run/model2_10	joy	0.4408658444881439	0.35634925961494446	0.4408658444881439	0.1193426251411438	0.04832892119884491	0.012684065848588943	0.004755556117743254	0.0033486206084489822	0.0038991933688521385	0.0026191005017608404	0.003274845192208886	0.0024421713314950466	0.002089814282953739
624	neutral	../final/models/models_2nd_run/model2_10	../final/models/models_2nd_run/model2_10	neutral	0.4207969009876251	0.08264931291341782	0.1474500298500061	0.4207969009876251	0.2429713010787964	0.01287980005145073	0.014907403849065304	0.02674606442451477	0.010537826456129551	0.014988702721893787	0.008909481577575207	0.00822706613689661	0.008936133235692978
625	neutral	../final/models/models_2nd_run/model2_10	../final/models/models_2nd_run/model2_10	joy	0.46004682779312134	0.12629495561122894	0.46004682779312134	0.2794186770915985	0.0837755799293518	0.009128325618803501	0.005792555399239063	0.00840279832482338	0.007998397573828697	0.004819461610168219	0.005492533091455698	0.004653514828532934	0.004176401067525148
626	nervousness	../final/models/models_2nd_run/model2_10	../final/models/models_2nd_run/model2_10	nervousness	0.7459668517112732	0.014872612431645393	0.015524459071457386	0.021322647109627724	0.018837936222553253	0.0028234526980668306	0.0064561860635876656	0.7459668517112732	0.016754474490880966	0.009599572978913784	0.004561682231724262	0.005067257676273584	0.13821293413639069
627	joy	../final/models/models_2nd_run/model2_10	../final/models/models_2nd_run/model2_10	joy	0.302241712808609	0.2108762115240097	0.302241712808609	0.1702839881181717	0.1140526756644249	0.012504137121140957	0.009906351566314697	0.10079240053892136	0.03264145180583	0.01452459767460823	0.005157774779945612	0.005509288981556892	0.021509360522031784
628	excitement	../final/models/models_2nd_run/model2_10	../final/models/models_2nd_run/model2_10	joy	0.45706889033317566	0.3151121139526367	0.45706889033317566	0.15816020965576172	0.023685000836849213	0.014085297472774982	0.007076422218233347	0.0039190989919006824	0.004976981319487095	0.003193505806848407	0.005038057453930378	0.004218412097543478	0.003466021968051791
629	fear	../final/models/models_2nd_run/model2_10	../final/models/models_2nd_run/model2_10	neutral	0.5009108781814575	0.06977410614490509	0.11545617878437042	0.5009108781814575	0.22342434525489807	0.011176230385899544	0.009123303927481174	0.013178421184420586	0.016233760863542557	0.00969572551548481	0.018513409420847893	0.007461884059011936	0.005051771644502878
630	excitement	../final/models/models_2nd_run/model2_10	../final/models/models_2nd_run/model2_10	neutral	0.3700049817562103	0.11118392646312714	0.1638527512550354	0.3700049817562103	0.2150842547416687	0.017550159245729446	0.02263540029525757	0.03756337985396385	0.015478438697755337	0.01760767214000225	0.009585270658135414	0.009406519122421741	0.010047202929854393
631	excitement	../final/models/models_2nd_run/model2_10	../final/models/models_2nd_run/model2_10	excitement	0.7051507830619812	0.7051507830619812	0.09879469871520996	0.09694555401802063	0.03609136864542961	0.018512822687625885	0.005037886556237936	0.011374000459909439	0.008776825852692127	0.005183398723602295	0.004454963840544224	0.003917323891073465	0.005760392174124718
632	joy	../final/models/models_2nd_run/model2_10	../final/models/models_2nd_run/model2_10	joy	0.5066477060317993	0.17878416180610657	0.5066477060317993	0.2221125364303589	0.04820496216416359	0.011633366346359253	0.007568730507045984	0.004819227382540703	0.004997671116143465	0.0033276460599154234	0.004498837050050497	0.004152893088757992	0.003252164227887988
633	pride	../final/models/models_2nd_run/model2_10	../final/models/models_2nd_run/model2_10	neutral	0.3148373067378998	0.10307564586400986	0.12090454995632172	0.3148373067378998	0.307880699634552	0.012844638898968697	0.009496216662228107	0.0473729744553566	0.032172467559576035	0.023674217984080315	0.009456159546971321	0.006558066233992577	0.011727169156074524
634	joy	../final/models/models_2nd_run/model2_10	../final/models/models_2nd_run/model2_10	neutral	0.521690845489502	0.1683083325624466	0.11715091019868851	0.521690845489502	0.07698478549718857	0.025799809023737907	0.015186978504061699	0.014437930658459663	0.014703113585710526	0.01249472051858902	0.010839327238500118	0.012375337071716785	0.010027909651398659
635	pride	../final/models/models_2nd_run/model2_10	../final/models/models_2nd_run/model2_10	excitement	0.4867522418498993	0.4867522418498993	0.2774345278739929	0.1577373594045639	0.027652177959680557	0.018961120396852493	0.00547164399176836	0.004686699714511633	0.006660047452896833	0.003560154465958476	0.003768326248973608	0.003662694478407502	0.0036529740318655968
636	nervousness	../final/models/models_2nd_run/model2_10	../final/models/models_2nd_run/model2_10	nervousness	0.36237823963165283	0.02508150413632393	0.03740468621253967	0.18474864959716797	0.061245888471603394	0.008938826620578766	0.025926996022462845	0.36237823963165283	0.09301675111055374	0.06944805383682251	0.023233428597450256	0.05993469059467316	0.04864221811294556
637	joy	../final/models/models_2nd_run/model2_10	../final/models/models_2nd_run/model2_10	joy	0.33094438910484314	0.16874821484088898	0.33094438910484314	0.2105923891067505	0.21294374763965607	0.013602131977677345	0.00857491698116064	0.01551381777971983	0.015399555675685406	0.009817590937018394	0.004941882565617561	0.003886057296767831	0.005035281181335449
638	neutral	../final/models/models_2nd_run/model2_10	../final/models/models_2nd_run/model2_10	joy	0.37025541067123413	0.36625465750694275	0.37025541067123413	0.19013293087482452	0.027049928903579712	0.015548862516880035	0.007529300171881914	0.0038618252146989107	0.004460547585040331	0.0030874633230268955	0.00482332194224	0.0038314724806696177	0.003164302557706833
639	surprise	../final/models/models_2nd_run/model2_10	../final/models/models_2nd_run/model2_10	excitement	0.47248417139053345	0.47248417139053345	0.1637248694896698	0.08473636209964752	0.019014036282896996	0.22358036041259766	0.00902338046580553	0.00442480156198144	0.006720895413309336	0.0073259794153273106	0.002701252931728959	0.002912073163315654	0.0033519912976771593
640	joy	../final/models/models_2nd_run/model2_10	../final/models/models_2nd_run/model2_10	joy	0.45419347286224365	0.2028699368238449	0.45419347286224365	0.22448180615901947	0.07033733278512955	0.01218586228787899	0.0071967653930187225	0.0064574796706438065	0.006760384887456894	0.004215966910123825	0.004069051239639521	0.0038101873360574245	0.0034217399079352617
641	surprise	../final/models/models_2nd_run/model2_10	../final/models/models_2nd_run/model2_10	joy	0.44824862480163574	0.19585421681404114	0.44824862480163574	0.24959883093833923	0.05130855739116669	0.013708338141441345	0.005924786441028118	0.007108510006219149	0.01070821937173605	0.004778428003191948	0.003828285727649927	0.004633832257241011	0.0042993612587451935
642	nervousness	../final/models/models_2nd_run/model2_10	../final/models/models_2nd_run/model2_10	nervousness	0.71964430809021	0.009331795386970043	0.012829446233808994	0.024796443060040474	0.014605989679694176	0.0026781605556607246	0.008673649281263351	0.71964430809021	0.023259462788701057	0.009302739053964615	0.005004837177693844	0.005446656607091427	0.16442660987377167
643	neutral	../final/models/models_2nd_run/model2_10	../final/models/models_2nd_run/model2_10	joy	0.34311679005622864	0.20239976048469543	0.34311679005622864	0.3039787709712982	0.06563322991132736	0.025281667709350586	0.010906171053647995	0.01074928417801857	0.009298632852733135	0.008165108971297741	0.006308234762400389	0.007930969819426537	0.006231359206140041
644	excitement	../final/models/models_2nd_run/model2_10	../final/models/models_2nd_run/model2_10	disgust	0.36250337958335876	0.03510639816522598	0.05906044691801071	0.1721499115228653	0.047668080776929855	0.011692499741911888	0.013859481550753117	0.053537651896476746	0.05329858884215355	0.1462537944316864	0.022384075447916985	0.36250337958335876	0.022485660389065742
645	joy	../final/models/models_2nd_run/model2_10	../final/models/models_2nd_run/model2_10	neutral	0.3886415362358093	0.1640942543745041	0.2908840775489807	0.3886415362358093	0.0691782608628273	0.01898154243826866	0.014480050653219223	0.010157423093914986	0.014657046645879745	0.010103071108460426	0.007739894557744265	0.006670726928859949	0.004412162117660046
646	pride	../final/models/models_2nd_run/model2_10	../final/models/models_2nd_run/model2_10	neutral	0.3472774028778076	0.20517511665821075	0.2810889482498169	0.3472774028778076	0.06436122208833694	0.02608012780547142	0.02297656238079071	0.007812313735485077	0.00808914564549923	0.009359282441437244	0.007025696337223053	0.014701290987432003	0.006052810233086348
647	sadness	../final/models/models_2nd_run/model2_10	../final/models/models_2nd_run/model2_10	nervousness	0.6950189471244812	0.009614690206944942	0.01384431030601263	0.037168238312006	0.028644932433962822	0.00304470700211823	0.005895568057894707	0.6950189471244812	0.05620685964822769	0.027587510645389557	0.008201043121516705	0.009377825073897839	0.10539530217647552
648	neutral	../final/models/models_2nd_run/model2_10	../final/models/models_2nd_run/model2_10	neutral	0.47701016068458557	0.061069048941135406	0.11426140367984772	0.47701016068458557	0.127424418926239	0.013233799487352371	0.010001244023442268	0.06066929176449776	0.06147788465023041	0.032756708562374115	0.011004186235368252	0.011840236373245716	0.019251680001616478
649	joy	../final/models/models_2nd_run/model2_10	../final/models/models_2nd_run/model2_10	joy	0.5422852039337158	0.15738750994205475	0.5422852039337158	0.18625202775001526	0.062191031873226166	0.01344743836671114	0.007333347108215094	0.0070985956117510796	0.0073976218700408936	0.0046795629896223545	0.003955836407840252	0.004098451230674982	0.0038734048139303923
650	confusion	../final/models/models_2nd_run/model2_10	../final/models/models_2nd_run/model2_10	nervousness	0.6993889212608337	0.009700270369648933	0.01285816915333271	0.028173837810754776	0.01726071909070015	0.0028260722756385803	0.01985354721546173	0.6993889212608337	0.028552699834108353	0.01109198946505785	0.005188317038118839	0.004683945327997208	0.16042141616344452
651	excitement	../final/models/models_2nd_run/model2_10	../final/models/models_2nd_run/model2_10	neutral	0.3406684994697571	0.19540280103683472	0.21375621855258942	0.3406684994697571	0.14671707153320312	0.023906860500574112	0.006391155533492565	0.012210600078105927	0.011636612005531788	0.016348956152796745	0.012013992294669151	0.014403322711586952	0.006543793715536594
652	pride	../final/models/models_2nd_run/model2_10	../final/models/models_2nd_run/model2_10	neutral	0.26954102516174316	0.17983941733837128	0.2483079582452774	0.26954102516174316	0.22533537447452545	0.014806367456912994	0.011099339462816715	0.014977429062128067	0.007414389401674271	0.010326342657208443	0.007064716424793005	0.006244652438908815	0.005042996723204851
653	surprise	../final/models/models_2nd_run/model2_10	../final/models/models_2nd_run/model2_10	surprise	0.7265737056732178	0.190843865275383	0.022726118564605713	0.032185155898332596	0.004751080181449652	0.7265737056732178	0.0065783425234258175	0.0015069295186549425	0.003114141058176756	0.004349459894001484	0.0031083400826901197	0.0023579266853630543	0.0019050100818276405
654	excitement	../final/models/models_2nd_run/model2_10	../final/models/models_2nd_run/model2_10	excitement	0.3492331802845001	0.3492331802845001	0.2273990511894226	0.24705658853054047	0.10368810594081879	0.02322998270392418	0.00963632296770811	0.008754363283514977	0.00596870481967926	0.0059153554029762745	0.007538342382758856	0.005976764485239983	0.005603156052529812
655	excitement	../final/models/models_2nd_run/model2_10	../final/models/models_2nd_run/model2_10	excitement	0.36947324872016907	0.36947324872016907	0.09974966198205948	0.09484821557998657	0.3681638538837433	0.012859334237873554	0.00846865400671959	0.015460984781384468	0.0050278957933187485	0.008931860327720642	0.0075750164687633514	0.004651394207030535	0.00478979991748929
656	joy	../final/models/models_2nd_run/model2_10	../final/models/models_2nd_run/model2_10	excitement	0.44367384910583496	0.44367384910583496	0.26071402430534363	0.16224831342697144	0.08887695521116257	0.016702618449926376	0.005244479514658451	0.004303044639527798	0.004435818642377853	0.0040703434497118	0.0040206597186625	0.003067789599299431	0.002642038743942976
657	confusion	../final/models/models_2nd_run/model2_10	../final/models/models_2nd_run/model2_10	nervousness	0.35785743594169617	0.009548014961183071	0.01148268487304449	0.09134689718484879	0.024823231622576714	0.0036624865606427193	0.013848370872437954	0.35785743594169617	0.16386233270168304	0.059288520365953445	0.07357995957136154	0.13406160473823547	0.05663848668336868
658	neutral	../final/models/models_2nd_run/model2_10	../final/models/models_2nd_run/model2_10	neutral	0.43501046299934387	0.09022167325019836	0.1978105753660202	0.43501046299934387	0.14175565540790558	0.020243270322680473	0.020032431930303574	0.03260919451713562	0.01517276931554079	0.019824184477329254	0.006290728691965342	0.00996136013418436	0.011067654937505722
659	embarrassment	../final/models/models_2nd_run/model2_10	../final/models/models_2nd_run/model2_10	embarrassment	0.35673993825912476	0.015481834299862385	0.019993944093585014	0.15567217767238617	0.13425065577030182	0.01056656800210476	0.01429719291627407	0.11502449959516525	0.08634624630212784	0.35673993825912476	0.03630514070391655	0.03794078901410103	0.01738104037940502
660	joy	../final/models/models_2nd_run/model2_10	../final/models/models_2nd_run/model2_10	neutral	0.2937898337841034	0.045161932706832886	0.06560008227825165	0.2937898337841034	0.22090639173984528	0.009573275223374367	0.013283624313771725	0.15998071432113647	0.06610308587551117	0.04675191640853882	0.03972436860203743	0.023393720388412476	0.015731023624539375
661	joy	../final/models/models_2nd_run/model2_10	../final/models/models_2nd_run/model2_10	neutral	0.28808075189590454	0.1567697674036026	0.21386712789535522	0.28808075189590454	0.23928746581077576	0.0157249104231596	0.015000143088400364	0.022732794284820557	0.00992389116436243	0.013788803480565548	0.008765030652284622	0.008051779121160507	0.008007487282156944
662	nervousness	../final/models/models_2nd_run/model2_10	../final/models/models_2nd_run/model2_10	neutral	0.3361314833164215	0.07385049015283585	0.17774511873722076	0.3361314833164215	0.17202535271644592	0.013124240562319756	0.010766418650746346	0.09707989543676376	0.053567443042993546	0.02242572419345379	0.016625843942165375	0.013725461438298225	0.012932473793625832
663	neutral	../final/models/models_2nd_run/model2_10	../final/models/models_2nd_run/model2_10	neutral	0.3139705955982208	0.12454968690872192	0.30993837118148804	0.3139705955982208	0.06117554381489754	0.022760195657610893	0.10487926006317139	0.0171817559748888	0.00888876523822546	0.010536485351622105	0.008432451635599136	0.008762276731431484	0.00892459787428379
664	surprise	../final/models/models_2nd_run/model2_10	../final/models/models_2nd_run/model2_10	nervousness	0.6362616419792175	0.02000371925532818	0.017238585278391838	0.03061600588262081	0.022314528003335	0.010064460337162018	0.008157785050570965	0.6362616419792175	0.043728090822696686	0.04665866866707802	0.005076530389487743	0.008222304284572601	0.15165762603282928
665	joy	../final/models/models_2nd_run/model2_10	../final/models/models_2nd_run/model2_10	joy	0.4192710220813751	0.22240066528320312	0.4192710220813751	0.23189294338226318	0.07055384665727615	0.016043461859226227	0.008443235419690609	0.006635705940425396	0.00726706488057971	0.00525241531431675	0.004191096406430006	0.00412203511223197	0.003926549572497606
666	joy	../final/models/models_2nd_run/model2_10	../final/models/models_2nd_run/model2_10	joy	0.4467547535896301	0.16122256219387054	0.4467547535896301	0.2827376425266266	0.04885801672935486	0.015337061136960983	0.008102405816316605	0.006161825731396675	0.008926618844270706	0.005030490458011627	0.00630333973094821	0.006181263364851475	0.004384003579616547
667	neutral	../final/models/models_2nd_run/model2_10	../final/models/models_2nd_run/model2_10	neutral	0.37285131216049194	0.13560938835144043	0.3097587525844574	0.37285131216049194	0.09633905440568924	0.015480009838938713	0.008840846829116344	0.017138011753559113	0.012908033095300198	0.00940365344285965	0.006382080260664225	0.007406562101095915	0.00788242556154728
668	neutral	../final/models/models_2nd_run/model2_10	../final/models/models_2nd_run/model2_10	joy	0.5623953342437744	0.15216492116451263	0.5623953342437744	0.17942294478416443	0.07052183896303177	0.007845268584787846	0.004167188890278339	0.0044607436284422874	0.006228849291801453	0.0031550261192023754	0.004150455817580223	0.0030703814700245857	0.0024170693941414356
669	pride	../final/models/models_2nd_run/model2_10	../final/models/models_2nd_run/model2_10	excitement	0.5456781387329102	0.5456781387329102	0.12265951931476593	0.16616810858249664	0.10066170990467072	0.0153857646510005	0.0068894983269274235	0.013343795202672482	0.0053321123123168945	0.007175158243626356	0.005264299921691418	0.0053014205768704414	0.006140498910099268
670	nervousness	../final/models/models_2nd_run/model2_10	../final/models/models_2nd_run/model2_10	nervousness	0.37332314252853394	0.015080934390425682	0.022533897310495377	0.1786721646785736	0.05153229460120201	0.005309090483933687	0.0126822330057621	0.37332314252853394	0.15046364068984985	0.04583938792347908	0.05180902034044266	0.04372300207614899	0.049031276255846024
671	pride	../final/models/models_2nd_run/model2_10	../final/models/models_2nd_run/model2_10	pride	0.7936794757843018	0.042873237282037735	0.044995035976171494	0.05424078553915024	0.7936794757843018	0.00543194031342864	0.005997485015541315	0.01659785769879818	0.004843405447900295	0.016639262437820435	0.007193095050752163	0.004014234524220228	0.00349408108741045
672	neutral	../final/models/models_2nd_run/model2_10	../final/models/models_2nd_run/model2_10	joy	0.36756327748298645	0.15942712128162384	0.36756327748298645	0.30263906717300415	0.11128208041191101	0.01069540623575449	0.007401800248771906	0.010283312760293484	0.009149966761469841	0.006034392397850752	0.00630027474835515	0.004920759238302708	0.004302560351788998
673	excitement	../final/models/models_2nd_run/model2_10	../final/models/models_2nd_run/model2_10	excitement	0.31253913044929504	0.31253913044929504	0.20644241571426392	0.27046531438827515	0.13410785794258118	0.016674526035785675	0.013137557543814182	0.012482119724154472	0.006755628157407045	0.008751917630434036	0.005961479619145393	0.006449401378631592	0.006232693325728178
674	neutral	../final/models/models_2nd_run/model2_10	../final/models/models_2nd_run/model2_10	joy	0.5110114216804504	0.18220078945159912	0.5110114216804504	0.2173050493001938	0.04217303916811943	0.014124191366136074	0.006331321317702532	0.005181110464036465	0.006416833493858576	0.003740561194717884	0.0038555418141186237	0.004194885026663542	0.0034653081092983484
675	pride	../final/models/models_2nd_run/model2_10	../final/models/models_2nd_run/model2_10	excitement	0.30914345383644104	0.30914345383644104	0.23015041649341583	0.1854916363954544	0.20928159356117249	0.016896739602088928	0.00926584005355835	0.010838123969733715	0.005682151298969984	0.0080557344481349	0.005792345851659775	0.004980254918336868	0.004421650432050228
676	neutral	../final/models/models_2nd_run/model2_10	../final/models/models_2nd_run/model2_10	pride	0.43240365386009216	0.08984797447919846	0.11444897949695587	0.2641395330429077	0.43240365386009216	0.009923858568072319	0.008111865259706974	0.021417470648884773	0.015420490875840187	0.01702912338078022	0.013675987720489502	0.007236428093165159	0.006344655528664589
677	excitement	../final/models/models_2nd_run/model2_10	../final/models/models_2nd_run/model2_10	pride	0.41717058420181274	0.13763710856437683	0.14910252392292023	0.22046051919460297	0.41717058420181274	0.009442925453186035	0.007077309302985668	0.014116139151155949	0.011319911107420921	0.01237999927252531	0.010100248269736767	0.0059200250543653965	0.0052727158181369305
678	surprise	../final/models/models_2nd_run/model2_10	../final/models/models_2nd_run/model2_10	disgust	0.26745107769966125	0.011664177291095257	0.010725323110818863	0.10093531757593155	0.01873103156685829	0.005450509488582611	0.011449136771261692	0.20008181035518646	0.15401099622249603	0.07358688861131668	0.09582074731588364	0.26745107769966125	0.05009296163916588
679	anger	../final/models/models_2nd_run/model2_10	../final/models/models_2nd_run/model2_10	neutral	0.48793965578079224	0.043587446212768555	0.08299047499895096	0.48793965578079224	0.06116965040564537	0.024929562583565712	0.016901131719350815	0.10639651119709015	0.05714014172554016	0.040705885738134384	0.013188210316002369	0.024218043312430382	0.04083321616053581
680	excitement	../final/models/models_2nd_run/model2_10	../final/models/models_2nd_run/model2_10	neutral	0.49067923426628113	0.0733688697218895	0.09596122801303864	0.49067923426628113	0.2260887622833252	0.01274962816387415	0.011670786887407303	0.026645736768841743	0.01783662848174572	0.015917524695396423	0.011081110686063766	0.008270706050097942	0.009729765355587006
681	joy	../final/models/models_2nd_run/model2_10	../final/models/models_2nd_run/model2_10	joy	0.3349827527999878	0.32898086309432983	0.3349827527999878	0.23221170902252197	0.04101555794477463	0.019558118656277657	0.008351839147508144	0.005345780868083239	0.006367461755871773	0.00489464309066534	0.0070270667783916	0.007053762674331665	0.004210447892546654
682	joy	../final/models/models_2nd_run/model2_10	../final/models/models_2nd_run/model2_10	joy	0.38175487518310547	0.11989538371562958	0.38175487518310547	0.24026605486869812	0.20378375053405762	0.00793413631618023	0.007095928303897381	0.009152122773230076	0.008556830696761608	0.006298679858446121	0.006702623795717955	0.0047648013569414616	0.0037948531098663807
683	neutral	../final/models/models_2nd_run/model2_10	../final/models/models_2nd_run/model2_10	fear	0.5430317521095276	0.016661103814840317	0.021052241325378418	0.06297440826892853	0.013984397985041142	0.0041652400977909565	0.009761616587638855	0.29114407300949097	0.01651856303215027	0.007496935315430164	0.006816770415753126	0.006392880342900753	0.5430317521095276
684	joy	../final/models/models_2nd_run/model2_10	../final/models/models_2nd_run/model2_10	joy	0.3877715766429901	0.16236038506031036	0.3877715766429901	0.19611471891403198	0.19300469756126404	0.012826705351471901	0.00711358617991209	0.009664171375334263	0.010214624926447868	0.006784786470234394	0.005937864538282156	0.004526207223534584	0.0036807069554924965
685	joy	../final/models/models_2nd_run/model2_10	../final/models/models_2nd_run/model2_10	joy	0.40769410133361816	0.20112565159797668	0.40769410133361816	0.2539042532444	0.07609212398529053	0.014566872268915176	0.010819762013852596	0.0064108422957360744	0.007530872710049152	0.006001046858727932	0.0065117948688566685	0.005374306812882423	0.003968282602727413
686	neutral	../final/models/models_2nd_run/model2_10	../final/models/models_2nd_run/model2_10	joy	0.3784477412700653	0.17365342378616333	0.3784477412700653	0.2339407354593277	0.14066725969314575	0.0212705060839653	0.009950317442417145	0.010198116302490234	0.009972461499273777	0.00798689853399992	0.005054631736129522	0.004967257846146822	0.0038906980771571398
687	neutral	../final/models/models_2nd_run/model2_10	../final/models/models_2nd_run/model2_10	joy	0.5123977661132812	0.2232779711484909	0.5123977661132812	0.15429572761058807	0.06999150663614273	0.011333467438817024	0.005067999474704266	0.004217495210468769	0.00644649937748909	0.0035685778129845858	0.003751264186576009	0.0031197501812130213	0.0025319948326796293
688	neutral	../final/models/models_2nd_run/model2_10	../final/models/models_2nd_run/model2_10	neutral	0.47508588433265686	0.05871490016579628	0.15199889242649078	0.47508588433265686	0.12923556566238403	0.017404727637767792	0.02013341709971428	0.06465771049261093	0.022933704778552055	0.023956146091222763	0.008364480920135975	0.011288652196526527	0.016225852072238922
689	neutral	../final/models/models_2nd_run/model2_10	../final/models/models_2nd_run/model2_10	nervousness	0.782086968421936	0.012425757944583893	0.01599762588739395	0.03143443167209625	0.02718179300427437	0.002933757146820426	0.007391571067273617	0.782086968421936	0.01825411058962345	0.015060603618621826	0.007437192369252443	0.0076474458910524845	0.07214872539043427
690	joy	../final/models/models_2nd_run/model2_10	../final/models/models_2nd_run/model2_10	excitement	0.46220913529396057	0.46220913529396057	0.18469586968421936	0.19585373997688293	0.07187633961439133	0.03955759480595589	0.014005778357386589	0.007229306735098362	0.005931842140853405	0.007238143589347601	0.003979815635830164	0.003985266201198101	0.003437099978327751
691	pride	../final/models/models_2nd_run/model2_10	../final/models/models_2nd_run/model2_10	pride	0.8036218881607056	0.04751869663596153	0.0422518327832222	0.04887806996703148	0.8036218881607056	0.005729464814066887	0.005610644351691008	0.014274399727582932	0.004024947062134743	0.0160505548119545	0.005666725337505341	0.0032034912146627903	0.0031693310011178255
692	excitement	../final/models/models_2nd_run/model2_10	../final/models/models_2nd_run/model2_10	joy	0.5542712807655334	0.15897250175476074	0.5542712807655334	0.2044910341501236	0.04268912971019745	0.010625622235238552	0.0064741745591163635	0.004436901304870844	0.004791968036442995	0.003133537946268916	0.0035915381740778685	0.0036108908243477345	0.002911441260948777
693	neutral	../final/models/models_2nd_run/model2_10	../final/models/models_2nd_run/model2_10	pride	0.27307403087615967	0.13813787698745728	0.23176692426204681	0.25273406505584717	0.27307403087615967	0.01364726573228836	0.010966094210743904	0.021119682118296623	0.01885121688246727	0.019240781664848328	0.008757502771914005	0.006236707326024771	0.005467812996357679
694	neutral	../final/models/models_2nd_run/model2_10	../final/models/models_2nd_run/model2_10	neutral	0.5337907075881958	0.10362797975540161	0.17927990853786469	0.5337907075881958	0.0947548970580101	0.01568404585123062	0.013689538463950157	0.01866035722196102	0.0073454841040074825	0.009586102329194546	0.0070983488112688065	0.0077407206408679485	0.00874191615730524
695	surprise	../final/models/models_2nd_run/model2_10	../final/models/models_2nd_run/model2_10	surprise	0.748514711856842	0.1668693721294403	0.019834306091070175	0.03103160671889782	0.006080926861613989	0.748514711856842	0.009524560533463955	0.002279696287587285	0.003158644773066044	0.0055716694332659245	0.002473873319104314	0.0021766626741737127	0.0024839250836521387
696	pride	../final/models/models_2nd_run/model2_10	../final/models/models_2nd_run/model2_10	neutral	0.3661994934082031	0.18849948048591614	0.25274336338043213	0.3661994934082031	0.11296923458576202	0.018405815586447716	0.01229475624859333	0.0123056061565876	0.007743707858026028	0.007912728935480118	0.007717815227806568	0.006977879907935858	0.006230090744793415
697	excitement	../final/models/models_2nd_run/model2_10	../final/models/models_2nd_run/model2_10	sadness	0.2905569076538086	0.025777269154787064	0.04538005590438843	0.23100082576274872	0.0685686245560646	0.0076818810775876045	0.011339196935296059	0.16073013842105865	0.2905569076538086	0.06427010893821716	0.01683593913912773	0.036723848432302475	0.041135258972644806
698	joy	../final/models/models_2nd_run/model2_10	../final/models/models_2nd_run/model2_10	pride	0.252290278673172	0.10837499052286148	0.13351158797740936	0.19143855571746826	0.252290278673172	0.03900061920285225	0.028464658185839653	0.05955430865287781	0.03382019326090813	0.11158593744039536	0.01390683464705944	0.016264567151665688	0.011787453666329384
699	neutral	../final/models/models_2nd_run/model2_10	../final/models/models_2nd_run/model2_10	neutral	0.3211323618888855	0.09289343655109406	0.1286657154560089	0.3211323618888855	0.2022755742073059	0.028042802587151527	0.02253897860646248	0.08132409304380417	0.03647458553314209	0.04620034247636795	0.010079363361001015	0.012455192394554615	0.017917534336447716
700	joy	../final/models/models_2nd_run/model2_10	../final/models/models_2nd_run/model2_10	joy	0.5392681956291199	0.19030259549617767	0.5392681956291199	0.15005040168762207	0.08181755244731903	0.008216742426156998	0.0045232102274894714	0.005110511090606451	0.006415028125047684	0.0039099715650081635	0.004178416915237904	0.00342037295922637	0.0027869625482708216
701	pride	../final/models/models_2nd_run/model2_10	../final/models/models_2nd_run/model2_10	neutral	0.29644882678985596	0.1362711787223816	0.21286216378211975	0.29644882678985596	0.2734886705875397	0.01192815788090229	0.009262265637516975	0.015981614589691162	0.0108291395008564	0.011689165607094765	0.00888581108301878	0.006769226398319006	0.0055837142281234264
702	joy	../final/models/models_2nd_run/model2_10	../final/models/models_2nd_run/model2_10	neutral	0.4716336131095886	0.07946369796991348	0.19080136716365814	0.4716336131095886	0.1279197484254837	0.02153080888092518	0.0209283996373415	0.029356777667999268	0.014843741431832314	0.01656394824385643	0.006490163970738649	0.009600549004971981	0.010867143981158733
703	excitement	../final/models/models_2nd_run/model2_10	../final/models/models_2nd_run/model2_10	excitement	0.36291176080703735	0.36291176080703735	0.23298512399196625	0.2113204300403595	0.13053745031356812	0.019316820427775383	0.008694014512002468	0.008269759826362133	0.006203671917319298	0.006110248155891895	0.005445916671305895	0.004000382963567972	0.00420445716008544
704	anger	../final/models/models_2nd_run/model2_10	../final/models/models_2nd_run/model2_10	fear	0.7707558870315552	0.0029679343570023775	0.005725673865526915	0.013437305577099323	0.002164827659726143	0.003249256405979395	0.00885292049497366	0.07370056211948395	0.03665439411997795	0.010071968659758568	0.0066777728497982025	0.06574150174856186	0.7707558870315552
705	pride	../final/models/models_2nd_run/model2_10	../final/models/models_2nd_run/model2_10	joy	0.3116060793399811	0.19336514174938202	0.3116060793399811	0.28748562932014465	0.13102498650550842	0.02152625098824501	0.010665607638657093	0.009935643523931503	0.006791797000914812	0.00807164516299963	0.006915298756211996	0.007417833432555199	0.0051941643469035625
706	joy	../final/models/models_2nd_run/model2_10	../final/models/models_2nd_run/model2_10	neutral	0.31264013051986694	0.24907025694847107	0.254260390996933	0.31264013051986694	0.09829457104206085	0.027570324018597603	0.010186991654336452	0.012164365500211716	0.008493812754750252	0.007745048496872187	0.006256830878555775	0.006549818441271782	0.006767383310943842
707	joy	../final/models/models_2nd_run/model2_10	../final/models/models_2nd_run/model2_10	neutral	0.5367539525032043	0.08883896470069885	0.14571726322174072	0.5367539525032043	0.12927363812923431	0.01851794309914112	0.0186002179980278	0.01433631032705307	0.011009318754076958	0.013980451039969921	0.007272510789334774	0.008573665283620358	0.007125689182430506
708	joy	../final/models/models_2nd_run/model2_10	../final/models/models_2nd_run/model2_10	joy	0.43461522459983826	0.21598882973194122	0.43461522459983826	0.24450726807117462	0.052597977221012115	0.014748536981642246	0.0071511054411530495	0.0060188197530806065	0.006328142713755369	0.004111677408218384	0.005335958208888769	0.004778938367962837	0.0038175107911229134
709	excitement	../final/models/models_2nd_run/model2_10	../final/models/models_2nd_run/model2_10	pride	0.8333297967910767	0.03296516463160515	0.030194172635674477	0.04170683026313782	0.8333297967910767	0.0053109060972929	0.006342269014567137	0.015224783681333065	0.003868351224809885	0.01705753616988659	0.007064594887197018	0.0036350490991026163	0.003300495445728302
710	excitement	../final/models/models_2nd_run/model2_10	../final/models/models_2nd_run/model2_10	pride	0.3648557960987091	0.18962450325489044	0.18929745256900787	0.19478757679462433	0.3648557960987091	0.010889765806496143	0.006974280811846256	0.009693506173789501	0.007291348651051521	0.009469696320593357	0.008518903516232967	0.0049402448348701	0.003656890010461211
711	excitement	../final/models/models_2nd_run/model2_10	../final/models/models_2nd_run/model2_10	excitement	0.6701480150222778	0.6701480150222778	0.08863573521375656	0.14846521615982056	0.03822002559900284	0.015439157374203205	0.005645736586302519	0.010212569497525692	0.004652665462344885	0.003971362952142954	0.005643513519316912	0.002996679861098528	0.005969276651740074
712	neutral	../final/models/models_2nd_run/model2_10	../final/models/models_2nd_run/model2_10	neutral	0.3808172047138214	0.18734249472618103	0.21878640353679657	0.3808172047138214	0.07399658113718033	0.04491487517952919	0.017119765281677246	0.012254370376467705	0.014274937100708485	0.017232513055205345	0.0060990904457867146	0.018202167004346848	0.008959710597991943
713	excitement	../final/models/models_2nd_run/model2_10	../final/models/models_2nd_run/model2_10	excitement	0.34412622451782227	0.34412622451782227	0.27642756700515747	0.19956059753894806	0.1218419149518013	0.017755825072526932	0.007071207277476788	0.007564296014606953	0.0063293809071183205	0.005413705017417669	0.005769315175712109	0.00427547050639987	0.003864547936245799
714	pride	../final/models/models_2nd_run/model2_10	../final/models/models_2nd_run/model2_10	pride	0.3702907860279083	0.08849143236875534	0.10166779905557632	0.2559588551521301	0.3702907860279083	0.01969202235341072	0.02056334912776947	0.04949634522199631	0.019256312400102615	0.041311100125312805	0.011775622144341469	0.00980384275317192	0.011692583560943604
715	excitement	../final/models/models_2nd_run/model2_10	../final/models/models_2nd_run/model2_10	neutral	0.2918110191822052	0.2731786072254181	0.21953600645065308	0.2918110191822052	0.138408824801445	0.023007314652204514	0.014096418395638466	0.009153366088867188	0.006865633651614189	0.00824342854321003	0.005809944123029709	0.005432440433651209	0.004456948023289442
716	excitement	../final/models/models_2nd_run/model2_10	../final/models/models_2nd_run/model2_10	excitement	0.4162696599960327	0.4162696599960327	0.18662011623382568	0.18395213782787323	0.1148282065987587	0.041707154363393784	0.008563663810491562	0.0073996856808662415	0.0062246001325547695	0.012182492762804031	0.008940975181758404	0.008160855621099472	0.0051505002193152905
717	neutral	../final/models/models_2nd_run/model2_10	../final/models/models_2nd_run/model2_10	neutral	0.3335213363170624	0.11200926452875137	0.16653349995613098	0.3335213363170624	0.28595441579818726	0.01697402261197567	0.02101312391459942	0.02234526164829731	0.00826603826135397	0.012635374441742897	0.007671492639929056	0.006243768148124218	0.006832391023635864
718	excitement	../final/models/models_2nd_run/model2_10	../final/models/models_2nd_run/model2_10	pride	0.7941808104515076	0.03833286464214325	0.046209488064050674	0.05910440906882286	0.7941808104515076	0.005923097021877766	0.006724450271576643	0.016287609934806824	0.004416374024003744	0.01368844136595726	0.007235500495880842	0.0040542446076869965	0.0038427230902016163
719	pride	../final/models/models_2nd_run/model2_10	../final/models/models_2nd_run/model2_10	joy	0.3157937824726105	0.29842409491539	0.3157937824726105	0.21300652623176575	0.11783710867166519	0.015672897920012474	0.005587179679423571	0.005893074441701174	0.008300160057842731	0.006144397426396608	0.005753101781010628	0.004334360361099243	0.0032532778568565845
720	excitement	../final/models/models_2nd_run/model2_10	../final/models/models_2nd_run/model2_10	excitement	0.5709131956100464	0.5709131956100464	0.1248844787478447	0.15607425570487976	0.05177217721939087	0.020086396485567093	0.006195524707436562	0.026071641594171524	0.01140530500560999	0.0075790369883179665	0.010344942100346088	0.006520044524222612	0.008153006434440613
721	anger	../final/models/models_2nd_run/model2_10	../final/models/models_2nd_run/model2_10	nervousness	0.5121245384216309	0.005944904871284962	0.009420901536941528	0.022735727950930595	0.007554984651505947	0.0024282613303512335	0.008614974096417427	0.5121245384216309	0.04544249549508095	0.008947035297751427	0.00536998501047492	0.007650352548807859	0.36376577615737915
722	pride	../final/models/models_2nd_run/model2_10	../final/models/models_2nd_run/model2_10	excitement	0.32173454761505127	0.32173454761505127	0.23116259276866913	0.18337048590183258	0.20144331455230713	0.016791466623544693	0.008405727334320545	0.009010843001306057	0.006412432063370943	0.006206363905221224	0.006602596491575241	0.004691137932240963	0.0041684252209961414
723	neutral	../final/models/models_2nd_run/model2_10	../final/models/models_2nd_run/model2_10	joy	0.46024879813194275	0.27409088611602783	0.46024879813194275	0.17795316874980927	0.03782714530825615	0.017864001914858818	0.007048141676932573	0.0041872248984873295	0.006515043321996927	0.003836103016510606	0.003537616925314069	0.0037342081777751446	0.00315768551081419
724	neutral	../final/models/models_2nd_run/model2_10	../final/models/models_2nd_run/model2_10	joy	0.5573813915252686	0.2037992626428604	0.5573813915252686	0.16266576945781708	0.040274374186992645	0.010351183824241161	0.0052561708725988865	0.003770251525565982	0.004590375814586878	0.00278958841226995	0.0034749850165098906	0.003086241427809	0.0025604134425520897
725	neutral	../final/models/models_2nd_run/model2_10	../final/models/models_2nd_run/model2_10	neutral	0.412320613861084	0.12206601351499557	0.2492116093635559	0.412320613861084	0.09124156832695007	0.02214205451309681	0.01078206766396761	0.025065526366233826	0.022117823362350464	0.015108601190149784	0.006731254514306784	0.010993854142725468	0.012219098396599293
726	pride	../final/models/models_2nd_run/model2_10	../final/models/models_2nd_run/model2_10	excitement	0.44298025965690613	0.44298025965690613	0.3666782081127167	0.12421337515115738	0.020094703882932663	0.01570352539420128	0.007102028466761112	0.0034927483648061752	0.0044076708145439625	0.003190673189237714	0.004786165431141853	0.004058302845805883	0.003292395733296871
727	excitement	../final/models/models_2nd_run/model2_10	../final/models/models_2nd_run/model2_10	excitement	0.28662359714508057	0.28662359714508057	0.2306770533323288	0.2191767543554306	0.20769836008548737	0.013180023990571499	0.006719203200191259	0.008187519386410713	0.007098551839590073	0.006700658705085516	0.006546927150338888	0.003760926891118288	0.0036302802618592978
728	joy	../final/models/models_2nd_run/model2_10	../final/models/models_2nd_run/model2_10	joy	0.45460593700408936	0.2599896788597107	0.45460593700408936	0.2120291292667389	0.022806275635957718	0.015279249288141727	0.00919328536838293	0.0037855254486203194	0.005071473307907581	0.0032781276386231184	0.005810484755784273	0.0049444991163909435	0.003206324763596058
729	nervousness	../final/models/models_2nd_run/model2_10	../final/models/models_2nd_run/model2_10	excitement	0.45821067690849304	0.45821067690849304	0.07534996420145035	0.14852915704250336	0.03975497931241989	0.21316121518611908	0.010751786641776562	0.009463263675570488	0.005834444426000118	0.02076084539294243	0.005184454377740622	0.006556396372616291	0.006442811340093613
730	sadness	../final/models/models_2nd_run/model2_10	../final/models/models_2nd_run/model2_10	sadness	0.6456770300865173	0.007120505440980196	0.01967083476483822	0.06585028767585754	0.016516325995326042	0.004331596195697784	0.010418604128062725	0.14553570747375488	0.6456770300865173	0.02818308398127556	0.006026375573128462	0.01196098793298006	0.03870860114693642
731	pride	../final/models/models_2nd_run/model2_10	../final/models/models_2nd_run/model2_10	neutral	0.4366946816444397	0.09198720753192902	0.10679877549409866	0.4366946816444397	0.21733307838439941	0.014262465760111809	0.01117776520550251	0.04014423117041588	0.022591229528188705	0.02299673669040203	0.01259601954370737	0.009580719284713268	0.013837050646543503
732	pride	../final/models/models_2nd_run/model2_10	../final/models/models_2nd_run/model2_10	excitement	0.5850367546081543	0.5850367546081543	0.20870116353034973	0.13754813373088837	0.02437313087284565	0.019267279654741287	0.00517671275883913	0.0029232557862997055	0.004349955823272467	0.0028872487600892782	0.004143066704273224	0.0030426201410591602	0.00255057355388999
733	nervousness	../final/models/models_2nd_run/model2_10	../final/models/models_2nd_run/model2_10	nervousness	0.3668053150177002	0.20785920321941376	0.07939529418945312	0.11335812509059906	0.07506643980741501	0.009694527834653854	0.0120060034096241	0.3668053150177002	0.018521351739764214	0.016004668548703194	0.0076219444163143635	0.007614896632730961	0.0860523208975792
734	neutral	../final/models/models_2nd_run/model2_10	../final/models/models_2nd_run/model2_10	neutral	0.5152644515037537	0.09010802209377289	0.10491181910037994	0.5152644515037537	0.17186857759952545	0.011331208050251007	0.01223418116569519	0.03227200731635094	0.015053962357342243	0.014280751347541809	0.01222236081957817	0.009196021594107151	0.011256697587668896
735	nervousness	../final/models/models_2nd_run/model2_10	../final/models/models_2nd_run/model2_10	neutral	0.5221821069717407	0.06925829499959946	0.1646934598684311	0.5221821069717407	0.11747300624847412	0.011183544993400574	0.011652392335236073	0.0456637479364872	0.016029367223381996	0.011885150335729122	0.008926316164433956	0.007935638539493084	0.01311696320772171
736	excitement	../final/models/models_2nd_run/model2_10	../final/models/models_2nd_run/model2_10	pride	0.48260873556137085	0.10582779347896576	0.13425993919372559	0.16726525127887726	0.48260873556137085	0.011498980224132538	0.011515533551573753	0.03522125259041786	0.009087028913199902	0.019598454236984253	0.008111760951578617	0.006021237000823021	0.008984049782156944
737	neutral	../final/models/models_2nd_run/model2_10	../final/models/models_2nd_run/model2_10	neutral	0.317094624042511	0.05213337764143944	0.10132525116205215	0.317094624042511	0.0824258029460907	0.00952981598675251	0.011768920347094536	0.20683564245700836	0.09011244028806686	0.029683293774724007	0.007714000064879656	0.009081571362912655	0.08229528367519379
738	excitement	../final/models/models_2nd_run/model2_10	../final/models/models_2nd_run/model2_10	neutral	0.3883744478225708	0.15291178226470947	0.1801520138978958	0.3883744478225708	0.1731400042772293	0.015727294608950615	0.013692234642803669	0.025748779997229576	0.01136254146695137	0.011478004045784473	0.010222517885267735	0.007578820455819368	0.00961156003177166
739	joy	../final/models/models_2nd_run/model2_10	../final/models/models_2nd_run/model2_10	sadness	0.31742554903030396	0.0144962714985013	0.030885476619005203	0.10909100621938705	0.02614666521549225	0.006722664460539818	0.013408304192125797	0.2927485406398773	0.31742554903030396	0.052692070603370667	0.008841082453727722	0.03338417410850525	0.09415822476148605
740	joy	../final/models/models_2nd_run/model2_10	../final/models/models_2nd_run/model2_10	nervousness	0.21554730832576752	0.04713377729058266	0.059576936066150665	0.16521503031253815	0.13073407113552094	0.018372345715761185	0.020419277250766754	0.21554730832576752	0.12919846177101135	0.13661940395832062	0.01312797050923109	0.029942290857434273	0.03411311283707619
741	surprise	../final/models/models_2nd_run/model2_10	../final/models/models_2nd_run/model2_10	surprise	0.36942607164382935	0.13690945506095886	0.0354667529463768	0.045593343675136566	0.0026142678689211607	0.36942607164382935	0.019082993268966675	0.008299166336655617	0.012776241637766361	0.029080767184495926	0.011096692644059658	0.24967654049396515	0.07997768372297287
742	neutral	../final/models/models_2nd_run/model2_10	../final/models/models_2nd_run/model2_10	joy	0.3467676043510437	0.24259300529956818	0.3467676043510437	0.24816450476646423	0.11672244966030121	0.010058218613266945	0.005096673499792814	0.005033185239881277	0.007994859479367733	0.004601822700351477	0.00647021783515811	0.003645357908681035	0.00285205221734941
743	pride	../final/models/models_2nd_run/model2_10	../final/models/models_2nd_run/model2_10	pride	0.872513473033905	0.024227861315011978	0.024049390107393265	0.02774534560739994	0.872513473033905	0.0036207858938723803	0.005013780202716589	0.012930542230606079	0.0029600507114082575	0.0159909687936306	0.005697615910321474	0.0026820239145308733	0.002568263793364167
744	pride	../final/models/models_2nd_run/model2_10	../final/models/models_2nd_run/model2_10	excitement	0.5595484375953674	0.5595484375953674	0.15737450122833252	0.1657281368970871	0.0632581114768982	0.018681487068533897	0.00708890100941062	0.006292000412940979	0.004627029411494732	0.004424124490469694	0.005472515244036913	0.0035556212533265352	0.003949145786464214
745	nervousness	../final/models/models_2nd_run/model2_10	../final/models/models_2nd_run/model2_10	neutral	0.5789753794670105	0.09227059781551361	0.08400947600603104	0.5789753794670105	0.11068332940340042	0.016003133729100227	0.01950736530125141	0.03145398944616318	0.01595635712146759	0.015020075254142284	0.011585138738155365	0.010396718047559261	0.014138463884592056
746	excitement	../final/models/models_2nd_run/model2_10	../final/models/models_2nd_run/model2_10	neutral	0.2782778739929199	0.21997417509555817	0.24710099399089813	0.2782778739929199	0.17374303936958313	0.016380084678530693	0.012889980338513851	0.013660312630236149	0.00739067979156971	0.010113636963069439	0.006981301121413708	0.007478294428437948	0.006009677425026894
747	nervousness	../final/models/models_2nd_run/model2_10	../final/models/models_2nd_run/model2_10	nervousness	0.624972939491272	0.011243666522204876	0.018528511747717857	0.03492559492588043	0.01582561619579792	0.003065153257921338	0.009220614098012447	0.624972939491272	0.021756509318947792	0.007112727966159582	0.007058934308588505	0.007435547653585672	0.23885415494441986
748	joy	../final/models/models_2nd_run/model2_10	../final/models/models_2nd_run/model2_10	nervousness	0.6661767363548279	0.013168992474675179	0.020809711888432503	0.04565192386507988	0.022772088646888733	0.003470982424914837	0.008500894531607628	0.6661767363548279	0.04790663719177246	0.014460103586316109	0.00519740954041481	0.007438654080033302	0.14444594085216522
749	joy	../final/models/models_2nd_run/model2_10	../final/models/models_2nd_run/model2_10	neutral	0.40087196230888367	0.045385777950286865	0.09922058135271072	0.40087196230888367	0.22538749873638153	0.010997839272022247	0.010695344768464565	0.06446963548660278	0.07379511743783951	0.03532760590314865	0.012647466734051704	0.009473951533436775	0.01172721292823553
750	joy	../final/models/models_2nd_run/model2_10	../final/models/models_2nd_run/model2_10	joy	0.39324554800987244	0.17991693317890167	0.39324554800987244	0.23992253839969635	0.10056295245885849	0.021983321756124496	0.008428657427430153	0.018912319093942642	0.012861529365181923	0.009639594703912735	0.00443786196410656	0.004674174822866917	0.005414595827460289
751	joy	../final/models/models_2nd_run/model2_10	../final/models/models_2nd_run/model2_10	joy	0.38008400797843933	0.16520459949970245	0.38008400797843933	0.21164555847644806	0.1875026524066925	0.009133828803896904	0.0053389305248856544	0.009871701709926128	0.010472516529262066	0.007221685256808996	0.005561436526477337	0.004202358890324831	0.003760724328458309
752	fear	../final/models/models_2nd_run/model2_10	../final/models/models_2nd_run/model2_10	embarrassment	0.27437669038772583	0.024932771921157837	0.031133629381656647	0.14089325070381165	0.05550095811486244	0.02195005863904953	0.02028237283229828	0.1251526176929474	0.1551542729139328	0.27437669038772583	0.025097297504544258	0.0964762344956398	0.029049720615148544
753	excitement	../final/models/models_2nd_run/model2_10	../final/models/models_2nd_run/model2_10	neutral	0.28960877656936646	0.1083274558186531	0.16598625481128693	0.28960877656936646	0.08203968405723572	0.02922181412577629	0.010935531929135323	0.11069703102111816	0.08937565237283707	0.04265657067298889	0.007371013052761555	0.01616348698735237	0.04761669412255287
754	neutral	../final/models/models_2nd_run/model2_10	../final/models/models_2nd_run/model2_10	joy	0.5291833877563477	0.2445535659790039	0.5291833877563477	0.1569926142692566	0.028153661638498306	0.012564821168780327	0.005448287818580866	0.003831669921055436	0.005821558181196451	0.003013246925547719	0.0035792046692222357	0.003592819208279252	0.003265098435804248
755	neutral	../final/models/models_2nd_run/model2_10	../final/models/models_2nd_run/model2_10	joy	0.392024427652359	0.2450743317604065	0.392024427652359	0.22808492183685303	0.07858084887266159	0.01548056397587061	0.008185021579265594	0.006298895459622145	0.006720991339534521	0.005299459211528301	0.004896541126072407	0.005225440487265587	0.004128613043576479
756	embarrassment	../final/models/models_2nd_run/model2_10	../final/models/models_2nd_run/model2_10	neutral	0.34131959080696106	0.06583111733198166	0.14499501883983612	0.34131959080696106	0.2791382074356079	0.013250766322016716	0.018546821549534798	0.049850448966026306	0.021840861067175865	0.02816442959010601	0.0127650061622262	0.012573175132274628	0.01172457356005907
757	pride	../final/models/models_2nd_run/model2_10	../final/models/models_2nd_run/model2_10	pride	0.8384139537811279	0.030380729585886	0.035126782953739166	0.039048273116350174	0.8384139537811279	0.00474057300016284	0.005607319995760918	0.015326716005802155	0.004109615925699472	0.01454860158264637	0.006287450902163982	0.0033200320322066545	0.0030900510028004646
758	neutral	../final/models/models_2nd_run/model2_10	../final/models/models_2nd_run/model2_10	pride	0.3268243074417114	0.09299488365650177	0.10947109013795853	0.3146105110645294	0.3268243074417114	0.01717448979616165	0.007958535104990005	0.02981020137667656	0.041013818234205246	0.029417123645544052	0.012876919470727444	0.008447254076600075	0.009400694631040096
759	joy	../final/models/models_2nd_run/model2_10	../final/models/models_2nd_run/model2_10	excitement	0.5273863077163696	0.5273863077163696	0.1918310970067978	0.17222276329994202	0.03779647499322891	0.041468534618616104	0.005294953007251024	0.004141040146350861	0.005540494341403246	0.004156381357461214	0.0039014883805066347	0.0031031568069010973	0.003157310653477907
760	joy	../final/models/models_2nd_run/model2_10	../final/models/models_2nd_run/model2_10	joy	0.5106909275054932	0.20558221638202667	0.5106909275054932	0.16222669184207916	0.0807531476020813	0.010912814177572727	0.00578157277777791	0.0051262821070849895	0.004962061531841755	0.003720439039170742	0.004064114298671484	0.0033480089623481035	0.002831683959811926
761	excitement	../final/models/models_2nd_run/model2_10	../final/models/models_2nd_run/model2_10	excitement	0.4025002121925354	0.4025002121925354	0.28242525458335876	0.15358765423297882	0.10967907309532166	0.014974459074437618	0.007516816258430481	0.006339489948004484	0.005513125564903021	0.0055501642636954784	0.004576866049319506	0.00407900707796216	0.0032579724211245775
762	joy	../final/models/models_2nd_run/model2_10	../final/models/models_2nd_run/model2_10	excitement	0.4474931061267853	0.4474931061267853	0.26640674471855164	0.19623516499996185	0.037410467863082886	0.02135581336915493	0.006112928967922926	0.0036933650262653828	0.004987962078303099	0.003512322437018156	0.005080891773104668	0.004056497476994991	0.0036547251511365175
763	neutral	../final/models/models_2nd_run/model2_10	../final/models/models_2nd_run/model2_10	joy	0.5006353259086609	0.179537832736969	0.5006353259086609	0.19417089223861694	0.08461500704288483	0.010232510976493359	0.005287361331284046	0.004891493357717991	0.006175485905259848	0.0037342170253396034	0.004499036353081465	0.003568178042769432	0.0026526714209467173
764	neutral	../final/models/models_2nd_run/model2_10	../final/models/models_2nd_run/model2_10	neutral	0.31190189719200134	0.0370086133480072	0.03895509988069534	0.31190189719200134	0.06072358787059784	0.008188319392502308	0.017130903899669647	0.18819841742515564	0.1302747279405594	0.04641829431056976	0.022952517494559288	0.032585177570581436	0.10566242784261703
765	sadness	../final/models/models_2nd_run/model2_10	../final/models/models_2nd_run/model2_10	pride	0.1983049511909485	0.03136458992958069	0.04819765314459801	0.13864335417747498	0.1983049511909485	0.016558688133955002	0.031244346871972084	0.19401082396507263	0.11434018611907959	0.15038226544857025	0.017877252772450447	0.026338933035731316	0.032736945897340775
766	neutral	../final/models/models_2nd_run/model2_10	../final/models/models_2nd_run/model2_10	neutral	0.3846192955970764	0.10839152336120605	0.18956881761550903	0.3846192955970764	0.20865288376808167	0.012734305113554	0.011854534968733788	0.02848166413605213	0.011649436317384243	0.017429325729608536	0.00842592865228653	0.008970835246145725	0.009221352636814117
767	excitement	../final/models/models_2nd_run/model2_10	../final/models/models_2nd_run/model2_10	pride	0.4100150167942047	0.1061384454369545	0.13711805641651154	0.24031135439872742	0.4100150167942047	0.010842905379831791	0.0145847974345088	0.03164312243461609	0.00878378376364708	0.01658247970044613	0.008962919935584068	0.006844785064458847	0.008172435685992241
768	fear	../final/models/models_2nd_run/model2_10	../final/models/models_2nd_run/model2_10	sadness	0.5746760964393616	0.007401707582175732	0.016845285892486572	0.05693908780813217	0.030230995267629623	0.005182445049285889	0.016543937847018242	0.07622209936380386	0.5746760964393616	0.16895973682403564	0.008282861672341824	0.025360018014907837	0.013355820439755917
769	surprise	../final/models/models_2nd_run/model2_10	../final/models/models_2nd_run/model2_10	joy	0.2660149931907654	0.18169096112251282	0.2660149931907654	0.22193162143230438	0.26274368166923523	0.015577040612697601	0.006245870608836412	0.010346249677240849	0.012290330603718758	0.008400450460612774	0.006623806897550821	0.0043805367313325405	0.003754488890990615
770	excitement	../final/models/models_2nd_run/model2_10	../final/models/models_2nd_run/model2_10	excitement	0.35922178626060486	0.35922178626060486	0.23111043870449066	0.22405914962291718	0.08968166261911392	0.03120647557079792	0.010137047618627548	0.009616882540285587	0.010508056730031967	0.0123564088717103	0.007062257267534733	0.009426823817193508	0.005613007117062807
771	neutral	../final/models/models_2nd_run/model2_10	../final/models/models_2nd_run/model2_10	neutral	0.20957446098327637	0.07817212492227554	0.08942079544067383	0.20957446098327637	0.13112914562225342	0.02977035567164421	0.052436526864767075	0.16938543319702148	0.05819129943847656	0.10654866695404053	0.01404611486941576	0.03443745896220207	0.02688763290643692
772	excitement	../final/models/models_2nd_run/model2_10	../final/models/models_2nd_run/model2_10	joy	0.4894152283668518	0.1888914704322815	0.4894152283668518	0.19503861665725708	0.07260233908891678	0.013801578432321548	0.007712895981967449	0.00728208152577281	0.00785388145595789	0.004792198538780212	0.004604250192642212	0.0042155347764492035	0.003789860289543867
773	neutral	../final/models/models_2nd_run/model2_10	../final/models/models_2nd_run/model2_10	neutral	0.5186927914619446	0.0628737062215805	0.11502272635698318	0.5186927914619446	0.1803286224603653	0.019839152693748474	0.027647126466035843	0.0255756676197052	0.009716564789414406	0.017682958394289017	0.0062882425263524055	0.008506949059665203	0.007825486361980438
774	nervousness	../final/models/models_2nd_run/model2_10	../final/models/models_2nd_run/model2_10	anger	0.6467084884643555	0.003745189169421792	0.005848047789186239	0.06460870057344437	0.011692688800394535	0.002851536963135004	0.005808454006910324	0.029286609962582588	0.02749963290989399	0.0178949236869812	0.6467084884643555	0.17667022347450256	0.00738551514223218
775	joy	../final/models/models_2nd_run/model2_10	../final/models/models_2nd_run/model2_10	neutral	0.381111204624176	0.1407880336046219	0.17986643314361572	0.381111204624176	0.17657044529914856	0.023501984775066376	0.026963846758008003	0.021384213119745255	0.012268110178411007	0.017581218853592873	0.006318919360637665	0.00721045071259141	0.006435156799852848
776	joy	../final/models/models_2nd_run/model2_10	../final/models/models_2nd_run/model2_10	joy	0.5167719721794128	0.21419601142406464	0.5167719721794128	0.17872749269008636	0.0454367958009243	0.012416375800967216	0.007084967568516731	0.0047008986584842205	0.005241898819804192	0.0033846746664494276	0.00424381485208869	0.00419277511537075	0.003602314507588744
777	pride	../final/models/models_2nd_run/model2_10	../final/models/models_2nd_run/model2_10	neutral	0.37451788783073425	0.14411352574825287	0.15543736517429352	0.37451788783073425	0.23012609779834747	0.015843382105231285	0.013138440437614918	0.022214530035853386	0.00980855617672205	0.010738254524767399	0.009421611204743385	0.006240268237888813	0.00840007048100233
778	pride	../final/models/models_2nd_run/model2_10	../final/models/models_2nd_run/model2_10	pride	0.8231675624847412	0.035410135984420776	0.036004625260829926	0.04574408754706383	0.8231675624847412	0.00561503367498517	0.006415206007659435	0.014314860105514526	0.004230577033013105	0.015462400391697884	0.006854407023638487	0.0035453669261187315	0.003235842101275921
779	pride	../final/models/models_2nd_run/model2_10	../final/models/models_2nd_run/model2_10	pride	0.792125940322876	0.040537279099226	0.05164634808897972	0.05623377487063408	0.792125940322876	0.005776436533778906	0.006514670792967081	0.014508268795907497	0.004532081075012684	0.01445924025028944	0.00663028797134757	0.00374929909594357	0.003286448074504733
780	excitement	../final/models/models_2nd_run/model2_10	../final/models/models_2nd_run/model2_10	excitement	0.47295188903808594	0.47295188903808594	0.1809704303741455	0.196564182639122	0.08127816021442413	0.03239200636744499	0.006624747533351183	0.005124502815306187	0.005021166056394577	0.0050971913151443005	0.005721252411603928	0.004632988478988409	0.0036214229185134172
781	nervousness	../final/models/models_2nd_run/model2_10	../final/models/models_2nd_run/model2_10	neutral	0.28444191813468933	0.08686055988073349	0.2437351793050766	0.28444191813468933	0.13364891707897186	0.020456265658140182	0.133100226521492	0.037956602871418	0.019723789766430855	0.016417264938354492	0.007357248105108738	0.006194393150508404	0.010107721202075481
782	neutral	../final/models/models_2nd_run/model2_10	../final/models/models_2nd_run/model2_10	pride	0.7074158787727356	0.05027476325631142	0.060162581503391266	0.09748822450637817	0.7074158787727356	0.006759485695511103	0.00722180912271142	0.021058546379208565	0.006757358554750681	0.021346712484955788	0.01094746869057417	0.00581615325063467	0.004751113709062338
783	confusion	../final/models/models_2nd_run/model2_10	../final/models/models_2nd_run/model2_10	neutral	0.2998181879520416	0.025675108656287193	0.03831235319375992	0.2998181879520416	0.15088272094726562	0.008596397936344147	0.020116187632083893	0.21130764484405518	0.10649675875902176	0.06425084918737411	0.017159411683678627	0.021809151396155357	0.03557520732283592
784	nervousness	../final/models/models_2nd_run/model2_10	../final/models/models_2nd_run/model2_10	nervousness	0.7493154406547546	0.016973746940493584	0.01945418119430542	0.02319721318781376	0.018663382157683372	0.0030712292063981295	0.008830688893795013	0.7493154406547546	0.014693903736770153	0.011029143817722797	0.004134562332183123	0.005013158544898033	0.12562325596809387
785	joy	../final/models/models_2nd_run/model2_10	../final/models/models_2nd_run/model2_10	excitement	0.40025657415390015	0.40025657415390015	0.3620139956474304	0.14535357058048248	0.04468676075339317	0.019739629700779915	0.008149422705173492	0.003338014241307974	0.004659696947783232	0.003343296470120549	0.003467339323833585	0.002603725763037801	0.0023880591616034508
786	joy	../final/models/models_2nd_run/model2_10	../final/models/models_2nd_run/model2_10	joy	0.5071542263031006	0.24650610983371735	0.5071542263031006	0.15577974915504456	0.0522647500038147	0.01051090843975544	0.0063392724841833115	0.004380624741315842	0.004185478202998638	0.0029353718273341656	0.003775977995246649	0.0032009838614612818	0.0029664572793990374
787	nervousness	../final/models/models_2nd_run/model2_10	../final/models/models_2nd_run/model2_10	nervousness	0.5186312794685364	0.012219302356243134	0.016434552147984505	0.08573204278945923	0.029087008908391	0.004095100797712803	0.0150959063321352	0.5186312794685364	0.07406335324048996	0.04982023313641548	0.03215228021144867	0.07938993722200394	0.08327894657850266
788	neutral	../final/models/models_2nd_run/model2_10	../final/models/models_2nd_run/model2_10	neutral	0.30500930547714233	0.05149208381772041	0.09708444774150848	0.30500930547714233	0.13360947370529175	0.008348486386239529	0.01253796648234129	0.23412597179412842	0.05547536909580231	0.023161649703979492	0.012033026665449142	0.008395440876483917	0.058726757764816284
789	neutral	../final/models/models_2nd_run/model2_10	../final/models/models_2nd_run/model2_10	joy	0.43320775032043457	0.18173888325691223	0.43320775032043457	0.25963476300239563	0.04867267981171608	0.021643858402967453	0.010452286340296268	0.008275235071778297	0.010234091430902481	0.007087285164743662	0.005732981953769922	0.0072603109292685986	0.006059969309717417
790	embarrassment	../final/models/models_2nd_run/model2_10	../final/models/models_2nd_run/model2_10	nervousness	0.5608183145523071	0.010534998029470444	0.015278462320566177	0.040553122758865356	0.022507255896925926	0.006023844238370657	0.011450888589024544	0.5608183145523071	0.09394103288650513	0.08744846284389496	0.006863810587674379	0.018872085958719254	0.1257076859474182
791	nervousness	../final/models/models_2nd_run/model2_10	../final/models/models_2nd_run/model2_10	excitement	0.24353718757629395	0.24353718757629395	0.08773189038038254	0.1663215607404709	0.05795062705874443	0.028164952993392944	0.012340952642261982	0.20105615258216858	0.051976580172777176	0.03957066684961319	0.013633360154926777	0.035560376942157745	0.06215557083487511
792	neutral	../final/models/models_2nd_run/model2_10	../final/models/models_2nd_run/model2_10	neutral	0.24536482989788055	0.04043486714363098	0.06949575990438461	0.24536482989788055	0.1345692276954651	0.015040680766105652	0.026556869968771935	0.19475042819976807	0.10102808475494385	0.09123395383358002	0.012722905725240707	0.03469302877783775	0.034109193831682205
793	excitement	../final/models/models_2nd_run/model2_10	../final/models/models_2nd_run/model2_10	excitement	0.33510684967041016	0.33510684967041016	0.15628133714199066	0.25470322370529175	0.17733611166477203	0.026213614270091057	0.008288843557238579	0.010471747256815434	0.008546342141926289	0.008140776306390762	0.005915685091167688	0.004368017893284559	0.004627413582056761
794	joy	../final/models/models_2nd_run/model2_10	../final/models/models_2nd_run/model2_10	neutral	0.3429110050201416	0.16257360577583313	0.23721855878829956	0.3429110050201416	0.17361120879650116	0.02045743726193905	0.01246551238000393	0.008527707308530807	0.009610670618712902	0.011729109100997448	0.00738667044788599	0.00914702657610178	0.004361459519714117
795	neutral	../final/models/models_2nd_run/model2_10	../final/models/models_2nd_run/model2_10	neutral	0.48556628823280334	0.07497114688158035	0.10603044182062149	0.48556628823280334	0.10949917882680893	0.0229289960116148	0.025785382837057114	0.058862362056970596	0.043906692415475845	0.02863885462284088	0.010662917047739029	0.013321283273398876	0.019826358184218407
796	neutral	../final/models/models_2nd_run/model2_10	../final/models/models_2nd_run/model2_10	neutral	0.3098457157611847	0.26176050305366516	0.2511964738368988	0.3098457157611847	0.11573075503110886	0.01717529445886612	0.006876369938254356	0.008702591992914677	0.007017864845693111	0.006418231874704361	0.00593193294480443	0.005354811903089285	0.003989458549767733
797	pride	../final/models/models_2nd_run/model2_10	../final/models/models_2nd_run/model2_10	pride	0.3187192678451538	0.12145695835351944	0.11188462376594543	0.30282971262931824	0.3187192678451538	0.013931060209870338	0.017546605318784714	0.04765471816062927	0.016186285763978958	0.017664847895503044	0.00991576537489891	0.00817860383540392	0.014031508006155491
798	neutral	../final/models/models_2nd_run/model2_10	../final/models/models_2nd_run/model2_10	excitement	0.3552449941635132	0.3552449941635132	0.17724746465682983	0.26349586248397827	0.1357969492673874	0.02705319970846176	0.006644995417445898	0.006721526850014925	0.006402386352419853	0.00620160112157464	0.006638066843152046	0.004784819204360247	0.003768110880628228
799	neutral	../final/models/models_2nd_run/model2_10	../final/models/models_2nd_run/model2_10	joy	0.36760056018829346	0.1748621165752411	0.36760056018829346	0.28024476766586304	0.11874113231897354	0.013036875054240227	0.007392103783786297	0.008214729838073254	0.008389309979975224	0.006458276882767677	0.005831223912537098	0.005320267286151648	0.00390863511711359
800	excitement	../final/models/models_2nd_run/model2_10	../final/models/models_2nd_run/model2_10	excitement	0.876987874507904	0.876987874507904	0.039339251816272736	0.039931610226631165	0.00677106948569417	0.016974151134490967	0.003376970300450921	0.003259630175307393	0.0025309990160167217	0.0019301624270156026	0.003330215811729431	0.002305727219209075	0.0032623610459268093
801	excitement	../final/models/models_2nd_run/model2_10	../final/models/models_2nd_run/model2_10	pride	0.31682243943214417	0.11698059737682343	0.13735175132751465	0.3048592507839203	0.31682243943214417	0.01493924017995596	0.013921490870416164	0.03114003688097	0.010752965696156025	0.022752759978175163	0.01114705391228199	0.009563712403178215	0.009768685325980186
802	joy	../final/models/models_2nd_run/model2_10	../final/models/models_2nd_run/model2_10	joy	0.3918520510196686	0.14034752547740936	0.3918520510196686	0.3524588346481323	0.03323410823941231	0.01900472678244114	0.011435659602284431	0.009561833925545216	0.011943877674639225	0.006307500880211592	0.006879427004605532	0.009456912986934185	0.007517529651522636
803	neutral	../final/models/models_2nd_run/model2_10	../final/models/models_2nd_run/model2_10	joy	0.5442771315574646	0.1527404487133026	0.5442771315574646	0.21713438630104065	0.039935801178216934	0.011149100959300995	0.00688965292647481	0.005409050267189741	0.0052228025160729885	0.0037397430278360844	0.005354173481464386	0.004526545759290457	0.0036211535334587097
804	excitement	../final/models/models_2nd_run/model2_10	../final/models/models_2nd_run/model2_10	pride	0.8089137673377991	0.030397899448871613	0.040918443351984024	0.04491398483514786	0.8089137673377991	0.00448341341689229	0.006467078346759081	0.01886613480746746	0.005998457781970501	0.023571353405714035	0.007448106072843075	0.004389777313917875	0.0036315962206572294
805	joy	../final/models/models_2nd_run/model2_10	../final/models/models_2nd_run/model2_10	joy	0.34082984924316406	0.32789328694343567	0.34082984924316406	0.21654926240444183	0.06018731743097305	0.018296433612704277	0.008075494319200516	0.0048680780455470085	0.005396751221269369	0.0046423934400081635	0.0049684541299939156	0.004493567161262035	0.003799033584073186
806	joy	../final/models/models_2nd_run/model2_10	../final/models/models_2nd_run/model2_10	sadness	0.2279936969280243	0.025186875835061073	0.043346304446458817	0.19431179761886597	0.08853188902139664	0.010632945224642754	0.009301616810262203	0.2143782526254654	0.2279936969280243	0.09391346573829651	0.014185423962771893	0.021976597607135773	0.05624108389019966
807	joy	../final/models/models_2nd_run/model2_10	../final/models/models_2nd_run/model2_10	joy	0.6063498854637146	0.1462995409965515	0.6063498854637146	0.15574941039085388	0.05205304175615311	0.009813398122787476	0.005819554440677166	0.004918863531202078	0.005408485420048237	0.003346559824422002	0.0038328173104673624	0.0034842065069824457	0.0029241577722132206
808	neutral	../final/models/models_2nd_run/model2_10	../final/models/models_2nd_run/model2_10	excitement	0.5070460438728333	0.5070460438728333	0.26101812720298767	0.14185704290866852	0.023569680750370026	0.03438932076096535	0.007840530946850777	0.0037243813276290894	0.00547035550698638	0.003977343440055847	0.0034377689007669687	0.003858517622575164	0.0038108632434159517
809	neutral	../final/models/models_2nd_run/model2_10	../final/models/models_2nd_run/model2_10	nervousness	0.40115779638290405	0.016732072457671165	0.027975449338555336	0.12241172045469284	0.04540793225169182	0.007713036146014929	0.011590383015573025	0.40115779638290405	0.169645294547081	0.08870577067136765	0.010644882917404175	0.025418078526854515	0.07259756326675415
810	neutral	../final/models/models_2nd_run/model2_10	../final/models/models_2nd_run/model2_10	joy	0.4304175078868866	0.28644680976867676	0.4304175078868866	0.17534707486629486	0.061087481677532196	0.013284138403832912	0.005941042210906744	0.00569251598790288	0.006812055595219135	0.004300322383642197	0.0037084182258695364	0.0034583979286253452	0.0035041437949985266
811	joy	../final/models/models_2nd_run/model2_10	../final/models/models_2nd_run/model2_10	joy	0.4652613401412964	0.15247219800949097	0.4652613401412964	0.26204267144203186	0.05507336184382439	0.01496278215199709	0.008989153429865837	0.0084975715726614	0.009155710227787495	0.006267933640629053	0.005003627389669418	0.006342646665871143	0.005930994171649218
812	anger	../final/models/models_2nd_run/model2_10	../final/models/models_2nd_run/model2_10	sadness	0.5681589245796204	0.009189612232148647	0.019252780824899673	0.07662840932607651	0.0309098232537508	0.006450917571783066	0.009439297020435333	0.08793401718139648	0.5681589245796204	0.13944122195243835	0.008946720510721207	0.028114140033721924	0.015534122474491596
813	nervousness	../final/models/models_2nd_run/model2_10	../final/models/models_2nd_run/model2_10	neutral	0.3439895510673523	0.1275550276041031	0.14417237043380737	0.3439895510673523	0.27995172142982483	0.010980374179780483	0.010321208275854588	0.02849268727004528	0.012971208430826664	0.01636861450970173	0.009774635545909405	0.0072908480651676655	0.00813172198832035
814	joy	../final/models/models_2nd_run/model2_10	../final/models/models_2nd_run/model2_10	joy	0.3981977701187134	0.15668807923793793	0.3981977701187134	0.23612944781780243	0.14842019975185394	0.01092882826924324	0.006817277520895004	0.009729231707751751	0.012417256832122803	0.006945911329239607	0.005468623246997595	0.004436973482370377	0.0038204663433134556
815	pride	../final/models/models_2nd_run/model2_10	../final/models/models_2nd_run/model2_10	neutral	0.2732570171356201	0.0928310751914978	0.16373282670974731	0.2732570171356201	0.26019570231437683	0.010329848155379295	0.009646207094192505	0.09027606248855591	0.039624348282814026	0.023970840498805046	0.009062835946679115	0.007251160219311714	0.019822100177407265
816	joy	../final/models/models_2nd_run/model2_10	../final/models/models_2nd_run/model2_10	excitement	0.3059804141521454	0.3059804141521454	0.2813419699668884	0.2646576762199402	0.08450969308614731	0.019045894965529442	0.00898629892617464	0.006833808030933142	0.005856983829289675	0.006325416266918182	0.005455184727907181	0.006400289013981819	0.004606360569596291
817	neutral	../final/models/models_2nd_run/model2_10	../final/models/models_2nd_run/model2_10	neutral	0.4378710687160492	0.10710109770298004	0.11111701279878616	0.4378710687160492	0.2158823013305664	0.013625060208141804	0.008984657004475594	0.027154795825481415	0.025969751179218292	0.017000727355480194	0.014737458899617195	0.00944516807794571	0.011110936291515827
818	joy	../final/models/models_2nd_run/model2_10	../final/models/models_2nd_run/model2_10	excitement	0.44195035099983215	0.44195035099983215	0.3595241904258728	0.1313599795103073	0.026932749897241592	0.016059810295701027	0.00589476665481925	0.0028104756493121386	0.003829640569165349	0.002770068822428584	0.003747548907995224	0.0029917370993644	0.002128720749169588
819	neutral	../final/models/models_2nd_run/model2_10	../final/models/models_2nd_run/model2_10	pride	0.7639739513397217	0.049203455448150635	0.06052400916814804	0.06240154802799225	0.7639739513397217	0.0050530461594462395	0.005190878640860319	0.01674826815724373	0.005674236919730902	0.017399141564965248	0.006556092761456966	0.0039267330430448055	0.0033486492466181517
820	neutral	../final/models/models_2nd_run/model2_10	../final/models/models_2nd_run/model2_10	excitement	0.518193244934082	0.518193244934082	0.2763739228248596	0.1442418247461319	0.020205896347761154	0.013535412959754467	0.005482809152454138	0.0042996336705982685	0.004091923590749502	0.0028413967229425907	0.0035603088326752186	0.003449647454544902	0.003723969217389822
821	excitement	../final/models/models_2nd_run/model2_10	../final/models/models_2nd_run/model2_10	neutral	0.3009323179721832	0.14538806676864624	0.24892720580101013	0.3009323179721832	0.23277460038661957	0.013189674355089664	0.00957890972495079	0.014555145055055618	0.007987920194864273	0.00811744574457407	0.007201685104519129	0.0063008395954966545	0.005046164616942406
822	neutral	../final/models/models_2nd_run/model2_10	../final/models/models_2nd_run/model2_10	joy	0.4573178291320801	0.22169825434684753	0.4573178291320801	0.21947616338729858	0.033560022711753845	0.01814098469913006	0.010653465054929256	0.007251467555761337	0.0069902618415653706	0.005538365337997675	0.006186275742948055	0.0071441661566495895	0.006042679771780968
823	excitement	../final/models/models_2nd_run/model2_10	../final/models/models_2nd_run/model2_10	sadness	0.6977318525314331	0.017003752291202545	0.03631594404578209	0.06775432080030441	0.018578829243779182	0.007470699492841959	0.006315912585705519	0.08463169634342194	0.6977318525314331	0.03245358541607857	0.0036273838486522436	0.006615092046558857	0.021500928327441216
824	neutral	../final/models/models_2nd_run/model2_10	../final/models/models_2nd_run/model2_10	joy	0.5351039171218872	0.17557281255722046	0.5351039171218872	0.1842508763074875	0.0583336278796196	0.012076660990715027	0.007209914270788431	0.005895798560231924	0.006567378528416157	0.0043080952018499374	0.0036243388894945383	0.0037534076254814863	0.0033031750936061144
825	excitement	../final/models/models_2nd_run/model2_10	../final/models/models_2nd_run/model2_10	neutral	0.46816328167915344	0.11423377692699432	0.23382312059402466	0.46816328167915344	0.09978515654802322	0.013370348140597343	0.008233580738306046	0.012964623048901558	0.01645098626613617	0.009615249931812286	0.008174431510269642	0.008081461302936077	0.007103877607733011
826	excitement	../final/models/models_2nd_run/model2_10	../final/models/models_2nd_run/model2_10	pride	0.3323168158531189	0.18471351265907288	0.14622390270233154	0.24762879312038422	0.3323168158531189	0.016778267920017242	0.00790853425860405	0.02280539646744728	0.010182911530137062	0.011756221763789654	0.007645046804100275	0.004750024061650038	0.007290503941476345
827	neutral	../final/models/models_2nd_run/model2_10	../final/models/models_2nd_run/model2_10	neutral	0.3601638972759247	0.19369053840637207	0.35277217626571655	0.3601638972759247	0.03228958323597908	0.018499260768294334	0.005061469506472349	0.004985308274626732	0.015188716351985931	0.004225077573210001	0.00492346566170454	0.004507137928158045	0.003693495411425829
828	fear	../final/models/models_2nd_run/model2_10	../final/models/models_2nd_run/model2_10	neutral	0.26629528403282166	0.035430412739515305	0.041488490998744965	0.26629528403282166	0.12900391221046448	0.011923443526029587	0.018044712021946907	0.20592060685157776	0.12374262511730194	0.06678734719753265	0.020714029669761658	0.02551736682653427	0.055131759494543076
829	sadness	../final/models/models_2nd_run/model2_10	../final/models/models_2nd_run/model2_10	excitement	0.2684400975704193	0.2684400975704193	0.22140395641326904	0.2003897726535797	0.18105541169643402	0.037902094423770905	0.006662474479526281	0.014832244254648685	0.031188683584332466	0.02032412774860859	0.006430108565837145	0.005233796779066324	0.006137209013104439
830	surprise	../final/models/models_2nd_run/model2_10	../final/models/models_2nd_run/model2_10	neutral	0.33154845237731934	0.13042418658733368	0.15403121709823608	0.33154845237731934	0.217074453830719	0.016191991046071053	0.014506504870951176	0.04868266358971596	0.02941972017288208	0.025544466450810432	0.007273184135556221	0.00952079612761736	0.015782322734594345
831	joy	../final/models/models_2nd_run/model2_10	../final/models/models_2nd_run/model2_10	sadness	0.5620144009590149	0.0258034635335207	0.0834038183093071	0.15337449312210083	0.051303569227457047	0.007818708196282387	0.007409052923321724	0.05696551129221916	0.5620144009590149	0.024411141872406006	0.007101405877619982	0.007346464786678553	0.01304805651307106
832	pride	../final/models/models_2nd_run/model2_10	../final/models/models_2nd_run/model2_10	neutral	0.3500906825065613	0.12450239807367325	0.10228169709444046	0.3500906825065613	0.33236804604530334	0.01145622506737709	0.008785187266767025	0.02180846408009529	0.010033725760877132	0.01312212459743023	0.011557070538401604	0.006374391261488199	0.007619902025908232
833	joy	../final/models/models_2nd_run/model2_10	../final/models/models_2nd_run/model2_10	joy	0.41883569955825806	0.16843698918819427	0.41883569955825806	0.22945713996887207	0.12416908144950867	0.011060275137424469	0.007028387393802404	0.011553814634680748	0.00848439708352089	0.006680887658149004	0.005059244576841593	0.004303124733269215	0.0049309395253658295
834	neutral	../final/models/models_2nd_run/model2_10	../final/models/models_2nd_run/model2_10	joy	0.48747774958610535	0.14644309878349304	0.48747774958610535	0.23725837469100952	0.08828552812337875	0.008960060775279999	0.005031930282711983	0.005030349362641573	0.006390576250851154	0.0038288498762995005	0.004913439508527517	0.0036800012458115816	0.0027000473346561193
835	sadness	../final/models/models_2nd_run/model2_10	../final/models/models_2nd_run/model2_10	neutral	0.5251687169075012	0.03875717520713806	0.04710501432418823	0.5251687169075012	0.12497672438621521	0.009586655534803867	0.007202258799225092	0.08795414865016937	0.0447307750582695	0.0334722176194191	0.029170464724302292	0.02122875116765499	0.03064708225429058
836	joy	../final/models/models_2nd_run/model2_10	../final/models/models_2nd_run/model2_10	joy	0.4370018541812897	0.34044602513313293	0.4370018541812897	0.16335487365722656	0.02165968157351017	0.01399319525808096	0.005333116743713617	0.0027101978193968534	0.0039658574387431145	0.002463272074237466	0.003978385124355555	0.0029423225205391645	0.0021511632949113846
837	joy	../final/models/models_2nd_run/model2_10	../final/models/models_2nd_run/model2_10	joy	0.31415021419525146	0.1732064187526703	0.31415021419525146	0.258423388004303	0.19301939010620117	0.012286335229873657	0.009177980944514275	0.010518944822251797	0.006184482481330633	0.0066440897062420845	0.006690355949103832	0.005705524235963821	0.003992811776697636
838	joy	../final/models/models_2nd_run/model2_10	../final/models/models_2nd_run/model2_10	neutral	0.40569084882736206	0.13952945172786713	0.21112406253814697	0.40569084882736206	0.16022127866744995	0.014834465458989143	0.012026838026940823	0.01415335014462471	0.011977612972259521	0.010827998630702496	0.007275858428329229	0.006580465938895941	0.005757777951657772
839	nervousness	../final/models/models_2nd_run/model2_10	../final/models/models_2nd_run/model2_10	fear	0.5218290090560913	0.010759525932371616	0.015270043164491653	0.04168948158621788	0.010416398756206036	0.002872593468055129	0.009866492822766304	0.34407830238342285	0.02503342553973198	0.005828282330185175	0.006453942507505417	0.005902442149817944	0.5218290090560913
840	joy	../final/models/models_2nd_run/model2_10	../final/models/models_2nd_run/model2_10	neutral	0.3296312093734741	0.25309258699417114	0.2002539336681366	0.3296312093734741	0.14091135561466217	0.018696248531341553	0.009572851471602917	0.013016686774790287	0.010297994129359722	0.008787671104073524	0.005595159251242876	0.004615606274455786	0.005528684239834547
841	excitement	../final/models/models_2nd_run/model2_10	../final/models/models_2nd_run/model2_10	joy	0.37051114439964294	0.27072587609291077	0.37051114439964294	0.23535297811031342	0.06525027006864548	0.017243271693587303	0.006181616801768541	0.0076278746128082275	0.007696437183767557	0.005121862515807152	0.0056229266338050365	0.004625913221389055	0.00403979467228055
842	neutral	../final/models/models_2nd_run/model2_10	../final/models/models_2nd_run/model2_10	nervousness	0.21483738720417023	0.028169505298137665	0.043228693306446075	0.14868009090423584	0.08467771112918854	0.022700875997543335	0.07278643548488617	0.21483738720417023	0.1449800431728363	0.1499663144350052	0.010075412690639496	0.0313989482820034	0.04849855601787567
843	confusion	../final/models/models_2nd_run/model2_10	../final/models/models_2nd_run/model2_10	fear	0.7696744203567505	0.005468182731419802	0.011555902659893036	0.02206679806113243	0.00412945169955492	0.0038270410150289536	0.010132407769560814	0.14546510577201843	0.008938945829868317	0.004005907103419304	0.0053112683817744255	0.009424468502402306	0.7696744203567505
844	sadness	../final/models/models_2nd_run/model2_10	../final/models/models_2nd_run/model2_10	sadness	0.6132609844207764	0.005404757801443338	0.011799262836575508	0.03977019339799881	0.013124746270477772	0.005346805788576603	0.03417808562517166	0.1776898056268692	0.6132609844207764	0.050670307129621506	0.005533122923225164	0.008283549919724464	0.03493839502334595
845	pride	../final/models/models_2nd_run/model2_10	../final/models/models_2nd_run/model2_10	neutral	0.3273226022720337	0.1598912924528122	0.19213363528251648	0.3273226022720337	0.21568791568279266	0.014503398910164833	0.012792548164725304	0.02666705660521984	0.011194738559424877	0.013315034098923206	0.008376343175768852	0.007937314920127392	0.010178140364587307
846	joy	../final/models/models_2nd_run/model2_10	../final/models/models_2nd_run/model2_10	neutral	0.3552858829498291	0.13813813030719757	0.1992664933204651	0.3552858829498291	0.2098977416753769	0.015806997194886208	0.014692495577037334	0.02245277911424637	0.00943897757679224	0.011400890536606312	0.008235606364905834	0.007924471981823444	0.0074596283957362175
847	joy	../final/models/models_2nd_run/model2_10	../final/models/models_2nd_run/model2_10	neutral	0.29442015290260315	0.05416885390877724	0.0959073007106781	0.29442015290260315	0.18093015253543854	0.013405900448560715	0.01605958864092827	0.10820610821247101	0.13314707577228546	0.05474705621600151	0.010838961228728294	0.01142524927854538	0.026743577793240547
848	excitement	../final/models/models_2nd_run/model2_10	../final/models/models_2nd_run/model2_10	pride	0.2807100713253021	0.20103980600833893	0.17498427629470825	0.25997430086135864	0.2807100713253021	0.014225007966160774	0.011328939348459244	0.01860867813229561	0.01039429847151041	0.01039514597505331	0.00713493674993515	0.005075513385236263	0.0061290026642382145
849	neutral	../final/models/models_2nd_run/model2_10	../final/models/models_2nd_run/model2_10	joy	0.3542250096797943	0.2613326609134674	0.3542250096797943	0.2454788237810135	0.08098122477531433	0.01874980330467224	0.007021057885140181	0.006107003428041935	0.0070189423859119415	0.005640174727886915	0.005069846287369728	0.004717007279396057	0.003658522618934512
850	neutral	../final/models/models_2nd_run/model2_10	../final/models/models_2nd_run/model2_10	neutral	0.3723577857017517	0.15146537125110626	0.18569913506507874	0.3723577857017517	0.20157566666603088	0.0161291491240263	0.012023706920444965	0.017640210688114166	0.010897889733314514	0.010723358951508999	0.007832332514226437	0.0063881538808345795	0.007267158944159746
851	neutral	../final/models/models_2nd_run/model2_10	../final/models/models_2nd_run/model2_10	joy	0.45197242498397827	0.2891511023044586	0.45197242498397827	0.161177858710289	0.05724317207932472	0.013110160827636719	0.005417185835540295	0.00397384213283658	0.0049892752431333065	0.0035502135287970304	0.0037541615311056376	0.0029790091793984175	0.0026815019082278013
852	joy	../final/models/models_2nd_run/model2_10	../final/models/models_2nd_run/model2_10	neutral	0.34930241107940674	0.1580386906862259	0.220867320895195	0.34930241107940674	0.14755918085575104	0.021391168236732483	0.018709920346736908	0.019099809229373932	0.014789065346121788	0.01892203837633133	0.009776812046766281	0.013934999704360962	0.007608562707901001
853	neutral	../final/models/models_2nd_run/model2_10	../final/models/models_2nd_run/model2_10	excitement	0.2668544352054596	0.2668544352054596	0.2629311680793762	0.21582633256912231	0.03957996889948845	0.04021912068128586	0.010572564788162708	0.034348029643297195	0.06232040002942085	0.023370474576950073	0.00563162611797452	0.021861564368009567	0.016484295949339867
854	neutral	../final/models/models_2nd_run/model2_10	../final/models/models_2nd_run/model2_10	neutral	0.3114908039569855	0.19104871153831482	0.21206697821617126	0.3114908039569855	0.17291146516799927	0.030390631407499313	0.016376687213778496	0.01610986329615116	0.011625696904957294	0.019815688952803612	0.006236784625798464	0.006603874731808901	0.005322881042957306
855	fear	../final/models/models_2nd_run/model2_10	../final/models/models_2nd_run/model2_10	nervousness	0.6925267577171326	0.01464998908340931	0.01366728451102972	0.023962434381246567	0.015240145847201347	0.0031554894521832466	0.013064592145383358	0.6925267577171326	0.01918967440724373	0.009038465097546577	0.00582770723849535	0.005340420175343752	0.18433703482151031
856	joy	../final/models/models_2nd_run/model2_10	../final/models/models_2nd_run/model2_10	neutral	0.311290979385376	0.212560772895813	0.25823667645454407	0.311290979385376	0.13593924045562744	0.02081485465168953	0.010402305983006954	0.012812834233045578	0.010165848769247532	0.010004019364714622	0.005468597635626793	0.006113287527114153	0.006190675310790539
857	excitement	../final/models/models_2nd_run/model2_10	../final/models/models_2nd_run/model2_10	neutral	0.2170988768339157	0.03216248005628586	0.056267641484737396	0.2170988768339157	0.07397454977035522	0.008292694576084614	0.02200743369758129	0.19145755469799042	0.09531775861978531	0.0827414020895958	0.014756536111235619	0.10165941715240479	0.10426361858844757
858	pride	../final/models/models_2nd_run/model2_10	../final/models/models_2nd_run/model2_10	neutral	0.35849103331565857	0.14014728367328644	0.15553367137908936	0.35849103331565857	0.11458825320005417	0.023521054536104202	0.016762778162956238	0.05892948433756828	0.052483394742012024	0.03404930979013443	0.009588442742824554	0.01581469364464283	0.020090611651539803
859	joy	../final/models/models_2nd_run/model2_10	../final/models/models_2nd_run/model2_10	joy	0.48793500661849976	0.17136940360069275	0.48793500661849976	0.23081858456134796	0.07042212039232254	0.009257161989808083	0.005206138361245394	0.0047885943204164505	0.0052512106485664845	0.003229481866583228	0.0047806641086936	0.003934122622013092	0.0030075195245444775
860	confusion	../final/models/models_2nd_run/model2_10	../final/models/models_2nd_run/model2_10	nervousness	0.2911933958530426	0.0861198902130127	0.05731279402971268	0.18061569333076477	0.08132270723581314	0.016138294711709023	0.05806569755077362	0.2911933958530426	0.08929471671581268	0.05040188506245613	0.013672166503965855	0.017557309940457344	0.05830548331141472
861	pride	../final/models/models_2nd_run/model2_10	../final/models/models_2nd_run/model2_10	pride	0.7395774722099304	0.04715579375624657	0.04861129820346832	0.06616953015327454	0.7395774722099304	0.007734736427664757	0.007988803088665009	0.026445502415299416	0.00730214174836874	0.03083556890487671	0.007619480602443218	0.00540273729711771	0.005157007370144129
862	surprise	../final/models/models_2nd_run/model2_10	../final/models/models_2nd_run/model2_10	neutral	0.4290008544921875	0.057541318237781525	0.06934963911771774	0.4290008544921875	0.06449674069881439	0.015143943950533867	0.007106554228812456	0.06606711447238922	0.0808153972029686	0.04210913926362991	0.08323295414447784	0.06758982688188553	0.01754656247794628
863	pride	../final/models/models_2nd_run/model2_10	../final/models/models_2nd_run/model2_10	neutral	0.32599571347236633	0.19261221587657928	0.23202268779277802	0.32599571347236633	0.17330871522426605	0.020875247195363045	0.00998404249548912	0.010051908902823925	0.007990929298102856	0.007867660373449326	0.007742183282971382	0.006391563452780247	0.005157125648111105
864	pride	../final/models/models_2nd_run/model2_10	../final/models/models_2nd_run/model2_10	pride	0.5880531072616577	0.0275887418538332	0.030005021020770073	0.072107695043087	0.5880531072616577	0.005981252063065767	0.009648856706917286	0.10746673494577408	0.025308173149824142	0.08350877463817596	0.02540590800344944	0.014275087043642998	0.01065068133175373
865	excitement	../final/models/models_2nd_run/model2_10	../final/models/models_2nd_run/model2_10	excitement	0.6233426332473755	0.6233426332473755	0.21214929223060608	0.09191843122243881	0.026444701477885246	0.016050416976213455	0.00568762980401516	0.006405863910913467	0.004640914965420961	0.0034227371215820312	0.0033494269009679556	0.0027185678482055664	0.0038694434333592653
866	neutral	../final/models/models_2nd_run/model2_10	../final/models/models_2nd_run/model2_10	neutral	0.3793366253376007	0.12770114839076996	0.12119778245687485	0.3793366253376007	0.24784375727176666	0.017990190535783768	0.01564324088394642	0.028746914118528366	0.012551185674965382	0.017815208062529564	0.009215770289301872	0.011058449745178223	0.010899626649916172
867	pride	../final/models/models_2nd_run/model2_10	../final/models/models_2nd_run/model2_10	excitement	0.7015834450721741	0.7015834450721741	0.08100523054599762	0.1320784091949463	0.03750215470790863	0.013920415192842484	0.005583994090557098	0.00709008751437068	0.004169393330812454	0.0035041403025388718	0.005680552683770657	0.0033633941784501076	0.004518719855695963
868	excitement	../final/models/models_2nd_run/model2_10	../final/models/models_2nd_run/model2_10	excitement	0.3433408737182617	0.3433408737182617	0.22531531751155853	0.28144970536231995	0.08040548861026764	0.02187040075659752	0.00818580947816372	0.007523213047534227	0.0065650115720927715	0.006972953677177429	0.006961820647120476	0.0064527299255132675	0.004956523887813091
869	joy	../final/models/models_2nd_run/model2_10	../final/models/models_2nd_run/model2_10	joy	0.5330104231834412	0.20670320093631744	0.5330104231834412	0.19935253262519836	0.024865761399269104	0.010099011473357677	0.005278076510876417	0.0031919849570840597	0.004706236533820629	0.002352632349357009	0.003905734047293663	0.003407517448067665	0.0031268615275621414
870	neutral	../final/models/models_2nd_run/model2_10	../final/models/models_2nd_run/model2_10	excitement	0.7558720707893372	0.7558720707893372	0.07024838030338287	0.06654710322618484	0.01587895303964615	0.023878399282693863	0.03356143459677696	0.011740843765437603	0.003711135359480977	0.00473772082477808	0.0037700105458498	0.0027332715690135956	0.00732068857178092
871	excitement	../final/models/models_2nd_run/model2_10	../final/models/models_2nd_run/model2_10	neutral	0.32843658328056335	0.21691498160362244	0.25051063299179077	0.32843658328056335	0.13435088098049164	0.0167480930685997	0.00939576979726553	0.009471376426517963	0.008300389163196087	0.006621027365326881	0.008392947725951672	0.006173354107886553	0.004683922976255417
872	fear	../final/models/models_2nd_run/model2_10	../final/models/models_2nd_run/model2_10	nervousness	0.5102500319480896	0.010108839720487595	0.015458611771464348	0.0740683302283287	0.025917217135429382	0.003983597736805677	0.006733177229762077	0.5102500319480896	0.057419225573539734	0.03628435730934143	0.08531182259321213	0.0656786859035492	0.10878609120845795
873	pride	../final/models/models_2nd_run/model2_10	../final/models/models_2nd_run/model2_10	joy	0.5045953392982483	0.21813006699085236	0.5045953392982483	0.19461508095264435	0.030973687767982483	0.014560629613697529	0.0077115800231695175	0.005081453826278448	0.006456953007727861	0.004009735304862261	0.005537387914955616	0.004758157767355442	0.0035699973814189434
874	excitement	../final/models/models_2nd_run/model2_10	../final/models/models_2nd_run/model2_10	neutral	0.47064411640167236	0.16616708040237427	0.11789146065711975	0.47064411640167236	0.16141121089458466	0.017889712005853653	0.007713142782449722	0.014494349248707294	0.010225599631667137	0.010494587011635303	0.010069485753774643	0.006343012675642967	0.006656345445662737
875	surprise	../final/models/models_2nd_run/model2_10	../final/models/models_2nd_run/model2_10	joy	0.4896399974822998	0.2256341129541397	0.4896399974822998	0.1820533126592636	0.05923423916101456	0.012741041369736195	0.007402438670396805	0.004958674311637878	0.004894405137747526	0.0036022148560732603	0.0035617626272141933	0.0032730093225836754	0.0030046727042645216
876	nervousness	../final/models/models_2nd_run/model2_10	../final/models/models_2nd_run/model2_10	fear	0.5454968810081482	0.0053070406429469585	0.0075843445956707	0.01577817089855671	0.004799118731170893	0.0026248865760862827	0.00888337567448616	0.31106245517730713	0.02614006958901882	0.013531670905649662	0.007127507124096155	0.05166449397802353	0.5454968810081482
877	joy	../final/models/models_2nd_run/model2_10	../final/models/models_2nd_run/model2_10	excitement	0.430604487657547	0.430604487657547	0.1876930296421051	0.23397766053676605	0.054522089660167694	0.047660693526268005	0.010311029851436615	0.004563037771731615	0.0061175948940217495	0.006816504057496786	0.006228252314031124	0.007780847139656544	0.003724779235199094
878	neutral	../final/models/models_2nd_run/model2_10	../final/models/models_2nd_run/model2_10	neutral	0.3548195958137512	0.14961650967597961	0.2687888741493225	0.3548195958137512	0.15914517641067505	0.012801402248442173	0.008997725322842598	0.012544885277748108	0.008031604811549187	0.007472263183444738	0.006671801675111055	0.005978147033601999	0.005131979007273912
879	pride	../final/models/models_2nd_run/model2_10	../final/models/models_2nd_run/model2_10	excitement	0.5152667760848999	0.5152667760848999	0.10723715275526047	0.07893993705511093	0.009817380458116531	0.253061980009079	0.005481949541717768	0.002569430973380804	0.00515097426250577	0.007943346165120602	0.0047563002444803715	0.005737693980336189	0.004037123639136553
880	pride	../final/models/models_2nd_run/model2_10	../final/models/models_2nd_run/model2_10	excitement	0.28100720047950745	0.28100720047950745	0.2390676587820053	0.21857091784477234	0.18210358917713165	0.01795121096074581	0.008320777676999569	0.015063095837831497	0.011613396927714348	0.009152454324066639	0.005910615436732769	0.00516710476949811	0.006071935873478651
881	nervousness	../final/models/models_2nd_run/model2_10	../final/models/models_2nd_run/model2_10	neutral	0.3573371469974518	0.07252457737922668	0.09643610566854477	0.3573371469974518	0.22286972403526306	0.01624571718275547	0.02602292224764824	0.07788098603487015	0.04851647838950157	0.03804934024810791	0.013033170253038406	0.011930552311241627	0.01915319822728634
882	joy	../final/models/models_2nd_run/model2_10	../final/models/models_2nd_run/model2_10	neutral	0.3430692255496979	0.15177056193351746	0.32812291383743286	0.3430692255496979	0.09188486635684967	0.02415015548467636	0.013227572664618492	0.009957137517631054	0.009933577850461006	0.009565030224621296	0.005420085042715073	0.0075438907369971275	0.005355039145797491
883	sadness	../final/models/models_2nd_run/model2_10	../final/models/models_2nd_run/model2_10	sadness	0.25830841064453125	0.009002171456813812	0.010401597246527672	0.1451541781425476	0.03478667140007019	0.005721301306039095	0.01632382720708847	0.2578323781490326	0.25830841064453125	0.07801975309848785	0.0888868048787117	0.05793022736907005	0.03763273358345032
884	joy	../final/models/models_2nd_run/model2_10	../final/models/models_2nd_run/model2_10	excitement	0.39592742919921875	0.39592742919921875	0.38635310530662537	0.1289035826921463	0.05289968103170395	0.012691210955381393	0.004240657668560743	0.003610811661928892	0.0044365208595991135	0.0028276185039430857	0.003106122137978673	0.002467948943376541	0.0025352637749165297
885	joy	../final/models/models_2nd_run/model2_10	../final/models/models_2nd_run/model2_10	joy	0.46653056144714355	0.17385174334049225	0.46653056144714355	0.25049546360969543	0.06364699453115463	0.011186904273927212	0.0064329602755606174	0.005958169233053923	0.006372479721903801	0.0038963290862739086	0.004252937156707048	0.00368630257435143	0.0036890460178256035
886	neutral	../final/models/models_2nd_run/model2_10	../final/models/models_2nd_run/model2_10	joy	0.38888293504714966	0.16888995468616486	0.38888293504714966	0.31694960594177246	0.05419458821415901	0.019062085077166557	0.00949918758124113	0.00899673905223608	0.008818620815873146	0.006070352159440517	0.006409259047359228	0.006547114346176386	0.005679604597389698
887	joy	../final/models/models_2nd_run/model2_10	../final/models/models_2nd_run/model2_10	joy	0.5786523818969727	0.14111195504665375	0.5786523818969727	0.18625704944133759	0.05578859522938728	0.00893645640462637	0.004938933067023754	0.005195462144911289	0.005696005187928677	0.003320370800793171	0.0037966466043144464	0.0033256439492106438	0.002980522345751524
888	neutral	../final/models/models_2nd_run/model2_10	../final/models/models_2nd_run/model2_10	neutral	0.3209243714809418	0.07479100674390793	0.11084899306297302	0.3209243714809418	0.1279192417860031	0.030910972505807877	0.02640642039477825	0.07053971290588379	0.05002148449420929	0.11303287744522095	0.010089999996125698	0.04201192781329155	0.02250307984650135
889	joy	../final/models/models_2nd_run/model2_10	../final/models/models_2nd_run/model2_10	pride	0.3836175203323364	0.11095317453145981	0.20859456062316895	0.21079030632972717	0.3836175203323364	0.011424465104937553	0.007843414321541786	0.01717289350926876	0.017982224002480507	0.012946849688887596	0.008559168316423893	0.005138869863003492	0.004976599011570215
890	pride	../final/models/models_2nd_run/model2_10	../final/models/models_2nd_run/model2_10	joy	0.644622266292572	0.12467483431100845	0.644622266292572	0.16670063138008118	0.02997203730046749	0.007710498757660389	0.0046179043129086494	0.0037922863848507404	0.00536318076774478	0.002413560403510928	0.0039078895933926105	0.0034029968082904816	0.002821896458044648
891	pride	../final/models/models_2nd_run/model2_10	../final/models/models_2nd_run/model2_10	joy	0.3974688649177551	0.19067032635211945	0.3974688649177551	0.27639803290367126	0.07593105733394623	0.014477641321718693	0.010159214958548546	0.007536986842751503	0.0069295489229261875	0.005707886535674334	0.004768324550241232	0.005224565975368023	0.004727554507553577
892	excitement	../final/models/models_2nd_run/model2_10	../final/models/models_2nd_run/model2_10	excitement	0.36357763409614563	0.36357763409614563	0.26500001549720764	0.22164201736450195	0.07572690397500992	0.018749525770545006	0.007961293682456017	0.011274595744907856	0.010253327898681164	0.007442953996360302	0.00555878272280097	0.006210165098309517	0.006602854933589697
893	joy	../final/models/models_2nd_run/model2_10	../final/models/models_2nd_run/model2_10	excitement	0.4866289794445038	0.4866289794445038	0.17600850760936737	0.20586977899074554	0.06338594853878021	0.019867299124598503	0.00905871856957674	0.008685814216732979	0.005750668700784445	0.007075929082930088	0.005311954766511917	0.006802090909332037	0.005554318428039551
894	anger	../final/models/models_2nd_run/model2_10	../final/models/models_2nd_run/model2_10	nervousness	0.7747532725334167	0.00883549451828003	0.011361858807504177	0.01826261542737484	0.014952938072383404	0.002237174892798066	0.006077752448618412	0.7747532725334167	0.015700694173574448	0.0085498271510005	0.005726743955165148	0.004969463683664799	0.12857219576835632
895	excitement	../final/models/models_2nd_run/model2_10	../final/models/models_2nd_run/model2_10	neutral	0.31281372904777527	0.17032966017723083	0.23342929780483246	0.31281372904777527	0.21453127264976501	0.013418640941381454	0.006924762390553951	0.009111878462135792	0.013306028209626675	0.008920690976083279	0.007807867135852575	0.005058197770267725	0.0043479399755597115
896	excitement	../final/models/models_2nd_run/model2_10	../final/models/models_2nd_run/model2_10	excitement	0.4055606424808502	0.4055606424808502	0.2749975621700287	0.20453324913978577	0.04822942614555359	0.02817770652472973	0.0091301454231143	0.004323869943618774	0.0060784220695495605	0.005139227025210857	0.005958149209618568	0.004574342165142298	0.0032972628250718117
897	pride	../final/models/models_2nd_run/model2_10	../final/models/models_2nd_run/model2_10	neutral	0.27825191617012024	0.2568051218986511	0.1366366595029831	0.27825191617012024	0.24045497179031372	0.02614480070769787	0.010083487257361412	0.01425766572356224	0.008215195499360561	0.009308436885476112	0.008141747675836086	0.005166458897292614	0.006533595267683268
898	disgust	../final/models/models_2nd_run/model2_10	../final/models/models_2nd_run/model2_10	disgust	0.38016921281814575	0.004761528689414263	0.008076750673353672	0.025873776525259018	0.007330742664635181	0.0039228275418281555	0.014277756214141846	0.14544659852981567	0.07352776825428009	0.09604037553071976	0.011020396836102009	0.38016921281814575	0.2295522689819336
899	joy	../final/models/models_2nd_run/model2_10	../final/models/models_2nd_run/model2_10	neutral	0.3512948155403137	0.18511182069778442	0.15768346190452576	0.3512948155403137	0.21567855775356293	0.01722593978047371	0.009351871907711029	0.01698305644094944	0.00813375785946846	0.013124446384608746	0.010862373746931553	0.008389102295041084	0.0061607975512743
900	sadness	../final/models/models_2nd_run/model2_10	../final/models/models_2nd_run/model2_10	sadness	0.29048752784729004	0.03762290999293327	0.05660773441195488	0.20645952224731445	0.0946410745382309	0.011213885620236397	0.013681916519999504	0.17791211605072021	0.29048752784729004	0.045104868710041046	0.010139744728803635	0.010798686183989048	0.045330021530389786
901	joy	../final/models/models_2nd_run/model2_10	../final/models/models_2nd_run/model2_10	joy	0.5051568746566772	0.21919050812721252	0.5051568746566772	0.1660090684890747	0.06776008754968643	0.009472929872572422	0.004355821292847395	0.0057954867370426655	0.007204209454357624	0.004009276162832975	0.004358185455203056	0.003459846368059516	0.003227697452530265
902	surprise	../final/models/models_2nd_run/model2_10	../final/models/models_2nd_run/model2_10	joy	0.42727604508399963	0.12847647070884705	0.42727604508399963	0.3318735361099243	0.051616523414850235	0.014559268951416016	0.00860180240124464	0.007820886559784412	0.008472563698887825	0.004979544784873724	0.00531162042170763	0.005880746059119701	0.005131031386554241
903	nervousness	../final/models/models_2nd_run/model2_10	../final/models/models_2nd_run/model2_10	nervousness	0.274970680475235	0.20662055909633636	0.0424889512360096	0.13072244822978973	0.046577174216508865	0.01946508139371872	0.012447906658053398	0.274970680475235	0.08486668765544891	0.05206674337387085	0.01681567169725895	0.035598691552877426	0.0773593932390213
904	neutral	../final/models/models_2nd_run/model2_10	../final/models/models_2nd_run/model2_10	excitement	0.33378905057907104	0.33378905057907104	0.1746770143508911	0.18351300060749054	0.24779000878334045	0.015198757871985435	0.006427940912544727	0.010088167153298855	0.00665627233684063	0.007532844319939613	0.006327702663838863	0.003926519304513931	0.004072723910212517
905	excitement	../final/models/models_2nd_run/model2_10	../final/models/models_2nd_run/model2_10	excitement	0.6182029843330383	0.6182029843330383	0.22229138016700745	0.10029909014701843	0.018539462238550186	0.017086628824472427	0.005284102633595467	0.0027725875843316317	0.0032014937605708838	0.0026836625766009092	0.003965273499488831	0.003068848978728056	0.002604525536298752
906	pride	../final/models/models_2nd_run/model2_10	../final/models/models_2nd_run/model2_10	pride	0.7279695272445679	0.0589146614074707	0.06759783625602722	0.07980598509311676	0.7279695272445679	0.006217887159436941	0.00629830127581954	0.017098024487495422	0.006807892583310604	0.014268043451011181	0.007080711890012026	0.004089777357876301	0.003851433051750064
907	excitement	../final/models/models_2nd_run/model2_10	../final/models/models_2nd_run/model2_10	excitement	0.8067872524261475	0.8067872524261475	0.0774984359741211	0.0644804909825325	0.011080053634941578	0.01507275179028511	0.005086387041956186	0.004098509903997183	0.003118259832262993	0.0023930552415549755	0.0038396953605115414	0.002847295254468918	0.0036977685522288084
908	nervousness	../final/models/models_2nd_run/model2_10	../final/models/models_2nd_run/model2_10	neutral	0.3554275631904602	0.18165485560894012	0.0662173181772232	0.3554275631904602	0.1775071918964386	0.01586339995265007	0.028352273628115654	0.084757961332798	0.020908789709210396	0.01788865402340889	0.014022571966052055	0.009769914671778679	0.027629492804408073
909	neutral	../final/models/models_2nd_run/model2_10	../final/models/models_2nd_run/model2_10	joy	0.32800281047821045	0.1322493553161621	0.32800281047821045	0.2821296453475952	0.18961380422115326	0.01087686512619257	0.0057631973177194595	0.01176558155566454	0.015784505754709244	0.007919425144791603	0.006787145510315895	0.005001084413379431	0.004106556065380573
910	joy	../final/models/models_2nd_run/model2_10	../final/models/models_2nd_run/model2_10	joy	0.29513025283813477	0.25407278537750244	0.29513025283813477	0.28550803661346436	0.09085313975811005	0.020823191851377487	0.005931078922003508	0.00854505505412817	0.011439891532063484	0.007954849861562252	0.007817497476935387	0.0067228469997644424	0.005201386287808418
911	pride	../final/models/models_2nd_run/model2_10	../final/models/models_2nd_run/model2_10	pride	0.8440192937850952	0.02603183314204216	0.028808416798710823	0.03717992082238197	0.8440192937850952	0.00445553520694375	0.005883738398551941	0.015480446629226208	0.0040090810507535934	0.020693454891443253	0.006680530961602926	0.003506139386445284	0.0032517036888748407
912	neutral	../final/models/models_2nd_run/model2_10	../final/models/models_2nd_run/model2_10	neutral	0.5608278512954712	0.07826265692710876	0.18408125638961792	0.5608278512954712	0.08362682163715363	0.010297665372490883	0.009752190671861172	0.027748016640543938	0.01189910527318716	0.007463193964213133	0.007620716001838446	0.006947140209376812	0.011473473161458969
913	joy	../final/models/models_2nd_run/model2_10	../final/models/models_2nd_run/model2_10	joy	0.3649807572364807	0.3279426395893097	0.3649807572364807	0.18946726620197296	0.06498302519321442	0.01748984307050705	0.00736500509083271	0.004979813005775213	0.005404461175203323	0.004099494777619839	0.004885090049356222	0.004535258747637272	0.0038673407398164272
914	joy	../final/models/models_2nd_run/model2_10	../final/models/models_2nd_run/model2_10	neutral	0.3837946057319641	0.16743482649326324	0.25111332535743713	0.3837946057319641	0.11862219870090485	0.017755325883626938	0.012612144462764263	0.012297453358769417	0.008738352917134762	0.00836974661797285	0.006438705138862133	0.006978421937674284	0.005844945088028908
915	joy	../final/models/models_2nd_run/model2_10	../final/models/models_2nd_run/model2_10	neutral	0.3969966173171997	0.17895705997943878	0.1365414559841156	0.3969966173171997	0.1947786659002304	0.02389197051525116	0.00865012314170599	0.014559289440512657	0.011524262838065624	0.012701515108346939	0.00849288422614336	0.006151887588202953	0.006754301022738218
916	confusion	../final/models/models_2nd_run/model2_10	../final/models/models_2nd_run/model2_10	surprise	0.9002586007118225	0.0627523809671402	0.007328725885599852	0.011765328235924244	0.0015919103752821684	0.9002586007118225	0.005531052127480507	0.0009166530799120665	0.001913665677420795	0.0025769267231225967	0.002135087503120303	0.0017590551869943738	0.0014706043293699622
917	neutral	../final/models/models_2nd_run/model2_10	../final/models/models_2nd_run/model2_10	pride	0.8423887491226196	0.025005752220749855	0.0300175491720438	0.037906013429164886	0.8423887491226196	0.004637804348021746	0.005971494130790234	0.01777440309524536	0.004517780616879463	0.016787998378276825	0.0073961298912763596	0.003942511975765228	0.0036537579726427794
918	neutral	../final/models/models_2nd_run/model2_10	../final/models/models_2nd_run/model2_10	neutral	0.5060928463935852	0.1023225262761116	0.2940795421600342	0.5060928463935852	0.03447148576378822	0.011840327642858028	0.01121220737695694	0.007722118403762579	0.007309865206480026	0.004356195218861103	0.006563268136233091	0.007721076253801584	0.006308478768914938
919	pride	../final/models/models_2nd_run/model2_10	../final/models/models_2nd_run/model2_10	joy	0.4693889319896698	0.2482328563928604	0.4693889319896698	0.20279665291309357	0.03629983589053154	0.01236629392951727	0.006997428368777037	0.004047831520438194	0.005020141135901213	0.003098009154200554	0.004826280288398266	0.0037342507857829332	0.003191455267369747
920	neutral	../final/models/models_2nd_run/model2_10	../final/models/models_2nd_run/model2_10	joy	0.32823389768600464	0.14573758840560913	0.32823389768600464	0.22362148761749268	0.24259614944458008	0.009306519292294979	0.007579810451716185	0.01173350028693676	0.008717909455299377	0.0070313336327672005	0.006650403141975403	0.004157808609306812	0.00463363341987133
921	excitement	../final/models/models_2nd_run/model2_10	../final/models/models_2nd_run/model2_10	excitement	0.7998315095901489	0.7998315095901489	0.07653701305389404	0.06751838326454163	0.0135567095130682	0.017082834616303444	0.005041912198066711	0.004057164769619703	0.0033036761451512575	0.0028521690983325243	0.0038452306762337685	0.0032123879063874483	0.003161022439599037
922	anger	../final/models/models_2nd_run/model2_10	../final/models/models_2nd_run/model2_10	disgust	0.6474918723106384	0.005621259566396475	0.0044037047773599625	0.03300778940320015	0.009158151224255562	0.009801574982702732	0.0050567626021802425	0.01912664994597435	0.02121567539870739	0.1632171869277954	0.06848222762346268	0.6474918723106384	0.013417169451713562
923	neutral	../final/models/models_2nd_run/model2_10	../final/models/models_2nd_run/model2_10	joy	0.4949917197227478	0.1475875973701477	0.4949917197227478	0.23554104566574097	0.05499567091464996	0.01698843389749527	0.008966164663434029	0.009338583797216415	0.012459653429687023	0.006094194948673248	0.0036454203072935343	0.004800558090209961	0.004590967204421759
924	joy	../final/models/models_2nd_run/model2_10	../final/models/models_2nd_run/model2_10	neutral	0.40840980410575867	0.13544508814811707	0.20850129425525665	0.40840980410575867	0.15284228324890137	0.017059123143553734	0.013893531635403633	0.022040288895368576	0.009667850099503994	0.010990353301167488	0.006284513045102358	0.006495349574834108	0.00837052520364523
925	neutral	../final/models/models_2nd_run/model2_10	../final/models/models_2nd_run/model2_10	neutral	0.32711395621299744	0.3003314137458801	0.1807701289653778	0.32711395621299744	0.0981704369187355	0.02867189608514309	0.010723641142249107	0.013223056681454182	0.008303885348141193	0.009845789521932602	0.00898588728159666	0.006902914959937334	0.006956972181797028
926	excitement	../final/models/models_2nd_run/model2_10	../final/models/models_2nd_run/model2_10	joy	0.4328773319721222	0.19322624802589417	0.4328773319721222	0.22128593921661377	0.10893412679433823	0.01045143324881792	0.004818016197532415	0.005484025459736586	0.006951387971639633	0.004570284392684698	0.004685864318162203	0.0038535345811396837	0.0028617531061172485
927	joy	../final/models/models_2nd_run/model2_10	../final/models/models_2nd_run/model2_10	neutral	0.5619028210639954	0.08148115128278732	0.19547037780284882	0.5619028210639954	0.10031783580780029	0.008413382805883884	0.010855098254978657	0.010475752875208855	0.006467991042882204	0.0063576227985322475	0.00689918315038085	0.006429816596210003	0.00492896931245923
928	pride	../final/models/models_2nd_run/model2_10	../final/models/models_2nd_run/model2_10	neutral	0.3843739926815033	0.13004034757614136	0.23306185007095337	0.3843739926815033	0.18195267021656036	0.013217919506132603	0.010724525898694992	0.011197599582374096	0.006767351645976305	0.008672569878399372	0.007819902151823044	0.007632123772054911	0.004539274610579014
929	neutral	../final/models/models_2nd_run/model2_10	../final/models/models_2nd_run/model2_10	neutral	0.3178293704986572	0.14157839119434357	0.17932215332984924	0.3178293704986572	0.26602330803871155	0.013286575675010681	0.010464305058121681	0.02644515410065651	0.00969355646520853	0.01338859461247921	0.008631116710603237	0.006158065982162952	0.007179402280598879
930	joy	../final/models/models_2nd_run/model2_10	../final/models/models_2nd_run/model2_10	neutral	0.3566308915615082	0.04148423671722412	0.07665238529443741	0.3566308915615082	0.057404618710279465	0.02063036523759365	0.024654937908053398	0.16519510746002197	0.10958337783813477	0.056555163115262985	0.012252617627382278	0.038512587547302246	0.040443744510412216
931	nervousness	../final/models/models_2nd_run/model2_10	../final/models/models_2nd_run/model2_10	nervousness	0.733073890209198	0.012123697437345982	0.015189817175269127	0.025980060920119286	0.017927926033735275	0.0026072105392813683	0.007742796093225479	0.733073890209198	0.016830969601869583	0.009151624515652657	0.005081121809780598	0.00539774214848876	0.14889311790466309
932	joy	../final/models/models_2nd_run/model2_10	../final/models/models_2nd_run/model2_10	neutral	0.5387916564941406	0.08089890331029892	0.1452600359916687	0.5387916564941406	0.14439035952091217	0.011083128862082958	0.014192304573953152	0.016088047996163368	0.013510426506400108	0.011877218261361122	0.008283494040369987	0.008582288399338722	0.0070421211421489716
933	pride	../final/models/models_2nd_run/model2_10	../final/models/models_2nd_run/model2_10	joy	0.556903600692749	0.2106570154428482	0.556903600692749	0.1679258793592453	0.025145890191197395	0.011079128831624985	0.005703886970877647	0.0035091498866677284	0.005153737962245941	0.0025174100883305073	0.004440997261554003	0.0038650159258395433	0.0030982468742877245
934	neutral	../final/models/models_2nd_run/model2_10	../final/models/models_2nd_run/model2_10	joy	0.40970098972320557	0.16211998462677002	0.40970098972320557	0.24846310913562775	0.12301652133464813	0.0121432114392519	0.006540670525282621	0.009525422938168049	0.008202086202800274	0.006207095459103584	0.005008392035961151	0.004667206201702356	0.004405325744301081
935	neutral	../final/models/models_2nd_run/model2_10	../final/models/models_2nd_run/model2_10	neutral	0.34420615434646606	0.20523153245449066	0.2553688585758209	0.34420615434646606	0.12303552776575089	0.017432883381843567	0.013834207318723202	0.009862968698143959	0.007842146791517735	0.008027159608900547	0.0061310166493058205	0.00479656970128417	0.00423090998083353
936	pride	../final/models/models_2nd_run/model2_10	../final/models/models_2nd_run/model2_10	neutral	0.4793798327445984	0.09152345359325409	0.07222612202167511	0.4793798327445984	0.2238939255475998	0.01477802637964487	0.008784223347902298	0.033074717968702316	0.02012058161199093	0.020055053755640984	0.015432650223374367	0.011067702434957027	0.009663678705692291
937	nervousness	../final/models/models_2nd_run/model2_10	../final/models/models_2nd_run/model2_10	nervousness	0.5771702527999878	0.007654914166778326	0.010871358215808868	0.015283264219760895	0.007846039719879627	0.002463471842929721	0.007228334434330463	0.5771702527999878	0.015225198119878769	0.00641010282561183	0.004347409121692181	0.00727394362911582	0.3382256329059601
938	joy	../final/models/models_2nd_run/model2_10	../final/models/models_2nd_run/model2_10	pride	0.27942946553230286	0.21473363041877747	0.2094421237707138	0.2207420915365219	0.27942946553230286	0.019370462745428085	0.007689397782087326	0.011859805323183537	0.00805097259581089	0.01139077264815569	0.006898962426930666	0.0056891972199082375	0.004703113809227943
939	excitement	../final/models/models_2nd_run/model2_10	../final/models/models_2nd_run/model2_10	excitement	0.42323729395866394	0.42323729395866394	0.35324129462242126	0.1444758027791977	0.03530457615852356	0.0136431148275733	0.006868990138173103	0.003508783644065261	0.005090638063848019	0.003076432505622506	0.004758797585964203	0.003981972113251686	0.002812327118590474
940	excitement	../final/models/models_2nd_run/model2_10	../final/models/models_2nd_run/model2_10	joy	0.45764803886413574	0.2739018201828003	0.45764803886413574	0.16657041013240814	0.05532263219356537	0.014874300919473171	0.006456069182604551	0.005179892759770155	0.005634314846247435	0.003720357548445463	0.0038887616246938705	0.003545665880665183	0.0032577563542872667
941	joy	../final/models/models_2nd_run/model2_10	../final/models/models_2nd_run/model2_10	joy	0.531425416469574	0.1664302945137024	0.531425416469574	0.20829427242279053	0.03792496398091316	0.016472619026899338	0.00547642121091485	0.00557256443426013	0.012979481369256973	0.004208222031593323	0.003682829439640045	0.00427856994792819	0.0032544105779379606
942	excitement	../final/models/models_2nd_run/model2_10	../final/models/models_2nd_run/model2_10	joy	0.31200045347213745	0.14421653747558594	0.31200045347213745	0.30293789505958557	0.16295939683914185	0.01295966561883688	0.012600735761225224	0.013396813534200191	0.008783867582678795	0.010505832731723785	0.006945702712982893	0.007548283785581589	0.005144741851836443
943	pride	../final/models/models_2nd_run/model2_10	../final/models/models_2nd_run/model2_10	excitement	0.28286969661712646	0.28286969661712646	0.14146432280540466	0.27231353521347046	0.17221415042877197	0.03913566842675209	0.01083185151219368	0.022856730967760086	0.00930086337029934	0.020391350612044334	0.008268813602626324	0.010005461052060127	0.0103474585339427
944	excitement	../final/models/models_2nd_run/model2_10	../final/models/models_2nd_run/model2_10	neutral	0.3577888607978821	0.12884148955345154	0.15207919478416443	0.3577888607978821	0.2439129799604416	0.013252711854875088	0.013874498195946217	0.03226802125573158	0.017184214666485786	0.014865806326270103	0.008643027395009995	0.00762918358668685	0.009659959934651852
945	joy	../final/models/models_2nd_run/model2_10	../final/models/models_2nd_run/model2_10	neutral	0.38362622261047363	0.07369516044855118	0.13355876505374908	0.38362622261047363	0.22926555573940277	0.014105924405157566	0.01363908126950264	0.05120690166950226	0.041275519877672195	0.027428340166807175	0.008841749280691147	0.008137388154864311	0.015219470486044884
946	neutral	../final/models/models_2nd_run/model2_10	../final/models/models_2nd_run/model2_10	neutral	0.43147653341293335	0.1487388014793396	0.2669210135936737	0.43147653341293335	0.08069325238466263	0.017282074317336082	0.009609360247850418	0.009163510985672474	0.009052319452166557	0.0078200064599514	0.007573348004370928	0.006900150794535875	0.004769700113683939
947	neutral	../final/models/models_2nd_run/model2_10	../final/models/models_2nd_run/model2_10	fear	0.4091213643550873	0.06539010256528854	0.19623567163944244	0.14489008486270905	0.0066758147440850735	0.014945140108466148	0.012818964198231697	0.03608781471848488	0.029698386788368225	0.007844123989343643	0.007345638237893581	0.0689469650387764	0.4091213643550873
948	pride	../final/models/models_2nd_run/model2_10	../final/models/models_2nd_run/model2_10	neutral	0.3500198721885681	0.16514989733695984	0.12482298165559769	0.3500198721885681	0.2616805136203766	0.013129654340445995	0.010346806608140469	0.027975283563137054	0.010753344744443893	0.012609842233359814	0.008247843943536282	0.0056067262776196	0.009657279588282108
949	surprise	../final/models/models_2nd_run/model2_10	../final/models/models_2nd_run/model2_10	pride	0.2824751138687134	0.10087469220161438	0.1815095841884613	0.24582427740097046	0.2824751138687134	0.01702279970049858	0.008823104202747345	0.05911240354180336	0.03906410187482834	0.03559219464659691	0.008339227177202702	0.009456966072320938	0.011905456893146038
950	pride	../final/models/models_2nd_run/model2_10	../final/models/models_2nd_run/model2_10	joy	0.31386837363243103	0.3115573227405548	0.31386837363243103	0.22635135054588318	0.08192563056945801	0.019639255478978157	0.009079146198928356	0.0071497890166938305	0.007411749102175236	0.007774801924824715	0.004730731714516878	0.00613202853128314	0.004379854071885347
951	nervousness	../final/models/models_2nd_run/model2_10	../final/models/models_2nd_run/model2_10	nervousness	0.30447396636009216	0.010198185220360756	0.013848818838596344	0.08523820340633392	0.026164686307311058	0.004088467452675104	0.009084166027605534	0.30447396636009216	0.25472304224967957	0.08466719835996628	0.031701356172561646	0.0935162901878357	0.08229567110538483
952	pride	../final/models/models_2nd_run/model2_10	../final/models/models_2nd_run/model2_10	neutral	0.2980453073978424	0.18909379839897156	0.17165718972682953	0.2980453073978424	0.2662889063358307	0.01984320767223835	0.007926327176392078	0.010019701905548573	0.008680100552737713	0.009931333363056183	0.007987664081156254	0.006155623588711023	0.004370855633169413
953	neutral	../final/models/models_2nd_run/model2_10	../final/models/models_2nd_run/model2_10	nervousness	0.6328374743461609	0.03654232248663902	0.03765298053622246	0.06593673676252365	0.04126349464058876	0.00546279875561595	0.01144095603376627	0.6328374743461609	0.02330382913351059	0.012198739685118198	0.005145563744008541	0.004330681171268225	0.12388446927070618
954	excitement	../final/models/models_2nd_run/model2_10	../final/models/models_2nd_run/model2_10	pride	0.8315158486366272	0.030609117820858955	0.038819264620542526	0.04108136519789696	0.8315158486366272	0.004952986724674702	0.006090342998504639	0.013900072313845158	0.0039527518674731255	0.01691177301108837	0.005920982453972101	0.0033302793744951487	0.0029152336064726114
955	joy	../final/models/models_2nd_run/model2_10	../final/models/models_2nd_run/model2_10	neutral	0.4949575662612915	0.13196399807929993	0.20666657388210297	0.4949575662612915	0.09470326453447342	0.013742875307798386	0.012677082791924477	0.010244828648865223	0.009990272112190723	0.007371684070676565	0.007774678990244865	0.005241841543465853	0.0046653239987790585
956	pride	../final/models/models_2nd_run/model2_10	../final/models/models_2nd_run/model2_10	excitement	0.5882440209388733	0.5882440209388733	0.15647824108600616	0.15455977618694305	0.0458107553422451	0.018057046458125114	0.007251875940710306	0.0070378039963543415	0.004508924204856157	0.004412421025335789	0.004931306000798941	0.004366889130324125	0.004341012332588434
957	excitement	../final/models/models_2nd_run/model2_10	../final/models/models_2nd_run/model2_10	joy	0.37383806705474854	0.21071726083755493	0.37383806705474854	0.27615034580230713	0.07425612956285477	0.016464687883853912	0.010971738025546074	0.008107403293251991	0.008440687321126461	0.006559836212545633	0.0052103823982179165	0.005213165655732155	0.0040703727863729
958	joy	../final/models/models_2nd_run/model2_10	../final/models/models_2nd_run/model2_10	joy	0.3774774968624115	0.26781344413757324	0.3774774968624115	0.2570568919181824	0.047386348247528076	0.015151738189160824	0.00863431952893734	0.00467712664976716	0.005419387482106686	0.003751545213162899	0.005121645051985979	0.004151461645960808	0.0033586102072149515
959	surprise	../final/models/models_2nd_run/model2_10	../final/models/models_2nd_run/model2_10	neutral	0.3373692035675049	0.24246735870838165	0.20948576927185059	0.3373692035675049	0.1155228316783905	0.02237889915704727	0.015232154168188572	0.01221802644431591	0.009745839983224869	0.012991010211408138	0.006188511848449707	0.010057920590043068	0.006342404522001743
960	excitement	../final/models/models_2nd_run/model2_10	../final/models/models_2nd_run/model2_10	sadness	0.20249368250370026	0.04900028184056282	0.09844211488962173	0.17679908871650696	0.15906935930252075	0.020197562873363495	0.01613917201757431	0.10293585807085037	0.20249368250370026	0.13462765514850616	0.010595780797302723	0.015838827937841415	0.013860552571713924
961	nervousness	../final/models/models_2nd_run/model2_10	../final/models/models_2nd_run/model2_10	neutral	0.3898695111274719	0.1213899701833725	0.10469116270542145	0.3898695111274719	0.24329636991024017	0.014405851252377033	0.019638311117887497	0.04383780434727669	0.015504986979067326	0.015667129307985306	0.010836010798811913	0.007280005607753992	0.01358291506767273
962	neutral	../final/models/models_2nd_run/model2_10	../final/models/models_2nd_run/model2_10	joy	0.6029323935508728	0.15426300466060638	0.6029323935508728	0.17416495084762573	0.0219603031873703	0.011826632544398308	0.005658792331814766	0.0050747510977089405	0.007107611745595932	0.0031151240691542625	0.00484453747048974	0.004950734321027994	0.004101092461496592
963	surprise	../final/models/models_2nd_run/model2_10	../final/models/models_2nd_run/model2_10	neutral	0.4855763614177704	0.0458393469452858	0.10063856095075607	0.4855763614177704	0.11463017016649246	0.023862117901444435	0.05943034216761589	0.06252456456422806	0.03573030233383179	0.03349800780415535	0.008160967379808426	0.012783816084265709	0.01732543483376503
964	joy	../final/models/models_2nd_run/model2_10	../final/models/models_2nd_run/model2_10	joy	0.35194525122642517	0.16185729205608368	0.35194525122642517	0.21624472737312317	0.1508994996547699	0.01597321219742298	0.008828748017549515	0.036013904958963394	0.022881487384438515	0.014227348379790783	0.004924627486616373	0.006652554031461477	0.009551343508064747
965	confusion	../final/models/models_2nd_run/model2_10	../final/models/models_2nd_run/model2_10	joy	0.27862226963043213	0.10039430856704712	0.27862226963043213	0.25509047508239746	0.1872655153274536	0.012738993391394615	0.010282851755619049	0.04678625985980034	0.04386662691831589	0.018516283482313156	0.023510826751589775	0.015391385182738304	0.007534101605415344
966	joy	../final/models/models_2nd_run/model2_10	../final/models/models_2nd_run/model2_10	confusion	0.9465202689170837	0.0022674337960779667	0.003047667210921645	0.026738012209534645	0.0020466847345232964	0.0051155188120901585	0.9465202689170837	0.003335080109536648	0.002305995672941208	0.001983135938644409	0.0027525187470018864	0.0013109579449519515	0.002576693193987012
967	pride	../final/models/models_2nd_run/model2_10	../final/models/models_2nd_run/model2_10	pride	0.8365007638931274	0.037116795778274536	0.04236774519085884	0.036103539168834686	0.8365007638931274	0.0048171342350542545	0.005477807950228453	0.012429840862751007	0.003697324311360717	0.010449536144733429	0.005519256927073002	0.0027949034702032804	0.002725285943597555
968	nervousness	../final/models/models_2nd_run/model2_10	../final/models/models_2nd_run/model2_10	pride	0.7335234880447388	0.047976382076740265	0.04334111511707306	0.053828150033950806	0.7335234880447388	0.005923055112361908	0.008513250388205051	0.04877110570669174	0.008144221268594265	0.032599881291389465	0.006319949869066477	0.00412030378356576	0.006939108017832041
969	excitement	../final/models/models_2nd_run/model2_10	../final/models/models_2nd_run/model2_10	pride	0.7502852082252502	0.08490946888923645	0.05518566444516182	0.05416667088866234	0.7502852082252502	0.006538419518619776	0.0056251720525324345	0.013695571571588516	0.004566067364066839	0.011992311105132103	0.006421571597456932	0.00339199835434556	0.0032218066044151783
970	pride	../final/models/models_2nd_run/model2_10	../final/models/models_2nd_run/model2_10	joy	0.5014723539352417	0.2553328275680542	0.5014723539352417	0.18369759619235992	0.024114081636071205	0.009757391177117825	0.004316659644246101	0.003358924062922597	0.0051433732733130455	0.0023252724204212427	0.004260713700205088	0.0031738877296447754	0.003046841826289892
971	sadness	../final/models/models_2nd_run/model2_10	../final/models/models_2nd_run/model2_10	sadness	0.3718588054180145	0.046526674181222916	0.11355605721473694	0.1840694397687912	0.06057710945606232	0.015495740808546543	0.018322540447115898	0.09550619125366211	0.3718588054180145	0.0488198846578598	0.006966051179915667	0.014797029085457325	0.023504512384533882
972	joy	../final/models/models_2nd_run/model2_10	../final/models/models_2nd_run/model2_10	nervousness	0.30503103137016296	0.03440125286579132	0.046270012855529785	0.18537309765815735	0.041961636394262314	0.012601613067090511	0.017495756968855858	0.30503103137016296	0.13574326038360596	0.05984119325876236	0.011090450920164585	0.029955130070447922	0.1202356293797493
973	confusion	../final/models/models_2nd_run/model2_10	../final/models/models_2nd_run/model2_10	excitement	0.8222997784614563	0.8222997784614563	0.05694495514035225	0.06183914840221405	0.008925937116146088	0.025314802303910255	0.004200994502753019	0.0035558196250349283	0.003156881546601653	0.0024193329736590385	0.004293352365493774	0.0030364340636879206	0.004012580960988998
974	excitement	../final/models/models_2nd_run/model2_10	../final/models/models_2nd_run/model2_10	joy	0.3664436638355255	0.17779262363910675	0.3664436638355255	0.1889219433069229	0.18690890073776245	0.012546410784125328	0.008876748383045197	0.01776221953332424	0.014590458944439888	0.010439650155603886	0.005262776743620634	0.004921594634652138	0.00553302513435483
975	pride	../final/models/models_2nd_run/model2_10	../final/models/models_2nd_run/model2_10	confusion	0.34295088052749634	0.08753442764282227	0.07937958836555481	0.334471732378006	0.07639510184526443	0.027456525713205338	0.34295088052749634	0.014371956698596478	0.007721216417849064	0.008537011221051216	0.01006403286010027	0.004705879837274551	0.006411520764231682
976	pride	../final/models/models_2nd_run/model2_10	../final/models/models_2nd_run/model2_10	excitement	0.36857327818870544	0.36857327818870544	0.3272121846675873	0.16832764446735382	0.0730377808213234	0.019372055307030678	0.00579005666077137	0.007391905877739191	0.013127651065587997	0.006174873560667038	0.003748208750039339	0.0036173274274915457	0.0036270238924771547
977	joy	../final/models/models_2nd_run/model2_10	../final/models/models_2nd_run/model2_10	pride	0.26654648780822754	0.17015881836414337	0.2205047309398651	0.2168603241443634	0.26654648780822754	0.024216772988438606	0.007017844822257757	0.02080671675503254	0.03425455465912819	0.019726362079381943	0.007087042089551687	0.00642048753798008	0.006399855948984623
978	excitement	../final/models/models_2nd_run/model2_10	../final/models/models_2nd_run/model2_10	excitement	0.43250080943107605	0.43250080943107605	0.2439487874507904	0.21855054795742035	0.037191588431596756	0.02768257074058056	0.006080346647650003	0.004376196768134832	0.007950834929943085	0.00611470453441143	0.006454016547650099	0.005577974487096071	0.003571672597900033
979	joy	../final/models/models_2nd_run/model2_10	../final/models/models_2nd_run/model2_10	anger	0.479109525680542	0.006062608677893877	0.007123035844415426	0.1455213725566864	0.016043828800320625	0.0036235684528946877	0.005102852825075388	0.015855029225349426	0.025997845456004143	0.029524682089686394	0.479109525680542	0.2595858871936798	0.006449724081903696
980	confusion	../final/models/models_2nd_run/model2_10	../final/models/models_2nd_run/model2_10	neutral	0.5223573446273804	0.067722387611866	0.05595208704471588	0.5223573446273804	0.09657097607851028	0.01635751873254776	0.03453098237514496	0.09837089478969574	0.028776057064533234	0.02266332507133484	0.013860671781003475	0.012213786132633686	0.03062402456998825
981	joy	../final/models/models_2nd_run/model2_10	../final/models/models_2nd_run/model2_10	joy	0.402282178401947	0.2692745327949524	0.402282178401947	0.1688930094242096	0.12027017772197723	0.00884970836341381	0.00476148072630167	0.005148704629391432	0.005528952926397324	0.0039967261254787445	0.004883408546447754	0.0033682924695312977	0.0027428390458226204
982	pride	../final/models/models_2nd_run/model2_10	../final/models/models_2nd_run/model2_10	neutral	0.3202028274536133	0.1528986543416977	0.3112253248691559	0.3202028274536133	0.14828111231327057	0.016697634011507034	0.009447416290640831	0.009325585328042507	0.0066475593484938145	0.007472523488104343	0.007069093640893698	0.006448014639317989	0.0042842356488108635
983	excitement	../final/models/models_2nd_run/model2_10	../final/models/models_2nd_run/model2_10	excitement	0.7076649069786072	0.7076649069786072	0.10873334109783173	0.10070066899061203	0.029318105429410934	0.01799849607050419	0.005165835842490196	0.009820348583161831	0.006288173142820597	0.004018241073936224	0.0032802685163915157	0.0023528849706053734	0.004658726043999195
984	joy	../final/models/models_2nd_run/model2_10	../final/models/models_2nd_run/model2_10	pride	0.2935871481895447	0.11761368811130524	0.22065436840057373	0.2838972508907318	0.2935871481895447	0.011138488538563251	0.013233660720288754	0.017467889934778214	0.008212544023990631	0.013259286060929298	0.008390606380999088	0.007079432252794504	0.005465586204081774
985	neutral	../final/models/models_2nd_run/model2_10	../final/models/models_2nd_run/model2_10	joy	0.3546225428581238	0.23158125579357147	0.3546225428581238	0.28729796409606934	0.04770182445645332	0.021770602092146873	0.012878326699137688	0.007512229960411787	0.008219964802265167	0.0056892759166657925	0.007422338239848614	0.008919734507799149	0.006384012755006552
986	pride	../final/models/models_2nd_run/model2_10	../final/models/models_2nd_run/model2_10	neutral	0.3264244794845581	0.21395297348499298	0.2649429440498352	0.3264244794845581	0.0981774777173996	0.02379147708415985	0.022715630009770393	0.007850706577301025	0.007691836915910244	0.009356435388326645	0.00860452651977539	0.011400183662772179	0.005091359373182058
987	excitement	../final/models/models_2nd_run/model2_10	../final/models/models_2nd_run/model2_10	pride	0.46459805965423584	0.07746943831443787	0.07797252386808395	0.20898321270942688	0.46459805965423584	0.013889557681977749	0.011067955754697323	0.060230523347854614	0.014026263728737831	0.03895116224884987	0.013265394605696201	0.00841734278947115	0.01112863514572382
988	neutral	../final/models/models_2nd_run/model2_10	../final/models/models_2nd_run/model2_10	excitement	0.8062468767166138	0.8062468767166138	0.07360956072807312	0.06929150968790054	0.012228628620505333	0.016233079135417938	0.00374239357188344	0.004063325934112072	0.003090295474976301	0.0023931339383125305	0.0034231776371598244	0.0024715906474739313	0.003206477500498295
989	joy	../final/models/models_2nd_run/model2_10	../final/models/models_2nd_run/model2_10	excitement	0.7424537539482117	0.7424537539482117	0.12425819039344788	0.07031796872615814	0.021849965676665306	0.02139103040099144	0.003037091577425599	0.003149653784930706	0.003504701890051365	0.0026513361372053623	0.002135386923328042	0.002186049008741975	0.003064874093979597
990	pride	../final/models/models_2nd_run/model2_10	../final/models/models_2nd_run/model2_10	pride	0.37232378125190735	0.11816705763339996	0.18085739016532898	0.234196737408638	0.37232378125190735	0.01317088957875967	0.00812715943902731	0.022254904732108116	0.015183011069893837	0.013860446400940418	0.00927511416375637	0.00600820779800415	0.006575325038284063
991	neutral	../final/models/models_2nd_run/model2_10	../final/models/models_2nd_run/model2_10	excitement	0.42597439885139465	0.42597439885139465	0.263734370470047	0.15051524341106415	0.10268033295869827	0.020108744502067566	0.0057938843965530396	0.00578039325773716	0.007279498968273401	0.005265417043119669	0.005404321942478418	0.003378133289515972	0.004085300490260124
992	joy	../final/models/models_2nd_run/model2_10	../final/models/models_2nd_run/model2_10	joy	0.45575445890426636	0.2668941617012024	0.45575445890426636	0.19870714843273163	0.03524530306458473	0.013804006390273571	0.006570699159055948	0.003918394446372986	0.005123193375766277	0.0030545371118932962	0.0038778106682002544	0.0037746296729892492	0.003275686874985695
993	pride	../final/models/models_2nd_run/model2_10	../final/models/models_2nd_run/model2_10	pride	0.31422001123428345	0.09858615696430206	0.19384582340717316	0.28062406182289124	0.31422001123428345	0.013661446049809456	0.01850241795182228	0.027742918580770493	0.013065177947282791	0.016193518415093422	0.007849067449569702	0.008576208725571632	0.007133106235414743
994	neutral	../final/models/models_2nd_run/model2_10	../final/models/models_2nd_run/model2_10	neutral	0.47895270586013794	0.16019052267074585	0.20119605958461761	0.47895270586013794	0.07605951279401779	0.020495031028985977	0.016194453462958336	0.008125744760036469	0.00810275413095951	0.008890999481081963	0.006893063895404339	0.009063104167580605	0.005836136173456907
995	excitement	../final/models/models_2nd_run/model2_10	../final/models/models_2nd_run/model2_10	pride	0.8110330700874329	0.04438368231058121	0.051838599145412445	0.04042357951402664	0.8110330700874329	0.005665414966642857	0.006205375771969557	0.013448972254991531	0.0038944771513342857	0.01167900301516056	0.005506014451384544	0.0030146322678774595	0.0029071825556457043
996	neutral	../final/models/models_2nd_run/model2_10	../final/models/models_2nd_run/model2_10	neutral	0.3661583662033081	0.13396944105625153	0.11055101454257965	0.3661583662033081	0.09862856566905975	0.11169331520795822	0.03433671593666077	0.04255882650613785	0.01671295054256916	0.047860193997621536	0.006351002492010593	0.015278651379048824	0.01590084284543991
997	joy	../final/models/models_2nd_run/model2_10	../final/models/models_2nd_run/model2_10	joy	0.4350888133049011	0.3034660518169403	0.4350888133049011	0.16817128658294678	0.03365064039826393	0.02695329114794731	0.008103340864181519	0.004238542634993792	0.005574018228799105	0.0041240910068154335	0.0037428915966302156	0.0035963966511189938	0.003290620632469654
998	pride	../final/models/models_2nd_run/model2_10	../final/models/models_2nd_run/model2_10	joy	0.3406929075717926	0.18673865497112274	0.3406929075717926	0.28671005368232727	0.1215633675456047	0.015934420749545097	0.011975209228694439	0.008109340444207191	0.005204095970839262	0.005509586073458195	0.007179104257375002	0.0063564651645720005	0.004026828333735466
999	nervousness	../final/models/models_2nd_run/model2_10	../final/models/models_2nd_run/model2_10	nervousness	0.3325033485889435	0.008488807827234268	0.019760649651288986	0.04918019846081734	0.013047788292169571	0.009588264860212803	0.21504661440849304	0.3325033485889435	0.2019951045513153	0.04327564314007759	0.006121490616351366	0.012506355531513691	0.08848582208156586
1000	joy	../final/models/models_2nd_run/model2_10	../final/models/models_2nd_run/model2_10	excitement	0.3839843273162842	0.3839843273162842	0.2495368868112564	0.2485521137714386	0.03750603646039963	0.033888112753629684	0.011109060607850552	0.0037448713555932045	0.006339574698358774	0.00583938742056489	0.006442553363740444	0.008516937494277954	0.004540149122476578
1001	excitement	../final/models/models_2nd_run/model2_10	../final/models/models_2nd_run/model2_10	excitement	0.49141010642051697	0.49141010642051697	0.2488510012626648	0.1697223037481308	0.027909405529499054	0.02368294633924961	0.008809508755803108	0.0036613340489566326	0.005858832970261574	0.004061514511704445	0.005969965364784002	0.005851688329130411	0.004211383871734142
1002	pride	../final/models/models_2nd_run/model2_10	../final/models/models_2nd_run/model2_10	neutral	0.544132649898529	0.09430846571922302	0.1271447241306305	0.544132649898529	0.11535676568746567	0.012734675779938698	0.014440554194152355	0.035720568150281906	0.012190570123493671	0.011922573670744896	0.008337852545082569	0.008820218965411186	0.014890373684465885
1003	excitement	../final/models/models_2nd_run/model2_10	../final/models/models_2nd_run/model2_10	joy	0.4167475998401642	0.18969857692718506	0.4167475998401642	0.2184102088212967	0.11380820721387863	0.013882089406251907	0.00898862536996603	0.010266928002238274	0.007562774233520031	0.005901395343244076	0.005366890225559473	0.004979435820132494	0.00438728928565979
1004	neutral	../final/models/models_2nd_run/model2_10	../final/models/models_2nd_run/model2_10	neutral	0.4834984838962555	0.08158139139413834	0.1353784203529358	0.4834984838962555	0.14495980739593506	0.019661761820316315	0.016610851511359215	0.04259214177727699	0.02103644609451294	0.02003992162644863	0.01069450844079256	0.01131411548703909	0.012632139958441257
1005	pride	../final/models/models_2nd_run/model2_10	../final/models/models_2nd_run/model2_10	neutral	0.3491653501987457	0.10628227144479752	0.2214781939983368	0.3491653501987457	0.21982493996620178	0.013360673561692238	0.01302151009440422	0.02364605851471424	0.01673373207449913	0.012478560209274292	0.008777143433690071	0.008227560669183731	0.007003961130976677
1006	sadness	../final/models/models_2nd_run/model2_10	../final/models/models_2nd_run/model2_10	disgust	0.7524568438529968	0.0018104066839441657	0.002915801014751196	0.024382181465625763	0.0030964715406298637	0.0018110423116013408	0.005325718782842159	0.03537694737315178	0.041134025901556015	0.020771624520421028	0.07050788402557373	0.7524568438529968	0.04041113704442978
1007	excitement	../final/models/models_2nd_run/model2_10	../final/models/models_2nd_run/model2_10	joy	0.3996866047382355	0.2502213418483734	0.3996866047382355	0.21737025678157806	0.08706164360046387	0.010422807186841965	0.004870736505836248	0.005411787889897823	0.008042190223932266	0.004186655860394239	0.005526709835976362	0.004106557462364435	0.003092685015872121
1008	pride	../final/models/models_2nd_run/model2_10	../final/models/models_2nd_run/model2_10	pride	0.7260113954544067	0.05774309113621712	0.07617229968309402	0.07579550892114639	0.7260113954544067	0.006257758941501379	0.006868613883852959	0.01705564185976982	0.00557685736566782	0.013680481351912022	0.006892540957778692	0.004117161501199007	0.003828705521300435
1009	surprise	../final/models/models_2nd_run/model2_10	../final/models/models_2nd_run/model2_10	excitement	0.6871268153190613	0.6871268153190613	0.17133651673793793	0.07630274444818497	0.026495156809687614	0.0190142635256052	0.0036168601363897324	0.002890286035835743	0.0032211337238550186	0.0023562407586723566	0.002592775970697403	0.002221533330157399	0.0028255777433514595
1010	excitement	../final/models/models_2nd_run/model2_10	../final/models/models_2nd_run/model2_10	neutral	0.4072344899177551	0.12488942593336105	0.10892987251281738	0.4072344899177551	0.22186164557933807	0.03137476369738579	0.015683837234973907	0.02564576454460621	0.014564871788024902	0.018557120114564896	0.010781768709421158	0.009348180145025253	0.011128273792564869
1011	embarrassment	../final/models/models_2nd_run/model2_10	../final/models/models_2nd_run/model2_10	neutral	0.3359844386577606	0.09179657697677612	0.10568150132894516	0.3359844386577606	0.2872394025325775	0.011349707841873169	0.01894962787628174	0.06452997773885727	0.02134949155151844	0.023884406313300133	0.010826987214386463	0.008998042903840542	0.019409913569688797
1012	neutral	../final/models/models_2nd_run/model2_10	../final/models/models_2nd_run/model2_10	joy	0.3264583945274353	0.11657094210386276	0.3264583945274353	0.21457073092460632	0.2797248959541321	0.00979576725512743	0.006981304381042719	0.011056067422032356	0.010937570594251156	0.00809427723288536	0.007298579905182123	0.0046837422996759415	0.0038277527783066034
1013	neutral	../final/models/models_2nd_run/model2_10	../final/models/models_2nd_run/model2_10	neutral	0.6234657764434814	0.058490339666604996	0.16390198469161987	0.6234657764434814	0.05573434755206108	0.013055438175797462	0.020964717492461205	0.019639428704977036	0.00907677412033081	0.008062878623604774	0.007278665900230408	0.011724983341991901	0.008604632690548897
1014	joy	../final/models/models_2nd_run/model2_10	../final/models/models_2nd_run/model2_10	joy	0.32066810131073	0.15980973839759827	0.32066810131073	0.2778536379337311	0.09936802089214325	0.016489224508404732	0.012353840284049511	0.030200524255633354	0.01634066365659237	0.017490167170763016	0.02061130665242672	0.020127668976783752	0.008687077090144157
1015	joy	../final/models/models_2nd_run/model2_10	../final/models/models_2nd_run/model2_10	joy	0.5897139310836792	0.1569845825433731	0.5897139310836792	0.1883159875869751	0.02178085222840309	0.011322647333145142	0.00535673787817359	0.004682268016040325	0.0063642049208283424	0.002924530301243067	0.004380127415060997	0.00450971769168973	0.0036644309293478727
1016	pride	../final/models/models_2nd_run/model2_10	../final/models/models_2nd_run/model2_10	pride	0.7598419785499573	0.04708423092961311	0.05256902799010277	0.06882645934820175	0.7598419785499573	0.0057317353785037994	0.006975787226110697	0.019467493519186974	0.005403018090873957	0.018964335322380066	0.006995310075581074	0.004228862933814526	0.003911726176738739
1017	nervousness	../final/models/models_2nd_run/model2_10	../final/models/models_2nd_run/model2_10	joy	0.3098936378955841	0.2718755006790161	0.3098936378955841	0.2938070297241211	0.0686710849404335	0.015341091901063919	0.006634687073528767	0.006326685659587383	0.008451681584119797	0.005175977014005184	0.0052810851484537125	0.004041189793497324	0.004500274546444416
1018	pride	../final/models/models_2nd_run/model2_10	../final/models/models_2nd_run/model2_10	excitement	0.31106749176979065	0.31106749176979065	0.21520987153053284	0.2756235897541046	0.1204206719994545	0.021058466285467148	0.013598617166280746	0.008453374728560448	0.006471304222941399	0.008849387988448143	0.006137463264167309	0.007556170225143433	0.005553664173930883
1019	pride	../final/models/models_2nd_run/model2_10	../final/models/models_2nd_run/model2_10	pride	0.27021726965904236	0.2092217206954956	0.2535637319087982	0.20230236649513245	0.27021726965904236	0.015376097522675991	0.006833517923951149	0.009068472310900688	0.007305098231881857	0.009654673747718334	0.0069174859672784805	0.005281052086502314	0.004258492961525917
1020	anger	../final/models/models_2nd_run/model2_10	../final/models/models_2nd_run/model2_10	anger	0.6896633505821228	0.0035185113083571196	0.006252148654311895	0.05408746376633644	0.01111301314085722	0.0023394390009343624	0.00467614084482193	0.024046529084444046	0.038459111005067825	0.014259310439229012	0.6896633505821228	0.14296023547649384	0.008624814450740814
1021	excitement	../final/models/models_2nd_run/model2_10	../final/models/models_2nd_run/model2_10	joy	0.44494038820266724	0.2271798998117447	0.44494038820266724	0.2194686084985733	0.054342616349458694	0.013955647125840187	0.008204816840589046	0.005783585365861654	0.00693037174642086	0.004572728183120489	0.005557505413889885	0.005202396307140589	0.003861582139506936
1022	joy	../final/models/models_2nd_run/model2_10	../final/models/models_2nd_run/model2_10	excitement	0.2633073925971985	0.2633073925971985	0.25486987829208374	0.18094764649868011	0.23375175893306732	0.012892667204141617	0.008734024129807949	0.01070487592369318	0.007728082127869129	0.009890194982290268	0.00726596312597394	0.0055946046486496925	0.004312849137932062
1023	neutral	../final/models/models_2nd_run/model2_10	../final/models/models_2nd_run/model2_10	joy	0.4710855484008789	0.20591986179351807	0.4710855484008789	0.23996584117412567	0.02719641849398613	0.015382550656795502	0.009115898050367832	0.005730448290705681	0.005511693190783262	0.004209341946989298	0.0052353618666529655	0.0060819415375590324	0.0045650615356862545
1024	surprise	../final/models/models_2nd_run/model2_10	../final/models/models_2nd_run/model2_10	excitement	0.6230822801589966	0.6230822801589966	0.2079470306634903	0.10637203603982925	0.023773865774273872	0.015022912994027138	0.004791276063770056	0.0035427911207079887	0.003619570517912507	0.002643602667376399	0.0036440491676330566	0.002672064583748579	0.0028884399216622114
1025	disgust	../final/models/models_2nd_run/model2_10	../final/models/models_2nd_run/model2_10	disgust	0.9406425952911377	0.001572691136971116	0.002626637229695916	0.010101408697664738	0.0009190650889649987	0.0027404583524912596	0.0047098491340875626	0.0030776048079133034	0.005042873788625002	0.00821741670370102	0.007715438026934862	0.9406425952911377	0.012634013779461384
1026	excitement	../final/models/models_2nd_run/model2_10	../final/models/models_2nd_run/model2_10	joy	0.4797610640525818	0.2534448802471161	0.4797610640525818	0.1610853523015976	0.06675449013710022	0.010198540054261684	0.005291159730404615	0.004261343274265528	0.005260225385427475	0.0033757162746042013	0.004420275799930096	0.0034410683438181877	0.002705862745642662
1027	joy	../final/models/models_2nd_run/model2_10	../final/models/models_2nd_run/model2_10	neutral	0.4603002667427063	0.11211840808391571	0.11906901001930237	0.4603002667427063	0.22138631343841553	0.009551488794386387	0.007189182098954916	0.019706811755895615	0.014138436876237392	0.009211908094584942	0.01293643843382597	0.006122891791164875	0.00826884526759386
1028	neutral	../final/models/models_2nd_run/model2_10	../final/models/models_2nd_run/model2_10	excitement	0.5733036994934082	0.5733036994934082	0.23380696773529053	0.11235273629426956	0.03435277193784714	0.02019951492547989	0.005735081620514393	0.0029522739350795746	0.004146404564380646	0.0030901688151061535	0.003919880371540785	0.0033320775255560875	0.002808361779898405
1029	pride	../final/models/models_2nd_run/model2_10	../final/models/models_2nd_run/model2_10	excitement	0.835763156414032	0.835763156414032	0.06161433458328247	0.05087209492921829	0.009368060156702995	0.01653260365128517	0.004551196936517954	0.004936863202601671	0.0032265079207718372	0.002354339463636279	0.0038948911242187023	0.0026896491181105375	0.0041962433606386185
1030	excitement	../final/models/models_2nd_run/model2_10	../final/models/models_2nd_run/model2_10	pride	0.40869754552841187	0.12152256071567535	0.14136989414691925	0.23905207216739655	0.40869754552841187	0.011124247685074806	0.006973891519010067	0.017148353159427643	0.015865668654441833	0.015148176811635494	0.011126353405416012	0.00619834940880537	0.0057728043757379055
1031	neutral	../final/models/models_2nd_run/model2_10	../final/models/models_2nd_run/model2_10	joy	0.4653988778591156	0.1737518161535263	0.4653988778591156	0.2554108798503876	0.057744771242141724	0.011620615608990192	0.007951225154101849	0.006109615787863731	0.005584700033068657	0.0039832633920013905	0.004370323847979307	0.004360944032669067	0.003712976351380348
1032	pride	../final/models/models_2nd_run/model2_10	../final/models/models_2nd_run/model2_10	joy	0.3791114389896393	0.20745062828063965	0.3791114389896393	0.3171898424625397	0.03220337629318237	0.02060767263174057	0.012509015388786793	0.004880861844867468	0.007419938687235117	0.00401151180267334	0.005627902690321207	0.004646114073693752	0.004341733176261187
1033	pride	../final/models/models_2nd_run/model2_10	../final/models/models_2nd_run/model2_10	joy	0.3017602264881134	0.1886581927537918	0.3017602264881134	0.20029772818088531	0.23145665228366852	0.01499261986464262	0.013108710758388042	0.01583709940314293	0.009097057394683361	0.009092001244425774	0.005681996699422598	0.0040627699345350266	0.005954945459961891
1034	neutral	../final/models/models_2nd_run/model2_10	../final/models/models_2nd_run/model2_10	joy	0.5431517958641052	0.1468229591846466	0.5431517958641052	0.2063552439212799	0.05655892565846443	0.009628601372241974	0.004834763705730438	0.005570078268647194	0.009296557866036892	0.003361644921824336	0.00667270552366972	0.005028500221669674	0.0027182295452803373
1035	nervousness	../final/models/models_2nd_run/model2_10	../final/models/models_2nd_run/model2_10	nervousness	0.7502374053001404	0.01035845186561346	0.014191756024956703	0.026324525475502014	0.019432028755545616	0.00286999368108809	0.012119268998503685	0.7502374053001404	0.02568857930600643	0.01774252951145172	0.00696300296112895	0.008430381305515766	0.10564209520816803
1036	excitement	../final/models/models_2nd_run/model2_10	../final/models/models_2nd_run/model2_10	excitement	0.8025559782981873	0.8025559782981873	0.0667371079325676	0.07437393069267273	0.009209760464727879	0.02592388540506363	0.004678170662373304	0.00271128979511559	0.0026425314135849476	0.0023066862486302853	0.003191799158230424	0.002503609750419855	0.003165342379361391
1037	anger	../final/models/models_2nd_run/model2_10	../final/models/models_2nd_run/model2_10	disgust	0.4647638499736786	0.010694636031985283	0.01211942546069622	0.050778474658727646	0.010283930227160454	0.009758847765624523	0.04020892083644867	0.11711876094341278	0.08359777927398682	0.11309002339839935	0.06231870874762535	0.4647638499736786	0.025266598910093307
1038	neutral	../final/models/models_2nd_run/model2_10	../final/models/models_2nd_run/model2_10	neutral	0.3647259473800659	0.11814019083976746	0.13438208401203156	0.3647259473800659	0.2660583257675171	0.013411757536232471	0.016393186524510384	0.028868529945611954	0.011304096318781376	0.015395745635032654	0.011699169874191284	0.009005137719213963	0.01061575673520565
1039	surprise	../final/models/models_2nd_run/model2_10	../final/models/models_2nd_run/model2_10	excitement	0.6317592859268188	0.6317592859268188	0.206764817237854	0.08726377040147781	0.019233398139476776	0.03296799585223198	0.0038276908453553915	0.0027990045491605997	0.003957375884056091	0.003061451716348529	0.003001768607646227	0.002566547365859151	0.0027969100046902895
1040	surprise	../final/models/models_2nd_run/model2_10	../final/models/models_2nd_run/model2_10	excitement	0.7555914521217346	0.7555914521217346	0.0917183980345726	0.08027829974889755	0.007606589701026678	0.04121128097176552	0.005905510857701302	0.0021410577464848757	0.003130472032353282	0.0027828235179185867	0.0028304702136665583	0.0034306521993130445	0.00337301311083138
1041	embarrassment	../final/models/models_2nd_run/model2_10	../final/models/models_2nd_run/model2_10	embarrassment	0.7499741911888123	0.011609144508838654	0.010958091355860233	0.020513257011771202	0.031197665259242058	0.011122035793960094	0.02269466407597065	0.06410112231969833	0.01640053652226925	0.7499741911888123	0.007051661144942045	0.04214630275964737	0.012231305241584778
1042	excitement	../final/models/models_2nd_run/model2_10	../final/models/models_2nd_run/model2_10	neutral	0.3244187831878662	0.08144255727529526	0.09258440136909485	0.3244187831878662	0.1774282604455948	0.01821991614997387	0.019473295658826828	0.1328212469816208	0.04984693229198456	0.04281800985336304	0.016751768067479134	0.017244184389710426	0.026950670406222343
1043	pride	../final/models/models_2nd_run/model2_10	../final/models/models_2nd_run/model2_10	neutral	0.3443552851676941	0.22709719836711884	0.15335120260715485	0.3443552851676941	0.15760895609855652	0.03434428200125694	0.0256741214543581	0.011658216826617718	0.00802563689649105	0.013770143501460552	0.007591291330754757	0.010162369348108768	0.0063612256199121475
1044	surprise	../final/models/models_2nd_run/model2_10	../final/models/models_2nd_run/model2_10	neutral	0.6051709651947021	0.10937897115945816	0.09565760940313339	0.6051709651947021	0.10180871188640594	0.012001407332718372	0.009341358207166195	0.021291634067893028	0.011623418889939785	0.007903418503701687	0.008497064933180809	0.006062120199203491	0.011263398453593254
1045	joy	../final/models/models_2nd_run/model2_10	../final/models/models_2nd_run/model2_10	neutral	0.31322887539863586	0.14235052466392517	0.24341261386871338	0.31322887539863586	0.21471963822841644	0.01443546637892723	0.012837589718401432	0.018537746742367744	0.00938908290117979	0.01129433885216713	0.007218277081847191	0.006789776496589184	0.005786026827991009
1046	nervousness	../final/models/models_2nd_run/model2_10	../final/models/models_2nd_run/model2_10	confusion	0.4166335463523865	0.019062094390392303	0.026293840259313583	0.06587549299001694	0.032865263521671295	0.019240248948335648	0.4166335463523865	0.24440641701221466	0.04652092978358269	0.06229425594210625	0.008639656938612461	0.011597503907978535	0.04657084494829178
1047	pride	../final/models/models_2nd_run/model2_10	../final/models/models_2nd_run/model2_10	pride	0.8472001552581787	0.027945879846811295	0.02572985552251339	0.03955695405602455	0.8472001552581787	0.004668991547077894	0.00560590298846364	0.015218251384794712	0.0035327994264662266	0.017194509506225586	0.006838593166321516	0.0032685629557818174	0.003239565761759877
1048	neutral	../final/models/models_2nd_run/model2_10	../final/models/models_2nd_run/model2_10	joy	0.3707524836063385	0.29169684648513794	0.3707524836063385	0.2292189598083496	0.05466514825820923	0.016026990488171577	0.006531762890517712	0.0054462980479002	0.008159629069268703	0.004974404349923134	0.0041840653866529465	0.004163391422480345	0.00417999317869544
1049	joy	../final/models/models_2nd_run/model2_10	../final/models/models_2nd_run/model2_10	joy	0.3710654377937317	0.20610691606998444	0.3710654377937317	0.193403422832489	0.1722731739282608	0.009937486611306667	0.005154784768819809	0.008059930056333542	0.011952908709645271	0.006879771593958139	0.006463483441621065	0.004860344808548689	0.0038423843216151
1050	joy	../final/models/models_2nd_run/model2_10	../final/models/models_2nd_run/model2_10	joy	0.3017551302909851	0.22046354413032532	0.3017551302909851	0.2192755788564682	0.1837776154279709	0.0163381639868021	0.009860843420028687	0.012960388325154781	0.009074805304408073	0.009607188403606415	0.006229193415492773	0.006070508621633053	0.004587117582559586
1051	excitement	../final/models/models_2nd_run/model2_10	../final/models/models_2nd_run/model2_10	excitement	0.8749698996543884	0.8749698996543884	0.03829209879040718	0.04128642380237579	0.009952874854207039	0.0177879948168993	0.0028058600146323442	0.003097936511039734	0.0023506791330873966	0.002050187438726425	0.0027505899779498577	0.0019201160175725818	0.0027353668119758368
1052	joy	../final/models/models_2nd_run/model2_10	../final/models/models_2nd_run/model2_10	neutral	0.32029515504837036	0.16307079792022705	0.27032211422920227	0.32029515504837036	0.167650505900383	0.013174695894122124	0.010317862033843994	0.014786161482334137	0.010073616169393063	0.01094539649784565	0.007803363259881735	0.006527721881866455	0.005032590124756098
1053	joy	../final/models/models_2nd_run/model2_10	../final/models/models_2nd_run/model2_10	joy	0.5038962364196777	0.23594138026237488	0.5038962364196777	0.17607009410858154	0.042040884494781494	0.012534068897366524	0.0060518779791891575	0.00394509918987751	0.005803393200039864	0.003221872728317976	0.00398849043995142	0.003643064061179757	0.002863493748009205
1054	anger	../final/models/models_2nd_run/model2_10	../final/models/models_2nd_run/model2_10	anger	0.579393208026886	0.008648400194942951	0.011946093291044235	0.11381113529205322	0.028858298435807228	0.004030153155326843	0.007545735687017441	0.06531775742769241	0.0419912189245224	0.018051769584417343	0.579393208026886	0.10419654101133347	0.01620955765247345
1055	nervousness	../final/models/models_2nd_run/model2_10	../final/models/models_2nd_run/model2_10	pride	0.6167657971382141	0.13673529028892517	0.11121213436126709	0.0758536159992218	0.6167657971382141	0.008988767862319946	0.007379284594208002	0.013944790698587894	0.004851676058024168	0.011248482391238213	0.005637131165713072	0.0036963126622140408	0.00368671421892941
1056	joy	../final/models/models_2nd_run/model2_10	../final/models/models_2nd_run/model2_10	neutral	0.380439817905426	0.0602073073387146	0.09132853895425797	0.380439817905426	0.1658729612827301	0.008978820405900478	0.01333026122301817	0.14705340564250946	0.049134135246276855	0.026363957673311234	0.01537777017802	0.0124735152348876	0.029439520090818405
1057	joy	../final/models/models_2nd_run/model2_10	../final/models/models_2nd_run/model2_10	joy	0.5135392546653748	0.23141437768936157	0.5135392546653748	0.19486691057682037	0.018692178651690483	0.012090962380170822	0.00640431884676218	0.003233944531530142	0.005121718626469374	0.0024048397317528725	0.005110891070216894	0.003802564227953553	0.003317925613373518
1058	sadness	../final/models/models_2nd_run/model2_10	../final/models/models_2nd_run/model2_10	sadness	0.7248517870903015	0.008487707003951073	0.02082250267267227	0.05962126702070236	0.01951851323246956	0.004344719462096691	0.006001704838126898	0.10379928350448608	0.7248517870903015	0.02248835749924183	0.006827955134212971	0.0065803625620901585	0.016655804589390755
1059	pride	../final/models/models_2nd_run/model2_10	../final/models/models_2nd_run/model2_10	embarrassment	0.26113367080688477	0.01700005494058132	0.018758973106741905	0.10004299134016037	0.11840982735157013	0.010693534277379513	0.015674646943807602	0.13288383185863495	0.22235240042209625	0.26113367080688477	0.029446076601743698	0.041230276226997375	0.032373566180467606
1060	excitement	../final/models/models_2nd_run/model2_10	../final/models/models_2nd_run/model2_10	joy	0.4821537733078003	0.19375255703926086	0.4821537733078003	0.2261340469121933	0.055725861340761185	0.010796533897519112	0.006503618322312832	0.004604296293109655	0.005609531421214342	0.0033985553309321404	0.004546787589788437	0.0037917436566203833	0.002982736099511385
1061	joy	../final/models/models_2nd_run/model2_10	../final/models/models_2nd_run/model2_10	neutral	0.2916114032268524	0.24045126140117645	0.23284392058849335	0.2916114032268524	0.16264234483242035	0.014892525970935822	0.009533097967505455	0.01082711573690176	0.010919367894530296	0.009165040217339993	0.007310600485652685	0.005068692844361067	0.0047346316277980804
1062	fear	../final/models/models_2nd_run/model2_10	../final/models/models_2nd_run/model2_10	fear	0.4709585905075073	0.007008301094174385	0.010465731844305992	0.011965311132371426	0.007699307519942522	0.002438754541799426	0.00941309705376625	0.45506685972213745	0.009436538442969322	0.005319315940141678	0.004493965767323971	0.005734345875680447	0.4709585905075073
1063	neutral	../final/models/models_2nd_run/model2_10	../final/models/models_2nd_run/model2_10	joy	0.5259025692939758	0.13149592280387878	0.5259025692939758	0.209824338555336	0.08023390918970108	0.009667139500379562	0.005746633745729923	0.00785803236067295	0.012374192476272583	0.005090462975203991	0.004174059722572565	0.003956394735723734	0.0036764005199074745
1064	neutral	../final/models/models_2nd_run/model2_10	../final/models/models_2nd_run/model2_10	joy	0.36108341813087463	0.14741359651088715	0.36108341813087463	0.18045563995838165	0.2575010657310486	0.010222503915429115	0.0065328096970915794	0.009473535232245922	0.007710079662501812	0.006380762439221144	0.005883171688765287	0.00406910153105855	0.003274340881034732
1065	excitement	../final/models/models_2nd_run/model2_10	../final/models/models_2nd_run/model2_10	excitement	0.34808996319770813	0.34808996319770813	0.22852331399917603	0.2908809781074524	0.06274737417697906	0.024043221026659012	0.007420843932777643	0.006884024012833834	0.008160820230841637	0.006814219523221254	0.006849535740911961	0.005432702135294676	0.004153033718466759
1066	joy	../final/models/models_2nd_run/model2_10	../final/models/models_2nd_run/model2_10	neutral	0.4029797613620758	0.09632498770952225	0.12948669493198395	0.4029797613620758	0.2692870497703552	0.010264040902256966	0.006290314719080925	0.016909999772906303	0.015855059027671814	0.013717897236347198	0.021038739010691643	0.010739166289567947	0.007106303703039885
1067	joy	../final/models/models_2nd_run/model2_10	../final/models/models_2nd_run/model2_10	neutral	0.336548775434494	0.08980096876621246	0.12688487768173218	0.336548775434494	0.31579113006591797	0.01119234599173069	0.00858686026185751	0.044080767780542374	0.017493262887001038	0.019078126177191734	0.01147390529513359	0.008149651810526848	0.010919331572949886
1068	pride	../final/models/models_2nd_run/model2_10	../final/models/models_2nd_run/model2_10	joy	0.38113871216773987	0.1694410890340805	0.38113871216773987	0.17461465299129486	0.22238892316818237	0.011964757926762104	0.005595119670033455	0.007281175348907709	0.008244356140494347	0.006199194584041834	0.006245811004191637	0.004089590162038803	0.00279667554423213
1069	confusion	../final/models/models_2nd_run/model2_10	../final/models/models_2nd_run/model2_10	confusion	0.291108638048172	0.021690547466278076	0.013769696466624737	0.08163268119096756	0.018922576680779457	0.014431791380047798	0.291108638048172	0.26151785254478455	0.06148844212293625	0.08310341089963913	0.03505958989262581	0.04152863100171089	0.07574619352817535
1070	neutral	../final/models/models_2nd_run/model2_10	../final/models/models_2nd_run/model2_10	neutral	0.5201694965362549	0.08668909221887589	0.08268774300813675	0.5201694965362549	0.19890086352825165	0.013568556867539883	0.010578364133834839	0.01955968141555786	0.014283312484622002	0.01720096357166767	0.01785433478653431	0.010303397662937641	0.00820417981594801
1071	surprise	../final/models/models_2nd_run/model2_10	../final/models/models_2nd_run/model2_10	excitement	0.5684264898300171	0.5684264898300171	0.19032172858715057	0.09897102415561676	0.031756192445755005	0.08236914128065109	0.005030037835240364	0.0030223268549889326	0.006049806717783213	0.005165153183043003	0.0037495545111596584	0.0027001635171473026	0.002438398776575923
1072	neutral	../final/models/models_2nd_run/model2_10	../final/models/models_2nd_run/model2_10	neutral	0.2967354953289032	0.026212746277451515	0.0538996160030365	0.2967354953289032	0.040783677250146866	0.010807185433804989	0.017611760646104813	0.2611449360847473	0.11508428305387497	0.031916070729494095	0.012422860600054264	0.028151849284768105	0.10522948950529099
1073	excitement	../final/models/models_2nd_run/model2_10	../final/models/models_2nd_run/model2_10	excitement	0.5464425086975098	0.5464425086975098	0.1839149445295334	0.15041105449199677	0.04663097485899925	0.04177204146981239	0.005007809493690729	0.004150208551436663	0.005003754049539566	0.004182218108326197	0.004925884306430817	0.004260896239429712	0.003297763178125024
1074	joy	../final/models/models_2nd_run/model2_10	../final/models/models_2nd_run/model2_10	pride	0.783863365650177	0.05530921742320061	0.051450178027153015	0.052951227873563766	0.783863365650177	0.006663500797003508	0.005525519140064716	0.012448221445083618	0.0043420144356787205	0.01550750806927681	0.005495309829711914	0.003444476518779993	0.002999473363161087
1075	nervousness	../final/models/models_2nd_run/model2_10	../final/models/models_2nd_run/model2_10	joy	0.312125027179718	0.2531670033931732	0.312125027179718	0.147469162940979	0.09748996794223785	0.015257473103702068	0.010655120946466923	0.10483747720718384	0.018747661262750626	0.011771159246563911	0.004847920499742031	0.004824046511203051	0.018808016553521156
1076	neutral	../final/models/models_2nd_run/model2_10	../final/models/models_2nd_run/model2_10	joy	0.436359167098999	0.33735552430152893	0.436359167098999	0.15976674854755402	0.019476216286420822	0.017013069242239	0.005905060097575188	0.0034793803934007883	0.0046844701282680035	0.0031753077637404203	0.0047933137975633144	0.00449023861438036	0.0035015633329749107
1077	joy	../final/models/models_2nd_run/model2_10	../final/models/models_2nd_run/model2_10	joy	0.5084020495414734	0.13010109961032867	0.5084020495414734	0.2389822006225586	0.06231379136443138	0.011173182167112827	0.005949022248387337	0.008894450962543488	0.016910232603549957	0.005314635578542948	0.004231559578329325	0.0038493270985782146	0.0038784118369221687
1078	pride	../final/models/models_2nd_run/model2_10	../final/models/models_2nd_run/model2_10	pride	0.3210097849369049	0.19003258645534515	0.12499937415122986	0.2692973017692566	0.3210097849369049	0.019770074635744095	0.009861191734671593	0.017958343029022217	0.00906343199312687	0.014505737461149693	0.010109938681125641	0.007122944109141827	0.006269105244427919
1079	joy	../final/models/models_2nd_run/model2_10	../final/models/models_2nd_run/model2_10	joy	0.4512825608253479	0.22290706634521484	0.4512825608253479	0.21549199521541595	0.06252136826515198	0.01477514486759901	0.007752933539450169	0.004747571889311075	0.005460691638290882	0.003916317597031593	0.004364471882581711	0.0037747537717223167	0.0030052070505917072
1080	anger	../final/models/models_2nd_run/model2_10	../final/models/models_2nd_run/model2_10	nervousness	0.7440142035484314	0.008239196613430977	0.010882587172091007	0.0226453710347414	0.014226860366761684	0.0024643412325531244	0.006525919772684574	0.7440142035484314	0.03209316357970238	0.017366021871566772	0.006299154367297888	0.008261597715318203	0.12698160111904144
1081	neutral	../final/models/models_2nd_run/model2_10	../final/models/models_2nd_run/model2_10	joy	0.3602207899093628	0.15461240708827972	0.3602207899093628	0.2768496572971344	0.12995781004428864	0.016718363389372826	0.008548437617719173	0.01361763570457697	0.012840265408158302	0.009576654992997646	0.005402683280408382	0.005347430240362883	0.00630785571411252
1082	pride	../final/models/models_2nd_run/model2_10	../final/models/models_2nd_run/model2_10	pride	0.7109338641166687	0.05071830376982689	0.06082109734416008	0.08677665144205093	0.7109338641166687	0.00797269493341446	0.008059319108724594	0.021638428792357445	0.0061980951577425	0.02738337777554989	0.008856238797307014	0.006033920682966709	0.0046080476604402065
1083	pride	../final/models/models_2nd_run/model2_10	../final/models/models_2nd_run/model2_10	neutral	0.368674099445343	0.11105556786060333	0.13661140203475952	0.368674099445343	0.24651379883289337	0.018262963742017746	0.018020696938037872	0.03758521378040314	0.013251208700239658	0.016842836514115334	0.012095898389816284	0.009242253378033638	0.011844071559607983
1084	joy	../final/models/models_2nd_run/model2_10	../final/models/models_2nd_run/model2_10	excitement	0.5491536259651184	0.5491536259651184	0.267453670501709	0.11752863973379135	0.022327277809381485	0.017984163016080856	0.005039352457970381	0.0033528099302202463	0.004741791170090437	0.0027749272994697094	0.0034594042226672173	0.0026001003570854664	0.0035841474309563637
1085	confusion	../final/models/models_2nd_run/model2_10	../final/models/models_2nd_run/model2_10	confusion	0.4243864417076111	0.06914395838975906	0.10863181948661804	0.13445669412612915	0.0631754919886589	0.027857163920998573	0.4243864417076111	0.06904114037752151	0.03269800916314125	0.03534838184714317	0.006117962300777435	0.010978033766150475	0.018164953216910362
1086	joy	../final/models/models_2nd_run/model2_10	../final/models/models_2nd_run/model2_10	joy	0.3883182108402252	0.2294796258211136	0.3883182108402252	0.2890118658542633	0.04621010273694992	0.013025994412600994	0.007221792358905077	0.004347203765064478	0.005756957456469536	0.0036990102380514145	0.005165739916265011	0.00458881538361311	0.0031746188178658485
1087	pride	../final/models/models_2nd_run/model2_10	../final/models/models_2nd_run/model2_10	neutral	0.28047409653663635	0.1391153186559677	0.2707560360431671	0.28047409653663635	0.24888591468334198	0.007848437875509262	0.006637341342866421	0.009515422396361828	0.009198322892189026	0.007740528788417578	0.010185840539634228	0.005980453919619322	0.003662331495434046
1088	excitement	../final/models/models_2nd_run/model2_10	../final/models/models_2nd_run/model2_10	excitement	0.31492722034454346	0.31492722034454346	0.2868584096431732	0.24703490734100342	0.06653235107660294	0.02839776873588562	0.012208580039441586	0.006633124314248562	0.00860452651977539	0.008401712402701378	0.006707586348056793	0.008848767727613449	0.004845003597438335
1089	pride	../final/models/models_2nd_run/model2_10	../final/models/models_2nd_run/model2_10	joy	0.3663419783115387	0.27307432889938354	0.3663419783115387	0.25465908646583557	0.05082326382398605	0.01639065518975258	0.009979601949453354	0.005571334157139063	0.005242876708507538	0.004567667841911316	0.005269961431622505	0.004391008522361517	0.00368831236846745
1090	pride	../final/models/models_2nd_run/model2_10	../final/models/models_2nd_run/model2_10	neutral	0.2871910631656647	0.1589338481426239	0.26209256052970886	0.2871910631656647	0.2058647722005844	0.014252730645239353	0.009542339481413364	0.01623966172337532	0.013660051859915257	0.01324854139238596	0.0069694435223937035	0.0065848915837705135	0.005420046392828226
1091	neutral	../final/models/models_2nd_run/model2_10	../final/models/models_2nd_run/model2_10	joy	0.34742453694343567	0.17998389899730682	0.34742453694343567	0.3039834201335907	0.09838753193616867	0.013416784815490246	0.011815838515758514	0.011213308200240135	0.006990751717239618	0.00694083608686924	0.006901009473949671	0.007241899613291025	0.005700181238353252
1092	surprise	../final/models/models_2nd_run/model2_10	../final/models/models_2nd_run/model2_10	excitement	0.5531944632530212	0.5531944632530212	0.20400576293468475	0.1433006078004837	0.032297227531671524	0.030813654884696007	0.009622308425605297	0.0031555527821183205	0.004084028769284487	0.0040429821237921715	0.005944142118096352	0.006065039895474911	0.003474182914942503
1093	excitement	../final/models/models_2nd_run/model2_10	../final/models/models_2nd_run/model2_10	joy	0.3469860255718231	0.1506885141134262	0.3469860255718231	0.3215700685977936	0.1169920265674591	0.01371124666184187	0.010108578950166702	0.00840954389423132	0.0064607346430420876	0.006276565603911877	0.007429309654980898	0.0071287439204752445	0.004238593392074108
1094	neutral	../final/models/models_2nd_run/model2_10	../final/models/models_2nd_run/model2_10	pride	0.8809514045715332	0.017407042905688286	0.017718465998768806	0.022026268765330315	0.8809514045715332	0.0033065711613744497	0.005263025406748056	0.014787225052714348	0.003189459443092346	0.02341894991695881	0.006013059988617897	0.0030991039238870144	0.002819454064592719
1095	surprise	../final/models/models_2nd_run/model2_10	../final/models/models_2nd_run/model2_10	excitement	0.2923782467842102	0.2923782467842102	0.18188661336898804	0.28215473890304565	0.02997184731066227	0.02745467983186245	0.013791907578706741	0.035042308270931244	0.0471884123980999	0.019486352801322937	0.007965550757944584	0.03732170909643173	0.025357671082019806
1096	neutral	../final/models/models_2nd_run/model2_10	../final/models/models_2nd_run/model2_10	neutral	0.3459338843822479	0.038160331547260284	0.05288776010274887	0.3459338843822479	0.06417594105005264	0.01592828333377838	0.01824001409113407	0.2101360261440277	0.11066855490207672	0.04503677412867546	0.02016429230570793	0.033468663692474365	0.0451994389295578
1097	joy	../final/models/models_2nd_run/model2_10	../final/models/models_2nd_run/model2_10	neutral	0.3719002306461334	0.13196124136447906	0.3562021255493164	0.3719002306461334	0.08551540225744247	0.01063175406306982	0.007626026403158903	0.0063737682066857815	0.007143416441977024	0.006084926892071962	0.006899818312376738	0.006239214912056923	0.0034221592359244823
1098	pride	../final/models/models_2nd_run/model2_10	../final/models/models_2nd_run/model2_10	joy	0.5671889781951904	0.17242029309272766	0.5671889781951904	0.17384295165538788	0.051663853228092194	0.00785417016595602	0.006057878024876118	0.003952949307858944	0.003951200749725103	0.002931388095021248	0.0039275214076042175	0.0034244495909661055	0.0027844547294080257
1099	pride	../final/models/models_2nd_run/model2_10	../final/models/models_2nd_run/model2_10	joy	0.36162132024765015	0.12449747323989868	0.36162132024765015	0.3608759343624115	0.054309550672769547	0.01940273493528366	0.009838900528848171	0.015706872567534447	0.019480809569358826	0.0094780083745718	0.006469045765697956	0.010764549486339092	0.007554941810667515
1100	joy	../final/models/models_2nd_run/model2_10	../final/models/models_2nd_run/model2_10	neutral	0.42172864079475403	0.10734152048826218	0.3083007335662842	0.42172864079475403	0.08046001195907593	0.017884712666273117	0.014690365642309189	0.011964580975472927	0.008449163287878036	0.008035869337618351	0.006136193405836821	0.008846059441566467	0.006162166595458984
1101	pride	../final/models/models_2nd_run/model2_10	../final/models/models_2nd_run/model2_10	joy	0.5839989185333252	0.14588353037834167	0.5839989185333252	0.15594571828842163	0.07574482262134552	0.008639245294034481	0.006226588971912861	0.0052521624602377415	0.004643303342163563	0.0034513077698647976	0.0038105288986116648	0.0035102630499750376	0.0028936604503542185
1102	nervousness	../final/models/models_2nd_run/model2_10	../final/models/models_2nd_run/model2_10	nervousness	0.7332198023796082	0.014616308733820915	0.01828617788851261	0.022379804402589798	0.020361216738820076	0.0026128559838980436	0.009766295552253723	0.7332198023796082	0.011099904775619507	0.00927982572466135	0.005004016682505608	0.005688622128218412	0.14768511056900024
1103	neutral	../final/models/models_2nd_run/model2_10	../final/models/models_2nd_run/model2_10	neutral	0.3393881916999817	0.13056889176368713	0.2255573570728302	0.3393881916999817	0.20890432596206665	0.01298531237989664	0.012664521113038063	0.02482559345662594	0.011106476187705994	0.01247732900083065	0.006836738437414169	0.00695312162861228	0.007732055615633726
1104	neutral	../final/models/models_2nd_run/model2_10	../final/models/models_2nd_run/model2_10	joy	0.4559846520423889	0.149702250957489	0.4559846520423889	0.29937249422073364	0.048622019588947296	0.010518332943320274	0.0069178021512925625	0.005742946639657021	0.00537334568798542	0.003670809092000127	0.0053945002146065235	0.004865522962063551	0.0038353311829268932
1105	neutral	../final/models/models_2nd_run/model2_10	../final/models/models_2nd_run/model2_10	excitement	0.6548283696174622	0.6548283696174622	0.17638282477855682	0.10410516709089279	0.02064664289355278	0.01662825234234333	0.0045601362362504005	0.004747603554278612	0.004621613770723343	0.0032012159936130047	0.0033365674316883087	0.0035550871398299932	0.0033864714205265045
1106	pride	../final/models/models_2nd_run/model2_10	../final/models/models_2nd_run/model2_10	pride	0.3169281780719757	0.12304996699094772	0.19509108364582062	0.29074475169181824	0.3169281780719757	0.009669283404946327	0.0074230064637959	0.017499277368187904	0.008913356810808182	0.009972243569791317	0.008835140615701675	0.006432859227061272	0.005440867971628904
1107	excitement	../final/models/models_2nd_run/model2_10	../final/models/models_2nd_run/model2_10	fear	0.41880691051483154	0.006851832382380962	0.009650972671806812	0.022242283448576927	0.003445159876719117	0.0038114411290735006	0.01308629009872675	0.06787355989217758	0.02616816759109497	0.019331619143486023	0.012636905536055565	0.3960949182510376	0.41880691051483154
1108	neutral	../final/models/models_2nd_run/model2_10	../final/models/models_2nd_run/model2_10	joy	0.4410853087902069	0.2924076318740845	0.4410853087902069	0.18932150304317474	0.029799576848745346	0.01448306068778038	0.005427626892924309	0.0046953605487942696	0.0070237708278000355	0.003419177606701851	0.00429367134347558	0.0043470654636621475	0.003696212312206626
1109	joy	../final/models/models_2nd_run/model2_10	../final/models/models_2nd_run/model2_10	neutral	0.3190620243549347	0.10102435201406479	0.09194214642047882	0.3190620243549347	0.21327175199985504	0.014555693604052067	0.016947954893112183	0.08749357610940933	0.060649387538433075	0.03866645693778992	0.01203246507793665	0.012407385744154453	0.031946759670972824
1110	joy	../final/models/models_2nd_run/model2_10	../final/models/models_2nd_run/model2_10	joy	0.5352483987808228	0.18742281198501587	0.5352483987808228	0.1505148708820343	0.08827361464500427	0.008018746972084045	0.0042584361508488655	0.005510613322257996	0.006631738971918821	0.0039620487950742245	0.004087361972779036	0.0032322334591299295	0.0028391415253281593
1111	excitement	../final/models/models_2nd_run/model2_10	../final/models/models_2nd_run/model2_10	joy	0.39285361766815186	0.15983666479587555	0.39285361766815186	0.31179124116897583	0.0695195347070694	0.01402205042541027	0.007800145540386438	0.01062600128352642	0.011149615049362183	0.006086122244596481	0.005422982852905989	0.005715174600481987	0.005176811013370752
1112	surprise	../final/models/models_2nd_run/model2_10	../final/models/models_2nd_run/model2_10	neutral	0.24775506556034088	0.1524960845708847	0.11224039644002914	0.24775506556034088	0.17889302968978882	0.028212394565343857	0.1422104388475418	0.06985040754079819	0.012692058458924294	0.02321305312216282	0.007083400152623653	0.0058309705927968025	0.019522715359926224
1113	pride	../final/models/models_2nd_run/model2_10	../final/models/models_2nd_run/model2_10	pride	0.36617597937583923	0.10939615964889526	0.17412494122982025	0.27215006947517395	0.36617597937583923	0.00941403117030859	0.00637819804251194	0.015101592987775803	0.013170399703085423	0.011609653942286968	0.012043841183185577	0.006016481202095747	0.004418714437633753
1114	joy	../final/models/models_2nd_run/model2_10	../final/models/models_2nd_run/model2_10	neutral	0.3866223096847534	0.1820938140153885	0.1338786631822586	0.3866223096847534	0.08530789613723755	0.08092598617076874	0.026480790227651596	0.026397179812192917	0.020624281838536263	0.029387416318058968	0.006365042645484209	0.011085291393101215	0.010831241495907307
1115	neutral	../final/models/models_2nd_run/model2_10	../final/models/models_2nd_run/model2_10	neutral	0.33805051445961	0.11088930070400238	0.19606465101242065	0.33805051445961	0.18905191123485565	0.014442640356719494	0.009506754577159882	0.04654698073863983	0.03941388800740242	0.025490114465355873	0.009622272104024887	0.00899963453412056	0.011921266093850136
1116	pride	../final/models/models_2nd_run/model2_10	../final/models/models_2nd_run/model2_10	pride	0.8496278524398804	0.03523862361907959	0.03192657232284546	0.032983291894197464	0.8496278524398804	0.004395578987896442	0.005082970485091209	0.013330084271728992	0.0029780433978885412	0.013980824500322342	0.005113404709845781	0.002622198313474655	0.002720485907047987
1117	neutral	../final/models/models_2nd_run/model2_10	../final/models/models_2nd_run/model2_10	neutral	0.3548346161842346	0.1085197851061821	0.2859496474266052	0.3548346161842346	0.16105413436889648	0.014150893315672874	0.009344784542918205	0.019183946773409843	0.01194751262664795	0.013396646827459335	0.005914861336350441	0.007939718663692474	0.007763358298689127
1118	disgust	../final/models/models_2nd_run/model2_10	../final/models/models_2nd_run/model2_10	nervousness	0.40883326530456543	0.010975834913551807	0.014940908178687096	0.0816706046462059	0.04041755571961403	0.004187189042568207	0.013142206706106663	0.40883326530456543	0.19969429075717926	0.07576026767492294	0.02576952613890171	0.056429672986269	0.06817866861820221
1119	joy	../final/models/models_2nd_run/model2_10	../final/models/models_2nd_run/model2_10	joy	0.2870577573776245	0.28511014580726624	0.2870577573776245	0.20163175463676453	0.13949203491210938	0.03509225696325302	0.006747637875378132	0.009571929462254047	0.012979337945580482	0.008845864795148373	0.005039328243583441	0.004110599867999554	0.004321449901908636
1120	surprise	../final/models/models_2nd_run/model2_10	../final/models/models_2nd_run/model2_10	surprise	0.4810454249382019	0.38850006461143494	0.04573514685034752	0.0507417693734169	0.008025070652365685	0.4810454249382019	0.007247323170304298	0.0021304308902472258	0.0038039206992834806	0.004860410001128912	0.002921770326793194	0.002393558621406555	0.0025951520074158907
1121	joy	../final/models/models_2nd_run/model2_10	../final/models/models_2nd_run/model2_10	neutral	0.33270764350891113	0.3278267979621887	0.21877135336399078	0.33270764350891113	0.0531231090426445	0.028889814391732216	0.007300640922039747	0.005410456098616123	0.006826050579547882	0.005129791330546141	0.00495331734418869	0.004816918633878231	0.004244108684360981
1122	neutral	../final/models/models_2nd_run/model2_10	../final/models/models_2nd_run/model2_10	neutral	0.5344169735908508	0.07108049094676971	0.12417565286159515	0.5344169735908508	0.16796107590198517	0.006908783223479986	0.006559820380061865	0.027238896116614342	0.019848642870783806	0.011233758181333542	0.012729066424071789	0.007141389884054661	0.010705370455980301
1123	pride	../final/models/models_2nd_run/model2_10	../final/models/models_2nd_run/model2_10	pride	0.3723376989364624	0.16786202788352966	0.05078840255737305	0.07122869789600372	0.3723376989364624	0.15892358124256134	0.019732514396309853	0.028592489659786224	0.00970409158617258	0.10134820640087128	0.006853969302028418	0.006427775602787733	0.006200518924742937
1124	joy	../final/models/models_2nd_run/model2_10	../final/models/models_2nd_run/model2_10	excitement	0.8399453163146973	0.8399453163146973	0.06160411238670349	0.04976974055171013	0.01237622182816267	0.021258462220430374	0.0023988063912838697	0.002236653119325638	0.0023167936597019434	0.0019546817056834698	0.0023170653730630875	0.0017364935483783484	0.0020855856128036976
1125	surprise	../final/models/models_2nd_run/model2_10	../final/models/models_2nd_run/model2_10	neutral	0.2251127064228058	0.07130811363458633	0.09531291574239731	0.2251127064228058	0.1870448887348175	0.014827711507678032	0.02041708678007126	0.18949976563453674	0.0755869448184967	0.06680727005004883	0.009230001829564571	0.010807015933096409	0.034045495092868805
1126	neutral	../final/models/models_2nd_run/model2_10	../final/models/models_2nd_run/model2_10	neutral	0.358612984418869	0.08688000589609146	0.16722102463245392	0.358612984418869	0.16376057267189026	0.021682996302843094	0.015287951566278934	0.06918089836835861	0.04693213105201721	0.03730391710996628	0.007934306748211384	0.01093213725835085	0.014271119609475136
1127	joy	../final/models/models_2nd_run/model2_10	../final/models/models_2nd_run/model2_10	nervousness	0.4339866638183594	0.012993667274713516	0.013310432434082031	0.07356013357639313	0.027283858507871628	0.005877743475139141	0.017735043540596962	0.4339866638183594	0.20233696699142456	0.08183933049440384	0.013788343407213688	0.025983840227127075	0.09130406379699707
1128	excitement	../final/models/models_2nd_run/model2_10	../final/models/models_2nd_run/model2_10	excitement	0.48955845832824707	0.48955845832824707	0.30448129773139954	0.14402808248996735	0.021660037338733673	0.01632016897201538	0.004955528303980827	0.0025689126923680305	0.0043528275564312935	0.0024983196053653955	0.004008983727544546	0.0030944242607802153	0.0024730334989726543
1129	anger	../final/models/models_2nd_run/model2_10	../final/models/models_2nd_run/model2_10	disgust	0.3825353980064392	0.01621551811695099	0.022984106093645096	0.1358511745929718	0.05415637046098709	0.00679551949724555	0.012317746877670288	0.06393127888441086	0.04404059424996376	0.19895298779010773	0.04247719421982765	0.3825353980064392	0.01974213868379593
1130	joy	../final/models/models_2nd_run/model2_10	../final/models/models_2nd_run/model2_10	joy	0.5259393453598022	0.27232813835144043	0.5259393453598022	0.134099543094635	0.027492670342326164	0.012573091313242912	0.006221573334187269	0.003527131862938404	0.004589051473885775	0.0030457479879260063	0.004126644693315029	0.003292670240625739	0.0027644040528684855
1131	pride	../final/models/models_2nd_run/model2_10	../final/models/models_2nd_run/model2_10	neutral	0.26576632261276245	0.147957906126976	0.13860486447811127	0.26576632261276245	0.09045670181512833	0.052102308720350266	0.024344779551029205	0.07885009795427322	0.0535321906208992	0.06730236113071442	0.010408001951873302	0.0388328991830349	0.03184160590171814
1132	pride	../final/models/models_2nd_run/model2_10	../final/models/models_2nd_run/model2_10	neutral	0.3500172793865204	0.20231296122074127	0.18821348249912262	0.3500172793865204	0.15488608181476593	0.020727060735225677	0.020589949563145638	0.016248760744929314	0.00982886552810669	0.014964080415666103	0.006395407952368259	0.008059266023337841	0.00775682320818305
1133	neutral	../final/models/models_2nd_run/model2_10	../final/models/models_2nd_run/model2_10	joy	0.3269418776035309	0.1521405279636383	0.3269418776035309	0.21033813059329987	0.25166085362434387	0.011039656586945057	0.0052263750694692135	0.008623900823295116	0.01213708147406578	0.007058399263769388	0.00691499887034297	0.004627905320376158	0.0032903007231652737
1134	sadness	../final/models/models_2nd_run/model2_10	../final/models/models_2nd_run/model2_10	nervousness	0.7445940375328064	0.008466525934636593	0.01173422858119011	0.015935523435473442	0.013166945427656174	0.0026849398855119944	0.006265564355999231	0.7445940375328064	0.05950077995657921	0.014088883996009827	0.004338500555604696	0.004490371327847242	0.1147337406873703
1135	fear	../final/models/models_2nd_run/model2_10	../final/models/models_2nd_run/model2_10	nervousness	0.34810951352119446	0.009296570904552937	0.013309664092957973	0.04595106840133667	0.01903880387544632	0.009095916524529457	0.307332843542099	0.34810951352119446	0.12104900181293488	0.043428923934698105	0.02008157968521118	0.01661616750061512	0.04668993875384331
1136	joy	../final/models/models_2nd_run/model2_10	../final/models/models_2nd_run/model2_10	excitement	0.690743088722229	0.690743088722229	0.08896444737911224	0.07192794233560562	0.009941305965185165	0.1144472062587738	0.003633087268099189	0.0018745153211057186	0.004151501227170229	0.004088921472430229	0.0041383299976587296	0.002899923361837864	0.003189705777913332
1137	pride	../final/models/models_2nd_run/model2_10	../final/models/models_2nd_run/model2_10	pride	0.770147979259491	0.05035208910703659	0.04213331267237663	0.055376190692186356	0.770147979259491	0.006033238954842091	0.006829429883509874	0.027144743129611015	0.005583722610026598	0.020780911669135094	0.006562613882124424	0.003999097738415003	0.005056644324213266
1138	excitement	../final/models/models_2nd_run/model2_10	../final/models/models_2nd_run/model2_10	excitement	0.5240241289138794	0.5240241289138794	0.23781315982341766	0.16352571547031403	0.028906039893627167	0.02062043361365795	0.0052644130773842335	0.003491179784759879	0.0036828943993896246	0.0028893379494547844	0.003910659346729517	0.0032040532678365707	0.0026679395232349634
1139	excitement	../final/models/models_2nd_run/model2_10	../final/models/models_2nd_run/model2_10	joy	0.5160629749298096	0.1965356022119522	0.5160629749298096	0.20609059929847717	0.03450257331132889	0.012709555216133595	0.0055224294774234295	0.005117705091834068	0.006816318724304438	0.0037075094878673553	0.0044350274838507175	0.004640321712940931	0.003859330667182803
1140	excitement	../final/models/models_2nd_run/model2_10	../final/models/models_2nd_run/model2_10	excitement	0.4123309552669525	0.4123309552669525	0.27939295768737793	0.194975808262825	0.03126202151179314	0.03304792568087578	0.013015643693506718	0.004260851535946131	0.006506993435323238	0.006230078637599945	0.005559421144425869	0.009255378507077694	0.0041620139963924885
1141	excitement	../final/models/models_2nd_run/model2_10	../final/models/models_2nd_run/model2_10	joy	0.4611225426197052	0.21996276080608368	0.4611225426197052	0.18384814262390137	0.0916982963681221	0.01207045465707779	0.006681104190647602	0.005118492990732193	0.004806190263479948	0.003996026702225208	0.004294572863727808	0.0035562384873628616	0.0028451101388782263
1142	pride	../final/models/models_2nd_run/model2_10	../final/models/models_2nd_run/model2_10	pride	0.7547548413276672	0.05036072060465813	0.05152800679206848	0.07214617729187012	0.7547548413276672	0.007400744594633579	0.007709336932748556	0.01757466420531273	0.004916089586913586	0.01789960078895092	0.0074312686920166016	0.004284578841179609	0.003993971273303032
1143	confusion	../final/models/models_2nd_run/model2_10	../final/models/models_2nd_run/model2_10	neutral	0.33574479818344116	0.08422335982322693	0.09772472083568573	0.33574479818344116	0.24251863360404968	0.0170589666813612	0.023012258112430573	0.07770217210054398	0.04281015321612358	0.037357352674007416	0.011099995113909245	0.010824447497725487	0.019923146814107895
1144	disgust	../final/models/models_2nd_run/model2_10	../final/models/models_2nd_run/model2_10	disgust	0.8377982378005981	0.0020230398513376713	0.0031436742283403873	0.009859842248260975	0.0011636200360953808	0.003323557786643505	0.006975610740482807	0.010290361940860748	0.010854575783014297	0.016283191740512848	0.007244548760354519	0.8377982378005981	0.0910397469997406
1145	pride	../final/models/models_2nd_run/model2_10	../final/models/models_2nd_run/model2_10	neutral	0.3799554109573364	0.12983857095241547	0.1706889569759369	0.3799554109573364	0.17473891377449036	0.020466992631554604	0.015566540881991386	0.03809516876935959	0.021994346752762794	0.020389743149280548	0.008124729618430138	0.009169691242277622	0.010971011593937874
