textid	target	model	tokenizer	predicted	prob	neutral	nervousness	sadness	embarrassment	pride	fear	joy	excitement	disgust	confusion	surprise	anger
43	joy	../final/models/models_2nd_run/model2_10	../final/models/models_2nd_run/model2_10	neutral	0.21342991292476654	0.21342991292476654	0.20235587656497955	0.186934232711792	0.07604917883872986	0.07066493481397629	0.06936174631118774	0.06587737053632736	0.044637493789196014	0.027319857850670815	0.016324738040566444	0.01546394918113947	0.01158074289560318
1160	pride	../final/models/models_2nd_run/model2_10	../final/models/models_2nd_run/model2_10	joy	0.3814987242221832	0.28652533888816833	0.00814228318631649	0.007375563029199839	0.0060524726286530495	0.07970474660396576	0.005029883701354265	0.3814987242221832	0.19052375853061676	0.005370492115616798	0.01029784232378006	0.01464533805847168	0.004833563230931759
128	joy	../final/models/models_2nd_run/model2_10	../final/models/models_2nd_run/model2_10	pride	0.43392831087112427	0.2595979869365692	0.021694792434573174	0.01499269250780344	0.016326598823070526	0.43392831087112427	0.007006563246250153	0.1178029254078865	0.09242263436317444	0.006453157868236303	0.007699142210185528	0.007881463505327702	0.014193792827427387
1232	neutral	../final/models/models_2nd_run/model2_10	../final/models/models_2nd_run/model2_10	neutral	0.3436371088027954	0.3436371088027954	0.014091773889958858	0.010196677409112453	0.016321789473295212	0.15327991545200348	0.004809775855392218	0.2116807997226715	0.18894179165363312	0.006670087575912476	0.015620515681803226	0.028091592714190483	0.006658107507973909
1193	pride	../final/models/models_2nd_run/model2_10	../final/models/models_2nd_run/model2_10	excitement	0.3409861624240875	0.1953587830066681	0.005644398275762796	0.006678989622741938	0.005269936285912991	0.12523479759693146	0.003113401588052511	0.2878210246562958	0.3409861624240875	0.003956219181418419	0.005373056046664715	0.015144268982112408	0.005418981891125441
693	neutral	../final/models/models_2nd_run/model2_10	../final/models/models_2nd_run/model2_10	neutral	0.4197418689727783	0.4197418689727783	0.16169844567775726	0.02084679715335369	0.015848489478230476	0.1410246342420578	0.03537367284297943	0.0969763919711113	0.07383248209953308	0.00654580956324935	0.01236591674387455	0.007855514995753765	0.007889954373240471
1132	neutral	../final/models/models_2nd_run/model2_10	../final/models/models_2nd_run/model2_10	neutral	0.4450773596763611	0.4450773596763611	0.010580704547464848	0.01340634748339653	0.009244651533663273	0.13109280169010162	0.004748384468257427	0.24806419014930725	0.1006748229265213	0.006957778707146645	0.01027629803866148	0.01320874597877264	0.006667880341410637
859	joy	../final/models/models_2nd_run/model2_10	../final/models/models_2nd_run/model2_10	joy	0.3827590048313141	0.2936905026435852	0.0044365799985826015	0.005767521448433399	0.00382750085555017	0.04902154952287674	0.0032325261272490025	0.3827590048313141	0.22667114436626434	0.004713207483291626	0.007292784284800291	0.013203134760260582	0.0053845979273319244
534	surprise	../final/models/models_2nd_run/model2_10	../final/models/models_2nd_run/model2_10	excitement	0.670198917388916	0.14027297496795654	0.00462358258664608	0.004089235328137875	0.0036757923662662506	0.03973433002829552	0.003726463532075286	0.09771515429019928	0.670198917388916	0.003448259551078081	0.0050567868165671825	0.021733324974775314	0.0057251607067883015
778	excitement	../final/models/models_2nd_run/model2_10	../final/models/models_2nd_run/model2_10	excitement	0.32437485456466675	0.21198849380016327	0.007658838760107756	0.006259752903133631	0.0054056160151958466	0.1392407864332199	0.0036745937541127205	0.26791709661483765	0.32437485456466675	0.004113862290978432	0.006631713826209307	0.01683005504310131	0.005904249381273985
367	pride	../final/models/models_2nd_run/model2_10	../final/models/models_2nd_run/model2_10	pride	0.8096951246261597	0.04513010382652283	0.016506578773260117	0.004561963025480509	0.01587919518351555	0.8096951246261597	0.0033501104917377234	0.045296087861061096	0.03818022459745407	0.0035835306625813246	0.006223983131349087	0.005217751953750849	0.00637535797432065
361	excitement	../final/models/models_2nd_run/model2_10	../final/models/models_2nd_run/model2_10	excitement	0.3816799521446228	0.17044255137443542	0.007035364862531424	0.00570370489731431	0.006775814574211836	0.11694395542144775	0.0037053318228572607	0.27456846833229065	0.3816799521446228	0.004827956203371286	0.007498844526708126	0.01609206572175026	0.004726010840386152
721	excitement	../final/models/models_2nd_run/model2_10	../final/models/models_2nd_run/model2_10	joy	0.29252490401268005	0.24499337375164032	0.009678597562015057	0.007575453259050846	0.00734110688790679	0.1437784731388092	0.004706663079559803	0.29252490401268005	0.2477974146604538	0.005281251389533281	0.010804671794176102	0.019910620525479317	0.005607485305517912
873	pride	../final/models/models_2nd_run/model2_10	../final/models/models_2nd_run/model2_10	pride	0.849864661693573	0.033458512276411057	0.013408957049250603	0.0030339418444782495	0.01461120042949915	0.849864661693573	0.0027604380156844854	0.03154812380671501	0.03395888954401016	0.0027054229285568	0.005100561305880547	0.004372800700366497	0.005176660139113665
636	neutral	../final/models/models_2nd_run/model2_10	../final/models/models_2nd_run/model2_10	neutral	0.3400576114654541	0.3400576114654541	0.01730695553123951	0.011823914013803005	0.011270677670836449	0.14133155345916748	0.006794025655835867	0.2863011062145233	0.1406511664390564	0.008349090814590454	0.011496951803565025	0.018209191039204597	0.006407859269529581
123	excitement	../final/models/models_2nd_run/model2_10	../final/models/models_2nd_run/model2_10	pride	0.6975117325782776	0.06395994126796722	0.013555590994656086	0.0040962062776088715	0.013924246653914452	0.6975117325782776	0.0034409095533192158	0.07633114606142044	0.10195928812026978	0.0038482588715851307	0.007444501388818026	0.00800266582518816	0.0059255012311041355
328	confusion	../final/models/models_2nd_run/model2_10	../final/models/models_2nd_run/model2_10	nervousness	0.2695229649543762	0.1619952917098999	0.2695229649543762	0.26762208342552185	0.07190201431512833	0.055812444537878036	0.05894763767719269	0.03358396515250206	0.019997181370854378	0.02474619448184967	0.016839222982525826	0.009360852651298046	0.009670178405940533
461	surprise	../final/models/models_2nd_run/model2_10	../final/models/models_2nd_run/model2_10	excitement	0.5531944632530212	0.1433006078004837	0.0031555527821183205	0.004084028769284487	0.0040429821237921715	0.032297227531671524	0.003474182914942503	0.20400576293468475	0.5531944632530212	0.006065039895474911	0.009622308425605297	0.030813654884696007	0.005944142118096352
247	joy	../final/models/models_2nd_run/model2_10	../final/models/models_2nd_run/model2_10	neutral	0.44427844882011414	0.44427844882011414	0.031426459550857544	0.01608910597860813	0.017634987831115723	0.201422780752182	0.0123194744810462	0.10927186906337738	0.11555354297161102	0.008867987431585789	0.01427947822958231	0.017439434304833412	0.011416546069085598
974	pride	../final/models/models_2nd_run/model2_10	../final/models/models_2nd_run/model2_10	neutral	0.4550260007381439	0.4550260007381439	0.0075826807878911495	0.013629083521664143	0.009721296839416027	0.06815366446971893	0.0059598712250590324	0.21054202318191528	0.1787860244512558	0.010485777631402016	0.010791433043777943	0.02229446917772293	0.007027583196759224
409	excitement	../final/models/models_2nd_run/model2_10	../final/models/models_2nd_run/model2_10	joy	0.47172582149505615	0.1951431930065155	0.0055557857267558575	0.0053262063302099705	0.0032726412173360586	0.05795368552207947	0.003236445365473628	0.47172582149505615	0.23007723689079285	0.0034085006918758154	0.007470232900232077	0.012695363722741604	0.004134876187890768
51	confusion	../final/models/models_2nd_run/model2_10	../final/models/models_2nd_run/model2_10	embarrassment	0.6233561038970947	0.04081486165523529	0.09614691138267517	0.027995586395263672	0.6233561038970947	0.033673081547021866	0.020885422825813293	0.012725776061415672	0.011460639536380768	0.07192423939704895	0.04123857617378235	0.009587245061993599	0.01019157376140356
155	surprise	../final/models/models_2nd_run/model2_10	../final/models/models_2nd_run/model2_10	excitement	0.6972900629043579	0.08991922438144684	0.003424895228818059	0.0032172040082514286	0.0024092746898531914	0.019047081470489502	0.002834067912772298	0.1575915813446045	0.6972900629043579	0.0024815385695546865	0.004252040758728981	0.014188962057232857	0.003344012191519141
1248	excitement	../final/models/models_2nd_run/model2_10	../final/models/models_2nd_run/model2_10	neutral	0.33783158659935	0.33783158659935	0.022081250324845314	0.009676727466285229	0.015391737222671509	0.27241432666778564	0.007673249114304781	0.1791154444217682	0.11082553118467331	0.008004131726920605	0.013890272937715054	0.014287753961980343	0.00880795530974865
231	excitement	../final/models/models_2nd_run/model2_10	../final/models/models_2nd_run/model2_10	neutral	0.5662502646446228	0.5662502646446228	0.053467292338609695	0.031691115349531174	0.03499063849449158	0.12196648865938187	0.018745096400380135	0.04993661865592003	0.04697587341070175	0.015612703748047352	0.023866917937994003	0.01897301897406578	0.017523987218737602
1189	pride	../final/models/models_2nd_run/model2_10	../final/models/models_2nd_run/model2_10	pride	0.85430908203125	0.028673160821199417	0.018611015751957893	0.003940613474696875	0.027418505400419235	0.85430908203125	0.003230892587453127	0.02257227711379528	0.02151823602616787	0.003428712487220764	0.005275804549455643	0.0045471168123185635	0.006474464666098356
210	pride	../final/models/models_2nd_run/model2_10	../final/models/models_2nd_run/model2_10	excitement	0.5557461977005005	0.1748870611190796	0.00817161425948143	0.006127433385699987	0.005751235876232386	0.06014719232916832	0.00549338199198246	0.12367785722017288	0.5557461977005005	0.003540494479238987	0.005687756929546595	0.04560641944408417	0.005163395311683416
63	pride	../final/models/models_2nd_run/model2_10	../final/models/models_2nd_run/model2_10	neutral	0.4094824492931366	0.4094824492931366	0.016877373680472374	0.012882563285529613	0.011901358142495155	0.18397067487239838	0.007792755030095577	0.13580240309238434	0.17621640861034393	0.006692736409604549	0.008005646988749504	0.020949658006429672	0.009425925090909004
1045	neutral	../final/models/models_2nd_run/model2_10	../final/models/models_2nd_run/model2_10	nervousness	0.7391311526298523	0.023599747568368912	0.7391311526298523	0.020054403692483902	0.011690285988152027	0.014858124777674675	0.14130526781082153	0.019071074202656746	0.011191039346158504	0.005520288832485676	0.0066190073266625404	0.0031163529492914677	0.003843175945803523
715	neutral	../final/models/models_2nd_run/model2_10	../final/models/models_2nd_run/model2_10	neutral	0.38607627153396606	0.38607627153396606	0.014568720012903214	0.008296028710901737	0.008761165663599968	0.1561555117368698	0.005814725067466497	0.21267111599445343	0.16951972246170044	0.005597203504294157	0.009920144453644753	0.01598512940108776	0.006634275894612074
23	joy	../final/models/models_2nd_run/model2_10	../final/models/models_2nd_run/model2_10	joy	0.35377514362335205	0.24427706003189087	0.04239264503121376	0.026505909860134125	0.014797206036746502	0.15390722453594208	0.010951724834740162	0.35377514362335205	0.11801260709762573	0.007204082794487476	0.009232118725776672	0.013453012332320213	0.00549117149785161
265	excitement	../final/models/models_2nd_run/model2_10	../final/models/models_2nd_run/model2_10	neutral	0.34139108657836914	0.34139108657836914	0.04880766570568085	0.02956690825521946	0.04188708961009979	0.22120057046413422	0.014676859602332115	0.1340130865573883	0.1033346951007843	0.021302662789821625	0.01288594864308834	0.018529443070292473	0.0124040013179183
1265	excitement	../final/models/models_2nd_run/model2_10	../final/models/models_2nd_run/model2_10	joy	0.5131509900093079	0.19608590006828308	0.004932851064950228	0.007047623861581087	0.0037181954830884933	0.034357279539108276	0.0037130857817828655	0.5131509900093079	0.20902405679225922	0.004510638304054737	0.005581853911280632	0.01339081022888422	0.0044866641983389854
76	joy	../final/models/models_2nd_run/model2_10	../final/models/models_2nd_run/model2_10	joy	0.32980942726135254	0.2238694578409195	0.015468316152691841	0.015408605337142944	0.009744892828166485	0.20169004797935486	0.005076213274151087	0.32980942726135254	0.16722819209098816	0.003954701125621796	0.008678593672811985	0.01412709429860115	0.004944493994116783
996	joy	../final/models/models_2nd_run/model2_10	../final/models/models_2nd_run/model2_10	neutral	0.4994504749774933	0.4994504749774933	0.017471812665462494	0.0102635957300663	0.012126529589295387	0.22192919254302979	0.0070229098200798035	0.10245799273252487	0.09262508898973465	0.005760290659964085	0.008270135149359703	0.013273266144096851	0.009348697029054165
192	neutral	../final/models/models_2nd_run/model2_10	../final/models/models_2nd_run/model2_10	neutral	0.42639046907424927	0.42639046907424927	0.01365260872989893	0.010938571766018867	0.009831485338509083	0.06927011907100677	0.007769461255520582	0.2984788417816162	0.10631468147039413	0.010007794015109539	0.01708206906914711	0.022554848343133926	0.007709024474024773
209	pride	../final/models/models_2nd_run/model2_10	../final/models/models_2nd_run/model2_10	neutral	0.3843739926815033	0.3843739926815033	0.011197599582374096	0.006767351645976305	0.008672569878399372	0.18195267021656036	0.004539274610579014	0.23306185007095337	0.13004034757614136	0.007632123772054911	0.010724525898694992	0.013217919506132603	0.007819902151823044
332	neutral	../final/models/models_2nd_run/model2_10	../final/models/models_2nd_run/model2_10	neutral	0.44986745715141296	0.44986745715141296	0.039100900292396545	0.020189423114061356	0.023310763761401176	0.13690082728862762	0.012996654026210308	0.17548957467079163	0.07876162230968475	0.011140629649162292	0.024161754176020622	0.021049125120043755	0.007031343877315521
618	joy	../final/models/models_2nd_run/model2_10	../final/models/models_2nd_run/model2_10	neutral	0.3348953127861023	0.3348953127861023	0.005800026468932629	0.007035867776721716	0.005438896827399731	0.0599546954035759	0.004603251349180937	0.21441033482551575	0.32292208075523376	0.004953922238200903	0.0070661576464772224	0.02796516753733158	0.004954260308295488
1124	excitement	../final/models/models_2nd_run/model2_10	../final/models/models_2nd_run/model2_10	neutral	0.3710094094276428	0.3710094094276428	0.01802126318216324	0.009731579571962357	0.00993812084197998	0.0981123149394989	0.009220688603818417	0.1185840517282486	0.320214182138443	0.007853002287447453	0.011312303133308887	0.017071280628442764	0.008931855671107769
101	surprise	../final/models/models_2nd_run/model2_10	../final/models/models_2nd_run/model2_10	neutral	0.33101457357406616	0.33101457357406616	0.04486185312271118	0.026437589898705482	0.023415157571434975	0.21164047718048096	0.015367910265922546	0.16381289064884186	0.13622745871543884	0.009999483823776245	0.014457675628364086	0.015516613610088825	0.007248328533023596
585	excitement	../final/models/models_2nd_run/model2_10	../final/models/models_2nd_run/model2_10	excitement	0.5592809915542603	0.164724662899971	0.03022123873233795	0.012421497143805027	0.008088162168860435	0.05197325348854065	0.009360665455460548	0.1192135140299797	0.5592809915542603	0.0071817440912127495	0.006486553233116865	0.019531240686774254	0.011516429483890533
425	pride	../final/models/models_2nd_run/model2_10	../final/models/models_2nd_run/model2_10	neutral	0.30461451411247253	0.30461451411247253	0.01461850292980671	0.007521211635321379	0.007686886470764875	0.23385009169578552	0.005415626335889101	0.20752152800559998	0.18172304332256317	0.006602700334042311	0.009468350559473038	0.011580494232475758	0.0093970512971282
1133	joy	../final/models/models_2nd_run/model2_10	../final/models/models_2nd_run/model2_10	neutral	0.29254481196403503	0.29254481196403503	0.025873420760035515	0.00975456740707159	0.016681302338838577	0.28300872445106506	0.006671970710158348	0.17207595705986023	0.14494194090366364	0.0065861474722623825	0.014222342520952225	0.02051294781267643	0.00712581118568778
1164	neutral	../final/models/models_2nd_run/model2_10	../final/models/models_2nd_run/model2_10	neutral	0.697365939617157	0.697365939617157	0.01694440096616745	0.011809073388576508	0.007002375088632107	0.06501290202140808	0.010888815857470036	0.07931598275899887	0.07222530990839005	0.00718907592818141	0.013101992197334766	0.00949106551706791	0.009652975015342236
893	joy	../final/models/models_2nd_run/model2_10	../final/models/models_2nd_run/model2_10	neutral	0.3843052089214325	0.3843052089214325	0.026460405439138412	0.0127252247184515	0.016065943986177444	0.1842261403799057	0.009279267862439156	0.21161513030529022	0.11057563871145248	0.00767785357311368	0.013503245078027248	0.01708953082561493	0.006476410198956728
519	joy	../final/models/models_2nd_run/model2_10	../final/models/models_2nd_run/model2_10	neutral	0.5419793725013733	0.5419793725013733	0.012593617662787437	0.013661088421940804	0.010764149017632008	0.06969262659549713	0.009330255910754204	0.11568351835012436	0.16330446302890778	0.011993592604994774	0.015357852913439274	0.0249568410217762	0.010682612657546997
1070	excitement	../final/models/models_2nd_run/model2_10	../final/models/models_2nd_run/model2_10	excitement	0.3909201920032501	0.22271224856376648	0.009445604868233204	0.008147412911057472	0.007640171330422163	0.09137266129255295	0.005773542448878288	0.22177645564079285	0.3909201920032501	0.007180508226156235	0.008271411992609501	0.02033207193017006	0.006427787709981203
1022	pride	../final/models/models_2nd_run/model2_10	../final/models/models_2nd_run/model2_10	neutral	0.3191137909889221	0.3191137909889221	0.013918616808950901	0.007793862372636795	0.008791955187916756	0.13658949732780457	0.005022408440709114	0.26887258887290955	0.20008672773838043	0.006224184762686491	0.010054918937385082	0.017339790239930153	0.00619172677397728
168	joy	../final/models/models_2nd_run/model2_10	../final/models/models_2nd_run/model2_10	nervousness	0.42265382409095764	0.07823266088962555	0.42265382409095764	0.17811478674411774	0.10559642314910889	0.02820313535630703	0.0839264765381813	0.012754918076097965	0.012843211181461811	0.03642857447266579	0.01945931650698185	0.006406615953892469	0.01538009475916624
435	disgust	../final/models/models_2nd_run/model2_10	../final/models/models_2nd_run/model2_10	disgust	0.40692493319511414	0.02665446139872074	0.14214998483657837	0.060243088752031326	0.10653150081634521	0.008299716748297215	0.2053024172782898	0.00878195371478796	0.005599835887551308	0.40692493319511414	0.014580132439732552	0.004254997707903385	0.010677010752260685
1149	joy	../final/models/models_2nd_run/model2_10	../final/models/models_2nd_run/model2_10	joy	0.5075913071632385	0.16799859702587128	0.003990936558693647	0.007123633287847042	0.003179288934916258	0.02800116129219532	0.003345122095197439	0.5075913071632385	0.25413036346435547	0.0030309485737234354	0.005148977506905794	0.01321469247341156	0.003244955325499177
282	pride	../final/models/models_2nd_run/model2_10	../final/models/models_2nd_run/model2_10	pride	0.38085222244262695	0.2715880572795868	0.016850965097546577	0.011980531737208366	0.012045081704854965	0.38085222244262695	0.005308771971613169	0.16160951554775238	0.10075879096984863	0.00735396146774292	0.006913534831255674	0.00983817782253027	0.014900431968271732
941	neutral	../final/models/models_2nd_run/model2_10	../final/models/models_2nd_run/model2_10	neutral	0.49309784173965454	0.49309784173965454	0.061567272990942	0.04518614336848259	0.026417715474963188	0.10471143573522568	0.021329572424292564	0.10414602607488632	0.0726432204246521	0.013950956985354424	0.024834509938955307	0.02079235576093197	0.011322863399982452
1233	excitement	../final/models/models_2nd_run/model2_10	../final/models/models_2nd_run/model2_10	pride	0.829691469669342	0.03924879804253578	0.015530374832451344	0.004188522696495056	0.016739949584007263	0.829691469669342	0.0031807993073016405	0.03618095442652702	0.03407207131385803	0.0034640326630324125	0.006040711887180805	0.005406665150076151	0.006255569402128458
643	joy	../final/models/models_2nd_run/model2_10	../final/models/models_2nd_run/model2_10	joy	0.5797476768493652	0.1914934366941452	0.005241649225354195	0.006383345928043127	0.00342353037558496	0.05366130173206329	0.0029820522759109735	0.5797476768493652	0.13526961207389832	0.0033802681136876345	0.00505289901047945	0.009482474997639656	0.0038816994056105614
885	neutral	../final/models/models_2nd_run/model2_10	../final/models/models_2nd_run/model2_10	excitement	0.3561326265335083	0.2334061712026596	0.02704785205423832	0.007742840331047773	0.010747977532446384	0.14967402815818787	0.008017749525606632	0.16478542983531952	0.3561326265335083	0.005009619984775782	0.012385454960167408	0.0196093637496233	0.005440829321742058
1234	fear	../final/models/models_2nd_run/model2_10	../final/models/models_2nd_run/model2_10	nervousness	0.397422194480896	0.18299691379070282	0.397422194480896	0.06857156753540039	0.04438825324177742	0.0836072489619255	0.09801705926656723	0.036888983100652695	0.03755636885762215	0.01330132782459259	0.018164511770009995	0.008219603449106216	0.010865926742553711
413	neutral	../final/models/models_2nd_run/model2_10	../final/models/models_2nd_run/model2_10	excitement	0.47424712777137756	0.21348921954631805	0.002810088451951742	0.0057082269340753555	0.0041293492540717125	0.02202255092561245	0.004858620930463076	0.21654878556728363	0.47424712777137756	0.00800945796072483	0.005854437127709389	0.03635980188846588	0.0059623438864946365
196	neutral	../final/models/models_2nd_run/model2_10	../final/models/models_2nd_run/model2_10	neutral	0.5325575470924377	0.5325575470924377	0.01382770948112011	0.012428606860339642	0.011336353607475758	0.08485934138298035	0.006903912406414747	0.1878930926322937	0.09687581658363342	0.008895027451217175	0.018024461343884468	0.02066638693213463	0.005731724202632904
438	excitement	../final/models/models_2nd_run/model2_10	../final/models/models_2nd_run/model2_10	pride	0.7918152809143066	0.059793032705783844	0.015276480466127396	0.004055418539792299	0.012126368470489979	0.7918152809143066	0.0035298762377351522	0.04909152537584305	0.041963785886764526	0.0036614127457141876	0.006330684293061495	0.005776064470410347	0.006580174434930086
660	neutral	../final/models/models_2nd_run/model2_10	../final/models/models_2nd_run/model2_10	excitement	0.36683544516563416	0.21561512351036072	0.004727825056761503	0.0054040104150772095	0.003726925468072295	0.04818611592054367	0.003222482744604349	0.320738285779953	0.36683544516563416	0.004471526015549898	0.006056375801563263	0.016253411769866943	0.004762484226375818
1260	neutral	../final/models/models_2nd_run/model2_10	../final/models/models_2nd_run/model2_10	nervousness	0.2599940299987793	0.24808403849601746	0.2599940299987793	0.13200484216213226	0.08529524505138397	0.07711168378591537	0.0541827566921711	0.045985039323568344	0.02592996321618557	0.02462736703455448	0.019242286682128906	0.014999634586274624	0.012543168850243092
695	nervousness	../final/models/models_2nd_run/model2_10	../final/models/models_2nd_run/model2_10	excitement	0.45821067690849304	0.14852915704250336	0.009463263675570488	0.005834444426000118	0.02076084539294243	0.03975497931241989	0.006442811340093613	0.07534996420145035	0.45821067690849304	0.006556396372616291	0.010751786641776562	0.21316121518611908	0.005184454377740622
892	joy	../final/models/models_2nd_run/model2_10	../final/models/models_2nd_run/model2_10	neutral	0.6872840523719788	0.6872840523719788	0.009914238005876541	0.009471891447901726	0.004547767341136932	0.030192425474524498	0.009171738289296627	0.12595351040363312	0.08269736915826797	0.011594275012612343	0.009036185219883919	0.010080280713737011	0.010056271217763424
220	joy	../final/models/models_2nd_run/model2_10	../final/models/models_2nd_run/model2_10	neutral	0.4614393711090088	0.4614393711090088	0.008496304042637348	0.013984590768814087	0.008108853362500668	0.054325170814991	0.0041800932958722115	0.27324554324150085	0.13145729899406433	0.006890920922160149	0.012573997490108013	0.017112242057919502	0.008185641840100288
889	pride	../final/models/models_2nd_run/model2_10	../final/models/models_2nd_run/model2_10	neutral	0.3360302746295929	0.3360302746295929	0.025919374078512192	0.009369663894176483	0.014300812967121601	0.2529376447200775	0.008700454607605934	0.14068345725536346	0.16169199347496033	0.0072300024330616	0.017527546733617783	0.017313946038484573	0.00829471554607153
528	neutral	../final/models/models_2nd_run/model2_10	../final/models/models_2nd_run/model2_10	joy	0.3499806523323059	0.287613183259964	0.009290548972785473	0.009361852891743183	0.007065662648528814	0.1351839154958725	0.004283365327864885	0.3499806523323059	0.1663960963487625	0.005608598235994577	0.007038166280835867	0.012187588959932327	0.0059904311783611774
478	excitement	../final/models/models_2nd_run/model2_10	../final/models/models_2nd_run/model2_10	joy	0.38766610622406006	0.31488505005836487	0.01052393764257431	0.011310980655252934	0.006132443435490131	0.06734304875135422	0.0052338093519210815	0.38766610622406006	0.16366159915924072	0.005724368616938591	0.00760755455121398	0.014609904028475285	0.0053012133575975895
620	excitement	../final/models/models_2nd_run/model2_10	../final/models/models_2nd_run/model2_10	excitement	0.5683678388595581	0.10600706189870834	0.006157105788588524	0.004901289939880371	0.003525950014591217	0.031282007694244385	0.0036414628848433495	0.24831430613994598	0.5683678388595581	0.0028310599736869335	0.0056893411092460155	0.015819460153579712	0.003463182132691145
270	neutral	../final/models/models_2nd_run/model2_10	../final/models/models_2nd_run/model2_10	neutral	0.6595929861068726	0.6595929861068726	0.03588290885090828	0.014543872326612473	0.011243151500821114	0.0894692912697792	0.015011570416390896	0.0814974308013916	0.0478820763528347	0.00959022156894207	0.01331261545419693	0.01012563705444336	0.011848308145999908
261	neutral	../final/models/models_2nd_run/model2_10	../final/models/models_2nd_run/model2_10	joy	0.388484925031662	0.28006693720817566	0.0072446283884346485	0.008856750093400478	0.006087631452828646	0.10714221000671387	0.003468120004981756	0.388484925031662	0.1704079955816269	0.004396061412990093	0.0066111464984714985	0.01245583314448595	0.004777805879712105
81	pride	../final/models/models_2nd_run/model2_10	../final/models/models_2nd_run/model2_10	joy	0.5410161018371582	0.20675072073936462	0.005701021291315556	0.005139938089996576	0.004026918672025204	0.08109597861766815	0.003028094070032239	0.5410161018371582	0.13069191575050354	0.003950712736696005	0.006577884312719107	0.00773770222440362	0.004283026326447725
1135	embarrassment	../final/models/models_2nd_run/model2_10	../final/models/models_2nd_run/model2_10	embarrassment	0.30139797925949097	0.05386430025100708	0.13420887291431427	0.2390366941690445	0.30139797925949097	0.018538737669587135	0.055792517960071564	0.012798796407878399	0.009340071119368076	0.1371629238128662	0.016935279592871666	0.009062075056135654	0.011861755512654781
78	pride	../final/models/models_2nd_run/model2_10	../final/models/models_2nd_run/model2_10	neutral	0.4145098626613617	0.4145098626613617	0.1224522590637207	0.018517810851335526	0.026672927662730217	0.0975988507270813	0.07725893706083298	0.02052457630634308	0.03559185564517975	0.04072673246264458	0.00885727722197771	0.00741221196949482	0.1298767775297165
599	joy	../final/models/models_2nd_run/model2_10	../final/models/models_2nd_run/model2_10	neutral	0.2924814224243164	0.2924814224243164	0.1403089314699173	0.05768778920173645	0.04492507129907608	0.24744504690170288	0.014285131357610226	0.07419458031654358	0.04992910847067833	0.02138892188668251	0.012919776141643524	0.009728039614856243	0.0347062386572361
551	excitement	../final/models/models_2nd_run/model2_10	../final/models/models_2nd_run/model2_10	neutral	0.28886157274246216	0.28886157274246216	0.1379278302192688	0.05941322445869446	0.06804021447896957	0.12673938274383545	0.06548463553190231	0.08559688925743103	0.05046303942799568	0.07120504230260849	0.022030390799045563	0.00997504498809576	0.014262588694691658
58	surprise	../final/models/models_2nd_run/model2_10	../final/models/models_2nd_run/model2_10	excitement	0.3685282766819	0.2165212333202362	0.005151912569999695	0.006105445325374603	0.005249593406915665	0.07131327688694	0.003102164249867201	0.2837661802768707	0.3685282766819	0.0046183448284864426	0.008742519654333591	0.021130122244358063	0.005771029274910688
1108	nervousness	../final/models/models_2nd_run/model2_10	../final/models/models_2nd_run/model2_10	anger	0.6892114877700806	0.05573630705475807	0.023600393906235695	0.02438323386013508	0.01474559772759676	0.009971125982701778	0.006937748286873102	0.0048074619844555855	0.003222223138436675	0.1595900058746338	0.0052086287178099155	0.002585663227364421	0.6892114877700806
464	pride	../final/models/models_2nd_run/model2_10	../final/models/models_2nd_run/model2_10	joy	0.4637722969055176	0.20601032674312592	0.0041099428199231625	0.0050124223344028	0.003135859267786145	0.038172196596860886	0.0031076273880898952	0.4637722969055176	0.24835290014743805	0.00375159690156579	0.007086325436830521	0.012565593235194683	0.004922805819660425
700	nervousness	../final/models/models_2nd_run/model2_10	../final/models/models_2nd_run/model2_10	pride	0.7666548490524292	0.043981779366731644	0.049585048109292984	0.006945967208594084	0.03336432948708534	0.7666548490524292	0.006557277869433165	0.03400397673249245	0.03598479554057121	0.004117567557841539	0.007572282571345568	0.005059408955276012	0.006172750610858202
1247	disgust	../final/models/models_2nd_run/model2_10	../final/models/models_2nd_run/model2_10	sadness	0.4906766414642334	0.07095888257026672	0.0987042710185051	0.4906766414642334	0.05869368091225624	0.011364253237843513	0.01355880405753851	0.010618004016578197	0.004763152450323105	0.06642819941043854	0.05008180812001228	0.004909994080662727	0.11924239993095398
423	pride	../final/models/models_2nd_run/model2_10	../final/models/models_2nd_run/model2_10	joy	0.604209303855896	0.14433245360851288	0.004403301514685154	0.004192117601633072	0.002926498418673873	0.05832622945308685	0.0026444534305483103	0.604209303855896	0.1583978682756424	0.0031415510457009077	0.005537969060242176	0.008360078558325768	0.0035280855372548103
49	joy	../final/models/models_2nd_run/model2_10	../final/models/models_2nd_run/model2_10	neutral	0.47814610600471497	0.47814610600471497	0.00953490287065506	0.007724132854491472	0.008956789039075375	0.07576553523540497	0.005984903778880835	0.17024537920951843	0.18814623355865479	0.007229151204228401	0.009179245680570602	0.03135530278086662	0.007732343394309282
289	surprise	../final/models/models_2nd_run/model2_10	../final/models/models_2nd_run/model2_10	neutral	0.21006159484386444	0.21006159484386444	0.20764853060245514	0.10195977240800858	0.09372329711914062	0.18092480301856995	0.03411145508289337	0.04577933996915817	0.03342529758810997	0.019833074882626534	0.0432007797062397	0.016652565449476242	0.0126795070245862
1161	excitement	../final/models/models_2nd_run/model2_10	../final/models/models_2nd_run/model2_10	neutral	0.3206219971179962	0.3206219971179962	0.2287159413099289	0.08958005160093307	0.03788784518837929	0.09230763465166092	0.025883642956614494	0.03407534584403038	0.021269071847200394	0.044187355786561966	0.00979255884885788	0.00639395322650671	0.08928468823432922
809	excitement	../final/models/models_2nd_run/model2_10	../final/models/models_2nd_run/model2_10	excitement	0.7866783142089844	0.07796104997396469	0.007378281559795141	0.0039012464694678783	0.0031174467876553535	0.01382604893296957	0.006224360316991806	0.06657561659812927	0.7866783142089844	0.0031908133532851934	0.0056785838678479195	0.02043762244284153	0.005030687432736158
462	joy	../final/models/models_2nd_run/model2_10	../final/models/models_2nd_run/model2_10	neutral	0.311290979385376	0.311290979385376	0.012812834233045578	0.010165848769247532	0.010004019364714622	0.13593924045562744	0.006190675310790539	0.25823667645454407	0.212560772895813	0.006113287527114153	0.010402305983006954	0.02081485465168953	0.005468597635626793
439	excitement	../final/models/models_2nd_run/model2_10	../final/models/models_2nd_run/model2_10	excitement	0.3546503186225891	0.26866307854652405	0.008468633517622948	0.007965550757944584	0.007127408403903246	0.09386247396469116	0.003969872370362282	0.21794401109218597	0.3546503186225891	0.004174028057605028	0.0069137755781412125	0.020802291110157967	0.0054586404003202915
355	neutral	../final/models/models_2nd_run/model2_10	../final/models/models_2nd_run/model2_10	neutral	0.45630118250846863	0.45630118250846863	0.022148022428154945	0.011685905046761036	0.009987100027501583	0.09910528361797333	0.00846049189567566	0.24886442720890045	0.09871488064527512	0.010145437903702259	0.013526180759072304	0.013374690897762775	0.007686333265155554
428	joy	../final/models/models_2nd_run/model2_10	../final/models/models_2nd_run/model2_10	joy	0.41497743129730225	0.21795019507408142	0.004762620665132999	0.007202166132628918	0.004690392874181271	0.05457478389143944	0.0030070319771766663	0.41497743129730225	0.26143941283226013	0.0043471273966133595	0.005588890518993139	0.0167462807148695	0.00471370667219162
422	pride	../final/models/models_2nd_run/model2_10	../final/models/models_2nd_run/model2_10	joy	0.3766156733036041	0.18254032731056213	0.00755189498886466	0.011111709289252758	0.0046302033588290215	0.04586813971400261	0.00425797700881958	0.3766156733036041	0.33952122926712036	0.003364718984812498	0.0055124214850366116	0.015645546838641167	0.0033801135141402483
374	excitement	../final/models/models_2nd_run/model2_10	../final/models/models_2nd_run/model2_10	joy	0.47374609112739563	0.14922916889190674	0.004329304210841656	0.005451359320431948	0.0029707704670727253	0.049871087074279785	0.002910788869485259	0.47374609112739563	0.2900296449661255	0.002875562058761716	0.004562321584671736	0.010630274191498756	0.0033935110550373793
1084	nervousness	../final/models/models_2nd_run/model2_10	../final/models/models_2nd_run/model2_10	nervousness	0.3412439525127411	0.17358209192752838	0.3412439525127411	0.15990450978279114	0.039558932185173035	0.05257602035999298	0.03263529762625694	0.018765106797218323	0.011204714886844158	0.05318513140082359	0.010186913423240185	0.004095397889614105	0.10306192934513092
667	excitement	../final/models/models_2nd_run/model2_10	../final/models/models_2nd_run/model2_10	excitement	0.8766740560531616	0.04040505737066269	0.003263888880610466	0.0025260411202907562	0.0019236680818721652	0.006451339460909367	0.003301320131868124	0.039267610758543015	0.8766740560531616	0.0023228575009852648	0.0033512639347463846	0.017221268266439438	0.003291552886366844
666	disgust	../final/models/models_2nd_run/model2_10	../final/models/models_2nd_run/model2_10	disgust	0.8385977745056152	0.017016811296343803	0.012054056860506535	0.02526005730032921	0.043057553470134735	0.00413904245942831	0.0069070965982973576	0.0030068913474678993	0.0017876134952530265	0.8385977745056152	0.00581148499622941	0.0017182411393150687	0.04064339026808739
1037	excitement	../final/models/models_2nd_run/model2_10	../final/models/models_2nd_run/model2_10	pride	0.5634549260139465	0.0854049101471901	0.020610401406884193	0.005834594834595919	0.013540893793106079	0.5634549260139465	0.005309227388352156	0.07226680219173431	0.20365527272224426	0.004201000090688467	0.008510385639965534	0.010525724850594997	0.006685913074761629
1183	excitement	../final/models/models_2nd_run/model2_10	../final/models/models_2nd_run/model2_10	pride	0.35522371530532837	0.2478865683078766	0.03881687670946121	0.0140756294131279	0.020884819328784943	0.35522371530532837	0.011040298268198967	0.14782096445560455	0.11865775287151337	0.0078061954118311405	0.012038340792059898	0.016630014404654503	0.009118801914155483
714	neutral	../final/models/models_2nd_run/model2_10	../final/models/models_2nd_run/model2_10	excitement	0.7477560043334961	0.07010778039693832	0.011129474267363548	0.0037405258044600487	0.004639531951397657	0.015083558857440948	0.007323799654841423	0.07231813669204712	0.7477560043334961	0.002771286992356181	0.03635188564658165	0.02494107186794281	0.0038369428366422653
208	joy	../final/models/models_2nd_run/model2_10	../final/models/models_2nd_run/model2_10	joy	0.4059228301048279	0.36303672194480896	0.008798640221357346	0.01069775689393282	0.005837622564285994	0.03646619990468025	0.006296352483332157	0.4059228301048279	0.12235552072525024	0.007798334583640099	0.009528393857181072	0.01742512173950672	0.005836509168148041
240	excitement	../final/models/models_2nd_run/model2_10	../final/models/models_2nd_run/model2_10	excitement	0.6423459649085999	0.10494568943977356	0.003029054496437311	0.0032275652047246695	0.0026934442576020956	0.016299357637763023	0.002832604805007577	0.1949852555990219	0.6423459649085999	0.003155328566208482	0.005163121968507767	0.017242038622498512	0.004080628044903278
999	neutral	../final/models/models_2nd_run/model2_10	../final/models/models_2nd_run/model2_10	joy	0.5279412865638733	0.1556338667869568	0.0038031351286917925	0.005461821798235178	0.002993288217112422	0.027753198519349098	0.0032330872491002083	0.5279412865638733	0.24833734333515167	0.00361992116086185	0.005441802088171244	0.012162196449935436	0.00361903035081923
243	neutral	../final/models/models_2nd_run/model2_10	../final/models/models_2nd_run/model2_10	joy	0.33737683296203613	0.22281019389629364	0.009161964058876038	0.007408978883177042	0.006765279918909073	0.1441655308008194	0.003892412642017007	0.33737683296203613	0.23869334161281586	0.004317384213209152	0.006417681463062763	0.013487638905644417	0.0055027310736477375
602	pride	../final/models/models_2nd_run/model2_10	../final/models/models_2nd_run/model2_10	pride	0.7277011871337891	0.06517268717288971	0.013375685550272465	0.00572895398363471	0.013291792012751102	0.7277011871337891	0.003057359717786312	0.08438792079687119	0.06502094864845276	0.0035280806478112936	0.00602306891232729	0.0066788396798074245	0.006033466197550297
983	pride	../final/models/models_2nd_run/model2_10	../final/models/models_2nd_run/model2_10	neutral	0.31658872961997986	0.31658872961997986	0.018217023462057114	0.009238217957317829	0.01196417585015297	0.2869913578033447	0.006935016252100468	0.1317751109600067	0.1761387139558792	0.005816244520246983	0.010522427037358284	0.016532178968191147	0.009280895814299583
1061	neutral	../final/models/models_2nd_run/model2_10	../final/models/models_2nd_run/model2_10	neutral	0.40178778767585754	0.40178778767585754	0.014823456294834614	0.011657627299427986	0.008024285547435284	0.14748387038707733	0.006366617977619171	0.22913803160190582	0.14862273633480072	0.006909599993377924	0.005660410970449448	0.010676954872906208	0.008848602883517742
984	excitement	../final/models/models_2nd_run/model2_10	../final/models/models_2nd_run/model2_10	excitement	0.8231262564659119	0.06213558465242386	0.004962927661836147	0.0031364141032099724	0.002585717709735036	0.017818715423345566	0.0036203006748110056	0.059387508779764175	0.8231262564659119	0.0021964842453598976	0.0035346022341400385	0.014249115251004696	0.003246268955990672
765	joy	../final/models/models_2nd_run/model2_10	../final/models/models_2nd_run/model2_10	joy	0.502130389213562	0.14064116775989532	0.003865006845444441	0.004274500068277121	0.0030522949527949095	0.055845923721790314	0.002450990956276655	0.502130389213562	0.2649398148059845	0.0028617694042623043	0.004672686569392681	0.011722992174327374	0.0035424481611698866
174	pride	../final/models/models_2nd_run/model2_10	../final/models/models_2nd_run/model2_10	neutral	0.4115251302719116	0.4115251302719116	0.04536637291312218	0.015538536943495274	0.030360201373696327	0.23280777037143707	0.011670275591313839	0.10769350081682205	0.08003002405166626	0.011230469681322575	0.025201531127095222	0.018407326191663742	0.010168937034904957
814	excitement	../final/models/models_2nd_run/model2_10	../final/models/models_2nd_run/model2_10	excitement	0.4117678999900818	0.11779632419347763	0.0034500127658247948	0.004029502160847187	0.002779488218948245	0.034263841807842255	0.0024519190192222595	0.3985741436481476	0.4117678999900818	0.0028376136906445026	0.0049223387613892555	0.013351712375879288	0.003775290446355939
994	pride	../final/models/models_2nd_run/model2_10	../final/models/models_2nd_run/model2_10	neutral	0.308621346950531	0.308621346950531	0.012609210796654224	0.008696356788277626	0.011970773339271545	0.17854492366313934	0.006987529341131449	0.18239867687225342	0.2385294884443283	0.008342986926436424	0.01671833172440529	0.01887647435069084	0.007703850977122784
967	neutral	../final/models/models_2nd_run/model2_10	../final/models/models_2nd_run/model2_10	joy	0.36626920104026794	0.24088436365127563	0.006118878722190857	0.006040340755134821	0.004589200485497713	0.07536544650793076	0.003769088303670287	0.36626920104026794	0.2663328945636749	0.00490003963932395	0.008136402815580368	0.012281244620680809	0.005312930326908827
44	joy	../final/models/models_2nd_run/model2_10	../final/models/models_2nd_run/model2_10	joy	0.3486855924129486	0.3210352659225464	0.008332045748829842	0.007470318116247654	0.006857754662632942	0.12532640993595123	0.004022548440843821	0.3486855924129486	0.1463257074356079	0.006208572071045637	0.008146993815898895	0.011408340185880661	0.006180343218147755
1211	joy	../final/models/models_2nd_run/model2_10	../final/models/models_2nd_run/model2_10	excitement	0.4432283341884613	0.12469431012868881	0.0027614817954599857	0.003663920797407627	0.0026792550925165415	0.02650761604309082	0.002091818256303668	0.3642323613166809	0.4432283341884613	0.002943183993920684	0.006869412958621979	0.016687730327248573	0.00364052876830101
477	excitement	../final/models/models_2nd_run/model2_10	../final/models/models_2nd_run/model2_10	neutral	0.3425573408603668	0.3425573408603668	0.010028411634266376	0.009180453605949879	0.00814293883740902	0.09929122030735016	0.004521183203905821	0.34077635407447815	0.1436002403497696	0.008289121091365814	0.011957702226936817	0.014372942969202995	0.007282029837369919
29	joy	../final/models/models_2nd_run/model2_10	../final/models/models_2nd_run/model2_10	excitement	0.5469496250152588	0.14030544459819794	0.002910083858296275	0.003908614162355661	0.0035532042384147644	0.030438968911767006	0.002836486790329218	0.228462353348732	0.5469496250152588	0.004470726475119591	0.005193636752665043	0.026987584307789803	0.003983333706855774
31	pride	../final/models/models_2nd_run/model2_10	../final/models/models_2nd_run/model2_10	joy	0.5050018429756165	0.20261281728744507	0.004277678672224283	0.0067701623775064945	0.003453416284173727	0.0272725448012352	0.0037462143227458	0.5050018429756165	0.21649257838726044	0.0041706436313688755	0.006524199154227972	0.015559290535748005	0.004118592943996191
1157	joy	../final/models/models_2nd_run/model2_10	../final/models/models_2nd_run/model2_10	joy	0.5935966968536377	0.14515992999076843	0.003303198842331767	0.0038304897025227547	0.002409654902294278	0.026003392413258553	0.0026749889366328716	0.5935966968536377	0.20085406303405762	0.003079373622313142	0.005907857324928045	0.009496765211224556	0.0036835267674177885
382	neutral	../final/models/models_2nd_run/model2_10	../final/models/models_2nd_run/model2_10	joy	0.43278375267982483	0.1676156222820282	0.003611341817304492	0.004623379558324814	0.0031361107248812914	0.04787930101156235	0.002630076138302684	0.43278375267982483	0.313414603471756	0.0028605060651898384	0.004854107741266489	0.012775180861353874	0.003816045355051756
907	neutral	../final/models/models_2nd_run/model2_10	../final/models/models_2nd_run/model2_10	neutral	0.5110684633255005	0.5110684633255005	0.09669113159179688	0.05084098502993584	0.02082050032913685	0.09854364395141602	0.02835751138627529	0.09300537407398224	0.050597596913576126	0.010250931605696678	0.019744904711842537	0.011723433621227741	0.008355499245226383
583	sadness	../final/models/models_2nd_run/model2_10	../final/models/models_2nd_run/model2_10	sadness	0.9273166656494141	0.018020782619714737	0.017463209107518196	0.9273166656494141	0.00583490077406168	0.0024420826230198145	0.00899724941700697	0.006979107391089201	0.0025262036360800266	0.0031737573444843292	0.0029108249582350254	0.0024768949951976538	0.0018582798074930906
86	joy	../final/models/models_2nd_run/model2_10	../final/models/models_2nd_run/model2_10	joy	0.3579879403114319	0.2513978183269501	0.004328930284827948	0.00648855185136199	0.0039053710643202066	0.04151720926165581	0.003997309133410454	0.3579879403114319	0.29608315229415894	0.005360662471503019	0.007267678622156382	0.015602204017341137	0.006063088309019804
1091	pride	../final/models/models_2nd_run/model2_10	../final/models/models_2nd_run/model2_10	pride	0.6285006403923035	0.11536795645952225	0.01689963974058628	0.005746184382587671	0.014425977133214474	0.6285006403923035	0.004109617322683334	0.10442037135362625	0.08197400718927383	0.0050479210913181305	0.007888742722570896	0.007871630601584911	0.007747308351099491
308	fear	../final/models/models_2nd_run/model2_10	../final/models/models_2nd_run/model2_10	nervousness	0.319031298160553	0.1114208772778511	0.319031298160553	0.19186186790466309	0.06979963183403015	0.033460285514593124	0.08386272937059402	0.025642653927206993	0.01441175863146782	0.01756455935537815	0.11657944321632385	0.008390662260353565	0.007974307052791119
756	joy	../final/models/models_2nd_run/model2_10	../final/models/models_2nd_run/model2_10	neutral	0.5114921927452087	0.5114921927452087	0.01651974394917488	0.013252858072519302	0.008882354013621807	0.17793089151382446	0.0076777031645178795	0.12035363167524338	0.10639732331037521	0.007081508636474609	0.006937394384294748	0.010310749523341656	0.013163605704903603
704	neutral	../final/models/models_2nd_run/model2_10	../final/models/models_2nd_run/model2_10	neutral	0.4152161180973053	0.4152161180973053	0.01450301893055439	0.01211473997682333	0.009306684136390686	0.17450498044490814	0.005044266581535339	0.2258896827697754	0.11131811141967773	0.005945704411715269	0.008335927501320839	0.01061274018138647	0.0072080339305102825
70	fear	../final/models/models_2nd_run/model2_10	../final/models/models_2nd_run/model2_10	nervousness	0.4089687764644623	0.059675976634025574	0.4089687764644623	0.16029338538646698	0.05950755998492241	0.01380071695894003	0.1824856996536255	0.016439521685242653	0.009904026985168457	0.06010625138878822	0.013837076723575592	0.006437173578888178	0.008543905802071095
1259	pride	../final/models/models_2nd_run/model2_10	../final/models/models_2nd_run/model2_10	neutral	0.30826520919799805	0.30826520919799805	0.01584557443857193	0.008808963000774384	0.009497539140284061	0.2806926667690277	0.005246907938271761	0.20401884615421295	0.1340877115726471	0.006624684669077396	0.007476568687707186	0.010397124104201794	0.009038141928613186
411	joy	../final/models/models_2nd_run/model2_10	../final/models/models_2nd_run/model2_10	neutral	0.39964279532432556	0.39964279532432556	0.005705320741981268	0.007930804044008255	0.00445064902305603	0.033543940633535385	0.004561928100883961	0.29890865087509155	0.2032962143421173	0.006192122120410204	0.009162353351712227	0.019325729459524155	0.007279450073838234
358	fear	../final/models/models_2nd_run/model2_10	../final/models/models_2nd_run/model2_10	nervousness	0.3512594401836395	0.047921255230903625	0.3512594401836395	0.12592197954654694	0.041985515505075455	0.018246259540319443	0.04856227710843086	0.013482611626386642	0.009269396774470806	0.017115341499447823	0.296648234128952	0.008919857442378998	0.02066785655915737
244	neutral	../final/models/models_2nd_run/model2_10	../final/models/models_2nd_run/model2_10	pride	0.34371939301490784	0.28563153743743896	0.02468283288180828	0.014405102469027042	0.018637649714946747	0.34371939301490784	0.0074168117716908455	0.146139994263649	0.12147068232297897	0.006069405935704708	0.008608067408204079	0.01419457234442234	0.009023874998092651
952	joy	../final/models/models_2nd_run/model2_10	../final/models/models_2nd_run/model2_10	pride	0.8339315056800842	0.03913929685950279	0.018608415499329567	0.004417481832206249	0.01927940547466278	0.8339315056800842	0.003542655846104026	0.0313551165163517	0.02949451468884945	0.0033883126452565193	0.005737869068980217	0.004652390256524086	0.006453013047575951
578	joy	../final/models/models_2nd_run/model2_10	../final/models/models_2nd_run/model2_10	joy	0.4309706389904022	0.09962989389896393	0.0023679400328546762	0.0032271421514451504	0.0019208192825317383	0.026095738634467125	0.001956047723069787	0.4309706389904022	0.413132905960083	0.002126128878444433	0.0037860870361328125	0.011720241978764534	0.003066403092816472
535	pride	../final/models/models_2nd_run/model2_10	../final/models/models_2nd_run/model2_10	neutral	0.4581586718559265	0.4581586718559265	0.04098058491945267	0.014272255823016167	0.020348861813545227	0.12576499581336975	0.01792200282216072	0.12352673709392548	0.14598681032657623	0.012574308551847935	0.013560724444687366	0.018345970660448074	0.008558042347431183
1140	pride	../final/models/models_2nd_run/model2_10	../final/models/models_2nd_run/model2_10	joy	0.5477554798126221	0.17311351001262665	0.003255997085943818	0.004649201408028603	0.0024196007288992405	0.023432590067386627	0.0028664811979979277	0.5477554798126221	0.21731390058994293	0.0035467972047626972	0.0061970846727490425	0.011282754130661488	0.004166593309491873
1175	excitement	../final/models/models_2nd_run/model2_10	../final/models/models_2nd_run/model2_10	excitement	0.6210275292396545	0.1276707649230957	0.0024179411120712757	0.003565536579117179	0.0032060141675174236	0.032574690878391266	0.00205807713791728	0.16905298829078674	0.6210275292396545	0.0034822719171643257	0.0052707381546497345	0.024965766817331314	0.004707635380327702
113	neutral	../final/models/models_2nd_run/model2_10	../final/models/models_2nd_run/model2_10	excitement	0.5140620470046997	0.19029521942138672	0.006718975491821766	0.005700915120542049	0.005264322739094496	0.08078765869140625	0.0041831135749816895	0.14502979815006256	0.5140620470046997	0.004391245078295469	0.0061899819411337376	0.03090696595609188	0.006469764746725559
497	joy	../final/models/models_2nd_run/model2_10	../final/models/models_2nd_run/model2_10	neutral	0.42365562915802	0.42365562915802	0.006890750024467707	0.01171030942350626	0.007136485073715448	0.1335979700088501	0.0037774601951241493	0.21960502862930298	0.15460848808288574	0.006688461173325777	0.006618130020797253	0.016601745039224625	0.009109506383538246
1026	neutral	../final/models/models_2nd_run/model2_10	../final/models/models_2nd_run/model2_10	excitement	0.40878093242645264	0.22611431777477264	0.004116171970963478	0.005068862345069647	0.0032558166421949863	0.04505321383476257	0.003327868180349469	0.27071207761764526	0.40878093242645264	0.0042528375051915646	0.004643706604838371	0.019000079482793808	0.005674201529473066
1263	joy	../final/models/models_2nd_run/model2_10	../final/models/models_2nd_run/model2_10	joy	0.40164223313331604	0.18997012078762054	0.0049674357287585735	0.007772543933242559	0.004068902228027582	0.04734422639012337	0.004145364742726088	0.40164223313331604	0.3100883960723877	0.004558866377919912	0.005183870904147625	0.015207131393253803	0.005050933454185724
309	neutral	../final/models/models_2nd_run/model2_10	../final/models/models_2nd_run/model2_10	nervousness	0.22154352068901062	0.18251046538352966	0.22154352068901062	0.1280835121870041	0.13798627257347107	0.10294223576784134	0.040138740092515945	0.05379466339945793	0.03091343492269516	0.046772852540016174	0.027237778529524803	0.01511980127543211	0.01295668724924326
107	pride	../final/models/models_2nd_run/model2_10	../final/models/models_2nd_run/model2_10	excitement	0.4299197196960449	0.20167089998722076	0.008412981405854225	0.007914615795016289	0.007069670129567385	0.15208911895751953	0.003967262804508209	0.14826446771621704	0.4299197196960449	0.0036215248983353376	0.005839679855853319	0.02548782341182232	0.005742250941693783
985	pride	../final/models/models_2nd_run/model2_10	../final/models/models_2nd_run/model2_10	neutral	0.41106122732162476	0.41106122732162476	0.014900481328368187	0.011539406143128872	0.00851444061845541	0.1571480631828308	0.00787268579006195	0.20051193237304688	0.15225058794021606	0.006979933008551598	0.008147072046995163	0.011407138779759407	0.009667107835412025
1015	sadness	../final/models/models_2nd_run/model2_10	../final/models/models_2nd_run/model2_10	neutral	0.18384186923503876	0.18384186923503876	0.16206300258636475	0.12321820855140686	0.14632925391197205	0.17064258456230164	0.03309528902173042	0.0431818924844265	0.027849016711115837	0.03633281588554382	0.03216973692178726	0.01696590520441532	0.024310395121574402
926	pride	../final/models/models_2nd_run/model2_10	../final/models/models_2nd_run/model2_10	neutral	0.4536961615085602	0.4536961615085602	0.062389712780714035	0.036069177091121674	0.031447287648916245	0.17675743997097015	0.02112804725766182	0.08754492551088333	0.07714083045721054	0.012036440894007683	0.012175663374364376	0.016412364318966866	0.013201951049268246
1172	neutral	../final/models/models_2nd_run/model2_10	../final/models/models_2nd_run/model2_10	joy	0.4149128496646881	0.18499964475631714	0.004224591888487339	0.004544855561107397	0.00298109813593328	0.030009400099515915	0.003388506593182683	0.4149128496646881	0.33011719584465027	0.003431381657719612	0.005629159044474363	0.011959345079958439	0.0038019800558686256
218	joy	../final/models/models_2nd_run/model2_10	../final/models/models_2nd_run/model2_10	excitement	0.41688206791877747	0.11498573422431946	0.0034889117814600468	0.004963739775121212	0.0025945769157260656	0.033712878823280334	0.002722484292462468	0.39620575308799744	0.41688206791877747	0.0027297637425363064	0.004051960073411465	0.013979163952171803	0.0036830909084528685
514	neutral	../final/models/models_2nd_run/model2_10	../final/models/models_2nd_run/model2_10	neutral	0.306490421295166	0.306490421295166	0.011215265840291977	0.009574727155268192	0.008291710168123245	0.04612651467323303	0.00965860579162836	0.2839813828468323	0.26916739344596863	0.009262778796255589	0.009887502528727055	0.030018843710422516	0.006324912421405315
346	neutral	../final/models/models_2nd_run/model2_10	../final/models/models_2nd_run/model2_10	neutral	0.4156472682952881	0.4156472682952881	0.03119792602956295	0.03106180764734745	0.016057290136814117	0.19052816927433014	0.010393322445452213	0.1552739441394806	0.10664048790931702	0.01207256130874157	0.008205748163163662	0.012290412560105324	0.010631105862557888
665	neutral	../final/models/models_2nd_run/model2_10	../final/models/models_2nd_run/model2_10	joy	0.39458099007606506	0.28399595618247986	0.009542708285152912	0.01232426892966032	0.007173806894570589	0.09483302384614944	0.004421386867761612	0.39458099007606506	0.1615830361843109	0.0054721529595553875	0.008007739670574665	0.012831073254346848	0.005233794450759888
708	excitement	../final/models/models_2nd_run/model2_10	../final/models/models_2nd_run/model2_10	pride	0.4062063694000244	0.18873311579227448	0.010455681011080742	0.007401330396533012	0.009711126796901226	0.4062063694000244	0.003776748664677143	0.1737753003835678	0.16911377012729645	0.004827555269002914	0.006943278480321169	0.010575131513178349	0.008480675518512726
1208	joy	../final/models/models_2nd_run/model2_10	../final/models/models_2nd_run/model2_10	joy	0.2910831570625305	0.22214005887508392	0.013585260137915611	0.008727425709366798	0.00995500199496746	0.19877693057060242	0.004678402561694384	0.2910831570625305	0.21263565123081207	0.0062844958156347275	0.009821425192058086	0.015678975731134415	0.006633295211941004
294	joy	../final/models/models_2nd_run/model2_10	../final/models/models_2nd_run/model2_10	joy	0.3172021210193634	0.21166454255580902	0.008327926509082317	0.00869182962924242	0.007045365869998932	0.24008490145206451	0.003365821670740843	0.3172021210193634	0.1761797070503235	0.005120736546814442	0.005455619189888239	0.007743124384433031	0.009118298068642616
1158	neutral	../final/models/models_2nd_run/model2_10	../final/models/models_2nd_run/model2_10	joy	0.5103117227554321	0.19664266705513	0.006765209138393402	0.008657711558043957	0.004148184321820736	0.028562435880303383	0.005299608688801527	0.5103117227554321	0.20517952740192413	0.006019796244800091	0.006275367923080921	0.015581853687763214	0.00655600568279624
286	joy	../final/models/models_2nd_run/model2_10	../final/models/models_2nd_run/model2_10	joy	0.49330639839172363	0.18110820651054382	0.00628303037956357	0.006100681144744158	0.004458876326680183	0.11732634156942368	0.0028575288597494364	0.49330639839172363	0.16664138436317444	0.003451832802966237	0.005412149243056774	0.008558560162782669	0.004495058674365282
1117	sadness	../final/models/models_2nd_run/model2_10	../final/models/models_2nd_run/model2_10	neutral	0.23261241614818573	0.23261241614818573	0.2020452916622162	0.10004913061857224	0.055442601442337036	0.20959895849227905	0.04487723857164383	0.052496105432510376	0.04636222496628761	0.013026372529566288	0.015072917565703392	0.009454012848436832	0.018962707370519638
1239	neutral	../final/models/models_2nd_run/model2_10	../final/models/models_2nd_run/model2_10	joy	0.36855918169021606	0.2871578633785248	0.007116113323718309	0.006707458291202784	0.006761148571968079	0.11523459851741791	0.0044381460174918175	0.36855918169021606	0.15905629098415375	0.00664637703448534	0.010994047857820988	0.020686883479356766	0.00664182472974062
755	excitement	../final/models/models_2nd_run/model2_10	../final/models/models_2nd_run/model2_10	neutral	0.2897956967353821	0.2897956967353821	0.014180859550833702	0.00878960732370615	0.019564464688301086	0.17657466232776642	0.008390974253416061	0.1734544038772583	0.24758484959602356	0.01560171227902174	0.010593284852802753	0.025616629049181938	0.009852815419435501
1271	joy	../final/models/models_2nd_run/model2_10	../final/models/models_2nd_run/model2_10	joy	0.47256189584732056	0.21341359615325928	0.006039775907993317	0.006738920230418444	0.0039055198431015015	0.06151427701115608	0.003330593928694725	0.47256189584732056	0.20626677572727203	0.003635950619354844	0.006819124333560467	0.011851048097014427	0.003922443836927414
560	neutral	../final/models/models_2nd_run/model2_10	../final/models/models_2nd_run/model2_10	neutral	0.38512471318244934	0.38512471318244934	0.012229066342115402	0.015098742209374905	0.008969735354185104	0.10471807420253754	0.006553114391863346	0.26655688881874084	0.16107816994190216	0.008388558402657509	0.007703468203544617	0.014872236177325249	0.008707289583981037
54	pride	../final/models/models_2nd_run/model2_10	../final/models/models_2nd_run/model2_10	joy	0.37532541155815125	0.31929102540016174	0.0045081996358931065	0.007994184270501137	0.003838752629235387	0.031069859862327576	0.004081328399479389	0.37532541155815125	0.21639251708984375	0.004887571558356285	0.007716427557170391	0.01946527510881424	0.005429430864751339
303	anger	../final/models/models_2nd_run/model2_10	../final/models/models_2nd_run/model2_10	disgust	0.36207643151283264	0.14121948182582855	0.07168155163526535	0.044488608837127686	0.20226266980171204	0.05692920833826065	0.02156488411128521	0.022558826953172684	0.016330555081367493	0.36207643151283264	0.01258331723511219	0.006889406591653824	0.04141514003276825
339	neutral	../final/models/models_2nd_run/model2_10	../final/models/models_2nd_run/model2_10	neutral	0.5703597068786621	0.5703597068786621	0.038387782871723175	0.028675813227891922	0.01864868961274624	0.13095711171627045	0.012472040951251984	0.09061859548091888	0.06547324359416962	0.007802846375852823	0.011988223530352116	0.015148862265050411	0.00946709606796503
56	neutral	../final/models/models_2nd_run/model2_10	../final/models/models_2nd_run/model2_10	joy	0.3178838789463043	0.3064671456813812	0.011324482969939709	0.007721960078924894	0.00704159727320075	0.13563403487205505	0.0048632496036589146	0.3178838789463043	0.17190690338611603	0.005925523582845926	0.009532216005027294	0.01548438798636198	0.0062146116979420185
858	nervousness	../final/models/models_2nd_run/model2_10	../final/models/models_2nd_run/model2_10	nervousness	0.6267859935760498	0.07505369931459427	0.6267859935760498	0.017451804131269455	0.010283121839165688	0.049061793833971024	0.10875050723552704	0.04255174472928047	0.03934522718191147	0.005558303091675043	0.013728093355894089	0.004646311514079571	0.006783385295420885
109	excitement	../final/models/models_2nd_run/model2_10	../final/models/models_2nd_run/model2_10	surprise	0.48240718245506287	0.04000665619969368	0.0014229159569367766	0.003157197730615735	0.0034887136425822973	0.005518509540706873	0.002504379954189062	0.04643524810671806	0.40299805998802185	0.002638867124915123	0.0061162300407886505	0.48240718245506287	0.0033061015419662
1049	neutral	../final/models/models_2nd_run/model2_10	../final/models/models_2nd_run/model2_10	joy	0.5693831443786621	0.186604842543602	0.004130128771066666	0.004605176858603954	0.0027677398175001144	0.04067001864314079	0.002751098945736885	0.5693831443786621	0.16784405708312988	0.0035046283155679703	0.005195831414312124	0.008408020250499249	0.004135398659855127
676	pride	../final/models/models_2nd_run/model2_10	../final/models/models_2nd_run/model2_10	joy	0.35664695501327515	0.27027127146720886	0.005618930794298649	0.005247588735073805	0.004610586445778608	0.0512426532804966	0.0037795735988765955	0.35664695501327515	0.2658836543560028	0.004572137258946896	0.010013245046138763	0.016653453931212425	0.005459975451231003
626	pride	../final/models/models_2nd_run/model2_10	../final/models/models_2nd_run/model2_10	neutral	0.3032001554965973	0.3032001554965973	0.01621166057884693	0.007673903834074736	0.009390363469719887	0.21198512613773346	0.005473094992339611	0.2600559890270233	0.14922164380550385	0.005947813857346773	0.011456339620053768	0.013162828050553799	0.0062210457399487495
198	neutral	../final/models/models_2nd_run/model2_10	../final/models/models_2nd_run/model2_10	joy	0.5859273672103882	0.14017580449581146	0.0029434324242174625	0.0037874863483011723	0.0020714541897177696	0.019698530435562134	0.00276186503469944	0.5859273672103882	0.22094286978244781	0.003258839249610901	0.004999096505343914	0.009685351513326168	0.003747813403606415
415	joy	../final/models/models_2nd_run/model2_10	../final/models/models_2nd_run/model2_10	sadness	0.46779224276542664	0.18989820778369904	0.04490816965699196	0.46779224276542664	0.02190692536532879	0.060559485107660294	0.010897677391767502	0.1370711773633957	0.03918268904089928	0.006174811627715826	0.006760790944099426	0.00902100931853056	0.005826776847243309
506	neutral	../final/models/models_2nd_run/model2_10	../final/models/models_2nd_run/model2_10	excitement	0.8171027302742004	0.06716818362474442	0.004621598403900862	0.003422386012971401	0.00253272894769907	0.01219205278903246	0.0041164192371070385	0.06114060804247856	0.8171027302742004	0.003088240744546056	0.004204591736197472	0.015995962545275688	0.004414516966789961
1062	nervousness	../final/models/models_2nd_run/model2_10	../final/models/models_2nd_run/model2_10	nervousness	0.3101561367511749	0.2059871256351471	0.3101561367511749	0.11179748922586441	0.0420210026204586	0.08691699057817459	0.02503832057118416	0.044797349721193314	0.0258176289498806	0.04600030556321144	0.011929010972380638	0.007558329030871391	0.08198032528162003
605	neutral	../final/models/models_2nd_run/model2_10	../final/models/models_2nd_run/model2_10	joy	0.41590458154678345	0.17592772841453552	0.005798981059342623	0.0067901876755058765	0.004320469219237566	0.060506854206323624	0.0035413403529673815	0.41590458154678345	0.30060017108917236	0.003415122162550688	0.005965739954262972	0.01356123574078083	0.003667685901746154
932	surprise	../final/models/models_2nd_run/model2_10	../final/models/models_2nd_run/model2_10	excitement	0.4047423005104065	0.09789420664310455	0.00374945648945868	0.0048368233256042	0.009299413301050663	0.016691146418452263	0.0037026952486485243	0.06683701276779175	0.4047423005104065	0.0042650653049349785	0.010481937788426876	0.3738636076450348	0.003636309178546071
977	pride	../final/models/models_2nd_run/model2_10	../final/models/models_2nd_run/model2_10	excitement	0.40270325541496277	0.2807760536670685	0.00494629330933094	0.005410345271229744	0.004431708250194788	0.07397301495075226	0.003328788559883833	0.19008484482765198	0.40270325541496277	0.005254649557173252	0.0057419417425990105	0.015865638852119446	0.00748349167406559
1142	excitement	../final/models/models_2nd_run/model2_10	../final/models/models_2nd_run/model2_10	sadness	0.6989579200744629	0.07101643085479736	0.08018778264522552	0.6989579200744629	0.03232209384441376	0.02017677016556263	0.020010320469737053	0.03633582964539528	0.017043910920619965	0.0064446949400007725	0.006267796270549297	0.007500732783228159	0.0037357541732490063
296	confusion	../final/models/models_2nd_run/model2_10	../final/models/models_2nd_run/model2_10	nervousness	0.36509987711906433	0.14584237337112427	0.36509987711906433	0.10160572081804276	0.055742207914590836	0.0768999233841896	0.07016433030366898	0.037967611104249954	0.034550607204437256	0.01856205426156521	0.06996561586856842	0.01015540398657322	0.01344418153166771
485	surprise	../final/models/models_2nd_run/model2_10	../final/models/models_2nd_run/model2_10	joy	0.3564063012599945	0.3037988841533661	0.007782709784805775	0.008398843929171562	0.009065999649465084	0.03955793380737305	0.005141332745552063	0.3564063012599945	0.2174936681985855	0.00886494666337967	0.011963697150349617	0.02336914837360382	0.008156497962772846
442	surprise	../final/models/models_2nd_run/model2_10	../final/models/models_2nd_run/model2_10	excitement	0.3403182923793793	0.2698223292827606	0.02724207192659378	0.03566928580403328	0.016231082379817963	0.0317753329873085	0.01934814453125	0.18858306109905243	0.3403182923793793	0.02550838142633438	0.01155903935432434	0.027090219780802727	0.006852688733488321
479	neutral	../final/models/models_2nd_run/model2_10	../final/models/models_2nd_run/model2_10	neutral	0.3162435293197632	0.3162435293197632	0.01940087415277958	0.008786074817180634	0.010046407580375671	0.30062413215637207	0.00581697141751647	0.1947326809167862	0.10683458298444748	0.007230785209685564	0.01076456531882286	0.010691708885133266	0.008827724494040012
946	joy	../final/models/models_2nd_run/model2_10	../final/models/models_2nd_run/model2_10	joy	0.2851821482181549	0.23085999488830566	0.006889889482408762	0.010694365948438644	0.008186235092580318	0.16504214704036713	0.003544452367350459	0.2851821482181549	0.243872731924057	0.005086617078632116	0.0073904008604586124	0.02580641768872738	0.007444483693689108
553	joy	../final/models/models_2nd_run/model2_10	../final/models/models_2nd_run/model2_10	excitement	0.614010751247406	0.13559795916080475	0.003105451352894306	0.00460788095369935	0.003233738010749221	0.03798070177435875	0.0025520992930978537	0.15924036502838135	0.614010751247406	0.0030950841028243303	0.004688912536948919	0.027549585327506065	0.004337382968515158
554	excitement	../final/models/models_2nd_run/model2_10	../final/models/models_2nd_run/model2_10	pride	0.8052944540977478	0.04404260218143463	0.012973682023584843	0.0037948947865515947	0.013070163317024708	0.8052944540977478	0.002857765881344676	0.042149730026721954	0.05465557053685188	0.0033258122857660055	0.005517002660781145	0.005782449617981911	0.006535844411700964
1269	neutral	../final/models/models_2nd_run/model2_10	../final/models/models_2nd_run/model2_10	joy	0.4782603085041046	0.2649374306201935	0.006722808815538883	0.007191716227680445	0.004057091660797596	0.0777394026517868	0.003403719048947096	0.4782603085041046	0.1337352693080902	0.004114804323762655	0.005623562261462212	0.008757712319493294	0.00545615516602993
886	excitement	../final/models/models_2nd_run/model2_10	../final/models/models_2nd_run/model2_10	excitement	0.8493524193763733	0.05212373286485672	0.0029922735411673784	0.0027441810816526413	0.0020383691880851984	0.009127824567258358	0.0028160950168967247	0.05293172597885132	0.8493524193763733	0.0020444130059331656	0.003094676649197936	0.017417527735233307	0.0033168024383485317
333	excitement	../final/models/models_2nd_run/model2_10	../final/models/models_2nd_run/model2_10	neutral	0.2639593780040741	0.2639593780040741	0.01909499056637287	0.015910521149635315	0.013894433155655861	0.21974194049835205	0.006601453758776188	0.2307344526052475	0.1882910281419754	0.006740190088748932	0.011120482347905636	0.017403971403837204	0.00650723185390234
221	excitement	../final/models/models_2nd_run/model2_10	../final/models/models_2nd_run/model2_10	joy	0.3855189085006714	0.2718099057674408	0.006781021133065224	0.007511552888900042	0.005644624587148428	0.062240779399871826	0.003939856309443712	0.3855189085006714	0.21945208311080933	0.005341199692338705	0.009754837490618229	0.01651235669851303	0.0054929363541305065
825	sadness	../final/models/models_2nd_run/model2_10	../final/models/models_2nd_run/model2_10	excitement	0.2796507179737091	0.20157544314861298	0.013875523582100868	0.031351394951343536	0.01890093833208084	0.16146858036518097	0.0058312625624239445	0.2294367551803589	0.2796507179737091	0.00511297769844532	0.006542838644236326	0.039992883801460266	0.006260710768401623
170	neutral	../final/models/models_2nd_run/model2_10	../final/models/models_2nd_run/model2_10	fear	0.5502804517745972	0.06463714689016342	0.2819429337978363	0.017116442322731018	0.007939537055790424	0.013599628582596779	0.5502804517745972	0.019930588081479073	0.01612444967031479	0.006720148492604494	0.010069360956549644	0.004392233211547136	0.007247112225741148
1179	sadness	../final/models/models_2nd_run/model2_10	../final/models/models_2nd_run/model2_10	sadness	0.6904146671295166	0.06831309199333191	0.11729724705219269	0.6904146671295166	0.024046625941991806	0.023688634857535362	0.017576390877366066	0.023265784606337547	0.009379221126437187	0.007437997497618198	0.006111521273851395	0.004461456090211868	0.008007372729480267
925	surprise	../final/models/models_2nd_run/model2_10	../final/models/models_2nd_run/model2_10	joy	0.41158026456832886	0.3448246419429779	0.007623510900884867	0.008026696741580963	0.0049054259434342384	0.05337082967162132	0.004862756002694368	0.41158026456832886	0.13097438216209412	0.005582000128924847	0.008539567701518536	0.01456376165151596	0.00514609320089221
1093	pride	../final/models/models_2nd_run/model2_10	../final/models/models_2nd_run/model2_10	pride	0.37938567996025085	0.2189883142709732	0.018831482157111168	0.013977858237922192	0.015511968173086643	0.37938567996025085	0.005529432557523251	0.1962478905916214	0.1144268587231636	0.006948799826204777	0.007867240346968174	0.011557694524526596	0.010726744309067726
1262	joy	../final/models/models_2nd_run/model2_10	../final/models/models_2nd_run/model2_10	excitement	0.4725319445133209	0.19648538529872894	0.0032127739395946264	0.004982647020369768	0.0042195627465844154	0.03032546117901802	0.0034163908567279577	0.2299993336200714	0.4725319445133209	0.006239200010895729	0.00849753525108099	0.03419254347681999	0.005897237453609705
1217	anger	../final/models/models_2nd_run/model2_10	../final/models/models_2nd_run/model2_10	anger	0.6535921096801758	0.07124891877174377	0.02956116944551468	0.046954091638326645	0.017789529636502266	0.016504870727658272	0.008655284531414509	0.007706308271735907	0.004379336256533861	0.13547351956367493	0.005374027416110039	0.002760917181149125	0.6535921096801758
297	nervousness	../final/models/models_2nd_run/model2_10	../final/models/models_2nd_run/model2_10	sadness	0.36549779772758484	0.08567388355731964	0.2616402506828308	0.36549779772758484	0.07535944879055023	0.023428315296769142	0.06485316902399063	0.02345321886241436	0.011909822933375835	0.05650058016180992	0.01667545735836029	0.006487992126494646	0.008520195260643959
816	pride	../final/models/models_2nd_run/model2_10	../final/models/models_2nd_run/model2_10	excitement	0.531887412071228	0.13440416753292084	0.0031531837303191423	0.003601738950237632	0.00259865028783679	0.027178624644875526	0.003431884106248617	0.26332858204841614	0.531887412071228	0.0031198959331959486	0.004838659428060055	0.01881820149719715	0.003639055183157325
841	neutral	../final/models/models_2nd_run/model2_10	../final/models/models_2nd_run/model2_10	neutral	0.3679903745651245	0.3679903745651245	0.14961156249046326	0.01391337439417839	0.011223820969462395	0.10110504925251007	0.04304149001836777	0.13152846693992615	0.1403840333223343	0.009144104085862637	0.012859278358519077	0.008569693192839622	0.010628819465637207
1200	neutral	../final/models/models_2nd_run/model2_10	../final/models/models_2nd_run/model2_10	excitement	0.39799854159355164	0.22575092315673828	0.006961087230592966	0.0052773673087358475	0.007249068468809128	0.08817773312330246	0.0041686855256557465	0.20948486030101776	0.39799854159355164	0.005564781837165356	0.007366389501839876	0.035974517464637756	0.006026051007211208
1002	joy	../final/models/models_2nd_run/model2_10	../final/models/models_2nd_run/model2_10	nervousness	0.30461347103118896	0.18258114159107208	0.30461347103118896	0.13377408683300018	0.05543813481926918	0.0413493849337101	0.1251307874917984	0.04977821558713913	0.0391949824988842	0.028722943738102913	0.016306422650814056	0.012656853534281254	0.010453526861965656
350	joy	../final/models/models_2nd_run/model2_10	../final/models/models_2nd_run/model2_10	neutral	0.338947057723999	0.338947057723999	0.013576336205005646	0.015005665831267834	0.008297128602862358	0.15413405001163483	0.005828799679875374	0.23929990828037262	0.19151780009269714	0.0049401200376451015	0.007515131961554289	0.012618924491107464	0.008319107815623283
796	joy	../final/models/models_2nd_run/model2_10	../final/models/models_2nd_run/model2_10	neutral	0.3717198669910431	0.3717198669910431	0.013765114359557629	0.0075110187754035	0.009764195419847965	0.12955501675605774	0.006796378176659346	0.22162120044231415	0.18982034921646118	0.008219344541430473	0.01544362585991621	0.017806503921747208	0.007977296598255634
199	excitement	../final/models/models_2nd_run/model2_10	../final/models/models_2nd_run/model2_10	joy	0.5218401551246643	0.15787264704704285	0.003800611710175872	0.003928585443645716	0.0028426935896277428	0.04004792869091034	0.002690445864573121	0.5218401551246643	0.24548214673995972	0.0033652004785835743	0.005386184900999069	0.008526690304279327	0.0042167226783931255
430	excitement	../final/models/models_2nd_run/model2_10	../final/models/models_2nd_run/model2_10	neutral	0.5782033205032349	0.5782033205032349	0.010197625495493412	0.0082709277048707	0.0063590966165065765	0.12175741791725159	0.005132649093866348	0.12298116087913513	0.10959450155496597	0.005716120358556509	0.011459323577582836	0.012796477414667606	0.007531418465077877
494	joy	../final/models/models_2nd_run/model2_10	../final/models/models_2nd_run/model2_10	joy	0.4530007243156433	0.19473052024841309	0.003913866356015205	0.0051461695693433285	0.0030828749295324087	0.03413107618689537	0.003299939911812544	0.4530007243156433	0.2743515968322754	0.0038287932984530926	0.006555767729878426	0.014015519060194492	0.00394322257488966
631	neutral	../final/models/models_2nd_run/model2_10	../final/models/models_2nd_run/model2_10	pride	0.860329270362854	0.026595430448651314	0.020082436501979828	0.004052022006362677	0.026633046567440033	0.860329270362854	0.0038938105572015047	0.018450388684868813	0.018242353573441505	0.004328853916376829	0.005911108572036028	0.003978599328547716	0.007502635940909386
939	nervousness	../final/models/models_2nd_run/model2_10	../final/models/models_2nd_run/model2_10	neutral	0.26954156160354614	0.26954156160354614	0.17371506989002228	0.053640324622392654	0.055870864540338516	0.1748676598072052	0.026678720489144325	0.10355612635612488	0.07413358241319656	0.019264843314886093	0.019729502499103546	0.015060266479849815	0.013941440731287003
10	joy	../final/models/models_2nd_run/model2_10	../final/models/models_2nd_run/model2_10	neutral	0.36772897839546204	0.36772897839546204	0.009352750144898891	0.014327206648886204	0.008689066395163536	0.08147402107715607	0.005778938066214323	0.2664393484592438	0.19888640940189362	0.007982985116541386	0.006363428197801113	0.024433068931102753	0.008543881587684155
147	pride	../final/models/models_2nd_run/model2_10	../final/models/models_2nd_run/model2_10	pride	0.8264421820640564	0.03879415616393089	0.016342027112841606	0.005460496060550213	0.021069729700684547	0.8264421820640564	0.003130643628537655	0.03879353404045105	0.028405487537384033	0.0039062092546373606	0.0061460621654987335	0.004741382319480181	0.006767999846488237
298	pride	../final/models/models_2nd_run/model2_10	../final/models/models_2nd_run/model2_10	neutral	0.31994789838790894	0.31994789838790894	0.01562679558992386	0.010446307249367237	0.009675851091742516	0.24819578230381012	0.006092413794249296	0.1873299479484558	0.16570724546909332	0.005549706052988768	0.008876113221049309	0.01408542599529028	0.008466558530926704
1031	excitement	../final/models/models_2nd_run/model2_10	../final/models/models_2nd_run/model2_10	joy	0.5157275795936584	0.2581303119659424	0.0037238397635519505	0.00532675813883543	0.0025990356225520372	0.033371832221746445	0.002726826351135969	0.5157275795936584	0.15598614513874054	0.003778980579227209	0.005209068302065134	0.009021994657814503	0.0043975962325930595
622	joy	../final/models/models_2nd_run/model2_10	../final/models/models_2nd_run/model2_10	joy	0.4005086421966553	0.24425655603408813	0.015484299510717392	0.015036234632134438	0.009029772132635117	0.15067937970161438	0.0050957477651536465	0.4005086421966553	0.12580665946006775	0.0060791815631091595	0.009373904205858707	0.012620670720934868	0.006028928328305483
864	neutral	../final/models/models_2nd_run/model2_10	../final/models/models_2nd_run/model2_10	neutral	0.31190189719200134	0.31190189719200134	0.18819841742515564	0.1302747279405594	0.04641829431056976	0.06072358787059784	0.10566242784261703	0.03895509988069534	0.0370086133480072	0.032585177570581436	0.017130903899669647	0.008188319392502308	0.022952517494559288
772	neutral	../final/models/models_2nd_run/model2_10	../final/models/models_2nd_run/model2_10	joy	0.34894898533821106	0.21719372272491455	0.007119011599570513	0.0064580487087368965	0.0050539784133434296	0.08415104448795319	0.003393640508875251	0.34894898533821106	0.29734620451927185	0.003656733315438032	0.00564680015668273	0.016521288082003593	0.004510556347668171
254	joy	../final/models/models_2nd_run/model2_10	../final/models/models_2nd_run/model2_10	neutral	0.5556315183639526	0.5556315183639526	0.0118578365072608	0.015010260045528412	0.00884869135916233	0.10605081915855408	0.007004044950008392	0.15454897284507751	0.09891846030950546	0.0070183733478188515	0.011286789551377296	0.01435539498925209	0.009468825533986092
777	nervousness	../final/models/models_2nd_run/model2_10	../final/models/models_2nd_run/model2_10	nervousness	0.7319586277008057	0.025543639436364174	0.7319586277008057	0.016140589490532875	0.009102732874453068	0.017788901925086975	0.15150010585784912	0.015108889900147915	0.012241136282682419	0.0053252847865223885	0.007604315876960754	0.002690856344997883	0.004995002411305904
682	neutral	../final/models/models_2nd_run/model2_10	../final/models/models_2nd_run/model2_10	joy	0.3694041073322296	0.23210087418556213	0.010448992252349854	0.009757577441632748	0.008006510324776173	0.14740677177906036	0.0038934152107685804	0.3694041073322296	0.17760564386844635	0.004873845260590315	0.010262112133204937	0.021134063601493835	0.005106158088892698
1039	excitement	../final/models/models_2nd_run/model2_10	../final/models/models_2nd_run/model2_10	joy	0.4074501395225525	0.22269368171691895	0.004642406944185495	0.003753502620384097	0.0039137378334999084	0.036196112632751465	0.003593592206016183	0.4074501395225525	0.28585320711135864	0.0051511311903595924	0.007782821077853441	0.013264914974570274	0.00570483086630702
306	sadness	../final/models/models_2nd_run/model2_10	../final/models/models_2nd_run/model2_10	nervousness	0.6917074918746948	0.03936965763568878	0.6917074918746948	0.05229780450463295	0.027319174259901047	0.029065392911434174	0.10894939303398132	0.013677558861672878	0.00961710698902607	0.010265547782182693	0.005960556212812662	0.0030682797078043222	0.008702060207724571
915	joy	../final/models/models_2nd_run/model2_10	../final/models/models_2nd_run/model2_10	neutral	0.31544655561447144	0.31544655561447144	0.031058913096785545	0.014041761867702007	0.011140028946101665	0.24710452556610107	0.01273360662162304	0.13138467073440552	0.1960364133119583	0.005592598579823971	0.013118383474647999	0.01338906679302454	0.00895353127270937
1201	confusion	../final/models/models_2nd_run/model2_10	../final/models/models_2nd_run/model2_10	nervousness	0.224837526679039	0.12638767063617706	0.224837526679039	0.17451441287994385	0.1926124393939972	0.10031186044216156	0.04365171492099762	0.03048483282327652	0.02600853145122528	0.027679946273565292	0.01744196191430092	0.01939135231077671	0.016677692532539368
1167	fear	../final/models/models_2nd_run/model2_10	../final/models/models_2nd_run/model2_10	neutral	0.3034992218017578	0.3034992218017578	0.05068553239107132	0.03436129912734032	0.04961031675338745	0.23565709590911865	0.009462808258831501	0.12193787842988968	0.11948702484369278	0.0202943105250597	0.01384660042822361	0.018330499529838562	0.022827422246336937
233	neutral	../final/models/models_2nd_run/model2_10	../final/models/models_2nd_run/model2_10	neutral	0.40538763999938965	0.40538763999938965	0.013829438015818596	0.006558494176715612	0.00772302458062768	0.12565456330776215	0.006211382336914539	0.2620464861392975	0.1383250653743744	0.006072312127798796	0.009711678139865398	0.013097938150167465	0.00538194365799427
1073	excitement	../final/models/models_2nd_run/model2_10	../final/models/models_2nd_run/model2_10	excitement	0.6385875940322876	0.09276839345693588	0.001859277836047113	0.0035458856727927923	0.003434757236391306	0.014013207517564297	0.002527818316593766	0.10803051292896271	0.6385875940322876	0.002583783585578203	0.004908629693090916	0.12367045879364014	0.0040696607902646065
1181	neutral	../final/models/models_2nd_run/model2_10	../final/models/models_2nd_run/model2_10	embarrassment	0.35241615772247314	0.13328661024570465	0.08412783592939377	0.02290179952979088	0.35241615772247314	0.1178765520453453	0.01690129190683365	0.06257257610559464	0.04959845542907715	0.07411058992147446	0.05236976221203804	0.020715782418847084	0.013122644275426865
135	pride	../final/models/models_2nd_run/model2_10	../final/models/models_2nd_run/model2_10	neutral	0.28854432702064514	0.28854432702064514	0.10391409695148468	0.05350125953555107	0.0927472934126854	0.15918171405792236	0.03019559755921364	0.05492199584841728	0.031890932470560074	0.03021428734064102	0.12300608307123184	0.02130867727100849	0.010573704726994038
832	pride	../final/models/models_2nd_run/model2_10	../final/models/models_2nd_run/model2_10	pride	0.3568139970302582	0.2829473912715912	0.01407042145729065	0.011960719712078571	0.01065786462277174	0.3568139970302582	0.004214802756905556	0.17549294233322144	0.1106700599193573	0.005888537969440222	0.006264754571020603	0.009358889423310757	0.011659561656415462
259	excitement	../final/models/models_2nd_run/model2_10	../final/models/models_2nd_run/model2_10	pride	0.790368914604187	0.05148116871714592	0.01544954814016819	0.004177060443907976	0.014205479994416237	0.790368914604187	0.003342139068990946	0.04416240379214287	0.05454307422041893	0.003475848352536559	0.005759562831372023	0.006381459068506956	0.006653315387666225
680	pride	../final/models/models_2nd_run/model2_10	../final/models/models_2nd_run/model2_10	pride	0.7914741635322571	0.056668877601623535	0.014632199890911579	0.004729714710265398	0.014612154103815556	0.7914741635322571	0.00335676409304142	0.050953105092048645	0.040534671396017075	0.003827362321317196	0.006590323057025671	0.005875400733202696	0.006745337508618832
1177	joy	../final/models/models_2nd_run/model2_10	../final/models/models_2nd_run/model2_10	joy	0.3793562650680542	0.25201594829559326	0.0042070965282619	0.005978001747280359	0.004303366877138615	0.04456956312060356	0.003208722686395049	0.3793562650680542	0.26919761300086975	0.005585384555160999	0.008405158296227455	0.017694978043437004	0.005477902013808489
914	joy	../final/models/models_2nd_run/model2_10	../final/models/models_2nd_run/model2_10	neutral	0.5971357822418213	0.5971357822418213	0.007832720875740051	0.011512157507240772	0.006094793789088726	0.0820925161242485	0.004473910201340914	0.13989488780498505	0.10913491994142532	0.007877969183027744	0.0070012034848332405	0.013790552504360676	0.01315854862332344
1257	anger	../final/models/models_2nd_run/model2_10	../final/models/models_2nd_run/model2_10	nervousness	0.7327051758766174	0.023978563025593758	0.7327051758766174	0.033760253340005875	0.017553415149450302	0.014173442497849464	0.13365280628204346	0.01105139683932066	0.008566264994442463	0.008802845142781734	0.006529029458761215	0.0025201686657965183	0.006706658750772476
597	surprise	../final/models/models_2nd_run/model2_10	../final/models/models_2nd_run/model2_10	neutral	0.34801408648490906	0.34801408648490906	0.13762913644313812	0.08492694050073624	0.05950193852186203	0.14498473703861237	0.027676817029714584	0.08189643174409866	0.04829036071896553	0.017192991450428963	0.019086280837655067	0.017663786187767982	0.013136511668562889
363	neutral	../final/models/models_2nd_run/model2_10	../final/models/models_2nd_run/model2_10	joy	0.3396569788455963	0.17820511758327484	0.009503291919827461	0.0077145034447312355	0.006535785272717476	0.28892672061920166	0.0033020256087183952	0.3396569788455963	0.13954772055149078	0.004181622061878443	0.006455930881202221	0.009345952421426773	0.00662441598251462
158	pride	../final/models/models_2nd_run/model2_10	../final/models/models_2nd_run/model2_10	pride	0.2648659646511078	0.18782435357570648	0.01066669076681137	0.007061028387397528	0.007424589246511459	0.2648659646511078	0.004381636157631874	0.21963275969028473	0.26204726099967957	0.004822705406695604	0.0087027158588171	0.015544118359684944	0.0070261587388813496
140	pride	../final/models/models_2nd_run/model2_10	../final/models/models_2nd_run/model2_10	neutral	0.30789434909820557	0.30789434909820557	0.01088305376470089	0.008987519890069962	0.010117794387042522	0.27036774158477783	0.00466759130358696	0.16372060775756836	0.18165037035942078	0.006392739713191986	0.007707366719841957	0.019483573734760284	0.0081272441893816
895	fear	../final/models/models_2nd_run/model2_10	../final/models/models_2nd_run/model2_10	embarrassment	0.24168890714645386	0.1429252326488495	0.1287287473678589	0.1658872365951538	0.24168890714645386	0.03976907581090927	0.03222665935754776	0.024557311087846756	0.019119026139378548	0.1416943222284317	0.01849178969860077	0.018886733800172806	0.026024995371699333
331	pride	../final/models/models_2nd_run/model2_10	../final/models/models_2nd_run/model2_10	neutral	0.3098675608634949	0.3098675608634949	0.011514979414641857	0.007454437203705311	0.008146011270582676	0.2167656421661377	0.004425670951604843	0.23753701150417328	0.16495724022388458	0.00630439817905426	0.009505236521363258	0.01562439650297165	0.00789746642112732
591	joy	../final/models/models_2nd_run/model2_10	../final/models/models_2nd_run/model2_10	neutral	0.3452180027961731	0.3452180027961731	0.1411554217338562	0.08569531887769699	0.10233316570520401	0.12783432006835938	0.025757191702723503	0.03976881131529808	0.02424672245979309	0.03204958140850067	0.033994924277067184	0.02237267978489399	0.019573848694562912
739	joy	../final/models/models_2nd_run/model2_10	../final/models/models_2nd_run/model2_10	neutral	0.42491212487220764	0.42491212487220764	0.030344050377607346	0.036792926490306854	0.022843731567263603	0.18917763233184814	0.01172543503344059	0.15606917440891266	0.08164292573928833	0.008857734501361847	0.011697975918650627	0.017624959349632263	0.008311411365866661
1103	neutral	../final/models/models_2nd_run/model2_10	../final/models/models_2nd_run/model2_10	joy	0.4990539848804474	0.23220020532608032	0.009487029165029526	0.011904565617442131	0.005955876782536507	0.061286523938179016	0.004458278883248568	0.4990539848804474	0.14347675442695618	0.004712171386927366	0.008653328754007816	0.01518368348479271	0.0036276206374168396
371	sadness	../final/models/models_2nd_run/model2_10	../final/models/models_2nd_run/model2_10	disgust	0.7596521973609924	0.024579273536801338	0.031020356342196465	0.03733496740460396	0.019420957192778587	0.0030818914528936148	0.033388540148735046	0.0027221792843192816	0.00174356356728822	0.7596521973609924	0.005042258184403181	0.0017101537669077516	0.08030359447002411
312	excitement	../final/models/models_2nd_run/model2_10	../final/models/models_2nd_run/model2_10	excitement	0.3973604142665863	0.2047571986913681	0.006503615062683821	0.005433541256934404	0.007031840272247791	0.13648533821105957	0.0039314283058047295	0.19566498696804047	0.3973604142665863	0.0051236748695373535	0.009011831134557724	0.02193528041243553	0.006760935764759779
65	neutral	../final/models/models_2nd_run/model2_10	../final/models/models_2nd_run/model2_10	fear	0.6151217818260193	0.0802539587020874	0.035760197788476944	0.022488169372081757	0.006111355498433113	0.004680165555328131	0.6151217818260193	0.1034293994307518	0.0389927439391613	0.06558054685592651	0.011523053050041199	0.009611578658223152	0.006446997169405222
572	excitement	../final/models/models_2nd_run/model2_10	../final/models/models_2nd_run/model2_10	excitement	0.4159572124481201	0.18574346601963043	0.0084852185100317	0.009065692313015461	0.0055064973421394825	0.049097027629613876	0.00544104166328907	0.2883369028568268	0.4159572124481201	0.004927700385451317	0.006109586451202631	0.017018919810652733	0.0043107010424137115
781	excitement	../final/models/models_2nd_run/model2_10	../final/models/models_2nd_run/model2_10	joy	0.44337743520736694	0.12044031172990799	0.0033345187548547983	0.0039061938878148794	0.002623599022626877	0.04670000076293945	0.0020969065371900797	0.44337743520736694	0.3539581000804901	0.0025091671850532293	0.004812514875084162	0.01291494071483612	0.0033263119403272867
32	nervousness	../final/models/models_2nd_run/model2_10	../final/models/models_2nd_run/model2_10	nervousness	0.6965488195419312	0.02673889696598053	0.6965488195419312	0.024769557639956474	0.012352444231510162	0.014560080133378506	0.18118205666542053	0.014356113970279694	0.009907891973853111	0.005920587107539177	0.0071433112025260925	0.0028515940066426992	0.0036685816012322903
783	excitement	../final/models/models_2nd_run/model2_10	../final/models/models_2nd_run/model2_10	excitement	0.2638383209705353	0.26119303703308105	0.01303630881011486	0.008255352266132832	0.00846324022859335	0.2505240738391876	0.0062158857472240925	0.14470772445201874	0.2638383209705353	0.004202168434858322	0.009560675360262394	0.022418254986405373	0.007585013750940561
743	excitement	../final/models/models_2nd_run/model2_10	../final/models/models_2nd_run/model2_10	joy	0.348153293132782	0.19420623779296875	0.01996920444071293	0.01641238108277321	0.01166337076574564	0.20114779472351074	0.00605764938518405	0.348153293132782	0.16967257857322693	0.0051563880406320095	0.00931328535079956	0.012763435952365398	0.005484362598508596
290	excitement	../final/models/models_2nd_run/model2_10	../final/models/models_2nd_run/model2_10	neutral	0.2700333297252655	0.2700333297252655	0.017065420746803284	0.010984092019498348	0.012743556872010231	0.2621442377567291	0.006897548213601112	0.14113619923591614	0.22851777076721191	0.006533999927341938	0.00887248758226633	0.02611212059855461	0.008959122002124786
96	neutral	../final/models/models_2nd_run/model2_10	../final/models/models_2nd_run/model2_10	neutral	0.29592809081077576	0.29592809081077576	0.009065826423466206	0.00741982227191329	0.0070803202688694	0.12710092961788177	0.004984690807759762	0.2862645387649536	0.22054103016853333	0.007096906658262014	0.009602910839021206	0.01780509389936924	0.0071099065244197845
184	excitement	../final/models/models_2nd_run/model2_10	../final/models/models_2nd_run/model2_10	joy	0.4236741065979004	0.15007418394088745	0.003588580060750246	0.00471092015504837	0.0029803048819303513	0.020632466301321983	0.0033443120773881674	0.4236741065979004	0.3607148230075836	0.003938468173146248	0.00688959052786231	0.014791610650718212	0.004660629667341709
788	joy	../final/models/models_2nd_run/model2_10	../final/models/models_2nd_run/model2_10	pride	0.29815515875816345	0.25468435883522034	0.016213785856962204	0.019521454349160194	0.011882249265909195	0.29815515875816345	0.005251829046756029	0.23310333490371704	0.12736764550209045	0.0056052240543067455	0.00719469366595149	0.012214362621307373	0.008805926889181137
970	surprise	../final/models/models_2nd_run/model2_10	../final/models/models_2nd_run/model2_10	pride	0.32120072841644287	0.24950191378593445	0.03865170106291771	0.03762597218155861	0.035824473947286606	0.32120072841644287	0.008740857243537903	0.15686911344528198	0.10584411770105362	0.008973478339612484	0.008323456160724163	0.020367300137877464	0.008076796308159828
163	joy	../final/models/models_2nd_run/model2_10	../final/models/models_2nd_run/model2_10	neutral	0.3218795359134674	0.3218795359134674	0.012674912810325623	0.007939128205180168	0.007840930484235287	0.23494771122932434	0.004397849552333355	0.19348332285881042	0.18164686858654022	0.005086056888103485	0.007995880208909512	0.01426656823605299	0.007841196842491627
490	nervousness	../final/models/models_2nd_run/model2_10	../final/models/models_2nd_run/model2_10	nervousness	0.42407578229904175	0.10453180968761444	0.42407578229904175	0.11931460350751877	0.07311749458312988	0.09620139747858047	0.07111456245183945	0.028872951865196228	0.02828330546617508	0.014400960877537727	0.020561177283525467	0.009343941695988178	0.01018198486417532
405	neutral	../final/models/models_2nd_run/model2_10	../final/models/models_2nd_run/model2_10	neutral	0.28330397605895996	0.28330397605895996	0.07782042026519775	0.06232396513223648	0.02973746694624424	0.23787452280521393	0.019041618332266808	0.14785665273666382	0.10112792998552322	0.008364480920135975	0.011035125702619553	0.013191529549658298	0.008322285488247871
156	joy	../final/models/models_2nd_run/model2_10	../final/models/models_2nd_run/model2_10	neutral	0.28837987780570984	0.28837987780570984	0.08406876027584076	0.05195415019989014	0.03114224225282669	0.04809693247079849	0.02229047752916813	0.03410991653800011	0.023395389318466187	0.16619907319545746	0.012181929312646389	0.006407232955098152	0.23177392780780792
650	joy	../final/models/models_2nd_run/model2_10	../final/models/models_2nd_run/model2_10	pride	0.3274882137775421	0.3155440092086792	0.05186306685209274	0.019568856805562973	0.022157851606607437	0.3274882137775421	0.010835731402039528	0.11957759410142899	0.09836095571517944	0.006266301963478327	0.010468871332705021	0.00965891033411026	0.0082095917314291
770	excitement	../final/models/models_2nd_run/model2_10	../final/models/models_2nd_run/model2_10	excitement	0.38661712408065796	0.19618327915668488	0.003548001404851675	0.006743330974131823	0.004056398756802082	0.0418669618666172	0.0033648989629000425	0.3218928575515747	0.38661712408065796	0.0043176026083528996	0.006828270852565765	0.019817441701889038	0.004763892851769924
1003	disgust	../final/models/models_2nd_run/model2_10	../final/models/models_2nd_run/model2_10	disgust	0.8376559019088745	0.010116254910826683	0.010609942488372326	0.011102340184152126	0.016600146889686584	0.0011739174369722605	0.09007983654737473	0.003171155694872141	0.002029459923505783	0.8376559019088745	0.006996224168688059	0.003304627723991871	0.00716022215783596
275	excitement	../final/models/models_2nd_run/model2_10	../final/models/models_2nd_run/model2_10	pride	0.3561430275440216	0.2680821120738983	0.016325244680047035	0.014466137625277042	0.01469244621694088	0.3561430275440216	0.006053494289517403	0.15844038128852844	0.1291436105966568	0.0077298847027122974	0.007016700692474842	0.010148931294679642	0.011758076958358288
394	sadness	../final/models/models_2nd_run/model2_10	../final/models/models_2nd_run/model2_10	anger	0.41113245487213135	0.20932333171367645	0.07861731946468353	0.047105878591537476	0.03510397672653198	0.0407995842397213	0.019053226336836815	0.012930715456604958	0.009859330020844936	0.12362148612737656	0.00758769828826189	0.004865017253905535	0.41113245487213135
1258	neutral	../final/models/models_2nd_run/model2_10	../final/models/models_2nd_run/model2_10	excitement	0.25045618414878845	0.23851794004440308	0.03848062828183174	0.06190728768706322	0.027052411809563637	0.046459656208753586	0.017819184809923172	0.2365717589855194	0.25045618414878845	0.022813383489847183	0.01137598603963852	0.04252750426530838	0.006018145475536585
575	excitement	../final/models/models_2nd_run/model2_10	../final/models/models_2nd_run/model2_10	excitement	0.4706975817680359	0.1820702850818634	0.005044737830758095	0.0048248195089399815	0.003424268215894699	0.05226058512926102	0.003260762197896838	0.2501377463340759	0.4706975817680359	0.003677086206153035	0.005169968120753765	0.014399923384189606	0.005032227840274572
614	excitement	../final/models/models_2nd_run/model2_10	../final/models/models_2nd_run/model2_10	excitement	0.6380202174186707	0.1623976230621338	0.015240131877362728	0.0057962192222476006	0.004805741365998983	0.043955136090517044	0.007895591668784618	0.09225331246852875	0.6380202174186707	0.0034285143483430147	0.005858293734490871	0.014489533379673958	0.005859757773578167
826	pride	../final/models/models_2nd_run/model2_10	../final/models/models_2nd_run/model2_10	neutral	0.2844158411026001	0.2844158411026001	0.01481933519244194	0.00882543995976448	0.009386871941387653	0.22941730916500092	0.007200270425528288	0.13532882928848267	0.258226603269577	0.005343639757484198	0.010864170268177986	0.027768347412347794	0.008403358981013298
277	neutral	../final/models/models_2nd_run/model2_10	../final/models/models_2nd_run/model2_10	neutral	0.49121642112731934	0.49121642112731934	0.009124761447310448	0.009536007419228554	0.010634279809892178	0.08471320569515228	0.00583534874022007	0.17641544342041016	0.1580912321805954	0.010088816285133362	0.016838258132338524	0.02019713632762432	0.007309031672775745
327	joy	../final/models/models_2nd_run/model2_10	../final/models/models_2nd_run/model2_10	joy	0.5395570993423462	0.17689763009548187	0.004396080505102873	0.004925543442368507	0.003285183571279049	0.028039153665304184	0.003523338120430708	0.5395570993423462	0.21156549453735352	0.004136236850172281	0.007066734135150909	0.011867102235555649	0.004740482196211815
1186	excitement	../final/models/models_2nd_run/model2_10	../final/models/models_2nd_run/model2_10	neutral	0.4006807506084442	0.4006807506084442	0.04933609813451767	0.020477423444390297	0.025686562061309814	0.19244343042373657	0.01728740707039833	0.12137318402528763	0.1184927374124527	0.016510821878910065	0.012608140707015991	0.012658103369176388	0.012445284053683281
1052	pride	../final/models/models_2nd_run/model2_10	../final/models/models_2nd_run/model2_10	neutral	0.34041526913642883	0.34041526913642883	0.02088809199631214	0.01085824053734541	0.015014862641692162	0.24969501793384552	0.006553302053362131	0.15772035717964172	0.14804582297801971	0.005984934978187084	0.013843616470694542	0.023049822077155113	0.007930641062557697
624	nervousness	../final/models/models_2nd_run/model2_10	../final/models/models_2nd_run/model2_10	neutral	0.3452402949333191	0.3452402949333191	0.04587192460894585	0.014007641933858395	0.01287031453102827	0.270635187625885	0.013109278865158558	0.10528028011322021	0.14903366565704346	0.006459638010710478	0.01573099195957184	0.011183490976691246	0.010577299632132053
581	excitement	../final/models/models_2nd_run/model2_10	../final/models/models_2nd_run/model2_10	pride	0.36654365062713623	0.27487391233444214	0.01703670062124729	0.01719295233488083	0.014625399373471737	0.36654365062713623	0.0059754448011517525	0.14410489797592163	0.1217542290687561	0.006819283589720726	0.006812763400375843	0.01181887462735176	0.01244184747338295
570	pride	../final/models/models_2nd_run/model2_10	../final/models/models_2nd_run/model2_10	neutral	0.46827882528305054	0.46827882528305054	0.09178941696882248	0.04083230346441269	0.033902958035469055	0.1411605030298233	0.0332496352493763	0.07908787578344345	0.053780972957611084	0.01844830811023712	0.013798524625599384	0.011478173546493053	0.014192493632435799
922	neutral	../final/models/models_2nd_run/model2_10	../final/models/models_2nd_run/model2_10	neutral	0.41623273491859436	0.41623273491859436	0.029562650248408318	0.025718141347169876	0.025325611233711243	0.07827960699796677	0.013143547810614109	0.22342616319656372	0.115498848259449	0.015460344031453133	0.014799936674535275	0.03622131049633026	0.006331074051558971
178	disgust	../final/models/models_2nd_run/model2_10	../final/models/models_2nd_run/model2_10	nervousness	0.2532464265823364	0.0738098993897438	0.2532464265823364	0.1691800355911255	0.18219278752803802	0.025154313072562218	0.0964558869600296	0.018721804022789	0.013979143463075161	0.1318320631980896	0.013210294768214226	0.0091060446575284	0.013111297972500324
427	nervousness	../final/models/models_2nd_run/model2_10	../final/models/models_2nd_run/model2_10	nervousness	0.3885374367237091	0.19335035979747772	0.3885374367237091	0.046194594353437424	0.03625087812542915	0.10774780064821243	0.0576796717941761	0.07130705565214157	0.05559782311320305	0.013978944160044193	0.010200154036283493	0.007299286779016256	0.011855987831950188
964	neutral	../final/models/models_2nd_run/model2_10	../final/models/models_2nd_run/model2_10	neutral	0.37788480520248413	0.37788480520248413	0.016614068299531937	0.012607966549694538	0.009396316483616829	0.09487495571374893	0.007775305770337582	0.30879518389701843	0.1341625452041626	0.007376238238066435	0.008484101854264736	0.015769828110933304	0.0062587023712694645
377	anger	../final/models/models_2nd_run/model2_10	../final/models/models_2nd_run/model2_10	sadness	0.5218093991279602	0.10463212430477142	0.08553754538297653	0.5218093991279602	0.140346497297287	0.03296173736453056	0.01549916248768568	0.02291903831064701	0.010333272628486156	0.03727345168590546	0.010157209821045399	0.007419007830321789	0.011111598461866379
381	pride	../final/models/models_2nd_run/model2_10	../final/models/models_2nd_run/model2_10	joy	0.603217363357544	0.17976592481136322	0.004154075402766466	0.0051289936527609825	0.002819440560415387	0.028732748702168465	0.00316654983907938	0.603217363357544	0.14995186030864716	0.004014935344457626	0.005389154423028231	0.009714554995298386	0.003944350406527519
861	neutral	../final/models/models_2nd_run/model2_10	../final/models/models_2nd_run/model2_10	nervousness	0.2815619707107544	0.2260216772556305	0.2815619707107544	0.0807262733578682	0.021186934784054756	0.018049247562885284	0.22793123126029968	0.05779111757874489	0.023455120623111725	0.0332699753344059	0.016367491334676743	0.00578788947314024	0.007851095870137215
88	pride	../final/models/models_2nd_run/model2_10	../final/models/models_2nd_run/model2_10	joy	0.3768244981765747	0.17328044772148132	0.007915064692497253	0.008487625978887081	0.006540003232657909	0.23718784749507904	0.0029222634620964527	0.3768244981765747	0.1583484709262848	0.004259039182215929	0.005802438594400883	0.011869852431118488	0.006562451366335154
671	neutral	../final/models/models_2nd_run/model2_10	../final/models/models_2nd_run/model2_10	excitement	0.29306575655937195	0.24109622836112976	0.011500608175992966	0.00627288781106472	0.00631475355476141	0.18262578547000885	0.004379544872790575	0.22018931806087494	0.29306575655937195	0.005124356597661972	0.008056956343352795	0.014077696017920971	0.007296105846762657
836	excitement	../final/models/models_2nd_run/model2_10	../final/models/models_2nd_run/model2_10	neutral	0.3001236319541931	0.3001236319541931	0.020500104874372482	0.010560790076851845	0.012554202228784561	0.26701003313064575	0.008263744413852692	0.18839865922927856	0.14738021790981293	0.007583444006741047	0.012347079813480377	0.013877740129828453	0.01140030287206173
1266	surprise	../final/models/models_2nd_run/model2_10	../final/models/models_2nd_run/model2_10	nervousness	0.7252060770988464	0.03240347281098366	0.7252060770988464	0.02297140285372734	0.013709397055208683	0.01692807860672474	0.1335887759923935	0.01654007099568844	0.012125766836106777	0.009006533771753311	0.00903561245650053	0.003240009071305394	0.0052448417991399765
481	joy	../final/models/models_2nd_run/model2_10	../final/models/models_2nd_run/model2_10	neutral	0.32226502895355225	0.32226502895355225	0.018237361684441566	0.008796035312116146	0.009589416906237602	0.2744223177433014	0.0061622546054422855	0.1803060919046402	0.14283709228038788	0.0062810564413666725	0.00986089464277029	0.01313121896237135	0.008111255243420601
943	disgust	../final/models/models_2nd_run/model2_10	../final/models/models_2nd_run/model2_10	sadness	0.4021945595741272	0.09566638618707657	0.102254219353199	0.4021945595741272	0.18392087519168854	0.09715241193771362	0.016966408118605614	0.023701418191194534	0.017581963911652565	0.02147938311100006	0.016489177942276	0.010470064356923103	0.012123217806220055
1006	pride	../final/models/models_2nd_run/model2_10	../final/models/models_2nd_run/model2_10	pride	0.8642922043800354	0.03236829489469528	0.015013660304248333	0.003597429022192955	0.015684353187680244	0.8642922043800354	0.002793503226712346	0.024336792528629303	0.024092955514788628	0.0027489839121699333	0.0051602693274617195	0.00437322398647666	0.0055383495055139065
285	joy	../final/models/models_2nd_run/model2_10	../final/models/models_2nd_run/model2_10	joy	0.3886532783508301	0.16937994956970215	0.005318075884133577	0.005471349228173494	0.004102551378309727	0.13119959831237793	0.002737646223977208	0.3886532783508301	0.27084195613861084	0.003421350149437785	0.004821504931896925	0.009067032486200333	0.004985698498785496
1205	pride	../final/models/models_2nd_run/model2_10	../final/models/models_2nd_run/model2_10	joy	0.5085075497627258	0.18798980116844177	0.004686382599174976	0.006304544862359762	0.003846360370516777	0.026988493278622627	0.003564550308510661	0.5085075497627258	0.22449521720409393	0.004988865926861763	0.0076869456097483635	0.01512252725660801	0.005818710662424564
352	joy	../final/models/models_2nd_run/model2_10	../final/models/models_2nd_run/model2_10	excitement	0.4652908444404602	0.15675869584083557	0.005184016656130552	0.005598639138042927	0.005375090520828962	0.024977151304483414	0.00410461938008666	0.2872450649738312	0.4652908444404602	0.005119188688695431	0.004683590028434992	0.030835747718811035	0.0048272632993757725
266	neutral	../final/models/models_2nd_run/model2_10	../final/models/models_2nd_run/model2_10	joy	0.4638148844242096	0.273224413394928	0.0049218409694731236	0.005069933366030455	0.0035791960544884205	0.05205843970179558	0.0035455189645290375	0.4638148844242096	0.1663454920053482	0.004436461254954338	0.006791130173951387	0.011128200218081474	0.005084342323243618
59	sadness	../final/models/models_2nd_run/model2_10	../final/models/models_2nd_run/model2_10	sadness	0.3292420208454132	0.12894880771636963	0.23799747228622437	0.3292420208454132	0.05406477302312851	0.019123369827866554	0.09371806681156158	0.029036352410912514	0.01608361303806305	0.0472947359085083	0.025567540898919106	0.009588772431015968	0.009334527887403965
979	nervousness	../final/models/models_2nd_run/model2_10	../final/models/models_2nd_run/model2_10	nervousness	0.6178027987480164	0.035512711852788925	0.6178027987480164	0.020737800747156143	0.00722588412463665	0.016674717888236046	0.2425585240125656	0.019208252429962158	0.011943137273192406	0.00786165613681078	0.00963317509740591	0.0032383473590016365	0.00760302459821105
965	excitement	../final/models/models_2nd_run/model2_10	../final/models/models_2nd_run/model2_10	excitement	0.32580098509788513	0.25555646419525146	0.005645297933369875	0.008097635582089424	0.007328121457248926	0.051795896142721176	0.00488691683858633	0.28070297837257385	0.32580098509788513	0.009373064152896404	0.01291108038276434	0.031104478985071182	0.006797194946557283
732	neutral	../final/models/models_2nd_run/model2_10	../final/models/models_2nd_run/model2_10	neutral	0.4469631314277649	0.4469631314277649	0.02499072626233101	0.010473504662513733	0.0131964311003685	0.2045782208442688	0.009569141082465649	0.14777526259422302	0.10316617786884308	0.008011753670871258	0.009818775579333305	0.011314465664327145	0.010142439045011997
615	pride	../final/models/models_2nd_run/model2_10	../final/models/models_2nd_run/model2_10	nervousness	0.2269677072763443	0.14180873334407806	0.2269677072763443	0.09152542054653168	0.11640030890703201	0.22146031260490417	0.0328972190618515	0.06640198826789856	0.03659689053893089	0.019488325342535973	0.024978669360280037	0.01012555044144392	0.011348842643201351
1146	pride	../final/models/models_2nd_run/model2_10	../final/models/models_2nd_run/model2_10	pride	0.8414804935455322	0.038751427084207535	0.016184279695153236	0.0039418404921889305	0.025000780820846558	0.8414804935455322	0.0033344600815325975	0.025011200457811356	0.02431129477918148	0.0038106488063931465	0.006286674179136753	0.004694100935012102	0.007192854769527912
573	neutral	../final/models/models_2nd_run/model2_10	../final/models/models_2nd_run/model2_10	neutral	0.6917073726654053	0.6917073726654053	0.021062172949314117	0.01106742862612009	0.00944968219846487	0.07765757292509079	0.012106550857424736	0.08398518711328506	0.054392341524362564	0.010278008878231049	0.008347658440470695	0.00848286785185337	0.011463114991784096
820	surprise	../final/models/models_2nd_run/model2_10	../final/models/models_2nd_run/model2_10	surprise	0.7312078475952148	0.03553340956568718	0.0025169814471155405	0.0035416714381426573	0.006196112371981144	0.007051069289445877	0.00261817523278296	0.02213849313557148	0.17436538636684418	0.0023635292891412973	0.009850040078163147	0.7312078475952148	0.002617351245135069
678	pride	../final/models/models_2nd_run/model2_10	../final/models/models_2nd_run/model2_10	pride	0.7785062193870544	0.05356007069349289	0.014475812204182148	0.004364694934338331	0.014876910485327244	0.7785062193870544	0.0033087574411183596	0.0607726164162159	0.04582545533776283	0.004125779028981924	0.00680625019595027	0.0063031865283846855	0.007074275985360146
451	neutral	../final/models/models_2nd_run/model2_10	../final/models/models_2nd_run/model2_10	excitement	0.35873931646347046	0.23170283436775208	0.0045689186081290245	0.007217901758849621	0.004673758056014776	0.03570513799786568	0.0044553098268806934	0.30692318081855774	0.35873931646347046	0.006176831666380167	0.006374147720634937	0.02765050157904625	0.005812149960547686
731	joy	../final/models/models_2nd_run/model2_10	../final/models/models_2nd_run/model2_10	joy	0.41515007615089417	0.2635568082332611	0.005783641245216131	0.006368991918861866	0.003998983185738325	0.050707168877124786	0.0038625120650976896	0.41515007615089417	0.2189328670501709	0.004553513135761023	0.006701278500258923	0.014998862519860268	0.005385306663811207
420	neutral	../final/models/models_2nd_run/model2_10	../final/models/models_2nd_run/model2_10	neutral	0.4753824472427368	0.4753824472427368	0.012467759661376476	0.00730214174836874	0.005894893314689398	0.08084887266159058	0.006398412398993969	0.18148620426654816	0.1877945512533188	0.0063236006535589695	0.011124316602945328	0.016565147787332535	0.008411625400185585
380	pride	../final/models/models_2nd_run/model2_10	../final/models/models_2nd_run/model2_10	neutral	0.3627752959728241	0.3627752959728241	0.026728279888629913	0.018628159537911415	0.013720253482460976	0.21890538930892944	0.0074216583743691444	0.20974428951740265	0.09773816913366318	0.008560617454349995	0.013240034691989422	0.013211334124207497	0.009326541796326637
83	excitement	../final/models/models_2nd_run/model2_10	../final/models/models_2nd_run/model2_10	neutral	0.4823494851589203	0.4823494851589203	0.010480893775820732	0.007352643646299839	0.006119295489042997	0.10967041552066803	0.0059809270314872265	0.14267653226852417	0.19751667976379395	0.005952262785285711	0.007129298057407141	0.014734829775989056	0.010036787949502468
129	pride	../final/models/models_2nd_run/model2_10	../final/models/models_2nd_run/model2_10	neutral	0.3935179114341736	0.3935179114341736	0.02917616069316864	0.017679374665021896	0.0138524379581213	0.23916785418987274	0.009789692237973213	0.11423557996749878	0.1427977830171585	0.006220745854079723	0.011485657654702663	0.012701424770057201	0.009375455789268017
916	neutral	../final/models/models_2nd_run/model2_10	../final/models/models_2nd_run/model2_10	joy	0.44034427404403687	0.1964210420846939	0.004853154066950083	0.007257645949721336	0.0034601963125169277	0.030024971812963486	0.003908511716872454	0.44034427404403687	0.2843012809753418	0.004620866850018501	0.0056561995297670364	0.014601324684917927	0.004550416022539139
774	confusion	../final/models/models_2nd_run/model2_10	../final/models/models_2nd_run/model2_10	neutral	0.3013303279876709	0.3013303279876709	0.20642545819282532	0.10200368613004684	0.06435347348451614	0.1572585552930832	0.03478310629725456	0.03888361155986786	0.026684969663619995	0.021979155018925667	0.01986013725399971	0.008718540892004967	0.017718948423862457
1065	nervousness	../final/models/models_2nd_run/model2_10	../final/models/models_2nd_run/model2_10	neutral	0.36010512709617615	0.36010512709617615	0.024469878524541855	0.0070453425869345665	0.007626219652593136	0.13181421160697937	0.009282675571739674	0.11854896694421768	0.3043663799762726	0.004157557152211666	0.011995033361017704	0.013871640898287296	0.006717070005834103
522	pride	../final/models/models_2nd_run/model2_10	../final/models/models_2nd_run/model2_10	pride	0.4390297532081604	0.1576373130083084	0.01331026665866375	0.011227363720536232	0.010158706456422806	0.4390297532081604	0.004039392340928316	0.21085795760154724	0.12571656703948975	0.00453966436907649	0.007171984296292067	0.007786856032907963	0.008524137549102306
260	neutral	../final/models/models_2nd_run/model2_10	../final/models/models_2nd_run/model2_10	neutral	0.33455169200897217	0.33455169200897217	0.06571921706199646	0.025607360526919365	0.05550511181354523	0.2523905634880066	0.017576273530721664	0.10995160043239594	0.07091227173805237	0.014405732974410057	0.02051350101828575	0.021719329059123993	0.011147335171699524
596	neutral	../final/models/models_2nd_run/model2_10	../final/models/models_2nd_run/model2_10	neutral	0.5934228897094727	0.5934228897094727	0.02688954398036003	0.012278473936021328	0.007949890568852425	0.0906045064330101	0.011253558099269867	0.1535332351922989	0.06886624544858932	0.007722103502601385	0.009522552601993084	0.009728322736918926	0.008228752762079239
818	surprise	../final/models/models_2nd_run/model2_10	../final/models/models_2nd_run/model2_10	neutral	0.352480411529541	0.352480411529541	0.012724108062684536	0.010003414936363697	0.013398059643805027	0.1166873350739479	0.006530327722430229	0.20232047140598297	0.23209232091903687	0.010654750280082226	0.01493038795888424	0.021836861968040466	0.006341500673443079
988	pride	../final/models/models_2nd_run/model2_10	../final/models/models_2nd_run/model2_10	neutral	0.33103352785110474	0.33103352785110474	0.04524006322026253	0.030159825459122658	0.022508306428790092	0.29833710193634033	0.011338137090206146	0.12038140743970871	0.10244867950677872	0.0065722218714654446	0.00945170596241951	0.012968376278877258	0.009560666978359222
906	pride	../final/models/models_2nd_run/model2_10	../final/models/models_2nd_run/model2_10	neutral	0.5844206809997559	0.5844206809997559	0.024202700704336166	0.017856329679489136	0.013249306939542294	0.12949417531490326	0.008317683823406696	0.0905584916472435	0.08198407292366028	0.010202450677752495	0.012719024904072285	0.013771876692771912	0.013223182410001755
138	pride	../final/models/models_2nd_run/model2_10	../final/models/models_2nd_run/model2_10	pride	0.8276498317718506	0.043903205543756485	0.014013407751917839	0.004093593452125788	0.015053977258503437	0.8276498317718506	0.003146502887830138	0.03511454164981842	0.03511994332075119	0.0034002785105258226	0.00627826526761055	0.005532014649361372	0.006694380193948746
292	pride	../final/models/models_2nd_run/model2_10	../final/models/models_2nd_run/model2_10	joy	0.491099089384079	0.22496148943901062	0.006069176830351353	0.005903359968215227	0.003984426148235798	0.07601755112409592	0.003350861370563507	0.491099089384079	0.16348649561405182	0.004001525696367025	0.0065408144146203995	0.010098658502101898	0.004486523102968931
1035	confusion	../final/models/models_2nd_run/model2_10	../final/models/models_2nd_run/model2_10	neutral	0.27614352107048035	0.27614352107048035	0.22337085008621216	0.12985509634017944	0.08290638774633408	0.04618510231375694	0.06893209367990494	0.045534614473581314	0.025053218007087708	0.040978286415338516	0.031084565445780754	0.013816208578646183	0.01614001952111721
376	pride	../final/models/models_2nd_run/model2_10	../final/models/models_2nd_run/model2_10	pride	0.8263730406761169	0.04055768623948097	0.0149560971185565	0.003983932081609964	0.013666104525327682	0.8263730406761169	0.0031499676406383514	0.04162226617336273	0.034989435225725174	0.0035278755240142345	0.006007580552250147	0.004799603950232267	0.0063662840984761715
141	pride	../final/models/models_2nd_run/model2_10	../final/models/models_2nd_run/model2_10	neutral	0.4686741530895233	0.4686741530895233	0.08454755693674088	0.04603521525859833	0.027763845399022102	0.1703263819217682	0.023928295820951462	0.06950024515390396	0.054986849427223206	0.01138942502439022	0.019983205944299698	0.01160658709704876	0.011258269660174847
609	pride	../final/models/models_2nd_run/model2_10	../final/models/models_2nd_run/model2_10	pride	0.27701056003570557	0.2612041234970093	0.02712404541671276	0.020337719470262527	0.016843076795339584	0.27701056003570557	0.00945521704852581	0.17601363360881805	0.1700122058391571	0.0067700170911848545	0.010064901784062386	0.017338592559099197	0.007825903594493866
838	pride	../final/models/models_2nd_run/model2_10	../final/models/models_2nd_run/model2_10	pride	0.8690631985664368	0.02910807728767395	0.013354030437767506	0.0030492355581372976	0.01610354334115982	0.8690631985664368	0.0026562598068267107	0.024486033245921135	0.024778742343187332	0.002845857525244355	0.0050046867690980434	0.0036842855624854565	0.005866117775440216
1156	excitement	../final/models/models_2nd_run/model2_10	../final/models/models_2nd_run/model2_10	neutral	0.40052545070648193	0.40052545070648193	0.027802305296063423	0.011909118853509426	0.021259859204292297	0.2059250771999359	0.009316270239651203	0.14682184159755707	0.1253638118505478	0.01145419292151928	0.012822724878787994	0.016414659097790718	0.010384677909314632
139	neutral	../final/models/models_2nd_run/model2_10	../final/models/models_2nd_run/model2_10	joy	0.29781216382980347	0.25907525420188904	0.040547050535678864	0.17175810039043427	0.018559636548161507	0.06590808928012848	0.012362773530185223	0.29781216382980347	0.09447037428617477	0.0054412102326750755	0.01151183433830738	0.01851169392466545	0.004041833337396383
911	joy	../final/models/models_2nd_run/model2_10	../final/models/models_2nd_run/model2_10	excitement	0.3837120532989502	0.1567741483449936	0.004058643244206905	0.006133279763162136	0.004264327231794596	0.06230711564421654	0.003174917073920369	0.350462406873703	0.3837120532989502	0.0037193819880485535	0.005705488845705986	0.015155162662267685	0.004533123224973679
973	excitement	../final/models/models_2nd_run/model2_10	../final/models/models_2nd_run/model2_10	pride	0.769385039806366	0.06087576225399971	0.014359543099999428	0.0037949075922369957	0.01623029261827469	0.769385039806366	0.0031155801843851805	0.049258042126894	0.05991588160395622	0.003459232859313488	0.006309212651103735	0.007455759681761265	0.005840832833200693
224	excitement	../final/models/models_2nd_run/model2_10	../final/models/models_2nd_run/model2_10	excitement	0.8241097927093506	0.06004505977034569	0.0034382424782961607	0.0029035555198788643	0.0020435007754713297	0.009116780944168568	0.0032489635050296783	0.06737016886472702	0.8241097927093506	0.0025150198489427567	0.0038085326086729765	0.017687739804387093	0.003712669713422656
398	pride	../final/models/models_2nd_run/model2_10	../final/models/models_2nd_run/model2_10	pride	0.7128416895866394	0.0747452825307846	0.017225176095962524	0.005668879486620426	0.013483768329024315	0.7128416895866394	0.00379792507737875	0.0868980884552002	0.0584883876144886	0.004285485949367285	0.008189565502107143	0.007537864148616791	0.006837934721261263
274	neutral	../final/models/models_2nd_run/model2_10	../final/models/models_2nd_run/model2_10	excitement	0.26640966534614563	0.24711087346076965	0.012112284079194069	0.012480250559747219	0.011058502830564976	0.1898166984319687	0.006224787328392267	0.21494373679161072	0.26640966534614563	0.005165559705346823	0.008516961708664894	0.01859365589916706	0.007567019667476416
323	pride	../final/models/models_2nd_run/model2_10	../final/models/models_2nd_run/model2_10	excitement	0.4439485967159271	0.11657857894897461	0.00447717122733593	0.005106908269226551	0.0035303474869579077	0.05480577424168587	0.0027038161642849445	0.33485567569732666	0.4439485967159271	0.002652933122590184	0.00521869957447052	0.022416647523641586	0.003704916685819626
342	pride	../final/models/models_2nd_run/model2_10	../final/models/models_2nd_run/model2_10	excitement	0.4641709327697754	0.1509380042552948	0.00476049305871129	0.004262670408934355	0.0037032421678304672	0.06067745015025139	0.0032545935828238726	0.2759229242801666	0.4641709327697754	0.003585078986361623	0.007483531255275011	0.016556130722165108	0.004684899002313614
807	joy	../final/models/models_2nd_run/model2_10	../final/models/models_2nd_run/model2_10	neutral	0.3801228404045105	0.3801228404045105	0.009066457860171795	0.007979129441082478	0.007534600794315338	0.11644376814365387	0.004246238153427839	0.191158264875412	0.24663740396499634	0.005962389521300793	0.006398617289960384	0.016397079452872276	0.008053287863731384
1078	excitement	../final/models/models_2nd_run/model2_10	../final/models/models_2nd_run/model2_10	excitement	0.8884181976318359	0.03668282553553581	0.0026663485914468765	0.0022154306061565876	0.0018176875310018659	0.005444280803203583	0.002804021118208766	0.03392799198627472	0.8884181976318359	0.002298059407621622	0.0027508812490850687	0.01780121400952339	0.003172958502545953
718	neutral	../final/models/models_2nd_run/model2_10	../final/models/models_2nd_run/model2_10	neutral	0.5563968420028687	0.5563968420028687	0.037152450531721115	0.01875917613506317	0.01088805217295885	0.15951383113861084	0.01298838946968317	0.11801356077194214	0.05660989508032799	0.005578442942351103	0.006895479746162891	0.007226525340229273	0.009977428242564201
969	embarrassment	../final/models/models_2nd_run/model2_10	../final/models/models_2nd_run/model2_10	neutral	0.3291478157043457	0.3291478157043457	0.06925446540117264	0.021906748414039612	0.02735665813088417	0.27967193722724915	0.019737379625439644	0.10446568578481674	0.09709841012954712	0.008960497565567493	0.018320424482226372	0.014144674874842167	0.00993520300835371
447	neutral	../final/models/models_2nd_run/model2_10	../final/models/models_2nd_run/model2_10	nervousness	0.26891228556632996	0.26728367805480957	0.26891228556632996	0.06790243089199066	0.03990601748228073	0.1291770040988922	0.04602595418691635	0.07464122772216797	0.05632783845067024	0.01254584826529026	0.01136314868927002	0.012678236700594425	0.013236367143690586
634	neutral	../final/models/models_2nd_run/model2_10	../final/models/models_2nd_run/model2_10	embarrassment	0.5033837556838989	0.07834871113300323	0.10527057200670242	0.021912338212132454	0.5033837556838989	0.08808740973472595	0.02035979926586151	0.025189824402332306	0.02438131533563137	0.0589815191924572	0.0401727557182312	0.022666890174150467	0.011245205998420715
344	joy	../final/models/models_2nd_run/model2_10	../final/models/models_2nd_run/model2_10	excitement	0.5568164587020874	0.15668602287769318	0.0028898436576128006	0.004492694977670908	0.003905091667547822	0.03074072301387787	0.0030332563910633326	0.18689948320388794	0.5568164587020874	0.005051376763731241	0.006337706930935383	0.03766030818223953	0.00548712769523263
1040	sadness	../final/models/models_2nd_run/model2_10	../final/models/models_2nd_run/model2_10	neutral	0.23123149573802948	0.23123149573802948	0.17647086083889008	0.19694088399410248	0.0601293109357357	0.12675374746322632	0.03962041810154915	0.07132161408662796	0.04258937016129494	0.012353798374533653	0.016790024936199188	0.014250039122998714	0.011548345908522606
1005	neutral	../final/models/models_2nd_run/model2_10	../final/models/models_2nd_run/model2_10	pride	0.7554787397384644	0.06619957834482193	0.01680673472583294	0.005935732740908861	0.017864545807242393	0.7554787397384644	0.003366063814610243	0.06364236027002335	0.048730552196502686	0.004178718198090792	0.005491100717335939	0.0052168588154017925	0.007088928017765284
843	nervousness	../final/models/models_2nd_run/model2_10	../final/models/models_2nd_run/model2_10	nervousness	0.274970680475235	0.13072244822978973	0.274970680475235	0.08486668765544891	0.05206674337387085	0.046577174216508865	0.0773593932390213	0.0424889512360096	0.20662055909633636	0.035598691552877426	0.012447906658053398	0.01946508139371872	0.01681567169725895
549	embarrassment	../final/models/models_2nd_run/model2_10	../final/models/models_2nd_run/model2_10	embarrassment	0.746178150177002	0.021538827568292618	0.06290528178215027	0.015970036387443542	0.746178150177002	0.03148467838764191	0.012435181066393852	0.011246750131249428	0.011478070169687271	0.04550756886601448	0.02310764603316784	0.01096430141478777	0.007183531764894724
1112	neutral	../final/models/models_2nd_run/model2_10	../final/models/models_2nd_run/model2_10	joy	0.3837534785270691	0.1885758489370346	0.004960670601576567	0.004904149100184441	0.0036402405239641666	0.07486611604690552	0.0030068885535001755	0.3837534785270691	0.30835336446762085	0.0040064612403512	0.005956796929240227	0.012853099033236504	0.005122876260429621
526	excitement	../final/models/models_2nd_run/model2_10	../final/models/models_2nd_run/model2_10	neutral	0.38406798243522644	0.38406798243522644	0.026104699820280075	0.012715410441160202	0.011683003045618534	0.16658122837543488	0.010128992609679699	0.1816748082637787	0.15967974066734314	0.007792517077177763	0.013196355663239956	0.01592204160988331	0.010453298687934875
365	excitement	../final/models/models_2nd_run/model2_10	../final/models/models_2nd_run/model2_10	neutral	0.3879294991493225	0.3879294991493225	0.012795415706932545	0.012897168286144733	0.015635695308446884	0.15355873107910156	0.00580642418935895	0.18157900869846344	0.17912150919437408	0.0074381111189723015	0.009653872810304165	0.027077527716755867	0.006507027428597212
855	joy	../final/models/models_2nd_run/model2_10	../final/models/models_2nd_run/model2_10	neutral	0.3705160319805145	0.3705160319805145	0.026424458250403404	0.010612745769321918	0.01682637259364128	0.2989749610424042	0.007537763565778732	0.12580186128616333	0.09558843076229095	0.007470364216715097	0.014492200687527657	0.015594379045069218	0.010160300880670547
701	neutral	../final/models/models_2nd_run/model2_10	../final/models/models_2nd_run/model2_10	joy	0.3116024434566498	0.2591806948184967	0.0046577309258282185	0.00891796126961708	0.004724935628473759	0.07688756287097931	0.0031193916220217943	0.3116024434566498	0.30222204327583313	0.0039764088578522205	0.005108576733618975	0.013756741769611835	0.0058454107493162155
321	surprise	../final/models/models_2nd_run/model2_10	../final/models/models_2nd_run/model2_10	excitement	0.7346436381340027	0.08712271600961685	0.0020756565500050783	0.0031606636475771666	0.0028236897196620703	0.00805866252630949	0.0032356104347854853	0.10199310630559921	0.7346436381340027	0.0034864521585404873	0.005891326814889908	0.044467102736234665	0.003041401505470276
803	joy	../final/models/models_2nd_run/model2_10	../final/models/models_2nd_run/model2_10	excitement	0.6015871167182922	0.13457724452018738	0.002400863915681839	0.003885166021063924	0.0032558974344283342	0.029325025156140327	0.0027116478886455297	0.15415626764297485	0.6015871167182922	0.004166056867688894	0.006675235461443663	0.052404146641492844	0.004855339415371418
707	excitement	../final/models/models_2nd_run/model2_10	../final/models/models_2nd_run/model2_10	joy	0.5155643820762634	0.1700759083032608	0.0038030047435313463	0.0053356909193098545	0.0028699443209916353	0.042826782912015915	0.0027818416710942984	0.5155643820762634	0.23366764187812805	0.003462847089394927	0.005171309690922499	0.010192831978201866	0.004247803241014481
944	pride	../final/models/models_2nd_run/model2_10	../final/models/models_2nd_run/model2_10	neutral	0.34015464782714844	0.34015464782714844	0.016801245510578156	0.008380182087421417	0.009175560437142849	0.09323084354400635	0.007125689182430506	0.08958432078361511	0.09969666600227356	0.004995426628738642	0.29367169737815857	0.02698012813925743	0.010203637182712555
613	neutral	../final/models/models_2nd_run/model2_10	../final/models/models_2nd_run/model2_10	neutral	0.3554639220237732	0.3554639220237732	0.11847658455371857	0.16832660138607025	0.044644709676504135	0.09949648380279541	0.0344587005674839	0.08995040506124496	0.04123368859291077	0.014417463913559914	0.010187734849750996	0.012564430944621563	0.010779373347759247
39	anger	../final/models/models_2nd_run/model2_10	../final/models/models_2nd_run/model2_10	neutral	0.6059152483940125	0.6059152483940125	0.05782187730073929	0.02308240532875061	0.020082000643014908	0.07762584835290909	0.017917465418577194	0.059939563274383545	0.07258356362581253	0.013118314556777477	0.020556790754199028	0.019173147156834602	0.012183822691440582
30	excitement	../final/models/models_2nd_run/model2_10	../final/models/models_2nd_run/model2_10	excitement	0.34290188550949097	0.2520293891429901	0.007381293922662735	0.007815133780241013	0.007824228145182133	0.11221572756767273	0.004264526534825563	0.1784452497959137	0.34290188550949097	0.004429025109857321	0.008858807384967804	0.06771831959486008	0.006116427946835756
242	excitement	../final/models/models_2nd_run/model2_10	../final/models/models_2nd_run/model2_10	neutral	0.4732285141944885	0.4732285141944885	0.03446453437209129	0.06557795405387878	0.03748475760221481	0.14775922894477844	0.010744149796664715	0.12002125382423401	0.05814489349722862	0.014161855913698673	0.01202111504971981	0.014373148791491985	0.012018541805446148
1110	joy	../final/models/models_2nd_run/model2_10	../final/models/models_2nd_run/model2_10	neutral	0.3658663332462311	0.3658663332462311	0.09005603939294815	0.08565790951251984	0.10227691382169724	0.09303777664899826	0.026448706164956093	0.08429891616106033	0.045074380934238434	0.036585062742233276	0.024941327050328255	0.03523964062333107	0.010516993701457977
136	joy	../final/models/models_2nd_run/model2_10	../final/models/models_2nd_run/model2_10	neutral	0.3238774240016937	0.3238774240016937	0.0835757926106453	0.08950991183519363	0.026188958436250687	0.09342516213655472	0.031742196530103683	0.23703323304653168	0.06738965958356857	0.01844700239598751	0.008934701792895794	0.01246690284460783	0.007408985402435064
310	excitement	../final/models/models_2nd_run/model2_10	../final/models/models_2nd_run/model2_10	sadness	0.3200886845588684	0.18748512864112854	0.21852202713489532	0.3200886845588684	0.05415951833128929	0.061684902757406235	0.043336063623428345	0.0455365888774395	0.023258879780769348	0.012944158166646957	0.01133581344038248	0.00912177748978138	0.012526450678706169
1066	nervousness	../final/models/models_2nd_run/model2_10	../final/models/models_2nd_run/model2_10	nervousness	0.6753562688827515	0.02726193517446518	0.6753562688827515	0.018538786098361015	0.009690645150840282	0.015497906133532524	0.20438028872013092	0.01613033376634121	0.01010543666779995	0.005151030607521534	0.009932062588632107	0.0032791595440357924	0.004676212556660175
503	neutral	../final/models/models_2nd_run/model2_10	../final/models/models_2nd_run/model2_10	joy	0.33558744192123413	0.318505197763443	0.005801921244710684	0.008779630064964294	0.005340504460036755	0.04051998257637024	0.005105140618979931	0.33558744192123413	0.2404453605413437	0.007263954263180494	0.006936167366802692	0.02059788443148136	0.005116782616823912
780	neutral	../final/models/models_2nd_run/model2_10	../final/models/models_2nd_run/model2_10	neutral	0.3116512596607208	0.3116512596607208	0.07404449582099915	0.05112537741661072	0.12375496327877045	0.12576702237129211	0.024050990119576454	0.10345815122127533	0.06938648223876953	0.04514741525053978	0.027688974514603615	0.0335182286798954	0.01040663756430149
1122	excitement	../final/models/models_2nd_run/model2_10	../final/models/models_2nd_run/model2_10	excitement	0.3927607238292694	0.2556379735469818	0.0042068855836987495	0.005328711122274399	0.004646036308258772	0.06071319431066513	0.003075760556384921	0.22878052294254303	0.3927607238292694	0.005055152345448732	0.007562781684100628	0.024619583040475845	0.007612751331180334
1264	joy	../final/models/models_2nd_run/model2_10	../final/models/models_2nd_run/model2_10	neutral	0.19685328006744385	0.19685328006744385	0.17445029318332672	0.08638190478086472	0.10846924036741257	0.17647671699523926	0.029318097978830338	0.08085151016712189	0.06751058995723724	0.02438949979841709	0.02102663367986679	0.02160029672086239	0.012671939097344875
453	joy	../final/models/models_2nd_run/model2_10	../final/models/models_2nd_run/model2_10	excitement	0.3059804141521454	0.2646576762199402	0.006833808030933142	0.005856983829289675	0.006325416266918182	0.08450969308614731	0.004606360569596291	0.2813419699668884	0.3059804141521454	0.006400289013981819	0.00898629892617464	0.019045894965529442	0.005455184727907181
3	neutral	../final/models/models_2nd_run/model2_10	../final/models/models_2nd_run/model2_10	excitement	0.5022302269935608	0.14723153412342072	0.0039331004954874516	0.005608726292848587	0.003991694189608097	0.0244520902633667	0.003991522826254368	0.2602382302284241	0.5022302269935608	0.004036979284137487	0.008211533538997173	0.03243853151798248	0.003635858651250601
111	neutral	../final/models/models_2nd_run/model2_10	../final/models/models_2nd_run/model2_10	neutral	0.42862674593925476	0.42862674593925476	0.09205067902803421	0.03320206329226494	0.030832936987280846	0.21652498841285706	0.02576717920601368	0.06274066865444183	0.0522136315703392	0.014352158643305302	0.01754729077219963	0.011104045435786247	0.015037540346384048
670	joy	../final/models/models_2nd_run/model2_10	../final/models/models_2nd_run/model2_10	neutral	0.3096415102481842	0.3096415102481842	0.009985480457544327	0.009711970575153828	0.009060174226760864	0.1618528664112091	0.004370309412479401	0.2305612862110138	0.22944968938827515	0.005193819757550955	0.008919070474803448	0.014349003322422504	0.0069048539735376835
1097	excitement	../final/models/models_2nd_run/model2_10	../final/models/models_2nd_run/model2_10	pride	0.8126941919326782	0.049053534865379333	0.013784023933112621	0.0041559734381735325	0.01709342561662197	0.8126941919326782	0.003015811089426279	0.04325525835156441	0.03501522168517113	0.003573086578398943	0.0064966413192451	0.0056111766025424	0.00625174306333065
482	pride	../final/models/models_2nd_run/model2_10	../final/models/models_2nd_run/model2_10	pride	0.865110456943512	0.030105462297797203	0.015461825765669346	0.0035611798521131277	0.018906371667981148	0.865110456943512	0.0029701346065849066	0.02340816520154476	0.021888449788093567	0.0031484749633818865	0.005196859128773212	0.0038778793532401323	0.006364757195115089
921	pride	../final/models/models_2nd_run/model2_10	../final/models/models_2nd_run/model2_10	pride	0.379885196685791	0.22865143418312073	0.02329055778682232	0.015613828785717487	0.014044205658137798	0.379885196685791	0.006781803909689188	0.17849788069725037	0.1169755756855011	0.006075866054743528	0.007881749421358109	0.01312523428350687	0.009176786057651043
931	nervousness	../final/models/models_2nd_run/model2_10	../final/models/models_2nd_run/model2_10	pride	0.6036229133605957	0.0782962366938591	0.014048660174012184	0.0049229818396270275	0.011173001490533352	0.6036229133605957	0.003721409710124135	0.11498510092496872	0.14312644302845	0.0037392934318631887	0.0074615925550460815	0.009237240068614483	0.005665196105837822
1139	confusion	../final/models/models_2nd_run/model2_10	../final/models/models_2nd_run/model2_10	excitement	0.8197861909866333	0.06566419452428818	0.003880544565618038	0.0032544059213250875	0.0024378744419664145	0.009890411980450153	0.003959967754781246	0.058522868901491165	0.8197861909866333	0.002856753533706069	0.003924092277884483	0.02162758819758892	0.004195119254291058
429	joy	../final/models/models_2nd_run/model2_10	../final/models/models_2nd_run/model2_10	joy	0.5239654183387756	0.1565144956111908	0.005682400427758694	0.007290399167686701	0.004175793845206499	0.09201372414827347	0.002972874790430069	0.5239654183387756	0.18674327433109283	0.003414003411307931	0.004396247677505016	0.008464151993393898	0.0043671890161931515
314	joy	../final/models/models_2nd_run/model2_10	../final/models/models_2nd_run/model2_10	joy	0.49331462383270264	0.22900965809822083	0.005849877838045359	0.005836175289005041	0.004440764430910349	0.07717456668615341	0.0033736934419721365	0.49331462383270264	0.1546381264925003	0.004326738882809877	0.00727807218208909	0.010016301646828651	0.004741511307656765
1030	surprise	../final/models/models_2nd_run/model2_10	../final/models/models_2nd_run/model2_10	excitement	0.45780929923057556	0.12795434892177582	0.004323733504861593	0.006426592357456684	0.005849136039614677	0.029052535071969032	0.00312186311930418	0.2567763328552246	0.45780929923057556	0.003042032476514578	0.00786316767334938	0.09471169114112854	0.0030693740118294954
319	excitement	../final/models/models_2nd_run/model2_10	../final/models/models_2nd_run/model2_10	excitement	0.5657474398612976	0.12716883420944214	0.005041347350925207	0.004396889358758926	0.003035400528460741	0.03100684843957424	0.003162285778671503	0.22980700433254242	0.5657474398612976	0.00280971871688962	0.005683088209480047	0.018200302496552467	0.003940812777727842
579	nervousness	../final/models/models_2nd_run/model2_10	../final/models/models_2nd_run/model2_10	nervousness	0.28734076023101807	0.06006566435098648	0.28734076023101807	0.1922358274459839	0.05271603539586067	0.015696389600634575	0.05824430659413338	0.020501041784882545	0.009228214621543884	0.014505143277347088	0.27050018310546875	0.011740266345441341	0.007226177025586367
630	pride	../final/models/models_2nd_run/model2_10	../final/models/models_2nd_run/model2_10	neutral	0.4207271933555603	0.4207271933555603	0.014466819353401661	0.013204406015574932	0.00841215904802084	0.07660410553216934	0.006879623979330063	0.28195902705192566	0.1311393678188324	0.008484295569360256	0.013096626847982407	0.01784648932516575	0.0071799117140471935
5	nervousness	../final/models/models_2nd_run/model2_10	../final/models/models_2nd_run/model2_10	sadness	0.6427838206291199	0.05130720138549805	0.16690179705619812	0.6427838206291199	0.031517691910266876	0.018324190750718117	0.029255464673042297	0.01840169169008732	0.0093923881649971	0.012527747079730034	0.006641571410000324	0.0045520891435444355	0.008394383825361729
100	neutral	../final/models/models_2nd_run/model2_10	../final/models/models_2nd_run/model2_10	joy	0.5435622930526733	0.20354251563549042	0.0048718443140387535	0.006441106554120779	0.0032948411535471678	0.06536588072776794	0.0028324725572019815	0.5435622930526733	0.1488981395959854	0.0035884345415979624	0.004797043278813362	0.008439355529844761	0.004366116598248482
710	joy	../final/models/models_2nd_run/model2_10	../final/models/models_2nd_run/model2_10	neutral	0.36842823028564453	0.36842823028564453	0.011905752122402191	0.01165375392884016	0.011288948357105255	0.1674400269985199	0.004867673851549625	0.24055740237236023	0.1455664336681366	0.006423975806683302	0.00874731969088316	0.015590646304190159	0.007529820315539837
567	excitement	../final/models/models_2nd_run/model2_10	../final/models/models_2nd_run/model2_10	pride	0.2874355614185333	0.2648814618587494	0.018888741731643677	0.010664712637662888	0.010479964315891266	0.2874355614185333	0.006158958654850721	0.17103242874145508	0.1927882581949234	0.005099089816212654	0.011090561747550964	0.014077340252697468	0.007402763236314058
545	neutral	../final/models/models_2nd_run/model2_10	../final/models/models_2nd_run/model2_10	neutral	0.6001163721084595	0.6001163721084595	0.018196994438767433	0.010568753816187382	0.010556736961007118	0.10803136229515076	0.009062672033905983	0.11256874352693558	0.0818815752863884	0.009791279211640358	0.0143625782802701	0.014582009054720402	0.010281003080308437
644	joy	../final/models/models_2nd_run/model2_10	../final/models/models_2nd_run/model2_10	joy	0.5227492451667786	0.19300538301467896	0.004379474092274904	0.005000333767384291	0.0031646976713091135	0.04335450008511543	0.0032265803311020136	0.5227492451667786	0.1977885365486145	0.004279257729649544	0.006818701978772879	0.011874415911734104	0.004358844365924597
909	confusion	../final/models/models_2nd_run/model2_10	../final/models/models_2nd_run/model2_10	confusion	0.5518366098403931	0.03214585408568382	0.21379955112934113	0.07149523496627808	0.02800777740776539	0.01908244751393795	0.02812248095870018	0.01981980726122856	0.011156173422932625	0.004727861378341913	0.5518366098403931	0.009959147311747074	0.009847043082118034
802	neutral	../final/models/models_2nd_run/model2_10	../final/models/models_2nd_run/model2_10	joy	0.33152318000793457	0.3062770664691925	0.009393207728862762	0.006709214299917221	0.005763013381510973	0.10587872564792633	0.0049110292457044125	0.33152318000793457	0.18970222771167755	0.005813699681311846	0.010979960672557354	0.01692480966448784	0.0061239395290613174
467	surprise	../final/models/models_2nd_run/model2_10	../final/models/models_2nd_run/model2_10	joy	0.40910738706588745	0.21592091023921967	0.004206085577607155	0.00529581168666482	0.003527451539412141	0.02751167304813862	0.00346380309201777	0.40910738706588745	0.2951117157936096	0.004872750490903854	0.007955540902912617	0.01717519387602806	0.0058516631834208965
390	excitement	../final/models/models_2nd_run/model2_10	../final/models/models_2nd_run/model2_10	excitement	0.303241103887558	0.21983352303504944	0.007213501259684563	0.0069532510824501514	0.007293048780411482	0.19997835159301758	0.003447516355663538	0.2064821422100067	0.303241103887558	0.004566833842545748	0.006321420427411795	0.028354564681649208	0.006314792670309544
227	neutral	../final/models/models_2nd_run/model2_10	../final/models/models_2nd_run/model2_10	neutral	0.3861684203147888	0.3861684203147888	0.030948566272854805	0.0288618765771389	0.023476984351873398	0.2314666509628296	0.00990503840148449	0.16011784970760345	0.08664390444755554	0.008544574491679668	0.010885955765843391	0.012797246687114239	0.010182980448007584
536	excitement	../final/models/models_2nd_run/model2_10	../final/models/models_2nd_run/model2_10	excitement	0.7029966711997986	0.09833363443613052	0.01099666953086853	0.008700110018253326	0.005095364060252905	0.03562391176819801	0.005725512281060219	0.10028688609600067	0.7029966711997986	0.0039022210985422134	0.005006804130971432	0.018821077421307564	0.0045111048966646194
1057	neutral	../final/models/models_2nd_run/model2_10	../final/models/models_2nd_run/model2_10	excitement	0.5136179327964783	0.1453901082277298	0.002684002975001931	0.004011450335383415	0.0028874841518700123	0.025608336552977562	0.0030284393578767776	0.2640621066093445	0.5136179327964783	0.004054229240864515	0.006608486641198397	0.02378779649734497	0.0042595937848091125
712	neutral	../final/models/models_2nd_run/model2_10	../final/models/models_2nd_run/model2_10	neutral	0.3509330749511719	0.3509330749511719	0.00477487500756979	0.014227131381630898	0.012031775899231434	0.010268348269164562	0.010630335658788681	0.05287409573793411	0.2351948618888855	0.03428539261221886	0.010539369657635689	0.22695645689964294	0.03728420287370682
471	neutral	../final/models/models_2nd_run/model2_10	../final/models/models_2nd_run/model2_10	neutral	0.6660141944885254	0.6660141944885254	0.008398864418268204	0.010022493079304695	0.007150440476834774	0.05731507018208504	0.0074904002249240875	0.09818169474601746	0.09326115250587463	0.010404742322862148	0.01094780769199133	0.02146405540406704	0.00934904906898737
66	excitement	../final/models/models_2nd_run/model2_10	../final/models/models_2nd_run/model2_10	joy	0.4238298535346985	0.17770038545131683	0.004931802395731211	0.004855767358094454	0.003678780049085617	0.05844204127788544	0.0026821657083928585	0.4238298535346985	0.2973007559776306	0.003440599190071225	0.0065243858844041824	0.012187146581709385	0.004426380153745413
1089	neutral	../final/models/models_2nd_run/model2_10	../final/models/models_2nd_run/model2_10	neutral	0.34779390692710876	0.34779390692710876	0.027763186022639275	0.01441734004765749	0.0187064241617918	0.17719204723834991	0.008431989699602127	0.24624590575695038	0.11237288266420364	0.009614084847271442	0.012400648556649685	0.018310757353901863	0.006750885397195816
67	surprise	../final/models/models_2nd_run/model2_10	../final/models/models_2nd_run/model2_10	nervousness	0.6704604625701904	0.028407031670212746	0.6704604625701904	0.03633703663945198	0.037090737372636795	0.02052167057991028	0.1471090167760849	0.015626996755599976	0.017317892983555794	0.007111164275556803	0.00728008896112442	0.00783874373883009	0.004899182822555304
629	joy	../final/models/models_2nd_run/model2_10	../final/models/models_2nd_run/model2_10	joy	0.3406622111797333	0.2981816530227661	0.023838451132178307	0.012932004407048225	0.013842408545315266	0.08722362667322159	0.0074804662726819515	0.3406622111797333	0.15437468886375427	0.017041968181729317	0.011950775980949402	0.014753482304513454	0.017718179151415825
211	pride	../final/models/models_2nd_run/model2_10	../final/models/models_2nd_run/model2_10	pride	0.7951784133911133	0.0600980669260025	0.01947818510234356	0.004572747740894556	0.019280511885881424	0.7951784133911133	0.0040711709298193455	0.038765937089920044	0.03548740968108177	0.003922118339687586	0.006389229092746973	0.005933981388807297	0.0068222759291529655
12	pride	../final/models/models_2nd_run/model2_10	../final/models/models_2nd_run/model2_10	pride	0.3164032995700836	0.2392910271883011	0.01114495936781168	0.007989874109625816	0.013150425627827644	0.3164032995700836	0.004439673852175474	0.22814661264419556	0.1426624357700348	0.006268914323300123	0.008352798409759998	0.01503396313637495	0.00711602158844471
566	joy	../final/models/models_2nd_run/model2_10	../final/models/models_2nd_run/model2_10	neutral	0.27700313925743103	0.27700313925743103	0.1262473315000534	0.055347830057144165	0.0993218794465065	0.2210172563791275	0.026907378807663918	0.0614350400865078	0.04787946119904518	0.02181694656610489	0.030634451657533646	0.018977727741003036	0.013411476276814938
720	sadness	../final/models/models_2nd_run/model2_10	../final/models/models_2nd_run/model2_10	nervousness	0.525387167930603	0.0683361291885376	0.525387167930603	0.15680362284183502	0.0697941705584526	0.03264768421649933	0.038446906954050064	0.01530989445745945	0.00841659214347601	0.04002794995903969	0.009723573923110962	0.0030052887741476297	0.032101109623909
299	excitement	../final/models/models_2nd_run/model2_10	../final/models/models_2nd_run/model2_10	pride	0.6540400981903076	0.07977320998907089	0.015257582999765873	0.005735437385737896	0.01417808048427105	0.6540400981903076	0.003685576841235161	0.09461183845996857	0.10539384186267853	0.004052192438393831	0.00784237403422594	0.009312175214290619	0.006117557175457478
513	pride	../final/models/models_2nd_run/model2_10	../final/models/models_2nd_run/model2_10	pride	0.3832549750804901	0.31972625851631165	0.028662068769335747	0.020312123000621796	0.03017396666109562	0.3832549750804901	0.008341188542544842	0.07937323302030563	0.07937099039554596	0.009907471016049385	0.012421865016222	0.015538433566689491	0.01291744690388441
849	nervousness	../final/models/models_2nd_run/model2_10	../final/models/models_2nd_run/model2_10	nervousness	0.6548424363136292	0.052337370812892914	0.6548424363136292	0.025624703615903854	0.013367702253162861	0.02450094185769558	0.15574567019939423	0.02224678173661232	0.021007316187024117	0.006863601040095091	0.01321520283818245	0.004167232662439346	0.006081071682274342
1141	sadness	../final/models/models_2nd_run/model2_10	../final/models/models_2nd_run/model2_10	neutral	0.2818180024623871	0.2818180024623871	0.039580460637807846	0.06974097341299057	0.022676317021250725	0.2154713273048401	0.014819011092185974	0.2064536064863205	0.11032900214195251	0.008091012947261333	0.009253689087927341	0.014024712145328522	0.0077418796718120575
745	excitement	../final/models/models_2nd_run/model2_10	../final/models/models_2nd_run/model2_10	neutral	0.5378913283348083	0.5378913283348083	0.013062492944300175	0.01004098542034626	0.00966293178498745	0.12779287993907928	0.006460565607994795	0.10744936764240265	0.14442893862724304	0.006947190035134554	0.007296043448150158	0.01917433924973011	0.009792984463274479
754	embarrassment	../final/models/models_2nd_run/model2_10	../final/models/models_2nd_run/model2_10	neutral	0.36611407995224	0.36611407995224	0.04492293670773506	0.020857227966189384	0.025415031239390373	0.26417306065559387	0.011147595010697842	0.1458643525838852	0.06500284373760223	0.012495333328843117	0.018182829022407532	0.013028758578002453	0.012795989401638508
1207	nervousness	../final/models/models_2nd_run/model2_10	../final/models/models_2nd_run/model2_10	excitement	0.22452285885810852	0.17381025850772858	0.20497284829616547	0.052950773388147354	0.04154133424162865	0.06230291724205017	0.06035676598548889	0.08797744661569595	0.22452285885810852	0.03657861799001694	0.012641582638025284	0.02782193385064602	0.014522617682814598
558	neutral	../final/models/models_2nd_run/model2_10	../final/models/models_2nd_run/model2_10	joy	0.3926824927330017	0.2406930774450302	0.009798496030271053	0.007108560297638178	0.006249901372939348	0.1401149332523346	0.0040084924548864365	0.3926824927330017	0.17202308773994446	0.004469067789614201	0.0070785279385745525	0.010561097413301468	0.005212159361690283
589	pride	../final/models/models_2nd_run/model2_10	../final/models/models_2nd_run/model2_10	neutral	0.3950769305229187	0.3950769305229187	0.02605043351650238	0.011953826062381268	0.020654061809182167	0.2014017552137375	0.010695054195821285	0.1330750733613968	0.13817502558231354	0.009369105100631714	0.02601763792335987	0.019593337550759315	0.007937731221318245
1048	disgust	../final/models/models_2nd_run/model2_10	../final/models/models_2nd_run/model2_10	disgust	0.9003574252128601	0.015405027195811272	0.00595027906820178	0.009445569477975368	0.02706807479262352	0.0016760252183303237	0.015784025192260742	0.0040457225404679775	0.0028304040897637606	0.9003574252128601	0.005968004465103149	0.004378605168312788	0.007090807426720858
1188	joy	../final/models/models_2nd_run/model2_10	../final/models/models_2nd_run/model2_10	excitement	0.4155292510986328	0.14259879291057587	0.0033839805983006954	0.00461176922544837	0.003315760288387537	0.043996453285217285	0.002379589481279254	0.3497888147830963	0.4155292510986328	0.002485268749296665	0.008265750482678413	0.020288998261094093	0.003355539869517088
424	joy	../final/models/models_2nd_run/model2_10	../final/models/models_2nd_run/model2_10	excitement	0.30819201469421387	0.2555422782897949	0.005574528593569994	0.005884928163141012	0.00461916858330369	0.10007119178771973	0.0030691868159919977	0.2834545373916626	0.30819201469421387	0.003925643395632505	0.006494531873613596	0.018226981163024902	0.004945069085806608
1127	pride	../final/models/models_2nd_run/model2_10	../final/models/models_2nd_run/model2_10	neutral	0.28159359097480774	0.28159359097480774	0.009755510836839676	0.009290158748626709	0.007928977720439434	0.26024043560028076	0.003681386122480035	0.25960659980773926	0.13729161024093628	0.006005669943988323	0.006555517669767141	0.007809989620000124	0.010240554809570312
1100	neutral	../final/models/models_2nd_run/model2_10	../final/models/models_2nd_run/model2_10	neutral	0.3090856075286865	0.3090856075286865	0.03127593919634819	0.020337866619229317	0.015449238941073418	0.19050773978233337	0.00875903107225895	0.2672755718231201	0.11591402441263199	0.0078080459497869015	0.010871928185224533	0.015040416270494461	0.007674559019505978
273	joy	../final/models/models_2nd_run/model2_10	../final/models/models_2nd_run/model2_10	neutral	0.3722989559173584	0.3722989559173584	0.007209481205791235	0.006347496993839741	0.006851577665656805	0.09423476457595825	0.0038235224783420563	0.3046450614929199	0.16857589781284332	0.006492875516414642	0.009573973715305328	0.01338647585362196	0.006559967063367367
937	joy	../final/models/models_2nd_run/model2_10	../final/models/models_2nd_run/model2_10	joy	0.41126108169555664	0.18203723430633545	0.0028351154178380966	0.005465888883918524	0.002796362154185772	0.022763853892683983	0.003005407750606537	0.41126108169555664	0.33682456612586975	0.004009588155895472	0.006759791634976864	0.01764555275440216	0.004595603793859482
362	joy	../final/models/models_2nd_run/model2_10	../final/models/models_2nd_run/model2_10	joy	0.551210343837738	0.1370183825492859	0.003963050432503223	0.005414306651800871	0.0030546069610863924	0.03900832682847977	0.0027981135062873363	0.551210343837738	0.233879953622818	0.003024397185072303	0.005204140208661556	0.01201204489916563	0.0034123563673347235
237	joy	../final/models/models_2nd_run/model2_10	../final/models/models_2nd_run/model2_10	neutral	0.45316141843795776	0.45316141843795776	0.018316607922315598	0.015988940373063087	0.014692985452711582	0.1716364026069641	0.007191390730440617	0.1724741905927658	0.10294400900602341	0.007883339188992977	0.0123759089037776	0.015193098224699497	0.008141650818288326
1165	excitement	../final/models/models_2nd_run/model2_10	../final/models/models_2nd_run/model2_10	excitement	0.3277931213378906	0.25858449935913086	0.004547396674752235	0.0050064981915056705	0.004561814945191145	0.0955914855003357	0.0031783857848495245	0.2601308226585388	0.3277931213378906	0.004824543371796608	0.008091259747743607	0.02094593085348606	0.006744105834513903
1220	embarrassment	../final/models/models_2nd_run/model2_10	../final/models/models_2nd_run/model2_10	nervousness	0.5083348751068115	0.018891530111432076	0.5083348751068115	0.0570949986577034	0.02471046708524227	0.011438168585300446	0.16019414365291595	0.01552961952984333	0.007916555739939213	0.008559678681194782	0.1763189285993576	0.006138704717159271	0.00487225828692317
2	joy	../final/models/models_2nd_run/model2_10	../final/models/models_2nd_run/model2_10	joy	0.4578254818916321	0.21222443878650665	0.0047286683693528175	0.006383063271641731	0.004006904549896717	0.03827405348420143	0.003747611539438367	0.4578254818916321	0.23980027437210083	0.004345044493675232	0.007385979872196913	0.016676228493452072	0.0046022506430745125
6	pride	../final/models/models_2nd_run/model2_10	../final/models/models_2nd_run/model2_10	neutral	0.460903137922287	0.460903137922287	0.011587779968976974	0.00804055668413639	0.007018825504928827	0.12226010113954544	0.005965042859315872	0.1506246030330658	0.1929728090763092	0.005678900517523289	0.008600087836384773	0.01841871812939644	0.007929378189146519
1054	neutral	../final/models/models_2nd_run/model2_10	../final/models/models_2nd_run/model2_10	joy	0.36472976207733154	0.2351769655942917	0.004984728526324034	0.008701616898179054	0.004843294620513916	0.022965800017118454	0.004989056382328272	0.36472976207733154	0.3037286400794983	0.00722456444054842	0.009853878058493137	0.02663455903530121	0.006167186889797449
311	pride	../final/models/models_2nd_run/model2_10	../final/models/models_2nd_run/model2_10	pride	0.29341837763786316	0.2409266233444214	0.023232869803905487	0.011095227673649788	0.0215824656188488	0.29341837763786316	0.009108160622417927	0.10150209814310074	0.23458647727966309	0.01068817637860775	0.011696971952915192	0.029245881363749504	0.012916683219373226
1092	disgust	../final/models/models_2nd_run/model2_10	../final/models/models_2nd_run/model2_10	disgust	0.8651518225669861	0.027164975181221962	0.009925411082804203	0.020110683515667915	0.026881344616413116	0.0018138770246878266	0.019727133214473724	0.005280496086925268	0.0034271366894245148	0.8651518225669861	0.006892997771501541	0.005307197570800781	0.008317025378346443
532	joy	../final/models/models_2nd_run/model2_10	../final/models/models_2nd_run/model2_10	joy	0.4560542106628418	0.21949520707130432	0.009774705395102501	0.010989634320139885	0.0062498776242136955	0.06255513429641724	0.004889280069619417	0.4560542106628418	0.1936243176460266	0.004473594482988119	0.00819126795977354	0.01920241117477417	0.004500304814428091
552	surprise	../final/models/models_2nd_run/model2_10	../final/models/models_2nd_run/model2_10	excitement	0.6072924137115479	0.10900575667619705	0.024516351521015167	0.00967006292194128	0.012449877336621284	0.031452909111976624	0.020634464919567108	0.12930980324745178	0.6072924137115479	0.02109682932496071	0.008543026633560658	0.018988294526934624	0.007040194235742092
679	excitement	../final/models/models_2nd_run/model2_10	../final/models/models_2nd_run/model2_10	neutral	0.4235687255859375	0.4235687255859375	0.012860400602221489	0.009958324953913689	0.009968245401978493	0.17884521186351776	0.006375351920723915	0.15309371054172516	0.16241703927516937	0.006271407939493656	0.010596751235425472	0.017486408352851868	0.00855838879942894
966	pride	../final/models/models_2nd_run/model2_10	../final/models/models_2nd_run/model2_10	pride	0.4260588586330414	0.26906532049179077	0.02869943529367447	0.009902823716402054	0.021512705832719803	0.4260588586330414	0.007845258340239525	0.11018452048301697	0.0838952288031578	0.008004066534340382	0.01136668212711811	0.01201311033219099	0.011452019214630127
215	fear	../final/models/models_2nd_run/model2_10	../final/models/models_2nd_run/model2_10	nervousness	0.6869502663612366	0.024021243676543236	0.6869502663612366	0.02110087312757969	0.010455994866788387	0.014148484915494919	0.13585947453975677	0.01650645211338997	0.009664949961006641	0.005577464122325182	0.06623470783233643	0.004218379966914654	0.0052617983892560005
527	nervousness	../final/models/models_2nd_run/model2_10	../final/models/models_2nd_run/model2_10	nervousness	0.3679196834564209	0.18297681212425232	0.3679196834564209	0.14625531435012817	0.0465422086417675	0.051012106239795685	0.04979509487748146	0.02302660048007965	0.015671852976083755	0.046290311962366104	0.01307849120348692	0.005502187646925449	0.05192941054701805
27	excitement	../final/models/models_2nd_run/model2_10	../final/models/models_2nd_run/model2_10	neutral	0.3282870054244995	0.3282870054244995	0.015024151653051376	0.013189908117055893	0.012088282033801079	0.3046964108943939	0.005139631684869528	0.16864579916000366	0.11751897633075714	0.005856023170053959	0.007487189956009388	0.011600024998188019	0.01046648621559143
1227	neutral	../final/models/models_2nd_run/model2_10	../final/models/models_2nd_run/model2_10	neutral	0.31290388107299805	0.31290388107299805	0.16014152765274048	0.053360648453235626	0.06504072993993759	0.16390684247016907	0.04978682100772858	0.06965076923370361	0.06052974984049797	0.02084442228078842	0.015569250099360943	0.016688941046595573	0.011576446704566479
727	joy	../final/models/models_2nd_run/model2_10	../final/models/models_2nd_run/model2_10	joy	0.49329274892807007	0.2560119926929474	0.009602499194443226	0.0204890426248312	0.0050960807129740715	0.050553176552057266	0.004348149523139	0.49329274892807007	0.13444046676158905	0.003997997380793095	0.005792967043817043	0.011921066790819168	0.004453855101019144
730	nervousness	../final/models/models_2nd_run/model2_10	../final/models/models_2nd_run/model2_10	pride	0.45616111159324646	0.05699227377772331	0.2774600684642792	0.011975757777690887	0.04855832830071449	0.45616111159324646	0.025619585067033768	0.03989877179265022	0.05109664052724838	0.006212078500539064	0.012650344520807266	0.004995845723897219	0.008379114791750908
875	neutral	../final/models/models_2nd_run/model2_10	../final/models/models_2nd_run/model2_10	neutral	0.37509891390800476	0.37509891390800476	0.010243099182844162	0.008471840061247349	0.00707396911457181	0.07157929986715317	0.006923072040081024	0.28723272681236267	0.18837513029575348	0.008230181410908699	0.012025558389723301	0.01750129833817482	0.0072447978891432285
542	neutral	../final/models/models_2nd_run/model2_10	../final/models/models_2nd_run/model2_10	neutral	0.48101648688316345	0.48101648688316345	0.024272188544273376	0.010184257291257381	0.016241945326328278	0.18992775678634644	0.007751823868602514	0.13750459253787994	0.07767105847597122	0.007835948839783669	0.021328290924429893	0.01998487487435341	0.006280811037868261
541	excitement	../final/models/models_2nd_run/model2_10	../final/models/models_2nd_run/model2_10	excitement	0.7870133519172668	0.08262167125940323	0.0027533259708434343	0.0026104040443897247	0.002225882839411497	0.008270647376775742	0.0038273166865110397	0.07226219028234482	0.7870133519172668	0.002917082980275154	0.004629547707736492	0.02721005119383335	0.0036586152855306864
823	nervousness	../final/models/models_2nd_run/model2_10	../final/models/models_2nd_run/model2_10	neutral	0.3927133083343506	0.3927133083343506	0.0314054898917675	0.0115831783041358	0.013855873607099056	0.20239408314228058	0.009871787391602993	0.1443125158548355	0.15510112047195435	0.007663288153707981	0.010608839802443981	0.011266636662185192	0.009223938919603825
598	joy	../final/models/models_2nd_run/model2_10	../final/models/models_2nd_run/model2_10	joy	0.5804722309112549	0.18646956980228424	0.004678396042436361	0.0058442819863557816	0.0029587142635136843	0.02402282878756523	0.003535306779667735	0.5804722309112549	0.16664448380470276	0.004379018675535917	0.005344730336219072	0.011292248964309692	0.0043580918572843075
354	pride	../final/models/models_2nd_run/model2_10	../final/models/models_2nd_run/model2_10	excitement	0.44298025965690613	0.12421337515115738	0.0034927483648061752	0.0044076708145439625	0.003190673189237714	0.020094703882932663	0.003292395733296871	0.3666782081127167	0.44298025965690613	0.004058302845805883	0.007102028466761112	0.01570352539420128	0.004786165431141853
1114	neutral	../final/models/models_2nd_run/model2_10	../final/models/models_2nd_run/model2_10	joy	0.38290297985076904	0.3742285668849945	0.010491284541785717	0.011616342701017857	0.007437486667186022	0.04293054714798927	0.006850927136838436	0.38290297985076904	0.11560840904712677	0.009446497075259686	0.011083429679274559	0.020264893770217896	0.007138571236282587
677	excitement	../final/models/models_2nd_run/model2_10	../final/models/models_2nd_run/model2_10	neutral	0.2716876268386841	0.2716876268386841	0.01195848360657692	0.008102565072476864	0.015389807522296906	0.2405102550983429	0.00490826228633523	0.19550581276416779	0.20258496701717377	0.009656395763158798	0.010505296289920807	0.02098080702126026	0.008209607563912868
256	joy	../final/models/models_2nd_run/model2_10	../final/models/models_2nd_run/model2_10	neutral	0.3620297610759735	0.3620297610759735	0.008118796162307262	0.009354962036013603	0.0068195536732673645	0.08606619387865067	0.005048383492976427	0.3469415009021759	0.13633090257644653	0.008129135705530643	0.008274978958070278	0.01570979319512844	0.007175982929766178
291	pride	../final/models/models_2nd_run/model2_10	../final/models/models_2nd_run/model2_10	neutral	0.37451788783073425	0.37451788783073425	0.022214530035853386	0.00980855617672205	0.010738254524767399	0.23012609779834747	0.00840007048100233	0.15543736517429352	0.14411352574825287	0.006240268237888813	0.013138440437614918	0.015843382105231285	0.009421611204743385
25	excitement	../final/models/models_2nd_run/model2_10	../final/models/models_2nd_run/model2_10	excitement	0.36291176080703735	0.2113204300403595	0.008269759826362133	0.006203671917319298	0.006110248155891895	0.13053745031356812	0.00420445716008544	0.23298512399196625	0.36291176080703735	0.004000382963567972	0.008694014512002468	0.019316820427775383	0.005445916671305895
336	joy	../final/models/models_2nd_run/model2_10	../final/models/models_2nd_run/model2_10	joy	0.3854372501373291	0.24560043215751648	0.019310295581817627	0.012784242630004883	0.009656206704676151	0.10392285138368607	0.005510823335498571	0.3854372501373291	0.17890901863574982	0.00467829080298543	0.008421196602284908	0.021277638152241707	0.004491716157644987
486	pride	../final/models/models_2nd_run/model2_10	../final/models/models_2nd_run/model2_10	excitement	0.3266547620296478	0.27248242497444153	0.004319892730563879	0.0063899182714521885	0.004150048363953829	0.030372269451618195	0.004639605060219765	0.3176257312297821	0.3266547620296478	0.005447072442620993	0.00608418695628643	0.01679096184670925	0.00504307821393013
47	excitement	../final/models/models_2nd_run/model2_10	../final/models/models_2nd_run/model2_10	excitement	0.8585914373397827	0.04682157561182976	0.004171145148575306	0.003017330076545477	0.0025411350652575493	0.00935658160597086	0.0033722184598445892	0.04465056210756302	0.8585914373397827	0.002300363965332508	0.0035884534008800983	0.018421778455376625	0.0031674832571297884
318	nervousness	../final/models/models_2nd_run/model2_10	../final/models/models_2nd_run/model2_10	neutral	0.3362855315208435	0.3362855315208435	0.04387204349040985	0.01938473805785179	0.042648397386074066	0.177836075425148	0.01444217935204506	0.11932728439569473	0.16382209956645966	0.02596329338848591	0.017551364377141	0.023198788985610008	0.015668191015720367
106	nervousness	../final/models/models_2nd_run/model2_10	../final/models/models_2nd_run/model2_10	nervousness	0.71964430809021	0.024796443060040474	0.71964430809021	0.023259462788701057	0.009302739053964615	0.014605989679694176	0.16442660987377167	0.012829446233808994	0.009331795386970043	0.005446656607091427	0.008673649281263351	0.0026781605556607246	0.005004837177693844
899	nervousness	../final/models/models_2nd_run/model2_10	../final/models/models_2nd_run/model2_10	neutral	0.538303792476654	0.538303792476654	0.04357266053557396	0.01615983247756958	0.012531940825283527	0.12248589098453522	0.013064529746770859	0.14459799230098724	0.0677066296339035	0.008400586433708668	0.011607246473431587	0.011952287517488003	0.009616575203835964
55	pride	../final/models/models_2nd_run/model2_10	../final/models/models_2nd_run/model2_10	neutral	0.2633516788482666	0.2633516788482666	0.01132705993950367	0.008062298409640789	0.007970262318849564	0.2571926712989807	0.0056136418133974075	0.16906647384166718	0.23561787605285645	0.00510308425873518	0.009762091562151909	0.01918572559952736	0.007747057359665632
584	anger	../final/models/models_2nd_run/model2_10	../final/models/models_2nd_run/model2_10	sadness	0.4993121027946472	0.10991867631673813	0.1849614828824997	0.4993121027946472	0.04812154918909073	0.04719032347202301	0.033359963446855545	0.025774674490094185	0.011514891870319843	0.012694443576037884	0.010083959437906742	0.005816982593387365	0.011250886134803295
213	neutral	../final/models/models_2nd_run/model2_10	../final/models/models_2nd_run/model2_10	neutral	0.5292581915855408	0.5292581915855408	0.09682294726371765	0.030697444453835487	0.030415667220950127	0.09327922761440277	0.03696592152118683	0.07989195734262466	0.04933243989944458	0.019768325611948967	0.012090886943042278	0.011113648302853107	0.010363328270614147
120	joy	../final/models/models_2nd_run/model2_10	../final/models/models_2nd_run/model2_10	excitement	0.7168986201286316	0.07875046879053116	0.0032799947075545788	0.003789957845583558	0.002833890961483121	0.024905750527977943	0.0030564223416149616	0.1364249885082245	0.7168986201286316	0.00223063537850976	0.003241086145862937	0.022358516231179237	0.0022296018432825804
628	pride	../final/models/models_2nd_run/model2_10	../final/models/models_2nd_run/model2_10	excitement	0.31483182311058044	0.24273398518562317	0.00881521962583065	0.006456170696765184	0.0063506788574159145	0.12335456907749176	0.004111662041395903	0.25389018654823303	0.31483182311058044	0.0049924831837415695	0.009364102967083454	0.01943063922226429	0.005668398458510637
842	neutral	../final/models/models_2nd_run/model2_10	../final/models/models_2nd_run/model2_10	excitement	0.4051036834716797	0.17158985137939453	0.0030696550384163857	0.004668797831982374	0.0023774472065269947	0.020894227549433708	0.0030373362824320793	0.3609021306037903	0.4051036834716797	0.0037046712823212147	0.005292103625833988	0.014173469506204128	0.005186721682548523
582	joy	../final/models/models_2nd_run/model2_10	../final/models/models_2nd_run/model2_10	neutral	0.6253776550292969	0.6253776550292969	0.009667733684182167	0.007231323514133692	0.006420833524316549	0.08904731273651123	0.005182753782719374	0.14304421842098236	0.08010860532522202	0.005384972784668207	0.010520163923501968	0.011732588522136211	0.006281787063926458
72	joy	../final/models/models_2nd_run/model2_10	../final/models/models_2nd_run/model2_10	joy	0.3068511486053467	0.2255367636680603	0.009996580891311169	0.012483274564146996	0.008180066011846066	0.2556387782096863	0.0034630335867404938	0.3068511486053467	0.14638124406337738	0.004949966911226511	0.005600078497081995	0.014009191654622555	0.006909866817295551
410	joy	../final/models/models_2nd_run/model2_10	../final/models/models_2nd_run/model2_10	excitement	0.43014776706695557	0.20904508233070374	0.003625452285632491	0.005124437622725964	0.0034389211796224117	0.0362299345433712	0.0035320951137691736	0.2707742154598236	0.43014776706695557	0.004153877031058073	0.006302876863628626	0.022517094388604164	0.005108094308525324
672	excitement	../final/models/models_2nd_run/model2_10	../final/models/models_2nd_run/model2_10	excitement	0.39914315938949585	0.20183391869068146	0.004031741060316563	0.006680314429104328	0.005891397129744291	0.027236538007855415	0.00428150687366724	0.28390684723854065	0.39914315938949585	0.010439405217766762	0.01443855743855238	0.03625252842903137	0.005864053964614868
839	neutral	../final/models/models_2nd_run/model2_10	../final/models/models_2nd_run/model2_10	neutral	0.853421151638031	0.853421151638031	0.004597129300236702	0.005290874745696783	0.0034226439893245697	0.01920763961970806	0.003519737860187888	0.0331268273293972	0.025727830827236176	0.00555054796859622	0.023533182218670845	0.017083274200558662	0.005519091617316008
919	joy	../final/models/models_2nd_run/model2_10	../final/models/models_2nd_run/model2_10	neutral	0.422248899936676	0.422248899936676	0.012329029850661755	0.008930578827857971	0.008148959837853909	0.07672056555747986	0.006427674554288387	0.30810585618019104	0.10729438811540604	0.009427286684513092	0.015531796962022781	0.01834551803767681	0.006489526480436325
432	pride	../final/models/models_2nd_run/model2_10	../final/models/models_2nd_run/model2_10	neutral	0.4459187388420105	0.4459187388420105	0.01666645146906376	0.013130118139088154	0.010670281946659088	0.16690577566623688	0.006320660933852196	0.1648498773574829	0.13756640255451202	0.006515879649668932	0.008938050828874111	0.014658717438578606	0.007859152741730213
1085	neutral	../final/models/models_2nd_run/model2_10	../final/models/models_2nd_run/model2_10	neutral	0.7702509164810181	0.7702509164810181	0.010075999423861504	0.013349051587283611	0.008968987502157688	0.0295137669891119	0.0074648382142186165	0.06453908979892731	0.038718920201063156	0.016920678317546844	0.010492931120097637	0.021687965840101242	0.008016885258257389
1010	joy	../final/models/models_2nd_run/model2_10	../final/models/models_2nd_run/model2_10	joy	0.4546053111553192	0.21371839940547943	0.004677561577409506	0.008283205330371857	0.004444990772753954	0.05118407681584358	0.0034107347019016743	0.4546053111553192	0.22615307569503784	0.005677739158272743	0.006116996984928846	0.016288161277770996	0.005439747124910355
881	surprise	../final/models/models_2nd_run/model2_10	../final/models/models_2nd_run/model2_10	surprise	0.5051502585411072	0.04449794441461563	0.0018885734025388956	0.004173618275672197	0.00419438723474741	0.006900999695062637	0.002350197173655033	0.06365988403558731	0.3548658490180969	0.002331244060769677	0.0069933123886585236	0.5051502585411072	0.0029937447980046272
617	surprise	../final/models/models_2nd_run/model2_10	../final/models/models_2nd_run/model2_10	neutral	0.25475287437438965	0.25475287437438965	0.06644710898399353	0.012424761429429054	0.022296402603387833	0.1780378222465515	0.01896803267300129	0.11344554275274277	0.15381847321987152	0.005841378588229418	0.13927480578422546	0.027547497302293777	0.007145287003368139
1058	joy	../final/models/models_2nd_run/model2_10	../final/models/models_2nd_run/model2_10	joy	0.4128990173339844	0.22898142039775848	0.006235809065401554	0.007047375198453665	0.0049444278702139854	0.07343985140323639	0.0036822936963289976	0.4128990173339844	0.23103328049182892	0.003932013176381588	0.007923735305666924	0.015638140961527824	0.004242605064064264
523	neutral	../final/models/models_2nd_run/model2_10	../final/models/models_2nd_run/model2_10	excitement	0.8033865690231323	0.06891611963510513	0.005367734935134649	0.0032439308706671	0.002673408016562462	0.016851792111992836	0.0032819986809045076	0.07142025977373123	0.8033865690231323	0.002278079278767109	0.0041183787398040295	0.015465844422578812	0.0029959685634821653
1033	neutral	../final/models/models_2nd_run/model2_10	../final/models/models_2nd_run/model2_10	neutral	0.3760293424129486	0.3760293424129486	0.009859808720648289	0.007148947101086378	0.007482635322958231	0.1317063271999359	0.004621512722223997	0.21552447974681854	0.20973022282123566	0.005953338462859392	0.007758506573736668	0.016903920099139214	0.0072809914126992226
325	nervousness	../final/models/models_2nd_run/model2_10	../final/models/models_2nd_run/model2_10	nervousness	0.7376207113265991	0.022496996447443962	0.7376207113265991	0.017062613740563393	0.009709627367556095	0.01948745734989643	0.14234960079193115	0.016108635812997818	0.015905287116765976	0.005138940643519163	0.0065210298635065556	0.002877600258216262	0.004721546079963446
924	pride	../final/models/models_2nd_run/model2_10	../final/models/models_2nd_run/model2_10	neutral	0.3721143305301666	0.3721143305301666	0.03401009738445282	0.0209745354950428	0.026572419330477715	0.2501381039619446	0.01045089028775692	0.11750835180282593	0.11002161353826523	0.009844047948718071	0.013126944191753864	0.025052722543478012	0.01018594205379486
1250	joy	../final/models/models_2nd_run/model2_10	../final/models/models_2nd_run/model2_10	excitement	0.5021873116493225	0.14133696258068085	0.005544329062104225	0.004151926841586828	0.0057258098386228085	0.1309337317943573	0.0035735294222831726	0.16997018456459045	0.5021873116493225	0.0035971871111541986	0.005405043717473745	0.021467674523591995	0.006106336135417223
316	embarrassment	../final/models/models_2nd_run/model2_10	../final/models/models_2nd_run/model2_10	nervousness	0.7413876056671143	0.034387629479169846	0.7413876056671143	0.01887182891368866	0.00941746961325407	0.018459532409906387	0.12510336935520172	0.01702326163649559	0.012858131900429726	0.006236969027668238	0.007042309734970331	0.0030013248324394226	0.00621053809300065
945	pride	../final/models/models_2nd_run/model2_10	../final/models/models_2nd_run/model2_10	joy	0.5138416290283203	0.21689100563526154	0.00451233983039856	0.005106416530907154	0.003100330475717783	0.05229585990309715	0.0028665796853601933	0.5138416290283203	0.1779543161392212	0.003778180805966258	0.005196908954530954	0.009847893379628658	0.004608447663486004
933	disgust	../final/models/models_2nd_run/model2_10	../final/models/models_2nd_run/model2_10	neutral	0.3314373195171356	0.3314373195171356	0.05747278034687042	0.020176198333501816	0.04107625409960747	0.32887545228004456	0.014084725640714169	0.07580870389938354	0.06330868601799011	0.012320078909397125	0.022940371185541153	0.01907787285745144	0.013421494513750076
465	excitement	../final/models/models_2nd_run/model2_10	../final/models/models_2nd_run/model2_10	fear	0.6824406385421753	0.023028399795293808	0.2223929762840271	0.011962726712226868	0.006198660004884005	0.00663794344291091	0.6824406385421753	0.013818752951920033	0.010368389077484608	0.00695217726752162	0.006305880378931761	0.004590616561472416	0.005302889738231897
590	anger	../final/models/models_2nd_run/model2_10	../final/models/models_2nd_run/model2_10	fear	0.8151365518569946	0.01200453843921423	0.05990951508283615	0.026909803971648216	0.0077927508391439915	0.0017494865460321307	0.8151365518569946	0.005155286286026239	0.0027315921615809202	0.051644936203956604	0.008048278279602528	0.0031004075426608324	0.005816835444420576
1101	pride	../final/models/models_2nd_run/model2_10	../final/models/models_2nd_run/model2_10	pride	0.6191921234130859	0.1081266775727272	0.0152406832203269	0.0062839980237185955	0.013638762757182121	0.6191921234130859	0.003987254109233618	0.1285274773836136	0.07355466485023499	0.005280022509396076	0.009388304315507412	0.009497770108282566	0.007282286882400513
1087	nervousness	../final/models/models_2nd_run/model2_10	../final/models/models_2nd_run/model2_10	nervousness	0.7380327582359314	0.029799824580550194	0.7380327582359314	0.026359036564826965	0.01976604387164116	0.020605802536010742	0.10657135397195816	0.014101533219218254	0.010190125554800034	0.010558856651186943	0.013069745153188705	0.0028726947493851185	0.00807217601686716
561	joy	../final/models/models_2nd_run/model2_10	../final/models/models_2nd_run/model2_10	neutral	0.30708247423171997	0.30708247423171997	0.027021586894989014	0.025679515674710274	0.014053631573915482	0.30539026856422424	0.008064266294240952	0.20284652709960938	0.07919248938560486	0.0058595286682248116	0.006797752343118191	0.007870291359722614	0.010141756385564804
736	joy	../final/models/models_2nd_run/model2_10	../final/models/models_2nd_run/model2_10	neutral	0.28808075189590454	0.28808075189590454	0.022732794284820557	0.00992389116436243	0.013788803480565548	0.23928746581077576	0.008007487282156944	0.21386712789535522	0.1567697674036026	0.008051779121160507	0.015000143088400364	0.0157249104231596	0.008765030652284622
60	surprise	../final/models/models_2nd_run/model2_10	../final/models/models_2nd_run/model2_10	neutral	0.35495418310165405	0.35495418310165405	0.008825737982988358	0.00902500282973051	0.00743650458753109	0.11593566089868546	0.00541005888953805	0.15660952031612396	0.27678269147872925	0.004484080709517002	0.009562153369188309	0.04418046772480011	0.006793935317546129
433	pride	../final/models/models_2nd_run/model2_10	../final/models/models_2nd_run/model2_10	excitement	0.5380621552467346	0.19681812822818756	0.003586072474718094	0.004213354084640741	0.0037207105197012424	0.038599759340286255	0.00272188987582922	0.15250164270401	0.5380621552467346	0.003332821186631918	0.005710290279239416	0.04587791860103607	0.0048552281223237514
808	excitement	../final/models/models_2nd_run/model2_10	../final/models/models_2nd_run/model2_10	neutral	0.40446919202804565	0.40446919202804565	0.01336612831801176	0.014520055614411831	0.00935074407607317	0.11086693406105042	0.0066961427219212055	0.17878690361976624	0.22487381100654602	0.006159117445349693	0.007363895885646343	0.01654200442135334	0.007005200255662203
92	joy	../final/models/models_2nd_run/model2_10	../final/models/models_2nd_run/model2_10	sadness	0.2999719977378845	0.12177010625600815	0.2920723259449005	0.2999719977378845	0.05314486101269722	0.028517480939626694	0.09136869758367538	0.033975981175899506	0.0159783773124218	0.03347060829401016	0.013603195548057556	0.007044858764857054	0.009081398136913776
968	joy	../final/models/models_2nd_run/model2_10	../final/models/models_2nd_run/model2_10	excitement	0.40599486231803894	0.19368910789489746	0.0034873331896960735	0.004409037064760923	0.0029192552901804447	0.028970375657081604	0.003175050253048539	0.331277996301651	0.40599486231803894	0.0040704659186303616	0.004834104795008898	0.01288896705955267	0.004283340647816658
493	joy	../final/models/models_2nd_run/model2_10	../final/models/models_2nd_run/model2_10	joy	0.5207065343856812	0.1391337513923645	0.0035701554734259844	0.004704677499830723	0.0030605685897171497	0.02514403685927391	0.0029072044417262077	0.5207065343856812	0.2729196548461914	0.003604169934988022	0.006509016267955303	0.013301885686814785	0.004438310861587524
351	joy	../final/models/models_2nd_run/model2_10	../final/models/models_2nd_run/model2_10	joy	0.4645458161830902	0.19741274416446686	0.004049940034747124	0.005936578847467899	0.003164175897836685	0.04534556344151497	0.0027471689973026514	0.4645458161830902	0.25365087389945984	0.0033641287591308355	0.004764263052493334	0.010331902652978897	0.004686822649091482
194	neutral	../final/models/models_2nd_run/model2_10	../final/models/models_2nd_run/model2_10	fear	0.8665207624435425	0.014532606117427349	0.06603340059518814	0.0068295178934931755	0.003467590780928731	0.002400818048045039	0.8665207624435425	0.01055119652301073	0.005557247903198004	0.011820920743048191	0.006081990897655487	0.002833196660503745	0.0033708601258695126
280	neutral	../final/models/models_2nd_run/model2_10	../final/models/models_2nd_run/model2_10	excitement	0.4408717453479767	0.1988406777381897	0.005255721975117922	0.005904975812882185	0.004486642777919769	0.04057670384645462	0.004123757127672434	0.26493361592292786	0.4408717453479767	0.0036227512173354626	0.005384348798543215	0.021907920017838478	0.0040911780670285225
948	neutral	../final/models/models_2nd_run/model2_10	../final/models/models_2nd_run/model2_10	neutral	0.4089847803115845	0.4089847803115845	0.023204360157251358	0.010590345598757267	0.010437648743391037	0.14773982763290405	0.007761174347251654	0.2040943056344986	0.143970787525177	0.007779203355312347	0.01127808541059494	0.01629433035850525	0.007865158841013908
884	pride	../final/models/models_2nd_run/model2_10	../final/models/models_2nd_run/model2_10	pride	0.8178051710128784	0.04574629291892052	0.01731414534151554	0.004360835999250412	0.01795574091374874	0.8178051710128784	0.003513576928526163	0.0350932851433754	0.03571945056319237	0.0036432708147913218	0.006421666592359543	0.005525908898562193	0.006900765933096409
359	pride	../final/models/models_2nd_run/model2_10	../final/models/models_2nd_run/model2_10	neutral	0.3783348798751831	0.3783348798751831	0.013219097629189491	0.008955883793532848	0.01574774459004402	0.14681386947631836	0.006791713181883097	0.1463954895734787	0.1985805332660675	0.010184820741415024	0.028671080246567726	0.03794322535395622	0.008361625485122204
1230	neutral	../final/models/models_2nd_run/model2_10	../final/models/models_2nd_run/model2_10	neutral	0.33944690227508545	0.33944690227508545	0.011945842765271664	0.0061844768933951855	0.005814239848405123	0.09833493083715439	0.006232417654246092	0.21037590503692627	0.28206315636634827	0.005945763550698757	0.009365563280880451	0.016353869810700417	0.00793677382171154
930	excitement	../final/models/models_2nd_run/model2_10	../final/models/models_2nd_run/model2_10	excitement	0.33285555243492126	0.26668986678123474	0.010783928446471691	0.00661259051412344	0.008048969320952892	0.11507552117109299	0.005918405018746853	0.21215569972991943	0.33285555243492126	0.006619597319513559	0.012250233441591263	0.01711905561387539	0.005870474968105555
938	neutral	../final/models/models_2nd_run/model2_10	../final/models/models_2nd_run/model2_10	nervousness	0.3894232511520386	0.1317460834980011	0.3894232511520386	0.17240698635578156	0.08907211571931839	0.04558022320270538	0.06950675696134567	0.028653735294938087	0.017058253288269043	0.026453856378793716	0.01146198995411396	0.00791932363063097	0.010717440396547318
588	excitement	../final/models/models_2nd_run/model2_10	../final/models/models_2nd_run/model2_10	joy	0.31751689314842224	0.2916983962059021	0.017789004370570183	0.036306656897068024	0.01143716461956501	0.18609149754047394	0.004972507245838642	0.31751689314842224	0.10256506502628326	0.006300668232142925	0.005386046599596739	0.011378606781363487	0.008557401597499847
1029	neutral	../final/models/models_2nd_run/model2_10	../final/models/models_2nd_run/model2_10	joy	0.33400997519493103	0.2438095360994339	0.01417296938598156	0.012408633716404438	0.010245898738503456	0.18184778094291687	0.005780944600701332	0.33400997519493103	0.16353850066661835	0.004960280377417803	0.00829106941819191	0.01517284195870161	0.00576162850484252
1041	fear	../final/models/models_2nd_run/model2_10	../final/models/models_2nd_run/model2_10	nervousness	0.4080103039741516	0.07404141873121262	0.4080103039741516	0.2356933355331421	0.07757454365491867	0.026781894266605377	0.11239375174045563	0.01157008484005928	0.008335399441421032	0.018917802721261978	0.01114009227603674	0.004727631341665983	0.01081374753266573
812	joy	../final/models/models_2nd_run/model2_10	../final/models/models_2nd_run/model2_10	neutral	0.3953324556350708	0.3953324556350708	0.01342648733407259	0.009322344325482845	0.010512281209230423	0.12574048340320587	0.0050314790569245815	0.20185720920562744	0.17662014067173004	0.005475794430822134	0.024162376299500465	0.026750260964035988	0.005768731702119112
182	pride	../final/models/models_2nd_run/model2_10	../final/models/models_2nd_run/model2_10	excitement	0.28777381777763367	0.1689625084400177	0.01322973519563675	0.005892740096896887	0.009449677541851997	0.269339919090271	0.004687665496021509	0.20460321009159088	0.28777381777763367	0.004899159073829651	0.009421315044164658	0.015849215909838676	0.005891018081456423
716	joy	../final/models/models_2nd_run/model2_10	../final/models/models_2nd_run/model2_10	neutral	0.33112362027168274	0.33112362027168274	0.016201458871364594	0.012925716117024422	0.01630224846303463	0.13551056385040283	0.006635537836700678	0.24308304488658905	0.1774776726961136	0.012515327893197536	0.017586350440979004	0.02223384380340576	0.008404725231230259
529	surprise	../final/models/models_2nd_run/model2_10	../final/models/models_2nd_run/model2_10	neutral	0.5702604055404663	0.5702604055404663	0.029201297089457512	0.01800016313791275	0.013544794172048569	0.16200003027915955	0.013200188055634499	0.08406417816877365	0.06861603260040283	0.0080939419567585	0.008741273544728756	0.008853595703840256	0.015424211509525776
110	neutral	../final/models/models_2nd_run/model2_10	../final/models/models_2nd_run/model2_10	pride	0.37259140610694885	0.2031707763671875	0.0152887012809515	0.017932841554284096	0.012093009427189827	0.37259140610694885	0.004866710864007473	0.2078484445810318	0.13271991908550262	0.005125556606799364	0.006921141408383846	0.013218555599451065	0.008222912438213825
370	excitement	../final/models/models_2nd_run/model2_10	../final/models/models_2nd_run/model2_10	joy	0.48107874393463135	0.1628289520740509	0.005157747771590948	0.0067552258260548115	0.003588044550269842	0.05629966780543327	0.003314503701403737	0.48107874393463135	0.25439712405204773	0.003292720764875412	0.006054484285414219	0.013323646038770676	0.003909205086529255
458	sadness	../final/models/models_2nd_run/model2_10	../final/models/models_2nd_run/model2_10	neutral	0.5498951077461243	0.5498951077461243	0.08456282317638397	0.04224608466029167	0.028251415118575096	0.11179564148187637	0.03339823707938194	0.045246005058288574	0.037421468645334244	0.020433004945516586	0.006596784107387066	0.008797973394393921	0.03135545551776886
239	neutral	../final/models/models_2nd_run/model2_10	../final/models/models_2nd_run/model2_10	joy	0.5357567071914673	0.17556805908679962	0.004041397478431463	0.0047902315855026245	0.0029564439319074154	0.0426311232149601	0.0026835945900529623	0.5357567071914673	0.2087733894586563	0.003228074638172984	0.005193519871681929	0.010739816352725029	0.003637551097199321
1185	pride	../final/models/models_2nd_run/model2_10	../final/models/models_2nd_run/model2_10	pride	0.7840414643287659	0.051568035036325455	0.02452973835170269	0.005053171422332525	0.018405767157673836	0.7840414643287659	0.004575779661536217	0.04082917049527168	0.04886772483587265	0.0037136792670935392	0.006166655104607344	0.005779284983873367	0.00646956404671073
661	joy	../final/models/models_2nd_run/model2_10	../final/models/models_2nd_run/model2_10	excitement	0.5312598943710327	0.1266268789768219	0.0034098075702786446	0.004898257553577423	0.00286855292506516	0.023963572457432747	0.0036282262299209833	0.2737318277359009	0.5312598943710327	0.0026700892485678196	0.005110542755573988	0.018358934670686722	0.00347342761233449
204	excitement	../final/models/models_2nd_run/model2_10	../final/models/models_2nd_run/model2_10	excitement	0.8920497298240662	0.03384571149945259	0.0028775082901120186	0.002332374919205904	0.0019094161689281464	0.006154367234557867	0.0029703129548579454	0.03227539733052254	0.8920497298240662	0.002443983918055892	0.0029314341954886913	0.016820555552840233	0.0033891836646944284
594	joy	../final/models/models_2nd_run/model2_10	../final/models/models_2nd_run/model2_10	neutral	0.3693080246448517	0.3693080246448517	0.07581637054681778	0.023170731961727142	0.022569749504327774	0.2823095917701721	0.016325103119015694	0.09660633653402328	0.06945215910673141	0.010119632817804813	0.010194445960223675	0.009527907706797123	0.014600050635635853
908	neutral	../final/models/models_2nd_run/model2_10	../final/models/models_2nd_run/model2_10	nervousness	0.20975863933563232	0.1536199152469635	0.20975863933563232	0.13928452134132385	0.14207586646080017	0.07654966413974762	0.05086500197649002	0.04360765218734741	0.029590502381324768	0.03258579969406128	0.08516146242618561	0.02701808139681816	0.0098829111084342
723	joy	../final/models/models_2nd_run/model2_10	../final/models/models_2nd_run/model2_10	neutral	0.5515213012695312	0.5515213012695312	0.015545245260000229	0.013416432775557041	0.011318529024720192	0.1344672292470932	0.007155679631978273	0.14353421330451965	0.08094864338636398	0.008660268038511276	0.01404186338186264	0.011205622926354408	0.008184943348169327
1131	joy	../final/models/models_2nd_run/model2_10	../final/models/models_2nd_run/model2_10	neutral	0.47185808420181274	0.47185808420181274	0.04417724534869194	0.015749899670481682	0.032230038195848465	0.19069550931453705	0.01352680567651987	0.10670539736747742	0.0649041160941124	0.013701816089451313	0.016770806163549423	0.020370986312627792	0.009309191256761551
1225	neutral	../final/models/models_2nd_run/model2_10	../final/models/models_2nd_run/model2_10	neutral	0.23880065977573395	0.23880065977573395	0.19627267122268677	0.0630183145403862	0.07511051744222641	0.15896011888980865	0.04017253592610359	0.08306890726089478	0.0639571025967598	0.017107972875237465	0.026518458500504494	0.02519928477704525	0.011813534423708916
543	pride	../final/models/models_2nd_run/model2_10	../final/models/models_2nd_run/model2_10	neutral	0.39326828718185425	0.39326828718185425	0.00736995879560709	0.007343274541199207	0.008872170001268387	0.09155968576669693	0.0052026319317519665	0.13741250336170197	0.28704097867012024	0.007816356606781483	0.012119402177631855	0.03451830521225929	0.0074764941819012165
183	excitement	../final/models/models_2nd_run/model2_10	../final/models/models_2nd_run/model2_10	neutral	0.4149918258190155	0.4149918258190155	0.018064549192786217	0.011437170207500458	0.011220219545066357	0.13676680624485016	0.008825982920825481	0.20586428046226501	0.14323990046977997	0.011282985098659992	0.011777093634009361	0.017385317012667656	0.009143873117864132
137	pride	../final/models/models_2nd_run/model2_10	../final/models/models_2nd_run/model2_10	joy	0.28002214431762695	0.2227378487586975	0.01771978661417961	0.008432279340922832	0.008921964094042778	0.20848800241947174	0.0072974106296896935	0.28002214431762695	0.2093154937028885	0.00441370252519846	0.01105521246790886	0.015553711913526058	0.006042420398443937
705	neutral	../final/models/models_2nd_run/model2_10	../final/models/models_2nd_run/model2_10	pride	0.29230183362960815	0.24996870756149292	0.021664489060640335	0.017800016328692436	0.019461432471871376	0.29230183362960815	0.005704156588762999	0.2192869782447815	0.13271959125995636	0.006503178272396326	0.011648358777165413	0.013397229835391045	0.009543990716338158
80	excitement	../final/models/models_2nd_run/model2_10	../final/models/models_2nd_run/model2_10	excitement	0.3983255922794342	0.2085690051317215	0.004423057194799185	0.005394283682107925	0.005483601707965136	0.06017712876200676	0.0036941736470907927	0.2630249261856079	0.3983255922794342	0.00714494613930583	0.009852412156760693	0.027932504191994667	0.005978394765406847
890	neutral	../final/models/models_2nd_run/model2_10	../final/models/models_2nd_run/model2_10	neutral	0.5552511811256409	0.5552511811256409	0.04116392135620117	0.04443088173866272	0.04420994967222214	0.03879767656326294	0.023922327905893326	0.0858299657702446	0.047864142805337906	0.05447717010974884	0.016653582453727722	0.03756079077720642	0.009838389232754707
533	excitement	../final/models/models_2nd_run/model2_10	../final/models/models_2nd_run/model2_10	fear	0.42849957942962646	0.018946893513202667	0.06015629693865776	0.025693612173199654	0.017663499340415	0.002972543006762862	0.42849957942962646	0.007811903953552246	0.005843181163072586	0.40410810708999634	0.01133691519498825	0.003593454835936427	0.013373982161283493
480	pride	../final/models/models_2nd_run/model2_10	../final/models/models_2nd_run/model2_10	pride	0.476204514503479	0.16411727666854858	0.08627060055732727	0.021135861054062843	0.05760584771633148	0.476204514503479	0.015735246241092682	0.06268331408500671	0.061281293630599976	0.010255846194922924	0.017167506739497185	0.015365030616521835	0.01217768993228674
165	confusion	../final/models/models_2nd_run/model2_10	../final/models/models_2nd_run/model2_10	neutral	0.2898509204387665	0.2898509204387665	0.23373475670814514	0.06400567293167114	0.05447300896048546	0.12321492284536362	0.029848719015717506	0.04283655434846878	0.034872785210609436	0.025265345349907875	0.061039842665195465	0.00955511536449194	0.031302355229854584
248	joy	../final/models/models_2nd_run/model2_10	../final/models/models_2nd_run/model2_10	neutral	0.4077567160129547	0.4077567160129547	0.016055315732955933	0.014402168802917004	0.011401396244764328	0.15935635566711426	0.006666191853582859	0.19655005633831024	0.15088193118572235	0.0072281211614608765	0.007367137353867292	0.014101533219218254	0.008233081549406052
307	anger	../final/models/models_2nd_run/model2_10	../final/models/models_2nd_run/model2_10	disgust	0.6797118782997131	0.03784544765949249	0.01797904260456562	0.021364975720643997	0.12491609901189804	0.007622653152793646	0.01349647343158722	0.00417430279776454	0.005116675049066544	0.6797118782997131	0.00482207303866744	0.009313227608799934	0.07363712042570114
857	excitement	../final/models/models_2nd_run/model2_10	../final/models/models_2nd_run/model2_10	joy	0.38643237948417664	0.2675650417804718	0.006651231553405523	0.007872261106967926	0.0063928221352398396	0.06801309436559677	0.004010437056422234	0.38643237948417664	0.21775758266448975	0.005719940178096294	0.007862444035708904	0.015595017932355404	0.006127789616584778
538	excitement	../final/models/models_2nd_run/model2_10	../final/models/models_2nd_run/model2_10	excitement	0.32841864228248596	0.20608806610107422	0.014066980220377445	0.01618119142949581	0.010282106697559357	0.08278096467256546	0.0055109551176428795	0.2944994270801544	0.32841864228248596	0.004874526057392359	0.007306335028260946	0.025953330099582672	0.004037449136376381
334	neutral	../final/models/models_2nd_run/model2_10	../final/models/models_2nd_run/model2_10	neutral	0.40064892172813416	0.40064892172813416	0.01331730093806982	0.010969661176204681	0.010267628356814384	0.1140948086977005	0.005573231726884842	0.25872480869293213	0.14668883383274078	0.006044258829206228	0.00827396847307682	0.018937978893518448	0.006458566524088383
97	excitement	../final/models/models_2nd_run/model2_10	../final/models/models_2nd_run/model2_10	neutral	0.4560413062572479	0.4560413062572479	0.020753605291247368	0.010294032283127308	0.012782810255885124	0.2625574469566345	0.007480727043002844	0.09528253227472305	0.09357916563749313	0.00787859596312046	0.008963809348642826	0.010169044137001038	0.014216973446309566
548	neutral	../final/models/models_2nd_run/model2_10	../final/models/models_2nd_run/model2_10	neutral	0.5534688234329224	0.5534688234329224	0.016688216477632523	0.013164673000574112	0.01275325845927	0.17398342490196228	0.006463449448347092	0.10807758569717407	0.07503408938646317	0.00656127231195569	0.011834507808089256	0.013232392258942127	0.008738365024328232
1121	joy	../final/models/models_2nd_run/model2_10	../final/models/models_2nd_run/model2_10	neutral	0.345225065946579	0.345225065946579	0.005905983969569206	0.006984394509345293	0.007877146825194359	0.09608133137226105	0.003958126995712519	0.2855525612831116	0.1871834695339203	0.009624162688851357	0.019006067886948586	0.02464783377945423	0.007953864522278309
904	joy	../final/models/models_2nd_run/model2_10	../final/models/models_2nd_run/model2_10	excitement	0.4640224874019623	0.22036868333816528	0.0045325178653001785	0.00625810818746686	0.005069009494036436	0.06432884186506271	0.004315939266234636	0.18430402874946594	0.4640224874019623	0.005142225418239832	0.006139230914413929	0.02822667919099331	0.007292259484529495
850	neutral	../final/models/models_2nd_run/model2_10	../final/models/models_2nd_run/model2_10	neutral	0.4674856662750244	0.4674856662750244	0.012728489004075527	0.009368287399411201	0.009048729203641415	0.19351045787334442	0.005330948159098625	0.1573314666748047	0.1079653948545456	0.006367264781147242	0.008202704600989819	0.012620711699128151	0.010039727203547955
771	surprise	../final/models/models_2nd_run/model2_10	../final/models/models_2nd_run/model2_10	neutral	0.5787658095359802	0.5787658095359802	0.007240739651024342	0.007535387761890888	0.0060716955922544	0.04199063032865524	0.005841793492436409	0.12809541821479797	0.17549529671669006	0.006069811061024666	0.008911780081689358	0.026528088375926018	0.007453470025211573
759	excitement	../final/models/models_2nd_run/model2_10	../final/models/models_2nd_run/model2_10	neutral	0.3573973774909973	0.3573973774909973	0.024182874709367752	0.018752314150333405	0.01833876594901085	0.13564284145832062	0.00964712630957365	0.2534913122653961	0.13537271320819855	0.010944644920527935	0.01103026419878006	0.017728887498378754	0.007471034303307533
1150	neutral	../final/models/models_2nd_run/model2_10	../final/models/models_2nd_run/model2_10	neutral	0.335848867893219	0.335848867893219	0.01321501936763525	0.009081541560590267	0.011221054010093212	0.09388288855552673	0.007046861108392477	0.17871296405792236	0.28984174132347107	0.007559821009635925	0.011411474086344242	0.03302872180938721	0.009148998185992241
302	nervousness	../final/models/models_2nd_run/model2_10	../final/models/models_2nd_run/model2_10	nervousness	0.40552791953086853	0.11722052842378616	0.40552791953086853	0.14513233304023743	0.061223868280649185	0.0415099635720253	0.05627508461475372	0.019465191289782524	0.014735905453562737	0.07598324865102768	0.013097351416945457	0.0047422051429748535	0.04508642852306366
1042	sadness	../final/models/models_2nd_run/model2_10	../final/models/models_2nd_run/model2_10	nervousness	0.7571649551391602	0.031693752855062485	0.7571649551391602	0.0304547231644392	0.021496960893273354	0.03304066136479378	0.07104521989822388	0.015312953852117062	0.013794176280498505	0.006620863452553749	0.0076390160247683525	0.003719573374837637	0.008017148822546005
388	pride	../final/models/models_2nd_run/model2_10	../final/models/models_2nd_run/model2_10	pride	0.30580034852027893	0.2618999481201172	0.014691452495753765	0.008497417904436588	0.009745385497808456	0.30580034852027893	0.004978101700544357	0.18005084991455078	0.17480988800525665	0.0049324603751301765	0.010117823258042336	0.017233392223715782	0.007242935709655285
235	joy	../final/models/models_2nd_run/model2_10	../final/models/models_2nd_run/model2_10	joy	0.3383641839027405	0.2545316219329834	0.009650669991970062	0.00633411156013608	0.006120036821812391	0.16681918501853943	0.00402673427015543	0.3383641839027405	0.17966055870056152	0.005949677899479866	0.008840391412377357	0.012813623063266277	0.006889196112751961
912	nervousness	../final/models/models_2nd_run/model2_10	../final/models/models_2nd_run/model2_10	confusion	0.7174435257911682	0.035604964941740036	0.10021248459815979	0.026446163654327393	0.0354444794356823	0.01911992020905018	0.02302691712975502	0.011173832230269909	0.009960561990737915	0.00622932706028223	0.7174435257911682	0.010423647239804268	0.004914268851280212
798	pride	../final/models/models_2nd_run/model2_10	../final/models/models_2nd_run/model2_10	pride	0.7057427763938904	0.09154130518436432	0.02187809906899929	0.006707758642733097	0.024507759138941765	0.7057427763938904	0.005299451760947704	0.05726993829011917	0.05415608361363411	0.006673889234662056	0.007128655444830656	0.0074123176746070385	0.011681966483592987
305	pride	../final/models/models_2nd_run/model2_10	../final/models/models_2nd_run/model2_10	excitement	0.7902712225914001	0.07131738215684891	0.00811137817800045	0.004268937278538942	0.0036226059310138226	0.01993953250348568	0.004455146379768848	0.072318896651268	0.7902712225914001	0.0029918313957750797	0.004620497114956379	0.015096834860742092	0.00298570585437119
865	neutral	../final/models/models_2nd_run/model2_10	../final/models/models_2nd_run/model2_10	neutral	0.3551638424396515	0.3551638424396515	0.01912637986242771	0.009470347315073013	0.012181627564132214	0.18046405911445618	0.006972647737711668	0.2117070108652115	0.1618693470954895	0.008280066773295403	0.010753109119832516	0.015273982658982277	0.008737606927752495
1032	joy	../final/models/models_2nd_run/model2_10	../final/models/models_2nd_run/model2_10	neutral	0.3207622468471527	0.3207622468471527	0.026982354000210762	0.013480354100465775	0.019777504727244377	0.1500236690044403	0.008698293007910252	0.20082883536815643	0.20172716677188873	0.008829206228256226	0.012208295054733753	0.02943558804690838	0.007246493827551603
249	joy	../final/models/models_2nd_run/model2_10	../final/models/models_2nd_run/model2_10	excitement	0.4319460391998291	0.1495835781097412	0.003778611309826374	0.00562371825799346	0.003474272321909666	0.027673572301864624	0.003860482946038246	0.33719372749328613	0.4319460391998291	0.004098914563655853	0.00717140594497323	0.02041560225188732	0.005179977044463158
852	joy	../final/models/models_2nd_run/model2_10	../final/models/models_2nd_run/model2_10	neutral	0.44676473736763	0.44676473736763	0.02574155479669571	0.017195958644151688	0.013842560350894928	0.19632385671138763	0.009541097097098827	0.1397966593503952	0.1035962849855423	0.007536268327385187	0.015211409889161587	0.015030873008072376	0.009418745525181293
1105	neutral	../final/models/models_2nd_run/model2_10	../final/models/models_2nd_run/model2_10	neutral	0.4859991669654846	0.4859991669654846	0.040339767932891846	0.013290929608047009	0.013901040889322758	0.08766147494316101	0.02819511480629444	0.10623618960380554	0.17388670146465302	0.009224612265825272	0.007200617343187332	0.020620211958885193	0.013444117270410061
71	joy	../final/models/models_2nd_run/model2_10	../final/models/models_2nd_run/model2_10	joy	0.3605191111564636	0.19078338146209717	0.0048684910871088505	0.005321746226400137	0.0041805594228208065	0.06386150419712067	0.0038866372779011726	0.3605191111564636	0.33156201243400574	0.0046880366280674934	0.0073577286675572395	0.018072208389639854	0.004898610059171915
94	pride	../final/models/models_2nd_run/model2_10	../final/models/models_2nd_run/model2_10	excitement	0.5932555198669434	0.13823720812797546	0.0028267032466828823	0.004158459138125181	0.002762911142781377	0.02386939898133278	0.0024864303413778543	0.2006239891052246	0.5932555198669434	0.002958093537017703	0.0050306799821555614	0.019696632400155067	0.004094023257493973
610	neutral	../final/models/models_2nd_run/model2_10	../final/models/models_2nd_run/model2_10	nervousness	0.3528769612312317	0.21117529273033142	0.3528769612312317	0.07453865557909012	0.05502885580062866	0.06572303920984268	0.08837633579969406	0.06313088536262512	0.033030178397893906	0.019695177674293518	0.017485274001955986	0.009940183721482754	0.00899915024638176
33	pride	../final/models/models_2nd_run/model2_10	../final/models/models_2nd_run/model2_10	neutral	0.49557480216026306	0.49557480216026306	0.02094205655157566	0.008478290401399136	0.008974162861704826	0.13393837213516235	0.01037563942372799	0.10960789024829865	0.14890886843204498	0.006723049096763134	0.029212813824415207	0.01807369850575924	0.009190396405756474
862	nervousness	../final/models/models_2nd_run/model2_10	../final/models/models_2nd_run/model2_10	neutral	0.27879175543785095	0.27879175543785095	0.04402419552206993	0.02147480472922325	0.018668856471776962	0.1297307014465332	0.011413966305553913	0.20283673703670502	0.07540243864059448	0.006403894163668156	0.18215811252593994	0.021317411214113235	0.0077771334908902645
448	joy	../final/models/models_2nd_run/model2_10	../final/models/models_2nd_run/model2_10	neutral	0.4215344488620758	0.4215344488620758	0.043409112840890884	0.03548996523022652	0.03763025999069214	0.09338290244340897	0.01407293789088726	0.1217225044965744	0.13360482454299927	0.013943175785243511	0.022375794127583504	0.054970528930425644	0.007863587699830532
445	neutral	../final/models/models_2nd_run/model2_10	../final/models/models_2nd_run/model2_10	neutral	0.42526060342788696	0.42526060342788696	0.00982195045799017	0.008898714557290077	0.006408265326172113	0.0831981748342514	0.005048087332397699	0.19331881403923035	0.2298581749200821	0.004706829320639372	0.01049970742315054	0.01625818759202957	0.006722437217831612
990	disgust	../final/models/models_2nd_run/model2_10	../final/models/models_2nd_run/model2_10	nervousness	0.42170149087905884	0.0557653047144413	0.42170149087905884	0.14196792244911194	0.0781305730342865	0.025185901671648026	0.05490899085998535	0.012146709486842155	0.01119162142276764	0.040681179612874985	0.1132158413529396	0.0057691968977451324	0.03933517262339592
651	pride	../final/models/models_2nd_run/model2_10	../final/models/models_2nd_run/model2_10	nervousness	0.25331026315689087	0.24434566497802734	0.25331026315689087	0.07968677580356598	0.07088522613048553	0.09186913818120956	0.04751381278038025	0.06599609553813934	0.04181787744164467	0.051677413284778595	0.01965881884098053	0.013540389947593212	0.019698577001690865
762	joy	../final/models/models_2nd_run/model2_10	../final/models/models_2nd_run/model2_10	excitement	0.6867659687995911	0.09075774997472763	0.002493868116289377	0.003476716810837388	0.0021096959244459867	0.01769084297120571	0.002462496981024742	0.16019774973392487	0.6867659687995911	0.0021696938201785088	0.00372904259711504	0.02462528459727764	0.003520926460623741
77	neutral	../final/models/models_2nd_run/model2_10	../final/models/models_2nd_run/model2_10	neutral	0.5642562508583069	0.5642562508583069	0.032407134771347046	0.013445566408336163	0.012239256873726845	0.13504789769649506	0.013084742240607738	0.11450468748807907	0.07526566833257675	0.0070739793591201305	0.012790780514478683	0.00964275747537613	0.010241302661597729
84	fear	../final/models/models_2nd_run/model2_10	../final/models/models_2nd_run/model2_10	neutral	0.5249035358428955	0.5249035358428955	0.012631494551897049	0.01648232899606228	0.009510364383459091	0.20181192457675934	0.005069203209131956	0.1135835200548172	0.06964782625436783	0.007355077192187309	0.009589814580976963	0.011840756051242352	0.01757415384054184
900	joy	../final/models/models_2nd_run/model2_10	../final/models/models_2nd_run/model2_10	joy	0.35964733362197876	0.29143762588500977	0.00984486099332571	0.01184188574552536	0.006669890135526657	0.04560749605298042	0.0065532829612493515	0.35964733362197876	0.23139497637748718	0.004622230771929026	0.009297821670770645	0.019025761634111404	0.004056731704622507
82	neutral	../final/models/models_2nd_run/model2_10	../final/models/models_2nd_run/model2_10	sadness	0.17363694310188293	0.15550877153873444	0.1422092169523239	0.17363694310188293	0.06288444250822067	0.062471456825733185	0.037227943539619446	0.1207757368683815	0.15781636536121368	0.010273299179971218	0.021411200985312462	0.048226967453956604	0.0075576514936983585
457	excitement	../final/models/models_2nd_run/model2_10	../final/models/models_2nd_run/model2_10	neutral	0.364124059677124	0.364124059677124	0.020143255591392517	0.009627852588891983	0.013771009631454945	0.294323593378067	0.007451406214386225	0.11254780739545822	0.12072590738534927	0.006146252155303955	0.01692238077521324	0.02557394653558731	0.008642524480819702
1107	nervousness	../final/models/models_2nd_run/model2_10	../final/models/models_2nd_run/model2_10	fear	0.5392785668373108	0.014322049915790558	0.3324420154094696	0.024575762450695038	0.012530088424682617	0.0047797248698771	0.5392785668373108	0.007231823168694973	0.005134047009050846	0.04189002513885498	0.008625105954706669	0.0025557002518326044	0.006635098252445459
1050	neutral	../final/models/models_2nd_run/model2_10	../final/models/models_2nd_run/model2_10	pride	0.2878265976905823	0.26619672775268555	0.015386747196316719	0.0074418680742383	0.009953881613910198	0.2878265976905823	0.004697335883975029	0.21695472300052643	0.15602092444896698	0.005132982041686773	0.011188937351107597	0.012387953698635101	0.006811360362917185
436	nervousness	../final/models/models_2nd_run/model2_10	../final/models/models_2nd_run/model2_10	neutral	0.36404940485954285	0.36404940485954285	0.029655903577804565	0.014596556313335896	0.019443010911345482	0.3120327889919281	0.009700978174805641	0.10626954585313797	0.09941817075014114	0.008895736187696457	0.012269946746528149	0.01292992103844881	0.010738121345639229
654	pride	../final/models/models_2nd_run/model2_10	../final/models/models_2nd_run/model2_10	pride	0.8184589147567749	0.04036225378513336	0.01924777403473854	0.007297296077013016	0.018216094002127647	0.8184589147567749	0.003477857680991292	0.03841499611735344	0.03601212054491043	0.00303895166143775	0.005087820813059807	0.004651090130209923	0.005734739825129509
1008	joy	../final/models/models_2nd_run/model2_10	../final/models/models_2nd_run/model2_10	excitement	0.7067546844482422	0.08077891170978546	0.0019882943015545607	0.0037038959562778473	0.0038406457751989365	0.01109596248716116	0.003160865744575858	0.08187595754861832	0.7067546844482422	0.002769129816442728	0.003517239587381482	0.09654867649078369	0.003965731244534254
404	nervousness	../final/models/models_2nd_run/model2_10	../final/models/models_2nd_run/model2_10	neutral	0.36023491621017456	0.36023491621017456	0.09342436492443085	0.021639307960867882	0.01796061173081398	0.17786961793899536	0.03263168781995773	0.06452285498380661	0.15940223634243011	0.01091998815536499	0.031777430325746536	0.014634907245635986	0.014982099644839764
1136	neutral	../final/models/models_2nd_run/model2_10	../final/models/models_2nd_run/model2_10	excitement	0.3633686304092407	0.18146707117557526	0.008824100717902184	0.006146389991044998	0.006807541940361261	0.21530358493328094	0.0037330472841858864	0.18267324566841125	0.3633686304092407	0.0037314598448574543	0.005990774370729923	0.01585615612566471	0.0060978839173913
764	joy	../final/models/models_2nd_run/model2_10	../final/models/models_2nd_run/model2_10	joy	0.48874345421791077	0.16262373328208923	0.004373574163764715	0.006955426651984453	0.0033138494472950697	0.03968152403831482	0.0026616230607032776	0.48874345421791077	0.26777374744415283	0.0031275891233235598	0.004755612928420305	0.012539311312139034	0.0034505261573940516
722	confusion	../final/models/models_2nd_run/model2_10	../final/models/models_2nd_run/model2_10	joy	0.29418063163757324	0.24135488271713257	0.04467879235744476	0.04262230545282364	0.01842416822910309	0.1977660208940506	0.007245049811899662	0.29418063163757324	0.09837990254163742	0.013977537862956524	0.0096443397924304	0.011756411753594875	0.019969895482063293
104	surprise	../final/models/models_2nd_run/model2_10	../final/models/models_2nd_run/model2_10	excitement	0.6347881555557251	0.09081060439348221	0.002875413978472352	0.0038902009837329388	0.002969107823446393	0.019522372633218765	0.002708749147132039	0.20277278125286102	0.6347881555557251	0.0025045208167284727	0.0037205934058874846	0.030400589108467102	0.0030368005391210318
1170	joy	../final/models/models_2nd_run/model2_10	../final/models/models_2nd_run/model2_10	neutral	0.38510289788246155	0.38510289788246155	0.05271553248167038	0.035922784358263016	0.04257579520344734	0.17750631272792816	0.013888094574213028	0.13912712037563324	0.09050817042589188	0.01303195208311081	0.018875736743211746	0.02094143256545067	0.009804141707718372
673	excitement	../final/models/models_2nd_run/model2_10	../final/models/models_2nd_run/model2_10	joy	0.411036878824234	0.24179448187351227	0.005351883824914694	0.008728374727070332	0.004063720814883709	0.07201297581195831	0.0032181954011321068	0.411036878824234	0.22801204025745392	0.004441678989678621	0.004773481748998165	0.010634411126375198	0.005931878928095102
62	sadness	../final/models/models_2nd_run/model2_10	../final/models/models_2nd_run/model2_10	nervousness	0.6964571475982666	0.01729937270283699	0.6964571475982666	0.08690870553255081	0.011266008019447327	0.010820158757269382	0.13933975994586945	0.012404060922563076	0.007858265191316605	0.004644862376153469	0.0059210131876170635	0.00260111503303051	0.004479513969272375
281	pride	../final/models/models_2nd_run/model2_10	../final/models/models_2nd_run/model2_10	pride	0.7775695323944092	0.05860672891139984	0.015043686144053936	0.004522798117250204	0.016497820615768433	0.7775695323944092	0.003515003016218543	0.04874184727668762	0.05275418236851692	0.0036095120012760162	0.0063286107033491135	0.006593827623873949	0.006216434296220541
737	joy	../final/models/models_2nd_run/model2_10	../final/models/models_2nd_run/model2_10	joy	0.4749912917613983	0.2273779809474945	0.0045900191180408	0.0062536695040762424	0.00376193318516016	0.04850727692246437	0.003005020786076784	0.4749912917613983	0.20147304236888885	0.0038588724564760923	0.006985060404986143	0.014374533668160439	0.00482136057689786
238	joy	../final/models/models_2nd_run/model2_10	../final/models/models_2nd_run/model2_10	neutral	0.32544440031051636	0.32544440031051636	0.027567364275455475	0.028869852423667908	0.019823243841528893	0.3189478814601898	0.007151415571570396	0.14000359177589417	0.0932253748178482	0.008139057084918022	0.008049928583204746	0.011528445407748222	0.011249538511037827
223	embarrassment	../final/models/models_2nd_run/model2_10	../final/models/models_2nd_run/model2_10	embarrassment	0.5477551817893982	0.036057885736227036	0.15242207050323486	0.06066668778657913	0.5477551817893982	0.03243131563067436	0.031010648235678673	0.014923349022865295	0.011869502253830433	0.0724954605102539	0.021280186250805855	0.009088012389838696	0.009999656118452549
145	neutral	../final/models/models_2nd_run/model2_10	../final/models/models_2nd_run/model2_10	neutral	0.4028308689594269	0.4028308689594269	0.01477477140724659	0.010683274827897549	0.008515151217579842	0.10624559223651886	0.006500431336462498	0.3008187413215637	0.1175897940993309	0.006740405224263668	0.008051932789385319	0.011848409660160542	0.005400610156357288
1187	nervousness	../final/models/models_2nd_run/model2_10	../final/models/models_2nd_run/model2_10	neutral	0.5603968501091003	0.5603968501091003	0.03378181532025337	0.01781225949525833	0.016212990507483482	0.11721016466617584	0.015104539692401886	0.0861676037311554	0.09169314056634903	0.010985092259943485	0.02143554389476776	0.016964878886938095	0.012235126458108425
373	fear	../final/models/models_2nd_run/model2_10	../final/models/models_2nd_run/model2_10	nervousness	0.7387118339538574	0.017069032415747643	0.7387118339538574	0.011209758929908276	0.008234314620494843	0.013910004869103432	0.16852372884750366	0.011994707398116589	0.008703579194843769	0.0047418661415576935	0.010354368016123772	0.00240706535987556	0.004139733500778675
118	neutral	../final/models/models_2nd_run/model2_10	../final/models/models_2nd_run/model2_10	neutral	0.2709060609340668	0.2709060609340668	0.010173715651035309	0.015370835550129414	0.013360131531953812	0.24262413382530212	0.004114292096346617	0.25982144474983215	0.14328697323799133	0.006530508399009705	0.008579681627452374	0.017663955688476562	0.007568185217678547
905	neutral	../final/models/models_2nd_run/model2_10	../final/models/models_2nd_run/model2_10	joy	0.32268428802490234	0.22330595552921295	0.010912284255027771	0.011590847745537758	0.008224433287978172	0.27003636956214905	0.003867189632728696	0.32268428802490234	0.11942242830991745	0.004898339044302702	0.006961319595575333	0.010377955622971058	0.0077185919508337975
250	neutral	../final/models/models_2nd_run/model2_10	../final/models/models_2nd_run/model2_10	joy	0.3516301214694977	0.2911160886287689	0.00794786587357521	0.008247502148151398	0.005919257644563913	0.05121120437979698	0.006522961426526308	0.3516301214694977	0.22587722539901733	0.009302908554673195	0.012927497737109661	0.021714700385928154	0.007582645397633314
1226	excitement	../final/models/models_2nd_run/model2_10	../final/models/models_2nd_run/model2_10	neutral	0.3283652067184448	0.3283652067184448	0.009569784626364708	0.0076477485708892345	0.0070579685270786285	0.14905254542827606	0.004266948904842138	0.2341393232345581	0.21987655758857727	0.004565514624118805	0.011322583071887493	0.017703130841255188	0.006432665511965752
9	joy	../final/models/models_2nd_run/model2_10	../final/models/models_2nd_run/model2_10	neutral	0.3869711756706238	0.3869711756706238	0.016390951350331306	0.01219739019870758	0.013911636546254158	0.22413907945156097	0.0070856972597539425	0.1287514567375183	0.1642204076051712	0.006632918957620859	0.008827254176139832	0.02166811376810074	0.009203886613249779
449	joy	../final/models/models_2nd_run/model2_10	../final/models/models_2nd_run/model2_10	neutral	0.4181322455406189	0.4181322455406189	0.016030391678214073	0.01324823871254921	0.012450601905584335	0.1819959431886673	0.006378708872944117	0.1866280734539032	0.12214726209640503	0.007527498062700033	0.0118831442669034	0.015330495312809944	0.008247344754636288
987	joy	../final/models/models_2nd_run/model2_10	../final/models/models_2nd_run/model2_10	neutral	0.5629791021347046	0.5629791021347046	0.019244186580181122	0.016093924641609192	0.013171938247978687	0.12923623621463776	0.007646997459232807	0.12657861411571503	0.08502327650785446	0.006275736261159182	0.011239715851843357	0.01457860879600048	0.00793166272342205
593	joy	../final/models/models_2nd_run/model2_10	../final/models/models_2nd_run/model2_10	neutral	0.39228951930999756	0.39228951930999756	0.027342872694134712	0.01355707086622715	0.017925575375556946	0.1807856410741806	0.008377110585570335	0.15756353735923767	0.14195649325847626	0.008120205253362656	0.018825791776180267	0.025377096608281136	0.00787902157753706
389	excitement	../final/models/models_2nd_run/model2_10	../final/models/models_2nd_run/model2_10	excitement	0.5162084698677063	0.13560663163661957	0.006710379384458065	0.004243266768753529	0.004562515299767256	0.0938224270939827	0.0030860574916005135	0.2050318419933319	0.5162084698677063	0.0028485823422670364	0.005525063257664442	0.01807166449725628	0.004283140413463116
848	joy	../final/models/models_2nd_run/model2_10	../final/models/models_2nd_run/model2_10	neutral	0.29573962092399597	0.29573962092399597	0.14624929428100586	0.07168900221586227	0.07345452159643173	0.18477892875671387	0.024239173159003258	0.07187853008508682	0.048323795199394226	0.029520656913518906	0.019455764442682266	0.01605151779949665	0.018619155511260033
1024	neutral	../final/models/models_2nd_run/model2_10	../final/models/models_2nd_run/model2_10	neutral	0.5553324818611145	0.5553324818611145	0.018235770985484123	0.007844913750886917	0.009386513382196426	0.08987687528133392	0.008551551960408688	0.16657961905002594	0.09915190935134888	0.00755172548815608	0.014054717496037483	0.01619868539273739	0.0072353002615273
557	joy	../final/models/models_2nd_run/model2_10	../final/models/models_2nd_run/model2_10	confusion	0.9510173797607422	0.02333403378725052	0.0032657852862030268	0.0022779142018407583	0.002002703258767724	0.0019033093703910708	0.002490020589902997	0.0027434276416897774	0.0020465245470404625	0.001286996528506279	0.9510173797607422	0.0049128299579024315	0.0027190709952265024
460	excitement	../final/models/models_2nd_run/model2_10	../final/models/models_2nd_run/model2_10	joy	0.403592050075531	0.22851808369159698	0.01079517975449562	0.00773001741617918	0.006252402439713478	0.12351596355438232	0.0044807675294578075	0.403592050075531	0.1825886219739914	0.0049514141865074635	0.0088867899030447	0.013312825001776218	0.0053758700378239155
1171	excitement	../final/models/models_2nd_run/model2_10	../final/models/models_2nd_run/model2_10	pride	0.3784445524215698	0.2503417730331421	0.018698018044233322	0.009036947973072529	0.013948368839919567	0.3784445524215698	0.005596232134848833	0.14221006631851196	0.14289535582065582	0.006137899588793516	0.00835191085934639	0.015652092173695564	0.008686725050210953
144	excitement	../final/models/models_2nd_run/model2_10	../final/models/models_2nd_run/model2_10	joy	0.33802539110183716	0.26744720339775085	0.0130866514518857	0.015200294554233551	0.009007895365357399	0.08140285313129425	0.004754778929054737	0.33802539110183716	0.23947352170944214	0.005018746014684439	0.006811590865254402	0.015633152797818184	0.004137874115258455
501	joy	../final/models/models_2nd_run/model2_10	../final/models/models_2nd_run/model2_10	pride	0.2999066114425659	0.29478830099105835	0.02275097370147705	0.009226635098457336	0.01344846561551094	0.2999066114425659	0.006578972563147545	0.18475022912025452	0.1285368800163269	0.0073069059289991856	0.011230485513806343	0.012466475367546082	0.009009166620671749
1174	joy	../final/models/models_2nd_run/model2_10	../final/models/models_2nd_run/model2_10	neutral	0.3172304034233093	0.3172304034233093	0.011681944131851196	0.008422710932791233	0.007240425329655409	0.08727239817380905	0.006668949034065008	0.25899311900138855	0.2529439926147461	0.006536012981086969	0.009953155182301998	0.0268473532050848	0.006209478247910738
539	excitement	../final/models/models_2nd_run/model2_10	../final/models/models_2nd_run/model2_10	neutral	0.42389315366744995	0.42389315366744995	0.022351160645484924	0.02247277833521366	0.01902649737894535	0.2009609043598175	0.009591415524482727	0.15460243821144104	0.09998150169849396	0.009618121199309826	0.011433293111622334	0.01704593375325203	0.009022756479680538
177	neutral	../final/models/models_2nd_run/model2_10	../final/models/models_2nd_run/model2_10	neutral	0.4295799136161804	0.4295799136161804	0.01025551836937666	0.007112934719771147	0.007233733776956797	0.12081479281187057	0.004717104136943817	0.17782388627529144	0.1920660138130188	0.0058970688842237	0.011343685910105705	0.026208071038126945	0.006947236601263285
1228	neutral	../final/models/models_2nd_run/model2_10	../final/models/models_2nd_run/model2_10	excitement	0.6749202013015747	0.09797612577676773	0.004308596253395081	0.00433196360245347	0.0030054436065256596	0.017383310943841934	0.003208404639735818	0.16677287220954895	0.6749202013015747	0.0034295462537556887	0.004288496915251017	0.017191803082823753	0.0031833089888095856
1212	neutral	../final/models/models_2nd_run/model2_10	../final/models/models_2nd_run/model2_10	joy	0.5533348321914673	0.20854870975017548	0.004984676372259855	0.004966670647263527	0.0034675628412514925	0.03481253236532211	0.003507326589897275	0.5533348321914673	0.15882176160812378	0.004383215680718422	0.006818694993853569	0.011120593175292015	0.005233432166278362
649	sadness	../final/models/models_2nd_run/model2_10	../final/models/models_2nd_run/model2_10	disgust	0.33980658650398254	0.07151881605386734	0.17260241508483887	0.05138242244720459	0.16705302894115448	0.027359619736671448	0.04420514032244682	0.035457540303468704	0.027930306270718575	0.33980658650398254	0.028193239122629166	0.017097389325499535	0.017393343150615692
1267	pride	../final/models/models_2nd_run/model2_10	../final/models/models_2nd_run/model2_10	pride	0.2914798855781555	0.16615571081638336	0.2175651341676712	0.05660572275519371	0.08205699920654297	0.2914798855781555	0.01792684942483902	0.04984017089009285	0.040119584649801254	0.02260015159845352	0.014169733040034771	0.009619037620723248	0.03186098113656044
7	pride	../final/models/models_2nd_run/model2_10	../final/models/models_2nd_run/model2_10	pride	0.7696669697761536	0.05700427293777466	0.02078593149781227	0.0061928280629217625	0.01898580975830555	0.7696669697761536	0.00393297104164958	0.05589796602725983	0.04519909247756004	0.0037831652443856	0.006364489905536175	0.006083890795707703	0.00610260758548975
621	neutral	../final/models/models_2nd_run/model2_10	../final/models/models_2nd_run/model2_10	joy	0.3600281774997711	0.33877459168434143	0.012031523510813713	0.011668261140584946	0.008339470252394676	0.060193415731191635	0.00827127043157816	0.3600281774997711	0.15011677145957947	0.00933813862502575	0.013015184551477432	0.020985601469874382	0.007237626239657402
950	neutral	../final/models/models_2nd_run/model2_10	../final/models/models_2nd_run/model2_10	joy	0.542822003364563	0.17487095296382904	0.003859330667182803	0.006091040093451738	0.002932814182713628	0.028398066759109497	0.002928039524704218	0.542822003364563	0.2129649966955185	0.0035476447083055973	0.004991417285054922	0.01271855179220438	0.0038752101827412844
357	sadness	../final/models/models_2nd_run/model2_10	../final/models/models_2nd_run/model2_10	sadness	0.8785194754600525	0.02531488426029682	0.036244142800569534	0.8785194754600525	0.009295866824686527	0.004586757160723209	0.01227352861315012	0.0075535764917731285	0.002810052363201976	0.008830192498862743	0.0028363813180476427	0.0018443558365106583	0.009890789166092873
329	nervousness	../final/models/models_2nd_run/model2_10	../final/models/models_2nd_run/model2_10	nervousness	0.3416553735733032	0.10018812119960785	0.3416553735733032	0.1923021525144577	0.09583231806755066	0.025293270125985146	0.09751489013433456	0.014313467778265476	0.011121993884444237	0.08211588859558105	0.011201173067092896	0.004984395578503609	0.023476984351873398
901	neutral	../final/models/models_2nd_run/model2_10	../final/models/models_2nd_run/model2_10	joy	0.45442071557044983	0.17741885781288147	0.004167051985859871	0.006466464139521122	0.003791163442656398	0.03805897384881973	0.0031185259576886892	0.45442071557044983	0.28057610988616943	0.0036882017739117146	0.006914510857313871	0.017851704731583595	0.003527746070176363
935	excitement	../final/models/models_2nd_run/model2_10	../final/models/models_2nd_run/model2_10	joy	0.4407872259616852	0.22308973968029022	0.005541474558413029	0.006670081056654453	0.004363939631730318	0.05229669436812401	0.003719958243891597	0.4407872259616852	0.23089231550693512	0.005034632980823517	0.007952457293868065	0.014096605591475964	0.005554842762649059
258	pride	../final/models/models_2nd_run/model2_10	../final/models/models_2nd_run/model2_10	neutral	0.47917166352272034	0.47917166352272034	0.023271160200238228	0.023792142048478127	0.014673556201159954	0.1415526270866394	0.008943123742938042	0.18827052414417267	0.08548565953969955	0.0080036586150527	0.006512769963592291	0.012465589679777622	0.007857567630708218
1096	neutral	../final/models/models_2nd_run/model2_10	../final/models/models_2nd_run/model2_10	joy	0.35227882862091064	0.24525178968906403	0.006756884977221489	0.0073062824085354805	0.00595136871561408	0.0897950753569603	0.0038525022100657225	0.35227882862091064	0.2546469271183014	0.004823598079383373	0.006687067449092865	0.01750127226114273	0.005148432683199644
1009	joy	../final/models/models_2nd_run/model2_10	../final/models/models_2nd_run/model2_10	neutral	0.2814977169036865	0.2814977169036865	0.22684603929519653	0.1354854702949524	0.04879128187894821	0.12161526083946228	0.025156725198030472	0.05555971339344978	0.027933435514569283	0.021372511982917786	0.014692152850329876	0.008833927102386951	0.03221573308110237
1153	joy	../final/models/models_2nd_run/model2_10	../final/models/models_2nd_run/model2_10	neutral	0.310234010219574	0.310234010219574	0.005982082337141037	0.007565944921225309	0.006737156771123409	0.068559929728508	0.0040756165981292725	0.2835496664047241	0.2622888386249542	0.008582189679145813	0.01113181933760643	0.024206532165408134	0.007086200639605522
668	joy	../final/models/models_2nd_run/model2_10	../final/models/models_2nd_run/model2_10	neutral	0.4495665729045868	0.4495665729045868	0.004211154766380787	0.007453929167240858	0.004165357444435358	0.02543741837143898	0.0046875267289578915	0.3093346655368805	0.14247488975524902	0.00793456006795168	0.012990296818315983	0.022739212960004807	0.009004464372992516
934	sadness	../final/models/models_2nd_run/model2_10	../final/models/models_2nd_run/model2_10	sadness	0.34747177362442017	0.18997853994369507	0.09676340967416763	0.34747177362442017	0.048085033893585205	0.0657447874546051	0.02369331754744053	0.12115565687417984	0.051172878593206406	0.014589366503059864	0.018263565376400948	0.016036661341786385	0.007045033387839794
525	nervousness	../final/models/models_2nd_run/model2_10	../final/models/models_2nd_run/model2_10	nervousness	0.3502233326435089	0.08496992290019989	0.3502233326435089	0.31001412868499756	0.05974613130092621	0.03896696865558624	0.06798209249973297	0.02790316380560398	0.013631656765937805	0.021580489352345467	0.010313690640032291	0.005052193067967892	0.009616249240934849
917	surprise	../final/models/models_2nd_run/model2_10	../final/models/models_2nd_run/model2_10	surprise	0.6732379794120789	0.03783775493502617	0.0015250351279973984	0.0035645300522446632	0.004953199066221714	0.005848360247910023	0.0021616762969642878	0.0273393914103508	0.2317052036523819	0.002433168701827526	0.0063383267261087894	0.6732379794120789	0.0030554956756532192
1236	nervousness	../final/models/models_2nd_run/model2_10	../final/models/models_2nd_run/model2_10	neutral	0.5422549843788147	0.5422549843788147	0.01501547172665596	0.008330436423420906	0.009119915775954723	0.18434402346611023	0.006627525202929974	0.09279385209083557	0.09958671778440475	0.007955760695040226	0.008510859683156013	0.013313021510839462	0.012147508561611176
844	pride	../final/models/models_2nd_run/model2_10	../final/models/models_2nd_run/model2_10	neutral	0.4976882338523865	0.4976882338523865	0.03787056729197502	0.011989578604698181	0.01453867182135582	0.22895082831382751	0.012504619546234608	0.09085621684789658	0.0677228718996048	0.0076546440832316875	0.010233413428068161	0.009538017213344574	0.010452311486005783
1210	excitement	../final/models/models_2nd_run/model2_10	../final/models/models_2nd_run/model2_10	neutral	0.33385124802589417	0.33385124802589417	0.022536447271704674	0.01000825222581625	0.019889099523425102	0.3078296184539795	0.006333628203719854	0.14378125965595245	0.10895127058029175	0.007248626556247473	0.014877783134579659	0.01617927849292755	0.008513583801686764
440	disgust	../final/models/models_2nd_run/model2_10	../final/models/models_2nd_run/model2_10	fear	0.38591042160987854	0.028878560289740562	0.2619469463825226	0.2224690169095993	0.02831133082509041	0.005757824517786503	0.38591042160987854	0.0078119817189872265	0.004044584464281797	0.03592708334326744	0.005810420960187912	0.002847895259037614	0.010283988900482655
531	joy	../final/models/models_2nd_run/model2_10	../final/models/models_2nd_run/model2_10	joy	0.5030831098556519	0.2150879055261612	0.005281437654048204	0.0057860733941197395	0.003439634805545211	0.059028226882219315	0.0033769591245800257	0.5030831098556519	0.1817798763513565	0.0033957366831600666	0.005585030186921358	0.009992162697017193	0.004163856152445078
226	excitement	../final/models/models_2nd_run/model2_10	../final/models/models_2nd_run/model2_10	excitement	0.46166446805000305	0.14425794780254364	0.0036359210498631	0.004936507903039455	0.0037962377537041903	0.029787609353661537	0.003060616785660386	0.31211337447166443	0.46166446805000305	0.0034111347049474716	0.0055393953807652	0.024443721398711205	0.003353044856339693
228	pride	../final/models/models_2nd_run/model2_10	../final/models/models_2nd_run/model2_10	pride	0.3454306721687317	0.34083789587020874	0.0345926508307457	0.019134189933538437	0.019619477912783623	0.3454306721687317	0.010059974156320095	0.09288369864225388	0.09713993221521378	0.0067300861701369286	0.011597160249948502	0.011698070913553238	0.010276131331920624
1116	neutral	../final/models/models_2nd_run/model2_10	../final/models/models_2nd_run/model2_10	joy	0.526054322719574	0.1834849715232849	0.004873745143413544	0.005826559383422136	0.003670445177704096	0.04183459281921387	0.0035090327728539705	0.526054322719574	0.20155325531959534	0.004598334897309542	0.006811123341321945	0.012959728017449379	0.004823901224881411
212	pride	../final/models/models_2nd_run/model2_10	../final/models/models_2nd_run/model2_10	pride	0.7025564312934875	0.08785981684923172	0.02626533806324005	0.007265205029398203	0.03501667454838753	0.7025564312934875	0.005187072791159153	0.05598857253789902	0.04730800911784172	0.006772781256586313	0.008351548574864864	0.0082125598564744	0.009216020815074444
79	nervousness	../final/models/models_2nd_run/model2_10	../final/models/models_2nd_run/model2_10	neutral	0.5054342150688171	0.5054342150688171	0.01478507462888956	0.011415098793804646	0.013324129395186901	0.16142487525939941	0.006595443934202194	0.1376391053199768	0.10279030352830887	0.00811474397778511	0.010231569409370422	0.01855175383388996	0.009693695232272148
148	pride	../final/models/models_2nd_run/model2_10	../final/models/models_2nd_run/model2_10	neutral	0.27846506237983704	0.27846506237983704	0.06370813399553299	0.09376537799835205	0.03289936110377312	0.1871548742055893	0.014511403627693653	0.1735464483499527	0.10732179135084152	0.008046559058129787	0.013567379675805569	0.019523577764630318	0.007489960640668869
1090	excitement	../final/models/models_2nd_run/model2_10	../final/models/models_2nd_run/model2_10	neutral	0.41568896174430847	0.41568896174430847	0.023851754143834114	0.021588198840618134	0.038947224617004395	0.1432386040687561	0.01123135257512331	0.13131821155548096	0.11434391885995865	0.04464740306138992	0.006255447398871183	0.023109106346964836	0.02577977627515793
793	excitement	../final/models/models_2nd_run/model2_10	../final/models/models_2nd_run/model2_10	neutral	0.3864433765411377	0.3864433765411377	0.010703053325414658	0.008136492222547531	0.00855819322168827	0.08064893633127213	0.006524208467453718	0.16274312138557434	0.2868511974811554	0.011066821403801441	0.009915717877447605	0.01797676272690296	0.01043212041258812
851	joy	../final/models/models_2nd_run/model2_10	../final/models/models_2nd_run/model2_10	neutral	0.36870133876800537	0.36870133876800537	0.020524650812149048	0.011180846951901913	0.014767559245228767	0.21273666620254517	0.007155959494411945	0.1686202585697174	0.14998407661914825	0.008516605012118816	0.012036791071295738	0.01753985323011875	0.00823543407022953
133	joy	../final/models/models_2nd_run/model2_10	../final/models/models_2nd_run/model2_10	joy	0.5145425200462341	0.16981275379657745	0.005492431111633778	0.007233723532408476	0.003779827617108822	0.059108175337314606	0.0032084642443805933	0.5145425200462341	0.21526245772838593	0.0034890349488705397	0.004276318475604057	0.009417101740837097	0.004377104341983795
1027	surprise	../final/models/models_2nd_run/model2_10	../final/models/models_2nd_run/model2_10	excitement	0.5707591772079468	0.09892284870147705	0.0030358608346432447	0.0060563962906599045	0.00529232295230031	0.03079654835164547	0.0024845527950674295	0.18428342044353485	0.5707591772079468	0.0027342792600393295	0.005094287451356649	0.08675478398799896	0.0037856283597648144
408	nervousness	../final/models/models_2nd_run/model2_10	../final/models/models_2nd_run/model2_10	neutral	0.3537275791168213	0.3537275791168213	0.04012637585401535	0.014894358813762665	0.021787764504551888	0.31196892261505127	0.010408900678157806	0.08587353676557541	0.11253084242343903	0.009035823866724968	0.012870069593191147	0.016080699861049652	0.010695233009755611
869	neutral	../final/models/models_2nd_run/model2_10	../final/models/models_2nd_run/model2_10	neutral	0.46276670694351196	0.46276670694351196	0.015719985589385033	0.01105163898319006	0.011168265715241432	0.1729876697063446	0.005223360378295183	0.16204775869846344	0.1124865934252739	0.005725168623030186	0.01712329313158989	0.015630587935447693	0.008068962953984737
507	fear	../final/models/models_2nd_run/model2_10	../final/models/models_2nd_run/model2_10	sadness	0.5746760964393616	0.05693908780813217	0.07622209936380386	0.5746760964393616	0.16895973682403564	0.030230995267629623	0.013355820439755917	0.016845285892486572	0.007401707582175732	0.025360018014907837	0.016543937847018242	0.005182445049285889	0.008282861672341824
993	pride	../final/models/models_2nd_run/model2_10	../final/models/models_2nd_run/model2_10	neutral	0.36471256613731384	0.36471256613731384	0.01524253748357296	0.019333478063344955	0.009301861748099327	0.05453557148575783	0.007357710972428322	0.3588455617427826	0.12525656819343567	0.010563560761511326	0.009473102167248726	0.01897972822189331	0.006397778168320656
504	pride	../final/models/models_2nd_run/model2_10	../final/models/models_2nd_run/model2_10	pride	0.3666931688785553	0.2671758830547333	0.0398913249373436	0.015548846684396267	0.02148612216114998	0.3666931688785553	0.010982463136315346	0.11235557496547699	0.11322053521871567	0.006901832297444344	0.019440963864326477	0.016802582889795303	0.009500578977167606
785	pride	../final/models/models_2nd_run/model2_10	../final/models/models_2nd_run/model2_10	neutral	0.5332130789756775	0.5332130789756775	0.029506344348192215	0.019032485783100128	0.01758662797510624	0.19016988575458527	0.009202145040035248	0.06939786672592163	0.08280307799577713	0.011059104464948177	0.008693209849298	0.014234269969165325	0.01510181650519371
347	excitement	../final/models/models_2nd_run/model2_10	../final/models/models_2nd_run/model2_10	pride	0.33517342805862427	0.2291848212480545	0.014223522506654263	0.008096068166196346	0.01088783424347639	0.33517342805862427	0.00495863426476717	0.1667655110359192	0.19398580491542816	0.005497886333614588	0.007425750605762005	0.01587950438261032	0.00792122632265091
386	pride	../final/models/models_2nd_run/model2_10	../final/models/models_2nd_run/model2_10	neutral	0.28325366973876953	0.28325366973876953	0.016240596771240234	0.008719559758901596	0.014009378850460052	0.2368592470884323	0.00700397789478302	0.16163702309131622	0.22472494840621948	0.009617005474865437	0.010692122392356396	0.017194485291838646	0.010047882795333862
0	joy	../final/models/models_2nd_run/model2_10	../final/models/models_2nd_run/model2_10	nervousness	0.42544251680374146	0.07706113904714584	0.42544251680374146	0.018760396167635918	0.022589953616261482	0.08271447569131851	0.08792881667613983	0.0667259469628334	0.18267826735973358	0.007600404322147369	0.011255929246544838	0.009938439354300499	0.007303823251277208
360	excitement	../final/models/models_2nd_run/model2_10	../final/models/models_2nd_run/model2_10	neutral	0.3620394170284271	0.3620394170284271	0.012330452911555767	0.0072525194846093655	0.009346647188067436	0.16137942671775818	0.005249230191111565	0.23885101079940796	0.16255004703998566	0.006151060573756695	0.011912839487195015	0.01635103113949299	0.006586330011487007
1203	joy	../final/models/models_2nd_run/model2_10	../final/models/models_2nd_run/model2_10	neutral	0.29737555980682373	0.29737555980682373	0.01677895523607731	0.008225084282457829	0.012734298594295979	0.28358402848243713	0.00529499864205718	0.2199902981519699	0.11798892170190811	0.007171149365603924	0.011677544564008713	0.010780340060591698	0.008398819714784622
475	joy	../final/models/models_2nd_run/model2_10	../final/models/models_2nd_run/model2_10	neutral	0.41952231526374817	0.41952231526374817	0.008874171413481236	0.006690668873488903	0.008862335234880447	0.09588530659675598	0.004921153653413057	0.2006824016571045	0.20637576282024384	0.005614075344055891	0.011450163088738918	0.025285009294748306	0.005836784839630127
872	pride	../final/models/models_2nd_run/model2_10	../final/models/models_2nd_run/model2_10	pride	0.8397970199584961	0.03805221617221832	0.015223643742501736	0.003691011341288686	0.015425520949065685	0.8397970199584961	0.0030900759156793356	0.03072834014892578	0.0345783606171608	0.0029262667521834373	0.005611990112811327	0.005078939255326986	0.005796703044325113
1223	neutral	../final/models/models_2nd_run/model2_10	../final/models/models_2nd_run/model2_10	neutral	0.36416515707969666	0.36416515707969666	0.0566897951066494	0.03696763888001442	0.032438792288303375	0.1597122848033905	0.012836482375860214	0.18361666798591614	0.09913600236177444	0.009860994294285774	0.015085220336914062	0.022288117557764053	0.007202952168881893
846	excitement	../final/models/models_2nd_run/model2_10	../final/models/models_2nd_run/model2_10	excitement	0.5698090195655823	0.11125382781028748	0.0027817420195788145	0.0037572451401501894	0.0026186960749328136	0.03761310875415802	0.0020878321956843138	0.24144019186496735	0.5698090195655823	0.0026411532890051603	0.004354400560259819	0.0179537795484066	0.0036890176124870777
711	pride	../final/models/models_2nd_run/model2_10	../final/models/models_2nd_run/model2_10	excitement	0.6361961960792542	0.16837553679943085	0.00810911227017641	0.004904689732939005	0.004163975361734629	0.046114448457956314	0.0052032023668289185	0.09357506036758423	0.6361961960792542	0.004144746344536543	0.006533915642648935	0.015860071405768394	0.006819039583206177
172	pride	../final/models/models_2nd_run/model2_10	../final/models/models_2nd_run/model2_10	neutral	0.4055289626121521	0.4055289626121521	0.034285325556993484	0.01438859198242426	0.0162196084856987	0.26511043310165405	0.012851628474891186	0.09837856888771057	0.10496390610933304	0.007650261744856834	0.016736460849642754	0.01291094534099102	0.010975311510264874
450	joy	../final/models/models_2nd_run/model2_10	../final/models/models_2nd_run/model2_10	joy	0.3704138398170471	0.2394600361585617	0.009930101223289967	0.010582747869193554	0.007715364918112755	0.1703060269355774	0.00404201028868556	0.3704138398170471	0.15867803990840912	0.004658625926822424	0.00640584621578455	0.012289410457015038	0.005517994053661823
125	pride	../final/models/models_2nd_run/model2_10	../final/models/models_2nd_run/model2_10	pride	0.8020445108413696	0.0453975535929203	0.015477309003472328	0.005188547540456057	0.01877964287996292	0.8020445108413696	0.0033663816284388304	0.04695700481534004	0.04203161597251892	0.0035619866102933884	0.005633911583572626	0.0056264810264110565	0.005935121327638626
713	nervousness	../final/models/models_2nd_run/model2_10	../final/models/models_2nd_run/model2_10	nervousness	0.2972782552242279	0.12412302196025848	0.2972782552242279	0.25463560223579407	0.06808402389287949	0.02969949133694172	0.0439574308693409	0.015060647390782833	0.010296604596078396	0.08973038196563721	0.012265565805137157	0.004938242956995964	0.049930740147829056
530	neutral	../final/models/models_2nd_run/model2_10	../final/models/models_2nd_run/model2_10	joy	0.33546027541160583	0.22452084720134735	0.011501063592731953	0.009042970836162567	0.00705679040402174	0.2335377186536789	0.004573367070406675	0.33546027541160583	0.14640678465366364	0.004164970014244318	0.007513709366321564	0.009529812261462212	0.006691756192594767
90	neutral	../final/models/models_2nd_run/model2_10	../final/models/models_2nd_run/model2_10	excitement	0.799078106880188	0.07229963690042496	0.004224593751132488	0.0032597624231129885	0.0024798172526061535	0.012647636234760284	0.0033677928149700165	0.07582027465105057	0.799078106880188	0.0025963971856981516	0.0039333500899374485	0.01666044443845749	0.003632188308984041
1231	pride	../final/models/models_2nd_run/model2_10	../final/models/models_2nd_run/model2_10	neutral	0.33456242084503174	0.33456242084503174	0.018977465108036995	0.009723846800625324	0.010554391890764236	0.15836648643016815	0.006893911398947239	0.21067266166210175	0.2061479389667511	0.0069737983867526054	0.010647360235452652	0.018650321289896965	0.007829457521438599
181	neutral	../final/models/models_2nd_run/model2_10	../final/models/models_2nd_run/model2_10	joy	0.42658525705337524	0.25439366698265076	0.008342374116182327	0.010348060168325901	0.00735734635964036	0.0496404655277729	0.006405968219041824	0.42658525705337524	0.19082389771938324	0.007207126822322607	0.010671539232134819	0.022313496097922325	0.005910809617489576
989	neutral	../final/models/models_2nd_run/model2_10	../final/models/models_2nd_run/model2_10	neutral	0.5705048441886902	0.5705048441886902	0.02853921614587307	0.016583064571022987	0.015792779624462128	0.17120788991451263	0.011100804433226585	0.07053379714488983	0.06859619170427322	0.009644357487559319	0.010999360121786594	0.012066530995070934	0.014431165531277657
414	neutral	../final/models/models_2nd_run/model2_10	../final/models/models_2nd_run/model2_10	neutral	0.5319470167160034	0.5319470167160034	0.025148095563054085	0.018938476219773293	0.01953689008951187	0.1940755844116211	0.009925032034516335	0.07242884486913681	0.0751849040389061	0.011673057451844215	0.009310150519013405	0.01175058912485838	0.020081454887986183
251	disgust	../final/models/models_2nd_run/model2_10	../final/models/models_2nd_run/model2_10	nervousness	0.44125598669052124	0.08086589723825455	0.44125598669052124	0.22008952498435974	0.03360096737742424	0.014974472112953663	0.10648182779550552	0.010421539656817913	0.00777564337477088	0.042241912335157394	0.008394848555326462	0.002863096073269844	0.03103424794971943
69	excitement	../final/models/models_2nd_run/model2_10	../final/models/models_2nd_run/model2_10	neutral	0.49472111463546753	0.49472111463546753	0.024104751646518707	0.01693367399275303	0.014959271065890789	0.21834392845630646	0.00907193310558796	0.10169229656457901	0.0772053673863411	0.007982729934155941	0.011352922767400742	0.013125134631991386	0.010506919585168362
131	anger	../final/models/models_2nd_run/model2_10	../final/models/models_2nd_run/model2_10	neutral	0.2599463164806366	0.2599463164806366	0.2470942735671997	0.04050949960947037	0.036681946367025375	0.040853843092918396	0.18162690103054047	0.038893114775419235	0.039421383291482925	0.04703667014837265	0.008105717599391937	0.012012136168777943	0.047818176448345184
300	joy	../final/models/models_2nd_run/model2_10	../final/models/models_2nd_run/model2_10	sadness	0.5138503909111023	0.1370266228914261	0.14920340478420258	0.5138503909111023	0.03477269038558006	0.04185536131262779	0.03610615432262421	0.03719612583518028	0.019034981727600098	0.008079558610916138	0.007703942712396383	0.007444178685545921	0.007726516108959913
746	embarrassment	../final/models/models_2nd_run/model2_10	../final/models/models_2nd_run/model2_10	embarrassment	0.4299928843975067	0.11126621067523956	0.10981965810060501	0.06492765992879868	0.4299928843975067	0.13670390844345093	0.014857308939099312	0.014040582813322544	0.012752650305628777	0.03768596053123474	0.017136074602603912	0.00969009567052126	0.04112697392702103
326	nervousness	../final/models/models_2nd_run/model2_10	../final/models/models_2nd_run/model2_10	excitement	0.37615522742271423	0.1995338499546051	0.00630177091807127	0.005686712916940451	0.0065857903100550175	0.07344987243413925	0.0029962584376335144	0.28989917039871216	0.37615522742271423	0.004323269706219435	0.008950803428888321	0.02135251648724079	0.004764640238136053
1244	excitement	../final/models/models_2nd_run/model2_10	../final/models/models_2nd_run/model2_10	neutral	0.3689296841621399	0.3689296841621399	0.02415521629154682	0.015153615735471249	0.019283771514892578	0.178560271859169	0.009249912574887276	0.1936061829328537	0.13171857595443726	0.0077256616204977036	0.018013961613178253	0.026663459837436676	0.006939630955457687
887	joy	../final/models/models_2nd_run/model2_10	../final/models/models_2nd_run/model2_10	pride	0.2738816440105438	0.22210997343063354	0.0187703687697649	0.029414962977170944	0.01828615926206112	0.2738816440105438	0.0058968691155314445	0.2144748419523239	0.1728072166442871	0.0064170630648732185	0.006643570028245449	0.024248722940683365	0.00704870605841279
499	joy	../final/models/models_2nd_run/model2_10	../final/models/models_2nd_run/model2_10	excitement	0.4299182593822479	0.24431949853897095	0.004174418281763792	0.006161931436508894	0.006159619893878698	0.04584502801299095	0.003618755843490362	0.18822705745697021	0.4299182593822479	0.00781694520264864	0.009751205332577229	0.04743494465947151	0.006572422571480274
741	neutral	../final/models/models_2nd_run/model2_10	../final/models/models_2nd_run/model2_10	embarrassment	0.25466907024383545	0.11685502529144287	0.24508419632911682	0.14135535061359406	0.25466907024383545	0.07525976747274399	0.046128593385219574	0.02274460718035698	0.016864173114299774	0.029290983453392982	0.024488672614097595	0.013296260498464108	0.013963215984404087
364	neutral	../final/models/models_2nd_run/model2_10	../final/models/models_2nd_run/model2_10	neutral	0.5617526173591614	0.5617526173591614	0.024164512753486633	0.011786071583628654	0.011835658922791481	0.10102017968893051	0.009892374277114868	0.1582314372062683	0.07818026095628738	0.008270004764199257	0.012029566802084446	0.015459784306585789	0.0073775360360741615
495	joy	../final/models/models_2nd_run/model2_10	../final/models/models_2nd_run/model2_10	excitement	0.40453246235847473	0.1986720860004425	0.0034552549477666616	0.005031822249293327	0.004078493919223547	0.04117998853325844	0.0025261349510401487	0.3007670044898987	0.40453246235847473	0.003955051768571138	0.007535991724580526	0.023643357679247856	0.004622390028089285
1252	joy	../final/models/models_2nd_run/model2_10	../final/models/models_2nd_run/model2_10	anger	0.5036011934280396	0.09940176457166672	0.013275778852403164	0.022600021213293076	0.026780668646097183	0.011463159695267677	0.00623912550508976	0.005258183926343918	0.004236002918332815	0.29974234104156494	0.004292295780032873	0.0031095247250050306	0.5036011934280396
338	neutral	../final/models/models_2nd_run/model2_10	../final/models/models_2nd_run/model2_10	neutral	0.32681652903556824	0.32681652903556824	0.030288610607385635	0.01021967176347971	0.01545063778758049	0.29726654291152954	0.00810652133077383	0.1554483324289322	0.11772986501455307	0.0069140298292040825	0.010019655339419842	0.012075716629624367	0.009663852863013744
421	nervousness	../final/models/models_2nd_run/model2_10	../final/models/models_2nd_run/model2_10	neutral	0.30956047773361206	0.30956047773361206	0.0064595770090818405	0.00815390795469284	0.005346797872334719	0.0728122815489769	0.0043735867366194725	0.30371659994125366	0.25650355219841003	0.004463241435587406	0.006863323040306568	0.016295021399855614	0.005451627541333437
164	excitement	../final/models/models_2nd_run/model2_10	../final/models/models_2nd_run/model2_10	neutral	0.3462449312210083	0.3462449312210083	0.03102085366845131	0.01699899323284626	0.01465461403131485	0.24240371584892273	0.00935509242117405	0.15969446301460266	0.13632379472255707	0.007345448713749647	0.013863103464245796	0.013804223388433456	0.008290709927678108
28	confusion	../final/models/models_2nd_run/model2_10	../final/models/models_2nd_run/model2_10	surprise	0.6464152932167053	0.026378631591796875	0.043665967881679535	0.032175663858652115	0.08043070882558823	0.010612967424094677	0.017216989770531654	0.01242057979106903	0.057574428617954254	0.008178315125405788	0.05992849916219711	0.6464152932167053	0.0050019933842122555
516	excitement	../final/models/models_2nd_run/model2_10	../final/models/models_2nd_run/model2_10	neutral	0.5848881006240845	0.5848881006240845	0.02678397111594677	0.015997672453522682	0.019752802327275276	0.18779818713665009	0.010305574163794518	0.058067578822374344	0.04718540608882904	0.010839766822755337	0.011121728457510471	0.011090514250099659	0.01616857387125492
193	pride	../final/models/models_2nd_run/model2_10	../final/models/models_2nd_run/model2_10	neutral	0.3141682744026184	0.3141682744026184	0.01796109974384308	0.01206275075674057	0.016490105539560318	0.2546144127845764	0.007206628564745188	0.16948288679122925	0.1562889963388443	0.007187225390225649	0.015299771912395954	0.021301230415701866	0.007936561480164528
706	excitement	../final/models/models_2nd_run/model2_10	../final/models/models_2nd_run/model2_10	pride	0.4492371082305908	0.26217514276504517	0.029765600338578224	0.023214176297187805	0.02768768183887005	0.4492371082305908	0.007908975705504417	0.09203505516052246	0.06314848363399506	0.008835574612021446	0.008779449388384819	0.010827302001416683	0.01638554409146309
874	joy	../final/models/models_2nd_run/model2_10	../final/models/models_2nd_run/model2_10	neutral	0.4475560784339905	0.4475560784339905	0.01050515566021204	0.014417429454624653	0.00945719238370657	0.07985039055347443	0.007061987649649382	0.24672192335128784	0.1427045464515686	0.008357224985957146	0.007255898788571358	0.01982680708169937	0.006285322364419699
169	neutral	../final/models/models_2nd_run/model2_10	../final/models/models_2nd_run/model2_10	joy	0.49760571122169495	0.2385532706975937	0.0065827094949781895	0.010797074995934963	0.003858189797028899	0.06678640842437744	0.00294636026956141	0.49760571122169495	0.14195837080478668	0.0062447600066661835	0.005142848007380962	0.009969652630388737	0.009554751217365265
1270	pride	../final/models/models_2nd_run/model2_10	../final/models/models_2nd_run/model2_10	surprise	0.4745996594429016	0.05207528546452522	0.001719763269647956	0.003736694809049368	0.0055052610114216805	0.008037256076931953	0.0028441320173442364	0.044113609939813614	0.39411860704421997	0.0036175588611513376	0.0052604638040065765	0.4745996594429016	0.004371726885437965
652	pride	../final/models/models_2nd_run/model2_10	../final/models/models_2nd_run/model2_10	pride	0.4288124144077301	0.07147691398859024	0.024363331496715546	0.007804535795003176	0.08130215108394623	0.4288124144077301	0.005279000382870436	0.05228060111403465	0.1616617888212204	0.006436553318053484	0.017542513087391853	0.13593855500221252	0.007101612165570259
173	excitement	../final/models/models_2nd_run/model2_10	../final/models/models_2nd_run/model2_10	pride	0.3659129738807678	0.24205337464809418	0.029579514637589455	0.012282275594770908	0.017489610239863396	0.3659129738807678	0.0084613636136055	0.14975370466709137	0.13254551589488983	0.006957144942134619	0.012569824233651161	0.012309509329497814	0.010085257701575756
518	pride	../final/models/models_2nd_run/model2_10	../final/models/models_2nd_run/model2_10	neutral	0.36746636033058167	0.36746636033058167	0.013067756779491901	0.009362942539155483	0.007808872498571873	0.19509024918079376	0.005563539918512106	0.20431716740131378	0.16192564368247986	0.007245004642754793	0.007605458609759808	0.01093590259552002	0.009611069224774837
1034	joy	../final/models/models_2nd_run/model2_10	../final/models/models_2nd_run/model2_10	excitement	0.49039003252983093	0.1403868943452835	0.002578440820798278	0.004885425791144371	0.0027566272765398026	0.020210660994052887	0.003671171609312296	0.2952379882335663	0.49039003252983093	0.004646127577871084	0.006021360866725445	0.024416247382760048	0.004799081943929195
787	excitement	../final/models/models_2nd_run/model2_10	../final/models/models_2nd_run/model2_10	pride	0.33486270904541016	0.30903032422065735	0.027614807710051537	0.010036768391728401	0.01597486436367035	0.33486270904541016	0.010228349827229977	0.12758004665374756	0.11661755293607712	0.008078529499471188	0.015017762780189514	0.016130894422531128	0.008827485144138336
491	pride	../final/models/models_2nd_run/model2_10	../final/models/models_2nd_run/model2_10	pride	0.2725283205509186	0.19090640544891357	0.026710059493780136	0.09934909641742706	0.01783256232738495	0.2725283205509186	0.007023445796221495	0.2540014982223511	0.09774989634752274	0.005996098741889	0.0060125007294118404	0.012870186008512974	0.00901991780847311
73	excitement	../final/models/models_2nd_run/model2_10	../final/models/models_2nd_run/model2_10	joy	0.3031896650791168	0.2882120609283447	0.0064786155708134174	0.00813719816505909	0.0054549844935536385	0.0658804252743721	0.0048205191269516945	0.3031896650791168	0.27498912811279297	0.005514682736247778	0.008631495758891106	0.02271896041929722	0.005972302984446287
1190	surprise	../final/models/models_2nd_run/model2_10	../final/models/models_2nd_run/model2_10	surprise	0.8546674847602844	0.01829366944730282	0.0014323134673759341	0.0025563619565218687	0.004363496322184801	0.002674848772585392	0.0019377038115635514	0.012075267732143402	0.09067463129758835	0.002219070680439472	0.007133331149816513	0.8546674847602844	0.001971821766346693
587	pride	../final/models/models_2nd_run/model2_10	../final/models/models_2nd_run/model2_10	neutral	0.4590069651603699	0.4590069651603699	0.05678402632474899	0.029343482106924057	0.02489614672958851	0.16202464699745178	0.02026953175663948	0.10543011128902435	0.08176598697900772	0.012340033426880836	0.01894443854689598	0.01770883798599243	0.011485773138701916
657	joy	../final/models/models_2nd_run/model2_10	../final/models/models_2nd_run/model2_10	pride	0.3153638541698456	0.2032153308391571	0.010920013301074505	0.008735456503927708	0.008656514808535576	0.3153638541698456	0.003687442047521472	0.21343958377838135	0.20599986612796783	0.005136486142873764	0.006638288032263517	0.009238490834832191	0.008968674577772617
234	pride	../final/models/models_2nd_run/model2_10	../final/models/models_2nd_run/model2_10	pride	0.5046075582504272	0.12128081917762756	0.014325074851512909	0.006267599295824766	0.012920687906444073	0.5046075582504272	0.0043180244974792	0.12301912903785706	0.18450991809368134	0.004668428096920252	0.00732547277584672	0.010212940163910389	0.006544424220919609
214	pride	../final/models/models_2nd_run/model2_10	../final/models/models_2nd_run/model2_10	neutral	0.4055585563182831	0.4055585563182831	0.03725332021713257	0.016438627615571022	0.016324052587151527	0.23853881657123566	0.012963881716132164	0.09795654565095901	0.126710906624794	0.008540264330804348	0.014830808155238628	0.013286278583109379	0.01159796305000782
162	surprise	../final/models/models_2nd_run/model2_10	../final/models/models_2nd_run/model2_10	excitement	0.3756733536720276	0.21550418436527252	0.006210008170455694	0.006016498897224665	0.005677784793078899	0.05988674983382225	0.003765885252505541	0.27631640434265137	0.3756733536720276	0.0036177674774080515	0.008293109945952892	0.03464615345001221	0.00439206138253212
132	joy	../final/models/models_2nd_run/model2_10	../final/models/models_2nd_run/model2_10	excitement	0.5112504363059998	0.1159125566482544	0.005097475368529558	0.0044015380553901196	0.004906647372990847	0.14514769613742828	0.002649445552378893	0.1827775239944458	0.5112504363059998	0.0029766394291073084	0.0047720069997012615	0.014569053426384926	0.005538988392800093
978	anger	../final/models/models_2nd_run/model2_10	../final/models/models_2nd_run/model2_10	anger	0.586926281452179	0.11884008347988129	0.061124663800001144	0.03990929201245308	0.016680516302585602	0.027427174150943756	0.016343431547284126	0.01185019500553608	0.008765741251409054	0.10020195692777634	0.007772240322083235	0.004158471245318651	0.586926281452179
1069	neutral	../final/models/models_2nd_run/model2_10	../final/models/models_2nd_run/model2_10	neutral	0.6034608483314514	0.6034608483314514	0.03936224430799484	0.026420526206493378	0.021119918674230576	0.08797488361597061	0.013975972309708595	0.10786829143762589	0.04586317762732506	0.01510524470359087	0.01485469564795494	0.013420886360108852	0.010573416948318481
1268	joy	../final/models/models_2nd_run/model2_10	../final/models/models_2nd_run/model2_10	neutral	0.3980075716972351	0.3980075716972351	0.009941643103957176	0.007652148138731718	0.007432452868670225	0.08817918598651886	0.005028255749493837	0.21418598294258118	0.1426653414964676	0.0058213998563587666	0.08370301872491837	0.02711350843310356	0.010269382037222385
185	embarrassment	../final/models/models_2nd_run/model2_10	../final/models/models_2nd_run/model2_10	nervousness	0.5666607618331909	0.04126003757119179	0.5666607618331909	0.08575852960348129	0.07957924157381058	0.022895313799381256	0.13586494326591492	0.015330823138356209	0.010559415444731712	0.018865186721086502	0.010519366711378098	0.005773492623120546	0.006932877004146576
41	neutral	../final/models/models_2nd_run/model2_10	../final/models/models_2nd_run/model2_10	pride	0.4213579297065735	0.2773173451423645	0.02151096612215042	0.015474608168005943	0.01728743128478527	0.4213579297065735	0.00662133377045393	0.11066586524248123	0.08923304080963135	0.007844001054763794	0.007881530560553074	0.009973949752748013	0.014831961132586002
692	joy	../final/models/models_2nd_run/model2_10	../final/models/models_2nd_run/model2_10	neutral	0.6046127080917358	0.6046127080917358	0.011131378822028637	0.007020221557468176	0.006525570992380381	0.10018248111009598	0.004902197048068047	0.16282252967357635	0.07013954222202301	0.006700038909912109	0.010464534163475037	0.008171566762030125	0.007327233906835318
108	pride	../final/models/models_2nd_run/model2_10	../final/models/models_2nd_run/model2_10	neutral	0.3096705973148346	0.3096705973148346	0.023754172027111053	0.01666497252881527	0.017120573669672012	0.2589164674282074	0.011653425171971321	0.12905940413475037	0.18360735476016998	0.009005670435726643	0.008934552781283855	0.021316934376955032	0.010295839048922062
958	pride	../final/models/models_2nd_run/model2_10	../final/models/models_2nd_run/model2_10	pride	0.2847380042076111	0.2808930575847626	0.0655892938375473	0.02558376081287861	0.02123359404504299	0.2847380042076111	0.015296402387320995	0.1733783781528473	0.09618595987558365	0.007222732063382864	0.010227413848042488	0.010947797447443008	0.00870357546955347
568	fear	../final/models/models_2nd_run/model2_10	../final/models/models_2nd_run/model2_10	anger	0.29606345295906067	0.10867279767990112	0.12780921161174774	0.05488424375653267	0.042808081954717636	0.020051907747983932	0.04663942754268646	0.012259198352694511	0.007564155384898186	0.27151545882225037	0.0071746548637747765	0.004557332023978233	0.29606345295906067
724	pride	../final/models/models_2nd_run/model2_10	../final/models/models_2nd_run/model2_10	joy	0.31940484046936035	0.2392568290233612	0.007226993329823017	0.007632079999893904	0.007797371130436659	0.08279825747013092	0.004361486528068781	0.31940484046936035	0.292108416557312	0.006220858544111252	0.009103961288928986	0.01933601312339306	0.004752958659082651
1077	excitement	../final/models/models_2nd_run/model2_10	../final/models/models_2nd_run/model2_10	neutral	0.49157992005348206	0.49157992005348206	0.04169483855366707	0.02922067977488041	0.05147331953048706	0.12225279211997986	0.014788380824029446	0.09944374114274979	0.06301134824752808	0.01637987233698368	0.03448056802153587	0.02430865168571472	0.011365911923348904
1224	neutral	../final/models/models_2nd_run/model2_10	../final/models/models_2nd_run/model2_10	excitement	0.30595195293426514	0.24975596368312836	0.006987166125327349	0.006589172873646021	0.005750921089202166	0.07406037300825119	0.0047947997227311134	0.3026142418384552	0.30595195293426514	0.005915981251746416	0.007990521378815174	0.02446478046476841	0.005124136805534363
483	neutral	../final/models/models_2nd_run/model2_10	../final/models/models_2nd_run/model2_10	joy	0.38602307438850403	0.31583765149116516	0.009463074617087841	0.009522898122668266	0.006514316890388727	0.05409478768706322	0.006099235732108355	0.38602307438850403	0.16848625242710114	0.006934430915862322	0.010122663341462612	0.020207876339554787	0.00669364258646965
468	joy	../final/models/models_2nd_run/model2_10	../final/models/models_2nd_run/model2_10	joy	0.3345240354537964	0.2211126834154129	0.004701524507254362	0.005258903373032808	0.004503406584262848	0.05803714320063591	0.0037485267966985703	0.3345240354537964	0.3323288857936859	0.00445950124412775	0.007956390269100666	0.018370138481259346	0.004998788703233004
24	joy	../final/models/models_2nd_run/model2_10	../final/models/models_2nd_run/model2_10	neutral	0.3148817718029022	0.3148817718029022	0.013791263103485107	0.008297686465084553	0.008584064431488514	0.23948222398757935	0.005075620021671057	0.23166432976722717	0.14042338728904724	0.00608439277857542	0.009644606150686741	0.014208752661943436	0.00786192249506712
752	neutral	../final/models/models_2nd_run/model2_10	../final/models/models_2nd_run/model2_10	neutral	0.4460424482822418	0.4460424482822418	0.025181615725159645	0.013474402949213982	0.014172807335853577	0.17791637778282166	0.011036403477191925	0.14318925142288208	0.11593284457921982	0.011725915595889091	0.01488972082734108	0.014388008043169975	0.012050201185047626
811	neutral	../final/models/models_2nd_run/model2_10	../final/models/models_2nd_run/model2_10	joy	0.3902876079082489	0.34954220056533813	0.00728962104767561	0.010160847567021847	0.005726673174649477	0.08225321024656296	0.004097302444279194	0.3902876079082489	0.1192537397146225	0.005114840809255838	0.00701379356905818	0.013560406863689423	0.005699838977307081
845	neutral	../final/models/models_2nd_run/model2_10	../final/models/models_2nd_run/model2_10	neutral	0.27892571687698364	0.27892571687698364	0.016549594700336456	0.013620825484395027	0.012209879234433174	0.1672695428133011	0.006686213426291943	0.23141096532344818	0.2311181277036667	0.007414173800498247	0.010608535259962082	0.017118051648139954	0.007068402599543333
1075	neutral	../final/models/models_2nd_run/model2_10	../final/models/models_2nd_run/model2_10	neutral	0.4203090965747833	0.4203090965747833	0.010932043194770813	0.013803025707602501	0.015070604160428047	0.07110299915075302	0.008490370586514473	0.20870864391326904	0.17564094066619873	0.017021266743540764	0.014194382354617119	0.03829825296998024	0.0064283329993486404
366	excitement	../final/models/models_2nd_run/model2_10	../final/models/models_2nd_run/model2_10	neutral	0.35058480501174927	0.35058480501174927	0.010531486943364143	0.009293340146541595	0.006117915268987417	0.1121848002076149	0.004726364277303219	0.32674604654312134	0.1472133845090866	0.005501880776137114	0.007391081191599369	0.013461437076330185	0.00624751765280962
947	neutral	../final/models/models_2nd_run/model2_10	../final/models/models_2nd_run/model2_10	neutral	0.4568239450454712	0.4568239450454712	0.025949962437152863	0.02483215183019638	0.01622796431183815	0.2093915492296219	0.010711753740906715	0.1085544005036354	0.10193415731191635	0.009352349676191807	0.008447233587503433	0.013246129266917706	0.014528504572808743
1118	pride	../final/models/models_2nd_run/model2_10	../final/models/models_2nd_run/model2_10	neutral	0.27065393328666687	0.27065393328666687	0.2643023431301117	0.024581341072916985	0.025168495252728462	0.13779181241989136	0.057069167494773865	0.10011206567287445	0.07568258047103882	0.010954011231660843	0.016431448981165886	0.007299012038856745	0.009953823871910572
383	neutral	../final/models/models_2nd_run/model2_10	../final/models/models_2nd_run/model2_10	joy	0.49501118063926697	0.12406314164400101	0.00282235536724329	0.004363729152828455	0.002200049115344882	0.021483086049556732	0.002513699699193239	0.49501118063926697	0.3224999010562897	0.0031098390463739634	0.004613387864083052	0.013115688227117062	0.0042039016261696815
717	nervousness	../final/models/models_2nd_run/model2_10	../final/models/models_2nd_run/model2_10	nervousness	0.6622617840766907	0.06273873895406723	0.6622617840766907	0.03190653771162033	0.015839431434869766	0.038653451949357986	0.11095058172941208	0.029158538207411766	0.01906890794634819	0.007107255980372429	0.011099608615040779	0.004542964044958353	0.006672215182334185
454	anger	../final/models/models_2nd_run/model2_10	../final/models/models_2nd_run/model2_10	nervousness	0.5845593810081482	0.02859412506222725	0.5845593810081482	0.042514100670814514	0.011225474067032337	0.009863345883786678	0.2802901566028595	0.010289644822478294	0.007054011337459087	0.007479339372366667	0.00995213445276022	0.0027253171429038048	0.005453065037727356
264	excitement	../final/models/models_2nd_run/model2_10	../final/models/models_2nd_run/model2_10	neutral	0.3293342590332031	0.3293342590332031	0.027778254821896553	0.011486430652439594	0.01409844122827053	0.27232280373573303	0.009482904337346554	0.15057824552059174	0.12946046888828278	0.008622284978628159	0.017047347500920296	0.0181182399392128	0.011670352891087532
963	neutral	../final/models/models_2nd_run/model2_10	../final/models/models_2nd_run/model2_10	joy	0.443604975938797	0.19505232572555542	0.005143122747540474	0.006183995865285397	0.004263830836862326	0.07094293087720871	0.0029807910323143005	0.443604975938797	0.24496211111545563	0.003795526223257184	0.005652796942740679	0.01293695718050003	0.004480573348701
232	excitement	../final/models/models_2nd_run/model2_10	../final/models/models_2nd_run/model2_10	joy	0.5532540678977966	0.18322232365608215	0.0037211275193840265	0.004520060028880835	0.0027419079560786486	0.03324577584862709	0.002701100893318653	0.5532540678977966	0.19284488260746002	0.0033155137207359076	0.005970566067844629	0.011034851893782616	0.0034277935046702623
444	excitement	../final/models/models_2nd_run/model2_10	../final/models/models_2nd_run/model2_10	pride	0.7690845131874084	0.05015622824430466	0.015767468139529228	0.00584062933921814	0.017830096185207367	0.7690845131874084	0.0032129117753356695	0.06091513857245445	0.053777750581502914	0.0034571518190205097	0.0068435873836278915	0.00764836510643363	0.005466110073029995
395	joy	../final/models/models_2nd_run/model2_10	../final/models/models_2nd_run/model2_10	neutral	0.268110066652298	0.268110066652298	0.08330949395895004	0.05003708600997925	0.03517561033368111	0.2654430568218231	0.017007935792207718	0.12588690221309662	0.10057041049003601	0.013325158506631851	0.015067263506352901	0.013312051072716713	0.01275500375777483
834	excitement	../final/models/models_2nd_run/model2_10	../final/models/models_2nd_run/model2_10	neutral	0.30826470255851746	0.30826470255851746	0.008377681486308575	0.00688971159979701	0.007896596565842628	0.13409723341464996	0.004319272469729185	0.21948766708374023	0.26259252429008484	0.005470986943691969	0.01317028608173132	0.02341497503221035	0.006018381100147963
176	confusion	../final/models/models_2nd_run/model2_10	../final/models/models_2nd_run/model2_10	nervousness	0.7374560236930847	0.03069634921848774	0.7374560236930847	0.02222907356917858	0.013720298185944557	0.019897328689694405	0.12250347435474396	0.013742606155574322	0.011052962392568588	0.010319874621927738	0.005506282206624746	0.002599869854748249	0.010275857523083687
18	nervousness	../final/models/models_2nd_run/model2_10	../final/models/models_2nd_run/model2_10	neutral	0.45604801177978516	0.45604801177978516	0.11919896304607391	0.049543462693691254	0.03518911451101303	0.09735492616891861	0.042154211550951004	0.06027018278837204	0.06371457874774933	0.019022755324840546	0.022293640300631523	0.01985233649611473	0.01535781566053629
1115	neutral	../final/models/models_2nd_run/model2_10	../final/models/models_2nd_run/model2_10	neutral	0.42080017924308777	0.42080017924308777	0.02054363116621971	0.013122149743139744	0.012635549530386925	0.1556469202041626	0.008439857512712479	0.19213782250881195	0.13431565463542938	0.007475288584828377	0.011900434270501137	0.015102190896868706	0.007880185730755329
813	excitement	../final/models/models_2nd_run/model2_10	../final/models/models_2nd_run/model2_10	excitement	0.758804202079773	0.08253069221973419	0.004142997786402702	0.00432176748290658	0.0032803104259073734	0.014308241195976734	0.004033735021948814	0.09169504046440125	0.758804202079773	0.004694389179348946	0.006678661331534386	0.02070796862244606	0.004802025388926268
918	pride	../final/models/models_2nd_run/model2_10	../final/models/models_2nd_run/model2_10	pride	0.3360503315925598	0.28659704327583313	0.023756152018904686	0.013457022607326508	0.01305162813514471	0.3360503315925598	0.008746818639338017	0.13207271695137024	0.14577585458755493	0.005750079173594713	0.01016080379486084	0.014381327666342258	0.010200217366218567
767	excitement	../final/models/models_2nd_run/model2_10	../final/models/models_2nd_run/model2_10	pride	0.38338008522987366	0.28170153498649597	0.025831211358308792	0.007491185795515776	0.014601762406527996	0.38338008522987366	0.006783780176192522	0.14102329313755035	0.09986943006515503	0.006074023898690939	0.014331894926726818	0.010765597224235535	0.008146174252033234
595	joy	../final/models/models_2nd_run/model2_10	../final/models/models_2nd_run/model2_10	neutral	0.45163416862487793	0.45163416862487793	0.011961289681494236	0.008346750400960445	0.008428347297012806	0.13836432993412018	0.005315061192959547	0.19956296682357788	0.1346859633922577	0.0054619028232991695	0.010891116224229336	0.01940763182938099	0.0059403907507658005
61	neutral	../final/models/models_2nd_run/model2_10	../final/models/models_2nd_run/model2_10	neutral	0.48070335388183594	0.48070335388183594	0.024371376261115074	0.009659426286816597	0.013190473429858685	0.1969389021396637	0.008598890155553818	0.14185093343257904	0.0781441330909729	0.008052746765315533	0.016987139359116554	0.013323437422513962	0.008179196156561375
272	pride	../final/models/models_2nd_run/model2_10	../final/models/models_2nd_run/model2_10	excitement	0.8270586729049683	0.05272125080227852	0.0028280324768275023	0.0032041724771261215	0.00210081459954381	0.007528635673224926	0.0032204827293753624	0.07385607063770294	0.8270586729049683	0.0027831646148115396	0.003843034617602825	0.017128461971879005	0.0037272577174007893
1195	neutral	../final/models/models_2nd_run/model2_10	../final/models/models_2nd_run/model2_10	neutral	0.4468109607696533	0.4468109607696533	0.0068922750651836395	0.0063606309704482555	0.0066986107267439365	0.05543834716081619	0.0040932209230959415	0.2826160788536072	0.1449335217475891	0.008892949670553207	0.013678399845957756	0.017297886312007904	0.006287132855504751
278	joy	../final/models/models_2nd_run/model2_10	../final/models/models_2nd_run/model2_10	excitement	0.5811341404914856	0.12821170687675476	0.003949923440814018	0.004404439125210047	0.0034402860328555107	0.02771453559398651	0.003998334985226393	0.214754119515419	0.5811341404914856	0.004122307989746332	0.005758810322731733	0.01873880997300148	0.0037725172005593777
949	pride	../final/models/models_2nd_run/model2_10	../final/models/models_2nd_run/model2_10	pride	0.353809654712677	0.31060370802879333	0.03522836044430733	0.013247114606201649	0.02016441710293293	0.353809654712677	0.01105665136128664	0.11582294851541519	0.09688723087310791	0.007200160995125771	0.012739916332066059	0.012814454734325409	0.010425332002341747
694	pride	../final/models/models_2nd_run/model2_10	../final/models/models_2nd_run/model2_10	neutral	0.4097517430782318	0.4097517430782318	0.0280829556286335	0.010290312580764294	0.02100890502333641	0.25504082441329956	0.009640155360102654	0.11683482676744461	0.08738698810338974	0.010631293058395386	0.02486870251595974	0.015559883788228035	0.01090350840240717
368	neutral	../final/models/models_2nd_run/model2_10	../final/models/models_2nd_run/model2_10	joy	0.530483067035675	0.1498713195323944	0.0041515761986374855	0.00551711255684495	0.0032622660510241985	0.050301693379879	0.002564763417467475	0.530483067035675	0.23197227716445923	0.002998037962242961	0.005212253890931606	0.009768056683242321	0.0038976094219833612
1004	joy	../final/models/models_2nd_run/model2_10	../final/models/models_2nd_run/model2_10	joy	0.39705690741539	0.19086585938930511	0.006788106169551611	0.008147568441927433	0.004806318785995245	0.05338960886001587	0.004082504194229841	0.39705690741539	0.3041752874851227	0.004585376940667629	0.005932849366217852	0.016543330624699593	0.003626183606684208
735	neutral	../final/models/models_2nd_run/model2_10	../final/models/models_2nd_run/model2_10	excitement	0.34959152340888977	0.2207670360803604	0.006987992208451033	0.005021108780056238	0.0048783025704324245	0.05848785489797592	0.004205459728837013	0.31231817603111267	0.34959152340888977	0.004892583005130291	0.010691968724131584	0.015920143574476242	0.006237813737243414
923	surprise	../final/models/models_2nd_run/model2_10	../final/models/models_2nd_run/model2_10	neutral	0.42434021830558777	0.42434021830558777	0.06197276711463928	0.07601651549339294	0.04188399016857147	0.07509103417396545	0.01672006957232952	0.0800807923078537	0.0732087716460228	0.05766933038830757	0.007009781431406736	0.018040470778942108	0.06796631217002869
971	surprise	../final/models/models_2nd_run/model2_10	../final/models/models_2nd_run/model2_10	neutral	0.36611634492874146	0.36611634492874146	0.02593463659286499	0.010839198715984821	0.029307523742318153	0.21458420157432556	0.009553561918437481	0.13336455821990967	0.13284999132156372	0.01501280814409256	0.02177300676703453	0.031420186161994934	0.009244021028280258
806	joy	../final/models/models_2nd_run/model2_10	../final/models/models_2nd_run/model2_10	joy	0.44729211926460266	0.2784141004085541	0.008486508391797543	0.009433096274733543	0.006333084776997566	0.053465962409973145	0.0060532172210514545	0.44729211926460266	0.15353363752365112	0.00680749025195837	0.00911047961562872	0.015696082264184952	0.005374257918447256
867	neutral	../final/models/models_2nd_run/model2_10	../final/models/models_2nd_run/model2_10	neutral	0.3931008279323578	0.3931008279323578	0.01682901941239834	0.013225673697888851	0.011662747710943222	0.11204839497804642	0.007028909865766764	0.2336810827255249	0.16352516412734985	0.007015880662947893	0.009203881956636906	0.026364509016275406	0.006313907448202372
547	pride	../final/models/models_2nd_run/model2_10	../final/models/models_2nd_run/model2_10	pride	0.7294679284095764	0.08013201504945755	0.017679644748568535	0.006893405690789223	0.01511214766651392	0.7294679284095764	0.0039197420701384544	0.06516414135694504	0.0579645037651062	0.004159208852797747	0.0063080089166760445	0.006069359835237265	0.007129839155822992
997	neutral	../final/models/models_2nd_run/model2_10	../final/models/models_2nd_run/model2_10	neutral	0.5371886491775513	0.5371886491775513	0.012122591957449913	0.019851941615343094	0.007935130968689919	0.033566489815711975	0.007545541971921921	0.23956741392612457	0.09967422485351562	0.008788333274424076	0.008666704408824444	0.019559582695364952	0.0055333394557237625
688	excitement	../final/models/models_2nd_run/model2_10	../final/models/models_2nd_run/model2_10	excitement	0.8778068423271179	0.040236059576272964	0.0029278327710926533	0.002287130570039153	0.0019915499724447727	0.009627893567085266	0.0026242148596793413	0.03745707497000694	0.8778068423271179	0.001885007950477302	0.0027101871091872454	0.01774723455309868	0.0026990293990820646
738	neutral	../final/models/models_2nd_run/model2_10	../final/models/models_2nd_run/model2_10	neutral	0.3972587287425995	0.3972587287425995	0.05966310203075409	0.026530403643846512	0.02458839863538742	0.15661285817623138	0.01610177755355835	0.14181140065193176	0.12049239128828049	0.012365120463073254	0.015594876371324062	0.019241690635681152	0.009739317931234837
1018	pride	../final/models/models_2nd_run/model2_10	../final/models/models_2nd_run/model2_10	neutral	0.5491594672203064	0.5491594672203064	0.0343748964369297	0.012053683400154114	0.011313122697174549	0.11124096065759659	0.014956781640648842	0.13130314648151398	0.09279827773571014	0.008713790215551853	0.013646360486745834	0.012365060858428478	0.008074432611465454
456	surprise	../final/models/models_2nd_run/model2_10	../final/models/models_2nd_run/model2_10	neutral	0.34597247838974	0.34597247838974	0.006938790436834097	0.006249674595892429	0.005812579300254583	0.0859890729188919	0.004716744180768728	0.1816379874944687	0.3146987557411194	0.006204313598573208	0.008940591476857662	0.025497833266854286	0.0073412745259702206
393	excitement	../final/models/models_2nd_run/model2_10	../final/models/models_2nd_run/model2_10	neutral	0.3316987454891205	0.3316987454891205	0.01052627619355917	0.007429501041769981	0.010303858667612076	0.12449391186237335	0.004969027824699879	0.2833467721939087	0.17141494154930115	0.008691137656569481	0.020269455388188362	0.019664760679006577	0.007191527169197798
675	excitement	../final/models/models_2nd_run/model2_10	../final/models/models_2nd_run/model2_10	neutral	0.36409565806388855	0.36409565806388855	0.009850081987679005	0.009692697785794735	0.009927848353981972	0.0910535529255867	0.005024121142923832	0.23653730750083923	0.2235226184129715	0.00928013026714325	0.013375901617109776	0.016642175614833832	0.01099784392863512
760	pride	../final/models/models_2nd_run/model2_10	../final/models/models_2nd_run/model2_10	pride	0.39423662424087524	0.2757999002933502	0.02505340985953808	0.008117998950183392	0.016338950023055077	0.39423662424087524	0.008013885468244553	0.11131540685892105	0.11892187595367432	0.007857759483158588	0.009256535209715366	0.013514162972569466	0.01157352700829506
1253	pride	../final/models/models_2nd_run/model2_10	../final/models/models_2nd_run/model2_10	embarrassment	0.2519981861114502	0.09970300644636154	0.1332026869058609	0.24481268227100372	0.2519981861114502	0.10477473586797714	0.0329681821167469	0.018710307776927948	0.016116701066493988	0.04229646921157837	0.01536332443356514	0.01080581545829773	0.029247980564832687
728	joy	../final/models/models_2nd_run/model2_10	../final/models/models_2nd_run/model2_10	joy	0.435474693775177	0.22776064276695251	0.008317437954246998	0.009830979630351067	0.005565928295254707	0.09445292502641678	0.0037566469982266426	0.435474693775177	0.1834423840045929	0.0043067047372460365	0.0072736903093755245	0.015270508825778961	0.004547446500509977
419	pride	../final/models/models_2nd_run/model2_10	../final/models/models_2nd_run/model2_10	excitement	0.5767636895179749	0.15571658313274384	0.017165951430797577	0.006030290853232145	0.016230594366788864	0.06210775300860405	0.009896823205053806	0.09678550809621811	0.5767636895179749	0.011526647955179214	0.006637170910835266	0.034510839730501175	0.006628110073506832
375	neutral	../final/models/models_2nd_run/model2_10	../final/models/models_2nd_run/model2_10	neutral	0.45931440591812134	0.45931440591812134	0.028448056429624557	0.011699449270963669	0.0182862039655447	0.1852034032344818	0.009592878632247448	0.15226314961910248	0.08809126913547516	0.010490894317626953	0.013465783558785915	0.014014777727425098	0.009129592217504978
412	joy	../final/models/models_2nd_run/model2_10	../final/models/models_2nd_run/model2_10	neutral	0.377890408039093	0.377890408039093	0.008682393468916416	0.008819458074867725	0.010198520496487617	0.1829439401626587	0.004764019977301359	0.15180061757564545	0.20430326461791992	0.006686557549983263	0.00805180985480547	0.026036078110337257	0.009822854772210121
74	sadness	../final/models/models_2nd_run/model2_10	../final/models/models_2nd_run/model2_10	nervousness	0.26180967688560486	0.11614116281270981	0.26180967688560486	0.08818818628787994	0.16190548241138458	0.027365103363990784	0.12357183545827866	0.021165627986192703	0.01562660187482834	0.14209184050559998	0.019080691039562225	0.009916243143379688	0.013137495145201683
1191	neutral	../final/models/models_2nd_run/model2_10	../final/models/models_2nd_run/model2_10	joy	0.5296480059623718	0.20416215062141418	0.004495963454246521	0.005120936781167984	0.0032389231491833925	0.039943065494298935	0.0031304555013775826	0.5296480059623718	0.18460284173488617	0.0037403597962111235	0.006197433453053236	0.012055999599397182	0.003663885872811079
1242	neutral	../final/models/models_2nd_run/model2_10	../final/models/models_2nd_run/model2_10	joy	0.370231568813324	0.21155261993408203	0.007470357697457075	0.011602918617427349	0.00605750223621726	0.1946219503879547	0.003064834512770176	0.370231568813324	0.16926811635494232	0.004144024569541216	0.0046470933593809605	0.011402684263885021	0.0059362733736634254
500	pride	../final/models/models_2nd_run/model2_10	../final/models/models_2nd_run/model2_10	neutral	0.283539742231369	0.283539742231369	0.014788677915930748	0.010968699119985104	0.011756288819015026	0.28040483593940735	0.005373680964112282	0.1723994016647339	0.18297606706619263	0.005220345221459866	0.009434559382498264	0.016159895807504654	0.00697772391140461
903	joy	../final/models/models_2nd_run/model2_10	../final/models/models_2nd_run/model2_10	joy	0.4399879574775696	0.22664600610733032	0.0039459760300815105	0.005248214118182659	0.003295832546427846	0.021914664655923843	0.0033465453889220953	0.4399879574775696	0.259348601102829	0.0054003652185201645	0.00949285738170147	0.015147021040320396	0.00622600456699729
616	pride	../final/models/models_2nd_run/model2_10	../final/models/models_2nd_run/model2_10	neutral	0.4992506802082062	0.4992506802082062	0.01258116401731968	0.008483240380883217	0.015441365540027618	0.11644624173641205	0.006127453874796629	0.14782185852527618	0.12554779648780823	0.014057572931051254	0.02455318532884121	0.020987698808312416	0.008701782673597336
114	joy	../final/models/models_2nd_run/model2_10	../final/models/models_2nd_run/model2_10	joy	0.547241747379303	0.18658418953418732	0.0030812008772045374	0.004683810751885176	0.002291398821398616	0.02398860454559326	0.002986472100019455	0.547241747379303	0.20707015693187714	0.0032537884544581175	0.005100089590996504	0.010003224015235901	0.0037152909208089113
417	pride	../final/models/models_2nd_run/model2_10	../final/models/models_2nd_run/model2_10	neutral	0.701365053653717	0.701365053653717	0.01454670075327158	0.020083360373973846	0.013304270803928375	0.08724155277013779	0.007272931281477213	0.05437111482024193	0.0491650253534317	0.011785553768277168	0.008631451055407524	0.013526192866265774	0.018706688657402992
601	neutral	../final/models/models_2nd_run/model2_10	../final/models/models_2nd_run/model2_10	neutral	0.3804972171783447	0.3804972171783447	0.11334136873483658	0.04553984850645065	0.05096292123198509	0.14685669541358948	0.02271447703242302	0.11343888938426971	0.053067196160554886	0.016062483191490173	0.026411041617393494	0.021350804716348648	0.009757041931152344
604	joy	../final/models/models_2nd_run/model2_10	../final/models/models_2nd_run/model2_10	neutral	0.33668097853660583	0.33668097853660583	0.05692967027425766	0.17691004276275635	0.05786073952913284	0.026469068601727486	0.03276054188609123	0.11981017142534256	0.07307145744562149	0.0661604255437851	0.021377267315983772	0.022332128137350082	0.009637540206313133
940	excitement	../final/models/models_2nd_run/model2_10	../final/models/models_2nd_run/model2_10	neutral	0.23256298899650574	0.23256298899650574	0.14703595638275146	0.03111826814711094	0.04008473455905914	0.05096226558089256	0.20603333413600922	0.033227384090423584	0.0525897853076458	0.09907301515340805	0.00661744549870491	0.012086932547390461	0.08860797435045242
89	pride	../final/models/models_2nd_run/model2_10	../final/models/models_2nd_run/model2_10	joy	0.4788447916507721	0.17572057247161865	0.00792130921036005	0.007429161109030247	0.005554654635488987	0.14949700236320496	0.003490733914077282	0.4788447916507721	0.14749112725257874	0.0038388315588235855	0.006757293827831745	0.008524454198777676	0.0049300105310976505
1169	nervousness	../final/models/models_2nd_run/model2_10	../final/models/models_2nd_run/model2_10	fear	0.6475839018821716	0.02849043905735016	0.25450077652931213	0.012654343619942665	0.004436015151441097	0.007108011748641729	0.6475839018821716	0.012251426465809345	0.008237947709858418	0.005997877102345228	0.010512491688132286	0.0028566131368279457	0.005370105151087046
1218	joy	../final/models/models_2nd_run/model2_10	../final/models/models_2nd_run/model2_10	joy	0.46069520711898804	0.20875142514705658	0.00481657637283206	0.005712455604225397	0.003912558313459158	0.0581023283302784	0.0031376571860164404	0.46069520711898804	0.22344745695590973	0.003952133469283581	0.008134948089718819	0.014861978590488434	0.004475258756428957
753	sadness	../final/models/models_2nd_run/model2_10	../final/models/models_2nd_run/model2_10	sadness	0.36593160033226013	0.11597304791212082	0.3040511906147003	0.36593160033226013	0.0389360636472702	0.036632463335990906	0.06807980686426163	0.02295958623290062	0.012664775364100933	0.009162155911326408	0.009022769518196583	0.005502783227711916	0.011083726771175861
498	disgust	../final/models/models_2nd_run/model2_10	../final/models/models_2nd_run/model2_10	sadness	0.46264904737472534	0.09936823695898056	0.21923349797725677	0.46264904737472534	0.05576304718852043	0.02543904259800911	0.05052006617188454	0.022443851456046104	0.010277273133397102	0.025215379893779755	0.014684251509606838	0.005527803674340248	0.008878582157194614
1206	joy	../final/models/models_2nd_run/model2_10	../final/models/models_2nd_run/model2_10	excitement	0.4980776607990265	0.15217472612857819	0.003383633913472295	0.004449972417205572	0.0042231641709804535	0.05682488530874252	0.0027591825928539038	0.24289116263389587	0.4980776607990265	0.004366661887615919	0.006734911352396011	0.0203390009701252	0.003775040153414011
1000	neutral	../final/models/models_2nd_run/model2_10	../final/models/models_2nd_run/model2_10	neutral	0.48938214778900146	0.48938214778900146	0.020523788407444954	0.00923029612749815	0.011392798274755478	0.16338273882865906	0.009331287816166878	0.11720751225948334	0.1360810101032257	0.010065991431474686	0.009204448200762272	0.01167360320687294	0.012524347752332687
998	joy	../final/models/models_2nd_run/model2_10	../final/models/models_2nd_run/model2_10	joy	0.44192853569984436	0.219954714179039	0.00474997004494071	0.005807733628898859	0.004080904182046652	0.031149547547101974	0.004061169922351837	0.44192853569984436	0.2552352249622345	0.005464483983814716	0.0074051255360245705	0.01408019382506609	0.006082312669605017
11	joy	../final/models/models_2nd_run/model2_10	../final/models/models_2nd_run/model2_10	excitement	0.6382505297660828	0.08189552277326584	0.0026116876397281885	0.0036700163036584854	0.0023256803397089243	0.022959057241678238	0.0023224002216011286	0.22050780057907104	0.6382505297660828	0.00209666951559484	0.003720770822837949	0.016621768474578857	0.003018185030668974
396	nervousness	../final/models/models_2nd_run/model2_10	../final/models/models_2nd_run/model2_10	neutral	0.2958889603614807	0.2958889603614807	0.04399899020791054	0.021581755951046944	0.026466595008969307	0.2710312306880951	0.01368709746748209	0.14815233647823334	0.12446019798517227	0.009638716466724873	0.01899951696395874	0.015213686972856522	0.010880823247134686
847	excitement	../final/models/models_2nd_run/model2_10	../final/models/models_2nd_run/model2_10	excitement	0.4431551396846771	0.22002486884593964	0.003901854855939746	0.006911366246640682	0.005399804096668959	0.03764108940958977	0.003200459061190486	0.23546558618545532	0.4431551396846771	0.004596811253577471	0.005596725735813379	0.028642773628234863	0.005463460460305214
555	excitement	../final/models/models_2nd_run/model2_10	../final/models/models_2nd_run/model2_10	excitement	0.2523353397846222	0.22843851149082184	0.009217031300067902	0.0076453969813883305	0.006961449049413204	0.23753507435321808	0.003927579615265131	0.22439569234848022	0.2523353397846222	0.004032195080071688	0.00679227989166975	0.011785553768277168	0.006933888886123896
42	surprise	../final/models/models_2nd_run/model2_10	../final/models/models_2nd_run/model2_10	neutral	0.3695119321346283	0.3695119321346283	0.09322362393140793	0.04352566972374916	0.03805088251829147	0.130807563662529	0.03078722581267357	0.0981452539563179	0.12596642971038818	0.012694751843810081	0.014352020807564259	0.034790437668561935	0.008144193328917027
167	anger	../final/models/models_2nd_run/model2_10	../final/models/models_2nd_run/model2_10	embarrassment	0.17921487987041473	0.08523070812225342	0.16550233960151672	0.15259695053100586	0.17921487987041473	0.01579400710761547	0.059009622782468796	0.03153621405363083	0.02573278732597828	0.17666582763195038	0.06050075218081474	0.03659020736813545	0.01162573043256998
416	joy	../final/models/models_2nd_run/model2_10	../final/models/models_2nd_run/model2_10	joy	0.425582617521286	0.19380232691764832	0.005034558475017548	0.005513157695531845	0.0038950995076447725	0.074650339782238	0.0028621447272598743	0.425582617521286	0.26221421360969543	0.003148864023387432	0.005543094594031572	0.013867982663214207	0.0038855180609971285
576	neutral	../final/models/models_2nd_run/model2_10	../final/models/models_2nd_run/model2_10	joy	0.41992315649986267	0.27502989768981934	0.005194540601223707	0.009135087952017784	0.00488717807456851	0.059346701949834824	0.002975391922518611	0.41992315649986267	0.18979768455028534	0.004473347216844559	0.00581150408834219	0.01838500238955021	0.005040530115365982
267	joy	../final/models/models_2nd_run/model2_10	../final/models/models_2nd_run/model2_10	excitement	0.8033317923545837	0.07275836914777756	0.003363268915563822	0.003379328642040491	0.002660411177203059	0.008569680154323578	0.0048310281708836555	0.06544967740774155	0.8033317923545837	0.0032812803983688354	0.003645072691142559	0.024733925238251686	0.003996162209659815
910	joy	../final/models/models_2nd_run/model2_10	../final/models/models_2nd_run/model2_10	neutral	0.32735687494277954	0.32735687494277954	0.012115813791751862	0.01332876831293106	0.011811444535851479	0.16561569273471832	0.0038838416803628206	0.23246358335018158	0.19236686825752258	0.008285196498036385	0.007663361728191376	0.015459289774298668	0.009649288840591908
426	excitement	../final/models/models_2nd_run/model2_10	../final/models/models_2nd_run/model2_10	pride	0.8333297967910767	0.04170683026313782	0.015224783681333065	0.003868351224809885	0.01705753616988659	0.8333297967910767	0.003300495445728302	0.030194172635674477	0.03296516463160515	0.0036350490991026163	0.006342269014567137	0.0053109060972929	0.007064594887197018
690	neutral	../final/models/models_2nd_run/model2_10	../final/models/models_2nd_run/model2_10	joy	0.40753719210624695	0.3181750774383545	0.005602856166660786	0.005022451747208834	0.0038465233519673347	0.06855764240026474	0.003279763273894787	0.40753719210624695	0.16163183748722076	0.0048480867408216	0.006375801749527454	0.009287315420806408	0.00583546282723546
544	pride	../final/models/models_2nd_run/model2_10	../final/models/models_2nd_run/model2_10	joy	0.28788506984710693	0.27765947580337524	0.009730910882353783	0.00972916278988123	0.008718311786651611	0.1523657590150833	0.00396703789010644	0.28788506984710693	0.21669815480709076	0.005216373596340418	0.007448485586792231	0.014713437296450138	0.005867818370461464
1192	neutral	../final/models/models_2nd_run/model2_10	../final/models/models_2nd_run/model2_10	neutral	0.49105891585350037	0.49105891585350037	0.04001163691282272	0.01995830610394478	0.019476573914289474	0.1570378541946411	0.012057988904416561	0.12760016322135925	0.07642289996147156	0.011182637885212898	0.016002852469682693	0.018121635541319847	0.011068620719015598
674	excitement	../final/models/models_2nd_run/model2_10	../final/models/models_2nd_run/model2_10	neutral	0.30451151728630066	0.30451151728630066	0.03495178371667862	0.0179409421980381	0.0212535597383976	0.21108755469322205	0.010777861811220646	0.18455040454864502	0.16032762825489044	0.008109360001981258	0.015665210783481598	0.023640461266040802	0.007183716632425785
689	joy	../final/models/models_2nd_run/model2_10	../final/models/models_2nd_run/model2_10	excitement	0.3930586278438568	0.22040116786956787	0.004644818138331175	0.006000211462378502	0.0062728640623390675	0.04792994260787964	0.004391803871840239	0.25917574763298035	0.3930586278438568	0.007806322071701288	0.011854269541800022	0.033119868487119675	0.0053443764336407185
1120	surprise	../final/models/models_2nd_run/model2_10	../final/models/models_2nd_run/model2_10	surprise	0.6997746825218201	0.039125677198171616	0.0016784964827820659	0.0038943528197705746	0.006961684674024582	0.005144523456692696	0.0023963311687111855	0.02557988278567791	0.1983090490102768	0.003460331354290247	0.010441720485687256	0.6997746825218201	0.0032332108821719885
1246	excitement	../final/models/models_2nd_run/model2_10	../final/models/models_2nd_run/model2_10	sadness	0.2341388761997223	0.15853442251682281	0.1471879780292511	0.2341388761997223	0.1377635896205902	0.15991230309009552	0.01865975558757782	0.05468219891190529	0.0289081409573555	0.014883666299283504	0.019209114834666252	0.014786161482334137	0.011333753354847431
159	joy	../final/models/models_2nd_run/model2_10	../final/models/models_2nd_run/model2_10	neutral	0.6161190271377563	0.6161190271377563	0.008722174912691116	0.0056974636390805244	0.00526468176394701	0.06532306969165802	0.004163320176303387	0.1592056155204773	0.08694210648536682	0.00539400102570653	0.02298038639128208	0.015424218960106373	0.004763819742947817
1001	joy	../final/models/models_2nd_run/model2_10	../final/models/models_2nd_run/model2_10	surprise	0.4706076681613922	0.15994217991828918	0.005647074431180954	0.008827829733490944	0.01210044976323843	0.007463513873517513	0.008810567669570446	0.03579007834196091	0.2527070641517639	0.01199457049369812	0.010419020429253578	0.4706076681613922	0.015690060332417488
257	excitement	../final/models/models_2nd_run/model2_10	../final/models/models_2nd_run/model2_10	joy	0.4593193233013153	0.2067869007587433	0.00485768960788846	0.006301581393927336	0.00394655903801322	0.09267448633909225	0.002656306605786085	0.4593193233013153	0.2005573809146881	0.0035843097139149904	0.004677862860262394	0.010302646085619926	0.004334972705692053
1221	pride	../final/models/models_2nd_run/model2_10	../final/models/models_2nd_run/model2_10	joy	0.5710404515266418	0.1929759979248047	0.005635220557451248	0.006697474047541618	0.004152645356953144	0.0635320171713829	0.0031651731114834547	0.5710404515266418	0.127449631690979	0.0037596700713038445	0.0065077380277216434	0.010923289693892002	0.004160688258707523
335	neutral	../final/models/models_2nd_run/model2_10	../final/models/models_2nd_run/model2_10	neutral	0.3915582001209259	0.3915582001209259	0.010773880407214165	0.011512585915625095	0.007163466420024633	0.11707685887813568	0.0045710038393735886	0.32161492109298706	0.10673460364341736	0.005647201556712389	0.006339780054986477	0.010646365582942963	0.00636107986792922
976	joy	../final/models/models_2nd_run/model2_10	../final/models/models_2nd_run/model2_10	neutral	0.26565665006637573	0.26565665006637573	0.11407192796468735	0.09094032645225525	0.051158495247364044	0.16972386837005615	0.04321537911891937	0.09196120500564575	0.10871157050132751	0.012300468049943447	0.022568682208657265	0.018767043948173523	0.01092439889907837
15	pride	../final/models/models_2nd_run/model2_10	../final/models/models_2nd_run/model2_10	joy	0.3812737464904785	0.2839193046092987	0.006083023734390736	0.006621059030294418	0.0042123980820178986	0.07233116030693054	0.003792595351114869	0.3812737464904785	0.21169914305210114	0.004331490956246853	0.006753080524504185	0.0144502529874444	0.00453281169757247
1144	joy	../final/models/models_2nd_run/model2_10	../final/models/models_2nd_run/model2_10	joy	0.4330754280090332	0.16472162306308746	0.004270655568689108	0.004930711351335049	0.0036285307724028826	0.029454614967107773	0.0031920839101076126	0.4330754280090332	0.32499566674232483	0.003924943506717682	0.006430580280721188	0.01701403595507145	0.0043611000292003155
324	excitement	../final/models/models_2nd_run/model2_10	../final/models/models_2nd_run/model2_10	excitement	0.6789060235023499	0.11066193133592606	0.012329846620559692	0.007409021258354187	0.004673464223742485	0.03511878848075867	0.0054105231538414955	0.11514899134635925	0.6789060235023499	0.0025651524774730206	0.005844663362950087	0.01848241500556469	0.0034491524565964937
768	surprise	../final/models/models_2nd_run/model2_10	../final/models/models_2nd_run/model2_10	pride	0.2662956416606903	0.2251068651676178	0.010514888912439346	0.012570759281516075	0.008440985344350338	0.2662956416606903	0.003758782520890236	0.26109474897384644	0.17974159121513367	0.004358645062893629	0.006079961080104113	0.015331928618252277	0.006705175153911114
607	pride	../final/models/models_2nd_run/model2_10	../final/models/models_2nd_run/model2_10	neutral	0.33052682876586914	0.33052682876586914	0.02162056602537632	0.012098938226699829	0.015034479089081287	0.252028226852417	0.008280160836875439	0.1653306484222412	0.14758379757404327	0.008326803334057331	0.01160829234868288	0.017558790743350983	0.010002432391047478
1119	excitement	../final/models/models_2nd_run/model2_10	../final/models/models_2nd_run/model2_10	neutral	0.37175360321998596	0.37175360321998596	0.010155814699828625	0.009701213799417019	0.009818452410399914	0.17406675219535828	0.00500846840441227	0.16712814569473267	0.20646420121192932	0.006030883174389601	0.008864062838256359	0.021225834265351295	0.009782496839761734
888	excitement	../final/models/models_2nd_run/model2_10	../final/models/models_2nd_run/model2_10	excitement	0.3373353183269501	0.2746407687664032	0.011330630630254745	0.008974865078926086	0.008446319960057735	0.16545434296131134	0.005099233705550432	0.14251570403575897	0.3373353183269501	0.0046238466165959835	0.008710773661732674	0.026844922453165054	0.006023212801665068
1023	neutral	../final/models/models_2nd_run/model2_10	../final/models/models_2nd_run/model2_10	neutral	0.32995325326919556	0.32995325326919556	0.026813091710209846	0.013563142158091068	0.018542880192399025	0.10859861969947815	0.010675697587430477	0.13170625269412994	0.2767975926399231	0.008729610592126846	0.027779141440987587	0.03918645530939102	0.007654348388314247
222	fear	../final/models/models_2nd_run/model2_10	../final/models/models_2nd_run/model2_10	nervousness	0.6896207332611084	0.024853426963090897	0.6896207332611084	0.019008610397577286	0.009064720012247562	0.015016294084489346	0.18607422709465027	0.013626684434711933	0.015268471091985703	0.005288412794470787	0.013263232074677944	0.003142201341688633	0.005773079581558704
179	joy	../final/models/models_2nd_run/model2_10	../final/models/models_2nd_run/model2_10	joy	0.5375715494155884	0.19992537796497345	0.0034248593728989363	0.004640065133571625	0.002445744350552559	0.03265110403299332	0.002591012278571725	0.5375715494155884	0.1958666294813156	0.0032159558031708	0.004312262870371342	0.009125549346208572	0.004229891113936901
868	excitement	../final/models/models_2nd_run/model2_10	../final/models/models_2nd_run/model2_10	excitement	0.7781882882118225	0.07590383291244507	0.005093415733426809	0.003850008128210902	0.0033253903966397047	0.01557995192706585	0.00374678079970181	0.08275424689054489	0.7781882882118225	0.0035712826065719128	0.005742938723415136	0.01820281893014908	0.004041085485368967
99	disgust	../final/models/models_2nd_run/model2_10	../final/models/models_2nd_run/model2_10	neutral	0.3043991029262543	0.3043991029262543	0.1851620376110077	0.07559292018413544	0.06785637140274048	0.11226581782102585	0.04685832932591438	0.05196653679013252	0.04409100487828255	0.047608815133571625	0.024384988471865654	0.017934022471308708	0.02187994122505188
757	joy	../final/models/models_2nd_run/model2_10	../final/models/models_2nd_run/model2_10	joy	0.46538224816322327	0.18388789892196655	0.004774945322424173	0.006287834607064724	0.003759639570489526	0.06398115307092667	0.003107833443209529	0.46538224816322327	0.24344611167907715	0.0032650113571435213	0.005474402569234371	0.01276353932917118	0.0038694506511092186
521	neutral	../final/models/models_2nd_run/model2_10	../final/models/models_2nd_run/model2_10	joy	0.3767598271369934	0.25258028507232666	0.008776841685175896	0.01274302788078785	0.006222398020327091	0.15826454758644104	0.0034294957295060158	0.3767598271369934	0.1552160233259201	0.0043592932634055614	0.0049170441925525665	0.010851351544260979	0.005879778414964676
761	confusion	../final/models/models_2nd_run/model2_10	../final/models/models_2nd_run/model2_10	neutral	0.5953378677368164	0.5953378677368164	0.07086231559515	0.024179410189390182	0.016317524015903473	0.08398381620645523	0.02514103800058365	0.05178622156381607	0.06098764017224312	0.010593032464385033	0.03384026139974594	0.01372093427926302	0.013250020332634449
22	surprise	../final/models/models_2nd_run/model2_10	../final/models/models_2nd_run/model2_10	disgust	0.27618902921676636	0.1056852862238884	0.19895899295806885	0.13981981575489044	0.0694437175989151	0.019023604691028595	0.05000106990337372	0.010755919851362705	0.01145801693201065	0.27618902921676636	0.011288683861494064	0.005229929927736521	0.10214593261480331
356	neutral	../final/models/models_2nd_run/model2_10	../final/models/models_2nd_run/model2_10	neutral	0.34360647201538086	0.34360647201538086	0.020357856526970863	0.009728346019983292	0.010993875563144684	0.1950468122959137	0.006867768708616495	0.23233634233474731	0.1406051069498062	0.006706677842885256	0.012561950832605362	0.014380155131220818	0.006808632984757423
733	confusion	../final/models/models_2nd_run/model2_10	../final/models/models_2nd_run/model2_10	nervousness	0.5000565648078918	0.10306094586849213	0.5000565648078918	0.07622329890727997	0.043280575424432755	0.040859658271074295	0.10060051083564758	0.022701287642121315	0.020099887624382973	0.010196449235081673	0.06580094248056412	0.00843773316591978	0.008682161569595337
1055	excitement	../final/models/models_2nd_run/model2_10	../final/models/models_2nd_run/model2_10	pride	0.7984335422515869	0.047004394233226776	0.014288666658103466	0.004820595029741526	0.015111253596842289	0.7984335422515869	0.0031006927601993084	0.05275634303689003	0.04436099901795387	0.0033083835151046515	0.00602948572486639	0.00503974175080657	0.005745778791606426
1178	neutral	../final/models/models_2nd_run/model2_10	../final/models/models_2nd_run/model2_10	neutral	0.301165372133255	0.301165372133255	0.014617123641073704	0.009295095689594746	0.009147140197455883	0.14085052907466888	0.006138625554740429	0.2832174599170685	0.19767561554908752	0.006080393213778734	0.010186875239014626	0.01612979546189308	0.005496019963175058
611	joy	../final/models/models_2nd_run/model2_10	../final/models/models_2nd_run/model2_10	excitement	0.45709413290023804	0.2192133367061615	0.009242963045835495	0.006513714324682951	0.007929730229079723	0.06272704154253006	0.006397988647222519	0.18581484258174896	0.45709413290023804	0.008257390931248665	0.010295932181179523	0.020753515884280205	0.005759395193308592
1245	joy	../final/models/models_2nd_run/model2_10	../final/models/models_2nd_run/model2_10	neutral	0.505926787853241	0.505926787853241	0.010046139359474182	0.009351903572678566	0.007276458200067282	0.1086542010307312	0.004712906666100025	0.18396976590156555	0.1307811141014099	0.00617809547111392	0.01018708385527134	0.013942777179181576	0.00897272489964962
340	excitement	../final/models/models_2nd_run/model2_10	../final/models/models_2nd_run/model2_10	pride	0.2854919135570526	0.17602477967739105	0.011987835168838501	0.007033714558929205	0.008609992451965809	0.2854919135570526	0.0044466592371463776	0.21918006241321564	0.2538014054298401	0.004500624258071184	0.008307639509439468	0.01483690645545721	0.005778464023023844
431	neutral	../final/models/models_2nd_run/model2_10	../final/models/models_2nd_run/model2_10	pride	0.8715636134147644	0.025655807927250862	0.015644496306777	0.0033277126494795084	0.02336280792951584	0.8715636134147644	0.0030729430727660656	0.019772566854953766	0.019067568704485893	0.003427417716011405	0.005417198874056339	0.003458464052528143	0.006229419261217117
879	excitement	../final/models/models_2nd_run/model2_10	../final/models/models_2nd_run/model2_10	joy	0.48084840178489685	0.19202609360218048	0.005934818647801876	0.005608951207250357	0.004258811939507723	0.07884220033884048	0.003480963408946991	0.48084840178489685	0.19998960196971893	0.0038054082542657852	0.008457035757601261	0.012854417786002159	0.0038932370953261852
217	pride	../final/models/models_2nd_run/model2_10	../final/models/models_2nd_run/model2_10	joy	0.49801555275917053	0.16977858543395996	0.0037058356683701277	0.0052551585249602795	0.0029122354462742805	0.03844121843576431	0.002869874471798539	0.49801555275917053	0.25250759720802307	0.0034285143483430147	0.005391017999500036	0.013619343750178814	0.004075095523148775
203	joy	../final/models/models_2nd_run/model2_10	../final/models/models_2nd_run/model2_10	joy	0.527767539024353	0.19938591122627258	0.0053290012292563915	0.012168925255537033	0.004272505175322294	0.040118101984262466	0.003100296715274453	0.527767539024353	0.17852143943309784	0.0039062239229679108	0.005201118532568216	0.01680110953748226	0.0034278263337910175
1255	nervousness	../final/models/models_2nd_run/model2_10	../final/models/models_2nd_run/model2_10	excitement	0.40172117948532104	0.3009165823459625	0.009624062106013298	0.00826902687549591	0.005817570723593235	0.05288100615143776	0.006656336132436991	0.17736291885375977	0.40172117948532104	0.006420607212930918	0.00622266810387373	0.017881054431200027	0.0062269605696201324
1036	neutral	../final/models/models_2nd_run/model2_10	../final/models/models_2nd_run/model2_10	neutral	0.26820871233940125	0.26820871233940125	0.19617454707622528	0.0843517929315567	0.11281003057956696	0.06858101487159729	0.05786562338471413	0.036294497549533844	0.03771977871656418	0.08178595453500748	0.013660143129527569	0.020549187436699867	0.021998699754476547
93	joy	../final/models/models_2nd_run/model2_10	../final/models/models_2nd_run/model2_10	joy	0.37893468141555786	0.2498164176940918	0.009047615341842175	0.008632459677755833	0.006258311215788126	0.19704177975654602	0.0038151175249367952	0.37893468141555786	0.11973944306373596	0.004799777641892433	0.007178508210927248	0.008109298534691334	0.006626605521887541
898	neutral	../final/models/models_2nd_run/model2_10	../final/models/models_2nd_run/model2_10	joy	0.36228957772254944	0.2684013545513153	0.010662825778126717	0.007720432244241238	0.008222841657698154	0.1190389022231102	0.004226270131766796	0.36228957772254944	0.1836773157119751	0.005419139284640551	0.010355118662118912	0.01558484137058258	0.004401588346809149
68	surprise	../final/models/models_2nd_run/model2_10	../final/models/models_2nd_run/model2_10	neutral	0.2585543692111969	0.2585543692111969	0.16910679638385773	0.05325678363442421	0.0639299675822258	0.185935378074646	0.03556593134999275	0.10337922722101212	0.07601264119148254	0.012352379970252514	0.01833903230726719	0.014465096406638622	0.009102367796003819
1013	fear	../final/models/models_2nd_run/model2_10	../final/models/models_2nd_run/model2_10	nervousness	0.5771497488021851	0.07701858133077621	0.5771497488021851	0.046234194189310074	0.028407910838723183	0.04103323072195053	0.14177078008651733	0.023477617651224136	0.021614545956254005	0.01032034121453762	0.017739178612828255	0.005829803179949522	0.009403985925018787
284	joy	../final/models/models_2nd_run/model2_10	../final/models/models_2nd_run/model2_10	joy	0.3092595934867859	0.22040008008480072	0.009217370301485062	0.0077186762355268	0.006631571799516678	0.23146985471248627	0.003260928438976407	0.3092595934867859	0.18600988388061523	0.004191831685602665	0.00581506360322237	0.009337203577160835	0.006687934976071119
696	excitement	../final/models/models_2nd_run/model2_10	../final/models/models_2nd_run/model2_10	excitement	0.7600600123405457	0.08143971860408783	0.0041296170093119144	0.0034386261831969023	0.003119765082374215	0.022469187155365944	0.0036588364746421576	0.08124671131372452	0.7600600123405457	0.0029996265657246113	0.004961735103279352	0.028410309925675392	0.004065949935466051
85	joy	../final/models/models_2nd_run/model2_10	../final/models/models_2nd_run/model2_10	joy	0.5392681956291199	0.15005040168762207	0.005110511090606451	0.006415028125047684	0.0039099715650081635	0.08181755244731903	0.0027869625482708216	0.5392681956291199	0.19030259549617767	0.00342037295922637	0.0045232102274894714	0.008216742426156998	0.004178416915237904
434	joy	../final/models/models_2nd_run/model2_10	../final/models/models_2nd_run/model2_10	joy	0.33617228269577026	0.21070800721645355	0.008075064048171043	0.01071027759462595	0.007357107941061258	0.16050678491592407	0.004163589794188738	0.33617228269577026	0.23174388706684113	0.0058918241411447525	0.005328401457518339	0.012123922817409039	0.007218944374471903
894	neutral	../final/models/models_2nd_run/model2_10	../final/models/models_2nd_run/model2_10	neutral	0.46058231592178345	0.46058231592178345	0.04165196791291237	0.022131944075226784	0.02459089457988739	0.21292641758918762	0.014366173185408115	0.0910709872841835	0.068919338285923	0.013537743128836155	0.018768686801195145	0.016650494188070297	0.014803050085902214
153	joy	../final/models/models_2nd_run/model2_10	../final/models/models_2nd_run/model2_10	neutral	0.45271649956703186	0.45271649956703186	0.010951259173452854	0.013000180013477802	0.008341546170413494	0.12369666993618011	0.004850880242884159	0.226581409573555	0.12774883210659027	0.005639039911329746	0.006404734216630459	0.012863760814070702	0.007205161266028881
75	nervousness	../final/models/models_2nd_run/model2_10	../final/models/models_2nd_run/model2_10	nervousness	0.5209567546844482	0.08660183101892471	0.5209567546844482	0.0731872096657753	0.049014266580343246	0.02912268228828907	0.08483041822910309	0.016462292522192	0.012192605063319206	0.07732352614402771	0.014857294969260693	0.003997286316007376	0.031453803181648254
1106	sadness	../final/models/models_2nd_run/model2_10	../final/models/models_2nd_run/model2_10	neutral	0.2595275044441223	0.2595275044441223	0.23675662279129028	0.10237898677587509	0.05026902258396149	0.13967455923557281	0.05588458850979805	0.05635715276002884	0.04375799372792244	0.0145306047052145	0.015240436419844627	0.011238537728786469	0.014383961446583271
789	neutral	../final/models/models_2nd_run/model2_10	../final/models/models_2nd_run/model2_10	neutral	0.31557154655456543	0.31557154655456543	0.022080203518271446	0.01019231230020523	0.013878105208277702	0.27807775139808655	0.008591221645474434	0.18412743508815765	0.12561649084091187	0.007932694628834724	0.013319008983671665	0.01116133388131857	0.009451971389353275
580	neutral	../final/models/models_2nd_run/model2_10	../final/models/models_2nd_run/model2_10	joy	0.39726385474205017	0.24730873107910156	0.010183344595134258	0.008301034569740295	0.006216813810169697	0.1801130324602127	0.004177662078291178	0.39726385474205017	0.11944480985403061	0.004684613086283207	0.007673958316445351	0.008769044652581215	0.005863047670572996
446	excitement	../final/models/models_2nd_run/model2_10	../final/models/models_2nd_run/model2_10	neutral	0.5208009481430054	0.5208009481430054	0.012867596000432968	0.01629370078444481	0.00919313170015812	0.07689843326807022	0.007761293090879917	0.21168828010559082	0.10219039022922516	0.009870977140963078	0.008753444999456406	0.01412481814622879	0.00955695565789938
703	pride	../final/models/models_2nd_run/model2_10	../final/models/models_2nd_run/model2_10	neutral	0.7852379679679871	0.7852379679679871	0.01875128783285618	0.008613319136202335	0.007210870273411274	0.07651953399181366	0.010039550252258778	0.028029220178723335	0.031353969126939774	0.0067886244505643845	0.00801508966833353	0.007200267165899277	0.012240301817655563
188	nervousness	../final/models/models_2nd_run/model2_10	../final/models/models_2nd_run/model2_10	joy	0.3495619297027588	0.15327641367912292	0.07451856136322021	0.016515694558620453	0.010176976211369038	0.0877159982919693	0.015616643242537975	0.3495619297027588	0.2572453022003174	0.004647744819521904	0.010360452346503735	0.015782834962010384	0.0045815566554665565
271	neutral	../final/models/models_2nd_run/model2_10	../final/models/models_2nd_run/model2_10	neutral	0.41175901889801025	0.41175901889801025	0.022727152332663536	0.011084788478910923	0.011178463697433472	0.27409663796424866	0.007076786365360022	0.133775994181633	0.09226074069738388	0.006186254788190126	0.00976677518337965	0.011218523606657982	0.008868840523064137
236	joy	../final/models/models_2nd_run/model2_10	../final/models/models_2nd_run/model2_10	neutral	0.3800104260444641	0.3800104260444641	0.007375421933829784	0.010010575875639915	0.005908344406634569	0.06382554024457932	0.0045656124129891396	0.24675044417381287	0.24113264679908752	0.004471717868000269	0.008650626987218857	0.021695656701922417	0.005602923221886158
487	pride	../final/models/models_2nd_run/model2_10	../final/models/models_2nd_run/model2_10	neutral	0.3010292947292328	0.3010292947292328	0.08772371709346771	0.04088969528675079	0.03392886742949486	0.27562132477760315	0.016348207369446754	0.12833349406719208	0.06507446616888046	0.011970161460340023	0.019272975623607635	0.01021101139485836	0.009596684947609901
1229	nervousness	../final/models/models_2nd_run/model2_10	../final/models/models_2nd_run/model2_10	nervousness	0.3862400949001312	0.1080937460064888	0.3862400949001312	0.060927875339984894	0.12650853395462036	0.08179692178964615	0.060571473091840744	0.0419125109910965	0.03801882639527321	0.02273687534034252	0.03652355074882507	0.021548284217715263	0.01512136496603489
559	fear	../final/models/models_2nd_run/model2_10	../final/models/models_2nd_run/model2_10	neutral	0.34357717633247375	0.34357717633247375	0.17210137844085693	0.12629574537277222	0.06260254234075546	0.09517741203308105	0.04691994935274124	0.03991442918777466	0.028190871700644493	0.023760180920362473	0.03063015639781952	0.014133987948298454	0.016696136444807053
117	excitement	../final/models/models_2nd_run/model2_10	../final/models/models_2nd_run/model2_10	pride	0.48819512128829956	0.17986658215522766	0.019757812842726707	0.009075735695660114	0.015132741071283817	0.48819512128829956	0.005279735662043095	0.1315045952796936	0.12106594443321228	0.004906700924038887	0.008515755645930767	0.00875023938715458	0.007949044927954674
637	joy	../final/models/models_2nd_run/model2_10	../final/models/models_2nd_run/model2_10	excitement	0.8480242490768433	0.04689847305417061	0.002138423267751932	0.0022182846441864967	0.0018510660156607628	0.011630930937826633	0.0020052490290254354	0.0589563250541687	0.8480242490768433	0.00168596301227808	0.0023142010904848576	0.019995613023638725	0.0022812229581177235
1143	joy	../final/models/models_2nd_run/model2_10	../final/models/models_2nd_run/model2_10	neutral	0.30180224776268005	0.30180224776268005	0.02856394089758396	0.013033057563006878	0.014494992792606354	0.2807057201862335	0.00791999138891697	0.1825282871723175	0.12813088297843933	0.006379776634275913	0.014573764987289906	0.013885121792554855	0.007982185110449791
801	embarrassment	../final/models/models_2nd_run/model2_10	../final/models/models_2nd_run/model2_10	neutral	0.2735271453857422	0.2735271453857422	0.04768426716327667	0.0729040652513504	0.07663647085428238	0.03806520998477936	0.03082207590341568	0.1615280956029892	0.09269141405820847	0.1485789567232132	0.016705229878425598	0.022040991112589836	0.018816107884049416
750	neutral	../final/models/models_2nd_run/model2_10	../final/models/models_2nd_run/model2_10	neutral	0.33765947818756104	0.33765947818756104	0.1296735554933548	0.12056942284107208	0.08092989027500153	0.12887577712535858	0.02904803864657879	0.07420172542333603	0.03841843828558922	0.023584239184856415	0.011985371820628643	0.009609314613044262	0.015444716438651085
512	anger	../final/models/models_2nd_run/model2_10	../final/models/models_2nd_run/model2_10	neutral	0.28558677434921265	0.28558677434921265	0.17554275691509247	0.08424753695726395	0.05631105229258537	0.16849052906036377	0.02319479174911976	0.05845647677779198	0.033877015113830566	0.033035747706890106	0.009264130145311356	0.009245295077562332	0.06274792551994324
633	excitement	../final/models/models_2nd_run/model2_10	../final/models/models_2nd_run/model2_10	sadness	0.26038169860839844	0.24971716105937958	0.16021712124347687	0.26038169860839844	0.06286613643169403	0.08839292079210281	0.03942515328526497	0.04982169345021248	0.026785220950841904	0.02981637232005596	0.009064569137990475	0.007219533436000347	0.016292324289679527
936	joy	../final/models/models_2nd_run/model2_10	../final/models/models_2nd_run/model2_10	neutral	0.37407156825065613	0.37407156825065613	0.0070218853652477264	0.009176571853458881	0.005166407208889723	0.06382404267787933	0.004671071190387011	0.2580249607563019	0.2401864379644394	0.00491345813497901	0.008197754621505737	0.018733559176325798	0.00601221714168787
1079	neutral	../final/models/models_2nd_run/model2_10	../final/models/models_2nd_run/model2_10	neutral	0.34849628806114197	0.34849628806114197	0.019264554604887962	0.008134211413562298	0.011435643769800663	0.26051726937294006	0.006114112678915262	0.19078077375888824	0.11362368613481522	0.006010763812810183	0.015071322210133076	0.013480952940881252	0.007070289924740791
962	surprise	../final/models/models_2nd_run/model2_10	../final/models/models_2nd_run/model2_10	joy	0.4440060555934906	0.2585003077983856	0.007865826599299908	0.011681164614856243	0.005042878910899162	0.052188728004693985	0.004805846605449915	0.4440060555934906	0.18736857175827026	0.005039133597165346	0.005973522085696459	0.013510200195014477	0.0040177637711167336
126	neutral	../final/models/models_2nd_run/model2_10	../final/models/models_2nd_run/model2_10	neutral	0.32697826623916626	0.32697826623916626	0.014548081904649734	0.011270204558968544	0.0073434109799563885	0.16038785874843597	0.006091310176998377	0.3092701733112335	0.13577638566493988	0.004872741177678108	0.007542282342910767	0.0085322055965662	0.007387135643512011
790	neutral	../final/models/models_2nd_run/model2_10	../final/models/models_2nd_run/model2_10	neutral	0.31385597586631775	0.31385597586631775	0.020877137780189514	0.007733829785138369	0.011618619784712791	0.28445398807525635	0.006449186243116856	0.1779315173625946	0.1270376443862915	0.005966442171484232	0.019225383177399635	0.0174045842140913	0.007445719558745623
829	joy	../final/models/models_2nd_run/model2_10	../final/models/models_2nd_run/model2_10	neutral	0.46205854415893555	0.46205854415893555	0.013809175230562687	0.011002092622220516	0.009111852385103703	0.11532799899578094	0.006664081942290068	0.204326793551445	0.13552410900592804	0.007227635011076927	0.012118673883378506	0.016035407781600952	0.006793614476919174
116	excitement	../final/models/models_2nd_run/model2_10	../final/models/models_2nd_run/model2_10	excitement	0.8323668837547302	0.06290000677108765	0.005369475577026606	0.0029883822426199913	0.002590546617284417	0.015462150797247887	0.003916121553629637	0.049814507365226746	0.8323668837547302	0.00251475116237998	0.004223824478685856	0.01387269888073206	0.003980622161179781
473	embarrassment	../final/models/models_2nd_run/model2_10	../final/models/models_2nd_run/model2_10	fear	0.6930639147758484	0.016232019290328026	0.10865777730941772	0.02722509205341339	0.019095102325081825	0.0030359230004251003	0.6930639147758484	0.0066943420097231865	0.003548165550455451	0.1002383902668953	0.012248359620571136	0.003821160178631544	0.006139731965959072
740	excitement	../final/models/models_2nd_run/model2_10	../final/models/models_2nd_run/model2_10	neutral	0.5472611784934998	0.5472611784934998	0.057400062680244446	0.05342745780944824	0.028192982077598572	0.10630872845649719	0.022144485265016556	0.07659420371055603	0.048889048397541046	0.018829165026545525	0.013689630664885044	0.011751334182918072	0.015511627309024334
1074	neutral	../final/models/models_2nd_run/model2_10	../final/models/models_2nd_run/model2_10	neutral	0.3781452775001526	0.3781452775001526	0.062135644257068634	0.04120001941919327	0.04881657660007477	0.15880948305130005	0.017206894233822823	0.14252716302871704	0.08352906256914139	0.019017023965716362	0.01581943780183792	0.02116173319518566	0.011631651781499386
57	joy	../final/models/models_2nd_run/model2_10	../final/models/models_2nd_run/model2_10	excitement	0.43982329964637756	0.16925939917564392	0.004213918466120958	0.004563681781291962	0.004040746483951807	0.08458657562732697	0.002689284970983863	0.261303573846817	0.43982329964637756	0.0031755072996020317	0.005089184269309044	0.017187582328915596	0.004067303612828255
603	excitement	../final/models/models_2nd_run/model2_10	../final/models/models_2nd_run/model2_10	neutral	0.4682023823261261	0.4682023823261261	0.012421071529388428	0.01526701357215643	0.010743857361376286	0.11577899754047394	0.007296199910342693	0.1577523946762085	0.1612020879983902	0.00740927504375577	0.01049711462110281	0.02295796200633049	0.01047164760529995
786	neutral	../final/models/models_2nd_run/model2_10	../final/models/models_2nd_run/model2_10	nervousness	0.23466019332408905	0.22279183566570282	0.23466019332408905	0.22534498572349548	0.04685228690505028	0.03476465120911598	0.07553578913211823	0.04650862142443657	0.031323667615652084	0.0466482974588871	0.014792069792747498	0.010026373900473118	0.010751350782811642
830	joy	../final/models/models_2nd_run/model2_10	../final/models/models_2nd_run/model2_10	joy	0.5365185141563416	0.17176522314548492	0.004916343372315168	0.006526028737425804	0.0034031039103865623	0.05012156069278717	0.003397840540856123	0.5365185141563416	0.20120783150196075	0.0029159081168472767	0.005592185538262129	0.010494892485439777	0.003140616463497281
119	neutral	../final/models/models_2nd_run/model2_10	../final/models/models_2nd_run/model2_10	joy	0.3380064368247986	0.1966569870710373	0.013153403997421265	0.013715909793972969	0.010162620805203915	0.05559440329670906	0.007444228511303663	0.3380064368247986	0.31893670558929443	0.013506953604519367	0.007786005735397339	0.017752446234226227	0.007283845916390419
656	pride	../final/models/models_2nd_run/model2_10	../final/models/models_2nd_run/model2_10	neutral	0.3136409819126129	0.3136409819126129	0.009661094285547733	0.006646142806857824	0.008233356289565563	0.17774708569049835	0.004175246227532625	0.20222504436969757	0.2399192750453949	0.005902796518057585	0.007303914055228233	0.0177888423204422	0.006756266579031944
1214	excitement	../final/models/models_2nd_run/model2_10	../final/models/models_2nd_run/model2_10	excitement	0.8681384921073914	0.047724176198244095	0.003850182518362999	0.0024604618083685637	0.002037655794993043	0.008271077647805214	0.003446737304329872	0.038803793489933014	0.8681384921073914	0.002460306975990534	0.0033162396866828203	0.015591016970574856	0.0038998920936137438
669	neutral	../final/models/models_2nd_run/model2_10	../final/models/models_2nd_run/model2_10	neutral	0.4490787088871002	0.4490787088871002	0.02960427664220333	0.020066991448402405	0.05134759470820427	0.1947866827249527	0.008666791021823883	0.0843137875199318	0.07077094912528992	0.02415565401315689	0.023320436477661133	0.03054509498178959	0.013343076221644878
105	sadness	../final/models/models_2nd_run/model2_10	../final/models/models_2nd_run/model2_10	sadness	0.6150088906288147	0.0422268770635128	0.17102888226509094	0.6150088906288147	0.04657041281461716	0.013909335248172283	0.03375589847564697	0.01263832114636898	0.005571610759943724	0.007557831238955259	0.040672849863767624	0.005513226147741079	0.005545909982174635
635	neutral	../final/models/models_2nd_run/model2_10	../final/models/models_2nd_run/model2_10	joy	0.4626650810241699	0.32549306750297546	0.009943222627043724	0.014329277910292149	0.005731617566198111	0.03386164829134941	0.006026120390743017	0.4626650810241699	0.10183640569448471	0.0073790596798062325	0.009372251108288765	0.01789531670510769	0.005466926377266645
369	neutral	../final/models/models_2nd_run/model2_10	../final/models/models_2nd_run/model2_10	neutral	0.3043460547924042	0.3043460547924042	0.011321509256958961	0.007976105436682701	0.009519833140075207	0.10264608263969421	0.0053016203455626965	0.2945830523967743	0.2147771120071411	0.006873370613902807	0.011002554558217525	0.02604643441736698	0.0056062801741063595
268	neutral	../final/models/models_2nd_run/model2_10	../final/models/models_2nd_run/model2_10	joy	0.5184011459350586	0.16356700658798218	0.004819425288587809	0.004876023158431053	0.003623658325523138	0.02716768905520439	0.00375120691023767	0.5184011459350586	0.2426050305366516	0.004796453285962343	0.008334961719810963	0.01247113011777401	0.005586239043623209
655	neutral	../final/models/models_2nd_run/model2_10	../final/models/models_2nd_run/model2_10	neutral	0.32489630579948425	0.32489630579948425	0.03638708218932152	0.015050265938043594	0.0489245168864727	0.10685109347105026	0.013193102553486824	0.10858968645334244	0.15943574905395508	0.013395523652434349	0.03658680617809296	0.1305241882801056	0.006165658589452505
819	joy	../final/models/models_2nd_run/model2_10	../final/models/models_2nd_run/model2_10	neutral	0.3154987096786499	0.3154987096786499	0.01738041825592518	0.006809629965573549	0.01003142911940813	0.29039281606674194	0.005276999436318874	0.1877169907093048	0.1285097897052765	0.005857511889189482	0.01315164752304554	0.011901624500751495	0.007472577039152384
822	excitement	../final/models/models_2nd_run/model2_10	../final/models/models_2nd_run/model2_10	neutral	0.3703572452068329	0.3703572452068329	0.03177223354578018	0.011244943365454674	0.01868532784283161	0.2783181667327881	0.009357876144349575	0.11313586682081223	0.11317822337150574	0.007958568632602692	0.020192869007587433	0.016596749424934387	0.009201815351843834
953	pride	../final/models/models_2nd_run/model2_10	../final/models/models_2nd_run/model2_10	pride	0.8476560115814209	0.03873465210199356	0.015836698934435844	0.0037135675083845854	0.018375303596258163	0.8476560115814209	0.003231712384149432	0.025239650160074234	0.026721147820353508	0.0033133660908788443	0.00567496195435524	0.004680002108216286	0.006822871044278145
46	nervousness	../final/models/models_2nd_run/model2_10	../final/models/models_2nd_run/model2_10	pride	0.813946545124054	0.046921346336603165	0.019458217546343803	0.004704946652054787	0.02355942688882351	0.813946545124054	0.003672333899885416	0.03348958119750023	0.03073873557150364	0.004338990431278944	0.006289147771894932	0.00522037735208869	0.00766031863167882
349	surprise	../final/models/models_2nd_run/model2_10	../final/models/models_2nd_run/model2_10	excitement	0.659611165523529	0.08386718481779099	0.0031588177662342787	0.0034486541990190744	0.0025833675172179937	0.030700087547302246	0.0028807043563574553	0.18652020394802094	0.659611165523529	0.0023525282740592957	0.0038675619289278984	0.01826825924217701	0.0027414949145168066
1098	neutral	../final/models/models_2nd_run/model2_10	../final/models/models_2nd_run/model2_10	joy	0.45447787642478943	0.2603236436843872	0.005621002055704594	0.005598046816885471	0.004026999231427908	0.046894315630197525	0.003843166632577777	0.45447787642478943	0.1881428360939026	0.005057587753981352	0.008362901397049427	0.013002759777009487	0.004648899659514427
876	disgust	../final/models/models_2nd_run/model2_10	../final/models/models_2nd_run/model2_10	sadness	0.24059158563613892	0.19321471452713013	0.16564281284809113	0.24059158563613892	0.12101339548826218	0.07842838019132614	0.02816416136920452	0.04649972915649414	0.030186282470822334	0.03789897635579109	0.024828268215060234	0.017794866114854813	0.015736985951662064
773	pride	../final/models/models_2nd_run/model2_10	../final/models/models_2nd_run/model2_10	neutral	0.5845990180969238	0.5845990180969238	0.013216638937592506	0.01180427148938179	0.01035038847476244	0.0811261236667633	0.0070537393912673	0.09924095124006271	0.13851159811019897	0.012629633769392967	0.008799836039543152	0.02107382006943226	0.011593909934163094
195	neutral	../final/models/models_2nd_run/model2_10	../final/models/models_2nd_run/model2_10	disgust	0.3612250089645386	0.12655232846736908	0.04309815913438797	0.07513168454170227	0.051422130316495895	0.02428550459444523	0.012908660806715488	0.03413752093911171	0.019680971279740334	0.3612250089645386	0.010728535242378712	0.007544894237071276	0.23328456282615662
102	pride	../final/models/models_2nd_run/model2_10	../final/models/models_2nd_run/model2_10	excitement	0.4867522418498993	0.1577373594045639	0.004686699714511633	0.006660047452896833	0.003560154465958476	0.027652177959680557	0.0036529740318655968	0.2774345278739929	0.4867522418498993	0.003662694478407502	0.00547164399176836	0.018961120396852493	0.003768326248973608
4	joy	../final/models/models_2nd_run/model2_10	../final/models/models_2nd_run/model2_10	joy	0.516960620880127	0.21317017078399658	0.010165045037865639	0.023570703342556953	0.005135474260896444	0.059118419885635376	0.004921876359730959	0.516960620880127	0.14193175733089447	0.0035689726937562227	0.00570830050855875	0.011930040083825588	0.003818604862317443
619	surprise	../final/models/models_2nd_run/model2_10	../final/models/models_2nd_run/model2_10	neutral	0.5458987951278687	0.5458987951278687	0.07415832579135895	0.03364110365509987	0.03616062551736832	0.1313832551240921	0.025114553049206734	0.04569284990429878	0.04202169552445412	0.020477956160902977	0.015951283276081085	0.012768330052495003	0.016731156036257744
571	excitement	../final/models/models_2nd_run/model2_10	../final/models/models_2nd_run/model2_10	joy	0.3705501854419708	0.24406661093235016	0.007877503521740437	0.007762077264487743	0.005341008305549622	0.06783539801836014	0.004022242035716772	0.3705501854419708	0.2581258714199066	0.004829351790249348	0.006402062717825174	0.017430398613214493	0.005757267586886883
52	excitement	../final/models/models_2nd_run/model2_10	../final/models/models_2nd_run/model2_10	excitement	0.38776469230651855	0.225568950176239	0.008381752297282219	0.00941139180213213	0.007605381775647402	0.08140062540769577	0.004624349530786276	0.220040425658226	0.38776469230651855	0.006066434551030397	0.006428207736462355	0.03714442625641823	0.005563386250287294
263	neutral	../final/models/models_2nd_run/model2_10	../final/models/models_2nd_run/model2_10	neutral	0.33799973130226135	0.33799973130226135	0.024524370208382607	0.033086199313402176	0.02324831113219261	0.3268580734729767	0.00805888045579195	0.107935830950737	0.09328312426805496	0.008592283353209496	0.007508984766900539	0.014772897586226463	0.014131312258541584
1159	excitement	../final/models/models_2nd_run/model2_10	../final/models/models_2nd_run/model2_10	joy	0.4768028259277344	0.2051624208688736	0.007356876041740179	0.007971657440066338	0.004892041441053152	0.07602523267269135	0.0037439714651554823	0.4768028259277344	0.1876530647277832	0.004356795456260443	0.007588489912450314	0.013596801087260246	0.004849693737924099
443	joy	../final/models/models_2nd_run/model2_10	../final/models/models_2nd_run/model2_10	pride	0.3334232270717621	0.22362551093101501	0.018061621114611626	0.009107030928134918	0.01617487333714962	0.3334232270717621	0.00582075072452426	0.18152368068695068	0.1711086928844452	0.006893892306834459	0.010849080048501492	0.0149617251008749	0.008449876680970192
1138	joy	../final/models/models_2nd_run/model2_10	../final/models/models_2nd_run/model2_10	joy	0.5040299892425537	0.15944191813468933	0.004265398718416691	0.004114513751119375	0.0028495604638010263	0.050600167363882065	0.0029394254088401794	0.5040299892425537	0.2481420934200287	0.0032003489322960377	0.0062354258261621	0.010378138162195683	0.0038029758725315332
782	nervousness	../final/models/models_2nd_run/model2_10	../final/models/models_2nd_run/model2_10	nervousness	0.3668053150177002	0.11335812509059906	0.3668053150177002	0.018521351739764214	0.016004668548703194	0.07506643980741501	0.0860523208975792	0.07939529418945312	0.20785920321941376	0.007614896632730961	0.0120060034096241	0.009694527834653854	0.0076219444163143635
837	neutral	../final/models/models_2nd_run/model2_10	../final/models/models_2nd_run/model2_10	neutral	0.3924608826637268	0.3924608826637268	0.022992240265011787	0.052344370633363724	0.01739443838596344	0.1330658495426178	0.007420044392347336	0.21500025689601898	0.11793966591358185	0.007577205542474985	0.00798119604587555	0.01786571368575096	0.007958147674798965
1047	excitement	../final/models/models_2nd_run/model2_10	../final/models/models_2nd_run/model2_10	neutral	0.4072344899177551	0.4072344899177551	0.02564576454460621	0.014564871788024902	0.018557120114564896	0.22186164557933807	0.011128273792564869	0.10892987251281738	0.12488942593336105	0.009348180145025253	0.015683837234973907	0.03137476369738579	0.010781768709421158
691	joy	../final/models/models_2nd_run/model2_10	../final/models/models_2nd_run/model2_10	joy	0.3523361384868622	0.24690118432044983	0.004977116361260414	0.006330050528049469	0.004606896545737982	0.03312285616993904	0.004259216133505106	0.3523361384868622	0.3033277690410614	0.0077288709580898285	0.008472470566630363	0.020373448729515076	0.007564018480479717
304	nervousness	../final/models/models_2nd_run/model2_10	../final/models/models_2nd_run/model2_10	nervousness	0.24176859855651855	0.2290009707212448	0.24176859855651855	0.06961259990930557	0.05954712629318237	0.17102669179439545	0.041808728128671646	0.06284717470407486	0.06386253982782364	0.01690930500626564	0.0136188305914402	0.011975203640758991	0.01802217587828636
341	excitement	../final/models/models_2nd_run/model2_10	../final/models/models_2nd_run/model2_10	excitement	0.46753451228141785	0.14042970538139343	0.005073586944490671	0.0037367483600974083	0.0036552061792463064	0.08128717541694641	0.0029720766469836235	0.2655154764652252	0.46753451228141785	0.0029539819806814194	0.0069410838186740875	0.015654241666197777	0.0042462702840566635
991	joy	../final/models/models_2nd_run/model2_10	../final/models/models_2nd_run/model2_10	neutral	0.3918743431568146	0.3918743431568146	0.05847330018877983	0.06697897613048553	0.036200083792209625	0.23203423619270325	0.011237063445150852	0.10611309111118317	0.05181071162223816	0.00963372178375721	0.011033599264919758	0.012115334160625935	0.01249554194509983
313	neutral	../final/models/models_2nd_run/model2_10	../final/models/models_2nd_run/model2_10	neutral	0.4903787672519684	0.4903787672519684	0.009429004974663258	0.009620959870517254	0.009474425576627254	0.08649810403585434	0.004971565678715706	0.21862344443798065	0.12545093894004822	0.008791623637080193	0.009114742279052734	0.018847931176424026	0.008798543363809586
149	joy	../final/models/models_2nd_run/model2_10	../final/models/models_2nd_run/model2_10	neutral	0.3726794719696045	0.3726794719696045	0.01685907505452633	0.008140252903103828	0.013023652136325836	0.315071702003479	0.005132218357175589	0.1497996598482132	0.08119139075279236	0.006655371282249689	0.011567624285817146	0.009773018769919872	0.010106472298502922
124	pride	../final/models/models_2nd_run/model2_10	../final/models/models_2nd_run/model2_10	pride	0.8319567441940308	0.037123408168554306	0.017417212948203087	0.0046112919226288795	0.020069126039743423	0.8319567441940308	0.0030993535183370113	0.03373276814818382	0.03178016096353531	0.0034615807235240936	0.005748371127992868	0.004876560065895319	0.006123385392129421
1128	pride	../final/models/models_2nd_run/model2_10	../final/models/models_2nd_run/model2_10	joy	0.6571893692016602	0.15270063281059265	0.0028913281857967377	0.004469899460673332	0.0019569387659430504	0.02071191556751728	0.0025144286919385195	0.6571893692016602	0.13903087377548218	0.0030663972720503807	0.0042784069664776325	0.0075923120602965355	0.0035975337959825993
574	joy	../final/models/models_2nd_run/model2_10	../final/models/models_2nd_run/model2_10	nervousness	0.352368026971817	0.16291725635528564	0.352368026971817	0.14699076116085052	0.06369904428720474	0.06952814012765884	0.06809136271476746	0.04541640356183052	0.030530540272593498	0.02528896927833557	0.014336132444441319	0.010638449341058731	0.010194898582994938
697	nervousness	../final/models/models_2nd_run/model2_10	../final/models/models_2nd_run/model2_10	nervousness	0.7338841557502747	0.03740526735782623	0.7338841557502747	0.017800219357013702	0.01135205663740635	0.03021092899143696	0.10119739174842834	0.023631924763321877	0.021796710789203644	0.005540740210562944	0.008205607533454895	0.0036500298883765936	0.005325134843587875
664	pride	../final/models/models_2nd_run/model2_10	../final/models/models_2nd_run/model2_10	neutral	0.43229353427886963	0.43229353427886963	0.061320021748542786	0.037440571933984756	0.026051770895719528	0.174534410238266	0.01494987215846777	0.1168920174241066	0.07808218896389008	0.013202410191297531	0.016561642289161682	0.01655672863125801	0.012114866636693478
50	excitement	../final/models/models_2nd_run/model2_10	../final/models/models_2nd_run/model2_10	pride	0.609881579875946	0.08431809395551682	0.015906954184174538	0.005285004619508982	0.016525685787200928	0.609881579875946	0.003767492948099971	0.08712305128574371	0.14120717346668243	0.003601853968575597	0.011932219378650188	0.014984222128987312	0.005466524977236986
1125	pride	../final/models/models_2nd_run/model2_10	../final/models/models_2nd_run/model2_10	neutral	0.3065885901451111	0.3065885901451111	0.02417437918484211	0.011569864116609097	0.01338706910610199	0.27668002247810364	0.006562880240380764	0.2115488052368164	0.11236553639173508	0.007285610307008028	0.010662979446351528	0.010781444609165192	0.008392826654016972
726	surprise	../final/models/models_2nd_run/model2_10	../final/models/models_2nd_run/model2_10	surprise	0.5324789881706238	0.054958999156951904	0.002905396046116948	0.004843696486204863	0.006634111050516367	0.01108977384865284	0.002645128406584263	0.050880879163742065	0.31842055916786194	0.0025794198736548424	0.009798005223274231	0.5324789881706238	0.002765047363936901
799	joy	../final/models/models_2nd_run/model2_10	../final/models/models_2nd_run/model2_10	joy	0.5265458822250366	0.1473618745803833	0.005817071534693241	0.004598904866725206	0.0037695826031267643	0.11440353095531464	0.00275650923140347	0.5265458822250366	0.1741364598274231	0.0031071207486093044	0.005958683788776398	0.007624048739671707	0.003920328803360462
833	pride	../final/models/models_2nd_run/model2_10	../final/models/models_2nd_run/model2_10	neutral	0.3551611602306366	0.3551611602306366	0.00754779065027833	0.00426484365016222	0.004529605153948069	0.095816969871521	0.0035463811364024878	0.2582331895828247	0.23855604231357574	0.0046343426220119	0.008953035809099674	0.013027441687881947	0.005729158408939838
353	joy	../final/models/models_2nd_run/model2_10	../final/models/models_2nd_run/model2_10	joy	0.30954447388648987	0.2778520882129669	0.01030628103762865	0.008980884216725826	0.007926327176392078	0.15363191068172455	0.004826621152460575	0.30954447388648987	0.19294202327728271	0.005563646089285612	0.008918220177292824	0.01294073835015297	0.006566639523953199
1222	joy	../final/models/models_2nd_run/model2_10	../final/models/models_2nd_run/model2_10	neutral	0.3680390417575836	0.3680390417575836	0.013068679720163345	0.010362646542489529	0.015015414915978909	0.1148635521531105	0.007093002554029226	0.21623960137367249	0.18535743653774261	0.01306086778640747	0.02439056895673275	0.025854723528027534	0.006654488854110241
142	fear	../final/models/models_2nd_run/model2_10	../final/models/models_2nd_run/model2_10	fear	0.645784318447113	0.04227117821574211	0.20311065018177032	0.04660925641655922	0.00777940358966589	0.004950736649334431	0.645784318447113	0.012251419946551323	0.007061075419187546	0.011090250685811043	0.009572125039994717	0.0038624401204288006	0.005657184403389692
470	surprise	../final/models/models_2nd_run/model2_10	../final/models/models_2nd_run/model2_10	neutral	0.30850523710250854	0.30850523710250854	0.04067258909344673	0.027014732360839844	0.06323431432247162	0.2874829173088074	0.008522487245500088	0.11080607771873474	0.06838824599981308	0.010095360688865185	0.03938710317015648	0.02474351041018963	0.01114736683666706
882	joy	../final/models/models_2nd_run/model2_10	../final/models/models_2nd_run/model2_10	neutral	0.31980276107788086	0.31980276107788086	0.13470152020454407	0.01847289875149727	0.01875331625342369	0.20160964131355286	0.033465683460235596	0.1236870065331459	0.10375828295946121	0.008142259903252125	0.018176978453993797	0.010824033990502357	0.008605637587606907
653	pride	../final/models/models_2nd_run/model2_10	../final/models/models_2nd_run/model2_10	neutral	0.3414483666419983	0.3414483666419983	0.007224616594612598	0.00787955429404974	0.008681896142661572	0.05942799150943756	0.005762606393545866	0.28480634093284607	0.21668584644794464	0.013749305158853531	0.021420270204544067	0.025900639593601227	0.007012626621872187
399	nervousness	../final/models/models_2nd_run/model2_10	../final/models/models_2nd_run/model2_10	nervousness	0.2944531738758087	0.21894870698451996	0.2944531738758087	0.08004823327064514	0.05834813416004181	0.14406831562519073	0.06496258825063705	0.03668731078505516	0.04208957031369209	0.016276322305202484	0.019698351621627808	0.010348069481551647	0.0140712670981884
1072	neutral	../final/models/models_2nd_run/model2_10	../final/models/models_2nd_run/model2_10	neutral	0.27638018131256104	0.27638018131256104	0.021312914788722992	0.011351391673088074	0.012833814136683941	0.26328128576278687	0.0068057505413889885	0.2107776403427124	0.16007055342197418	0.006707970052957535	0.010468586347997189	0.012236934155225754	0.007772855460643768
1219	anger	../final/models/models_2nd_run/model2_10	../final/models/models_2nd_run/model2_10	neutral	0.854607105255127	0.854607105255127	0.008738518692553043	0.0162314772605896	0.005780420266091824	0.016677286475896835	0.005765066482126713	0.03143340349197388	0.025281639769673347	0.007878885604441166	0.010362394154071808	0.010338683612644672	0.006905176676809788
320	joy	../final/models/models_2nd_run/model2_10	../final/models/models_2nd_run/model2_10	neutral	0.35056599974632263	0.35056599974632263	0.024201875552535057	0.012140131555497646	0.014933799393475056	0.28762897849082947	0.007906230166554451	0.11957526206970215	0.1415441483259201	0.005951141472905874	0.010132350027561188	0.015017090365290642	0.010403070598840714
19	joy	../final/models/models_2nd_run/model2_10	../final/models/models_2nd_run/model2_10	pride	0.30274030566215515	0.19232119619846344	0.13173899054527283	0.07547805458307266	0.07957768440246582	0.30274030566215515	0.024908507242798805	0.0658627524971962	0.0726604014635086	0.01032550074160099	0.015316224656999111	0.017632776871323586	0.011437606066465378
684	pride	../final/models/models_2nd_run/model2_10	../final/models/models_2nd_run/model2_10	joy	0.4069574773311615	0.22737151384353638	0.005410768557339907	0.004166112281382084	0.003981656860560179	0.071092389523983	0.002777177607640624	0.4069574773311615	0.2515011727809906	0.004215819761157036	0.006024111527949572	0.011700029484927654	0.004801751114428043
35	anger	../final/models/models_2nd_run/model2_10	../final/models/models_2nd_run/model2_10	anger	0.6085116863250732	0.018906723707914352	0.012547020800411701	0.014709283597767353	0.010477989912033081	0.0030626971274614334	0.007121867034584284	0.0027744153048843145	0.002582996618002653	0.2912946045398712	0.024807771667838097	0.003202837659046054	0.6085116863250732
824	excitement	../final/models/models_2nd_run/model2_10	../final/models/models_2nd_run/model2_10	neutral	0.3003573417663574	0.3003573417663574	0.009993678890168667	0.0053233373910188675	0.008973837830126286	0.19604019820690155	0.004318092484027147	0.20049983263015747	0.23052676022052765	0.005403038579970598	0.00961220171302557	0.021161168813705444	0.00779049564152956
902	neutral	../final/models/models_2nd_run/model2_10	../final/models/models_2nd_run/model2_10	joy	0.3278774321079254	0.2464420646429062	0.016668343916535378	0.016151366755366325	0.015445121563971043	0.15811379253864288	0.005859408527612686	0.3278774321079254	0.1703851968050003	0.006693830713629723	0.01356430072337389	0.017525171861052513	0.0052739582024514675
505	pride	../final/models/models_2nd_run/model2_10	../final/models/models_2nd_run/model2_10	pride	0.7757904529571533	0.06441008299589157	0.01860528066754341	0.005178282503038645	0.013070001266896725	0.7757904529571533	0.004282339941710234	0.05069858580827713	0.04521419480443001	0.003967707511037588	0.006576382089406252	0.005359049420803785	0.006847596261650324
827	joy	../final/models/models_2nd_run/model2_10	../final/models/models_2nd_run/model2_10	neutral	0.3744930922985077	0.3744930922985077	0.00943351536989212	0.010891116224229336	0.008025793358683586	0.05620696395635605	0.006357329431921244	0.3238388001918793	0.1589498668909073	0.009763496927917004	0.013730659149587154	0.02153106965124607	0.006778292823582888
1137	joy	../final/models/models_2nd_run/model2_10	../final/models/models_2nd_run/model2_10	joy	0.5012251734733582	0.23216837644577026	0.004067468456923962	0.005949714686721563	0.0038191345520317554	0.04515775293111801	0.002595131052657962	0.5012251734733582	0.17889755964279175	0.0039872159250080585	0.005516399629414082	0.01216750405728817	0.004448614548891783
407	excitement	../final/models/models_2nd_run/model2_10	../final/models/models_2nd_run/model2_10	neutral	0.2921956479549408	0.2921956479549408	0.013400186784565449	0.007802392356097698	0.0074927895329892635	0.20049747824668884	0.004520999733358622	0.2682206928730011	0.1724698543548584	0.0055200387723743916	0.008261239156126976	0.013258122839033604	0.006360512692481279
920	joy	../final/models/models_2nd_run/model2_10	../final/models/models_2nd_run/model2_10	neutral	0.40693339705467224	0.40693339705467224	0.01216934248805046	0.00880863144993782	0.008414951153099537	0.11699415743350983	0.006046288181096315	0.23525582253932953	0.16049249470233917	0.007201630622148514	0.012776332907378674	0.01800057478249073	0.006906341761350632
817	neutral	../final/models/models_2nd_run/model2_10	../final/models/models_2nd_run/model2_10	joy	0.5476410388946533	0.16247673332691193	0.004388990346342325	0.005017511080950499	0.003102847607806325	0.055585019290447235	0.0028562848456203938	0.5476410388946533	0.19736938178539276	0.0031198335345834494	0.005535440053790808	0.009439288638532162	0.00346762896515429
866	surprise	../final/models/models_2nd_run/model2_10	../final/models/models_2nd_run/model2_10	excitement	0.34439846873283386	0.31611043214797974	0.015212432481348515	0.009784284047782421	0.009127272292971611	0.10249830782413483	0.007405542302876711	0.14174772799015045	0.34439846873283386	0.006496647838503122	0.009899589233100414	0.02900342456996441	0.008315887302160263
537	neutral	../final/models/models_2nd_run/model2_10	../final/models/models_2nd_run/model2_10	neutral	0.33916735649108887	0.33916735649108887	0.045646265149116516	0.04394223541021347	0.030086033046245575	0.2044142782688141	0.011802583001554012	0.17919635772705078	0.10135006159543991	0.010177121497690678	0.008980875834822655	0.014812539331614971	0.010424328967928886
758	pride	../final/models/models_2nd_run/model2_10	../final/models/models_2nd_run/model2_10	neutral	0.4121229350566864	0.4121229350566864	0.0390140563249588	0.015571678057312965	0.02497849240899086	0.2618861794471741	0.011380651965737343	0.10073789954185486	0.08042594790458679	0.010859561152756214	0.014243973419070244	0.01687920093536377	0.011899440549314022
1134	surprise	../final/models/models_2nd_run/model2_10	../final/models/models_2nd_run/model2_10	joy	0.41292861104011536	0.1629512459039688	0.004428645595908165	0.004434316884726286	0.0031468195375055075	0.04399456828832626	0.0028676146175712347	0.41292861104011536	0.33760493993759155	0.002843303605914116	0.006969078443944454	0.014447447843849659	0.0033834935165941715
1011	pride	../final/models/models_2nd_run/model2_10	../final/models/models_2nd_run/model2_10	joy	0.3271277844905853	0.32477688789367676	0.006706591695547104	0.007459262385964394	0.005495322868227959	0.05297653004527092	0.0037456126883625984	0.3271277844905853	0.22028131783008575	0.005592267960309982	0.01625627838075161	0.02356126345694065	0.006020861212164164
38	nervousness	../final/models/models_2nd_run/model2_10	../final/models/models_2nd_run/model2_10	neutral	0.27239975333213806	0.27239975333213806	0.19407135248184204	0.061320316046476364	0.03652453422546387	0.05959629639983177	0.0185480248183012	0.0335034541785717	0.016996359452605247	0.08352053910493851	0.018945029005408287	0.007420055102556944	0.1971541941165924
175	pride	../final/models/models_2nd_run/model2_10	../final/models/models_2nd_run/model2_10	joy	0.420783668756485	0.23755909502506256	0.007744830101728439	0.0073342216201126575	0.0059691742062568665	0.04871790483593941	0.005055711604654789	0.420783668756485	0.23012560606002808	0.005620439536869526	0.00910977553576231	0.016648421064019203	0.005331204738467932
245	joy	../final/models/models_2nd_run/model2_10	../final/models/models_2nd_run/model2_10	neutral	0.3674139976501465	0.3674139976501465	0.016404306516051292	0.014982313849031925	0.01549339946359396	0.06024806201457977	0.008133070543408394	0.317753404378891	0.1399805247783661	0.017517002299427986	0.014259746298193932	0.020815568044781685	0.006998542696237564
810	pride	../final/models/models_2nd_run/model2_10	../final/models/models_2nd_run/model2_10	joy	0.27534767985343933	0.2314351201057434	0.014318485744297504	0.0073412642814219	0.009902228601276875	0.18540120124816895	0.004961581435054541	0.27534767985343933	0.2335037738084793	0.0055699716322124004	0.010207433253526688	0.01611051708459854	0.005900722462683916
1151	joy	../final/models/models_2nd_run/model2_10	../final/models/models_2nd_run/model2_10	pride	0.24564017355442047	0.19820912182331085	0.05865863710641861	0.03424965590238571	0.10727773606777191	0.24564017355442047	0.012145725078880787	0.13735808432102203	0.10983728617429733	0.01617567613720894	0.02830037660896778	0.03814321383833885	0.014004330150783062
1083	pride	../final/models/models_2nd_run/model2_10	../final/models/models_2nd_run/model2_10	neutral	0.3068404495716095	0.3068404495716095	0.01932373456656933	0.009280980564653873	0.010592769831418991	0.2354040890932083	0.007771799340844154	0.18948091566562653	0.17978233098983765	0.006548941135406494	0.010235155932605267	0.016629355028271675	0.00810949131846428
1168	joy	../final/models/models_2nd_run/model2_10	../final/models/models_2nd_run/model2_10	neutral	0.37389686703681946	0.37389686703681946	0.029895709827542305	0.009569076821208	0.029752176254987717	0.2705744504928589	0.009731997735798359	0.12747567892074585	0.09041094779968262	0.013499967753887177	0.017189713194966316	0.01773831620812416	0.010265132412314415
784	embarrassment	../final/models/models_2nd_run/model2_10	../final/models/models_2nd_run/model2_10	neutral	0.30103379487991333	0.30103379487991333	0.1488792449235916	0.06840047985315323	0.03492993488907814	0.03833255171775818	0.025343315675854683	0.028549199923872948	0.013676313683390617	0.13084979355335236	0.01522041391581297	0.006709160283207893	0.18807576596736908
1256	neutral	../final/models/models_2nd_run/model2_10	../final/models/models_2nd_run/model2_10	pride	0.7078787684440613	0.09846832603216171	0.020951785147190094	0.0068710739724338055	0.021518630906939507	0.7078787684440613	0.004726479295641184	0.059553202241659164	0.04875706881284714	0.00595833919942379	0.0072041889652609825	0.006828107871115208	0.011284057050943375
489	neutral	../final/models/models_2nd_run/model2_10	../final/models/models_2nd_run/model2_10	neutral	0.371572345495224	0.371572345495224	0.10886916518211365	0.04749983921647072	0.06942606717348099	0.1298055648803711	0.03315957635641098	0.09332530200481415	0.06480006128549576	0.02030024304986	0.021800344809889793	0.029681969434022903	0.009759540669620037
154	excitement	../final/models/models_2nd_run/model2_10	../final/models/models_2nd_run/model2_10	excitement	0.5103541016578674	0.16789476573467255	0.003822554601356387	0.003860475728288293	0.003092400496825576	0.03353384509682655	0.002697291085496545	0.24303679168224335	0.5103541016578674	0.0032533803023397923	0.005229209084063768	0.01935405097901821	0.0038712373934686184
638	anger	../final/models/models_2nd_run/model2_10	../final/models/models_2nd_run/model2_10	anger	0.6357331275939941	0.10071423649787903	0.03320058435201645	0.03306300938129425	0.02021893672645092	0.037185583263635635	0.008825216442346573	0.01333097368478775	0.007984690368175507	0.10120858997106552	0.005218578036874533	0.00331647670827806	0.6357331275939941
961	neutral	../final/models/models_2nd_run/model2_10	../final/models/models_2nd_run/model2_10	neutral	0.27980461716651917	0.27980461716651917	0.1226702556014061	0.09934284538030624	0.1163262277841568	0.15617838501930237	0.026234567165374756	0.06773769855499268	0.03990158811211586	0.03793841972947121	0.02511446364223957	0.017834383994340897	0.01091645285487175
662	pride	../final/models/models_2nd_run/model2_10	../final/models/models_2nd_run/model2_10	joy	0.547073245048523	0.20499685406684875	0.006189598236232996	0.010376307182013988	0.0037630884908139706	0.048706069588661194	0.0034816924016922712	0.547073245048523	0.15338772535324097	0.0038351519033312798	0.004768362734466791	0.009888247586786747	0.003533689072355628
853	excitement	../final/models/models_2nd_run/model2_10	../final/models/models_2nd_run/model2_10	pride	0.3935003876686096	0.2575641870498657	0.03192174807190895	0.011075949296355247	0.022434530779719353	0.3935003876686096	0.009475735016167164	0.11203596740961075	0.1194302961230278	0.007786243688315153	0.011395466513931751	0.011371550150215626	0.012008024379611015
942	surprise	../final/models/models_2nd_run/model2_10	../final/models/models_2nd_run/model2_10	neutral	0.4395247995853424	0.4395247995853424	0.00977279432117939	0.008062802255153656	0.008836155757308006	0.1755908876657486	0.003770003328099847	0.2031884789466858	0.11597160249948502	0.005972399841994047	0.008655235171318054	0.012712106108665466	0.007942713797092438
287	excitement	../final/models/models_2nd_run/model2_10	../final/models/models_2nd_run/model2_10	excitement	0.6665048599243164	0.11180910468101501	0.00344755407422781	0.004105531610548496	0.0023368378169834614	0.011763012036681175	0.004075618460774422	0.16720469295978546	0.6665048599243164	0.003566219937056303	0.0043829879723489285	0.016407709568738937	0.004395874682813883
625	excitement	../final/models/models_2nd_run/model2_10	../final/models/models_2nd_run/model2_10	joy	0.5192426443099976	0.18673504889011383	0.003980493173003197	0.005369829013943672	0.003015986643731594	0.03440263122320175	0.0033812338951975107	0.5192426443099976	0.2151007205247879	0.004045502282679081	0.007094334810972214	0.01316272746771574	0.00446883961558342
1196	joy	../final/models/models_2nd_run/model2_10	../final/models/models_2nd_run/model2_10	excitement	0.5138856172561646	0.18316468596458435	0.00408320315182209	0.003700779750943184	0.003780835308134556	0.05193642899394035	0.0028324278537184	0.20511887967586517	0.5138856172561646	0.0032752342522144318	0.0053476495668292046	0.01863790675997734	0.004236358217895031
685	joy	../final/models/models_2nd_run/model2_10	../final/models/models_2nd_run/model2_10	joy	0.46585628390312195	0.20130375027656555	0.005301850847899914	0.006313980091363192	0.004026609472930431	0.054069582372903824	0.003092108527198434	0.46585628390312195	0.23526714742183685	0.003232658840715885	0.005821344442665577	0.011903674341738224	0.00381101225502789
1080	neutral	../final/models/models_2nd_run/model2_10	../final/models/models_2nd_run/model2_10	neutral	0.37807750701904297	0.37807750701904297	0.028060754761099815	0.011225945316255093	0.014411470852792263	0.26443421840667725	0.010332489386200905	0.13236482441425323	0.11335904896259308	0.00896911509335041	0.014945424161851406	0.012187320739030838	0.011631863191723824
986	neutral	../final/models/models_2nd_run/model2_10	../final/models/models_2nd_run/model2_10	nervousness	0.26531553268432617	0.24350076913833618	0.26531553268432617	0.06998329609632492	0.03299269825220108	0.15124855935573578	0.05908400937914848	0.08601203560829163	0.04907091706991196	0.009408336132764816	0.012270338833332062	0.008904113434255123	0.012209371663630009
569	joy	../final/models/models_2nd_run/model2_10	../final/models/models_2nd_run/model2_10	neutral	0.47461584210395813	0.47461584210395813	0.027378693222999573	0.02273140661418438	0.023740598931908607	0.11975905299186707	0.01092563383281231	0.146565243601799	0.10940301418304443	0.012487554922699928	0.01979103684425354	0.024032166227698326	0.008569750003516674
1213	excitement	../final/models/models_2nd_run/model2_10	../final/models/models_2nd_run/model2_10	neutral	0.48219114542007446	0.48219114542007446	0.008731408976018429	0.008082282729446888	0.006654457189142704	0.07719121873378754	0.005406188312917948	0.2109755277633667	0.15421172976493835	0.005942844320088625	0.012464371509850025	0.021510910242795944	0.006637787912040949
734	excitement	../final/models/models_2nd_run/model2_10	../final/models/models_2nd_run/model2_10	neutral	0.325580358505249	0.325580358505249	0.12005556374788284	0.04723208025097847	0.04101332649588585	0.19230303168296814	0.025531522929668427	0.09406434744596481	0.08467304706573486	0.01605653204023838	0.018796494230628014	0.018424291163682938	0.01626945473253727
792	pride	../final/models/models_2nd_run/model2_10	../final/models/models_2nd_run/model2_10	pride	0.31400349736213684	0.3117547035217285	0.04792911931872368	0.016287267208099365	0.01816263236105442	0.31400349736213684	0.013993630185723305	0.1119779720902443	0.11659206449985504	0.008203471079468727	0.017289724200963974	0.014098111540079117	0.009707752615213394
17	sadness	../final/models/models_2nd_run/model2_10	../final/models/models_2nd_run/model2_10	sadness	0.4709089994430542	0.09036162495613098	0.23613102734088898	0.4709089994430542	0.039808377623558044	0.03424782678484917	0.050938930362463	0.029539695009589195	0.011177919805049896	0.012076026760041714	0.01230005081743002	0.005206550471484661	0.007303015328943729
127	neutral	../final/models/models_2nd_run/model2_10	../final/models/models_2nd_run/model2_10	neutral	0.5344169735908508	0.5344169735908508	0.027238896116614342	0.019848642870783806	0.011233758181333542	0.16796107590198517	0.010705370455980301	0.12417565286159515	0.07108049094676971	0.007141389884054661	0.006559820380061865	0.006908783223479986	0.012729066424071789
322	confusion	../final/models/models_2nd_run/model2_10	../final/models/models_2nd_run/model2_10	neutral	0.3395020365715027	0.3395020365715027	0.06575112789869308	0.03503376990556717	0.03370137885212898	0.25883182883262634	0.017813025042414665	0.10319992154836655	0.08944150060415268	0.010231236927211285	0.019068872556090355	0.016867559403181076	0.010557693429291248
255	nervousness	../final/models/models_2nd_run/model2_10	../final/models/models_2nd_run/model2_10	nervousness	0.7747785449028015	0.030002137646079063	0.7747785449028015	0.02894141525030136	0.010528279468417168	0.02104814536869526	0.08796261250972748	0.015375078655779362	0.011018930934369564	0.005536559037864208	0.006257380358874798	0.002533161314204335	0.006017741281539202
1046	joy	../final/models/models_2nd_run/model2_10	../final/models/models_2nd_run/model2_10	joy	0.3474145531654358	0.2821807861328125	0.00632036617025733	0.00623067282140255	0.004265413153916597	0.03733358159661293	0.004504460841417313	0.3474145531654358	0.2717204988002777	0.006657453253865242	0.008920202031731606	0.018408238887786865	0.006043700035661459
982	nervousness	../final/models/models_2nd_run/model2_10	../final/models/models_2nd_run/model2_10	nervousness	0.7519625425338745	0.022579779848456383	0.7519625425338745	0.020573310554027557	0.00828696321696043	0.01713551953434944	0.13586102426052094	0.014336932450532913	0.01060786284506321	0.004235889762639999	0.007317188195884228	0.0025245165452361107	0.004578396677970886
927	neutral	../final/models/models_2nd_run/model2_10	../final/models/models_2nd_run/model2_10	nervousness	0.5168143510818481	0.12490115314722061	0.5168143510818481	0.026362938806414604	0.015573838725686073	0.06808753311634064	0.10192924737930298	0.05723400041460991	0.056570928543806076	0.004865292925387621	0.014186959713697433	0.007338761817663908	0.006134935189038515
980	neutral	../final/models/models_2nd_run/model2_10	../final/models/models_2nd_run/model2_10	joy	0.4132000505924225	0.22463048994541168	0.00572200259193778	0.0058981687761843204	0.004490692634135485	0.030601711943745613	0.005011915694922209	0.4132000505924225	0.2706165611743927	0.006108707282692194	0.009249307215213776	0.018828479573130608	0.005641952622681856
1249	joy	../final/models/models_2nd_run/model2_10	../final/models/models_2nd_run/model2_10	joy	0.41118094325065613	0.2910555303096771	0.005948883481323719	0.008403643034398556	0.005029728170484304	0.03409728407859802	0.004442253150045872	0.41118094325065613	0.1979009062051773	0.006479545496404171	0.00891366321593523	0.020247768610715866	0.006299959030002356
190	joy	../final/models/models_2nd_run/model2_10	../final/models/models_2nd_run/model2_10	excitement	0.38686618208885193	0.18697603046894073	0.005824043415486813	0.007231499068439007	0.0042193857952952385	0.03942584991455078	0.0034068007953464985	0.3353978991508484	0.38686618208885193	0.0037441267631947994	0.005344710312783718	0.018052397295832634	0.0035109794698655605
115	neutral	../final/models/models_2nd_run/model2_10	../final/models/models_2nd_run/model2_10	neutral	0.44024112820625305	0.44024112820625305	0.008816270157694817	0.007762536872178316	0.006049215327948332	0.11240777373313904	0.004836671054363251	0.18189048767089844	0.20287935435771942	0.0052507976070046425	0.007155443541705608	0.014740824699401855	0.007969486527144909
992	pride	../final/models/models_2nd_run/model2_10	../final/models/models_2nd_run/model2_10	neutral	0.3188765048980713	0.3188765048980713	0.18472157418727875	0.07411462813615799	0.05867290496826172	0.11962544918060303	0.04526941105723381	0.06784194707870483	0.04865328595042229	0.028298145160079002	0.02359233796596527	0.01612074486911297	0.014213014394044876
1243	neutral	../final/models/models_2nd_run/model2_10	../final/models/models_2nd_run/model2_10	neutral	0.43062254786491394	0.43062254786491394	0.1829875111579895	0.062078576534986496	0.025485247373580933	0.049736976623535156	0.0860254243016243	0.06484254449605942	0.0330045260488987	0.025655673816800117	0.014595609158277512	0.011429325677454472	0.013536117039620876
1007	excitement	../final/models/models_2nd_run/model2_10	../final/models/models_2nd_run/model2_10	joy	0.4083634614944458	0.2694091200828552	0.0056742397136986256	0.005467786453664303	0.0043207453563809395	0.025984007865190506	0.004789982456713915	0.4083634614944458	0.236319437623024	0.006700320169329643	0.008388902060687542	0.017273498699069023	0.0073084780015051365
606	pride	../final/models/models_2nd_run/model2_10	../final/models/models_2nd_run/model2_10	pride	0.7564821243286133	0.07059106230735779	0.019236965104937553	0.005531589966267347	0.018542882055044174	0.7564821243286133	0.003910345956683159	0.05391201004385948	0.04765772819519043	0.004276450723409653	0.006946875248104334	0.005792547482997179	0.00711935106664896
180	excitement	../final/models/models_2nd_run/model2_10	../final/models/models_2nd_run/model2_10	pride	0.7042962312698364	0.0737944170832634	0.01676217094063759	0.00410466268658638	0.014095496386289597	0.7042962312698364	0.003668406745418906	0.07429661601781845	0.08392377197742462	0.003773386124521494	0.007628449238836765	0.00712390523403883	0.006532436236739159
301	neutral	../final/models/models_2nd_run/model2_10	../final/models/models_2nd_run/model2_10	neutral	0.3990265429019928	0.3990265429019928	0.23190677165985107	0.02711857669055462	0.014375513419508934	0.05361838638782501	0.13135753571987152	0.06256416440010071	0.03692414239048958	0.010486587882041931	0.01589701510965824	0.005846971645951271	0.010877761989831924
496	joy	../final/models/models_2nd_run/model2_10	../final/models/models_2nd_run/model2_10	joy	0.4231383204460144	0.1348322480916977	0.0036483316216617823	0.004486818332225084	0.002883767709136009	0.056793734431266785	0.002543302485719323	0.4231383204460144	0.348954975605011	0.0026142741553485394	0.00445532938465476	0.012389318086206913	0.0032595419324934483
348	joy	../final/models/models_2nd_run/model2_10	../final/models/models_2nd_run/model2_10	joy	0.3928234577178955	0.19350530207157135	0.009139636531472206	0.00954072829335928	0.006542870309203863	0.18561296164989471	0.003527091583237052	0.3928234577178955	0.1691252738237381	0.004353630356490612	0.006981231272220612	0.013223561458289623	0.005624240729957819
1099	sadness	../final/models/models_2nd_run/model2_10	../final/models/models_2nd_run/model2_10	nervousness	0.6838838458061218	0.05054723471403122	0.6838838458061218	0.04945175722241402	0.022889671847224236	0.023385802283883095	0.1034935787320137	0.01860775798559189	0.010988162830471992	0.009952434338629246	0.01419757679104805	0.004393270239233971	0.008208989165723324
36	pride	../final/models/models_2nd_run/model2_10	../final/models/models_2nd_run/model2_10	neutral	0.4214901626110077	0.4214901626110077	0.018012285232543945	0.009552008472383022	0.010906790383160114	0.2651793360710144	0.0069027007557451725	0.10769712179899216	0.12407878786325455	0.006404385901987553	0.008272205479443073	0.011381519958376884	0.010122759267687798
744	pride	../final/models/models_2nd_run/model2_10	../final/models/models_2nd_run/model2_10	pride	0.7771377563476562	0.060623109340667725	0.018873341381549835	0.006046588066965342	0.024569066241383553	0.7771377563476562	0.003982011694461107	0.04579072445631027	0.03639396280050278	0.0050635384395718575	0.007495773956179619	0.00620516249909997	0.00781892891973257
1148	neutral	../final/models/models_2nd_run/model2_10	../final/models/models_2nd_run/model2_10	joy	0.5188918709754944	0.1737460047006607	0.0045601860620081425	0.0062407380901277065	0.0036610043607652187	0.034907519817352295	0.0035869255661964417	0.5188918709754944	0.22207704186439514	0.004150576889514923	0.008158501237630844	0.016097478568553925	0.003922176081687212
1053	excitement	../final/models/models_2nd_run/model2_10	../final/models/models_2nd_run/model2_10	excitement	0.783281683921814	0.0694400891661644	0.004901633597910404	0.0037775917444378138	0.0027271031867712736	0.014383316040039062	0.0038142537232488394	0.08557691425085068	0.783281683921814	0.0030732890591025352	0.005422946531325579	0.019068045541644096	0.0045331185683608055
517	joy	../final/models/models_2nd_run/model2_10	../final/models/models_2nd_run/model2_10	disgust	0.30538710951805115	0.27344685792922974	0.07300721108913422	0.04098314419388771	0.032808028161525726	0.012976787984371185	0.17679809033870697	0.013480103574693203	0.009712420403957367	0.30538710951805115	0.027148976922035217	0.005259543191641569	0.02899177372455597
372	pride	../final/models/models_2nd_run/model2_10	../final/models/models_2nd_run/model2_10	neutral	0.41363778710365295	0.41363778710365295	0.014591392129659653	0.008078020997345448	0.008341183885931969	0.12848809361457825	0.006291235331445932	0.21341827511787415	0.1640382707118988	0.006309062242507935	0.012295113876461983	0.018175194039940834	0.006336359307169914
45	neutral	../final/models/models_2nd_run/model2_10	../final/models/models_2nd_run/model2_10	excitement	0.8362820148468018	0.0419464036822319	0.0017870416631922126	0.0023761470802128315	0.0019914095755666494	0.005971631035208702	0.002231159945949912	0.055432796478271484	0.8362820148468018	0.001598198083229363	0.0027588799130171537	0.04498130455613136	0.002643112326040864
476	joy	../final/models/models_2nd_run/model2_10	../final/models/models_2nd_run/model2_10	joy	0.3992895483970642	0.1945565789937973	0.004364617634564638	0.00580116081982851	0.0042698266915977	0.040857844054698944	0.002670909045264125	0.3992895483970642	0.31560570001602173	0.0037741546984761953	0.007475713267922401	0.016672270372509956	0.004661743529140949
157	nervousness	../final/models/models_2nd_run/model2_10	../final/models/models_2nd_run/model2_10	confusion	0.48441484570503235	0.08749924600124359	0.16935071349143982	0.054310716688632965	0.04835553839802742	0.03968381509184837	0.037324003875255585	0.02808089181780815	0.020552923902869225	0.008017707616090775	0.48441484570503235	0.015941200777888298	0.006468425504863262
1111	excitement	../final/models/models_2nd_run/model2_10	../final/models/models_2nd_run/model2_10	neutral	0.39424556493759155	0.39424556493759155	0.012703617103397846	0.014607842080295086	0.007802209816873074	0.17721974849700928	0.005731871817260981	0.2151414304971695	0.14134806394577026	0.006117877550423145	0.005223168525844812	0.009842894040048122	0.010015738196671009
171	pride	../final/models/models_2nd_run/model2_10	../final/models/models_2nd_run/model2_10	neutral	0.43355900049209595	0.43355900049209595	0.026539551094174385	0.013593754731118679	0.015905939042568207	0.2703208327293396	0.010167046450078487	0.10198094695806503	0.08420143276453018	0.008767974562942982	0.010710655711591244	0.01203848421573639	0.012214332818984985
16	neutral	../final/models/models_2nd_run/model2_10	../final/models/models_2nd_run/model2_10	excitement	0.3285384774208069	0.2680530548095703	0.00714873569086194	0.0068704839795827866	0.006529710721224546	0.1552729457616806	0.004089205991476774	0.17901761829853058	0.3285384774208069	0.005151487421244383	0.00702059268951416	0.024898139759898186	0.007409621495753527
511	nervousness	../final/models/models_2nd_run/model2_10	../final/models/models_2nd_run/model2_10	nervousness	0.3599157929420471	0.20222340524196625	0.3599157929420471	0.09777753800153732	0.06021590530872345	0.05636816844344139	0.05143741890788078	0.03439300134778023	0.023270826786756516	0.057984352111816406	0.023097747936844826	0.008255221880972385	0.025060608983039856
48	nervousness	../final/models/models_2nd_run/model2_10	../final/models/models_2nd_run/model2_10	excitement	0.8876945376396179	0.03363165631890297	0.0030538334976881742	0.0023167349863797426	0.00178245035931468	0.005813713651150465	0.002768034115433693	0.03961865231394768	0.8876945376396179	0.0021743453107774258	0.002973616123199463	0.015121625736355782	0.0030508367344737053
191	pride	../final/models/models_2nd_run/model2_10	../final/models/models_2nd_run/model2_10	neutral	0.36858174204826355	0.36858174204826355	0.05571770295500755	0.05093241110444069	0.032883573323488235	0.11152832210063934	0.019879475235939026	0.153789684176445	0.14015768468379974	0.015893829986453056	0.016488689929246902	0.02443886175751686	0.009708058089017868
546	surprise	../final/models/models_2nd_run/model2_10	../final/models/models_2nd_run/model2_10	neutral	0.50958651304245	0.50958651304245	0.020147375762462616	0.014476991258561611	0.013243735767900944	0.19813410937786102	0.007549212779849768	0.11169107258319855	0.08454545587301254	0.007556386291980743	0.009617950767278671	0.011981657706201077	0.011469632387161255
515	pride	../final/models/models_2nd_run/model2_10	../final/models/models_2nd_run/model2_10	joy	0.6121110320091248	0.1330879181623459	0.0028191409073770046	0.004031323827803135	0.0020450057927519083	0.019453736022114754	0.0025526005774736404	0.6121110320091248	0.20334739983081818	0.00277423532679677	0.004637585952877998	0.009645972400903702	0.003493986092507839
658	pride	../final/models/models_2nd_run/model2_10	../final/models/models_2nd_run/model2_10	joy	0.34024542570114136	0.27560946345329285	0.009504303336143494	0.006148741114884615	0.005722654517740011	0.0878029614686966	0.004765237681567669	0.34024542570114136	0.23288066685199738	0.005921341013163328	0.010362147353589535	0.014854072593152523	0.006182987242937088
1043	excitement	../final/models/models_2nd_run/model2_10	../final/models/models_2nd_run/model2_10	excitement	0.8067872524261475	0.0644804909825325	0.004098509903997183	0.003118259832262993	0.0023930552415549755	0.011080053634941578	0.0036977685522288084	0.0774984359741211	0.8067872524261475	0.002847295254468918	0.005086387041956186	0.01507275179028511	0.0038396953605115414
828	nervousness	../final/models/models_2nd_run/model2_10	../final/models/models_2nd_run/model2_10	nervousness	0.40939822793006897	0.0637814998626709	0.40939822793006897	0.021075040102005005	0.046655505895614624	0.3169667422771454	0.029532434418797493	0.0350123830139637	0.04529828205704689	0.007593391463160515	0.008584956638514996	0.004758101422339678	0.011343508027493954
1019	excitement	../final/models/models_2nd_run/model2_10	../final/models/models_2nd_run/model2_10	excitement	0.8025559782981873	0.07437393069267273	0.00271128979511559	0.0026425314135849476	0.0023066862486302853	0.009209760464727879	0.003165342379361391	0.0667371079325676	0.8025559782981873	0.002503609750419855	0.004678170662373304	0.02592388540506363	0.003191799158230424
1067	neutral	../final/models/models_2nd_run/model2_10	../final/models/models_2nd_run/model2_10	joy	0.39897429943084717	0.27334925532341003	0.009833811782300472	0.007184363901615143	0.005507240537554026	0.11980440467596054	0.004085952881723642	0.39897429943084717	0.14960189163684845	0.005209438502788544	0.008291595615446568	0.01223412249237299	0.005923532415181398
959	neutral	../final/models/models_2nd_run/model2_10	../final/models/models_2nd_run/model2_10	joy	0.35860323905944824	0.30866631865501404	0.01037370041012764	0.00885292049497366	0.005991471465677023	0.114533431828022	0.004339348524808884	0.35860323905944824	0.1592348963022232	0.004890166223049164	0.007487164344638586	0.010688130743801594	0.006339236628264189
1198	sadness	../final/models/models_2nd_run/model2_10	../final/models/models_2nd_run/model2_10	embarrassment	0.7877843379974365	0.008058593608438969	0.06539793312549591	0.03140716999769211	0.7877843379974365	0.03239942714571953	0.01267516054213047	0.004455687943845987	0.003763898042961955	0.03249784931540489	0.009998401626944542	0.002780429320409894	0.008781153708696365
283	pride	../final/models/models_2nd_run/model2_10	../final/models/models_2nd_run/model2_10	pride	0.3713931739330292	0.1725747436285019	0.010398661717772484	0.010519763454794884	0.008113575167953968	0.3713931739330292	0.0035944043193012476	0.21969614923000336	0.17917320132255554	0.004031900782138109	0.005452336743474007	0.00810000766068697	0.006952117662876844
797	joy	../final/models/models_2nd_run/model2_10	../final/models/models_2nd_run/model2_10	pride	0.6340608596801758	0.09281980246305466	0.01419682614505291	0.005844320636242628	0.010527340695261955	0.6340608596801758	0.003811432048678398	0.11901737749576569	0.09323950111865997	0.004059404134750366	0.00813406053930521	0.007673885673284531	0.0066152336075901985
225	embarrassment	../final/models/models_2nd_run/model2_10	../final/models/models_2nd_run/model2_10	nervousness	0.429425448179245	0.05018468201160431	0.429425448179245	0.08820639550685883	0.2012021690607071	0.03509991988539696	0.08090493083000183	0.014864275231957436	0.012998748570680618	0.0335257388651371	0.03185732662677765	0.01106070727109909	0.01066963654011488
26	disgust	../final/models/models_2nd_run/model2_10	../final/models/models_2nd_run/model2_10	sadness	0.519544780254364	0.07006987929344177	0.11805644631385803	0.519544780254364	0.020813211798667908	0.005461194086819887	0.13114915788173676	0.021280718967318535	0.008596000261604786	0.07852013409137726	0.011398270726203918	0.005351524334400892	0.009758731350302696
437	neutral	../final/models/models_2nd_run/model2_10	../final/models/models_2nd_run/model2_10	neutral	0.5282294750213623	0.5282294750213623	0.024548882618546486	0.00904503557831049	0.01045188307762146	0.12345754355192184	0.009984456934034824	0.165990948677063	0.08836746215820312	0.007607924751937389	0.01177175436168909	0.012374038808047771	0.008170675486326218
1237	neutral	../final/models/models_2nd_run/model2_10	../final/models/models_2nd_run/model2_10	neutral	0.30073416233062744	0.30073416233062744	0.142775759100914	0.05242620408535004	0.0567249096930027	0.22336135804653168	0.03115236386656761	0.0674629807472229	0.05600472539663315	0.013346378691494465	0.02601170912384987	0.016606124117970467	0.013393299654126167
229	excitement	../final/models/models_2nd_run/model2_10	../final/models/models_2nd_run/model2_10	joy	0.47638675570487976	0.17785903811454773	0.004679221659898758	0.004681975580751896	0.0036246899981051683	0.07443927228450775	0.002723395824432373	0.47638675570487976	0.22974179685115814	0.003384689101949334	0.006264231633394957	0.012168959714472294	0.004045992624014616
37	neutral	../final/models/models_2nd_run/model2_10	../final/models/models_2nd_run/model2_10	excitement	0.48215222358703613	0.1642029881477356	0.005335189402103424	0.005417994689196348	0.004813017323613167	0.03775915130972862	0.0038209068588912487	0.25524407625198364	0.48215222358703613	0.004441185388714075	0.006427043117582798	0.02527434006333351	0.005111951380968094
749	joy	../final/models/models_2nd_run/model2_10	../final/models/models_2nd_run/model2_10	nervousness	0.6617921590805054	0.04468103125691414	0.6617921590805054	0.05490369349718094	0.017327815294265747	0.02447444014251232	0.1346096247434616	0.019715426489710808	0.015142247080802917	0.008049248717725277	0.009012999013066292	0.003784125205129385	0.006507223006337881
469	joy	../final/models/models_2nd_run/model2_10	../final/models/models_2nd_run/model2_10	joy	0.3774774968624115	0.2570568919181824	0.00467712664976716	0.005419387482106686	0.003751545213162899	0.047386348247528076	0.0033586102072149515	0.3774774968624115	0.26781344413757324	0.004151461645960808	0.00863431952893734	0.015151738189160824	0.005121645051985979
1088	pride	../final/models/models_2nd_run/model2_10	../final/models/models_2nd_run/model2_10	pride	0.8130449652671814	0.05095136910676956	0.01720326766371727	0.004849711898714304	0.014084774069488049	0.8130449652671814	0.0035732993856072426	0.04115460440516472	0.03440931439399719	0.003636396024376154	0.0056039998307824135	0.004984416998922825	0.006503863260149956
1251	sadness	../final/models/models_2nd_run/model2_10	../final/models/models_2nd_run/model2_10	nervousness	0.3089406490325928	0.14260829985141754	0.3089406490325928	0.12817323207855225	0.0918717011809349	0.057339947670698166	0.05687778815627098	0.023688577115535736	0.01887407898902893	0.018511122092604637	0.12715482711791992	0.016609614714980125	0.009350110776722431
687	pride	../final/models/models_2nd_run/model2_10	../final/models/models_2nd_run/model2_10	excitement	0.6042250990867615	0.14990074932575226	0.006603336427360773	0.0043213944882154465	0.004179225768893957	0.04185141250491142	0.004245517309755087	0.15061059594154358	0.6042250990867615	0.0041748820804059505	0.006764360703527927	0.018376288935542107	0.004747119266539812
639	joy	../final/models/models_2nd_run/model2_10	../final/models/models_2nd_run/model2_10	joy	0.49867475032806396	0.16813801229000092	0.003968296106904745	0.004620926454663277	0.0030483633745461702	0.042591553181409836	0.0031246452126652002	0.49867475032806396	0.24923372268676758	0.0038075679913163185	0.006542504765093327	0.012074565514922142	0.004175069276243448
1102	joy	../final/models/models_2nd_run/model2_10	../final/models/models_2nd_run/model2_10	neutral	0.5808669328689575	0.5808669328689575	0.012914454564452171	0.010466680862009525	0.012128941714763641	0.11851511150598526	0.006721302401274443	0.13414686918258667	0.07603707164525986	0.008201061747968197	0.015934133902192116	0.01687081716954708	0.007196580525487661
1063	pride	../final/models/models_2nd_run/model2_10	../final/models/models_2nd_run/model2_10	neutral	0.3729095757007599	0.3729095757007599	0.054696984589099884	0.03700292855501175	0.041634947061538696	0.28660786151885986	0.015146125108003616	0.06704019010066986	0.06378383934497833	0.014443350955843925	0.0114452438428998	0.016008377075195312	0.019280605018138885
1235	joy	../final/models/models_2nd_run/model2_10	../final/models/models_2nd_run/model2_10	joy	0.5485299229621887	0.18223558366298676	0.004546830430626869	0.0059715681709349155	0.003362654708325863	0.039827488362789154	0.0028835695702582598	0.5485299229621887	0.18938544392585754	0.003702357644215226	0.0055723972618579865	0.009865259751677513	0.004116929601877928
800	joy	../final/models/models_2nd_run/model2_10	../final/models/models_2nd_run/model2_10	joy	0.3788793683052063	0.2925306558609009	0.0058219716884195805	0.005713749676942825	0.0045812553726136684	0.07866981625556946	0.002939181635156274	0.3788793683052063	0.2009260505437851	0.003978411667048931	0.008454221300780773	0.012868755497038364	0.004636610392481089
160	disgust	../final/models/models_2nd_run/model2_10	../final/models/models_2nd_run/model2_10	nervousness	0.4189223051071167	0.08524881303310394	0.4189223051071167	0.1947869062423706	0.06914392858743668	0.039813075214624405	0.06975793838500977	0.015480748377740383	0.011579892598092556	0.05174042657017708	0.01307551097124815	0.004448094870895147	0.026002369821071625
956	pride	../final/models/models_2nd_run/model2_10	../final/models/models_2nd_run/model2_10	excitement	0.5325111150741577	0.17268793284893036	0.006995286792516708	0.004988385830074549	0.0047275228425860405	0.07226866483688354	0.0042954739183187485	0.1669645607471466	0.5325111150741577	0.003830082481727004	0.0073709636926651	0.017523234710097313	0.0058367205783724785
821	pride	../final/models/models_2nd_run/model2_10	../final/models/models_2nd_run/model2_10	pride	0.5880531072616577	0.072107695043087	0.10746673494577408	0.025308173149824142	0.08350877463817596	0.5880531072616577	0.01065068133175373	0.030005021020770073	0.0275887418538332	0.014275087043642998	0.009648856706917286	0.005981252063065767	0.02540590800344944
1081	joy	../final/models/models_2nd_run/model2_10	../final/models/models_2nd_run/model2_10	neutral	0.46202927827835083	0.46202927827835083	0.005577246192842722	0.006229784805327654	0.0053806607611477375	0.04423350468277931	0.004380115307867527	0.26234307885169983	0.1631261110305786	0.008632113225758076	0.01265237107872963	0.018102211877703667	0.007313577923923731
877	nervousness	../final/models/models_2nd_run/model2_10	../final/models/models_2nd_run/model2_10	neutral	0.5256955623626709	0.5256955623626709	0.05072077363729477	0.021962173283100128	0.01866847276687622	0.1360013335943222	0.02155129611492157	0.09607395529747009	0.07520505785942078	0.011398606933653355	0.015518974512815475	0.014624478295445442	0.012579339556396008
913	pride	../final/models/models_2nd_run/model2_10	../final/models/models_2nd_run/model2_10	pride	0.5365470051765442	0.16463007032871246	0.040585022419691086	0.022652454674243927	0.03959143906831741	0.5365470051765442	0.009751642122864723	0.075496606528759	0.06638363003730774	0.008527051657438278	0.011731363832950592	0.013121875002980232	0.010981897823512554
152	excitement	../final/models/models_2nd_run/model2_10	../final/models/models_2nd_run/model2_10	excitement	0.4761412441730499	0.17648623883724213	0.0062006935477256775	0.004892587196081877	0.004654500167816877	0.08173118531703949	0.0032992949709296227	0.2163730412721634	0.4761412441730499	0.0031446325592696667	0.007038273848593235	0.016224993392825127	0.0038133386988192797
1163	pride	../final/models/models_2nd_run/model2_10	../final/models/models_2nd_run/model2_10	excitement	0.6341074109077454	0.16532264649868011	0.009825458750128746	0.0047628022730350494	0.0046235076151788235	0.055522263050079346	0.006069336552172899	0.08266235142946243	0.6341074109077454	0.0044845230877399445	0.006735514849424362	0.019013455137610435	0.006870746146887541
509	pride	../final/models/models_2nd_run/model2_10	../final/models/models_2nd_run/model2_10	neutral	0.3442004323005676	0.3442004323005676	0.025611944496631622	0.011397715657949448	0.0129109937697649	0.20291024446487427	0.010357449762523174	0.19276073575019836	0.15583330392837524	0.008250436745584011	0.012363363057374954	0.014795477502048016	0.0086079565808177
1068	pride	../final/models/models_2nd_run/model2_10	../final/models/models_2nd_run/model2_10	neutral	0.4593465328216553	0.4593465328216553	0.04484422877430916	0.015440327115356922	0.01717732474207878	0.19383074343204498	0.013804980553686619	0.10739509761333466	0.08439145982265472	0.01133061945438385	0.019095081835985184	0.02002384513616562	0.013319707475602627
103	joy	../final/models/models_2nd_run/model2_10	../final/models/models_2nd_run/model2_10	excitement	0.37225884199142456	0.27701258659362793	0.004540352616459131	0.004947963636368513	0.004669015761464834	0.056047674268484116	0.003906276077032089	0.23191513121128082	0.37225884199142456	0.007138884160667658	0.009406317956745625	0.021308818832039833	0.006848079152405262
586	neutral	../final/models/models_2nd_run/model2_10	../final/models/models_2nd_run/model2_10	neutral	0.5581637620925903	0.5581637620925903	0.016931824386119843	0.008145125582814217	0.0077597349882125854	0.10884804278612137	0.0070023550651967525	0.17851047217845917	0.08055803924798965	0.007221940439194441	0.009451741352677345	0.009889563545584679	0.007517415098845959
1272	neutral	../final/models/models_2nd_run/model2_10	../final/models/models_2nd_run/model2_10	neutral	0.31192490458488464	0.31192490458488464	0.017481729388237	0.009004597552120686	0.010616910643875599	0.058812759816646576	0.008996906690299511	0.30032575130462646	0.1214432343840599	0.008778147399425507	0.12038387358188629	0.023847222328186035	0.008384043350815773
53	neutral	../final/models/models_2nd_run/model2_10	../final/models/models_2nd_run/model2_10	excitement	0.4931377172470093	0.13966454565525055	0.0023846670519560575	0.0046431925147771835	0.0028105962555855513	0.025806305930018425	0.002452673390507698	0.30028608441352844	0.4931377172470093	0.0035141566768288612	0.004621607251465321	0.016731904819607735	0.00394653482362628
151	joy	../final/models/models_2nd_run/model2_10	../final/models/models_2nd_run/model2_10	neutral	0.37034329771995544	0.37034329771995544	0.17878563702106476	0.12573319673538208	0.04892684891819954	0.10093613713979721	0.0538453608751297	0.031324729323387146	0.027190130203962326	0.01831696555018425	0.015212961472570896	0.00988806877285242	0.01949670910835266
403	anger	../final/models/models_2nd_run/model2_10	../final/models/models_2nd_run/model2_10	nervousness	0.7739631533622742	0.01836257614195347	0.7739631533622742	0.016105016693472862	0.008450932800769806	0.015091566368937492	0.1289466768503189	0.011353307403624058	0.008742344565689564	0.00495219836011529	0.0060601746663451195	0.002202305942773819	0.005769793875515461
207	joy	../final/models/models_2nd_run/model2_10	../final/models/models_2nd_run/model2_10	neutral	0.3988785743713379	0.3988785743713379	0.025143377482891083	0.009739773347973824	0.010804521851241589	0.2553505003452301	0.008824799209833145	0.11996215581893921	0.12892703711986542	0.006913554854691029	0.012748911045491695	0.012170295231044292	0.010536380112171173
1204	neutral	../final/models/models_2nd_run/model2_10	../final/models/models_2nd_run/model2_10	joy	0.5635090470314026	0.18294961750507355	0.0036045669112354517	0.0059951236471533775	0.0026388431433588266	0.04677119106054306	0.00228964164853096	0.5635090470314026	0.1740913838148117	0.0028988986741751432	0.003631057683378458	0.007840766571462154	0.003779784543439746
8	pride	../final/models/models_2nd_run/model2_10	../final/models/models_2nd_run/model2_10	neutral	0.26543286442756653	0.26543286442756653	0.09522078931331635	0.06843533366918564	0.0929388776421547	0.08567464351654053	0.03268781304359436	0.10645505040884018	0.11221481114625931	0.0523691400885582	0.025294844061136246	0.05109178274869919	0.012184073217213154
1014	confusion	../final/models/models_2nd_run/model2_10	../final/models/models_2nd_run/model2_10	nervousness	0.355246901512146	0.08421546965837479	0.355246901512146	0.15723375976085663	0.062364399433135986	0.024393955245614052	0.057551153004169464	0.011493108235299587	0.00946345366537571	0.1480991095304489	0.013966498896479607	0.0036614076234400272	0.07231085747480392
1060	joy	../final/models/models_2nd_run/model2_10	../final/models/models_2nd_run/model2_10	excitement	0.46220913529396057	0.19585373997688293	0.007229306735098362	0.005931842140853405	0.007238143589347601	0.07187633961439133	0.003437099978327751	0.18469586968421936	0.46220913529396057	0.003985266201198101	0.014005778357386589	0.03955759480595589	0.003979815635830164
452	joy	../final/models/models_2nd_run/model2_10	../final/models/models_2nd_run/model2_10	neutral	0.3804468512535095	0.3804468512535095	0.01376199722290039	0.00711279921233654	0.00995462667196989	0.16366200149059296	0.005781153682619333	0.15536239743232727	0.21819952130317688	0.008459254167973995	0.008759716525673866	0.01716803014278412	0.011331598274409771
253	joy	../final/models/models_2nd_run/model2_10	../final/models/models_2nd_run/model2_10	joy	0.44719329476356506	0.2373381108045578	0.010852226056158543	0.013420854695141315	0.007646797224879265	0.08922329545021057	0.004102060571312904	0.44719329476356506	0.16147999465465546	0.00464955810457468	0.0065329717472195625	0.012622428126633167	0.004938426427543163
896	excitement	../final/models/models_2nd_run/model2_10	../final/models/models_2nd_run/model2_10	neutral	0.3156777322292328	0.3156777322292328	0.010103962384164333	0.012311064638197422	0.009140869602560997	0.24650132656097412	0.004465289413928986	0.21780414879322052	0.15175838768482208	0.005133782513439655	0.007046269252896309	0.011823520995676517	0.008233635686337948
1113	joy	../final/models/models_2nd_run/model2_10	../final/models/models_2nd_run/model2_10	joy	0.412573903799057	0.25558987259864807	0.01143147237598896	0.010122769512236118	0.0068128677085042	0.11937642097473145	0.005021390970796347	0.412573903799057	0.15229038894176483	0.00458059087395668	0.006793559063225985	0.009716606698930264	0.005690225400030613
880	pride	../final/models/models_2nd_run/model2_10	../final/models/models_2nd_run/model2_10	neutral	0.3333570957183838	0.3333570957183838	0.06369834393262863	0.037527475506067276	0.07857991009950638	0.20278576016426086	0.020773431286215782	0.0908159539103508	0.05937163904309273	0.024713590741157532	0.04834321141242981	0.02890506014227867	0.011128656566143036
1202	pride	../final/models/models_2nd_run/model2_10	../final/models/models_2nd_run/model2_10	pride	0.36237215995788574	0.2622990012168884	0.03748921677470207	0.01388145424425602	0.021746454760432243	0.36237215995788574	0.009609122760593891	0.1402675211429596	0.10879427939653397	0.007995872758328915	0.011628585867583752	0.013177956454455853	0.010738382115960121
623	disgust	../final/models/models_2nd_run/model2_10	../final/models/models_2nd_run/model2_10	disgust	0.9321487545967102	0.012608873657882214	0.0035832093562930822	0.005245997104793787	0.007808023598045111	0.0009648285922594368	0.01647121272981167	0.0030957686249166727	0.001833186368457973	0.9321487545967102	0.005201411433517933	0.0029944758862257004	0.008044330403208733
345	joy	../final/models/models_2nd_run/model2_10	../final/models/models_2nd_run/model2_10	joy	0.3755396008491516	0.2711181640625	0.007278776727616787	0.007367696147412062	0.006521045695990324	0.09342688322067261	0.004045608453452587	0.3755396008491516	0.19687087833881378	0.005550349596887827	0.01138246525079012	0.01407227385789156	0.006826271768659353
1094	neutral	../final/models/models_2nd_run/model2_10	../final/models/models_2nd_run/model2_10	neutral	0.4459494650363922	0.4459494650363922	0.07529905438423157	0.034519094973802567	0.030639441683888435	0.15188662707805634	0.01648767665028572	0.12431854754686356	0.06007075309753418	0.017005007714033127	0.017606530338525772	0.014787252992391586	0.011430610902607441
262	excitement	../final/models/models_2nd_run/model2_10	../final/models/models_2nd_run/model2_10	excitement	0.4344787299633026	0.11293379217386246	0.0034079740289598703	0.0060518779791891575	0.003420560620725155	0.025970550253987312	0.002929817186668515	0.36491838097572327	0.4344787299633026	0.0034277020022273064	0.005615829024463892	0.0324648879468441	0.0043798163533210754
150	neutral	../final/models/models_2nd_run/model2_10	../final/models/models_2nd_run/model2_10	neutral	0.4084668755531311	0.4084668755531311	0.0054413918405771255	0.006790281739085913	0.004168826621025801	0.03160274028778076	0.004822668619453907	0.3233702778816223	0.17221054434776306	0.007784517016261816	0.0132710887119174	0.016001706942915916	0.006069049704819918
472	joy	../final/models/models_2nd_run/model2_10	../final/models/models_2nd_run/model2_10	neutral	0.45613759756088257	0.45613759756088257	0.01866965740919113	0.01074779313057661	0.010512743145227432	0.12104559689760208	0.0077978880144655704	0.19798235595226288	0.13033929467201233	0.007380857598036528	0.013708566315472126	0.018960315734148026	0.00671738013625145
640	pride	../final/models/models_2nd_run/model2_10	../final/models/models_2nd_run/model2_10	pride	0.3681495487689972	0.29383793473243713	0.019872594624757767	0.010194100439548492	0.012666942551732063	0.3681495487689972	0.007500268053263426	0.11388839036226273	0.12413095682859421	0.006219010800123215	0.012448630295693874	0.021392056718468666	0.009699604474008083
1261	neutral	../final/models/models_2nd_run/model2_10	../final/models/models_2nd_run/model2_10	neutral	0.36179694533348083	0.36179694533348083	0.021482199430465698	0.013398167677223682	0.012431447394192219	0.32014527916908264	0.008839666843414307	0.10971366614103317	0.11434607207775116	0.007569744251668453	0.006616688333451748	0.010155824944376945	0.01350425649434328
1199	excitement	../final/models/models_2nd_run/model2_10	../final/models/models_2nd_run/model2_10	joy	0.47040045261383057	0.2263088971376419	0.004141225945204496	0.00540557224303484	0.0033632288686931133	0.04389670491218567	0.002597703831270337	0.47040045261383057	0.21710146963596344	0.003318105824291706	0.006855626590549946	0.012859652750194073	0.003751366166397929
550	sadness	../final/models/models_2nd_run/model2_10	../final/models/models_2nd_run/model2_10	nervousness	0.35845017433166504	0.13695795834064484	0.35845017433166504	0.23223170638084412	0.06470397114753723	0.0450909323990345	0.06606414914131165	0.018619386479258537	0.015200838446617126	0.018158691003918648	0.018214678391814232	0.00676637701690197	0.019541161134839058
928	joy	../final/models/models_2nd_run/model2_10	../final/models/models_2nd_run/model2_10	joy	0.3708617389202118	0.35883527994155884	0.005304419901221991	0.00720966374501586	0.004274656996130943	0.06112932413816452	0.0031874433625489473	0.3708617389202118	0.16023476421833038	0.005440110340714455	0.007433728314936161	0.009191641584038734	0.006897225975990295
488	nervousness	../final/models/models_2nd_run/model2_10	../final/models/models_2nd_run/model2_10	neutral	0.5439636707305908	0.5439636707305908	0.030988918617367744	0.010118749924004078	0.012752959504723549	0.15430563688278198	0.012841123156249523	0.07795652002096176	0.11158551275730133	0.009186593815684319	0.011045622639358044	0.012128368020057678	0.013126273639500141
1147	anger	../final/models/models_2nd_run/model2_10	../final/models/models_2nd_run/model2_10	nervousness	0.3572308421134949	0.11264734715223312	0.3572308421134949	0.13358891010284424	0.1324678659439087	0.030926592648029327	0.11470472812652588	0.024138791486620903	0.0155183682218194	0.036561910063028336	0.020468467846512794	0.012732641771435738	0.009013631381094456
146	neutral	../final/models/models_2nd_run/model2_10	../final/models/models_2nd_run/model2_10	neutral	0.4234548509120941	0.4234548509120941	0.024545904248952866	0.013606822118163109	0.013626951724290848	0.20814907550811768	0.009659260511398315	0.12652352452278137	0.12818922102451324	0.009903645142912865	0.015731291845440865	0.01757260225713253	0.00903690978884697
402	joy	../final/models/models_2nd_run/model2_10	../final/models/models_2nd_run/model2_10	excitement	0.556289553642273	0.1386002004146576	0.013744369149208069	0.013993743807077408	0.010788824409246445	0.05561619997024536	0.004607432521879673	0.13067881762981415	0.556289553642273	0.0035150113981217146	0.015887079760432243	0.051869384944438934	0.00440935418009758
954	pride	../final/models/models_2nd_run/model2_10	../final/models/models_2nd_run/model2_10	pride	0.8265648484230042	0.0441928468644619	0.015503035858273506	0.004595995880663395	0.014758337289094925	0.8265648484230042	0.0032405946403741837	0.03779938444495201	0.032002102583646774	0.0037739709950983524	0.005330195184797049	0.005245625041425228	0.006993069313466549
1194	confusion	../final/models/models_2nd_run/model2_10	../final/models/models_2nd_run/model2_10	nervousness	0.3069290220737457	0.2779582440853119	0.3069290220737457	0.04630718752741814	0.03397083282470703	0.023081211373209953	0.15314176678657532	0.04426190257072449	0.027376020327210426	0.024770468473434448	0.027614524587988853	0.026871399953961372	0.0077173770405352116
659	joy	../final/models/models_2nd_run/model2_10	../final/models/models_2nd_run/model2_10	neutral	0.25234153866767883	0.25234153866767883	0.17699801921844482	0.19005157053470612	0.08574074506759644	0.11140084266662598	0.040868788957595825	0.05393354222178459	0.03139090910553932	0.020411372184753418	0.009431194514036179	0.013735616579651833	0.013695851899683475
463	joy	../final/models/models_2nd_run/model2_10	../final/models/models_2nd_run/model2_10	joy	0.467129647731781	0.2303236871957779	0.00483025424182415	0.005793226417154074	0.003907628823071718	0.06329532712697983	0.0029627999756485224	0.467129647731781	0.19436997175216675	0.0037319224793463945	0.006474267225712538	0.012815284542739391	0.004365989472717047
186	surprise	../final/models/models_2nd_run/model2_10	../final/models/models_2nd_run/model2_10	joy	0.32530370354652405	0.1863621473312378	0.00759209506213665	0.006256443448364735	0.005556344985961914	0.11025484651327133	0.003918020986020565	0.32530370354652405	0.3135133683681488	0.004476381465792656	0.009502925910055637	0.022131549194455147	0.005132216028869152
608	joy	../final/models/models_2nd_run/model2_10	../final/models/models_2nd_run/model2_10	neutral	0.4304305911064148	0.4304305911064148	0.014067623764276505	0.007444778457283974	0.010695981793105602	0.17164625227451324	0.006458975840359926	0.18892671167850494	0.12502987682819366	0.00816271547228098	0.014625558629631996	0.01511964201927185	0.007391289807856083
143	joy	../final/models/models_2nd_run/model2_10	../final/models/models_2nd_run/model2_10	neutral	0.29442015290260315	0.29442015290260315	0.10820610821247101	0.13314707577228546	0.05474705621600151	0.18093015253543854	0.026743577793240547	0.0959073007106781	0.05416885390877724	0.01142524927854538	0.01605958864092827	0.013405900448560715	0.010838961228728294
751	joy	../final/models/models_2nd_run/model2_10	../final/models/models_2nd_run/model2_10	joy	0.48495233058929443	0.2408590465784073	0.004689639434218407	0.005234415642917156	0.003133614081889391	0.0640338584780693	0.003016488626599312	0.48495233058929443	0.17061635851860046	0.003969647455960512	0.005207849200814962	0.009387739934027195	0.004899018909782171
981	joy	../final/models/models_2nd_run/model2_10	../final/models/models_2nd_run/model2_10	joy	0.38104212284088135	0.30553269386291504	0.010295932181179523	0.00976751558482647	0.006733752321451902	0.14652952551841736	0.004370355512946844	0.38104212284088135	0.1059136614203453	0.005958126857876778	0.007732147816568613	0.00868773553520441	0.00743649760261178
197	joy	../final/models/models_2nd_run/model2_10	../final/models/models_2nd_run/model2_10	excitement	0.28659504652023315	0.21784549951553345	0.009349165484309196	0.01208678912371397	0.00857340358197689	0.137543186545372	0.004278841894119978	0.2715561091899872	0.28659504652023315	0.004162462428212166	0.006560455076396465	0.03617303445935249	0.005275995470583439
883	pride	../final/models/models_2nd_run/model2_10	../final/models/models_2nd_run/model2_10	joy	0.5245050191879272	0.21177074313163757	0.007867412641644478	0.011726838536560535	0.004766535013914108	0.06902194023132324	0.0037239978555589914	0.5245050191879272	0.1418662965297699	0.00365373189561069	0.005956391338258982	0.01160710770636797	0.003534007351845503
279	excitement	../final/models/models_2nd_run/model2_10	../final/models/models_2nd_run/model2_10	excitement	0.47588101029396057	0.19745302200317383	0.003690967569127679	0.0060880002565681934	0.006828475743532181	0.024081291630864143	0.005223457235842943	0.1571868509054184	0.47588101029396057	0.010638180188834667	0.009121498093008995	0.09152273088693619	0.012284577824175358
293	excitement	../final/models/models_2nd_run/model2_10	../final/models/models_2nd_run/model2_10	neutral	0.40322744846343994	0.40322744846343994	0.015816645696759224	0.011997316032648087	0.008157540112733841	0.08100542426109314	0.00659950589761138	0.3055562674999237	0.1316494345664978	0.00607974361628294	0.007880926132202148	0.01659369468688965	0.005436093546450138
1155	pride	../final/models/models_2nd_run/model2_10	../final/models/models_2nd_run/model2_10	excitement	0.3539680242538452	0.23339733481407166	0.01279369555413723	0.0061924997717142105	0.007119616027921438	0.1474633514881134	0.005541680846363306	0.1918155550956726	0.3539680242538452	0.005331003572791815	0.009835729375481606	0.02038944512605667	0.006151978857815266
400	joy	../final/models/models_2nd_run/model2_10	../final/models/models_2nd_run/model2_10	pride	0.27942946553230286	0.2207420915365219	0.011859805323183537	0.00805097259581089	0.01139077264815569	0.27942946553230286	0.004703113809227943	0.2094421237707138	0.21473363041877747	0.0056891972199082375	0.007689397782087326	0.019370462745428085	0.006898962426930666
122	excitement	../final/models/models_2nd_run/model2_10	../final/models/models_2nd_run/model2_10	joy	0.4868744909763336	0.204204261302948	0.006499367766082287	0.00845479778945446	0.004474055487662554	0.10600099712610245	0.0032015868928283453	0.4868744909763336	0.15903815627098083	0.0035884466487914324	0.005055203102529049	0.007771606557071209	0.0048369430005550385
202	excitement	../final/models/models_2nd_run/model2_10	../final/models/models_2nd_run/model2_10	joy	0.45023396611213684	0.16442301869392395	0.005135807208716869	0.005631248001009226	0.003716361243277788	0.05270207300782204	0.003285202430561185	0.45023396611213684	0.2855924367904663	0.0035335272550582886	0.006480283569544554	0.015410713851451874	0.0038553138729184866
835	excitement	../final/models/models_2nd_run/model2_10	../final/models/models_2nd_run/model2_10	excitement	0.5185741782188416	0.0462622307240963	0.0017980842385441065	0.0037399069406092167	0.0037728501483798027	0.005821106024086475	0.0028472610283643007	0.0910404622554779	0.5185741782188416	0.0029400112107396126	0.007499638479202986	0.3121725618839264	0.0035317535512149334
246	excitement	../final/models/models_2nd_run/model2_10	../final/models/models_2nd_run/model2_10	neutral	0.41041073203086853	0.41041073203086853	0.006861019413918257	0.008532554842531681	0.0092306612059474	0.06695984303951263	0.0045880102552473545	0.17281535267829895	0.2657895088195801	0.00900680385529995	0.00927096139639616	0.029761547222733498	0.006772887427359819
1209	excitement	../final/models/models_2nd_run/model2_10	../final/models/models_2nd_run/model2_10	excitement	0.7372733950614929	0.07779491692781448	0.0053642368875443935	0.0032620374113321304	0.0026838367339223623	0.02399785816669464	0.003382759401574731	0.12365630269050598	0.7372733950614929	0.0023335441946983337	0.004831341560930014	0.01212017610669136	0.003299515228718519
1197	neutral	../final/models/models_2nd_run/model2_10	../final/models/models_2nd_run/model2_10	neutral	0.2654913067817688	0.2654913067817688	0.2112339287996292	0.14456555247306824	0.06279875338077545	0.07773378491401672	0.06804189831018448	0.04609894007444382	0.03530244901776314	0.024927150458097458	0.03764820471405983	0.012926116585731506	0.013231868855655193
384	excitement	../final/models/models_2nd_run/model2_10	../final/models/models_2nd_run/model2_10	joy	0.4937937557697296	0.21480226516723633	0.005394947715103626	0.005386924371123314	0.0035955358762294054	0.047872018069028854	0.003635010914877057	0.4937937557697296	0.19844961166381836	0.004412360023707151	0.0067222542129457	0.011388442479074001	0.004546865355223417
854	joy	../final/models/models_2nd_run/model2_10	../final/models/models_2nd_run/model2_10	neutral	0.3764633536338806	0.3764633536338806	0.011787615716457367	0.013762043789029121	0.011642389930784702	0.1842746138572693	0.004963585641235113	0.21015264093875885	0.14992840588092804	0.005905972793698311	0.007918182760477066	0.015696285292506218	0.007504911161959171
219	neutral	../final/models/models_2nd_run/model2_10	../final/models/models_2nd_run/model2_10	joy	0.5393668413162231	0.21316614747047424	0.006108348723500967	0.005832227412611246	0.003584969788789749	0.05791337788105011	0.0033848390448838472	0.5393668413162231	0.14547277987003326	0.004218659363687038	0.00589379109442234	0.010299998335540295	0.004758017137646675
641	fear	../final/models/models_2nd_run/model2_10	../final/models/models_2nd_run/model2_10	nervousness	0.3135142922401428	0.18616032600402832	0.3135142922401428	0.1559329777956009	0.0665823221206665	0.049371883273124695	0.04793412238359451	0.020922662690281868	0.015572569333016872	0.07518931478261948	0.013364057056605816	0.005302446894347668	0.050152942538261414
1	neutral	../final/models/models_2nd_run/model2_10	../final/models/models_2nd_run/model2_10	neutral	0.5336472988128662	0.5336472988128662	0.03362952917814255	0.014630965888500214	0.01405861135572195	0.1735183149576187	0.01153959333896637	0.09363319724798203	0.08098037540912628	0.008611938916146755	0.01285772118717432	0.01052888110280037	0.012363581918179989
112	joy	../final/models/models_2nd_run/model2_10	../final/models/models_2nd_run/model2_10	neutral	0.4046995937824249	0.4046995937824249	0.026102086529135704	0.012752655893564224	0.013716412708163261	0.26599550247192383	0.007870643399655819	0.11885416507720947	0.10901747643947601	0.006271625868976116	0.011448387987911701	0.013790847733616829	0.009480648674070835
698	pride	../final/models/models_2nd_run/model2_10	../final/models/models_2nd_run/model2_10	joy	0.45535168051719666	0.15734222531318665	0.0038590547628700733	0.004979753866791725	0.003161287633702159	0.05386100336909294	0.002757792128250003	0.45535168051719666	0.29368868470191956	0.0028797881677746773	0.005275391507893801	0.012670175172388554	0.004173198249191046
1216	excitement	../final/models/models_2nd_run/model2_10	../final/models/models_2nd_run/model2_10	neutral	0.5548360347747803	0.5548360347747803	0.02037397399544716	0.015423646196722984	0.018515555188059807	0.1768554300069809	0.008035451173782349	0.0965842679142952	0.06527333706617355	0.010319849476218224	0.011094316840171814	0.01343617681413889	0.009251941926777363
951	pride	../final/models/models_2nd_run/model2_10	../final/models/models_2nd_run/model2_10	joy	0.3144165575504303	0.2875010371208191	0.009428388439118862	0.00680397916585207	0.007692636456340551	0.11913344264030457	0.005266519729048014	0.3144165575504303	0.2018022984266281	0.0074880532920360565	0.010708550922572613	0.0227555800229311	0.0070028891786932945
1145	excitement	../final/models/models_2nd_run/model2_10	../final/models/models_2nd_run/model2_10	neutral	0.3984042704105377	0.3984042704105377	0.016711268573999405	0.010903259739279747	0.012921988032758236	0.2243824154138565	0.007110079750418663	0.11450042575597763	0.14652229845523834	0.0067003583535552025	0.01660965383052826	0.0367116779088974	0.008522267453372478
441	pride	../final/models/models_2nd_run/model2_10	../final/models/models_2nd_run/model2_10	nervousness	0.31219416856765747	0.22393928468227386	0.31219416856765747	0.10239681601524353	0.05636187642812729	0.09350670129060745	0.05411294847726822	0.050980471074581146	0.03835361450910568	0.02250172384083271	0.02155381813645363	0.010638246312737465	0.013460295274853706
663	surprise	../final/models/models_2nd_run/model2_10	../final/models/models_2nd_run/model2_10	neutral	0.42705240845680237	0.42705240845680237	0.03258791193366051	0.011110251769423485	0.0155112873762846	0.2762291729450226	0.009855837561190128	0.0851638987660408	0.09283286333084106	0.009020690806210041	0.013160568661987782	0.012493249028921127	0.014981886371970177
1182	confusion	../final/models/models_2nd_run/model2_10	../final/models/models_2nd_run/model2_10	confusion	0.48599961400032043	0.30183500051498413	0.029146509245038033	0.02932148054242134	0.03186701983213425	0.023520229384303093	0.012545148842036724	0.020135914906859398	0.014783396385610104	0.013748761266469955	0.48599961400032043	0.030223801732063293	0.006873203907161951
317	confusion	../final/models/models_2nd_run/model2_10	../final/models/models_2nd_run/model2_10	nervousness	0.673717200756073	0.026304587721824646	0.673717200756073	0.032310791313648224	0.011932196095585823	0.011740775778889656	0.19447742402553558	0.013216765597462654	0.008295767940580845	0.007315053604543209	0.013053850270807743	0.0029973459895700216	0.004638174083083868
648	joy	../final/models/models_2nd_run/model2_10	../final/models/models_2nd_run/model2_10	neutral	0.4460699260234833	0.4460699260234833	0.034994058310985565	0.024828162044286728	0.04994703829288483	0.1811838150024414	0.011088891886174679	0.09333600103855133	0.07202721387147903	0.028716959059238434	0.01398961991071701	0.028011783957481384	0.015806537121534348
709	anger	../final/models/models_2nd_run/model2_10	../final/models/models_2nd_run/model2_10	fear	0.7051181197166443	0.01726863905787468	0.09074611216783524	0.04288051277399063	0.015940561890602112	0.003694209037348628	0.7051181197166443	0.00790480151772499	0.004025933798402548	0.09297674894332886	0.009410490281879902	0.0028160063084214926	0.007217912003397942
972	pride	../final/models/models_2nd_run/model2_10	../final/models/models_2nd_run/model2_10	neutral	0.28237876296043396	0.28237876296043396	0.029406100511550903	0.02637459523975849	0.030559374019503593	0.18920762836933136	0.010948951356112957	0.098353311419487	0.22669410705566406	0.00839175470173359	0.0200189296156168	0.06796447932720184	0.009701996110379696
627	pride	../final/models/models_2nd_run/model2_10	../final/models/models_2nd_run/model2_10	excitement	0.3521774709224701	0.25684356689453125	0.012682124972343445	0.006688997149467468	0.01099448837339878	0.12661121785640717	0.006808973848819733	0.16410669684410095	0.3521774709224701	0.007395188324153423	0.009194687940180302	0.03883625194430351	0.007660263683646917
632	excitement	../final/models/models_2nd_run/model2_10	../final/models/models_2nd_run/model2_10	excitement	0.4344383776187897	0.14805547893047333	0.0034704706631600857	0.005196807440370321	0.0031334063969552517	0.035813067108392715	0.002781494054943323	0.33748531341552734	0.4344383776187897	0.004008377902209759	0.006862786132842302	0.01396139059215784	0.004793108440935612
1241	anger	../final/models/models_2nd_run/model2_10	../final/models/models_2nd_run/model2_10	nervousness	0.27390751242637634	0.23501035571098328	0.27390751242637634	0.089911088347435	0.03644585236907005	0.04973512887954712	0.029340138658881187	0.024196527898311615	0.014653271995484829	0.07812265306711197	0.012667698785662651	0.006182203069329262	0.1498275101184845
1173	joy	../final/models/models_2nd_run/model2_10	../final/models/models_2nd_run/model2_10	joy	0.5626725554466248	0.14212018251419067	0.0033497416879981756	0.0036674323491752148	0.0024561926256865263	0.043220069259405136	0.0023475103080272675	0.5626725554466248	0.22062979638576508	0.002596732694655657	0.004695582669228315	0.009170006960630417	0.003074159612879157
795	neutral	../final/models/models_2nd_run/model2_10	../final/models/models_2nd_run/model2_10	joy	0.4001366198062897	0.22537435591220856	0.0078012095764279366	0.00649616401642561	0.006257228087633848	0.08593789488077164	0.004524193704128265	0.4001366198062897	0.22393788397312164	0.006822715047746897	0.011770350858569145	0.014926102943718433	0.006015322636812925
645	surprise	../final/models/models_2nd_run/model2_10	../final/models/models_2nd_run/model2_10	surprise	0.43298012018203735	0.05212423950433731	0.0016737993573769927	0.003944794647395611	0.005197979975491762	0.00965659786015749	0.0024373827036470175	0.06011674180626869	0.4186152517795563	0.002987113082781434	0.0060983141884207726	0.43298012018203735	0.004167765378952026
1012	nervousness	../final/models/models_2nd_run/model2_10	../final/models/models_2nd_run/model2_10	neutral	0.350567489862442	0.350567489862442	0.0782436728477478	0.045449092984199524	0.01896057277917862	0.16585205495357513	0.011568496003746986	0.19868221879005432	0.0796714648604393	0.012317607179284096	0.010268740355968475	0.013528715819120407	0.014889898709952831
556	joy	../final/models/models_2nd_run/model2_10	../final/models/models_2nd_run/model2_10	pride	0.3004538416862488	0.2998485863208771	0.0176425501704216	0.011687594465911388	0.011594290845096111	0.3004538416862488	0.006075970828533173	0.19381992518901825	0.12491217255592346	0.005920101422816515	0.00788041576743126	0.011083662509918213	0.009080847725272179
681	joy	../final/models/models_2nd_run/model2_10	../final/models/models_2nd_run/model2_10	excitement	0.3385452628135681	0.18534569442272186	0.005474016536027193	0.006117828190326691	0.004597291350364685	0.09361058473587036	0.0033160040620714426	0.3290995955467224	0.3385452628135681	0.0035626234021037817	0.0066364300437271595	0.018793730065226555	0.004900890402495861
577	pride	../final/models/models_2nd_run/model2_10	../final/models/models_2nd_run/model2_10	joy	0.43327513337135315	0.24417518079280853	0.007164826150983572	0.007361975498497486	0.0050309584476053715	0.1395748108625412	0.003111533122137189	0.43327513337135315	0.1359856277704239	0.004185318481177092	0.005678759887814522	0.008582222275435925	0.0058737448416650295
1109	joy	../final/models/models_2nd_run/model2_10	../final/models/models_2nd_run/model2_10	joy	0.41410109400749207	0.20882421731948853	0.005228650756180286	0.005449249409139156	0.0043147108517587185	0.037499748170375824	0.003833192167803645	0.41410109400749207	0.28537482023239136	0.005548119079321623	0.009606621228158474	0.014497729949653149	0.005721814464777708
524	nervousness	../final/models/models_2nd_run/model2_10	../final/models/models_2nd_run/model2_10	nervousness	0.6090601682662964	0.0849112719297409	0.6090601682662964	0.019533425569534302	0.01792195998132229	0.05200964957475662	0.10231354832649231	0.040336836129426956	0.03797943517565727	0.009065407328307629	0.013096720911562443	0.005541220773011446	0.008230279199779034
1059	neutral	../final/models/models_2nd_run/model2_10	../final/models/models_2nd_run/model2_10	joy	0.39878934621810913	0.263126939535141	0.009110778570175171	0.008135538548231125	0.0059427195228636265	0.10701017826795578	0.004455677233636379	0.39878934621810913	0.17345499992370605	0.004703890066593885	0.006796747911721468	0.01340523548424244	0.005068006459623575
540	nervousness	../final/models/models_2nd_run/model2_10	../final/models/models_2nd_run/model2_10	fear	0.8445148468017578	0.014030812308192253	0.08117561787366867	0.019801313057541847	0.003548363456502557	0.0016899228794500232	0.8445148468017578	0.004859914071857929	0.002633060095831752	0.012329823337495327	0.007065423298627138	0.002867249771952629	0.005483562126755714
748	neutral	../final/models/models_2nd_run/model2_10	../final/models/models_2nd_run/model2_10	neutral	0.412320613861084	0.412320613861084	0.025065526366233826	0.022117823362350464	0.015108601190149784	0.09124156832695007	0.012219098396599293	0.2492116093635559	0.12206601351499557	0.010993854142725468	0.01078206766396761	0.02214205451309681	0.006731254514306784
1176	embarrassment	../final/models/models_2nd_run/model2_10	../final/models/models_2nd_run/model2_10	nervousness	0.4936307668685913	0.1054597720503807	0.4936307668685913	0.12054681032896042	0.047781843692064285	0.05862889811396599	0.06958351284265518	0.0325586199760437	0.017781896516680717	0.016239149495959282	0.0201956145465374	0.006671858951449394	0.010921335779130459
484	pride	../final/models/models_2nd_run/model2_10	../final/models/models_2nd_run/model2_10	joy	0.34423765540122986	0.19773860275745392	0.007232578471302986	0.011341765522956848	0.008618141524493694	0.17627257108688354	0.0033754361793398857	0.34423765540122986	0.21218736469745636	0.004939269740134478	0.006426892708986998	0.02105696126818657	0.006572748068720102
95	pride	../final/models/models_2nd_run/model2_10	../final/models/models_2nd_run/model2_10	excitement	0.5122737884521484	0.07583795487880707	0.0017387621337547898	0.004034289158880711	0.0045081330463290215	0.009939656592905521	0.0025836580898612738	0.07601886987686157	0.5122737884521484	0.003307022387161851	0.005325965583324432	0.2998809516429901	0.004550978075712919
1020	neutral	../final/models/models_2nd_run/model2_10	../final/models/models_2nd_run/model2_10	joy	0.45950326323509216	0.25803208351135254	0.006260779686272144	0.007743382826447487	0.005005784798413515	0.059051282703876495	0.00387581973336637	0.45950326323509216	0.17047274112701416	0.004797807428985834	0.0069784922525286674	0.012382189743220806	0.005896321032196283
563	neutral	../final/models/models_2nd_run/model2_10	../final/models/models_2nd_run/model2_10	joy	0.3687956631183624	0.19974081218242645	0.005886460654437542	0.0075149741023778915	0.005484959110617638	0.1021840050816536	0.0035155194345861673	0.3687956631183624	0.27668946981430054	0.004037976730614901	0.006552876904606819	0.015299195423722267	0.004298161715269089
742	surprise	../final/models/models_2nd_run/model2_10	../final/models/models_2nd_run/model2_10	joy	0.5022861361503601	0.2138672173023224	0.00965090375393629	0.010607903823256493	0.005321182776242495	0.06458088755607605	0.004051577765494585	0.5022861361503601	0.16042843461036682	0.0037337825633585453	0.006211956962943077	0.01530399639159441	0.003956030588597059
863	joy	../final/models/models_2nd_run/model2_10	../final/models/models_2nd_run/model2_10	neutral	0.3664223849773407	0.3664223849773407	0.017530029639601707	0.013941081240773201	0.01244749128818512	0.19898183643817902	0.007615223526954651	0.1984080970287323	0.13759975135326385	0.007598885800689459	0.011503942310810089	0.019785013049840927	0.008166207931935787
891	joy	../final/models/models_2nd_run/model2_10	../final/models/models_2nd_run/model2_10	neutral	0.3487805128097534	0.3487805128097534	0.17915944755077362	0.10703074187040329	0.05752887576818466	0.05499234050512314	0.04548754170536995	0.07199205458164215	0.038450200110673904	0.040090300142765045	0.023302150890231133	0.020536432042717934	0.012649493291974068
1038	neutral	../final/models/models_2nd_run/model2_10	../final/models/models_2nd_run/model2_10	joy	0.4414370656013489	0.23877057433128357	0.009694014675915241	0.012590345926582813	0.00579448975622654	0.05889663100242615	0.004196907859295607	0.4414370656013489	0.19893410801887512	0.005517625715583563	0.006817670539021492	0.01316885557025671	0.004181683994829655
206	neutral	../final/models/models_2nd_run/model2_10	../final/models/models_2nd_run/model2_10	joy	0.5235719680786133	0.18086916208267212	0.00458350358530879	0.006000514607876539	0.003523605177178979	0.06317795813083649	0.0027384492568671703	0.5235719680786133	0.19088980555534363	0.003223433857783675	0.00561236497014761	0.011554399505257607	0.004254774656146765
392	embarrassment	../final/models/models_2nd_run/model2_10	../final/models/models_2nd_run/model2_10	disgust	0.261560320854187	0.07799773663282394	0.07654299587011337	0.20446377992630005	0.23394131660461426	0.01769656501710415	0.029405910521745682	0.026980875059962273	0.014489181339740753	0.261560320854187	0.018588142469525337	0.01716749742627144	0.02116573415696621
794	joy	../final/models/models_2nd_run/model2_10	../final/models/models_2nd_run/model2_10	joy	0.5965402126312256	0.16249029338359833	0.0038486828561872244	0.004714421462267637	0.0026388042606413364	0.04935121536254883	0.0024894720409065485	0.5965402126312256	0.15846659243106842	0.0030016223900020123	0.004897014703601599	0.008094956167042255	0.00346666993573308
870	pride	../final/models/models_2nd_run/model2_10	../final/models/models_2nd_run/model2_10	joy	0.39992329478263855	0.16876107454299927	0.007023559417575598	0.007122410926967859	0.005425929091870785	0.20895826816558838	0.003029310144484043	0.39992329478263855	0.17580527067184448	0.0039823539555072784	0.006150530185550451	0.007880411110818386	0.005937635432928801
397	sadness	../final/models/models_2nd_run/model2_10	../final/models/models_2nd_run/model2_10	nervousness	0.30139264464378357	0.08937448263168335	0.30139264464378357	0.27378275990486145	0.09421970695257187	0.033617716282606125	0.052451469004154205	0.01183754950761795	0.007826493121683598	0.07781149446964264	0.010204805061221123	0.003432702273130417	0.04404815286397934
766	excitement	../final/models/models_2nd_run/model2_10	../final/models/models_2nd_run/model2_10	pride	0.46459805965423584	0.20898321270942688	0.060230523347854614	0.014026263728737831	0.03895116224884987	0.46459805965423584	0.01112863514572382	0.07797252386808395	0.07746943831443787	0.00841734278947115	0.011067955754697323	0.013889557681977749	0.013265394605696201
1166	pride	../final/models/models_2nd_run/model2_10	../final/models/models_2nd_run/model2_10	pride	0.7810186147689819	0.04873894155025482	0.014496146701276302	0.004465597681701183	0.01396927610039711	0.7810186147689819	0.0032413627486675978	0.06438736617565155	0.0452900268137455	0.0037971988786011934	0.00804395042359829	0.006332789082080126	0.006218652240931988
1028	joy	../final/models/models_2nd_run/model2_10	../final/models/models_2nd_run/model2_10	joy	0.41448119282722473	0.287155419588089	0.004408590961247683	0.004791515879333019	0.0035228508058935404	0.049729153513908386	0.0031525371596217155	0.41448119282722473	0.202919602394104	0.00460844999179244	0.00843250472098589	0.011557969264686108	0.0052402024157345295
642	neutral	../final/models/models_2nd_run/model2_10	../final/models/models_2nd_run/model2_10	neutral	0.3788583278656006	0.3788583278656006	0.04276454448699951	0.019041363149881363	0.01842222735285759	0.26523706316947937	0.01122816652059555	0.14100873470306396	0.07827010750770569	0.009831481613218784	0.013228380121290684	0.011836601421236992	0.01027296669781208
612	joy	../final/models/models_2nd_run/model2_10	../final/models/models_2nd_run/model2_10	joy	0.49294859170913696	0.18565529584884644	0.0050702886655926704	0.006231653969734907	0.0034260042011737823	0.050318412482738495	0.003152119228616357	0.49294859170913696	0.2270354926586151	0.0033634742721915245	0.006092213559895754	0.012868406251072884	0.0038380734622478485
960	neutral	../final/models/models_2nd_run/model2_10	../final/models/models_2nd_run/model2_10	neutral	0.24116134643554688	0.24116134643554688	0.136774480342865	0.05101935565471649	0.087584488093853	0.1412312239408493	0.022312073037028313	0.10033714026212692	0.0906071662902832	0.029969923198223114	0.053797781467437744	0.030830247327685356	0.01437469758093357
725	pride	../final/models/models_2nd_run/model2_10	../final/models/models_2nd_run/model2_10	pride	0.7642802596092224	0.06359872967004776	0.023623531684279442	0.006424897816032171	0.02455577813088894	0.7642802596092224	0.004892748314887285	0.0426861047744751	0.04394404590129852	0.0045275604352355	0.007461215369403362	0.007177920080721378	0.00682720635086298
683	neutral	../final/models/models_2nd_run/model2_10	../final/models/models_2nd_run/model2_10	nervousness	0.322834312915802	0.16578100621700287	0.322834312915802	0.11624316871166229	0.09776206314563751	0.057887814939022064	0.0431969054043293	0.03768608346581459	0.02400842495262623	0.07950975000858307	0.018099451437592506	0.011080624535679817	0.02591037191450596
98	pride	../final/models/models_2nd_run/model2_10	../final/models/models_2nd_run/model2_10	pride	0.7873537540435791	0.057612549513578415	0.01790607161819935	0.005109514109790325	0.015902502462267876	0.7873537540435791	0.0037369406782090664	0.047308534383773804	0.042284656316041946	0.004090046510100365	0.006012867670506239	0.005471388343721628	0.007211238145828247
804	neutral	../final/models/models_2nd_run/model2_10	../final/models/models_2nd_run/model2_10	neutral	0.4057716131210327	0.4057716131210327	0.062011875212192535	0.061597809195518494	0.057846616953611374	0.17298123240470886	0.011994089931249619	0.0954694002866745	0.056721415370702744	0.010074375197291374	0.030868390575051308	0.025352951139211655	0.009310256689786911
406	pride	../final/models/models_2nd_run/model2_10	../final/models/models_2nd_run/model2_10	pride	0.8401188850402832	0.035973917692899704	0.013060312718153	0.003838123055174947	0.011272214353084564	0.8401188850402832	0.0028797758277505636	0.04018281400203705	0.03309773653745651	0.003090313170105219	0.005809478927403688	0.004728611558675766	0.005947791039943695
502	pride	../final/models/models_2nd_run/model2_10	../final/models/models_2nd_run/model2_10	pride	0.34941524267196655	0.28968480229377747	0.025096196681261063	0.010508362203836441	0.014944897033274174	0.34941524267196655	0.00857695285230875	0.11768297106027603	0.13905642926692963	0.006325418595224619	0.012168965302407742	0.016638826578855515	0.009900938719511032
1071	joy	../final/models/models_2nd_run/model2_10	../final/models/models_2nd_run/model2_10	joy	0.5063543915748596	0.1504579335451126	0.0030590337701141834	0.005473643075674772	0.002294447273015976	0.023849740624427795	0.002794234547764063	0.5063543915748596	0.2843995988368988	0.0028585046529769897	0.004791894927620888	0.010254193097352982	0.0034123710356652737
1056	excitement	../final/models/models_2nd_run/model2_10	../final/models/models_2nd_run/model2_10	neutral	0.3140117824077606	0.3140117824077606	0.009545042179524899	0.008169716224074364	0.006557165645062923	0.12602737545967102	0.00457757106050849	0.2631121873855591	0.22771185636520386	0.006024519447237253	0.009478469379246235	0.016894057393074036	0.007890270091593266
929	neutral	../final/models/models_2nd_run/model2_10	../final/models/models_2nd_run/model2_10	neutral	0.40226879715919495	0.40226879715919495	0.011258968152105808	0.01783665455877781	0.006851525045931339	0.030467504635453224	0.009797672741115093	0.34285858273506165	0.13106253743171692	0.01148130465298891	0.008549285121262074	0.019389845430850983	0.008177265524864197
779	excitement	../final/models/models_2nd_run/model2_10	../final/models/models_2nd_run/model2_10	neutral	0.45535627007484436	0.45535627007484436	0.026598500087857246	0.009286101907491684	0.01090224552899599	0.14908555150032043	0.008803386241197586	0.17198175191879272	0.12235584110021591	0.008318259380757809	0.01709873415529728	0.013643147423863411	0.006570213474333286
200	excitement	../final/models/models_2nd_run/model2_10	../final/models/models_2nd_run/model2_10	joy	0.38343513011932373	0.3493654131889343	0.007980343885719776	0.011970081366598606	0.006710103712975979	0.0691215768456459	0.00420722272247076	0.38343513011932373	0.1304847151041031	0.006519869901239872	0.009202763438224792	0.015070546418428421	0.005932323168963194
134	joy	../final/models/models_2nd_run/model2_10	../final/models/models_2nd_run/model2_10	joy	0.2975755035877228	0.235864520072937	0.008594115264713764	0.014048699289560318	0.0074049802497029305	0.21050918102264404	0.0034505408257246017	0.2975755035877228	0.19051970541477203	0.004775571636855602	0.0051386733539402485	0.014215962961316109	0.007902597077190876
1051	pride	../final/models/models_2nd_run/model2_10	../final/models/models_2nd_run/model2_10	neutral	0.41279467940330505	0.41279467940330505	0.04245737940073013	0.022442711517214775	0.019749227911233902	0.16740764677524567	0.01161352451890707	0.1537546068429947	0.11586689203977585	0.009415309876203537	0.016613759100437164	0.019095024093985558	0.008789289742708206
40	neutral	../final/models/models_2nd_run/model2_10	../final/models/models_2nd_run/model2_10	neutral	0.3166225552558899	0.3166225552558899	0.016955869272351265	0.00856835301965475	0.011971361003816128	0.2722107470035553	0.005503242369741201	0.18650265038013458	0.14248639345169067	0.007620791904628277	0.009743261151015759	0.011353653855621815	0.010461077094078064
1017	neutral	../final/models/models_2nd_run/model2_10	../final/models/models_2nd_run/model2_10	joy	0.5386965870857239	0.25416678190231323	0.005039107520133257	0.006367616355419159	0.0036856946535408497	0.07110222429037094	0.002823940012603998	0.5386965870857239	0.0971790999174118	0.0038800358306616545	0.005289593245834112	0.007172527723014355	0.004596763290464878
230	neutral	../final/models/models_2nd_run/model2_10	../final/models/models_2nd_run/model2_10	neutral	0.2867225110530853	0.2867225110530853	0.013773834332823753	0.010072406381368637	0.009660153649747372	0.24704110622406006	0.005042561329901218	0.20086833834648132	0.19206225872039795	0.0054841795936226845	0.00734182121232152	0.013385243713855743	0.008545552380383015
378	nervousness	../final/models/models_2nd_run/model2_10	../final/models/models_2nd_run/model2_10	pride	0.6885850429534912	0.09212145954370499	0.02970210090279579	0.009266722947359085	0.03231165558099747	0.6885850429534912	0.005872473586350679	0.05818255990743637	0.05204007774591446	0.006503577809780836	0.008930097334086895	0.0072018736973404884	0.009282352402806282
288	joy	../final/models/models_2nd_run/model2_10	../final/models/models_2nd_run/model2_10	neutral	0.428027480840683	0.428027480840683	0.014165524393320084	0.009548665955662727	0.011632057838141918	0.15274076163768768	0.005365551915019751	0.20580671727657318	0.1302901953458786	0.008089249953627586	0.010770664550364017	0.013450407423079014	0.010112729854881763
418	surprise	../final/models/models_2nd_run/model2_10	../final/models/models_2nd_run/model2_10	neutral	0.6274979114532471	0.6274979114532471	0.018283501267433167	0.012480387464165688	0.008018219843506813	0.08890876919031143	0.010303406976163387	0.08893056213855743	0.10840524733066559	0.006862204056233168	0.00811090599745512	0.012775016948580742	0.009423879906535149
391	surprise	../final/models/models_2nd_run/model2_10	../final/models/models_2nd_run/model2_10	excitement	0.43850600719451904	0.18915878236293793	0.008012410253286362	0.005023742560297251	0.005139592569321394	0.09471279382705688	0.004346341360360384	0.2215667963027954	0.43850600719451904	0.004167204722762108	0.008456547744572163	0.016080860048532486	0.004828962031751871
592	surprise	../final/models/models_2nd_run/model2_10	../final/models/models_2nd_run/model2_10	surprise	0.38344159722328186	0.0444566011428833	0.0076272194273769855	0.011969529092311859	0.026324022561311722	0.0025622271932661533	0.07244718819856644	0.03662395104765892	0.15389731526374817	0.23114241659641266	0.018282918259501457	0.38344159722328186	0.011225088499486446
1162	joy	../final/models/models_2nd_run/model2_10	../final/models/models_2nd_run/model2_10	neutral	0.291530966758728	0.291530966758728	0.019089706242084503	0.017978709191083908	0.012159598059952259	0.20128865540027618	0.006429767701774836	0.2464766800403595	0.16768421232700348	0.005942294839769602	0.008145533502101898	0.01652689091861248	0.006747013423591852
1086	joy	../final/models/models_2nd_run/model2_10	../final/models/models_2nd_run/model2_10	neutral	0.3640441596508026	0.3640441596508026	0.023459354415535927	0.009097187779843807	0.01120274793356657	0.21307289600372314	0.007827822118997574	0.19167716801166534	0.1331963837146759	0.008049329742789268	0.01483637560158968	0.015114769339561462	0.008421879261732101
647	excitement	../final/models/models_2nd_run/model2_10	../final/models/models_2nd_run/model2_10	pride	0.41583433747291565	0.09833551198244095	0.016392765566706657	0.005317898001521826	0.009686182253062725	0.41583433747291565	0.0050261723808944225	0.09661464393138885	0.3194313645362854	0.004795120097696781	0.008652321994304657	0.012212556786835194	0.007701011840254068
1152	excitement	../final/models/models_2nd_run/model2_10	../final/models/models_2nd_run/model2_10	neutral	0.31269803643226624	0.31269803643226624	0.016411537304520607	0.009449605830013752	0.009140119887888432	0.11565010249614716	0.006575099658221006	0.3049902021884918	0.1367437243461609	0.004685662686824799	0.05867591127753258	0.019041769206523895	0.005938232410699129
520	neutral	../final/models/models_2nd_run/model2_10	../final/models/models_2nd_run/model2_10	neutral	0.3711470365524292	0.3711470365524292	0.0403924398124218	0.014457675628364086	0.02301168255507946	0.3452543616294861	0.013665315695106983	0.0670345202088356	0.0754939615726471	0.010059460997581482	0.013288179412484169	0.010624684393405914	0.015570646151900291
64	neutral	../final/models/models_2nd_run/model2_10	../final/models/models_2nd_run/model2_10	neutral	0.600945770740509	0.600945770740509	0.011135907843708992	0.011780322529375553	0.007692812476307154	0.09913264214992523	0.0058807795867323875	0.13908782601356506	0.09370250999927521	0.0049021546728909016	0.007019933313131332	0.011742142960429192	0.0069771381095051765
14	excitement	../final/models/models_2nd_run/model2_10	../final/models/models_2nd_run/model2_10	pride	0.29383692145347595	0.27887675166130066	0.02012956328690052	0.009681463241577148	0.010585806332528591	0.29383692145347595	0.007068941835314035	0.1488935649394989	0.19208964705467224	0.004921447020024061	0.007965338416397572	0.018025534227490425	0.007924921810626984
1180	excitement	../final/models/models_2nd_run/model2_10	../final/models/models_2nd_run/model2_10	neutral	0.28147420287132263	0.28147420287132263	0.013000564649701118	0.007061502896249294	0.009861379861831665	0.17005674540996552	0.005785348359495401	0.24485783278942108	0.22391381859779358	0.007346759550273418	0.012991504743695259	0.016760796308517456	0.006889606826007366
1064	surprise	../final/models/models_2nd_run/model2_10	../final/models/models_2nd_run/model2_10	neutral	0.4788752496242523	0.4788752496242523	0.015112629160284996	0.009738137945532799	0.010929328389465809	0.2018561065196991	0.004884377121925354	0.14044809341430664	0.10272663086652756	0.006499309092760086	0.007298562675714493	0.011302592232823372	0.010328927077353
492	joy	../final/models/models_2nd_run/model2_10	../final/models/models_2nd_run/model2_10	joy	0.5028776526451111	0.1653509885072708	0.003774188691750169	0.0049096522852778435	0.0032337289303541183	0.034367118030786514	0.003470831550657749	0.5028776526451111	0.25363385677337646	0.004596234764903784	0.006836490239948034	0.012393850833177567	0.004555345978587866
379	pride	../final/models/models_2nd_run/model2_10	../final/models/models_2nd_run/model2_10	pride	0.3090462386608124	0.30599161982536316	0.046526942402124405	0.013495147228240967	0.01699458435177803	0.3090462386608124	0.011383452452719212	0.13828201591968536	0.11205998808145523	0.007411582861095667	0.016173694282770157	0.013028559274971485	0.009606121107935905
187	excitement	../final/models/models_2nd_run/model2_10	../final/models/models_2nd_run/model2_10	joy	0.37348437309265137	0.2305452674627304	0.003928677178919315	0.005348325241357088	0.0036190354730933905	0.021525420248508453	0.003641987219452858	0.37348437309265137	0.31894969940185547	0.0054128277115523815	0.008819268085062504	0.019939150661230087	0.004785960074514151
763	neutral	../final/models/models_2nd_run/model2_10	../final/models/models_2nd_run/model2_10	joy	0.47419363260269165	0.21911342442035675	0.004752214998006821	0.005135804880410433	0.0035426069516688585	0.05415329337120056	0.003241657977923751	0.47419363260269165	0.2068876326084137	0.004063550382852554	0.007619225885719061	0.012858874164521694	0.004438033793121576
216	joy	../final/models/models_2nd_run/model2_10	../final/models/models_2nd_run/model2_10	neutral	0.3152594268321991	0.3152594268321991	0.01157678384333849	0.007778787985444069	0.006642533931881189	0.1792422980070114	0.004563331604003906	0.3056361973285675	0.13855819404125214	0.005237693898379803	0.00788322277367115	0.010541807860136032	0.007079614792019129
791	neutral	../final/models/models_2nd_run/model2_10	../final/models/models_2nd_run/model2_10	neutral	0.4002506732940674	0.4002506732940674	0.020252296701073647	0.009806699119508266	0.010190912522375584	0.1384066641330719	0.007742090150713921	0.20716440677642822	0.1654864251613617	0.00613661203533411	0.011241619475185871	0.016123265027999878	0.0071983374655246735
1076	joy	../final/models/models_2nd_run/model2_10	../final/models/models_2nd_run/model2_10	neutral	0.3341512978076935	0.3341512978076935	0.021007155999541283	0.014351561665534973	0.01694498211145401	0.23791727423667908	0.0067222542129457	0.17728301882743835	0.1467268168926239	0.0061889165081083775	0.0122080622240901	0.01830567605793476	0.00819294061511755
878	anger	../final/models/models_2nd_run/model2_10	../final/models/models_2nd_run/model2_10	neutral	0.4710758626461029	0.4710758626461029	0.12494412809610367	0.06254950910806656	0.042619336396455765	0.05574243143200874	0.05034840479493141	0.0726468563079834	0.04166758060455322	0.025110727176070213	0.014832280576229095	0.024628037586808205	0.0138348788022995
337	pride	../final/models/models_2nd_run/model2_10	../final/models/models_2nd_run/model2_10	excitement	0.39319485425949097	0.18454477190971375	0.027436474338173866	0.007141850423067808	0.013218340463936329	0.08372154086828232	0.010058664716780186	0.1804477721452713	0.39319485425949097	0.004618803039193153	0.01530555821955204	0.07597736269235611	0.004333961755037308
719	excitement	../final/models/models_2nd_run/model2_10	../final/models/models_2nd_run/model2_10	excitement	0.6624715328216553	0.08299820870161057	0.001992803066968918	0.0030892465729266405	0.004681497812271118	0.019830135628581047	0.0026004700921475887	0.10268549621105194	0.6624715328216553	0.003911226522177458	0.005052231717854738	0.1065443754196167	0.004142803605645895
295	pride	../final/models/models_2nd_run/model2_10	../final/models/models_2nd_run/model2_10	pride	0.8557662963867188	0.0319821871817112	0.013557814992964268	0.0038287839852273464	0.015408187173306942	0.8557662963867188	0.002938391175121069	0.030006043612957	0.027925962582230568	0.003183984663337469	0.005299239419400692	0.004337569698691368	0.005765484180301428
1016	neutral	../final/models/models_2nd_run/model2_10	../final/models/models_2nd_run/model2_10	excitement	0.3760925531387329	0.19505800306797028	0.0037888721562922	0.004531789571046829	0.0031071635894477367	0.02541552297770977	0.0032420025672763586	0.35567358136177063	0.3760925531387329	0.003929718863219023	0.00751884188503027	0.016612166538834572	0.005029891151934862
455	disgust	../final/models/models_2nd_run/model2_10	../final/models/models_2nd_run/model2_10	disgust	0.6670119166374207	0.14683815836906433	0.018938254565000534	0.030194303020834923	0.02333739586174488	0.009901930578052998	0.021823370829224586	0.014606797136366367	0.010423294268548489	0.6670119166374207	0.008011065423488617	0.005074078682810068	0.043839432299137115
815	joy	../final/models/models_2nd_run/model2_10	../final/models/models_2nd_run/model2_10	neutral	0.3574342727661133	0.3574342727661133	0.009279927238821983	0.009829320013523102	0.009097152389585972	0.08402333408594131	0.005236747674643993	0.32692521810531616	0.14606647193431854	0.007632466033101082	0.013928555883467197	0.024973133578896523	0.00557346548885107
269	joy	../final/models/models_2nd_run/model2_10	../final/models/models_2nd_run/model2_10	neutral	0.3243490755558014	0.3243490755558014	0.0780087411403656	0.035805948078632355	0.031553465873003006	0.08246641606092453	0.02231471799314022	0.09301994740962982	0.2597671449184418	0.019448833540081978	0.017071612179279327	0.020756615325808525	0.015437412075698376
995	neutral	../final/models/models_2nd_run/model2_10	../final/models/models_2nd_run/model2_10	neutral	0.30740708112716675	0.30740708112716675	0.008642896078526974	0.007107221987098455	0.006400106009095907	0.11820206046104431	0.0039703985676169395	0.2499738335609436	0.26360809803009033	0.005129079334437847	0.006625323090702295	0.01721051335334778	0.005723397247493267
201	neutral	../final/models/models_2nd_run/model2_10	../final/models/models_2nd_run/model2_10	nervousness	0.782086968421936	0.03143443167209625	0.782086968421936	0.01825411058962345	0.015060603618621826	0.02718179300427437	0.07214872539043427	0.01599762588739395	0.012425757944583893	0.0076474458910524845	0.007391571067273617	0.002933757146820426	0.007437192369252443
161	neutral	../final/models/models_2nd_run/model2_10	../final/models/models_2nd_run/model2_10	neutral	0.3296988010406494	0.3296988010406494	0.012572450563311577	0.01097155548632145	0.010674857534468174	0.13617104291915894	0.006376893259584904	0.22511178255081177	0.21450360119342804	0.007104331627488136	0.014118636026978493	0.02547462098300457	0.00722148921340704
729	anger	../final/models/models_2nd_run/model2_10	../final/models/models_2nd_run/model2_10	neutral	0.3224720060825348	0.3224720060825348	0.07118622213602066	0.03869772329926491	0.04713304340839386	0.10917051881551743	0.021021436899900436	0.13738153874874115	0.14163970947265625	0.027193687856197357	0.03207596018910408	0.033555831760168076	0.018472246825695038
401	pride	../final/models/models_2nd_run/model2_10	../final/models/models_2nd_run/model2_10	joy	0.3594653010368347	0.23847241699695587	0.0068291728384792805	0.007507463451474905	0.005086549557745457	0.1413334608078003	0.003175342222675681	0.3594653010368347	0.21048182249069214	0.004094944801181555	0.005329999607056379	0.01243237778544426	0.0057912408374249935
702	neutral	../final/models/models_2nd_run/model2_10	../final/models/models_2nd_run/model2_10	joy	0.34423157572746277	0.26858553290367126	0.012086501345038414	0.009802108630537987	0.007449640426784754	0.17381300032138824	0.004696108866482973	0.34423157572746277	0.15140947699546814	0.004852295853197575	0.006345977541059256	0.010946419090032578	0.005781346466392279
1129	joy	../final/models/models_2nd_run/model2_10	../final/models/models_2nd_run/model2_10	joy	0.3451835811138153	0.21288450062274933	0.0052445814944803715	0.005312920082360506	0.004439735319465399	0.10967480391263962	0.003005536738783121	0.3451835811138153	0.2849944233894348	0.004393848590552807	0.0065354518592357635	0.012834353372454643	0.005496295168995857
565	neutral	../final/models/models_2nd_run/model2_10	../final/models/models_2nd_run/model2_10	neutral	0.3027912974357605	0.3027912974357605	0.06985298544168472	0.05502694100141525	0.10897885262966156	0.10622856765985489	0.028274958953261375	0.0822099894285202	0.05430088937282562	0.12217985838651657	0.029369568452239037	0.02185017243027687	0.01893593743443489
1021	joy	../final/models/models_2nd_run/model2_10	../final/models/models_2nd_run/model2_10	neutral	0.3868255019187927	0.3868255019187927	0.019029486924409866	0.010529684834182262	0.013811401091516018	0.13372276723384857	0.008948656730353832	0.14363732933998108	0.23259195685386658	0.010688588954508305	0.01409481093287468	0.01865110918879509	0.007468640338629484
1025	joy	../final/models/models_2nd_run/model2_10	../final/models/models_2nd_run/model2_10	neutral	0.49166128039360046	0.49166128039360046	0.017733106389641762	0.017394904047250748	0.013831818476319313	0.10598054528236389	0.006952001713216305	0.19405926764011383	0.10088248550891876	0.008229517377912998	0.01602979563176632	0.020512336865067482	0.006732901558279991
1104	joy	../final/models/models_2nd_run/model2_10	../final/models/models_2nd_run/model2_10	excitement	0.3887019157409668	0.27670058608055115	0.0035309854429215193	0.005453148391097784	0.005995426792651415	0.03656630218029022	0.0031850214581936598	0.19691309332847595	0.3887019157409668	0.006268971133977175	0.009705706499516964	0.06168822571635246	0.005290713161230087
205	excitement	../final/models/models_2nd_run/model2_10	../final/models/models_2nd_run/model2_10	excitement	0.88161301612854	0.03838266059756279	0.003121098270639777	0.0023909874726086855	0.0018885806202888489	0.006209253333508968	0.003018462797626853	0.03993624076247215	0.88161301612854	0.0021607910748571157	0.003093807492405176	0.015095481649041176	0.003089559031650424
34	pride	../final/models/models_2nd_run/model2_10	../final/models/models_2nd_run/model2_10	neutral	0.31631022691726685	0.31631022691726685	0.21416369080543518	0.14118032157421112	0.0628361776471138	0.07680358737707138	0.04866045340895653	0.03077220357954502	0.024628307670354843	0.02618819661438465	0.02516970783472061	0.016893897205591202	0.016393234953284264
775	neutral	../final/models/models_2nd_run/model2_10	../final/models/models_2nd_run/model2_10	excitement	0.4225724935531616	0.19612109661102295	0.004947880748659372	0.004789853002876043	0.0047739483416080475	0.07910566031932831	0.0029594169463962317	0.24654965102672577	0.4225724935531616	0.00447486387565732	0.008301609195768833	0.019733022898435593	0.005670471582561731
508	sadness	../final/models/models_2nd_run/model2_10	../final/models/models_2nd_run/model2_10	sadness	0.25264209508895874	0.1786690354347229	0.13930249214172363	0.25264209508895874	0.07871043682098389	0.03050282783806324	0.061826515942811966	0.06745707243680954	0.04678524285554886	0.1049639880657196	0.015021315775811672	0.015399123542010784	0.00871986709535122
1254	excitement	../final/models/models_2nd_run/model2_10	../final/models/models_2nd_run/model2_10	neutral	0.4450923204421997	0.4450923204421997	0.01821170002222061	0.014735019765794277	0.011419623158872128	0.22440385818481445	0.006038479972630739	0.1588624268770218	0.08867894113063812	0.00555023830384016	0.01037044171243906	0.008657361380755901	0.00797963235527277
91	pride	../final/models/models_2nd_run/model2_10	../final/models/models_2nd_run/model2_10	neutral	0.32542726397514343	0.32542726397514343	0.008967888541519642	0.006667206063866615	0.007354182656854391	0.1451832503080368	0.004199526272714138	0.31403401494026184	0.1488848626613617	0.006333976052701473	0.00934162549674511	0.016732407733798027	0.006873731501400471
897	neutral	../final/models/models_2nd_run/model2_10	../final/models/models_2nd_run/model2_10	joy	0.4994310736656189	0.14424802362918854	0.004292404279112816	0.005179277621209621	0.003487891983240843	0.04108281433582306	0.00308444956317544	0.4994310736656189	0.26950618624687195	0.0035109343007206917	0.006753122434020042	0.01561602484434843	0.003807784290984273
564	joy	../final/models/models_2nd_run/model2_10	../final/models/models_2nd_run/model2_10	joy	0.5572990775108337	0.20769576728343964	0.004671688191592693	0.007064483594149351	0.0033664682414382696	0.037104349583387375	0.0030750890728086233	0.5572990775108337	0.15415745973587036	0.0038208470214158297	0.005719182081520557	0.011848567053675652	0.004176971036940813
776	excitement	../final/models/models_2nd_run/model2_10	../final/models/models_2nd_run/model2_10	excitement	0.5085761547088623	0.15564246475696564	0.0023998075630515814	0.0037801663856953382	0.0022974228486418724	0.019688406959176064	0.0022966014221310616	0.2770492434501648	0.5085761547088623	0.0029220336582511663	0.0045076278038322926	0.016882332041859627	0.003957809880375862
241	neutral	../final/models/models_2nd_run/model2_10	../final/models/models_2nd_run/model2_10	neutral	0.3662627041339874	0.3662627041339874	0.01031042542308569	0.01040678657591343	0.008252356201410294	0.14937454462051392	0.00454747024923563	0.26287055015563965	0.15576396882534027	0.005103865172713995	0.008058600127696991	0.01352683175355196	0.005521815735846758
13	excitement	../final/models/models_2nd_run/model2_10	../final/models/models_2nd_run/model2_10	excitement	0.3815060257911682	0.16341668367385864	0.009968729689717293	0.0058582681231200695	0.008391138166189194	0.20598214864730835	0.004265931900590658	0.17679297924041748	0.3815060257911682	0.004334243014454842	0.007904703728854656	0.025635289028286934	0.005943807773292065
315	excitement	../final/models/models_2nd_run/model2_10	../final/models/models_2nd_run/model2_10	excitement	0.31712767481803894	0.23240073025226593	0.006807963829487562	0.007728336378931999	0.0058381459675729275	0.06713896989822388	0.004652596544474363	0.3162134289741516	0.31712767481803894	0.00475538382306695	0.010405699722468853	0.022755075246095657	0.004176008980721235
600	pride	../final/models/models_2nd_run/model2_10	../final/models/models_2nd_run/model2_10	pride	0.8146362900733948	0.04788937792181969	0.01544257253408432	0.004251264501363039	0.01552689541131258	0.8146362900733948	0.0033125949557870626	0.03986404463648796	0.03675895556807518	0.003997721243649721	0.00590748805552721	0.0052866279147565365	0.00712616415694356
387	neutral	../final/models/models_2nd_run/model2_10	../final/models/models_2nd_run/model2_10	neutral	0.4697556495666504	0.4697556495666504	0.058830372989177704	0.06596694886684418	0.03117758221924305	0.11809732764959335	0.01988016627728939	0.12411456555128098	0.0652250275015831	0.011690336279571056	0.010739714838564396	0.014239280484616756	0.010283155366778374
166	confusion	../final/models/models_2nd_run/model2_10	../final/models/models_2nd_run/model2_10	confusion	0.3143322467803955	0.07462261617183685	0.24302148818969727	0.05844999849796295	0.08514956384897232	0.017676375806331635	0.0707351416349411	0.013004154898226261	0.021727098152041435	0.045952729880809784	0.3143322467803955	0.015446631237864494	0.03988191857933998
840	anger	../final/models/models_2nd_run/model2_10	../final/models/models_2nd_run/model2_10	neutral	0.2608439028263092	0.2608439028263092	0.23839645087718964	0.2234441339969635	0.04615218564867973	0.03403441607952118	0.04206755757331848	0.028370779007673264	0.017270846292376518	0.058664120733737946	0.01180859562009573	0.007798084989190102	0.031148940324783325
20	excitement	../final/models/models_2nd_run/model2_10	../final/models/models_2nd_run/model2_10	neutral	0.29272279143333435	0.29272279143333435	0.014886420220136642	0.010941514745354652	0.010285544209182262	0.27226248383522034	0.006456262897700071	0.15540559589862823	0.191141277551651	0.005499111022800207	0.012337487190961838	0.02073870226740837	0.007322744932025671
646	joy	../final/models/models_2nd_run/model2_10	../final/models/models_2nd_run/model2_10	joy	0.5901637673377991	0.15462066233158112	0.004881666973233223	0.005257057957351208	0.003230720292776823	0.05238669365644455	0.002941050101071596	0.5901637673377991	0.1634112149477005	0.0033920647110790014	0.005692922975867987	0.010179925709962845	0.0038422909565269947
1154	excitement	../final/models/models_2nd_run/model2_10	../final/models/models_2nd_run/model2_10	excitement	0.32715335488319397	0.32055604457855225	0.008022373542189598	0.006251874379813671	0.007073568180203438	0.08079231530427933	0.005274401046335697	0.20076707005500793	0.32715335488319397	0.006879718508571386	0.008122812025249004	0.021901316940784454	0.007205229718238115
831	neutral	../final/models/models_2nd_run/model2_10	../final/models/models_2nd_run/model2_10	neutral	0.5107584595680237	0.5107584595680237	0.04248325899243355	0.03410420939326286	0.03641658276319504	0.09811437129974365	0.016144221648573875	0.09519095718860626	0.07637391984462738	0.015101938508450985	0.01830638386309147	0.04838147014379501	0.008624152280390263
562	neutral	../final/models/models_2nd_run/model2_10	../final/models/models_2nd_run/model2_10	neutral	0.29996809363365173	0.29996809363365173	0.0230783112347126	0.010466535575687885	0.01587538607418537	0.2446625679731369	0.007491267751902342	0.17971715331077576	0.1755266785621643	0.0073419190011918545	0.011028686538338661	0.016961513087153435	0.007881850935518742
1240	neutral	../final/models/models_2nd_run/model2_10	../final/models/models_2nd_run/model2_10	pride	0.3003818988800049	0.24972181022167206	0.018931236118078232	0.010522431693971157	0.013930555433034897	0.3003818988800049	0.0066062151454389095	0.1692051738500595	0.1849496215581894	0.005895424168556929	0.011200621724128723	0.020900476723909378	0.007754545658826828
686	neutral	../final/models/models_2nd_run/model2_10	../final/models/models_2nd_run/model2_10	pride	0.40249383449554443	0.31446412205696106	0.02045104280114174	0.01589292101562023	0.01763688027858734	0.40249383449554443	0.007162434980273247	0.09956573694944382	0.08175040036439896	0.008655107580125332	0.0074089751578867435	0.009612503461539745	0.01490603107959032
957	excitement	../final/models/models_2nd_run/model2_10	../final/models/models_2nd_run/model2_10	joy	0.35241395235061646	0.26201656460762024	0.014491398818790913	0.010210937820374966	0.007802012842148542	0.1804630011320114	0.005555353593081236	0.35241395235061646	0.13467511534690857	0.005301751662045717	0.009074636735022068	0.011475760489702225	0.006519521586596966
189	nervousness	../final/models/models_2nd_run/model2_10	../final/models/models_2nd_run/model2_10	nervousness	0.36070412397384644	0.14858438074588776	0.36070412397384644	0.13071545958518982	0.05594771355390549	0.1233176663517952	0.06917043775320053	0.032217808067798615	0.027231726795434952	0.015213186852633953	0.015169065445661545	0.008220301009714603	0.013508178293704987
975	neutral	../final/models/models_2nd_run/model2_10	../final/models/models_2nd_run/model2_10	neutral	0.5241517424583435	0.5241517424583435	0.024230968207120895	0.0136815644800663	0.014365604147315025	0.098771832883358	0.009777464903891087	0.17177395522594452	0.0879441648721695	0.010434244759380817	0.017182575538754463	0.019302140921354294	0.008383743464946747
699	excitement	../final/models/models_2nd_run/model2_10	../final/models/models_2nd_run/model2_10	excitement	0.43346768617630005	0.2008732110261917	0.0052758147940039635	0.0055968668311834335	0.005096564069390297	0.07004933804273605	0.00392490066587925	0.23533284664154053	0.43346768617630005	0.0038296168204396963	0.005736298859119415	0.026475315913558006	0.0043416148982942104
510	surprise	../final/models/models_2nd_run/model2_10	../final/models/models_2nd_run/model2_10	joy	0.4148843586444855	0.23067022860050201	0.0033476673997938633	0.004954120609909296	0.002731295069679618	0.03214697167277336	0.0028949149418622255	0.4148843586444855	0.27952075004577637	0.003729647258296609	0.00637603597715497	0.014079616405069828	0.004664395935833454
1082	joy	../final/models/models_2nd_run/model2_10	../final/models/models_2nd_run/model2_10	joy	0.5012834072113037	0.17472563683986664	0.003847514046356082	0.00576606672257185	0.003158536273986101	0.03955705836415291	0.002846559276804328	0.5012834072113037	0.24225372076034546	0.00363438343629241	0.006100122816860676	0.012863283045589924	0.003963725175708532
474	joy	../final/models/models_2nd_run/model2_10	../final/models/models_2nd_run/model2_10	joy	0.5298106670379639	0.16135261952877045	0.004352947697043419	0.005741104017943144	0.003180862870067358	0.05401015654206276	0.0026546402368694544	0.5298106670379639	0.22006022930145264	0.0032915386836975813	0.004051836673170328	0.007454967126250267	0.004038488958030939
856	nervousness	../final/models/models_2nd_run/model2_10	../final/models/models_2nd_run/model2_10	nervousness	0.5428224802017212	0.09112633019685745	0.5428224802017212	0.01736396737396717	0.015282798558473587	0.04379548132419586	0.13475115597248077	0.038913894444704056	0.07416290044784546	0.010073174722492695	0.01196754164993763	0.0084011759608984	0.011339088901877403
747	pride	../final/models/models_2nd_run/model2_10	../final/models/models_2nd_run/model2_10	neutral	0.36469942331314087	0.36469942331314087	0.030581515282392502	0.012427102774381638	0.017730774357914925	0.2909395396709442	0.009684043936431408	0.10588227957487106	0.12262091785669327	0.008040046319365501	0.012834512628614902	0.013588499277830124	0.010971304029226303
252	pride	../final/models/models_2nd_run/model2_10	../final/models/models_2nd_run/model2_10	joy	0.4173263609409332	0.22547899186611176	0.013399152085185051	0.010403000749647617	0.008876685053110123	0.08643530309200287	0.006287177558988333	0.4173263609409332	0.18608194589614868	0.00449784379452467	0.0209962110966444	0.015433982945978642	0.004783333744853735
21	joy	../final/models/models_2nd_run/model2_10	../final/models/models_2nd_run/model2_10	excitement	0.3744182884693146	0.22845126688480377	0.007658714894205332	0.007294690702110529	0.007800844497978687	0.1071537584066391	0.0043607610277831554	0.21418148279190063	0.3744182884693146	0.004810716025531292	0.009222615510225296	0.028816990554332733	0.0058300006203353405
459	joy	../final/models/models_2nd_run/model2_10	../final/models/models_2nd_run/model2_10	pride	0.2572392225265503	0.25577837228775024	0.016808191314339638	0.017846964299678802	0.011390755884349346	0.2572392225265503	0.005641823634505272	0.2285679578781128	0.17558129131793976	0.005278746131807566	0.007009938359260559	0.012066190131008625	0.006790573243051767
1184	excitement	../final/models/models_2nd_run/model2_10	../final/models/models_2nd_run/model2_10	neutral	0.3564678430557251	0.3564678430557251	0.021728171035647392	0.014408653602004051	0.01132560707628727	0.16989633440971375	0.010463101789355278	0.13207803666591644	0.23300814628601074	0.0071283020079135895	0.010584196075797081	0.021715840324759483	0.011195763014256954
276	neutral	../final/models/models_2nd_run/model2_10	../final/models/models_2nd_run/model2_10	joy	0.37334179878234863	0.2157030999660492	0.0050690388306975365	0.008245245553553104	0.0046201772056519985	0.04221275448799133	0.004442657809704542	0.37334179878234863	0.3147734999656677	0.003970868419855833	0.006717434618622065	0.01726912520825863	0.003634187625721097
955	excitement	../final/models/models_2nd_run/model2_10	../final/models/models_2nd_run/model2_10	excitement	0.8999698758125305	0.03256291151046753	0.0025793130043894053	0.0019230683101341128	0.0015873252414166927	0.006229686550796032	0.0023334682919085026	0.032996151596307755	0.8999698758125305	0.0018640190828591585	0.002554105594754219	0.012562951073050499	0.0028371575754135847
1215	excitement	../final/models/models_2nd_run/model2_10	../final/models/models_2nd_run/model2_10	joy	0.6213361620903015	0.14400407671928406	0.0034158206544816494	0.00381641136482358	0.0023054007906466722	0.03675737977027893	0.0023674804251641035	0.6213361620903015	0.16718894243240356	0.002798063913360238	0.0048676528967916965	0.007571878377348185	0.003570766653865576
385	pride	../final/models/models_2nd_run/model2_10	../final/models/models_2nd_run/model2_10	joy	0.60845947265625	0.15078528225421906	0.004061338026076555	0.004452160559594631	0.0028711804188787937	0.04615291580557823	0.002745524048805237	0.60845947265625	0.15935610234737396	0.003122896421700716	0.005577665753662586	0.009039676748216152	0.003375735366716981
805	sadness	../final/models/models_2nd_run/model2_10	../final/models/models_2nd_run/model2_10	sadness	0.8964087963104248	0.020449550822377205	0.034522298723459244	0.8964087963104248	0.006984214764088392	0.003370417980477214	0.01406699325889349	0.009131599217653275	0.003159470157697797	0.00345260975882411	0.0031944015063345432	0.002785193035379052	0.002474380424246192
343	excitement	../final/models/models_2nd_run/model2_10	../final/models/models_2nd_run/model2_10	excitement	0.5535491108894348	0.1370837241411209	0.004948369227349758	0.004149812739342451	0.003676112974062562	0.06872430443763733	0.002894132398068905	0.19540196657180786	0.5535491108894348	0.0027855196967720985	0.004877865314483643	0.01793292723596096	0.003976082894951105
769	joy	../final/models/models_2nd_run/model2_10	../final/models/models_2nd_run/model2_10	neutral	0.4932035207748413	0.4932035207748413	0.026411816477775574	0.012542761862277985	0.012337963096797466	0.15707848966121674	0.010243070311844349	0.1275191456079483	0.11787467449903488	0.009783602319657803	0.010308168828487396	0.01178717240691185	0.010909604839980602
130	neutral	../final/models/models_2nd_run/model2_10	../final/models/models_2nd_run/model2_10	joy	0.46004682779312134	0.2794186770915985	0.00840279832482338	0.007998397573828697	0.004819461610168219	0.0837755799293518	0.004176401067525148	0.46004682779312134	0.12629495561122894	0.004653514828532934	0.005792555399239063	0.009128325618803501	0.005492533091455698
871	joy	../final/models/models_2nd_run/model2_10	../final/models/models_2nd_run/model2_10	excitement	0.388866662979126	0.24771755933761597	0.0033329944126307964	0.006460525561124086	0.005798223428428173	0.030199673026800156	0.004497747402638197	0.24616600573062897	0.388866662979126	0.008969833143055439	0.012153465300798416	0.03934323787689209	0.00649405550211668
1123	neutral	../final/models/models_2nd_run/model2_10	../final/models/models_2nd_run/model2_10	neutral	0.4985073208808899	0.4985073208808899	0.009043237194418907	0.010770284570753574	0.0061743431724607944	0.047237083315849304	0.006312047131359577	0.2670068144798279	0.11566386371850967	0.007031776010990143	0.009051317349076271	0.016471803188323975	0.006730044726282358
87	joy	../final/models/models_2nd_run/model2_10	../final/models/models_2nd_run/model2_10	joy	0.3849151134490967	0.2132648527622223	0.009755157865583897	0.010769390501081944	0.00739531172439456	0.18292681872844696	0.0037423884496092796	0.3849151134490967	0.1624479740858078	0.004214700311422348	0.005314192268997431	0.00971850287169218	0.00553572503849864
330	excitement	../final/models/models_2nd_run/model2_10	../final/models/models_2nd_run/model2_10	excitement	0.6567944288253784	0.10413964837789536	0.0027584892231971025	0.0033432706259191036	0.002941590268164873	0.029409606009721756	0.002421874785795808	0.1630409210920334	0.6567944288253784	0.002646396169438958	0.004929937422275543	0.023773299530148506	0.0038005735259503126
1238	confusion	../final/models/models_2nd_run/model2_10	../final/models/models_2nd_run/model2_10	joy	0.37557703256607056	0.2788068652153015	0.007543487939983606	0.00637965789064765	0.00534240435808897	0.09445042908191681	0.003820928977802396	0.37557703256607056	0.1940959095954895	0.004728361498564482	0.009832999669015408	0.014965236186981201	0.004456642083823681
466	surprise	../final/models/models_2nd_run/model2_10	../final/models/models_2nd_run/model2_10	neutral	0.49258068203926086	0.49258068203926086	0.07568084448575974	0.04504776746034622	0.039288025349378586	0.1095334142446518	0.021449685096740723	0.07775476574897766	0.03787878528237343	0.016359882429242134	0.052465617656707764	0.022078514099121094	0.00988190807402134
121	sadness	../final/models/models_2nd_run/model2_10	../final/models/models_2nd_run/model2_10	nervousness	0.3646894693374634	0.13965317606925964	0.3646894693374634	0.14119400084018707	0.08910644054412842	0.039297547191381454	0.0897558405995369	0.019817180931568146	0.015863817185163498	0.04784531891345978	0.02546003647148609	0.008365876972675323	0.0189512986689806
1044	neutral	../final/models/models_2nd_run/model2_10	../final/models/models_2nd_run/model2_10	neutral	0.4501990079879761	0.4501990079879761	0.0978073850274086	0.03456524759531021	0.029541315510869026	0.14081959426403046	0.0308542363345623	0.08257265388965607	0.06653902679681778	0.014337574131786823	0.022988859564065933	0.01731071062386036	0.012464472092688084
1095	pride	../final/models/models_2nd_run/model2_10	../final/models/models_2nd_run/model2_10	pride	0.3851216733455658	0.2940663993358612	0.032297469675540924	0.011777756735682487	0.017758915200829506	0.3851216733455658	0.009722830727696419	0.1090344786643982	0.09555234014987946	0.007274598814547062	0.014181318692862988	0.01173159759491682	0.011480554938316345
1130	neutral	../final/models/models_2nd_run/model2_10	../final/models/models_2nd_run/model2_10	excitement	0.574568510055542	0.1263248324394226	0.003346505342051387	0.0038487582933157682	0.0032791798003017902	0.04798642545938492	0.0027868682518601418	0.20740634202957153	0.574568510055542	0.0032103697303682566	0.004629205446690321	0.018749365583062172	0.0038635802920907736
860	excitement	../final/models/models_2nd_run/model2_10	../final/models/models_2nd_run/model2_10	pride	0.8044449687004089	0.046806450933218	0.018894363194704056	0.006071672309190035	0.023602711036801338	0.8044449687004089	0.0036567365750670433	0.042203377932310104	0.031131567433476448	0.0044295028783380985	0.006621476262807846	0.004614450503140688	0.0075226109474897385
1126	neutral	../final/models/models_2nd_run/model2_10	../final/models/models_2nd_run/model2_10	neutral	0.29030054807662964	0.29030054807662964	0.013524000532925129	0.01792902871966362	0.01006216648966074	0.24310176074504852	0.004701002035290003	0.2543623447418213	0.13094498217105865	0.00551748089492321	0.006541694048792124	0.015586632303893566	0.007428342942148447
