textid	target	model	tokenizer	predicted	prob	joy	excitement	neutral	surprise	pride	sadness	nervousness	confusion	fear	embarrassment	anger	disgust
43	joy	../final/models/models_2nd_run/model3_35	../final/models/models_2nd_run/model3_35	joy	0.5403438806533813	0.5403438806533813	0.20846016705036163	0.13184192776679993	0.05532801151275635	0.03990904614329338	0.005136928986757994	0.00439520413056016	0.004239154979586601	0.0037633541505783796	0.0024083212483674288	0.0021727760322391987	0.0020012198947370052
1160	pride	../final/models/models_2nd_run/model3_35	../final/models/models_2nd_run/model3_35	joy	0.4683975279331207	0.4683975279331207	0.16709811985492706	0.2022062987089157	0.04801426827907562	0.08522460609674454	0.004103200975805521	0.0066728489473462105	0.00600039167329669	0.0037005487829446793	0.0032333587296307087	0.0027434825897216797	0.0026054533664137125
128	joy	../final/models/models_2nd_run/model3_35	../final/models/models_2nd_run/model3_35	pride	0.5477496385574341	0.15061281621456146	0.10720077157020569	0.13767190277576447	0.014047681353986263	0.5477496385574341	0.005806321743875742	0.016012469306588173	0.00406798068434	0.004693952854722738	0.004843737930059433	0.005140464752912521	0.0021522140596061945
1232	neutral	../final/models/models_2nd_run/model3_35	../final/models/models_2nd_run/model3_35	joy	0.3429235517978668	0.3429235517978668	0.3052639663219452	0.14785367250442505	0.12849189341068268	0.046191178262233734	0.0034601909574121237	0.003945232834666967	0.010103258304297924	0.002462906762957573	0.004102314356714487	0.0026309730019420385	0.002570842858403921
1193	pride	../final/models/models_2nd_run/model3_35	../final/models/models_2nd_run/model3_35	excitement	0.33548784255981445	0.3059626817703247	0.33548784255981445	0.13655683398246765	0.03495674207806587	0.166341170668602	0.0031156649347394705	0.004903714172542095	0.0036993101239204407	0.0023506355937570333	0.002467367798089981	0.002493811072781682	0.0016642221016809344
693	neutral	../final/models/models_2nd_run/model3_35	../final/models/models_2nd_run/model3_35	neutral	0.5183147192001343	0.1369108110666275	0.038192715495824814	0.5183147192001343	0.015967492014169693	0.05517575889825821	0.015125238336622715	0.13904881477355957	0.012178427539765835	0.054175522178411484	0.004388898145407438	0.0071632410399615765	0.00335833802819252
1132	neutral	../final/models/models_2nd_run/model3_35	../final/models/models_2nd_run/model3_35	joy	0.44172337651252747	0.44172337651252747	0.10585024952888489	0.35355785489082336	0.03205326199531555	0.04356706514954567	0.0043693967163562775	0.004278953652828932	0.004527161363512278	0.0026811095885932446	0.002111600013449788	0.002799048786982894	0.0024810568429529667
859	joy	../final/models/models_2nd_run/model3_35	../final/models/models_2nd_run/model3_35	joy	0.522270143032074	0.522270143032074	0.15209485590457916	0.2586142122745514	0.02760382741689682	0.016529247164726257	0.003649171907454729	0.0029145844746381044	0.004684331361204386	0.0030858719255775213	0.001558757503516972	0.003950188867747784	0.0030448550824075937
534	surprise	../final/models/models_2nd_run/model3_35	../final/models/models_2nd_run/model3_35	excitement	0.7030122876167297	0.08341655880212784	0.7030122876167297	0.07738461345434189	0.02776903659105301	0.09100725501775742	0.0016374554252251983	0.005077171605080366	0.002570828190073371	0.0024699410423636436	0.00173277803696692	0.002590710762888193	0.0013313707895576954
778	excitement	../final/models/models_2nd_run/model3_35	../final/models/models_2nd_run/model3_35	pride	0.4480435848236084	0.12785778939723969	0.29774224758148193	0.06993842124938965	0.030988363549113274	0.4480435848236084	0.0023043842520564795	0.009273703210055828	0.004093656316399574	0.0027761952951550484	0.003355412045493722	0.002230169717222452	0.0013960758224129677
367	pride	../final/models/models_2nd_run/model3_35	../final/models/models_2nd_run/model3_35	pride	0.8614348769187927	0.020992541685700417	0.0686488077044487	0.013805054128170013	0.00819457322359085	0.8614348769187927	0.0014499775134027004	0.012528153136372566	0.003106584306806326	0.0022753446828573942	0.0044238753616809845	0.0020997370593249798	0.0010405252687633038
361	excitement	../final/models/models_2nd_run/model3_35	../final/models/models_2nd_run/model3_35	pride	0.43758249282836914	0.12212149798870087	0.3032878637313843	0.07448901236057281	0.03182720020413399	0.43758249282836914	0.0025220417883247137	0.011108032427728176	0.0041249822825193405	0.0030678610783070326	0.005380835384130478	0.002516518346965313	0.001971661811694503
721	excitement	../final/models/models_2nd_run/model3_35	../final/models/models_2nd_run/model3_35	excitement	0.2910293638706207	0.21712543070316315	0.2910293638706207	0.13311521708965302	0.04075679928064346	0.28899115324020386	0.00304037774913013	0.009327275678515434	0.004828964360058308	0.0033324637915939093	0.00389460357837379	0.0025414573028683662	0.0020168705377727747
873	pride	../final/models/models_2nd_run/model3_35	../final/models/models_2nd_run/model3_35	pride	0.8362067937850952	0.022925104945898056	0.08805020153522491	0.01765603944659233	0.009704901836812496	0.8362067937850952	0.0013004203792661428	0.010578334331512451	0.0031968120019882917	0.0022680708207190037	0.004676475655287504	0.002307041548192501	0.0011296590091660619
636	neutral	../final/models/models_2nd_run/model3_35	../final/models/models_2nd_run/model3_35	neutral	0.7286146879196167	0.1347491443157196	0.03267066180706024	0.7286146879196167	0.025999704375863075	0.028720300644636154	0.0052696699276566505	0.01133297011256218	0.008317493833601475	0.007642353419214487	0.0033714724704623222	0.006404837593436241	0.006906809750944376
123	excitement	../final/models/models_2nd_run/model3_35	../final/models/models_2nd_run/model3_35	pride	0.5939028263092041	0.05436643958091736	0.27364426851272583	0.03578007221221924	0.017836134880781174	0.5939028263092041	0.0014350153505802155	0.009455054067075253	0.0036147672217339277	0.002273749327287078	0.003957994747906923	0.0023295506834983826	0.001404113252647221
328	confusion	../final/models/models_2nd_run/model3_35	../final/models/models_2nd_run/model3_35	sadness	0.32020696997642517	0.06359460204839706	0.018660329282283783	0.09871723502874374	0.021693933755159378	0.018946528434753418	0.32020696997642517	0.28670549392700195	0.026288513094186783	0.07894545048475266	0.026538439095020294	0.011511937715113163	0.02819060906767845
461	surprise	../final/models/models_2nd_run/model3_35	../final/models/models_2nd_run/model3_35	excitement	0.4027846157550812	0.36222466826438904	0.4027846157550812	0.1363428831100464	0.045652471482753754	0.026906050741672516	0.0029993420466780663	0.0028852946124970913	0.0064483224414289	0.0030205475632101297	0.0021767683792859316	0.004613183438777924	0.003945889417082071
247	joy	../final/models/models_2nd_run/model3_35	../final/models/models_2nd_run/model3_35	neutral	0.39477071166038513	0.13456560671329498	0.06267926841974258	0.39477071166038513	0.06805653125047684	0.09377718716859818	0.018747586756944656	0.11825744807720184	0.04045921191573143	0.03783123940229416	0.014928160235285759	0.008556658402085304	0.007370433304458857
974	pride	../final/models/models_2nd_run/model3_35	../final/models/models_2nd_run/model3_35	joy	0.4807889461517334	0.4807889461517334	0.1622602939605713	0.25619110465049744	0.0505867525935173	0.01882469840347767	0.0070452517829835415	0.0029427462723106146	0.006011365447193384	0.0034522260539233685	0.0027833145577460527	0.004413435235619545	0.004699820652604103
409	excitement	../final/models/models_2nd_run/model3_35	../final/models/models_2nd_run/model3_35	joy	0.38495850563049316	0.38495850563049316	0.24660758674144745	0.23149925470352173	0.027832448482513428	0.08493851125240326	0.0028105895034968853	0.005322548560798168	0.006136131938546896	0.003436408471316099	0.0018905275501310825	0.0026888567954301834	0.0018786522559821606
51	confusion	../final/models/models_2nd_run/model3_35	../final/models/models_2nd_run/model3_35	embarrassment	0.5130600333213806	0.027174212038517	0.016506893560290337	0.05103890970349312	0.019766656681895256	0.02112031728029251	0.03949184715747833	0.14416036009788513	0.017842411994934082	0.03252338245511055	0.5130600333213806	0.01401294581592083	0.10330206155776978
155	surprise	../final/models/models_2nd_run/model3_35	../final/models/models_2nd_run/model3_35	excitement	0.4900677502155304	0.2610395848751068	0.4900677502155304	0.141367569565773	0.03504491597414017	0.0537923164665699	0.0021264960523694754	0.003803672268986702	0.003664932446554303	0.0028055936563760042	0.0018362072296440601	0.0026946659199893475	0.0017562767025083303
1248	excitement	../final/models/models_2nd_run/model3_35	../final/models/models_2nd_run/model3_35	joy	0.35912853479385376	0.35912853479385376	0.19352376461029053	0.20934683084487915	0.049707651138305664	0.15441961586475372	0.004043126478791237	0.008130422793328762	0.006865649949759245	0.003778412938117981	0.004362229723483324	0.0032398791518062353	0.003453925484791398
231	excitement	../final/models/models_2nd_run/model3_35	../final/models/models_2nd_run/model3_35	neutral	0.28108420968055725	0.07795032858848572	0.041617102921009064	0.28108420968055725	0.05692114681005478	0.11192560195922852	0.06386268883943558	0.2213561236858368	0.027460599318146706	0.040735453367233276	0.0460527129471302	0.01680469885468483	0.014229336753487587
1189	pride	../final/models/models_2nd_run/model3_35	../final/models/models_2nd_run/model3_35	pride	0.8800204992294312	0.015831978991627693	0.04950002580881119	0.014034693129360676	0.00857491698116064	0.8800204992294312	0.0013772506499662995	0.014354169368743896	0.0031334992963820696	0.0026133593637496233	0.006837830413132906	0.002578316954895854	0.0011434884509071708
210	pride	../final/models/models_2nd_run/model3_35	../final/models/models_2nd_run/model3_35	pride	0.540917694568634	0.04735378921031952	0.18020331859588623	0.06766856461763382	0.044066138565540314	0.540917694568634	0.008232987485826015	0.07127857208251953	0.0063826460391283035	0.013359342701733112	0.01156881544739008	0.006361613981425762	0.0026065418496727943
63	pride	../final/models/models_2nd_run/model3_35	../final/models/models_2nd_run/model3_35	pride	0.5593721866607666	0.0921962559223175	0.19044342637062073	0.07036269456148148	0.04712191969156265	0.5593721866607666	0.004040561616420746	0.016105400398373604	0.003874674206599593	0.004278380423784256	0.006679466925561428	0.00344278197735548	0.002082209102809429
1045	neutral	../final/models/models_2nd_run/model3_35	../final/models/models_2nd_run/model3_35	fear	0.4937573969364166	0.014981243759393692	0.005888995714485645	0.03438406437635422	0.006874409504234791	0.005488113965839148	0.020118461921811104	0.35967370867729187	0.02913614735007286	0.4937573969364166	0.005785135552287102	0.013874762691557407	0.010037640109658241
715	neutral	../final/models/models_2nd_run/model3_35	../final/models/models_2nd_run/model3_35	neutral	0.4263750910758972	0.3221249282360077	0.12179138511419296	0.4263750910758972	0.04784505441784859	0.04663547873497009	0.003960851579904556	0.0077189006842672825	0.007412176579236984	0.00500867422670126	0.003058016998693347	0.004339230712503195	0.003730191383510828
23	joy	../final/models/models_2nd_run/model3_35	../final/models/models_2nd_run/model3_35	joy	0.5257739424705505	0.5257739424705505	0.0732913613319397	0.25540661811828613	0.0377945750951767	0.0577162504196167	0.008798329159617424	0.018074344843626022	0.00660534854978323	0.007149765267968178	0.0033580658491700888	0.003097438719123602	0.002933972282335162
265	excitement	../final/models/models_2nd_run/model3_35	../final/models/models_2nd_run/model3_35	neutral	0.6623479127883911	0.12064488232135773	0.0299784354865551	0.6623479127883911	0.020009281113743782	0.0632905438542366	0.01957615464925766	0.03645757958292961	0.005629674531519413	0.011706055141985416	0.00810171477496624	0.011296169832348824	0.010961472988128662
1265	excitement	../final/models/models_2nd_run/model3_35	../final/models/models_2nd_run/model3_35	joy	0.47989606857299805	0.47989606857299805	0.09895021468400955	0.34257960319519043	0.02932179532945156	0.021419186145067215	0.004982841666787863	0.004370507318526506	0.0045014116913080215	0.004183171782642603	0.0020439596846699715	0.004275396931916475	0.003475813427940011
76	joy	../final/models/models_2nd_run/model3_35	../final/models/models_2nd_run/model3_35	pride	0.3191336989402771	0.2823515832424164	0.10974259674549103	0.18536241352558136	0.034420616924762726	0.3191336989402771	0.01860176958143711	0.025177132338285446	0.0070968931540846825	0.005955456756055355	0.006109385751187801	0.0038242863956838846	0.0022241100668907166
996	joy	../final/models/models_2nd_run/model3_35	../final/models/models_2nd_run/model3_35	neutral	0.37214890122413635	0.19432637095451355	0.20612205564975739	0.37214890122413635	0.03754764795303345	0.15978804230690002	0.0036530629731714725	0.008018651977181435	0.0040597813203930855	0.004475736524909735	0.0030429044272750616	0.004724264144897461	0.0020926822908222675
192	neutral	../final/models/models_2nd_run/model3_35	../final/models/models_2nd_run/model3_35	joy	0.4172104299068451	0.4172104299068451	0.09373761713504791	0.3775044083595276	0.045244161039590836	0.022040188312530518	0.006589593831449747	0.006380302831530571	0.00967419520020485	0.006437535863369703	0.002827276010066271	0.006385705433785915	0.0059685735031962395
209	pride	../final/models/models_2nd_run/model3_35	../final/models/models_2nd_run/model3_35	neutral	0.3474169671535492	0.16290289163589478	0.10265166312456131	0.3474169671535492	0.027733467519283295	0.3166271448135376	0.0032049594447016716	0.014987672679126263	0.006755035370588303	0.004442689474672079	0.004948839079588652	0.004776168614625931	0.00355250621214509
332	neutral	../final/models/models_2nd_run/model3_35	../final/models/models_2nd_run/model3_35	neutral	0.797360897064209	0.09445904940366745	0.014789467677474022	0.797360897064209	0.021160723641514778	0.007067734841257334	0.00878366269171238	0.008621594868600368	0.012752972543239594	0.011633171699941158	0.0030501021537929773	0.008577116765081882	0.011743547394871712
618	joy	../final/models/models_2nd_run/model3_35	../final/models/models_2nd_run/model3_35	joy	0.313668817281723	0.313668817281723	0.27999913692474365	0.2191358357667923	0.07271748781204224	0.08792806416749954	0.005035113077610731	0.006007211282849312	0.004079408012330532	0.0036398014053702354	0.0030253389850258827	0.0026909755542874336	0.0020729037933051586
1124	excitement	../final/models/models_2nd_run/model3_35	../final/models/models_2nd_run/model3_35	excitement	0.5709215402603149	0.12627185881137848	0.5709215402603149	0.17129924893379211	0.03254687786102295	0.07313382625579834	0.0024919507559388876	0.00734036136418581	0.0038077698554843664	0.0038279846776276827	0.002737558912485838	0.003202368738129735	0.0024185453075915575
101	surprise	../final/models/models_2nd_run/model3_35	../final/models/models_2nd_run/model3_35	joy	0.3859312832355499	0.3859312832355499	0.14697237312793732	0.2000155746936798	0.059655703604221344	0.09488687664270401	0.022542644292116165	0.04208977147936821	0.012977995909750462	0.016163140535354614	0.008216962218284607	0.004170140717178583	0.006377626210451126
585	excitement	../final/models/models_2nd_run/model3_35	../final/models/models_2nd_run/model3_35	nervousness	0.22395989298820496	0.09240145981311798	0.21283355355262756	0.18736334145069122	0.022979186847805977	0.11242374032735825	0.021131720393896103	0.22395989298820496	0.008112538605928421	0.030412297695875168	0.009017491713166237	0.06428411602973938	0.015080682933330536
425	pride	../final/models/models_2nd_run/model3_35	../final/models/models_2nd_run/model3_35	pride	0.39182552695274353	0.15546585619449615	0.1306438446044922	0.25577324628829956	0.022388899698853493	0.39182552695274353	0.0032051336020231247	0.018410231918096542	0.006187125574797392	0.005350151564925909	0.003815550822764635	0.004356575198471546	0.00257789995521307
1133	joy	../final/models/models_2nd_run/model3_35	../final/models/models_2nd_run/model3_35	pride	0.5516847968101501	0.09759322553873062	0.1153545007109642	0.12513166666030884	0.039919398725032806	0.5516847968101501	0.004305027425289154	0.036948591470718384	0.008766849525272846	0.005811814684420824	0.00818819459527731	0.003403115551918745	0.0028927898965775967
1164	neutral	../final/models/models_2nd_run/model3_35	../final/models/models_2nd_run/model3_35	neutral	0.6863545179367065	0.1578863263130188	0.07293607294559479	0.6863545179367065	0.020997487008571625	0.030427666381001472	0.0044959550723433495	0.005680070724338293	0.004987051244825125	0.005579437594860792	0.0021650660783052444	0.005041909404098988	0.0034484388306736946
893	joy	../final/models/models_2nd_run/model3_35	../final/models/models_2nd_run/model3_35	neutral	0.747714102268219	0.13129472732543945	0.020806066691875458	0.747714102268219	0.023871012032032013	0.009785701520740986	0.009223735891282558	0.009256941266357899	0.011143684387207031	0.011791558004915714	0.003498075297102332	0.009834238328039646	0.01178018283098936
519	joy	../final/models/models_2nd_run/model3_35	../final/models/models_2nd_run/model3_35	neutral	0.34712743759155273	0.19628377258777618	0.21789807081222534	0.34712743759155273	0.03995785117149353	0.15845555067062378	0.004660367965698242	0.011216484941542149	0.006646960508078337	0.0051774922758340836	0.004340826068073511	0.004265026655048132	0.003970228601247072
1070	excitement	../final/models/models_2nd_run/model3_35	../final/models/models_2nd_run/model3_35	excitement	0.2995981276035309	0.29045993089675903	0.2995981276035309	0.2521951496601105	0.049139924347400665	0.07298911362886429	0.004105269443243742	0.008519244380295277	0.007062247488647699	0.004583966918289661	0.0031703722197562456	0.004273252561688423	0.003903391771018505
1022	pride	../final/models/models_2nd_run/model3_35	../final/models/models_2nd_run/model3_35	pride	0.40261000394821167	0.14451366662979126	0.12661275267601013	0.22824254631996155	0.039030615240335464	0.40261000394821167	0.004351395182311535	0.027462484315037727	0.008750022388994694	0.005138734821230173	0.006753811612725258	0.003815270494669676	0.0027186768129467964
168	joy	../final/models/models_2nd_run/model3_35	../final/models/models_2nd_run/model3_35	nervousness	0.3390737771987915	0.038926225155591965	0.017067452892661095	0.07630079239606857	0.016787592321634293	0.018456509336829185	0.2409435659646988	0.3390737771987915	0.028847524896264076	0.09453414380550385	0.05043802037835121	0.023980723693966866	0.054643645882606506
435	disgust	../final/models/models_2nd_run/model3_35	../final/models/models_2nd_run/model3_35	disgust	0.5625961422920227	0.007393718231469393	0.0027115419507026672	0.024392670020461082	0.004469200037419796	0.002365632215514779	0.021284442394971848	0.07877965271472931	0.012169964611530304	0.2308175265789032	0.02532762847840786	0.027691954746842384	0.5625961422920227
1149	joy	../final/models/models_2nd_run/model3_35	../final/models/models_2nd_run/model3_35	joy	0.5833644270896912	0.5833644270896912	0.15901777148246765	0.1878562867641449	0.03200399503111839	0.017466723918914795	0.004069111309945583	0.0027391037438064814	0.0040839603170752525	0.0028931114356964827	0.0015230287099257112	0.0027809306047856808	0.0022015362046658993
282	pride	../final/models/models_2nd_run/model3_35	../final/models/models_2nd_run/model3_35	pride	0.4718196392059326	0.17733103036880493	0.11331086605787277	0.18152540922164917	0.014858074486255646	0.4718196392059326	0.005431593395769596	0.014465641230344772	0.003999547567218542	0.004222305957227945	0.004086283966898918	0.006433037109673023	0.0025165793485939503
941	neutral	../final/models/models_2nd_run/model3_35	../final/models/models_2nd_run/model3_35	neutral	0.38394325971603394	0.20090332627296448	0.08565354347229004	0.38394325971603394	0.047361988574266434	0.12575370073318481	0.024720337241888046	0.06770462542772293	0.016071200370788574	0.018569977954030037	0.011723355390131474	0.00887314323335886	0.00872159656137228
1233	excitement	../final/models/models_2nd_run/model3_35	../final/models/models_2nd_run/model3_35	pride	0.8286387324333191	0.02341696061193943	0.09791858494281769	0.015035388991236687	0.011494051665067673	0.8286387324333191	0.00128842459525913	0.009748592041432858	0.003083897987380624	0.002095041563734412	0.004216786939650774	0.0020387035328894854	0.0010248541366308928
643	joy	../final/models/models_2nd_run/model3_35	../final/models/models_2nd_run/model3_35	joy	0.46314212679862976	0.46314212679862976	0.05260177701711655	0.41440752148628235	0.016633495688438416	0.028353840112686157	0.0042489562183618546	0.004472781904041767	0.004150614608079195	0.0036821900866925716	0.0017027403227984905	0.0040621343068778515	0.002541824709624052
885	neutral	../final/models/models_2nd_run/model3_35	../final/models/models_2nd_run/model3_35	excitement	0.36804744601249695	0.12705107033252716	0.36804744601249695	0.20511144399642944	0.04328206181526184	0.18041394650936127	0.0030879329424351454	0.04212433472275734	0.009115937165915966	0.010252432897686958	0.004677603952586651	0.0038470171857625246	0.002988683059811592
1234	fear	../final/models/models_2nd_run/model3_35	../final/models/models_2nd_run/model3_35	nervousness	0.49883201718330383	0.029242485761642456	0.01621498540043831	0.054787009954452515	0.014658298343420029	0.013795103877782822	0.03605576232075691	0.49883201718330383	0.02783561311662197	0.2784619927406311	0.01244900468736887	0.010422494262456894	0.007245243061333895
413	neutral	../final/models/models_2nd_run/model3_35	../final/models/models_2nd_run/model3_35	joy	0.32235193252563477	0.32235193252563477	0.2581319212913513	0.30528774857521057	0.0507645308971405	0.03944498300552368	0.0035882326774299145	0.003121309680864215	0.003640764858573675	0.003473038552328944	0.0022614412009716034	0.0042241946794092655	0.0037098685279488564
196	neutral	../final/models/models_2nd_run/model3_35	../final/models/models_2nd_run/model3_35	joy	0.39105021953582764	0.39105021953582764	0.13521414995193481	0.3351760506629944	0.05959487706422806	0.04129621013998985	0.006252453196793795	0.00679032364860177	0.008308637887239456	0.004477907903492451	0.0033817547373473644	0.0037418850697577	0.004715505056083202
438	excitement	../final/models/models_2nd_run/model3_35	../final/models/models_2nd_run/model3_35	pride	0.7237776517868042	0.051144152879714966	0.12544941902160645	0.05288727208971977	0.015319088473916054	0.7237776517868042	0.0017512908671051264	0.014233483001589775	0.00403423560783267	0.003288801060989499	0.003704918548464775	0.0028743844013661146	0.0015353539492934942
660	neutral	../final/models/models_2nd_run/model3_35	../final/models/models_2nd_run/model3_35	joy	0.42983385920524597	0.42983385920524597	0.14126892387866974	0.34969738125801086	0.030077660456299782	0.022958526387810707	0.003471046919003129	0.004398143384605646	0.004807755816727877	0.004052431788295507	0.0018931933445855975	0.004054472781717777	0.003486605128273368
1260	neutral	../final/models/models_2nd_run/model3_35	../final/models/models_2nd_run/model3_35	neutral	0.7848132252693176	0.05712210759520531	0.010252809152007103	0.7848132252693176	0.021911172196269035	0.0072417063638567924	0.020690426230430603	0.023893941193819046	0.013104517012834549	0.02389230579137802	0.005789650604128838	0.010938374325633049	0.02034975402057171
695	nervousness	../final/models/models_2nd_run/model3_35	../final/models/models_2nd_run/model3_35	excitement	0.48457446694374084	0.07395908236503601	0.48457446694374084	0.06527920067310333	0.30968111753463745	0.04148020222783089	0.0021960779558867216	0.0040016802959144115	0.004959620535373688	0.0029191409703344107	0.0063231936655938625	0.002424051519483328	0.002202151343226433
892	joy	../final/models/models_2nd_run/model3_35	../final/models/models_2nd_run/model3_35	neutral	0.6130257844924927	0.23479051887989044	0.06186818704009056	0.6130257844924927	0.023582303896546364	0.013999849557876587	0.005641662050038576	0.009518607519567013	0.005735926795750856	0.008948681876063347	0.002060100669041276	0.011758110485970974	0.009070253930985928
220	joy	../final/models/models_2nd_run/model3_35	../final/models/models_2nd_run/model3_35	joy	0.5153237581253052	0.5153237581253052	0.17118562757968903	0.2295897901058197	0.03666190057992935	0.016265561804175377	0.006398107390850782	0.00432283291593194	0.006090676877647638	0.0029908486176282167	0.0022699283435940742	0.005079573951661587	0.0038213643711060286
889	pride	../final/models/models_2nd_run/model3_35	../final/models/models_2nd_run/model3_35	pride	0.30924952030181885	0.17883451282978058	0.30125781893730164	0.12863647937774658	0.04536901041865349	0.30924952030181885	0.0031090399716049433	0.012759444303810596	0.007076678331941366	0.003884163685142994	0.0043674553744494915	0.0031593285966664553	0.0022965390235185623
528	neutral	../final/models/models_2nd_run/model3_35	../final/models/models_2nd_run/model3_35	joy	0.41948801279067993	0.41948801279067993	0.124018095433712	0.3112439811229706	0.030597742646932602	0.08496177941560745	0.0048587205819785595	0.007568633183836937	0.004257143009454012	0.0038150211330503225	0.0026185272727161646	0.003664453746750951	0.0029078549705445766
478	excitement	../final/models/models_2nd_run/model3_35	../final/models/models_2nd_run/model3_35	neutral	0.6110979318618774	0.23497503995895386	0.04414068162441254	0.6110979318618774	0.025834396481513977	0.0332256555557251	0.006929905619472265	0.015294170938432217	0.007143587339669466	0.007746935822069645	0.0028029740788042545	0.005868423264473677	0.004940393380820751
620	excitement	../final/models/models_2nd_run/model3_35	../final/models/models_2nd_run/model3_35	joy	0.3799563944339752	0.3799563944339752	0.2994886636734009	0.199533149600029	0.035192590206861496	0.06280814111232758	0.002838934538885951	0.005700018256902695	0.004275847226381302	0.003594712819904089	0.00203194678761065	0.0026611420325934887	0.0019184512784704566
270	neutral	../final/models/models_2nd_run/model3_35	../final/models/models_2nd_run/model3_35	neutral	0.8000102639198303	0.05625905469059944	0.01771051064133644	0.8000102639198303	0.013799143023788929	0.03490239381790161	0.005890706088393927	0.031381793320178986	0.008671771734952927	0.014990332536399364	0.0034152523148804903	0.008241955190896988	0.004726819694042206
261	neutral	../final/models/models_2nd_run/model3_35	../final/models/models_2nd_run/model3_35	joy	0.4358420968055725	0.4358420968055725	0.10550627112388611	0.3650684654712677	0.029498867690563202	0.03742412477731705	0.005053585860878229	0.004586899187415838	0.004735846072435379	0.0035637638065963984	0.002257992047816515	0.003758117789402604	0.0027040301356464624
81	pride	../final/models/models_2nd_run/model3_35	../final/models/models_2nd_run/model3_35	joy	0.5969353318214417	0.5969353318214417	0.08434773236513138	0.25515246391296387	0.020664997398853302	0.018053697422146797	0.003734119003638625	0.0031214107293635607	0.005740868393331766	0.0034621041268110275	0.0017629413632676005	0.0039053522050380707	0.0031190018635243177
1135	embarrassment	../final/models/models_2nd_run/model3_35	../final/models/models_2nd_run/model3_35	disgust	0.4013642966747284	0.025111408904194832	0.007829356007277966	0.05347365140914917	0.014509715139865875	0.0070328060537576675	0.1958320289850235	0.0922267884016037	0.008272521197795868	0.05170541629195213	0.11299598962068558	0.029646042734384537	0.4013642966747284
78	pride	../final/models/models_2nd_run/model3_35	../final/models/models_2nd_run/model3_35	anger	0.36016184091567993	0.018143579363822937	0.017799491062760353	0.1359543353319168	0.005938079673796892	0.06232714653015137	0.014385256916284561	0.23041784763336182	0.006925132125616074	0.1115434318780899	0.014879493974149227	0.36016184091567993	0.021524351090192795
599	joy	../final/models/models_2nd_run/model3_35	../final/models/models_2nd_run/model3_35	pride	0.5933043360710144	0.1302059143781662	0.07725700736045837	0.06636430323123932	0.017123186960816383	0.5933043360710144	0.014760772697627544	0.06303008645772934	0.005252891220152378	0.00502750976011157	0.009286987595260143	0.013964280486106873	0.004422693978995085
551	excitement	../final/models/models_2nd_run/model3_35	../final/models/models_2nd_run/model3_35	neutral	0.47560417652130127	0.1450044810771942	0.022296864539384842	0.47560417652130127	0.015972115099430084	0.027953337877988815	0.03641277179121971	0.11447877436876297	0.0148340268060565	0.08768267184495926	0.009587254375219345	0.013659453950822353	0.03651397302746773
58	surprise	../final/models/models_2nd_run/model3_35	../final/models/models_2nd_run/model3_35	joy	0.3696671426296234	0.3696671426296234	0.34342727065086365	0.1521112322807312	0.04409165680408478	0.06721451878547668	0.003192091593518853	0.003867831313982606	0.005144864320755005	0.002212369116023183	0.0027054885867983103	0.003717458341270685	0.0026480688247829676
1108	nervousness	../final/models/models_2nd_run/model3_35	../final/models/models_2nd_run/model3_35	anger	0.4257292151451111	0.027727296575903893	0.008107615634799004	0.055146075785160065	0.005997510626912117	0.028102317824959755	0.06824243068695068	0.22957147657871246	0.008896414190530777	0.025939663872122765	0.022486090660095215	0.4257292151451111	0.09405393898487091
464	pride	../final/models/models_2nd_run/model3_35	../final/models/models_2nd_run/model3_35	joy	0.5188607573509216	0.5188607573509216	0.17361554503440857	0.2296009063720703	0.033917736262083054	0.020059319213032722	0.003586207516491413	0.003136717714369297	0.005239350255578756	0.0030993728432804346	0.0018563198391348124	0.004290830809623003	0.0027368722949177027
700	nervousness	../final/models/models_2nd_run/model3_35	../final/models/models_2nd_run/model3_35	pride	0.6146217584609985	0.01953345350921154	0.04541235417127609	0.016358142718672752	0.009028480388224125	0.6146217584609985	0.004840936977416277	0.2212054431438446	0.011497674509882927	0.029379546642303467	0.021607307717204094	0.0038500321097671986	0.002664810512214899
1247	disgust	../final/models/models_2nd_run/model3_35	../final/models/models_2nd_run/model3_35	anger	0.6759122610092163	0.00883521605283022	0.0034151545260101557	0.015197222121059895	0.00353438314050436	0.005117450840771198	0.07949276268482208	0.049293361604213715	0.025441590696573257	0.022097475826740265	0.0168385561555624	0.6759122610092163	0.09482450038194656
423	pride	../final/models/models_2nd_run/model3_35	../final/models/models_2nd_run/model3_35	joy	0.5695254802703857	0.5695254802703857	0.07217532396316528	0.29129698872566223	0.018088070675730705	0.024424415081739426	0.003568365005776286	0.003720758482813835	0.005279984790831804	0.0036159909795969725	0.0016639800742268562	0.0038732036482542753	0.0027673544827848673
49	joy	../final/models/models_2nd_run/model3_35	../final/models/models_2nd_run/model3_35	neutral	0.43468037247657776	0.2997893989086151	0.12860824167728424	0.43468037247657776	0.07423318922519684	0.02600174956023693	0.004880703520029783	0.006608392111957073	0.007936141453683376	0.004725886508822441	0.003089181613177061	0.005309348925948143	0.004137319512665272
289	surprise	../final/models/models_2nd_run/model3_35	../final/models/models_2nd_run/model3_35	nervousness	0.22592991590499878	0.07594630122184753	0.05594095215201378	0.0831170454621315	0.13063845038414001	0.09932491928339005	0.07036544382572174	0.22592991590499878	0.08095462620258331	0.047172293066978455	0.10224337130784988	0.009151022881269455	0.019215572625398636
1161	excitement	../final/models/models_2nd_run/model3_35	../final/models/models_2nd_run/model3_35	nervousness	0.3267018795013428	0.07932097464799881	0.02234647050499916	0.17697586119174957	0.0114799365401268	0.08258265256881714	0.0625024139881134	0.3267018795013428	0.009180979803204536	0.02706701122224331	0.01520189642906189	0.15197788178920746	0.03466201573610306
809	excitement	../final/models/models_2nd_run/model3_35	../final/models/models_2nd_run/model3_35	excitement	0.7599595189094543	0.05540873482823372	0.7599595189094543	0.10307323932647705	0.027912698686122894	0.025941619649529457	0.0018926952034235	0.008402706123888493	0.003511511953547597	0.006208868697285652	0.0014597688568755984	0.00441889138892293	0.0018097206484526396
462	joy	../final/models/models_2nd_run/model3_35	../final/models/models_2nd_run/model3_35	joy	0.39565056562423706	0.39565056562423706	0.21763329207897186	0.22770395874977112	0.05514393374323845	0.07665707916021347	0.003791669849306345	0.0061199781484901905	0.005408248398452997	0.003567529609426856	0.0029270288068801165	0.002702154451981187	0.002694457769393921
439	excitement	../final/models/models_2nd_run/model3_35	../final/models/models_2nd_run/model3_35	excitement	0.34556370973587036	0.3413463234901428	0.34556370973587036	0.1829732060432434	0.04584255814552307	0.06217159330844879	0.003656954737380147	0.005035946145653725	0.003811168484389782	0.0024903672747313976	0.0025627880822867155	0.0027770530432462692	0.0017683624755591154
355	neutral	../final/models/models_2nd_run/model3_35	../final/models/models_2nd_run/model3_35	neutral	0.7375958561897278	0.14211983978748322	0.026958042755723	0.7375958561897278	0.019269626587629318	0.021503321826457977	0.006145346909761429	0.012401948682963848	0.009128713048994541	0.007772277574986219	0.0027220831252634525	0.0077494364231824875	0.006633608136326075
428	joy	../final/models/models_2nd_run/model3_35	../final/models/models_2nd_run/model3_35	joy	0.5333516597747803	0.5333516597747803	0.1364525556564331	0.23843298852443695	0.031832288950681686	0.03634996339678764	0.0036321331281214952	0.004256002139300108	0.003972637001425028	0.00306811579503119	0.0023116236552596092	0.0036552948877215385	0.00268485932610929
422	pride	../final/models/models_2nd_run/model3_35	../final/models/models_2nd_run/model3_35	joy	0.4641997218132019	0.4641997218132019	0.08932614326477051	0.2706010341644287	0.02941175177693367	0.08656453341245651	0.02778189815580845	0.01350945420563221	0.0037623366806656122	0.005470045376569033	0.0037336417008191347	0.003049383871257305	0.002590092131868005
374	excitement	../final/models/models_2nd_run/model3_35	../final/models/models_2nd_run/model3_35	joy	0.543401837348938	0.543401837348938	0.11216995865106583	0.26778292655944824	0.020800113677978516	0.03515264764428139	0.004184887744486332	0.0035423620138317347	0.003398842178285122	0.003095838241279125	0.0015431384090334177	0.0029634572565555573	0.001963994698598981
1084	nervousness	../final/models/models_2nd_run/model3_35	../final/models/models_2nd_run/model3_35	nervousness	0.4255176782608032	0.026358691975474358	0.008457459509372711	0.04781512916088104	0.005852474831044674	0.02605261467397213	0.12894025444984436	0.4255176782608032	0.010981578379869461	0.044260941445827484	0.0207427516579628	0.19347436726093292	0.061546023935079575
667	excitement	../final/models/models_2nd_run/model3_35	../final/models/models_2nd_run/model3_35	excitement	0.8254104852676392	0.05029013380408287	0.8254104852676392	0.06663531064987183	0.02491459622979164	0.015594638884067535	0.0016494877636432648	0.003865773556753993	0.0026898107025772333	0.00310396496206522	0.00121055927593261	0.002993543865159154	0.0016416646540164948
666	disgust	../final/models/models_2nd_run/model3_35	../final/models/models_2nd_run/model3_35	disgust	0.6640510559082031	0.004771590698510408	0.0019005904905498028	0.01268813107162714	0.0020697717554867268	0.0031916440930217505	0.03649941086769104	0.03435948118567467	0.004549472127109766	0.013293281197547913	0.02356712892651558	0.1990584284067154	0.6640510559082031
1037	excitement	../final/models/models_2nd_run/model3_35	../final/models/models_2nd_run/model3_35	pride	0.7204039096832275	0.024231737479567528	0.18271014094352722	0.022540107369422913	0.011303487233817577	0.7204039096832275	0.0018058819696307182	0.019817478954792023	0.003909065388143063	0.004133692942559719	0.005115782376378775	0.0026260134764015675	0.0014027521247044206
1183	excitement	../final/models/models_2nd_run/model3_35	../final/models/models_2nd_run/model3_35	joy	0.28333351016044617	0.28333351016044617	0.15150858461856842	0.2677270174026489	0.04161333292722702	0.2093275636434555	0.0046772425994277	0.01791391149163246	0.006704756524413824	0.006308454088866711	0.004123721271753311	0.0037871073000133038	0.0029747607186436653
714	neutral	../final/models/models_2nd_run/model3_35	../final/models/models_2nd_run/model3_35	excitement	0.6535997986793518	0.058111052960157394	0.6535997986793518	0.07819259166717529	0.032500870525836945	0.016920380294322968	0.0025006234645843506	0.013355590403079987	0.12431138008832932	0.010871135629713535	0.002989203203469515	0.004046200774610043	0.0026011979207396507
208	joy	../final/models/models_2nd_run/model3_35	../final/models/models_2nd_run/model3_35	neutral	0.6618741750717163	0.21654795110225677	0.035501882433891296	0.6618741750717163	0.025907419621944427	0.011807536706328392	0.006945142522454262	0.00861256755888462	0.00802623014897108	0.008032592944800854	0.002374777803197503	0.007533182390034199	0.00683647720143199
240	excitement	../final/models/models_2nd_run/model3_35	../final/models/models_2nd_run/model3_35	joy	0.5141451358795166	0.5141451358795166	0.20956934988498688	0.20429830253124237	0.031787894666194916	0.01666988432407379	0.003091701539233327	0.003303287085145712	0.005001015495508909	0.003278310876339674	0.0017492002807557583	0.0041901846416294575	0.002915716264396906
999	neutral	../final/models/models_2nd_run/model3_35	../final/models/models_2nd_run/model3_35	joy	0.4472309350967407	0.4472309350967407	0.06956765800714493	0.4114729166030884	0.024402650073170662	0.012492611072957516	0.004640611819922924	0.004434963688254356	0.007770424243062735	0.006051626987755299	0.001967944437637925	0.005189529620110989	0.004778068047016859
243	neutral	../final/models/models_2nd_run/model3_35	../final/models/models_2nd_run/model3_35	neutral	0.270950585603714	0.24647031724452972	0.13075025379657745	0.270950585603714	0.035078149288892746	0.26245611906051636	0.006923795212060213	0.02275005355477333	0.005836222320795059	0.006154211703687906	0.005200979299843311	0.0047687953338027	0.0026605925522744656
602	pride	../final/models/models_2nd_run/model3_35	../final/models/models_2nd_run/model3_35	pride	0.6970959305763245	0.08700297027826309	0.13229383528232574	0.04399672523140907	0.014868699014186859	0.6970959305763245	0.001972242956981063	0.009867635555565357	0.0034810996148735285	0.0023031518794596195	0.003668186254799366	0.0021903072483837605	0.0012592831626534462
983	pride	../final/models/models_2nd_run/model3_35	../final/models/models_2nd_run/model3_35	pride	0.6829124093055725	0.05385047569870949	0.15806257724761963	0.05219109356403351	0.021660055965185165	0.6829124093055725	0.002372167771682143	0.01256946474313736	0.00420814985409379	0.0033430203329771757	0.004604197572916746	0.002808072604238987	0.0014184232568368316
1061	neutral	../final/models/models_2nd_run/model3_35	../final/models/models_2nd_run/model3_35	neutral	0.7293097376823425	0.12243956327438354	0.020588025450706482	0.7293097376823425	0.012257023714482784	0.02339913137257099	0.027521053329110146	0.02839304320514202	0.0033624833449721336	0.014914783649146557	0.0032109543681144714	0.009407874196767807	0.0051962947472929955
984	excitement	../final/models/models_2nd_run/model3_35	../final/models/models_2nd_run/model3_35	excitement	0.8173773288726807	0.042574577033519745	0.8173773288726807	0.05478394031524658	0.018365759402513504	0.045462217181921005	0.0016334400279447436	0.008017340674996376	0.0028572084847837687	0.00364856980741024	0.0015290479641407728	0.0024624206125736237	0.0012880591675639153
765	joy	../final/models/models_2nd_run/model3_35	../final/models/models_2nd_run/model3_35	joy	0.5353176593780518	0.5353176593780518	0.11824498325586319	0.2652057707309723	0.02308093197643757	0.0360025130212307	0.0031491219997406006	0.0033947087358683348	0.0047611878253519535	0.003130425699055195	0.0017125384183600545	0.00358921498991549	0.0024109480436891317
174	pride	../final/models/models_2nd_run/model3_35	../final/models/models_2nd_run/model3_35	pride	0.3322131335735321	0.14883224666118622	0.10127013176679611	0.25021323561668396	0.049051593989133835	0.3322131335735321	0.009108533151447773	0.04966343939304352	0.015170678496360779	0.009437385015189648	0.01873485930263996	0.00804967526346445	0.008255032822489738
814	excitement	../final/models/models_2nd_run/model3_35	../final/models/models_2nd_run/model3_35	joy	0.5265304446220398	0.5265304446220398	0.2551530599594116	0.13959722220897675	0.030620021745562553	0.028845373541116714	0.0029873608145862818	0.0030227520037442446	0.004032869823276997	0.00255384249612689	0.0016760483849793673	0.002850446617230773	0.0021305487025529146
994	pride	../final/models/models_2nd_run/model3_35	../final/models/models_2nd_run/model3_35	excitement	0.43822088837623596	0.27787211537361145	0.43822088837623596	0.12729720771312714	0.04459482431411743	0.08616407960653305	0.003124284790828824	0.004641760140657425	0.006431365851312876	0.0029537258669734	0.0030521436128765345	0.0028154398314654827	0.0028322699945420027
967	neutral	../final/models/models_2nd_run/model3_35	../final/models/models_2nd_run/model3_35	joy	0.4593159854412079	0.4593159854412079	0.19382475316524506	0.2581488788127899	0.03000389039516449	0.035929325968027115	0.0032016709446907043	0.004165498539805412	0.004983336199074984	0.0029754701536148787	0.0018198478501290083	0.003034530906006694	0.002596752718091011
44	joy	../final/models/models_2nd_run/model3_35	../final/models/models_2nd_run/model3_35	joy	0.39091432094573975	0.39091432094573975	0.12045995891094208	0.3788416087627411	0.024936523288488388	0.06030558794736862	0.003483510809019208	0.004876360297203064	0.004803463816642761	0.0030571073293685913	0.002130008302628994	0.003599101910367608	0.002592409960925579
1211	joy	../final/models/models_2nd_run/model3_35	../final/models/models_2nd_run/model3_35	joy	0.5620543360710144	0.5620543360710144	0.2361106127500534	0.13150587677955627	0.03424865007400513	0.013964153826236725	0.003711466211825609	0.002443266101181507	0.005166946444660425	0.0026843640953302383	0.001681825378909707	0.0036301366053521633	0.00279841641895473
477	excitement	../final/models/models_2nd_run/model3_35	../final/models/models_2nd_run/model3_35	joy	0.4604615271091461	0.4604615271091461	0.12640056014060974	0.3044041395187378	0.03137515112757683	0.047305501997470856	0.0041321380995213985	0.005437641870230436	0.006390579044818878	0.00324818748049438	0.002812887541949749	0.004174141678959131	0.0038574521895498037
29	joy	../final/models/models_2nd_run/model3_35	../final/models/models_2nd_run/model3_35	joy	0.4138331413269043	0.4138331413269043	0.25548720359802246	0.16903243958950043	0.08896814286708832	0.04236285015940666	0.0038679344579577446	0.004913329146802425	0.0056411162950098515	0.003569791093468666	0.004066904075443745	0.003726100781932473	0.004531082697212696
31	pride	../final/models/models_2nd_run/model3_35	../final/models/models_2nd_run/model3_35	joy	0.5204917788505554	0.5204917788505554	0.08664766699075699	0.3181474208831787	0.03124210238456726	0.014728382229804993	0.004786505829542875	0.0037889224477112293	0.005692540667951107	0.004267831798642874	0.00206235540099442	0.0043874564580619335	0.003757021389901638
1157	joy	../final/models/models_2nd_run/model3_35	../final/models/models_2nd_run/model3_35	joy	0.6488953232765198	0.6488953232765198	0.12224284559488297	0.16973596811294556	0.02415211871266365	0.01292669028043747	0.0035296608693897724	0.0027105400804430246	0.0046858955174684525	0.003127832431346178	0.0014848945429548621	0.004031258635222912	0.0024769173469394445
382	neutral	../final/models/models_2nd_run/model3_35	../final/models/models_2nd_run/model3_35	joy	0.49104753136634827	0.49104753136634827	0.24726137518882751	0.17465800046920776	0.032135624438524246	0.03671278432011604	0.0028011570684611797	0.002729160012677312	0.0035933710169047117	0.0026236942503601313	0.0017055112402886152	0.0029018970672041178	0.001829925226047635
907	neutral	../final/models/models_2nd_run/model3_35	../final/models/models_2nd_run/model3_35	neutral	0.790783166885376	0.08916977047920227	0.010453407652676105	0.790783166885376	0.014148417860269547	0.009526426903903484	0.01795811951160431	0.021580789238214493	0.010513545013964176	0.017200330272316933	0.002789435675367713	0.007759339176118374	0.008117197081446648
583	sadness	../final/models/models_2nd_run/model3_35	../final/models/models_2nd_run/model3_35	sadness	0.9603791832923889	0.0051540895365178585	0.0011050199391320348	0.006287894677370787	0.0021076728589832783	0.0006633364246226847	0.9603791832923889	0.006430414970964193	0.0021400859113782644	0.005043469835072756	0.002323396969586611	0.0030258207116276026	0.005339633207768202
86	joy	../final/models/models_2nd_run/model3_35	../final/models/models_2nd_run/model3_35	joy	0.4499223530292511	0.4499223530292511	0.17172987759113312	0.2902100384235382	0.030879497528076172	0.032993022352457047	0.0036501341965049505	0.0038559865206480026	0.004672336857765913	0.003398560220375657	0.0017498659435659647	0.003971868194639683	0.0029664868488907814
1091	pride	../final/models/models_2nd_run/model3_35	../final/models/models_2nd_run/model3_35	pride	0.7944532632827759	0.035942982882261276	0.07880484312772751	0.04299023002386093	0.010629980824887753	0.7944532632827759	0.0016049665864557028	0.01893528923392296	0.003972767852246761	0.0034168094862252474	0.004779788665473461	0.0029356754384934902	0.001533479429781437
308	fear	../final/models/models_2nd_run/model3_35	../final/models/models_2nd_run/model3_35	confusion	0.5532169938087463	0.016932565718889236	0.005298946518450975	0.022184699773788452	0.011263387277722359	0.005314217414706945	0.13203370571136475	0.1283220499753952	0.5532169938087463	0.07500235736370087	0.028806602582335472	0.005887243896722794	0.015737205743789673
756	joy	../final/models/models_2nd_run/model3_35	../final/models/models_2nd_run/model3_35	pride	0.38225480914115906	0.1392325758934021	0.1450624316930771	0.26266705989837646	0.02246170863509178	0.38225480914115906	0.0059777507558465	0.018383292481303215	0.004495279397815466	0.00644645607098937	0.003934714011847973	0.0065285153687000275	0.002555473707616329
704	neutral	../final/models/models_2nd_run/model3_35	../final/models/models_2nd_run/model3_35	neutral	0.2844713628292084	0.259284645318985	0.1216728538274765	0.2844713628292084	0.03596492111682892	0.247820645570755	0.009185814298689365	0.01613820344209671	0.007023602724075317	0.005090635735541582	0.005597483832389116	0.0044723618775606155	0.0032775024883449078
70	fear	../final/models/models_2nd_run/model3_35	../final/models/models_2nd_run/model3_35	nervousness	0.32425710558891296	0.017576642334461212	0.0050571030005812645	0.0751420184969902	0.009792600758373737	0.004353802651166916	0.0815427377820015	0.32425710558891296	0.021994318813085556	0.3237834572792053	0.015798211097717285	0.02866361290216446	0.0920383483171463
1259	pride	../final/models/models_2nd_run/model3_35	../final/models/models_2nd_run/model3_35	pride	0.6645569801330566	0.07628033310174942	0.0893273800611496	0.10302198678255081	0.01669975183904171	0.6645569801330566	0.0036537963896989822	0.02551693469285965	0.004547689575701952	0.0049516549333930016	0.005284717306494713	0.0039210449904203415	0.0022378405556082726
411	joy	../final/models/models_2nd_run/model3_35	../final/models/models_2nd_run/model3_35	joy	0.45390909910202026	0.45390909910202026	0.12682345509529114	0.3365350663661957	0.03905647620558739	0.012335162609815598	0.005130980163812637	0.0038689838256686926	0.005741235334426165	0.0040583242662250996	0.0019411079119890928	0.006245176773518324	0.004354982171207666
358	fear	../final/models/models_2nd_run/model3_35	../final/models/models_2nd_run/model3_35	confusion	0.4624160826206207	0.0073555330745875835	0.0033827528823167086	0.011495163664221764	0.006183774676173925	0.004618029575794935	0.11781679838895798	0.17176775634288788	0.4624160826206207	0.053471166640520096	0.029344789683818817	0.08547165989875793	0.046676427125930786
244	neutral	../final/models/models_2nd_run/model3_35	../final/models/models_2nd_run/model3_35	joy	0.5037839412689209	0.5037839412689209	0.22530558705329895	0.1873805969953537	0.034249164164066315	0.02845940738916397	0.004021800588816404	0.0032387995161116123	0.003813675371930003	0.002891896292567253	0.0018088180804625154	0.002843645168468356	0.0022026849910616875
952	joy	../final/models/models_2nd_run/model3_35	../final/models/models_2nd_run/model3_35	pride	0.8835253715515137	0.014127795584499836	0.05008412525057793	0.011292577721178532	0.006818441674113274	0.8835253715515137	0.0014463873812928796	0.01690143719315529	0.002914224751293659	0.002966727362945676	0.006497982889413834	0.002352099632844329	0.0010726876789703965
578	joy	../final/models/models_2nd_run/model3_35	../final/models/models_2nd_run/model3_35	joy	0.6111997961997986	0.6111997961997986	0.15720216929912567	0.16958299279212952	0.02082018554210663	0.02342723309993744	0.002816731808707118	0.002460793824866414	0.003629363141953945	0.002674161223694682	0.0013751310762017965	0.0029290004167705774	0.0018823869759216905
535	pride	../final/models/models_2nd_run/model3_35	../final/models/models_2nd_run/model3_35	neutral	0.2958940863609314	0.168638676404953	0.16348779201507568	0.2958940863609314	0.04953261837363243	0.15556155145168304	0.009562882594764233	0.09149592369794846	0.012616205960512161	0.023610370233654976	0.015604285523295403	0.006466418504714966	0.0075292643159627914
1140	pride	../final/models/models_2nd_run/model3_35	../final/models/models_2nd_run/model3_35	joy	0.5345661044120789	0.5345661044120789	0.09796248376369476	0.28512999415397644	0.03347206115722656	0.011287613771855831	0.0038257127162069082	0.0037977511528879404	0.012026773765683174	0.0051199602894485	0.0021447576582431793	0.006143582984805107	0.004523214418441057
1175	excitement	../final/models/models_2nd_run/model3_35	../final/models/models_2nd_run/model3_35	excitement	0.5465705990791321	0.2572072148323059	0.5465705990791321	0.09709086269140244	0.046375472098588943	0.03461172431707382	0.0022764690220355988	0.002416284754872322	0.004330129828304052	0.0020392187871038914	0.0018024614546447992	0.003277391428127885	0.002002188703045249
113	neutral	../final/models/models_2nd_run/model3_35	../final/models/models_2nd_run/model3_35	excitement	0.42583051323890686	0.11373548209667206	0.42583051323890686	0.08990194648504257	0.047269392758607864	0.29704543948173523	0.0025512755382806063	0.008586524054408073	0.0036164827179163694	0.0030338233336806297	0.003314788220450282	0.0032818971667438745	0.0018324976554140449
497	joy	../final/models/models_2nd_run/model3_35	../final/models/models_2nd_run/model3_35	joy	0.31134504079818726	0.31134504079818726	0.1689697653055191	0.2676486670970917	0.04783486947417259	0.1714375764131546	0.006537855137139559	0.006581570953130722	0.004569898825138807	0.00306692230515182	0.003988043405115604	0.00492898328229785	0.0030906726606190205
1026	neutral	../final/models/models_2nd_run/model3_35	../final/models/models_2nd_run/model3_35	neutral	0.5496454238891602	0.18139930069446564	0.10813088715076447	0.5496454238891602	0.027620259672403336	0.09624360501766205	0.003761576022952795	0.011141463182866573	0.00447477214038372	0.006044177804142237	0.0023766241502016783	0.006265412084758282	0.00289652356877923
1263	joy	../final/models/models_2nd_run/model3_35	../final/models/models_2nd_run/model3_35	joy	0.47396084666252136	0.47396084666252136	0.18588759005069733	0.23537077009677887	0.035937823355197906	0.04349382966756821	0.004271513316780329	0.004846510477364063	0.004080643877387047	0.003740859217941761	0.0020439832005649805	0.0035146696027368307	0.002851018914952874
309	neutral	../final/models/models_2nd_run/model3_35	../final/models/models_2nd_run/model3_35	neutral	0.551787793636322	0.09489800781011581	0.02527441829442978	0.551787793636322	0.03148319199681282	0.046961087733507156	0.03128436580300331	0.11777949333190918	0.01937156729400158	0.026637904345989227	0.015106274746358395	0.013933067210018635	0.025482771918177605
107	pride	../final/models/models_2nd_run/model3_35	../final/models/models_2nd_run/model3_35	pride	0.6302826404571533	0.07547960430383682	0.1902461051940918	0.045500680804252625	0.02700451761484146	0.6302826404571533	0.0032627047039568424	0.012245824560523033	0.0037352624349296093	0.003259562188759446	0.005131520796567202	0.002497064182534814	0.0013544243993237615
985	pride	../final/models/models_2nd_run/model3_35	../final/models/models_2nd_run/model3_35	pride	0.3705368936061859	0.13904951512813568	0.10471063107252121	0.31218817830085754	0.020558388903737068	0.3705368936061859	0.005453364457935095	0.02201014757156372	0.005264129489660263	0.008124950341880322	0.003956042230129242	0.005555022973567247	0.0025927438400685787
1015	sadness	../final/models/models_2nd_run/model3_35	../final/models/models_2nd_run/model3_35	pride	0.22675876319408417	0.07496853917837143	0.03938092663884163	0.11231553554534912	0.031052440404891968	0.22675876319408417	0.08504299074411392	0.20793507993221283	0.0248207226395607	0.024119911715388298	0.11101226508617401	0.028037428855895996	0.03455543890595436
926	pride	../final/models/models_2nd_run/model3_35	../final/models/models_2nd_run/model3_35	neutral	0.3509601652622223	0.13001587986946106	0.02896570786833763	0.3509601652622223	0.028390632942318916	0.03729977831244469	0.15091779828071594	0.16532233357429504	0.009112078696489334	0.05426148325204849	0.02171350084245205	0.013447213917970657	0.009593313559889793
1172	neutral	../final/models/models_2nd_run/model3_35	../final/models/models_2nd_run/model3_35	neutral	0.4519554078578949	0.39338281750679016	0.08321387320756912	0.4519554078578949	0.025582773610949516	0.01712142303586006	0.0036220760084688663	0.004507402423769236	0.005324325058609247	0.005029130727052689	0.0019110931316390634	0.0046654436737298965	0.003684272989630699
218	joy	../final/models/models_2nd_run/model3_35	../final/models/models_2nd_run/model3_35	joy	0.5296650528907776	0.5296650528907776	0.16612949967384338	0.2102929949760437	0.024269377812743187	0.04926636070013046	0.0034776253160089254	0.0041214218363165855	0.0033632193226367235	0.002950938418507576	0.0016504571540281177	0.0028910746332257986	0.0019219600362703204
514	neutral	../final/models/models_2nd_run/model3_35	../final/models/models_2nd_run/model3_35	neutral	0.7275261282920837	0.13979823887348175	0.03214205801486969	0.7275261282920837	0.03340323641896248	0.009965954348444939	0.007834073156118393	0.007790287956595421	0.009036371484398842	0.011112361215054989	0.0032251160591840744	0.007817944511771202	0.01034831628203392
346	neutral	../final/models/models_2nd_run/model3_35	../final/models/models_2nd_run/model3_35	neutral	0.35354992747306824	0.1347140371799469	0.055410150438547134	0.35354992747306824	0.023402730002999306	0.1509494185447693	0.04481209069490433	0.1432655155658722	0.0071716452948749065	0.02901875227689743	0.014490162022411823	0.01905175857245922	0.024163868278265
665	neutral	../final/models/models_2nd_run/model3_35	../final/models/models_2nd_run/model3_35	joy	0.366828054189682	0.366828054189682	0.10695827007293701	0.285041481256485	0.04167554900050163	0.14458639919757843	0.011860093101859093	0.019405286759138107	0.005819257348775864	0.0056419363245368	0.005847961641848087	0.0035510212182998657	0.002784815849736333
708	excitement	../final/models/models_2nd_run/model3_35	../final/models/models_2nd_run/model3_35	pride	0.5441542267799377	0.14607562124729156	0.15539565682411194	0.10942109674215317	0.01747053861618042	0.5441542267799377	0.0031524845398962498	0.008978314697742462	0.00396254938095808	0.002896728226915002	0.003387781325727701	0.00339234946295619	0.0017126003513112664
1208	joy	../final/models/models_2nd_run/model3_35	../final/models/models_2nd_run/model3_35	joy	0.2897565960884094	0.2897565960884094	0.236079141497612	0.2064870148897171	0.03372359275817871	0.2008572369813919	0.003289875341579318	0.010383152402937412	0.005737545900046825	0.003829651279374957	0.0031954450532794	0.0037895275745540857	0.0028712351340800524
294	joy	../final/models/models_2nd_run/model3_35	../final/models/models_2nd_run/model3_35	joy	0.461117148399353	0.461117148399353	0.1270444095134735	0.2993662357330322	0.02304338663816452	0.0601966418325901	0.005125556606799364	0.006194029934704304	0.0034725400619208813	0.004019358195364475	0.002298895735293627	0.005295523442327976	0.0028262597043067217
1158	neutral	../final/models/models_2nd_run/model3_35	../final/models/models_2nd_run/model3_35	neutral	0.6126241683959961	0.28065839409828186	0.03085135668516159	0.6126241683959961	0.019191475585103035	0.01082441583275795	0.006637098267674446	0.007493132725358009	0.006103510037064552	0.008256832137703896	0.002067522844299674	0.008533055894076824	0.006759082432836294
286	joy	../final/models/models_2nd_run/model3_35	../final/models/models_2nd_run/model3_35	joy	0.5730586051940918	0.5730586051940918	0.08152539283037186	0.2817303538322449	0.01632065139710903	0.026210883632302284	0.0033795463386923075	0.0033345618285238743	0.004042685031890869	0.0031645663548260927	0.0014635659754276276	0.0034440134186297655	0.0023251681122928858
1117	sadness	../final/models/models_2nd_run/model3_35	../final/models/models_2nd_run/model3_35	nervousness	0.38289675116539	0.026935549452900887	0.011545097455382347	0.05369596183300018	0.007327345199882984	0.02124306932091713	0.3446316421031952	0.38289675116539	0.00978853926062584	0.09464825689792633	0.021816253662109375	0.01646726205945015	0.009004206396639347
1239	neutral	../final/models/models_2nd_run/model3_35	../final/models/models_2nd_run/model3_35	joy	0.4133725166320801	0.4133725166320801	0.11843907833099365	0.3338015675544739	0.04389110580086708	0.0582219697535038	0.003772551426663995	0.005573345813900232	0.007370570208877325	0.004090340808033943	0.002942644990980625	0.004385910462588072	0.004138432443141937
755	excitement	../final/models/models_2nd_run/model3_35	../final/models/models_2nd_run/model3_35	pride	0.43271157145500183	0.10696125775575638	0.19021576642990112	0.15626420080661774	0.05176864191889763	0.43271157145500183	0.004793954081833363	0.01767886057496071	0.00587328290566802	0.006253180559724569	0.01407716516405344	0.006735036615282297	0.006667117588222027
1271	joy	../final/models/models_2nd_run/model3_35	../final/models/models_2nd_run/model3_35	joy	0.5519892573356628	0.5519892573356628	0.1297464817762375	0.2254212647676468	0.03061475232243538	0.038492485880851746	0.0045692953281104565	0.005154116544872522	0.00450472068041563	0.002994293114170432	0.0018374343635514379	0.00269307941198349	0.0019828106742352247
560	neutral	../final/models/models_2nd_run/model3_35	../final/models/models_2nd_run/model3_35	neutral	0.4047492444515228	0.3375280201435089	0.10574521124362946	0.4047492444515228	0.03548383340239525	0.07387670874595642	0.007086504250764847	0.012150232680141926	0.005632520653307438	0.005317332688719034	0.0032740100286900997	0.004761639516800642	0.0043948437087237835
54	pride	../final/models/models_2nd_run/model3_35	../final/models/models_2nd_run/model3_35	joy	0.43074700236320496	0.43074700236320496	0.13404391705989838	0.34322991967201233	0.04408320412039757	0.019871897995471954	0.004210255108773708	0.003872079076245427	0.005496646277606487	0.004028061404824257	0.002049323171377182	0.004787859041243792	0.0035798687022179365
303	anger	../final/models/models_2nd_run/model3_35	../final/models/models_2nd_run/model3_35	disgust	0.5441283583641052	0.01302742213010788	0.006087100133299828	0.04438937455415726	0.005422680638730526	0.00998001080006361	0.0352071151137352	0.1327623575925827	0.00656611705198884	0.03209483250975609	0.0874650627374649	0.08286944776773453	0.5441283583641052
339	neutral	../final/models/models_2nd_run/model3_35	../final/models/models_2nd_run/model3_35	joy	0.46860530972480774	0.46860530972480774	0.10450667142868042	0.22500140964984894	0.08787774294614792	0.030224423855543137	0.03157297894358635	0.021550113335251808	0.008710533380508423	0.010262635536491871	0.004952351562678814	0.0031660005915910006	0.003569845575839281
56	neutral	../final/models/models_2nd_run/model3_35	../final/models/models_2nd_run/model3_35	neutral	0.4259289801120758	0.30106914043426514	0.09321771562099457	0.4259289801120758	0.03670608624815941	0.1015222817659378	0.004508711397647858	0.013804368674755096	0.006299469619989395	0.005497692618519068	0.003379128873348236	0.004707201849669218	0.0033592362888157368
858	nervousness	../final/models/models_2nd_run/model3_35	../final/models/models_2nd_run/model3_35	fear	0.45226675271987915	0.013224715366959572	0.005842231214046478	0.03560066968202591	0.005349883809685707	0.006696710828691721	0.017746074125170708	0.4024956524372101	0.03356343135237694	0.45226675271987915	0.004919980186969042	0.01368576567620039	0.008608067408204079
109	excitement	../final/models/models_2nd_run/model3_35	../final/models/models_2nd_run/model3_35	excitement	0.431976854801178	0.07042206078767776	0.431976854801178	0.04696648567914963	0.41878846287727356	0.014127539470791817	0.00239847251214087	0.0015745138516649604	0.0043882098980247974	0.002155743073672056	0.0025483211502432823	0.002888858551159501	0.001764498883858323
1049	neutral	../final/models/models_2nd_run/model3_35	../final/models/models_2nd_run/model3_35	joy	0.5576863884925842	0.5576863884925842	0.07293303310871124	0.3077845275402069	0.02082962729036808	0.011590504087507725	0.0049002221785485744	0.003527715802192688	0.005152389407157898	0.004668260924518108	0.0016156319761648774	0.005316442344337702	0.003995281644165516
676	pride	../final/models/models_2nd_run/model3_35	../final/models/models_2nd_run/model3_35	joy	0.4216030538082123	0.4216030538082123	0.2392650991678238	0.234025239944458	0.04738172888755798	0.03402914106845856	0.003067033365368843	0.0045870523899793625	0.005628880113363266	0.002917913720011711	0.0021211334969848394	0.0033106037881225348	0.0020630420185625553
626	pride	../final/models/models_2nd_run/model3_35	../final/models/models_2nd_run/model3_35	pride	0.5052527785301208	0.14161603152751923	0.1285358965396881	0.13941073417663574	0.027225708588957787	0.5052527785301208	0.004092808812856674	0.027234414592385292	0.008210656233131886	0.005788413807749748	0.00601982744410634	0.0038647374603897333	0.002747884253039956
198	neutral	../final/models/models_2nd_run/model3_35	../final/models/models_2nd_run/model3_35	joy	0.60654616355896	0.60654616355896	0.09731046855449677	0.23446008563041687	0.023172393441200256	0.01135045476257801	0.0040061213076114655	0.003359854919835925	0.004711747169494629	0.004523572511970997	0.0016383824404329062	0.0050994157791137695	0.0038214409723877907
415	joy	../final/models/models_2nd_run/model3_35	../final/models/models_2nd_run/model3_35	sadness	0.6312409043312073	0.15070722997188568	0.015096424147486687	0.1328011006116867	0.011034487746655941	0.01362119521945715	0.6312409043312073	0.018232466652989388	0.0034642259124666452	0.008238089270889759	0.004814199637621641	0.005701050627976656	0.005048559512943029
506	neutral	../final/models/models_2nd_run/model3_35	../final/models/models_2nd_run/model3_35	excitement	0.7033226490020752	0.09143653512001038	0.7033226490020752	0.11629316955804825	0.02469283528625965	0.040021367371082306	0.002207549987360835	0.006657449994236231	0.003420725464820862	0.004317009821534157	0.0017266457434743643	0.0037371490616351366	0.0021669126581400633
1062	nervousness	../final/models/models_2nd_run/model3_35	../final/models/models_2nd_run/model3_35	nervousness	0.41746342182159424	0.06745318323373795	0.018853818997740746	0.10650808364152908	0.011970550753176212	0.047691795974969864	0.06756659597158432	0.41746342182159424	0.013252826407551765	0.037219636142253876	0.021958056837320328	0.13382798433303833	0.056234072893857956
605	neutral	../final/models/models_2nd_run/model3_35	../final/models/models_2nd_run/model3_35	joy	0.42633041739463806	0.42633041739463806	0.1381639540195465	0.3306160271167755	0.03172946348786354	0.045403920114040375	0.0038423475343734026	0.006567970383912325	0.0050317165441811085	0.004728835076093674	0.0022956389002501965	0.0029119299724698067	0.002377757802605629
932	surprise	../final/models/models_2nd_run/model3_35	../final/models/models_2nd_run/model3_35	excitement	0.44731053709983826	0.06432989984750748	0.44731053709983826	0.05123923346400261	0.4001501202583313	0.01825103722512722	0.002037311904132366	0.0020097107626497746	0.005011103115975857	0.0021280101500451565	0.00332616432569921	0.002349815098568797	0.0018570396350696683
977	pride	../final/models/models_2nd_run/model3_35	../final/models/models_2nd_run/model3_35	excitement	0.509190022945404	0.14333830773830414	0.509190022945404	0.13977642357349396	0.028261803090572357	0.15863706171512604	0.002196747111156583	0.005346436053514481	0.002812988357618451	0.002511727623641491	0.0022329245693981647	0.0035199392586946487	0.0021756042260676622
1142	excitement	../final/models/models_2nd_run/model3_35	../final/models/models_2nd_run/model3_35	sadness	0.8675295114517212	0.03756619989871979	0.007730661891400814	0.024558929726481438	0.00889901164919138	0.0031303227879107	0.8675295114517212	0.023826399818062782	0.0030043504666537046	0.01033383421599865	0.005185213405638933	0.003402183996513486	0.004833281971514225
296	confusion	../final/models/models_2nd_run/model3_35	../final/models/models_2nd_run/model3_35	confusion	0.6413856744766235	0.023900259286165237	0.010623150505125523	0.034442007541656494	0.00944654643535614	0.012360039167106152	0.03170847147703171	0.14647600054740906	0.6413856744766235	0.061203088611364365	0.013323538936674595	0.00629268167540431	0.008838490583002567
485	surprise	../final/models/models_2nd_run/model3_35	../final/models/models_2nd_run/model3_35	joy	0.5114489197731018	0.5114489197731018	0.1939060240983963	0.1933034360408783	0.05015791580080986	0.019012553617358208	0.004494124092161655	0.004491861909627914	0.006403408944606781	0.004098087549209595	0.0030851836781948805	0.004911057185381651	0.00468739727512002
442	surprise	../final/models/models_2nd_run/model3_35	../final/models/models_2nd_run/model3_35	joy	0.3318237364292145	0.3318237364292145	0.13104791939258575	0.22834624350070953	0.09535843878984451	0.013216979801654816	0.05200928822159767	0.02785404399037361	0.01398415770381689	0.023225542157888412	0.012631205841898918	0.009503106586635113	0.060999371111392975
479	neutral	../final/models/models_2nd_run/model3_35	../final/models/models_2nd_run/model3_35	pride	0.5865941643714905	0.09882490336894989	0.0982348695397377	0.13307704031467438	0.023669635877013206	0.5865941643714905	0.003885129000991583	0.02942371740937233	0.007428845390677452	0.005746693816035986	0.006488016806542873	0.003865801030769944	0.002761243609711528
946	joy	../final/models/models_2nd_run/model3_35	../final/models/models_2nd_run/model3_35	pride	0.368991881608963	0.2664104998111725	0.15212367475032806	0.1568819284439087	0.02489522099494934	0.368991881608963	0.0044970824383199215	0.00863298587501049	0.004744634497910738	0.003045941237360239	0.0037961723282933235	0.0037990715354681015	0.0021808347664773464
553	joy	../final/models/models_2nd_run/model3_35	../final/models/models_2nd_run/model3_35	excitement	0.5826711654663086	0.19344377517700195	0.5826711654663086	0.09191541373729706	0.060219794511795044	0.054868120700120926	0.0023383614607155323	0.002903352025896311	0.003480661427602172	0.002059175632894039	0.0018326007993891835	0.0025725364685058594	0.0016950515564531088
554	excitement	../final/models/models_2nd_run/model3_35	../final/models/models_2nd_run/model3_35	pride	0.7803188562393188	0.03253772854804993	0.12675346434116364	0.02515556663274765	0.01079398114234209	0.7803188562393188	0.001463198335841298	0.010582314804196358	0.0029389739502221346	0.002302482957020402	0.0037461251486092806	0.0023190206848084927	0.0010882929200306535
1269	neutral	../final/models/models_2nd_run/model3_35	../final/models/models_2nd_run/model3_35	neutral	0.6366454362869263	0.24597018957138062	0.03644011914730072	0.6366454362869263	0.013917641714215279	0.034994032233953476	0.005584039259701967	0.008023072965443134	0.0036727823317050934	0.005123630631715059	0.0017552394419908524	0.0051251607947051525	0.002748585306107998
886	excitement	../final/models/models_2nd_run/model3_35	../final/models/models_2nd_run/model3_35	excitement	0.8029693365097046	0.06764446198940277	0.8029693365097046	0.06456661969423294	0.024430321529507637	0.025784356519579887	0.001646746532060206	0.0034801966976374388	0.0022293904330581427	0.0024042390286922455	0.001194432727061212	0.0023899408988654613	0.0012600357877090573
333	excitement	../final/models/models_2nd_run/model3_35	../final/models/models_2nd_run/model3_35	pride	0.5088783502578735	0.1267726868391037	0.19184018671512604	0.0992918387055397	0.030207451432943344	0.5088783502578735	0.003763729240745306	0.017145957797765732	0.006125701125711203	0.003826926229521632	0.005970147904008627	0.0035463355015963316	0.002630782313644886
221	excitement	../final/models/models_2nd_run/model3_35	../final/models/models_2nd_run/model3_35	joy	0.4993903636932373	0.4993903636932373	0.22577865421772003	0.18036505579948425	0.043513063341379166	0.024200744926929474	0.004080349579453468	0.004027711693197489	0.0060057672671973705	0.0032371599227190018	0.0021807984448969364	0.004253154154866934	0.0029670882504433393
825	sadness	../final/models/models_2nd_run/model3_35	../final/models/models_2nd_run/model3_35	joy	0.33107373118400574	0.33107373118400574	0.3106595575809479	0.10708577185869217	0.08955943584442139	0.11738249659538269	0.020155198872089386	0.00754021480679512	0.003582542994990945	0.0036138417199254036	0.004933923948556185	0.0024111722595989704	0.0020019577350467443
170	neutral	../final/models/models_2nd_run/model3_35	../final/models/models_2nd_run/model3_35	fear	0.6869498491287231	0.01522725261747837	0.006076451390981674	0.046892471611499786	0.006122839171439409	0.00494340481236577	0.020150555297732353	0.1629478931427002	0.018856681883335114	0.6869498491287231	0.004829742945730686	0.01811380870640278	0.008889062330126762
1179	sadness	../final/models/models_2nd_run/model3_35	../final/models/models_2nd_run/model3_35	sadness	0.9175923466682434	0.006826151628047228	0.001341839088127017	0.01054865587502718	0.0017430904554203153	0.0021558438893407583	0.9175923466682434	0.029703957960009575	0.002526364056393504	0.007008284330368042	0.004027990158647299	0.010194134898483753	0.006331318058073521
925	surprise	../final/models/models_2nd_run/model3_35	../final/models/models_2nd_run/model3_35	neutral	0.49622517824172974	0.3684253692626953	0.054407957941293716	0.49622517824172974	0.02735014259815216	0.014293361455202103	0.005979463923722506	0.006015701685100794	0.007183123845607042	0.006182669196277857	0.002080633072182536	0.0064446269534528255	0.00541186798363924
1093	pride	../final/models/models_2nd_run/model3_35	../final/models/models_2nd_run/model3_35	pride	0.3056759536266327	0.3041362464427948	0.14179040491580963	0.1868065893650055	0.025258665904402733	0.3056759536266327	0.006358562968671322	0.010559959337115288	0.004502605646848679	0.0036450030747801065	0.004272920545190573	0.004591398406773806	0.0024016997776925564
1262	joy	../final/models/models_2nd_run/model3_35	../final/models/models_2nd_run/model3_35	joy	0.5297501683235168	0.5297501683235168	0.2376796156167984	0.14725464582443237	0.04274732619524002	0.016780124977231026	0.0040186550468206406	0.002989056520164013	0.005780401173979044	0.0030617816373705864	0.0022938093170523643	0.0038974196650087833	0.0037470110692083836
1217	anger	../final/models/models_2nd_run/model3_35	../final/models/models_2nd_run/model3_35	anger	0.7292937636375427	0.011890274472534657	0.005181080661714077	0.02082189731299877	0.00406288169324398	0.010249216109514236	0.044115904718637466	0.0403999425470829	0.00543293496593833	0.017134785652160645	0.013486366719007492	0.7292937636375427	0.09793098270893097
297	nervousness	../final/models/models_2nd_run/model3_35	../final/models/models_2nd_run/model3_35	nervousness	0.5591237545013428	0.024765318259596825	0.009349754080176353	0.050697218626737595	0.008939960040152073	0.01571521908044815	0.15034079551696777	0.5591237545013428	0.022713636979460716	0.09471412003040314	0.022460484877228737	0.01230564247816801	0.028874093666672707
816	pride	../final/models/models_2nd_run/model3_35	../final/models/models_2nd_run/model3_35	joy	0.38742774724960327	0.38742774724960327	0.3398645222187042	0.16447848081588745	0.03936634585261345	0.04983649402856827	0.0026874621398746967	0.003536434844136238	0.0038204898592084646	0.0030906712636351585	0.0016424821224063635	0.0024619628675282	0.0017869786825031042
841	neutral	../final/models/models_2nd_run/model3_35	../final/models/models_2nd_run/model3_35	neutral	0.5470396280288696	0.07350149750709534	0.027611693367362022	0.5470396280288696	0.013899892568588257	0.02843334898352623	0.009107994846999645	0.1643691062927246	0.01789693906903267	0.09374101459980011	0.00440346309915185	0.01272305753082037	0.007272348273545504
1200	neutral	../final/models/models_2nd_run/model3_35	../final/models/models_2nd_run/model3_35	neutral	0.4732544422149658	0.24477149546146393	0.1431841105222702	0.4732544422149658	0.07293079048395157	0.03096800111234188	0.003330471459776163	0.005335815716534853	0.007084045093506575	0.004594983533024788	0.003363246563822031	0.005707187112420797	0.005475473124533892
1002	joy	../final/models/models_2nd_run/model3_35	../final/models/models_2nd_run/model3_35	joy	0.3508966863155365	0.3508966863155365	0.1153436154127121	0.3106348216533661	0.06730478256940842	0.0421769917011261	0.022345224395394325	0.039820749312639236	0.010299477726221085	0.02278733067214489	0.006883551366627216	0.004664494190365076	0.006842302158474922
350	joy	../final/models/models_2nd_run/model3_35	../final/models/models_2nd_run/model3_35	joy	0.49937713146209717	0.49937713146209717	0.18008168041706085	0.19987648725509644	0.03226415812969208	0.06429228186607361	0.005253893323242664	0.005507332272827625	0.003746709320694208	0.003054786240682006	0.0019955416209995747	0.0027865679003298283	0.0017634147079661489
796	joy	../final/models/models_2nd_run/model3_35	../final/models/models_2nd_run/model3_35	joy	0.35588333010673523	0.35588333010673523	0.1657724529504776	0.35072004795074463	0.0471685454249382	0.04629777371883392	0.003760514548048377	0.0054573677480220795	0.008703433908522129	0.004184069577604532	0.0031467746011912823	0.004820672795176506	0.004085107706487179
199	excitement	../final/models/models_2nd_run/model3_35	../final/models/models_2nd_run/model3_35	joy	0.6004543304443359	0.6004543304443359	0.1556454449892044	0.17521405220031738	0.021432438865303993	0.025326306000351906	0.0027255641762167215	0.003394715255126357	0.00468317000195384	0.0031949146650731564	0.0017313705757260323	0.003736908547580242	0.002460762159898877
430	excitement	../final/models/models_2nd_run/model3_35	../final/models/models_2nd_run/model3_35	pride	0.3782116770744324	0.12890011072158813	0.14463478326797485	0.26818954944610596	0.0344172902405262	0.3782116770744324	0.004872727207839489	0.016091085970401764	0.006498484872281551	0.005552430171519518	0.004979611374437809	0.004628984723240137	0.0030232176650315523
494	joy	../final/models/models_2nd_run/model3_35	../final/models/models_2nd_run/model3_35	joy	0.5359472632408142	0.5359472632408142	0.1990659087896347	0.19321347773075104	0.03386266529560089	0.014774017967283726	0.003378218738362193	0.0030044347513467073	0.004511184524744749	0.003752267686650157	0.0016768870409578085	0.003723316127434373	0.003090320620685816
631	neutral	../final/models/models_2nd_run/model3_35	../final/models/models_2nd_run/model3_35	pride	0.8783353567123413	0.013869550079107285	0.056899573653936386	0.013164742849767208	0.0073279812932014465	0.8783353567123413	0.0013332912931218743	0.013345939107239246	0.0030480914283543825	0.0027380590327084064	0.005820076446980238	0.0028276199009269476	0.0012897911947220564
939	nervousness	../final/models/models_2nd_run/model3_35	../final/models/models_2nd_run/model3_35	nervousness	0.7120018601417542	0.023370997980237007	0.010294194333255291	0.044124212116003036	0.007357026915997267	0.016280008479952812	0.02796594239771366	0.7120018601417542	0.01745644025504589	0.09416405856609344	0.015514357946813107	0.013701391406357288	0.017769521102309227
10	joy	../final/models/models_2nd_run/model3_35	../final/models/models_2nd_run/model3_35	joy	0.46372586488723755	0.46372586488723755	0.11949364095926285	0.31366342306137085	0.04933461919426918	0.02006656490266323	0.007614352274686098	0.0047582462430000305	0.004094837233424187	0.004551042802631855	0.002565371338278055	0.005588375963270664	0.004543651361018419
147	pride	../final/models/models_2nd_run/model3_35	../final/models/models_2nd_run/model3_35	pride	0.8782678246498108	0.01904667168855667	0.04884399473667145	0.01254033949226141	0.0070911794900894165	0.8782678246498108	0.001872848253697157	0.017039122059941292	0.002665567910298705	0.002770829712972045	0.006709604524075985	0.002124224789440632	0.001027856720611453
298	pride	../final/models/models_2nd_run/model3_35	../final/models/models_2nd_run/model3_35	pride	0.5905110836029053	0.09460078924894333	0.12842151522636414	0.11148451268672943	0.024539906531572342	0.5905110836029053	0.00371930212713778	0.024741658940911293	0.005625584628432989	0.005175103433430195	0.005586806684732437	0.0035220934078097343	0.0020716714207082987
1031	excitement	../final/models/models_2nd_run/model3_35	../final/models/models_2nd_run/model3_35	joy	0.5492610335350037	0.5492610335350037	0.09287477284669876	0.29041314125061035	0.02327890135347843	0.016551703214645386	0.004034270066767931	0.0037921180482953787	0.005457861814647913	0.004072725772857666	0.001664691255427897	0.004965657368302345	0.003633146407082677
622	joy	../final/models/models_2nd_run/model3_35	../final/models/models_2nd_run/model3_35	joy	0.2789197862148285	0.2789197862148285	0.13722948729991913	0.2233792394399643	0.03457667678594589	0.2695325016975403	0.006768496707081795	0.020152689889073372	0.008557610213756561	0.005314990412443876	0.005614666733890772	0.00562154408544302	0.004332304932177067
864	neutral	../final/models/models_2nd_run/model3_35	../final/models/models_2nd_run/model3_35	neutral	0.8245826363563538	0.059249646961688995	0.017054161056876183	0.8245826363563538	0.013420783914625645	0.01332676038146019	0.008311229757964611	0.015180100686848164	0.008162202313542366	0.01695367693901062	0.0031564224045723677	0.011547249741852283	0.009055035188794136
772	neutral	../final/models/models_2nd_run/model3_35	../final/models/models_2nd_run/model3_35	joy	0.3419775068759918	0.3419775068759918	0.24631516635417938	0.19549739360809326	0.03518068417906761	0.1557222455739975	0.0034036363940685987	0.007423792500048876	0.003936337307095528	0.003084109863266349	0.00267974054440856	0.0029433483723551035	0.0018360698595643044
254	joy	../final/models/models_2nd_run/model3_35	../final/models/models_2nd_run/model3_35	joy	0.4845038056373596	0.4845038056373596	0.1949082911014557	0.20085753500461578	0.0520947091281414	0.039884503930807114	0.005852899048477411	0.0046722362749278545	0.004751437809318304	0.003613467561081052	0.0023972284980118275	0.0036925761960446835	0.0027712525334209204
777	nervousness	../final/models/models_2nd_run/model3_35	../final/models/models_2nd_run/model3_35	nervousness	0.45661646127700806	0.012991207651793957	0.006427659187465906	0.03754424676299095	0.005622618831694126	0.007128842640668154	0.017891306430101395	0.45661646127700806	0.030631953850388527	0.39545077085494995	0.005314141046255827	0.015263461507856846	0.009117333218455315
682	neutral	../final/models/models_2nd_run/model3_35	../final/models/models_2nd_run/model3_35	neutral	0.2632860243320465	0.25106504559516907	0.1667248159646988	0.2632860243320465	0.09108225256204605	0.18546956777572632	0.004932507872581482	0.011269962415099144	0.01042935997247696	0.003981636371463537	0.0055427853949368	0.003410771954804659	0.002805332886055112
1039	excitement	../final/models/models_2nd_run/model3_35	../final/models/models_2nd_run/model3_35	joy	0.45923829078674316	0.45923829078674316	0.22292427718639374	0.2099105417728424	0.03228600323200226	0.049255192279815674	0.0026337432209402323	0.0048795538023114204	0.0055125318467617035	0.003394640516489744	0.002585828537121415	0.004471125081181526	0.0029082375112921
306	sadness	../final/models/models_2nd_run/model3_35	../final/models/models_2nd_run/model3_35	nervousness	0.5970697999000549	0.008807766251266003	0.0035106749273836613	0.03213522955775261	0.003942043520510197	0.007439806591719389	0.03265142813324928	0.5970697999000549	0.013453210704028606	0.263972669839859	0.008127624168992043	0.01845666393637657	0.010433046147227287
915	joy	../final/models/models_2nd_run/model3_35	../final/models/models_2nd_run/model3_35	pride	0.2889818549156189	0.20032282173633575	0.192423015832901	0.2045641839504242	0.03153789043426514	0.2889818549156189	0.00917859748005867	0.03965877741575241	0.008876507170498371	0.01387917622923851	0.004250060301274061	0.003926620818674564	0.0024004073347896338
1201	confusion	../final/models/models_2nd_run/model3_35	../final/models/models_2nd_run/model3_35	neutral	0.7458270192146301	0.0635223388671875	0.014029868878424168	0.7458270192146301	0.03134964779019356	0.008893514052033424	0.02275765873491764	0.02319025620818138	0.014445684850215912	0.022342773154377937	0.007851890288293362	0.01629769429564476	0.029491689056158066
1167	fear	../final/models/models_2nd_run/model3_35	../final/models/models_2nd_run/model3_35	pride	0.3079630136489868	0.13947351276874542	0.16899526119232178	0.1587129682302475	0.04789344593882561	0.3079630136489868	0.017896834760904312	0.07411863654851913	0.010016568936407566	0.00833067111670971	0.03170908987522125	0.022791730239987373	0.01209823414683342
233	neutral	../final/models/models_2nd_run/model3_35	../final/models/models_2nd_run/model3_35	neutral	0.5254679322242737	0.1749899983406067	0.09206121414899826	0.5254679322242737	0.03853951767086983	0.12144508957862854	0.0038474497850984335	0.015677817165851593	0.007524634245783091	0.0068895937874913216	0.004472694359719753	0.0048172352835536	0.004266790114343166
1073	excitement	../final/models/models_2nd_run/model3_35	../final/models/models_2nd_run/model3_35	excitement	0.5756228566169739	0.14434441924095154	0.5756228566169739	0.08341391384601593	0.10182499885559082	0.07761228829622269	0.002274604979902506	0.0030231282580643892	0.0032059913501143456	0.0021917405538260937	0.002385298255831003	0.0026415083557367325	0.0014593485975638032
1181	neutral	../final/models/models_2nd_run/model3_35	../final/models/models_2nd_run/model3_35	neutral	0.5524721145629883	0.22410795092582703	0.06621965765953064	0.5524721145629883	0.038345176726579666	0.03720564395189285	0.006909985560923815	0.018137160688638687	0.008534972555935383	0.007556491531431675	0.013827795162796974	0.006723709870129824	0.019959360361099243
135	pride	../final/models/models_2nd_run/model3_35	../final/models/models_2nd_run/model3_35	neutral	0.5444071888923645	0.06134755536913872	0.016417022794485092	0.5444071888923645	0.02522183768451214	0.04418066516518593	0.024028975516557693	0.05123499408364296	0.17360369861125946	0.019092919304966927	0.018613997846841812	0.005805125925689936	0.016046062111854553
832	pride	../final/models/models_2nd_run/model3_35	../final/models/models_2nd_run/model3_35	pride	0.29746460914611816	0.25879132747650146	0.12016163766384125	0.27020904421806335	0.01968214102089405	0.29746460914611816	0.005956953391432762	0.009883656166493893	0.0036965557374060154	0.0033115290571004152	0.003358464455232024	0.005201473366469145	0.0022826201748102903
259	excitement	../final/models/models_2nd_run/model3_35	../final/models/models_2nd_run/model3_35	pride	0.8380387425422668	0.018938394263386726	0.09202447533607483	0.015126717276871204	0.010272751562297344	0.8380387425422668	0.0012736788485199213	0.011201252229511738	0.002977222902700305	0.0023483724799007177	0.004521832335740328	0.0022472699638456106	0.0010293172672390938
680	pride	../final/models/models_2nd_run/model3_35	../final/models/models_2nd_run/model3_35	pride	0.8137405514717102	0.03794343024492264	0.0891558900475502	0.025175059214234352	0.010274088010191917	0.8137405514717102	0.0014559448463842273	0.009923848323523998	0.0032999510876834393	0.002238219603896141	0.0036690887063741684	0.0020411694422364235	0.0010827936930581927
1177	joy	../final/models/models_2nd_run/model3_35	../final/models/models_2nd_run/model3_35	joy	0.4870176911354065	0.4870176911354065	0.2890947461128235	0.14652451872825623	0.03633623570203781	0.01837783493101597	0.0032153697684407234	0.0024919232819229364	0.005121627822518349	0.0026058037765324116	0.0018691993318498135	0.004145022947341204	0.003200022503733635
914	joy	../final/models/models_2nd_run/model3_35	../final/models/models_2nd_run/model3_35	neutral	0.41367867588996887	0.30871936678886414	0.1355094164609909	0.41367867588996887	0.021368088200688362	0.08997582644224167	0.005786865949630737	0.0060546984896063805	0.003223499981686473	0.003048925893381238	0.0020426707342267036	0.007822001352906227	0.002769986866042018
1257	anger	../final/models/models_2nd_run/model3_35	../final/models/models_2nd_run/model3_35	fear	0.4244585335254669	0.014068388380110264	0.004753490909934044	0.053263284265995026	0.005632708314806223	0.005120570305734873	0.02966970019042492	0.39543384313583374	0.02493940107524395	0.4244585335254669	0.006573425605893135	0.021069087088108063	0.015017461962997913
597	surprise	../final/models/models_2nd_run/model3_35	../final/models/models_2nd_run/model3_35	neutral	0.7473162412643433	0.06942118704319	0.014367742463946342	0.7473162412643433	0.027595853433012962	0.013592341914772987	0.022734951227903366	0.033131830394268036	0.0160788893699646	0.01893996074795723	0.007516805548220873	0.011646770872175694	0.017657361924648285
363	neutral	../final/models/models_2nd_run/model3_35	../final/models/models_2nd_run/model3_35	joy	0.4257471263408661	0.4257471263408661	0.06835491955280304	0.4149688184261322	0.01694806106388569	0.04866647720336914	0.004512793850153685	0.005117807537317276	0.0036442975979298353	0.0035523725673556328	0.0017260045278817415	0.004220824688673019	0.002540475921705365
158	pride	../final/models/models_2nd_run/model3_35	../final/models/models_2nd_run/model3_35	pride	0.6942120790481567	0.05896346643567085	0.16266123950481415	0.03937551751732826	0.01622961275279522	0.6942120790481567	0.0019888102542608976	0.012133141048252583	0.004014967940747738	0.002671092515811324	0.0038895404431968927	0.00249059172347188	0.0013698829570785165
140	pride	../final/models/models_2nd_run/model3_35	../final/models/models_2nd_run/model3_35	pride	0.5419250726699829	0.09761372208595276	0.1897628903388977	0.0967884361743927	0.038891520351171494	0.5419250726699829	0.003366657765582204	0.012332910671830177	0.004581958521157503	0.0034209340810775757	0.005314891692250967	0.0038051451556384563	0.0021958863362669945
895	fear	../final/models/models_2nd_run/model3_35	../final/models/models_2nd_run/model3_35	embarrassment	0.20790261030197144	0.04949367418885231	0.01865905150771141	0.07901742309331894	0.029486121609807014	0.02829618752002716	0.19576530158519745	0.15938645601272583	0.011700832284986973	0.025516381487250328	0.20790261030197144	0.04005281999707222	0.15472306311130524
331	pride	../final/models/models_2nd_run/model3_35	../final/models/models_2nd_run/model3_35	pride	0.4665156602859497	0.12734359502792358	0.15488502383232117	0.17883966863155365	0.03387768194079399	0.4665156602859497	0.002850704826414585	0.01463320478796959	0.005872250068932772	0.004026826471090317	0.0043988353572785854	0.0041054124012589455	0.0026511666364967823
591	joy	../final/models/models_2nd_run/model3_35	../final/models/models_2nd_run/model3_35	neutral	0.5515081882476807	0.12295864522457123	0.036265674978494644	0.5515081882476807	0.07834390550851822	0.05374475568532944	0.030159538611769676	0.04922698065638542	0.018921710550785065	0.011368573643267155	0.025326469913125038	0.009661844000220299	0.012513727881014347
739	joy	../final/models/models_2nd_run/model3_35	../final/models/models_2nd_run/model3_35	joy	0.4882510006427765	0.4882510006427765	0.12192628532648087	0.283581405878067	0.04571709409356117	0.031586434692144394	0.008118138648569584	0.004583247937262058	0.004368576221168041	0.0035301572643220425	0.0024831495247781277	0.0032885908149182796	0.0025659550447016954
1103	neutral	../final/models/models_2nd_run/model3_35	../final/models/models_2nd_run/model3_35	neutral	0.6739344596862793	0.21528320014476776	0.03043287992477417	0.6739344596862793	0.021606020629405975	0.01577722281217575	0.006563584320247173	0.007688393350690603	0.008034294471144676	0.006727776024490595	0.0024614909198135138	0.005443738307803869	0.006047029513865709
371	sadness	../final/models/models_2nd_run/model3_35	../final/models/models_2nd_run/model3_35	anger	0.41400209069252014	0.007383603136986494	0.0030147861689329147	0.021428626030683517	0.003392457962036133	0.004491046071052551	0.041748177260160446	0.04679074510931969	0.006114523857831955	0.03652657940983772	0.01287964079529047	0.41400209069252014	0.40222790837287903
312	excitement	../final/models/models_2nd_run/model3_35	../final/models/models_2nd_run/model3_35	excitement	0.5131552219390869	0.2078837901353836	0.5131552219390869	0.10022472590208054	0.041322261095047	0.1194365844130516	0.001878837589174509	0.0034347979817539454	0.004351478535681963	0.0020824044477194548	0.002163409721106291	0.002387237036600709	0.0016792082460597157
65	neutral	../final/models/models_2nd_run/model3_35	../final/models/models_2nd_run/model3_35	neutral	0.42905229330062866	0.2172706574201584	0.02801376022398472	0.42905229330062866	0.018192606046795845	0.0071240817196667194	0.01500600203871727	0.034152574837207794	0.013150607235729694	0.18255527317523956	0.0030917637050151825	0.014676566235721111	0.03771376982331276
572	excitement	../final/models/models_2nd_run/model3_35	../final/models/models_2nd_run/model3_35	joy	0.37219199538230896	0.37219199538230896	0.29066401720046997	0.1763947755098343	0.048806849867105484	0.08114612847566605	0.004478749353438616	0.007807669695466757	0.004997773561626673	0.004479176364839077	0.003097814042121172	0.003321001073345542	0.002614083467051387
781	excitement	../final/models/models_2nd_run/model3_35	../final/models/models_2nd_run/model3_35	joy	0.43016892671585083	0.43016892671585083	0.2876085937023163	0.13895940780639648	0.031458184123039246	0.09320582449436188	0.0028637079522013664	0.0036870709154754877	0.003675357671454549	0.002271864330396056	0.0018644785741344094	0.0026226560585200787	0.0016138118226081133
32	nervousness	../final/models/models_2nd_run/model3_35	../final/models/models_2nd_run/model3_35	fear	0.4635449945926666	0.013424322940409184	0.005395953543484211	0.026046806946396828	0.0062195537611842155	0.005374568048864603	0.022666605189442635	0.40316545963287354	0.027607249096035957	0.4635449945926666	0.0068841553293168545	0.010151220485568047	0.009519106708467007
783	excitement	../final/models/models_2nd_run/model3_35	../final/models/models_2nd_run/model3_35	excitement	0.5053316354751587	0.09251487255096436	0.5053316354751587	0.06390631198883057	0.05070112273097038	0.26633670926094055	0.0023801694624125957	0.0062346081249415874	0.0036289459094405174	0.0027416739612817764	0.0027881257701665163	0.002289603231474757	0.0011462420225143433
743	excitement	../final/models/models_2nd_run/model3_35	../final/models/models_2nd_run/model3_35	pride	0.31168290972709656	0.2694973945617676	0.19667711853981018	0.14586448669433594	0.030425308272242546	0.31168290972709656	0.00547150569036603	0.018903667107224464	0.007113812956959009	0.0045058829709887505	0.004605484195053577	0.002922935178503394	0.002329527400434017
290	excitement	../final/models/models_2nd_run/model3_35	../final/models/models_2nd_run/model3_35	pride	0.6643415689468384	0.0560954213142395	0.17953050136566162	0.03672141581773758	0.02661886438727379	0.6643415689468384	0.0025509910192340612	0.01654396764934063	0.004008786752820015	0.003040373558178544	0.006054299883544445	0.002882586792111397	0.0016111668664962053
96	neutral	../final/models/models_2nd_run/model3_35	../final/models/models_2nd_run/model3_35	pride	0.3693622648715973	0.18303821980953217	0.1672501415014267	0.19939574599266052	0.03561587631702423	0.3693622648715973	0.0035091666504740715	0.018038716167211533	0.006194892339408398	0.004510147497057915	0.005118083208799362	0.0045432113111019135	0.003423641435801983
184	excitement	../final/models/models_2nd_run/model3_35	../final/models/models_2nd_run/model3_35	joy	0.586992621421814	0.586992621421814	0.20206238329410553	0.13577666878700256	0.03621061518788338	0.015320929698646069	0.00393966818228364	0.0030458541586995125	0.0051236944273114204	0.0033515309914946556	0.0017453402979299426	0.0035918839275836945	0.0028387815691530704
788	joy	../final/models/models_2nd_run/model3_35	../final/models/models_2nd_run/model3_35	neutral	0.5021909475326538	0.28419435024261475	0.07800115644931793	0.5021909475326538	0.02455950155854225	0.07718568295240402	0.006865781266242266	0.007833763025701046	0.003814766416326165	0.004603352397680283	0.0025088824331760406	0.005130684468895197	0.0031111412681639194
970	surprise	../final/models/models_2nd_run/model3_35	../final/models/models_2nd_run/model3_35	joy	0.30869990587234497	0.30869990587234497	0.13359154760837555	0.25840458273887634	0.06116247922182083	0.1883237510919571	0.010382127948105335	0.017143070697784424	0.0048506674356758595	0.004487477708607912	0.006109671667218208	0.0035762176848948	0.0032684835605323315
163	joy	../final/models/models_2nd_run/model3_35	../final/models/models_2nd_run/model3_35	pride	0.44737088680267334	0.1700592190027237	0.19071845710277557	0.13081136345863342	0.031697243452072144	0.44737088680267334	0.0032205793540924788	0.010852562263607979	0.004260329529643059	0.0029440035577863455	0.003641381161287427	0.0027650673873722553	0.0016589898150414228
490	nervousness	../final/models/models_2nd_run/model3_35	../final/models/models_2nd_run/model3_35	nervousness	0.549895167350769	0.015045207925140858	0.009251076728105545	0.024558845907449722	0.012548605911433697	0.01338987797498703	0.1231919452548027	0.549895167350769	0.04555783048272133	0.15179501473903656	0.03403300419449806	0.009119137190282345	0.01161431148648262
405	neutral	../final/models/models_2nd_run/model3_35	../final/models/models_2nd_run/model3_35	sadness	0.21401287615299225	0.15561316907405853	0.04710688069462776	0.21301418542861938	0.03187261149287224	0.09470920264720917	0.21401287615299225	0.1569228619337082	0.008799290284514427	0.03698552027344704	0.024104515090584755	0.008813058957457542	0.008045733906328678
156	joy	../final/models/models_2nd_run/model3_35	../final/models/models_2nd_run/model3_35	anger	0.6011055111885071	0.02676079422235489	0.01183481328189373	0.058176055550575256	0.006800054106861353	0.02433159574866295	0.02846125140786171	0.0846526175737381	0.00941966101527214	0.0253339521586895	0.018542060628533363	0.6011055111885071	0.10458164662122726
650	joy	../final/models/models_2nd_run/model3_35	../final/models/models_2nd_run/model3_35	pride	0.340070903301239	0.22951476275920868	0.11045941710472107	0.22578516602516174	0.029607975855469704	0.340070903301239	0.009339816868305206	0.030790992081165314	0.007084186654537916	0.006398284342139959	0.00563388504087925	0.003285069251433015	0.0020295665599405766
770	excitement	../final/models/models_2nd_run/model3_35	../final/models/models_2nd_run/model3_35	joy	0.42512595653533936	0.42512595653533936	0.3220340311527252	0.1545732170343399	0.04166432097554207	0.03683813661336899	0.0032288844231516123	0.002589951269328594	0.00427528889849782	0.002562419045716524	0.001985904760658741	0.0027887148316949606	0.0023331723641604185
1003	disgust	../final/models/models_2nd_run/model3_35	../final/models/models_2nd_run/model3_35	disgust	0.8746405839920044	0.004881890490651131	0.001949711819179356	0.01448852475732565	0.003824590938165784	0.0010359197622165084	0.008629285730421543	0.009984247386455536	0.0059073613956570625	0.046690747141838074	0.009851730428636074	0.018115485087037086	0.8746405839920044
275	excitement	../final/models/models_2nd_run/model3_35	../final/models/models_2nd_run/model3_35	pride	0.3259914219379425	0.208173006772995	0.25033557415008545	0.1622672975063324	0.023570803925395012	0.3259914219379425	0.004407363943755627	0.008372262120246887	0.0038092280738055706	0.0034810598008334637	0.003479745239019394	0.003865021513774991	0.002247313968837261
394	sadness	../final/models/models_2nd_run/model3_35	../final/models/models_2nd_run/model3_35	anger	0.7016217708587646	0.010282405652105808	0.00507029565051198	0.024046164005994797	0.004046484362334013	0.011514594778418541	0.03507297486066818	0.061722904443740845	0.005190237425267696	0.023271560668945312	0.015449252910912037	0.7016217708587646	0.1027112528681755
1258	neutral	../final/models/models_2nd_run/model3_35	../final/models/models_2nd_run/model3_35	neutral	0.4705372154712677	0.3146509826183319	0.08506154268980026	0.4705372154712677	0.06146861985325813	0.013179464265704155	0.012385785579681396	0.008963762782514095	0.006728745065629482	0.007898129522800446	0.0034846370108425617	0.006086223758757114	0.009554896503686905
575	excitement	../final/models/models_2nd_run/model3_35	../final/models/models_2nd_run/model3_35	excitement	0.28308752179145813	0.24747221171855927	0.28308752179145813	0.22902002930641174	0.032280463725328445	0.18049514293670654	0.0028977200854569674	0.008192948065698147	0.004438310861587524	0.0036505607422441244	0.002485375152900815	0.0036905764136463404	0.002289098920300603
614	excitement	../final/models/models_2nd_run/model3_35	../final/models/models_2nd_run/model3_35	excitement	0.7072173953056335	0.05927804484963417	0.7072173953056335	0.10894903540611267	0.02273508720099926	0.057474080473184586	0.0027121768798679113	0.020603910088539124	0.0036216042935848236	0.009214583784341812	0.002021829364821315	0.004274803679436445	0.0018975514685735106
826	pride	../final/models/models_2nd_run/model3_35	../final/models/models_2nd_run/model3_35	pride	0.6157017350196838	0.05532582476735115	0.2067965418100357	0.05063304305076599	0.03430861234664917	0.6157017350196838	0.0024099962320178747	0.015842271968722343	0.005250406917184591	0.004195519257336855	0.004841574467718601	0.0031445035710930824	0.0015499717555940151
277	neutral	../final/models/models_2nd_run/model3_35	../final/models/models_2nd_run/model3_35	joy	0.4558104872703552	0.4558104872703552	0.26664862036705017	0.1722233146429062	0.04712516441941261	0.0332627110183239	0.004282940179109573	0.0029622421134263277	0.006270845420658588	0.0027630808763206005	0.00251892302185297	0.003156127408146858	0.0029754757415503263
327	joy	../final/models/models_2nd_run/model3_35	../final/models/models_2nd_run/model3_35	joy	0.6759611964225769	0.6759611964225769	0.09469463676214218	0.17142850160598755	0.02364630624651909	0.009729254990816116	0.004125426989048719	0.0030614223796874285	0.004845456685870886	0.0037360533606261015	0.0014962159330025315	0.0041067651472985744	0.003168755443766713
1186	excitement	../final/models/models_2nd_run/model3_35	../final/models/models_2nd_run/model3_35	pride	0.4352206587791443	0.14000220596790314	0.23119398951530457	0.1082887202501297	0.037973422557115555	0.4352206587791443	0.0036968097556382418	0.021026648581027985	0.005112895276397467	0.00538960425183177	0.0064950305968523026	0.0030831173062324524	0.002516945358365774
1052	pride	../final/models/models_2nd_run/model3_35	../final/models/models_2nd_run/model3_35	pride	0.5876301527023315	0.09421283006668091	0.16427838802337646	0.07834424078464508	0.034016940742731094	0.5876301527023315	0.0034004144836217165	0.017174817621707916	0.0061943307518959045	0.003823163453489542	0.006299010012298822	0.0028854128904640675	0.0017402219818904996
624	nervousness	../final/models/models_2nd_run/model3_35	../final/models/models_2nd_run/model3_35	pride	0.48332399129867554	0.07055090367794037	0.21342593431472778	0.10702027380466461	0.019357765093445778	0.48332399129867554	0.0060961684212088585	0.06590712815523148	0.008870452642440796	0.011622765101492405	0.006475724279880524	0.004874179605394602	0.002474664943292737
581	excitement	../final/models/models_2nd_run/model3_35	../final/models/models_2nd_run/model3_35	pride	0.43285438418388367	0.1712096929550171	0.10892610251903534	0.2077638953924179	0.022432655096054077	0.43285438418388367	0.010459690354764462	0.018028544262051582	0.004278815351426601	0.0060392115265131	0.005974664352834225	0.008512523956596851	0.0035198989789932966
570	pride	../final/models/models_2nd_run/model3_35	../final/models/models_2nd_run/model3_35	pride	0.4552413821220398	0.12203671038150787	0.09328749775886536	0.08699147403240204	0.03414835408329964	0.4552413821220398	0.012696555815637112	0.1315077543258667	0.011019560508430004	0.018506361171603203	0.025560202077031136	0.00451535964384675	0.0044887978583574295
922	neutral	../final/models/models_2nd_run/model3_35	../final/models/models_2nd_run/model3_35	neutral	0.7036771178245544	0.10836312919855118	0.017802352085709572	0.7036771178245544	0.05027586966753006	0.007728417403995991	0.018314363434910774	0.015933828428387642	0.014597229659557343	0.017947377637028694	0.006197031587362289	0.012418092228472233	0.026745177805423737
178	disgust	../final/models/models_2nd_run/model3_35	../final/models/models_2nd_run/model3_35	disgust	0.27126041054725647	0.020143361762166023	0.007444214541465044	0.051108840852975845	0.011555175296962261	0.007009734399616718	0.15225102007389069	0.23031866550445557	0.011555644683539867	0.11449398845434189	0.09232588112354279	0.03053303062915802	0.27126041054725647
427	nervousness	../final/models/models_2nd_run/model3_35	../final/models/models_2nd_run/model3_35	nervousness	0.5873258113861084	0.014318069443106651	0.005289928987622261	0.03513285517692566	0.004883254878222942	0.008006143383681774	0.02177763171494007	0.5873258113861084	0.01868833787739277	0.27482715249061584	0.007481197826564312	0.01282061543315649	0.009448934346437454
964	neutral	../final/models/models_2nd_run/model3_35	../final/models/models_2nd_run/model3_35	neutral	0.6750853657722473	0.19639316201210022	0.030586175620555878	0.6750853657722473	0.0269228033721447	0.013359935022890568	0.009766412898898125	0.010421013459563255	0.007521792780607939	0.009668204933404922	0.0031027146615087986	0.008334310725331306	0.008838161826133728
377	anger	../final/models/models_2nd_run/model3_35	../final/models/models_2nd_run/model3_35	sadness	0.756693959236145	0.01292218454182148	0.003957060631364584	0.025050494819879532	0.005517872981727123	0.007123945746570826	0.756693959236145	0.07934002578258514	0.006269135512411594	0.013712692074477673	0.05156684294342995	0.009414443746209145	0.028431322425603867
381	pride	../final/models/models_2nd_run/model3_35	../final/models/models_2nd_run/model3_35	joy	0.4620405435562134	0.4620405435562134	0.05464011803269386	0.41204679012298584	0.02347736991941929	0.01288700569421053	0.004761331249028444	0.004661145620048046	0.006777775939553976	0.00529886269941926	0.0019585706759244204	0.006297292187809944	0.0051531484350562096
861	neutral	../final/models/models_2nd_run/model3_35	../final/models/models_2nd_run/model3_35	neutral	0.5377960205078125	0.15127991139888763	0.021171865984797478	0.5377960205078125	0.01653400808572769	0.010300307534635067	0.029376165941357613	0.07703163474798203	0.016333239153027534	0.09563340991735458	0.0048621646128594875	0.015683170408010483	0.023998133838176727
88	pride	../final/models/models_2nd_run/model3_35	../final/models/models_2nd_run/model3_35	joy	0.41091713309288025	0.41091713309288025	0.08802416920661926	0.33350855112075806	0.02378971315920353	0.11585398763418198	0.005432157777249813	0.006766886916011572	0.0039091939106583595	0.00310301361605525	0.002471047220751643	0.003858912969008088	0.0023653367534279823
671	neutral	../final/models/models_2nd_run/model3_35	../final/models/models_2nd_run/model3_35	pride	0.5517470240592957	0.10501326620578766	0.16165316104888916	0.11663427203893661	0.020764432847499847	0.5517470240592957	0.0026278698351234198	0.02168089896440506	0.005480051971971989	0.004409123212099075	0.004479242488741875	0.0033305224496871233	0.0021801849361509085
836	excitement	../final/models/models_2nd_run/model3_35	../final/models/models_2nd_run/model3_35	pride	0.5643088817596436	0.11497591435909271	0.13137635588645935	0.11074890196323395	0.026262201368808746	0.5643088817596436	0.0034595264587551355	0.02417958527803421	0.006381638813763857	0.0053230635821819305	0.006226562894880772	0.004079414065927267	0.0026778974570333958
1266	surprise	../final/models/models_2nd_run/model3_35	../final/models/models_2nd_run/model3_35	nervousness	0.4242505729198456	0.029403898864984512	0.009231911972165108	0.14980348944664001	0.012085232883691788	0.008378149010241032	0.032943759113550186	0.4242505729198456	0.037684593349695206	0.23493237793445587	0.01040907483547926	0.021144282072782516	0.029732603579759598
481	joy	../final/models/models_2nd_run/model3_35	../final/models/models_2nd_run/model3_35	pride	0.5833291411399841	0.11174671351909637	0.12718546390533447	0.1010630875825882	0.025702226907014847	0.5833291411399841	0.003480724524706602	0.023337222635746002	0.006594846490770578	0.004628395661711693	0.006637968588620424	0.0037093961145728827	0.0025848287623375654
943	disgust	../final/models/models_2nd_run/model3_35	../final/models/models_2nd_run/model3_35	sadness	0.4011462330818176	0.02969924919307232	0.024313654750585556	0.04478567838668823	0.015825849026441574	0.14327506721019745	0.4011462330818176	0.17112168669700623	0.01037029828876257	0.01704181358218193	0.11181800067424774	0.012566929683089256	0.01803560182452202
1006	pride	../final/models/models_2nd_run/model3_35	../final/models/models_2nd_run/model3_35	pride	0.8701145648956299	0.016588261350989342	0.06525332480669022	0.014097660779953003	0.008025453425943851	0.8701145648956299	0.001347011188045144	0.0114592295140028	0.0029656169936060905	0.002290812088176608	0.004643857013434172	0.0022267152089625597	0.000987508101388812
285	joy	../final/models/models_2nd_run/model3_35	../final/models/models_2nd_run/model3_35	joy	0.5547170639038086	0.5547170639038086	0.1579112857580185	0.20607782900333405	0.01825546659529209	0.04457417130470276	0.0033694826997816563	0.003324727760627866	0.002970987232401967	0.0025468729436397552	0.0014998483238741755	0.0029238136485219	0.0018285166006535292
1205	pride	../final/models/models_2nd_run/model3_35	../final/models/models_2nd_run/model3_35	joy	0.617303729057312	0.617303729057312	0.1237667053937912	0.18404939770698547	0.032392557710409164	0.010798042640089989	0.004761389922350645	0.0038197720423340797	0.005836348049342632	0.0043404120951890945	0.0020832994487136602	0.006162737030535936	0.0046856943517923355
352	joy	../final/models/models_2nd_run/model3_35	../final/models/models_2nd_run/model3_35	joy	0.5271267890930176	0.5271267890930176	0.15692831575870514	0.2336273044347763	0.03688988834619522	0.02053152211010456	0.00378107326105237	0.003808677662163973	0.00444372370839119	0.0035429263953119516	0.001872616121545434	0.004371249582618475	0.0030759102664887905
266	neutral	../final/models/models_2nd_run/model3_35	../final/models/models_2nd_run/model3_35	joy	0.4297142028808594	0.4297142028808594	0.0985075905919075	0.3769674003124237	0.03336216136813164	0.02890699729323387	0.004064930137246847	0.0052071488462388515	0.006926156114786863	0.00475084874778986	0.0024483485613018274	0.005127700511366129	0.0040165879763662815
59	sadness	../final/models/models_2nd_run/model3_35	../final/models/models_2nd_run/model3_35	sadness	0.30280688405036926	0.07148198038339615	0.017134113237261772	0.1246984675526619	0.0316852368414402	0.008200780488550663	0.30280688405036926	0.17357873916625977	0.05116920545697212	0.12389834970235825	0.022700704634189606	0.01582198776304722	0.05682351812720299
979	nervousness	../final/models/models_2nd_run/model3_35	../final/models/models_2nd_run/model3_35	fear	0.5782272815704346	0.012009043246507645	0.004878160543739796	0.03699972853064537	0.005220678634941578	0.004853001330047846	0.021271470934152603	0.2678253948688507	0.030837606638669968	0.5782272815704346	0.004432606510818005	0.02036547288298607	0.01307949610054493
965	excitement	../final/models/models_2nd_run/model3_35	../final/models/models_2nd_run/model3_35	joy	0.45619097352027893	0.45619097352027893	0.24297818541526794	0.17835436761379242	0.06121315434575081	0.03151973709464073	0.004093542695045471	0.00374735239893198	0.007843379862606525	0.003145037218928337	0.0030598011799156666	0.0034789075143635273	0.004375595599412918
732	neutral	../final/models/models_2nd_run/model3_35	../final/models/models_2nd_run/model3_35	neutral	0.48072925209999084	0.18413828313350677	0.07820095866918564	0.48072925209999084	0.03534967824816704	0.1433275192975998	0.005975034553557634	0.03271547332406044	0.009378236718475819	0.010826166719198227	0.0070817009545862675	0.006630113814026117	0.005647626705467701
615	pride	../final/models/models_2nd_run/model3_35	../final/models/models_2nd_run/model3_35	pride	0.32959383726119995	0.09530359506607056	0.062375087291002274	0.07821531593799591	0.02778264507651329	0.32959383726119995	0.034463636577129364	0.25274258852005005	0.02653701975941658	0.021442029625177383	0.05352898687124252	0.007840631529688835	0.010174671187996864
1146	pride	../final/models/models_2nd_run/model3_35	../final/models/models_2nd_run/model3_35	pride	0.8784961104393005	0.015599628910422325	0.059429291635751724	0.012814240530133247	0.007464859168976545	0.8784961104393005	0.0012805040460079908	0.010832373052835464	0.002900285879150033	0.00227948441170156	0.005325706209987402	0.0024686919059604406	0.0011089382460340858
573	neutral	../final/models/models_2nd_run/model3_35	../final/models/models_2nd_run/model3_35	neutral	0.8372489213943481	0.07615271210670471	0.015028421767055988	0.8372489213943481	0.010726699605584145	0.013292222283780575	0.006180865224450827	0.012116056866943836	0.004870211705565453	0.00989860761910677	0.001838308060541749	0.008280137553811073	0.004366855602711439
820	surprise	../final/models/models_2nd_run/model3_35	../final/models/models_2nd_run/model3_35	surprise	0.6761066913604736	0.02520773932337761	0.24523389339447021	0.02633313275873661	0.6761066913604736	0.009700912982225418	0.0017200838774442673	0.0015839425614103675	0.00542420381680131	0.0019062930950894952	0.00315340468659997	0.0021842881105840206	0.0014455007622018456
678	pride	../final/models/models_2nd_run/model3_35	../final/models/models_2nd_run/model3_35	pride	0.8660316467285156	0.020305614918470383	0.0646325871348381	0.01491949986666441	0.007930558174848557	0.8660316467285156	0.0012753159971907735	0.011482453905045986	0.0030091404914855957	0.0023105104919523	0.004720719996839762	0.0022767295595258474	0.0011052655754610896
451	neutral	../final/models/models_2nd_run/model3_35	../final/models/models_2nd_run/model3_35	joy	0.40161213278770447	0.40161213278770447	0.154303640127182	0.3603205978870392	0.04000371694564819	0.018749374896287918	0.0039311358705163	0.003760086139664054	0.003912815824151039	0.0038266412448138	0.0018699008505791426	0.004386372864246368	0.0033236355520784855
731	joy	../final/models/models_2nd_run/model3_35	../final/models/models_2nd_run/model3_35	joy	0.4023968577384949	0.4023968577384949	0.15130577981472015	0.32380425930023193	0.04247076436877251	0.04796502739191055	0.003917733207345009	0.006725883577018976	0.0062512545846402645	0.004599688109010458	0.0025699541438370943	0.004609794821590185	0.003383046481758356
420	neutral	../final/models/models_2nd_run/model3_35	../final/models/models_2nd_run/model3_35	neutral	0.389217346906662	0.12887583673000336	0.1118563711643219	0.389217346906662	0.03586924448609352	0.2573346197605133	0.0047617326490581036	0.03579217195510864	0.009891587309539318	0.00917354878038168	0.005698574706912041	0.007074242457747459	0.004454698413610458
380	pride	../final/models/models_2nd_run/model3_35	../final/models/models_2nd_run/model3_35	pride	0.5412250757217407	0.1192946583032608	0.11727920919656754	0.10933709889650345	0.02909162826836109	0.5412250757217407	0.005788344889879227	0.04279957711696625	0.010161550715565681	0.006903951987624168	0.008687296882271767	0.005439000204205513	0.003992588724941015
83	excitement	../final/models/models_2nd_run/model3_35	../final/models/models_2nd_run/model3_35	neutral	0.4556676149368286	0.24092812836170197	0.11104907840490341	0.4556676149368286	0.025507543236017227	0.12879228591918945	0.0054306634701788425	0.01189811248332262	0.0041421521455049515	0.005229660775512457	0.0027610817924141884	0.00576606672257185	0.0028276722878217697
129	pride	../final/models/models_2nd_run/model3_35	../final/models/models_2nd_run/model3_35	joy	0.2886185646057129	0.2886185646057129	0.24848942458629608	0.1498168259859085	0.03516139090061188	0.24298176169395447	0.006771076004952192	0.011877377517521381	0.004275692626833916	0.004330583848059177	0.003618545364588499	0.0024382334668189287	0.0016204959247261286
916	neutral	../final/models/models_2nd_run/model3_35	../final/models/models_2nd_run/model3_35	neutral	0.5795345306396484	0.2889218330383301	0.054353851824998856	0.5795345306396484	0.02344338409602642	0.012052016332745552	0.006410481408238411	0.005552948918193579	0.006558040622621775	0.0067591858096420765	0.002274884842336178	0.007314459886401892	0.006824299227446318
774	confusion	../final/models/models_2nd_run/model3_35	../final/models/models_2nd_run/model3_35	nervousness	0.3853798508644104	0.06844351440668106	0.02547934092581272	0.11643466353416443	0.022609123960137367	0.08829110860824585	0.13667821884155273	0.3853798508644104	0.02519986778497696	0.04600046947598457	0.04871803894639015	0.01786111481487751	0.01890461891889572
1065	nervousness	../final/models/models_2nd_run/model3_35	../final/models/models_2nd_run/model3_35	nervousness	0.38543257117271423	0.069099560379982	0.09249025583267212	0.13672539591789246	0.02494770847260952	0.1486000120639801	0.023776421323418617	0.38543257117271423	0.015739312395453453	0.06875704973936081	0.016375530511140823	0.012606198899447918	0.005450041964650154
522	pride	../final/models/models_2nd_run/model3_35	../final/models/models_2nd_run/model3_35	pride	0.4635343849658966	0.20499065518379211	0.16536597907543182	0.12268077582120895	0.014417614787817001	0.4635343849658966	0.004173884633928537	0.009735951200127602	0.004013706464320421	0.0030448681209236383	0.0030866460874676704	0.003364638891071081	0.0015909207286313176
260	neutral	../final/models/models_2nd_run/model3_35	../final/models/models_2nd_run/model3_35	neutral	0.7746735215187073	0.10043735802173615	0.018955446779727936	0.7746735215187073	0.026144064962863922	0.01011552195996046	0.00899141188710928	0.009782790206372738	0.011961677111685276	0.012066886760294437	0.004068069625645876	0.00960777048021555	0.013195518404245377
596	neutral	../final/models/models_2nd_run/model3_35	../final/models/models_2nd_run/model3_35	neutral	0.8109265565872192	0.08451341837644577	0.018098535016179085	0.8109265565872192	0.013977584429085255	0.01855986751616001	0.004397289827466011	0.01653917320072651	0.007270839996635914	0.01171839889138937	0.002050642855465412	0.007574792485684156	0.004373017232865095
818	surprise	../final/models/models_2nd_run/model3_35	../final/models/models_2nd_run/model3_35	joy	0.3202131986618042	0.3202131986618042	0.29157158732414246	0.19850975275039673	0.05759071186184883	0.09183035790920258	0.0051675038412213326	0.009208448231220245	0.006347061134874821	0.004725125152617693	0.0051793744787573814	0.003763696877285838	0.005893192254006863
988	pride	../final/models/models_2nd_run/model3_35	../final/models/models_2nd_run/model3_35	pride	0.514533281326294	0.11220844835042953	0.08177158981561661	0.13899418711662292	0.03101520985364914	0.514533281326294	0.020091712474822998	0.05981965363025665	0.00681931572034955	0.010407853871583939	0.014239715412259102	0.006585877854377031	0.003513071220368147
906	pride	../final/models/models_2nd_run/model3_35	../final/models/models_2nd_run/model3_35	neutral	0.5385913252830505	0.0903904065489769	0.05952231585979462	0.5385913252830505	0.031271956861019135	0.18064749240875244	0.010521273128688335	0.041307397186756134	0.011653597466647625	0.010252183303236961	0.007496163249015808	0.011959339492022991	0.00638652453199029
138	pride	../final/models/models_2nd_run/model3_35	../final/models/models_2nd_run/model3_35	pride	0.836791455745697	0.022272329777479172	0.090671606361866	0.01689309813082218	0.010158197954297066	0.836791455745697	0.0014183062594383955	0.009270090609788895	0.003008556319400668	0.002176476875320077	0.004059992264956236	0.0022144049871712923	0.0010653927456587553
292	pride	../final/models/models_2nd_run/model3_35	../final/models/models_2nd_run/model3_35	joy	0.4822465479373932	0.4822465479373932	0.09746833145618439	0.3058173656463623	0.023297922685742378	0.06678798049688339	0.003901973832398653	0.005092524457722902	0.004729376640170813	0.003388314275071025	0.0019134110771119595	0.0032317109871655703	0.002124571241438389
1035	confusion	../final/models/models_2nd_run/model3_35	../final/models/models_2nd_run/model3_35	neutral	0.6751415729522705	0.06578745692968369	0.012117264792323112	0.6751415729522705	0.02517765946686268	0.00968142133206129	0.03766392543911934	0.06252014636993408	0.02986379712820053	0.033158451318740845	0.0104341646656394	0.014644995331764221	0.023809051141142845
376	pride	../final/models/models_2nd_run/model3_35	../final/models/models_2nd_run/model3_35	pride	0.8637140989303589	0.02186334878206253	0.0653851181268692	0.015496516600251198	0.007689277175813913	0.8637140989303589	0.0013161195674911141	0.011650052852928638	0.00309536000713706	0.0023327607195824385	0.0041577196680009365	0.0022198327351361513	0.0010798746952787042
141	pride	../final/models/models_2nd_run/model3_35	../final/models/models_2nd_run/model3_35	pride	0.2250519096851349	0.1963239163160324	0.0742691233754158	0.20845699310302734	0.04280071333050728	0.2250519096851349	0.08201156556606293	0.10202576965093613	0.016395235434174538	0.021173855289816856	0.02124251052737236	0.00514996750280261	0.005098331719636917
609	pride	../final/models/models_2nd_run/model3_35	../final/models/models_2nd_run/model3_35	pride	0.6158790588378906	0.07782147824764252	0.1818877011537552	0.054785799235105515	0.03269015625119209	0.6158790588378906	0.0030124566983431578	0.01554540079087019	0.004440277349203825	0.0036770578008145094	0.005257825367152691	0.003183992113918066	0.0018187860259786248
838	pride	../final/models/models_2nd_run/model3_35	../final/models/models_2nd_run/model3_35	pride	0.8542888164520264	0.020729007199406624	0.07650526612997055	0.015438729897141457	0.0076613049022853374	0.8542888164520264	0.0012918998254463077	0.010816754773259163	0.0029610388446599245	0.002162061631679535	0.004640755709260702	0.0023826572578400373	0.0011216361308470368
1156	excitement	../final/models/models_2nd_run/model3_35	../final/models/models_2nd_run/model3_35	pride	0.3800264298915863	0.14457310736179352	0.14587317407131195	0.20702560245990753	0.041379768401384354	0.3800264298915863	0.005451263394206762	0.03310728445649147	0.008501794189214706	0.006764970254153013	0.014224730432033539	0.006824797485023737	0.006247067824006081
139	neutral	../final/models/models_2nd_run/model3_35	../final/models/models_2nd_run/model3_35	sadness	0.6663678884506226	0.10126373916864395	0.018071414902806282	0.09592945873737335	0.020349258556962013	0.014427367597818375	0.6663678884506226	0.04520772770047188	0.007074077147990465	0.013192693702876568	0.008495976217091084	0.00454052584245801	0.005079854745417833
911	joy	../final/models/models_2nd_run/model3_35	../final/models/models_2nd_run/model3_35	joy	0.4629339575767517	0.4629339575767517	0.334830105304718	0.12320205569267273	0.03120509162545204	0.030859289690852165	0.003041384043172002	0.002258081454783678	0.0032970397733151913	0.0023879017680883408	0.0016070619458332658	0.002559092827141285	0.0018189585534855723
973	excitement	../final/models/models_2nd_run/model3_35	../final/models/models_2nd_run/model3_35	pride	0.7645403146743774	0.028616515919566154	0.1461220681667328	0.021327193826436996	0.013170009478926659	0.7645403146743774	0.0012673792662099004	0.01089359913021326	0.003205074230208993	0.002259792061522603	0.0052266414277255535	0.002097407588735223	0.0012740505626425147
224	excitement	../final/models/models_2nd_run/model3_35	../final/models/models_2nd_run/model3_35	excitement	0.738265335559845	0.09410080313682556	0.738265335559845	0.10159353911876678	0.026161624118685722	0.021093690767884254	0.002025618916377425	0.003906287252902985	0.003084353869780898	0.003267881693318486	0.0013526714174076915	0.003272264963015914	0.0018760659731924534
398	pride	../final/models/models_2nd_run/model3_35	../final/models/models_2nd_run/model3_35	pride	0.870905339717865	0.01892426796257496	0.061924807727336884	0.01316510047763586	0.007967264391481876	0.870905339717865	0.0013111147563904524	0.012596314772963524	0.0031359312124550343	0.002233038656413555	0.004756592679768801	0.0020527257584035397	0.0010275385575369
274	neutral	../final/models/models_2nd_run/model3_35	../final/models/models_2nd_run/model3_35	joy	0.4042224586009979	0.4042224586009979	0.3307673931121826	0.12317359447479248	0.051490068435668945	0.06978956609964371	0.0042154560796916485	0.003929003141820431	0.0031354648526757956	0.0032497597858309746	0.002182734664529562	0.0022025578655302525	0.001642021699808538
323	pride	../final/models/models_2nd_run/model3_35	../final/models/models_2nd_run/model3_35	joy	0.30150413513183594	0.30150413513183594	0.25850772857666016	0.14022685587406158	0.04764645919203758	0.2266845852136612	0.003923696931451559	0.007580938749015331	0.0041497633792459965	0.003085006959736347	0.002719887997955084	0.002458310918882489	0.0015125410864129663
342	pride	../final/models/models_2nd_run/model3_35	../final/models/models_2nd_run/model3_35	joy	0.46333879232406616	0.46333879232406616	0.30453747510910034	0.1529146432876587	0.03163105994462967	0.026309028267860413	0.002808914752677083	0.002905790926888585	0.005016613751649857	0.0028198049403727055	0.0017090728506445885	0.0035399373155087233	0.0024689012207090855
807	joy	../final/models/models_2nd_run/model3_35	../final/models/models_2nd_run/model3_35	joy	0.4091835618019104	0.4091835618019104	0.33664751052856445	0.1634717583656311	0.042089998722076416	0.029826659709215164	0.0035569185856729746	0.0024666537065058947	0.0034767850302159786	0.0020533856004476547	0.001814375282265246	0.0033036479726433754	0.00210867403075099
1078	excitement	../final/models/models_2nd_run/model3_35	../final/models/models_2nd_run/model3_35	excitement	0.8387289643287659	0.04656730592250824	0.8387289643287659	0.06129150837659836	0.022749779745936394	0.014040034264326096	0.00156918924767524	0.0033777158241719007	0.0024137157015502453	0.002791878767311573	0.0012021624715998769	0.003372144652530551	0.0018956143176183105
718	neutral	../final/models/models_2nd_run/model3_35	../final/models/models_2nd_run/model3_35	neutral	0.8066993951797485	0.09337515383958817	0.01708168536424637	0.8066993951797485	0.008857345208525658	0.024277057498693466	0.00632519880309701	0.015822425484657288	0.00461195595562458	0.010867932811379433	0.001868358114734292	0.007298218086361885	0.0029152752831578255
969	embarrassment	../final/models/models_2nd_run/model3_35	../final/models/models_2nd_run/model3_35	pride	0.42308858036994934	0.08888503164052963	0.08519348502159119	0.15484139323234558	0.027445171028375626	0.42308858036994934	0.012211672030389309	0.1417822390794754	0.016624845564365387	0.02161363884806633	0.017515048384666443	0.005924566183239222	0.00487422663718462
447	neutral	../final/models/models_2nd_run/model3_35	../final/models/models_2nd_run/model3_35	nervousness	0.48887738585472107	0.0487704873085022	0.015417777933180332	0.18589645624160767	0.018119337037205696	0.03343471512198448	0.07715018838644028	0.48887738585472107	0.013929121196269989	0.07581667602062225	0.016811510547995567	0.015023327432572842	0.010753098875284195
634	neutral	../final/models/models_2nd_run/model3_35	../final/models/models_2nd_run/model3_35	embarrassment	0.2716975510120392	0.06244325265288353	0.048025064170360565	0.14247488975524902	0.044227514415979385	0.17099618911743164	0.014098669402301311	0.13760603964328766	0.02249566651880741	0.015134047716856003	0.2716975510120392	0.025259941816329956	0.04554111883044243
344	joy	../final/models/models_2nd_run/model3_35	../final/models/models_2nd_run/model3_35	excitement	0.40204140543937683	0.32514598965644836	0.40204140543937683	0.15671633183956146	0.05543367192149162	0.04020540788769722	0.0025869938544929028	0.0030182411428540945	0.004711780697107315	0.0024379233364015818	0.0019823559559881687	0.0032884683459997177	0.002431246917694807
1040	sadness	../final/models/models_2nd_run/model3_35	../final/models/models_2nd_run/model3_35	sadness	0.570868730545044	0.04068216308951378	0.00954234879463911	0.06729423999786377	0.013599862344563007	0.01943157985806465	0.570868730545044	0.1856452077627182	0.012194901704788208	0.04244047775864601	0.021278806030750275	0.008693454787135124	0.00832816120237112
1005	neutral	../final/models/models_2nd_run/model3_35	../final/models/models_2nd_run/model3_35	pride	0.8023079633712769	0.049912646412849426	0.07502762973308563	0.034268297255039215	0.009659812785685062	0.8023079633712769	0.002100009471178055	0.013265793211758137	0.0029144068248569965	0.00245781522244215	0.00436040572822094	0.0024365123827010393	0.001288686995394528
843	nervousness	../final/models/models_2nd_run/model3_35	../final/models/models_2nd_run/model3_35	nervousness	0.5753704309463501	0.0198834091424942	0.025415146723389626	0.04733574017882347	0.01360056921839714	0.019685205072164536	0.0788058415055275	0.5753704309463501	0.014507612213492393	0.11869043111801147	0.0316569060087204	0.02264355681836605	0.03240514546632767
549	embarrassment	../final/models/models_2nd_run/model3_35	../final/models/models_2nd_run/model3_35	embarrassment	0.7088376879692078	0.02099337801337242	0.027051765471696854	0.02653989940881729	0.032268404960632324	0.027264796197414398	0.013743366114795208	0.056493185460567474	0.012986946851015091	0.01231868751347065	0.7088376879692078	0.008718864992260933	0.052783116698265076
1112	neutral	../final/models/models_2nd_run/model3_35	../final/models/models_2nd_run/model3_35	joy	0.4831383526325226	0.4831383526325226	0.204311341047287	0.23471243679523468	0.0286440160125494	0.026015745475888252	0.0027571413666009903	0.003676924854516983	0.003950373735278845	0.003933590371161699	0.0017595139797776937	0.004312682896852493	0.0027879688423126936
526	excitement	../final/models/models_2nd_run/model3_35	../final/models/models_2nd_run/model3_35	pride	0.4742923676967621	0.10722506046295166	0.14284402132034302	0.16855406761169434	0.030741604045033455	0.4742923676967621	0.004664118401706219	0.038373447954654694	0.008829762227833271	0.008076785132288933	0.006426721345633268	0.006516796071082354	0.0034553767181932926
365	excitement	../final/models/models_2nd_run/model3_35	../final/models/models_2nd_run/model3_35	excitement	0.32232043147087097	0.21699988842010498	0.32232043147087097	0.15161588788032532	0.05285677686333656	0.2276962548494339	0.0038984755519777536	0.007243405561894178	0.004206061363220215	0.0031630457378923893	0.004815815947949886	0.002805967116728425	0.0023779096081852913
855	joy	../final/models/models_2nd_run/model3_35	../final/models/models_2nd_run/model3_35	neutral	0.38008588552474976	0.2057519406080246	0.13009774684906006	0.38008588552474976	0.04154457524418831	0.19835300743579865	0.004244314972311258	0.015221095643937588	0.008590656332671642	0.0046005854383111	0.004532256163656712	0.0041030896827578545	0.002874946454539895
701	neutral	../final/models/models_2nd_run/model3_35	../final/models/models_2nd_run/model3_35	joy	0.4336608946323395	0.4336608946323395	0.3229672312736511	0.15026375651359558	0.030476737767457962	0.044872820377349854	0.0037764066364616156	0.0027255641762167215	0.002980243880301714	0.0021262068767100573	0.0016051412094384432	0.0029081099200993776	0.001636926201172173
321	surprise	../final/models/models_2nd_run/model3_35	../final/models/models_2nd_run/model3_35	excitement	0.5282089114189148	0.2423471361398697	0.5282089114189148	0.11617293208837509	0.07433366030454636	0.020353130996227264	0.002596517326310277	0.0023237415589392185	0.004179740324616432	0.002727438695728779	0.0020566172897815704	0.0024402819108217955	0.0022598328068852425
803	joy	../final/models/models_2nd_run/model3_35	../final/models/models_2nd_run/model3_35	excitement	0.5330803394317627	0.24450010061264038	0.5330803394317627	0.09179434925317764	0.07311201840639114	0.03785296529531479	0.002315931022167206	0.002441575052216649	0.004948907066136599	0.0024112642277032137	0.00211330852471292	0.0028256720397621393	0.002603631466627121
707	excitement	../final/models/models_2nd_run/model3_35	../final/models/models_2nd_run/model3_35	joy	0.5975751876831055	0.5975751876831055	0.15479014813899994	0.18566271662712097	0.02519792690873146	0.013335100375115871	0.00393903162330389	0.0027116984128952026	0.004624268040060997	0.003304878482595086	0.0015941663878038526	0.004150226712226868	0.0031146607361733913
944	pride	../final/models/models_2nd_run/model3_35	../final/models/models_2nd_run/model3_35	confusion	0.6072200536727905	0.05852906405925751	0.03870360180735588	0.15576542913913727	0.020810388028621674	0.07270297408103943	0.006585711147636175	0.017689604312181473	0.6072200536727905	0.008654434233903885	0.004775826819241047	0.005924831610172987	0.002638083416968584
613	neutral	../final/models/models_2nd_run/model3_35	../final/models/models_2nd_run/model3_35	neutral	0.5164145827293396	0.2677801251411438	0.0331057533621788	0.5164145827293396	0.030774999409914017	0.02815227210521698	0.05209999158978462	0.031212881207466125	0.007312221918255091	0.015609890222549438	0.005566599778831005	0.006222840398550034	0.005747883580625057
39	anger	../final/models/models_2nd_run/model3_35	../final/models/models_2nd_run/model3_35	nervousness	0.3222249746322632	0.026325643062591553	0.010440411046147346	0.30589011311531067	0.013346194289624691	0.03488512337207794	0.05982857942581177	0.3222249746322632	0.020682476460933685	0.058577217161655426	0.02221873588860035	0.09596049785614014	0.029620034620165825
30	excitement	../final/models/models_2nd_run/model3_35	../final/models/models_2nd_run/model3_35	excitement	0.5403702855110168	0.11280906200408936	0.5403702855110168	0.07380986213684082	0.13601243495941162	0.11598197370767593	0.002436174312606454	0.004295825958251953	0.004784873686730862	0.002531641162931919	0.0031262398697435856	0.0024035638198256493	0.0014380477368831635
242	excitement	../final/models/models_2nd_run/model3_35	../final/models/models_2nd_run/model3_35	neutral	0.38477635383605957	0.3598208725452423	0.06578270345926285	0.38477635383605957	0.04838800057768822	0.04211936518549919	0.05265534296631813	0.012359803542494774	0.006043731234967709	0.005313338246196508	0.009895176626741886	0.005888484418392181	0.006956786382943392
1110	joy	../final/models/models_2nd_run/model3_35	../final/models/models_2nd_run/model3_35	neutral	0.7358940839767456	0.12756992876529694	0.02033871039748192	0.7358940839767456	0.03861493989825249	0.007913781329989433	0.010677484795451164	0.007202055770903826	0.014235450886189938	0.010318280197679996	0.004267921671271324	0.008844113908708096	0.014123235829174519
136	joy	../final/models/models_2nd_run/model3_35	../final/models/models_2nd_run/model3_35	neutral	0.47854143381118774	0.1435127556324005	0.020704133436083794	0.47854143381118774	0.022964678704738617	0.024911096319556236	0.05139447748661041	0.13285867869853973	0.01093032956123352	0.062316179275512695	0.010469266213476658	0.01534588448703289	0.026051141321659088
310	excitement	../final/models/models_2nd_run/model3_35	../final/models/models_2nd_run/model3_35	sadness	0.29902923107147217	0.08240246027708054	0.02129487320780754	0.20139209926128387	0.01838885061442852	0.045749399811029434	0.29902923107147217	0.22956053912639618	0.011149031110107899	0.048079218715429306	0.02190830558538437	0.012520384043455124	0.008525621145963669
1066	nervousness	../final/models/models_2nd_run/model3_35	../final/models/models_2nd_run/model3_35	fear	0.4408767819404602	0.015023192390799522	0.006454050075262785	0.03110942617058754	0.007075804751366377	0.007497407030314207	0.016121014952659607	0.4196312427520752	0.03064768761396408	0.4408767819404602	0.007019993383437395	0.01048351265490055	0.008059884421527386
503	neutral	../final/models/models_2nd_run/model3_35	../final/models/models_2nd_run/model3_35	neutral	0.3976494073867798	0.36687180399894714	0.12546972930431366	0.3976494073867798	0.04857196658849716	0.029092390090227127	0.005212939810007811	0.005006779916584492	0.005836191587150097	0.0048027653247118	0.002862386405467987	0.003796655684709549	0.0048270560801029205
780	neutral	../final/models/models_2nd_run/model3_35	../final/models/models_2nd_run/model3_35	joy	0.20314867794513702	0.20314867794513702	0.10507455468177795	0.17033207416534424	0.1740119606256485	0.08330422639846802	0.030510086566209793	0.0555441677570343	0.018161332234740257	0.014268043451011181	0.10840249061584473	0.007856533862650394	0.029385851696133614
1122	excitement	../final/models/models_2nd_run/model3_35	../final/models/models_2nd_run/model3_35	excitement	0.3925860524177551	0.376120001077652	0.3925860524177551	0.14381788671016693	0.04567559435963631	0.020623844116926193	0.0028740842826664448	0.0023861571680754423	0.00507526658475399	0.0023299672175198793	0.00168072700034827	0.004228727426379919	0.0026017487980425358
1264	joy	../final/models/models_2nd_run/model3_35	../final/models/models_2nd_run/model3_35	neutral	0.6661325097084045	0.10212420672178268	0.022276105359196663	0.6661325097084045	0.0372513085603714	0.01959998719394207	0.027106212452054024	0.04251799359917641	0.017527680844068527	0.019671805202960968	0.012326719239354134	0.012118414044380188	0.02134701795876026
453	joy	../final/models/models_2nd_run/model3_35	../final/models/models_2nd_run/model3_35	joy	0.35999685525894165	0.35999685525894165	0.24342118203639984	0.24241840839385986	0.04619858041405678	0.07997021079063416	0.003020658390596509	0.005977317690849304	0.005685604177415371	0.0035875379107892513	0.0029779921751469374	0.003408120246604085	0.0033375252969563007
3	neutral	../final/models/models_2nd_run/model3_35	../final/models/models_2nd_run/model3_35	joy	0.45017457008361816	0.45017457008361816	0.2998444437980652	0.12589013576507568	0.07433098554611206	0.025585876777768135	0.004563187714666128	0.003726440481841564	0.006178837735205889	0.0028656283393502235	0.0023044501431286335	0.002338438294827938	0.002197098918259144
111	neutral	../final/models/models_2nd_run/model3_35	../final/models/models_2nd_run/model3_35	nervousness	0.4142042100429535	0.08306926488876343	0.033942557871341705	0.12022697925567627	0.027140414342284203	0.09581240266561508	0.07884493470191956	0.4142042100429535	0.01649903878569603	0.07145269960165024	0.03573008254170418	0.01052102167159319	0.012556393630802631
670	joy	../final/models/models_2nd_run/model3_35	../final/models/models_2nd_run/model3_35	joy	0.43090128898620605	0.43090128898620605	0.2839580476284027	0.16968482732772827	0.036891743540763855	0.05731717869639397	0.003783468622714281	0.004138116724789143	0.004095827229321003	0.0025782615412026644	0.0021565696224570274	0.002641120459884405	0.001853497582487762
1097	excitement	../final/models/models_2nd_run/model3_35	../final/models/models_2nd_run/model3_35	pride	0.7787518501281738	0.04057885706424713	0.11877184361219406	0.025090357288718224	0.013109272345900536	0.7787518501281738	0.0013551446609199047	0.009224150329828262	0.003413246711716056	0.002083420753479004	0.004342826083302498	0.002068562200292945	0.001210444956086576
482	pride	../final/models/models_2nd_run/model3_35	../final/models/models_2nd_run/model3_35	pride	0.8679004311561584	0.018739255145192146	0.06555278599262238	0.014838030561804771	0.00722336582839489	0.8679004311561584	0.001346092321909964	0.011413204483687878	0.0028623330872505903	0.0023143456783145666	0.004436459392309189	0.002365540713071823	0.0010082165244966745
921	pride	../final/models/models_2nd_run/model3_35	../final/models/models_2nd_run/model3_35	pride	0.3491910994052887	0.24671109020709991	0.09975548088550568	0.2285543531179428	0.02881661057472229	0.3491910994052887	0.006020840723067522	0.018385659903287888	0.004620699677616358	0.005868576932698488	0.004210983868688345	0.005363142117857933	0.0025013675913214684
931	nervousness	../final/models/models_2nd_run/model3_35	../final/models/models_2nd_run/model3_35	pride	0.6876388788223267	0.04127161577343941	0.15389682352542877	0.035736095160245895	0.012743993662297726	0.6876388788223267	0.0018441887805238366	0.04382391273975372	0.005786093417555094	0.00813804380595684	0.004969215020537376	0.0026533519849181175	0.0014978271210566163
1139	confusion	../final/models/models_2nd_run/model3_35	../final/models/models_2nd_run/model3_35	excitement	0.7816152572631836	0.06879748404026031	0.7816152572631836	0.0835702195763588	0.030406098812818527	0.017012931406497955	0.001878954004496336	0.004227929282933474	0.0026604733429849148	0.0035567674785852432	0.0013430187245830894	0.003137654159218073	0.0017932020127773285
429	joy	../final/models/models_2nd_run/model3_35	../final/models/models_2nd_run/model3_35	joy	0.5433045029640198	0.5433045029640198	0.06655237078666687	0.3095541000366211	0.015119044110178947	0.041150230914354324	0.00519926892593503	0.004987791180610657	0.0031710255425423384	0.0034754553344100714	0.0017236883286386728	0.0035016050096601248	0.002260936424136162
314	joy	../final/models/models_2nd_run/model3_35	../final/models/models_2nd_run/model3_35	joy	0.6164454817771912	0.6164454817771912	0.10006290674209595	0.22370301187038422	0.02250055968761444	0.014614440500736237	0.0036253000143915415	0.0027832533232867718	0.004794050008058548	0.003282782854512334	0.0016688223695382476	0.003665364347398281	0.0028539421036839485
1030	surprise	../final/models/models_2nd_run/model3_35	../final/models/models_2nd_run/model3_35	excitement	0.35613948106765747	0.19241613149642944	0.35613948106765747	0.08240210264921188	0.320830374956131	0.02456662990152836	0.003667787415906787	0.0030129565857350826	0.0067964717745780945	0.002685386687517166	0.003329502884298563	0.002299464773386717	0.0018536264542490244
319	excitement	../final/models/models_2nd_run/model3_35	../final/models/models_2nd_run/model3_35	excitement	0.34092241525650024	0.3140908181667328	0.34092241525650024	0.19012267887592316	0.040207862854003906	0.08812034130096436	0.002953565213829279	0.008475868962705135	0.0048696077428758144	0.0038070634473115206	0.0020584785379469395	0.0026790867559611797	0.0016921928618103266
579	nervousness	../final/models/models_2nd_run/model3_35	../final/models/models_2nd_run/model3_35	confusion	0.784489095211029	0.010058443993330002	0.003012791508808732	0.037416934967041016	0.009093674831092358	0.001987918047234416	0.047413527965545654	0.04263680800795555	0.784489095211029	0.0330127477645874	0.009275941178202629	0.006151298526674509	0.015450778417289257
630	pride	../final/models/models_2nd_run/model3_35	../final/models/models_2nd_run/model3_35	neutral	0.321818083524704	0.244657501578331	0.14280341565608978	0.321818083524704	0.0425003282725811	0.19522731006145477	0.005155364982783794	0.01872038096189499	0.009473760612308979	0.005665506701916456	0.004791915416717529	0.004951931536197662	0.00423453701660037
5	nervousness	../final/models/models_2nd_run/model3_35	../final/models/models_2nd_run/model3_35	sadness	0.9113686680793762	0.006902022752910852	0.001436688588000834	0.009747625328600407	0.0019565196707844734	0.0014775905292481184	0.9113686680793762	0.030051184818148613	0.0026346652302891016	0.01216572243720293	0.0038943972904235125	0.009202859364449978	0.009162007831037045
100	neutral	../final/models/models_2nd_run/model3_35	../final/models/models_2nd_run/model3_35	joy	0.47327935695648193	0.47327935695648193	0.06677540391683578	0.3822951316833496	0.01628224551677704	0.03734855353832245	0.004309268202632666	0.004472246393561363	0.003753531025722623	0.0035458027850836515	0.0016060859197750688	0.003933700732886791	0.0023987230379134417
710	joy	../final/models/models_2nd_run/model3_35	../final/models/models_2nd_run/model3_35	joy	0.38333529233932495	0.38333529233932495	0.25616443157196045	0.2282751202583313	0.029740190133452415	0.07920035719871521	0.0033675841987133026	0.004496295470744371	0.004545998759567738	0.0027465259190648794	0.002313828095793724	0.0036144256591796875	0.002200022805482149
567	excitement	../final/models/models_2nd_run/model3_35	../final/models/models_2nd_run/model3_35	pride	0.5329726934432983	0.10335179418325424	0.23758594691753387	0.06022600084543228	0.029054945334792137	0.5329726934432983	0.003142229514196515	0.017084365710616112	0.004756306763738394	0.003691858146339655	0.004398460034281015	0.00226018950343132	0.0014752785209566355
545	neutral	../final/models/models_2nd_run/model3_35	../final/models/models_2nd_run/model3_35	joy	0.27406948804855347	0.27406948804855347	0.23179395496845245	0.259462833404541	0.06823033839464188	0.12658114731311798	0.00409673759713769	0.009521150030195713	0.007834024727344513	0.004875218961387873	0.005073464009910822	0.004721291828900576	0.003740404499694705
644	joy	../final/models/models_2nd_run/model3_35	../final/models/models_2nd_run/model3_35	joy	0.5435343980789185	0.5435343980789185	0.08519066125154495	0.29848042130470276	0.024235442280769348	0.020508194342255592	0.003982002381235361	0.0038868244737386703	0.005910643842071295	0.004075091797858477	0.0019916461315006018	0.004462352022528648	0.003742281114682555
909	confusion	../final/models/models_2nd_run/model3_35	../final/models/models_2nd_run/model3_35	confusion	0.6254549026489258	0.010805382393300533	0.0044158813543617725	0.010562220588326454	0.006011540535837412	0.005960621405392885	0.08598940074443817	0.15947487950325012	0.6254549026489258	0.049383148550987244	0.015393132343888283	0.019153857603669167	0.007395047228783369
802	neutral	../final/models/models_2nd_run/model3_35	../final/models/models_2nd_run/model3_35	neutral	0.3702084422111511	0.3205172121524811	0.11455623060464859	0.3702084422111511	0.04024652764201164	0.11628205329179764	0.004135820548981428	0.01252571027725935	0.007107140496373177	0.005443400703370571	0.0027865252923220396	0.0035486817359924316	0.002642304403707385
467	surprise	../final/models/models_2nd_run/model3_35	../final/models/models_2nd_run/model3_35	joy	0.4854249358177185	0.4854249358177185	0.25091415643692017	0.17074307799339294	0.04872693866491318	0.01856103166937828	0.004006386734545231	0.0036197828594595194	0.005241101607680321	0.003181801876053214	0.0020548009779304266	0.004619917366653681	0.002906144130975008
390	excitement	../final/models/models_2nd_run/model3_35	../final/models/models_2nd_run/model3_35	pride	0.4165581464767456	0.16168731451034546	0.17524896562099457	0.15292376279830933	0.052794862538576126	0.4165581464767456	0.004926281049847603	0.013695003464818	0.005088184494525194	0.004155083559453487	0.006054063327610493	0.004197970498353243	0.0026704443152993917
227	neutral	../final/models/models_2nd_run/model3_35	../final/models/models_2nd_run/model3_35	joy	0.42343631386756897	0.42343631386756897	0.09268040210008621	0.27219918370246887	0.0395672544836998	0.1223466545343399	0.012185310944914818	0.01571279764175415	0.005571137648075819	0.0059684510342776775	0.004737935494631529	0.0031474947463721037	0.0024471371434628963
536	excitement	../final/models/models_2nd_run/model3_35	../final/models/models_2nd_run/model3_35	excitement	0.6300073266029358	0.06129514425992966	0.6300073266029358	0.059364065527915955	0.024304982274770737	0.18757231533527374	0.003146876348182559	0.018606064841151237	0.003826207248494029	0.004652862437069416	0.0030148334335535765	0.0026423686649650335	0.0015670089051127434
1057	neutral	../final/models/models_2nd_run/model3_35	../final/models/models_2nd_run/model3_35	excitement	0.39908063411712646	0.3710533678531647	0.39908063411712646	0.1379178762435913	0.042317915707826614	0.030320705845952034	0.0025776284746825695	0.0026576814707368612	0.004312676377594471	0.0027774993795901537	0.0016879345057532191	0.002875017700716853	0.002421081531792879
712	neutral	../final/models/models_2nd_run/model3_35	../final/models/models_2nd_run/model3_35	excitement	0.3312334418296814	0.17411231994628906	0.3312334418296814	0.2485431432723999	0.18605296313762665	0.01579180173575878	0.005555398762226105	0.002678104443475604	0.005245096981525421	0.004222555551677942	0.0038115717470645905	0.014133933931589127	0.008619585074484348
471	neutral	../final/models/models_2nd_run/model3_35	../final/models/models_2nd_run/model3_35	excitement	0.3190727233886719	0.26255539059638977	0.3190727233886719	0.22656570374965668	0.0953209400177002	0.07092785835266113	0.003642819356173277	0.004249582067131996	0.0040049925446510315	0.003676239401102066	0.0027294685132801533	0.004155884496867657	0.003098455024883151
66	excitement	../final/models/models_2nd_run/model3_35	../final/models/models_2nd_run/model3_35	joy	0.34440353512763977	0.34440353512763977	0.3227772116661072	0.15600501000881195	0.031250327825546265	0.1238301694393158	0.00245176930911839	0.005320639815181494	0.004868177697062492	0.0023212998639792204	0.0023845976684242487	0.0026321576442569494	0.0017550402553752065
1089	neutral	../final/models/models_2nd_run/model3_35	../final/models/models_2nd_run/model3_35	neutral	0.7801066040992737	0.10968215018510818	0.01837047189474106	0.7801066040992737	0.020408237352967262	0.012392586097121239	0.007908741943538189	0.010767804458737373	0.009201846085488796	0.009826133958995342	0.0033610034734010696	0.008282515220344067	0.009691833518445492
67	surprise	../final/models/models_2nd_run/model3_35	../final/models/models_2nd_run/model3_35	surprise	0.792434573173523	0.027722559869289398	0.08958891034126282	0.033134132623672485	0.792434573173523	0.010993744246661663	0.005824693478643894	0.009859183803200722	0.006518032867461443	0.00667843222618103	0.011975808069109917	0.002898372244089842	0.002371656708419323
629	joy	../final/models/models_2nd_run/model3_35	../final/models/models_2nd_run/model3_35	joy	0.3436327576637268	0.3436327576637268	0.07300214469432831	0.2852829694747925	0.03309096768498421	0.039853908121585846	0.020980674773454666	0.08556395769119263	0.011486298404633999	0.015456799417734146	0.009901638142764568	0.05349414423108101	0.028253745287656784
211	pride	../final/models/models_2nd_run/model3_35	../final/models/models_2nd_run/model3_35	pride	0.8659823536872864	0.017094185575842857	0.063456229865551	0.015562236309051514	0.008605978451669216	0.8659823536872864	0.001351641840301454	0.01321562472730875	0.0030687465332448483	0.0026634042151272297	0.005513712298125029	0.002358008874580264	0.0011278912425041199
12	pride	../final/models/models_2nd_run/model3_35	../final/models/models_2nd_run/model3_35	pride	0.33244335651397705	0.2332111895084381	0.16918732225894928	0.1898074448108673	0.043727632611989975	0.33244335651397705	0.0037326556630432606	0.008349624462425709	0.005053197965025902	0.0033343585673719645	0.0049604675732553005	0.0034714306239038706	0.0027214058209210634
566	joy	../final/models/models_2nd_run/model3_35	../final/models/models_2nd_run/model3_35	joy	0.39528948068618774	0.39528948068618774	0.10465797036886215	0.24147769808769226	0.07646512985229492	0.06363391876220703	0.037162069231271744	0.026684217154979706	0.014892000705003738	0.0075794425792992115	0.0176091231405735	0.004921075887978077	0.009627912193536758
720	sadness	../final/models/models_2nd_run/model3_35	../final/models/models_2nd_run/model3_35	nervousness	0.48289042711257935	0.0214044488966465	0.006219141185283661	0.05015895515680313	0.004577863961458206	0.015403690747916698	0.15323972702026367	0.48289042711257935	0.011446559801697731	0.035402920097112656	0.023934578523039818	0.1387270838022232	0.0565945990383625
299	excitement	../final/models/models_2nd_run/model3_35	../final/models/models_2nd_run/model3_35	pride	0.82798171043396	0.024886466562747955	0.09194114804267883	0.016277283430099487	0.010263952426612377	0.82798171043396	0.0014310021651908755	0.013229149393737316	0.0031736514065414667	0.0023642403539270163	0.005237029865384102	0.002089648973196745	0.0011247302172705531
513	pride	../final/models/models_2nd_run/model3_35	../final/models/models_2nd_run/model3_35	pride	0.5881650447845459	0.08104933053255081	0.09456087648868561	0.13799189031124115	0.031094493344426155	0.5881650447845459	0.008963873609900475	0.024769149720668793	0.006122625898569822	0.00653557013720274	0.011763579212129116	0.005654053296893835	0.0033294521272182465
849	nervousness	../final/models/models_2nd_run/model3_35	../final/models/models_2nd_run/model3_35	fear	0.5436393022537231	0.010776710696518421	0.00454510934650898	0.02781548723578453	0.0048028407618403435	0.004300667438656092	0.022085409611463547	0.3244757652282715	0.028377855196595192	0.5436393022537231	0.005291101522743702	0.013508293777704239	0.010381430387496948
1141	sadness	../final/models/models_2nd_run/model3_35	../final/models/models_2nd_run/model3_35	joy	0.5021448731422424	0.5021448731422424	0.13351643085479736	0.15543824434280396	0.04175813868641853	0.10650496184825897	0.030949784442782402	0.011100365780293941	0.0038680911529809237	0.005057262256741524	0.004390417598187923	0.0026673011016100645	0.0026040971279144287
745	excitement	../final/models/models_2nd_run/model3_35	../final/models/models_2nd_run/model3_35	excitement	0.2658798396587372	0.15663231909275055	0.2658798396587372	0.22594709694385529	0.07263179123401642	0.2395251840353012	0.004281051456928253	0.013437541201710701	0.004100038204342127	0.005099196918308735	0.0054466514848172665	0.004356506746262312	0.0026627795305103064
754	embarrassment	../final/models/models_2nd_run/model3_35	../final/models/models_2nd_run/model3_35	neutral	0.2412063032388687	0.11838043481111526	0.04767283424735069	0.2412063032388687	0.03774287924170494	0.2358679622411728	0.01982455886900425	0.18269149959087372	0.027159709483385086	0.01885693334043026	0.03966837748885155	0.01529034972190857	0.015638163313269615
1207	nervousness	../final/models/models_2nd_run/model3_35	../final/models/models_2nd_run/model3_35	neutral	0.28289109468460083	0.14117982983589172	0.20993325114250183	0.28289109468460083	0.06042161211371422	0.06574638932943344	0.018124574795365334	0.13624347746372223	0.010446880012750626	0.03299359604716301	0.01002798043191433	0.014292857609689236	0.017698436975479126
558	neutral	../final/models/models_2nd_run/model3_35	../final/models/models_2nd_run/model3_35	neutral	0.5086930394172668	0.322717547416687	0.06940602511167526	0.5086930394172668	0.022151004523038864	0.04577847942709923	0.0037594172172248363	0.008025878109037876	0.005440359469503164	0.005152037367224693	0.0022489421535283327	0.003818861674517393	0.0028083028737455606
589	pride	../final/models/models_2nd_run/model3_35	../final/models/models_2nd_run/model3_35	excitement	0.3280423581600189	0.19226209819316864	0.3280423581600189	0.1419203132390976	0.060057733207941055	0.2383834272623062	0.0032284902408719063	0.010600890032947063	0.010291406884789467	0.004295205697417259	0.005893341265618801	0.0024767012801021338	0.002548023359850049
1048	disgust	../final/models/models_2nd_run/model3_35	../final/models/models_2nd_run/model3_35	disgust	0.9021070003509521	0.006550720892846584	0.0029611815698444843	0.017771588638424873	0.005288491025567055	0.0015092486282810569	0.007887795567512512	0.007190310396254063	0.004067862406373024	0.011745955795049667	0.01837044581770897	0.014549324288964272	0.9021070003509521
1188	joy	../final/models/models_2nd_run/model3_35	../final/models/models_2nd_run/model3_35	joy	0.42108750343322754	0.42108750343322754	0.3178255259990692	0.13806729018688202	0.044962625950574875	0.04557681083679199	0.003150678239762783	0.003545339684933424	0.01633797585964203	0.002914723474532366	0.0021430954802781343	0.0026415737811475992	0.001746823196299374
424	joy	../final/models/models_2nd_run/model3_35	../final/models/models_2nd_run/model3_35	joy	0.3145999312400818	0.3145999312400818	0.2125149518251419	0.25173407793045044	0.03847719728946686	0.1572711020708084	0.004145797807723284	0.006285265553742647	0.004184675868600607	0.003197469050064683	0.0025834166444838047	0.002929254435002804	0.00207685143686831
1127	pride	../final/models/models_2nd_run/model3_35	../final/models/models_2nd_run/model3_35	joy	0.45883700251579285	0.45883700251579285	0.1281568557024002	0.2929125428199768	0.015742946416139603	0.08034440129995346	0.003970162011682987	0.00537046929821372	0.003232714254409075	0.0027417445089668036	0.0019575939513742924	0.00445299269631505	0.002280546585097909
1100	neutral	../final/models/models_2nd_run/model3_35	../final/models/models_2nd_run/model3_35	neutral	0.5297512412071228	0.20201952755451202	0.05000906065106392	0.5297512412071228	0.02708929218351841	0.1099962666630745	0.009494124911725521	0.03615293279290199	0.009038926102221012	0.009522607550024986	0.005091184284538031	0.007051133085042238	0.004783619195222855
273	joy	../final/models/models_2nd_run/model3_35	../final/models/models_2nd_run/model3_35	joy	0.5351963639259338	0.5351963639259338	0.21808113157749176	0.1645265370607376	0.040754299610853195	0.01858360506594181	0.00433907937258482	0.002812929218634963	0.004572989884763956	0.0025538571644574404	0.0020705298520624638	0.0036034653894603252	0.002905195113271475
937	joy	../final/models/models_2nd_run/model3_35	../final/models/models_2nd_run/model3_35	joy	0.5260786414146423	0.5260786414146423	0.2329397350549698	0.1675530970096588	0.035957932472229004	0.015568545088171959	0.003660379210487008	0.002312269527465105	0.004775257781147957	0.002864457666873932	0.001656927983276546	0.0037016200367361307	0.002931133843958378
362	joy	../final/models/models_2nd_run/model3_35	../final/models/models_2nd_run/model3_35	joy	0.6287856101989746	0.6287856101989746	0.09106800705194473	0.22266246378421783	0.021665727719664574	0.013868115842342377	0.004158653784543276	0.002641276689246297	0.00422075018286705	0.0032627203036099672	0.0015036520780995488	0.0035412830766290426	0.002621764549985528
237	joy	../final/models/models_2nd_run/model3_35	../final/models/models_2nd_run/model3_35	joy	0.5488139390945435	0.5488139390945435	0.15569576621055603	0.2076011747121811	0.03953872621059418	0.02500007674098015	0.0054959943518042564	0.0036134039983153343	0.004314126446843147	0.0026855317410081625	0.001968006370589137	0.0028855230193585157	0.0023876321502029896
1165	excitement	../final/models/models_2nd_run/model3_35	../final/models/models_2nd_run/model3_35	joy	0.375134140253067	0.375134140253067	0.29129764437675476	0.21479451656341553	0.03826569393277168	0.06019649654626846	0.0025239160750061274	0.0032001659274101257	0.0046997941099107265	0.0024135189596563578	0.001983551075682044	0.0033824737183749676	0.00210809288546443
1220	embarrassment	../final/models/models_2nd_run/model3_35	../final/models/models_2nd_run/model3_35	confusion	0.5396078824996948	0.008728781715035439	0.0035163157153874636	0.01555434986948967	0.00669071963056922	0.0026974608190357685	0.029668349772691727	0.11881773173809052	0.5396078824996948	0.2410324364900589	0.008983715437352657	0.009530747309327126	0.015171482227742672
2	joy	../final/models/models_2nd_run/model3_35	../final/models/models_2nd_run/model3_35	joy	0.48885491490364075	0.48885491490364075	0.17752206325531006	0.23751980066299438	0.03753671050071716	0.03392850235104561	0.003377927001565695	0.004080367274582386	0.005164606496691704	0.003253706032410264	0.0022159344516694546	0.0038041165098547935	0.0027413235511630774
6	pride	../final/models/models_2nd_run/model3_35	../final/models/models_2nd_run/model3_35	neutral	0.35123294591903687	0.1599624902009964	0.1863919049501419	0.35123294591903687	0.06922221183776855	0.1860722154378891	0.003929563332349062	0.016786031424999237	0.007483406458050013	0.006485569756478071	0.005026498343795538	0.0044131530448794365	0.0029940090607851744
1054	neutral	../final/models/models_2nd_run/model3_35	../final/models/models_2nd_run/model3_35	joy	0.4548287093639374	0.4548287093639374	0.2302623689174652	0.22027045488357544	0.04780683293938637	0.020965101197361946	0.003981440328061581	0.0035881060175597668	0.0056460085324943066	0.003229746827855706	0.0021123907063156366	0.004153188318014145	0.0031556065659970045
311	pride	../final/models/models_2nd_run/model3_35	../final/models/models_2nd_run/model3_35	pride	0.37230467796325684	0.12025945633649826	0.3489859104156494	0.08329511433839798	0.04717225581407547	0.37230467796325684	0.002645834581926465	0.0085431644693017	0.004081603139638901	0.0028864447958767414	0.004759904928505421	0.003058195114135742	0.0020074360072612762
1092	disgust	../final/models/models_2nd_run/model3_35	../final/models/models_2nd_run/model3_35	disgust	0.8855054974555969	0.006949814036488533	0.002407536143437028	0.022219186648726463	0.004516677465289831	0.0011171231744810939	0.014481949619948864	0.011149594560265541	0.0041307550854980946	0.020548418164253235	0.011990469880402088	0.014982958324253559	0.8855054974555969
532	joy	../final/models/models_2nd_run/model3_35	../final/models/models_2nd_run/model3_35	neutral	0.7015702128410339	0.18233944475650787	0.025803735479712486	0.7015702128410339	0.024753175675868988	0.010960887186229229	0.008546489290893078	0.008399341255426407	0.008857345208525658	0.009676482528448105	0.0028157082851976156	0.007822695188224316	0.008454455994069576
552	surprise	../final/models/models_2nd_run/model3_35	../final/models/models_2nd_run/model3_35	excitement	0.4389013350009918	0.13684050738811493	0.4389013350009918	0.1742650419473648	0.035299841314554214	0.03162863105535507	0.007390048820525408	0.0546172596514225	0.00664250273257494	0.052279431372880936	0.006651034578680992	0.016546539962291718	0.03893774375319481
679	excitement	../final/models/models_2nd_run/model3_35	../final/models/models_2nd_run/model3_35	joy	0.31283122301101685	0.31283122301101685	0.28571751713752747	0.14436644315719604	0.04832666367292404	0.1817954033613205	0.003369264304637909	0.007093215361237526	0.004776170942932367	0.0037394326645880938	0.0032296511344611645	0.0027048978954553604	0.002050097333267331
966	pride	../final/models/models_2nd_run/model3_35	../final/models/models_2nd_run/model3_35	pride	0.5948193073272705	0.09663719683885574	0.11481808125972748	0.1190318614244461	0.025365464389324188	0.5948193073272705	0.0034184767864644527	0.021900586783885956	0.006102502811700106	0.004588469862937927	0.007176372688263655	0.003788743633776903	0.002352969255298376
215	fear	../final/models/models_2nd_run/model3_35	../final/models/models_2nd_run/model3_35	fear	0.4007454812526703	0.009581568650901318	0.004119622055441141	0.019811181351542473	0.006016131490468979	0.002751119900494814	0.01976816914975643	0.14572186768054962	0.36351168155670166	0.4007454812526703	0.005876543931663036	0.011315486393868923	0.010781059972941875
527	nervousness	../final/models/models_2nd_run/model3_35	../final/models/models_2nd_run/model3_35	nervousness	0.48029524087905884	0.02556440234184265	0.007189425639808178	0.08356103301048279	0.005375246983021498	0.02267945371568203	0.15055961906909943	0.48029524087905884	0.012031850405037403	0.045298829674720764	0.017626943066716194	0.1030992865562439	0.04671863093972206
27	excitement	../final/models/models_2nd_run/model3_35	../final/models/models_2nd_run/model3_35	pride	0.3914307951927185	0.19860848784446716	0.14399881660938263	0.19237558543682098	0.03465348854660988	0.3914307951927185	0.007105629425495863	0.012343901209533215	0.004328531678766012	0.0042609041556715965	0.004834019113332033	0.0040002306923270226	0.002059534890577197
1227	neutral	../final/models/models_2nd_run/model3_35	../final/models/models_2nd_run/model3_35	neutral	0.28124523162841797	0.12117740511894226	0.06804510951042175	0.28124523162841797	0.07067395001649857	0.22027680277824402	0.03415047004818916	0.09640045464038849	0.00967730488628149	0.025053275749087334	0.04760213941335678	0.010461066849529743	0.015236723236739635
727	joy	../final/models/models_2nd_run/model3_35	../final/models/models_2nd_run/model3_35	joy	0.5001087188720703	0.5001087188720703	0.044262513518333435	0.37731000781059265	0.01765500381588936	0.02309916913509369	0.013914854265749454	0.007476451341062784	0.004462613724172115	0.004294525366276503	0.0016277810791507363	0.003433849895372987	0.0023545369040220976
730	nervousness	../final/models/models_2nd_run/model3_35	../final/models/models_2nd_run/model3_35	nervousness	0.6195429563522339	0.00991879589855671	0.010364538989961147	0.01733315922319889	0.004016838502138853	0.024917714297771454	0.007894247770309448	0.6195429563522339	0.020824622362852097	0.26095324754714966	0.01000212226063013	0.009142627008259296	0.005089135840535164
875	neutral	../final/models/models_2nd_run/model3_35	../final/models/models_2nd_run/model3_35	neutral	0.46948951482772827	0.30951419472694397	0.10199915617704391	0.46948951482772827	0.03909936174750328	0.031099816784262657	0.0046740323305130005	0.010829713195562363	0.009063025936484337	0.007751524914056063	0.0033645795192569494	0.006848457735031843	0.006266571115702391
542	neutral	../final/models/models_2nd_run/model3_35	../final/models/models_2nd_run/model3_35	neutral	0.6226269006729126	0.1657281517982483	0.045029398053884506	0.6226269006729126	0.048934899270534515	0.06159302592277527	0.005307473707944155	0.013516947627067566	0.01602667011320591	0.006657532881945372	0.005470887292176485	0.004135378636419773	0.00497278431430459
541	excitement	../final/models/models_2nd_run/model3_35	../final/models/models_2nd_run/model3_35	excitement	0.5459741950035095	0.18226316571235657	0.5459741950035095	0.17322316765785217	0.05764263868331909	0.022567246109247208	0.0017593923257663846	0.0029248162172734737	0.003784910310059786	0.002901740837842226	0.001649964484386146	0.0031955272424966097	0.002113297348842025
823	nervousness	../final/models/models_2nd_run/model3_35	../final/models/models_2nd_run/model3_35	neutral	0.29836392402648926	0.1995314657688141	0.21212512254714966	0.29836392402648926	0.03005099855363369	0.2114119678735733	0.004267366137355566	0.02099444903433323	0.005544503219425678	0.006785303819924593	0.0040112631395459175	0.004278033506125212	0.002635534619912505
598	joy	../final/models/models_2nd_run/model3_35	../final/models/models_2nd_run/model3_35	neutral	0.6679481267929077	0.238215371966362	0.027349073439836502	0.6679481267929077	0.015653546899557114	0.012184317223727703	0.004781628493219614	0.006218788214027882	0.006144239567220211	0.0067132338881492615	0.0019442752236500382	0.007307906169444323	0.005539427045732737
354	pride	../final/models/models_2nd_run/model3_35	../final/models/models_2nd_run/model3_35	joy	0.5138305425643921	0.5138305425643921	0.27830204367637634	0.13571776449680328	0.03203161433339119	0.01855427958071232	0.0031407198403030634	0.002653982024639845	0.004927735310047865	0.003038922557607293	0.0017426193226128817	0.0034645001869648695	0.002595254685729742
1114	neutral	../final/models/models_2nd_run/model3_35	../final/models/models_2nd_run/model3_35	neutral	0.5742703676223755	0.29814743995666504	0.04092203453183174	0.5742703676223755	0.030091943219304085	0.012005900032818317	0.006706968881189823	0.007239704020321369	0.007908493280410767	0.006858477834612131	0.002346251392737031	0.007161888759583235	0.0063405632972717285
677	excitement	../final/models/models_2nd_run/model3_35	../final/models/models_2nd_run/model3_35	excitement	0.3743603229522705	0.26320159435272217	0.3743603229522705	0.13668431341648102	0.06683086603879929	0.13540296256542206	0.0028491029515862465	0.004345138091593981	0.004670222755521536	0.0024788277223706245	0.003599154995754361	0.002855138387531042	0.0027224000077694654
256	joy	../final/models/models_2nd_run/model3_35	../final/models/models_2nd_run/model3_35	joy	0.5115334391593933	0.5115334391593933	0.09986492246389389	0.3179946541786194	0.027915166690945625	0.014464695937931538	0.0051955366507172585	0.00367070734500885	0.004807262681424618	0.0039571416564285755	0.0016874081920832396	0.00507573876529932	0.003833307418972254
291	pride	../final/models/models_2nd_run/model3_35	../final/models/models_2nd_run/model3_35	pride	0.6119892597198486	0.08556918799877167	0.13506251573562622	0.09547978639602661	0.028787042945623398	0.6119892597198486	0.0031138602644205093	0.018938932567834854	0.0069651217199862	0.004688043147325516	0.004828133620321751	0.0029668943025171757	0.001611173851415515
25	excitement	../final/models/models_2nd_run/model3_35	../final/models/models_2nd_run/model3_35	excitement	0.4345542788505554	0.14877524971961975	0.4345542788505554	0.0891539603471756	0.03958224505186081	0.26409757137298584	0.0023189641069620848	0.0071432702243328094	0.00433307932689786	0.0027570559177547693	0.003156947670504451	0.0026278498116880655	0.0014995657838881016
336	joy	../final/models/models_2nd_run/model3_35	../final/models/models_2nd_run/model3_35	neutral	0.5305726528167725	0.30322369933128357	0.04011552780866623	0.5305726528167725	0.02936888113617897	0.04721474274992943	0.007847076281905174	0.016657665371894836	0.006267963908612728	0.007986041717231274	0.003100054105743766	0.004588391166180372	0.0030572793912142515
486	pride	../final/models/models_2nd_run/model3_35	../final/models/models_2nd_run/model3_35	joy	0.5524114966392517	0.5524114966392517	0.20463912189006805	0.17572630941867828	0.02948818728327751	0.0166768878698349	0.0035547567531466484	0.002769170794636011	0.0035854585003107786	0.0035300697200000286	0.0016955900937318802	0.003184104571118951	0.0027388501912355423
47	excitement	../final/models/models_2nd_run/model3_35	../final/models/models_2nd_run/model3_35	excitement	0.8161423206329346	0.05249275267124176	0.8161423206329346	0.058499351143836975	0.02765226922929287	0.023174090310931206	0.0026161158457398415	0.0068869623355567455	0.00255591724999249	0.003515474032610655	0.001782260020263493	0.0029521079268306494	0.001730425632558763
318	nervousness	../final/models/models_2nd_run/model3_35	../final/models/models_2nd_run/model3_35	neutral	0.2958950102329254	0.14842751622200012	0.13811831176280975	0.2958950102329254	0.0763711929321289	0.14872819185256958	0.010782144032418728	0.06598693877458572	0.011992099694907665	0.015574655495584011	0.04003763198852539	0.019007427617907524	0.02907889522612095
106	nervousness	../final/models/models_2nd_run/model3_35	../final/models/models_2nd_run/model3_35	fear	0.4953261911869049	0.010134074836969376	0.004563712049275637	0.02120136469602585	0.004973560106009245	0.004957403056323528	0.025408638641238213	0.3711172640323639	0.03213069587945938	0.4953261911869049	0.006111495196819305	0.014284477569162846	0.009791153483092785
899	nervousness	../final/models/models_2nd_run/model3_35	../final/models/models_2nd_run/model3_35	neutral	0.5707891583442688	0.10529714822769165	0.03865816071629524	0.5707891583442688	0.027650093659758568	0.1136295348405838	0.00898848008364439	0.08077910542488098	0.014364276081323624	0.020346878096461296	0.00632605841383338	0.007983262650668621	0.00518787419423461
55	pride	../final/models/models_2nd_run/model3_35	../final/models/models_2nd_run/model3_35	pride	0.5352545380592346	0.08824175596237183	0.2434188276529312	0.07229732722043991	0.033262573182582855	0.5352545380592346	0.0026058063376694918	0.00939930509775877	0.004358096048235893	0.003180726431310177	0.0035166761372238398	0.0028593470342457294	0.0016049796249717474
584	anger	../final/models/models_2nd_run/model3_35	../final/models/models_2nd_run/model3_35	sadness	0.7581585645675659	0.02451246976852417	0.005062596406787634	0.027443017810583115	0.005949169863015413	0.010620319284498692	0.7581585645675659	0.1108119785785675	0.0062838392332196236	0.020727533847093582	0.014181987382471561	0.008316577412188053	0.007931911386549473
213	neutral	../final/models/models_2nd_run/model3_35	../final/models/models_2nd_run/model3_35	neutral	0.761124312877655	0.08088195323944092	0.018158026039600372	0.761124312877655	0.02093539759516716	0.017072167247533798	0.010803311131894588	0.037079859524965286	0.006987628992646933	0.02709137834608555	0.004434545524418354	0.008290599100291729	0.007140773814171553
120	joy	../final/models/models_2nd_run/model3_35	../final/models/models_2nd_run/model3_35	excitement	0.43371573090553284	0.2080700397491455	0.43371573090553284	0.08729242533445358	0.0531187430024147	0.19280780851840973	0.003950400277972221	0.007623096462339163	0.0034928282257169485	0.0036312739830464125	0.0031918755266815424	0.0016873438144102693	0.0014185084728524089
628	pride	../final/models/models_2nd_run/model3_35	../final/models/models_2nd_run/model3_35	pride	0.6349411010742188	0.07641555368900299	0.17410573363304138	0.05295915529131889	0.02236131951212883	0.6349411010742188	0.0024717943742871284	0.018595589324831963	0.005235237069427967	0.003320001997053623	0.005218537990003824	0.0025753225199878216	0.001800595666281879
842	neutral	../final/models/models_2nd_run/model3_35	../final/models/models_2nd_run/model3_35	joy	0.48499733209609985	0.48499733209609985	0.24739134311676025	0.1940264105796814	0.030755547806620598	0.019499052315950394	0.0034458120353519917	0.0028511385899037123	0.004732128232717514	0.0033355574123561382	0.0016283331206068397	0.004424858372658491	0.002912525786086917
582	joy	../final/models/models_2nd_run/model3_35	../final/models/models_2nd_run/model3_35	joy	0.4879921078681946	0.4879921078681946	0.18062083423137665	0.24205806851387024	0.03694772720336914	0.02812093123793602	0.0035132637713104486	0.0035697792191058397	0.005874056369066238	0.002781903836876154	0.0021327848080545664	0.0036679061595350504	0.0027205701917409897
72	joy	../final/models/models_2nd_run/model3_35	../final/models/models_2nd_run/model3_35	neutral	0.3849508762359619	0.2812981903553009	0.08171311765909195	0.3849508762359619	0.02796522155404091	0.18662072718143463	0.007477510254830122	0.010705651715397835	0.004066869150847197	0.004159609321504831	0.0032375610899180174	0.004943258594721556	0.0028613696340471506
410	joy	../final/models/models_2nd_run/model3_35	../final/models/models_2nd_run/model3_35	joy	0.4108591377735138	0.4108591377735138	0.33664605021476746	0.16438044607639313	0.039600566029548645	0.029228299856185913	0.0026155770756304264	0.003277380717918277	0.003922535106539726	0.0027975302655249834	0.0015116678550839424	0.0030446911696344614	0.0021159916650503874
672	excitement	../final/models/models_2nd_run/model3_35	../final/models/models_2nd_run/model3_35	joy	0.45859742164611816	0.45859742164611816	0.32335561513900757	0.12445411086082458	0.0517384372651577	0.015789564698934555	0.003859115531668067	0.0024585549253970385	0.006073172204196453	0.0028497714083641768	0.002357300603762269	0.0037067828234285116	0.004760182462632656
839	neutral	../final/models/models_2nd_run/model3_35	../final/models/models_2nd_run/model3_35	neutral	0.7502912282943726	0.09286230802536011	0.047767024487257004	0.7502912282943726	0.03785987198352814	0.03799726068973541	0.003580032614991069	0.005712270271033049	0.010078449733555317	0.00429313350468874	0.0023672222159802914	0.0038690336514264345	0.0033221144694834948
919	joy	../final/models/models_2nd_run/model3_35	../final/models/models_2nd_run/model3_35	neutral	0.7622244358062744	0.12179728597402573	0.018401164561510086	0.7622244358062744	0.02204170823097229	0.010254965163767338	0.008510608226060867	0.009049341082572937	0.010989551432430744	0.01135079562664032	0.0034424816258251667	0.009840247221291065	0.012097467668354511
432	pride	../final/models/models_2nd_run/model3_35	../final/models/models_2nd_run/model3_35	joy	0.3766200840473175	0.3766200840473175	0.15545134246349335	0.30218398571014404	0.043188586831092834	0.09235148131847382	0.0063739656470716	0.007043625693768263	0.004902101121842861	0.003676156746223569	0.0030943092424422503	0.002968019340187311	0.0021462594158947468
1085	neutral	../final/models/models_2nd_run/model3_35	../final/models/models_2nd_run/model3_35	neutral	0.8072968125343323	0.10354291647672653	0.016934892162680626	0.8072968125343323	0.01907884143292904	0.008877205662429333	0.006700793281197548	0.0055720810778439045	0.005947745870798826	0.006897203158587217	0.0024063102900981903	0.008049909956753254	0.008695336990058422
1010	joy	../final/models/models_2nd_run/model3_35	../final/models/models_2nd_run/model3_35	joy	0.4476330578327179	0.4476330578327179	0.1118084117770195	0.22422318160533905	0.03955410420894623	0.1258143037557602	0.014389359392225742	0.011530924588441849	0.004868207965046167	0.0037080803886055946	0.008109777234494686	0.003902440657839179	0.004458179231733084
881	surprise	../final/models/models_2nd_run/model3_35	../final/models/models_2nd_run/model3_35	surprise	0.5558403134346008	0.058487508445978165	0.32088640332221985	0.03572740778326988	0.5558403134346008	0.010975662618875504	0.0024566787760704756	0.0016113873571157455	0.005188034847378731	0.001979289809241891	0.0028281293343752623	0.002454647095873952	0.0015645002713426948
617	surprise	../final/models/models_2nd_run/model3_35	../final/models/models_2nd_run/model3_35	confusion	0.6981786489486694	0.029729152098298073	0.040410060435533524	0.026355963200330734	0.029774529859423637	0.04612458869814873	0.006735634058713913	0.07480605691671371	0.6981786489486694	0.02571459673345089	0.01700814813375473	0.0022306207101792097	0.0029319864697754383
1058	joy	../final/models/models_2nd_run/model3_35	../final/models/models_2nd_run/model3_35	joy	0.5280185341835022	0.5280185341835022	0.113255575299263	0.28075000643730164	0.03406600281596184	0.017007067799568176	0.0038710415828973055	0.0036126216873526573	0.006754217203706503	0.0038897888734936714	0.0018907503690570593	0.003729044459760189	0.0031553388107568026
523	neutral	../final/models/models_2nd_run/model3_35	../final/models/models_2nd_run/model3_35	excitement	0.6915404796600342	0.06945940852165222	0.6915404796600342	0.10137461870908737	0.02615150809288025	0.08077440410852432	0.002394507173448801	0.012651646509766579	0.003824295476078987	0.004614589270204306	0.00230795587413013	0.002873711520805955	0.002032798482105136
1033	neutral	../final/models/models_2nd_run/model3_35	../final/models/models_2nd_run/model3_35	neutral	0.3522891104221344	0.27197393774986267	0.18002714216709137	0.3522891104221344	0.041635364294052124	0.12634320557117462	0.002865377115085721	0.007053796201944351	0.005047102924436331	0.0033860274124890566	0.002789024729281664	0.004018532577902079	0.0025713650975376368
325	nervousness	../final/models/models_2nd_run/model3_35	../final/models/models_2nd_run/model3_35	fear	0.5580134987831116	0.010470363311469555	0.004976845812052488	0.02304230071604252	0.004902877379208803	0.004664652049541473	0.018131792545318604	0.31979063153266907	0.027234354987740517	0.5580134987831116	0.005040512885898352	0.013872243463993073	0.009859908372163773
924	pride	../final/models/models_2nd_run/model3_35	../final/models/models_2nd_run/model3_35	pride	0.32486096024513245	0.14772392809391022	0.20095278322696686	0.1502828299999237	0.10440617799758911	0.32486096024513245	0.007083565462380648	0.02738535776734352	0.007924566976726055	0.006087930407375097	0.013786621391773224	0.005244666710495949	0.004260640125721693
1250	joy	../final/models/models_2nd_run/model3_35	../final/models/models_2nd_run/model3_35	pride	0.32412850856781006	0.19486553966999054	0.2902623116970062	0.1392677128314972	0.024217847734689713	0.32412850856781006	0.002459153765812516	0.008830667473375797	0.003953737672418356	0.003930483479052782	0.0031742583960294724	0.003331134095788002	0.00157872901763767
316	embarrassment	../final/models/models_2nd_run/model3_35	../final/models/models_2nd_run/model3_35	fear	0.47208887338638306	0.01146805752068758	0.0049268873408436775	0.03225788101553917	0.005194342229515314	0.005203224718570709	0.020620623603463173	0.3902985155582428	0.026977447792887688	0.47208887338638306	0.005524768028408289	0.014970574527978897	0.010468767024576664
945	pride	../final/models/models_2nd_run/model3_35	../final/models/models_2nd_run/model3_35	joy	0.47361549735069275	0.47361549735069275	0.09837891906499863	0.3438764810562134	0.023273561149835587	0.036757003515958786	0.0034299762919545174	0.004300293978303671	0.004217006266117096	0.0036656507290899754	0.0017559962579980493	0.0040219444781541824	0.0027075521647930145
933	disgust	../final/models/models_2nd_run/model3_35	../final/models/models_2nd_run/model3_35	pride	0.40154364705085754	0.12211756408214569	0.1052248403429985	0.1985948532819748	0.05913681536912918	0.40154364705085754	0.008604021742939949	0.04708172008395195	0.015713216736912727	0.008987588807940483	0.01969427801668644	0.006818483583629131	0.006482914090156555
465	excitement	../final/models/models_2nd_run/model3_35	../final/models/models_2nd_run/model3_35	fear	0.7914641499519348	0.009736879728734493	0.0032961813267320395	0.02651001326739788	0.0047723981551826	0.002832849510014057	0.012372699566185474	0.100130096077919	0.016729144379496574	0.7914641499519348	0.0037974976003170013	0.01691664569079876	0.011441418901085854
590	anger	../final/models/models_2nd_run/model3_35	../final/models/models_2nd_run/model3_35	fear	0.7461556196212769	0.008784801699221134	0.0027251222636550665	0.0263136625289917	0.004756576847285032	0.0019115653121843934	0.021074092015624046	0.06323475390672684	0.018068071454763412	0.7461556196212769	0.0062720924615859985	0.025445418432354927	0.07525824010372162
1101	pride	../final/models/models_2nd_run/model3_35	../final/models/models_2nd_run/model3_35	pride	0.8750669360160828	0.019540421664714813	0.05593167990446091	0.014335783198475838	0.00851314514875412	0.8750669360160828	0.0012877207482233644	0.011566095985472202	0.003123749978840351	0.0021410800982266665	0.005333121865987778	0.00201269518584013	0.0011476360959932208
1087	nervousness	../final/models/models_2nd_run/model3_35	../final/models/models_2nd_run/model3_35	fear	0.47716811299324036	0.008402504958212376	0.0031214659102261066	0.021003739908337593	0.0035286610946059227	0.0038324373308569193	0.02268269844353199	0.3684384524822235	0.046976182609796524	0.47716811299324036	0.006781183183193207	0.021122435107827187	0.016942057758569717
561	joy	../final/models/models_2nd_run/model3_35	../final/models/models_2nd_run/model3_35	neutral	0.38217926025390625	0.28803586959838867	0.06151186674833298	0.38217926025390625	0.01704159379005432	0.19249002635478973	0.015052570961415768	0.019606618210673332	0.004194607026875019	0.006436939816921949	0.0038274407852441072	0.006701566278934479	0.0029216865077614784
736	joy	../final/models/models_2nd_run/model3_35	../final/models/models_2nd_run/model3_35	joy	0.326782763004303	0.326782763004303	0.25188031792640686	0.16266608238220215	0.04364711791276932	0.1777913123369217	0.004039885010570288	0.010956759564578533	0.007178689818829298	0.004359179176390171	0.0043257735669612885	0.0033691776916384697	0.0030029367189854383
60	surprise	../final/models/models_2nd_run/model3_35	../final/models/models_2nd_run/model3_35	excitement	0.3650692105293274	0.10552796721458435	0.3650692105293274	0.09468461573123932	0.07838218659162521	0.32798442244529724	0.0028538452461361885	0.008728798478841782	0.004957882687449455	0.0031836368143558502	0.004044914152473211	0.002972567221149802	0.0016099964268505573
433	pride	../final/models/models_2nd_run/model3_35	../final/models/models_2nd_run/model3_35	excitement	0.5104682445526123	0.16465583443641663	0.5104682445526123	0.10733606666326523	0.06623009592294693	0.13168151676654816	0.00215406296774745	0.0048093972727656364	0.0035991983022540808	0.0022972451988607645	0.0025630886666476727	0.0026352142449468374	0.0015701060183346272
808	excitement	../final/models/models_2nd_run/model3_35	../final/models/models_2nd_run/model3_35	excitement	0.35170218348503113	0.34691232442855835	0.35170218348503113	0.1574138104915619	0.044334281235933304	0.0760205015540123	0.004449062515050173	0.004979248158633709	0.003579819342121482	0.003324979916214943	0.002301011001691222	0.002730144187808037	0.0022525957319885492
92	joy	../final/models/models_2nd_run/model3_35	../final/models/models_2nd_run/model3_35	neutral	0.2846739888191223	0.06249469146132469	0.011221770197153091	0.2846739888191223	0.017218507826328278	0.011143445037305355	0.11051270365715027	0.2442994862794876	0.02138945646584034	0.13158106803894043	0.01435473095625639	0.02447623200714588	0.06663383543491364
968	joy	../final/models/models_2nd_run/model3_35	../final/models/models_2nd_run/model3_35	joy	0.44501277804374695	0.44501277804374695	0.21695400774478912	0.2662213444709778	0.029853802174329758	0.018550178036093712	0.0032605119049549103	0.003182322485372424	0.00430264649912715	0.003385956399142742	0.0017841332592070103	0.0042595528066158295	0.0032326956279575825
493	joy	../final/models/models_2nd_run/model3_35	../final/models/models_2nd_run/model3_35	joy	0.652565062046051	0.652565062046051	0.14956064522266388	0.13661141693592072	0.027970904484391212	0.01094374805688858	0.0033503021113574505	0.002804356627166271	0.004565000534057617	0.003270059358328581	0.0015702940290793777	0.003913715481758118	0.0028744323644787073
351	joy	../final/models/models_2nd_run/model3_35	../final/models/models_2nd_run/model3_35	joy	0.5969404578208923	0.5969404578208923	0.13903404772281647	0.19975773990154266	0.02703920565545559	0.015056266449391842	0.003962489310652018	0.002995542949065566	0.00393896596506238	0.0031636219937354326	0.0016141965752467513	0.0038292952813208103	0.0026681723538786173
194	neutral	../final/models/models_2nd_run/model3_35	../final/models/models_2nd_run/model3_35	fear	0.42581307888031006	0.13321922719478607	0.04847041890025139	0.2187180519104004	0.030500464141368866	0.012373318895697594	0.008674584329128265	0.06703482568264008	0.018239421769976616	0.42581307888031006	0.004324682056903839	0.01210044976323843	0.020531414076685905
280	neutral	../final/models/models_2nd_run/model3_35	../final/models/models_2nd_run/model3_35	joy	0.3931376338005066	0.3931376338005066	0.2543295621871948	0.21846631169319153	0.06092231348156929	0.0374792255461216	0.003555246628820896	0.009860044345259666	0.008189982734620571	0.005977813620120287	0.0029171069618314505	0.0027494991663843393	0.0024152619298547506
948	neutral	../final/models/models_2nd_run/model3_35	../final/models/models_2nd_run/model3_35	pride	0.44957295060157776	0.12358377128839493	0.1077297106385231	0.20219916105270386	0.03449583426117897	0.44957295060157776	0.004580676089972258	0.040946245193481445	0.010699104517698288	0.007587285712361336	0.008213119581341743	0.0060902731493115425	0.004301862791180611
884	pride	../final/models/models_2nd_run/model3_35	../final/models/models_2nd_run/model3_35	pride	0.8689056634902954	0.015175953507423401	0.0676649808883667	0.012098892591893673	0.007948647253215313	0.8689056634902954	0.0013145565753802657	0.013024261221289635	0.0030028836335986853	0.0025254678912460804	0.005108486395329237	0.0022176161874085665	0.001012661145068705
359	pride	../final/models/models_2nd_run/model3_35	../final/models/models_2nd_run/model3_35	excitement	0.3634393513202667	0.1489713340997696	0.3634393513202667	0.1232706606388092	0.09786970913410187	0.2249138206243515	0.0031154064927250147	0.009490001946687698	0.012153557501733303	0.003818320808932185	0.007261630613356829	0.002703373786062002	0.0029928558506071568
1230	neutral	../final/models/models_2nd_run/model3_35	../final/models/models_2nd_run/model3_35	excitement	0.2774456739425659	0.1956162303686142	0.2774456739425659	0.24444365501403809	0.040395427495241165	0.20612600445747375	0.0028354686219245195	0.011578688398003578	0.005658166017383337	0.004970273934304714	0.0031314378138631582	0.004978588316589594	0.0028203281108289957
930	excitement	../final/models/models_2nd_run/model3_35	../final/models/models_2nd_run/model3_35	excitement	0.4646144509315491	0.21710607409477234	0.4646144509315491	0.11827404797077179	0.04092733934521675	0.13206560909748077	0.0023521804250776768	0.007447434589266777	0.005304419901221991	0.003330789040774107	0.0033768785651773214	0.0024539015721529722	0.0027467787731438875
938	neutral	../final/models/models_2nd_run/model3_35	../final/models/models_2nd_run/model3_35	nervousness	0.4279850423336029	0.049772895872592926	0.022321773692965508	0.1281665414571762	0.031841427087783813	0.03431129828095436	0.08984637260437012	0.4279850423336029	0.02122681774199009	0.06389839202165604	0.06959763169288635	0.021551039069890976	0.03948067128658295
588	excitement	../final/models/models_2nd_run/model3_35	../final/models/models_2nd_run/model3_35	neutral	0.6552825570106506	0.2000199258327484	0.023397430777549744	0.6552825570106506	0.013187436386942863	0.035432398319244385	0.01666385307908058	0.02375897951424122	0.004642271902412176	0.007289746310561895	0.0026547934394329786	0.012705568224191666	0.004965060390532017
1029	neutral	../final/models/models_2nd_run/model3_35	../final/models/models_2nd_run/model3_35	joy	0.3548256456851959	0.3548256456851959	0.1773812174797058	0.24182242155075073	0.04458693787455559	0.14843769371509552	0.004755041562020779	0.009767754003405571	0.004996994510293007	0.004133155103772879	0.0036908932961523533	0.0032686905469745398	0.002333489479497075
1041	fear	../final/models/models_2nd_run/model3_35	../final/models/models_2nd_run/model3_35	nervousness	0.5186793208122253	0.013943341560661793	0.006356740836054087	0.03152986615896225	0.007880235090851784	0.016698596999049187	0.17003290355205536	0.5186793208122253	0.01455910224467516	0.15271751582622528	0.04110412299633026	0.013945124112069607	0.012553040869534016
812	joy	../final/models/models_2nd_run/model3_35	../final/models/models_2nd_run/model3_35	excitement	0.4011373221874237	0.23988716304302216	0.4011373221874237	0.12089475244283676	0.1725093573331833	0.03735770285129547	0.003538411809131503	0.003919183276593685	0.010708893649280071	0.0024139999877661467	0.0035466381814330816	0.0022240199614316225	0.001862583216279745
182	pride	../final/models/models_2nd_run/model3_35	../final/models/models_2nd_run/model3_35	pride	0.5681440234184265	0.096169613301754	0.22083494067192078	0.05522380769252777	0.0242585651576519	0.5681440234184265	0.0022999229840934277	0.014965035952627659	0.004999487195163965	0.0033397909719496965	0.005205659195780754	0.0026599064003676176	0.0018992549739778042
716	joy	../final/models/models_2nd_run/model3_35	../final/models/models_2nd_run/model3_35	joy	0.4607873558998108	0.4607873558998108	0.1815013438463211	0.1817016452550888	0.07666510343551636	0.05600913241505623	0.006276068743318319	0.007870512083172798	0.010365042835474014	0.003889872459694743	0.006282685790210962	0.003522145329043269	0.005129062570631504
529	surprise	../final/models/models_2nd_run/model3_35	../final/models/models_2nd_run/model3_35	neutral	0.3200821578502655	0.17427845299243927	0.1040206179022789	0.3200821578502655	0.02978411503136158	0.31216734647750854	0.008903815411031246	0.019899435341358185	0.005512000992894173	0.007094220258295536	0.006257266737520695	0.008755198679864407	0.0032452924642711878
110	neutral	../final/models/models_2nd_run/model3_35	../final/models/models_2nd_run/model3_35	joy	0.280963271856308	0.280963271856308	0.1105704978108406	0.26915550231933594	0.03215301036834717	0.2644331753253937	0.009676742367446423	0.01204797625541687	0.0044328561052680016	0.004679593723267317	0.004199276212602854	0.0048551796935498714	0.002832908881828189
370	excitement	../final/models/models_2nd_run/model3_35	../final/models/models_2nd_run/model3_35	joy	0.5179681777954102	0.5179681777954102	0.12780994176864624	0.2659178078174591	0.02293950691819191	0.04531906172633171	0.003529293928295374	0.0034498663153499365	0.0038818863686174154	0.002806593431159854	0.0015688316198065877	0.0028812317177653313	0.0019276834791526198
458	sadness	../final/models/models_2nd_run/model3_35	../final/models/models_2nd_run/model3_35	nervousness	0.2770358622074127	0.06762474030256271	0.03125087916851044	0.24709931015968323	0.01881517469882965	0.125714972615242	0.04686139151453972	0.2770358622074127	0.006084604654461145	0.05715450271964073	0.0250733382999897	0.08153748512268066	0.01574775204062462
239	neutral	../final/models/models_2nd_run/model3_35	../final/models/models_2nd_run/model3_35	joy	0.46056273579597473	0.46056273579597473	0.13066118955612183	0.3122480511665344	0.033126022666692734	0.04032027721405029	0.003427086165174842	0.004102259874343872	0.0046371277421712875	0.0031738742254674435	0.002035106997936964	0.003362850286066532	0.0023433645255863667
1185	pride	../final/models/models_2nd_run/model3_35	../final/models/models_2nd_run/model3_35	pride	0.859316885471344	0.016186347231268883	0.07295850664377213	0.0129983089864254	0.008168458007276058	0.859316885471344	0.0012884106254205108	0.015106642618775368	0.0029928344301879406	0.002760726260021329	0.0051406072452664375	0.002078382996842265	0.001003782614134252
661	joy	../final/models/models_2nd_run/model3_35	../final/models/models_2nd_run/model3_35	joy	0.43390145897865295	0.43390145897865295	0.3465418815612793	0.13586530089378357	0.04012327641248703	0.023413104936480522	0.0035093575716018677	0.0029724608175456524	0.004167539067566395	0.003263208782300353	0.0016547959530726075	0.0026894567999988794	0.0018982455367222428
204	excitement	../final/models/models_2nd_run/model3_35	../final/models/models_2nd_run/model3_35	excitement	0.851902425289154	0.03993825614452362	0.851902425289154	0.055693306028842926	0.020122677087783813	0.015504618175327778	0.0014910936588421464	0.0036905694287270308	0.002425906015560031	0.0028489765245467424	0.0012353798374533653	0.0032565153669565916	0.001890178769826889
594	joy	../final/models/models_2nd_run/model3_35	../final/models/models_2nd_run/model3_35	pride	0.46190595626831055	0.12954074144363403	0.06612417846918106	0.19953952729701996	0.02110753022134304	0.46190595626831055	0.008389853872358799	0.07582008838653564	0.007218600250780582	0.012323599308729172	0.008467002771794796	0.0062279049307107925	0.003334956243634224
908	neutral	../final/models/models_2nd_run/model3_35	../final/models/models_2nd_run/model3_35	neutral	0.46956124901771545	0.08891351521015167	0.02539423294365406	0.46956124901771545	0.03781605139374733	0.05319273844361305	0.07102692127227783	0.12527287006378174	0.039735060185194016	0.035293277353048325	0.023341964930295944	0.008817746303975582	0.021634407341480255
723	joy	../final/models/models_2nd_run/model3_35	../final/models/models_2nd_run/model3_35	joy	0.43095964193344116	0.43095964193344116	0.19964535534381866	0.21386712789535522	0.04955311119556427	0.07507256418466568	0.005471098702400923	0.005602632183581591	0.005565843544900417	0.003872825065627694	0.003413219004869461	0.0036941824946552515	0.0032823760993778706
1131	joy	../final/models/models_2nd_run/model3_35	../final/models/models_2nd_run/model3_35	neutral	0.7961573004722595	0.09683039784431458	0.01733061484992504	0.7961573004722595	0.02481883578002453	0.010125530883669853	0.006882966961711645	0.007461478468030691	0.010723686777055264	0.008702396415174007	0.003231765003874898	0.008412531577050686	0.009322424419224262
1225	neutral	../final/models/models_2nd_run/model3_35	../final/models/models_2nd_run/model3_35	neutral	0.5551700592041016	0.07640313357114792	0.02713754028081894	0.5551700592041016	0.04781024158000946	0.023452995344996452	0.035408828407526016	0.11860562115907669	0.03304210677742958	0.040083147585392	0.016082286834716797	0.009176436811685562	0.017627589404582977
543	pride	../final/models/models_2nd_run/model3_35	../final/models/models_2nd_run/model3_35	excitement	0.4020836353302002	0.20659391582012177	0.4020836353302002	0.18397527933120728	0.0682799443602562	0.11244861781597137	0.003020291216671467	0.0047027841210365295	0.005922128912061453	0.0029474294278770685	0.0034169822465628386	0.0037747432943433523	0.0028342464938759804
183	excitement	../final/models/models_2nd_run/model3_35	../final/models/models_2nd_run/model3_35	joy	0.28248870372772217	0.28248870372772217	0.1994105726480484	0.24861596524715424	0.043467916548252106	0.1824849545955658	0.003987337928265333	0.013819107785820961	0.0068487683311104774	0.0050733573734760284	0.004653512500226498	0.004902570974081755	0.0042472523637115955
137	pride	../final/models/models_2nd_run/model3_35	../final/models/models_2nd_run/model3_35	pride	0.4720154404640198	0.1297970414161682	0.12397237122058868	0.1422998160123825	0.03331299498677254	0.4720154404640198	0.004644904751330614	0.05098743736743927	0.012428654357790947	0.016235193237662315	0.00755845895037055	0.004476641770452261	0.0022711106576025486
705	neutral	../final/models/models_2nd_run/model3_35	../final/models/models_2nd_run/model3_35	joy	0.45196932554244995	0.45196932554244995	0.2028866559267044	0.2125219702720642	0.027414310723543167	0.08063880354166031	0.00420306995511055	0.0060131605714559555	0.0047106510028243065	0.002683597384020686	0.0023957372177392244	0.0027389181777834892	0.001823801314458251
80	excitement	../final/models/models_2nd_run/model3_35	../final/models/models_2nd_run/model3_35	joy	0.4152504503726959	0.4152504503726959	0.2548474669456482	0.20958083868026733	0.051316287368535995	0.04134880006313324	0.003246971871703863	0.004050640854984522	0.006860921159386635	0.002979844808578491	0.002862633438780904	0.0036582660395652056	0.003996849991381168
890	neutral	../final/models/models_2nd_run/model3_35	../final/models/models_2nd_run/model3_35	neutral	0.7675621509552002	0.11088396608829498	0.019796350970864296	0.7675621509552002	0.031977247446775436	0.0075131431221961975	0.009230146184563637	0.008003097958862782	0.0074738385155797005	0.010180328972637653	0.00348721188493073	0.009907607920467854	0.01398505736142397
533	excitement	../final/models/models_2nd_run/model3_35	../final/models/models_2nd_run/model3_35	disgust	0.40899014472961426	0.011685900390148163	0.0037155477330088615	0.035668663680553436	0.004359848331660032	0.0029876483604311943	0.020710671320557594	0.08438974618911743	0.014808344654738903	0.34932440519332886	0.009909157641232014	0.05344994738698006	0.40899014472961426
480	pride	../final/models/models_2nd_run/model3_35	../final/models/models_2nd_run/model3_35	pride	0.6101114749908447	0.07566100358963013	0.10732583701610565	0.07930241525173187	0.03345770761370659	0.6101114749908447	0.005543459206819534	0.048386454582214355	0.00927967019379139	0.008215324953198433	0.014026718214154243	0.005337423644959927	0.0033525123726576567
165	confusion	../final/models/models_2nd_run/model3_35	../final/models/models_2nd_run/model3_35	nervousness	0.5085764527320862	0.02040238119661808	0.007277239579707384	0.0518702007830143	0.005350991152226925	0.030324740335345268	0.0517461858689785	0.5085764527320862	0.13292591273784637	0.051501575857400894	0.03953426703810692	0.06315477937459946	0.03733527287840843
248	joy	../final/models/models_2nd_run/model3_35	../final/models/models_2nd_run/model3_35	joy	0.3830989897251129	0.3830989897251129	0.13329070806503296	0.37781351804733276	0.04194554314017296	0.034835297614336014	0.00538177415728569	0.005634970497339964	0.004316297359764576	0.004098957404494286	0.0025407038629055023	0.004006828181445599	0.003036477603018284
307	anger	../final/models/models_2nd_run/model3_35	../final/models/models_2nd_run/model3_35	disgust	0.4810652732849121	0.010336539708077908	0.007076836656779051	0.027000341564416885	0.011435185559093952	0.008620225824415684	0.024735713377594948	0.05335085466504097	0.004268485587090254	0.018049299716949463	0.2213137447834015	0.13274747133255005	0.4810652732849121
857	excitement	../final/models/models_2nd_run/model3_35	../final/models/models_2nd_run/model3_35	joy	0.5648863911628723	0.5648863911628723	0.15107865631580353	0.19487795233726501	0.03504456579685211	0.025216232985258102	0.004157955292612314	0.004552720580250025	0.005860562436282635	0.003925452474504709	0.002508084522560239	0.004380261525511742	0.0035112607292830944
538	excitement	../final/models/models_2nd_run/model3_35	../final/models/models_2nd_run/model3_35	pride	0.4777732193470001	0.12639863789081573	0.24878132343292236	0.07070408016443253	0.03105471283197403	0.4777732193470001	0.003770887851715088	0.022765450179576874	0.005351189989596605	0.003913162741810083	0.005511084105819464	0.002215468557551503	0.0017607680056244135
334	neutral	../final/models/models_2nd_run/model3_35	../final/models/models_2nd_run/model3_35	neutral	0.4553627669811249	0.4024861752986908	0.06330219656229019	0.4553627669811249	0.030506443232297897	0.014088468626141548	0.00568428635597229	0.0056640696711838245	0.005337881855666637	0.005277238320559263	0.0020766800735145807	0.005887639243155718	0.004326146561652422
97	excitement	../final/models/models_2nd_run/model3_35	../final/models/models_2nd_run/model3_35	pride	0.6087855100631714	0.07696731388568878	0.11470302939414978	0.13461913168430328	0.019383657723665237	0.6087855100631714	0.0034877904690802097	0.02045607566833496	0.004061524290591478	0.005087944213300943	0.00547438208013773	0.004826204385608435	0.0021474214736372232
548	neutral	../final/models/models_2nd_run/model3_35	../final/models/models_2nd_run/model3_35	joy	0.3815900385379791	0.3815900385379791	0.14100363850593567	0.35306692123413086	0.0430791974067688	0.05540209263563156	0.005522184539586306	0.004398241639137268	0.00467670988291502	0.00307705020532012	0.0027573530096560717	0.003162967273965478	0.002263616072013974
1121	joy	../final/models/models_2nd_run/model3_35	../final/models/models_2nd_run/model3_35	joy	0.3945103585720062	0.3945103585720062	0.32649651169776917	0.14145073294639587	0.05643806979060173	0.056571654975414276	0.003206729656085372	0.0030074662063270807	0.006906431168317795	0.002465884666889906	0.0025947040412575006	0.0035331735853105783	0.0028183343820273876
904	joy	../final/models/models_2nd_run/model3_35	../final/models/models_2nd_run/model3_35	excitement	0.4122450649738312	0.3604288101196289	0.4122450649738312	0.0970894917845726	0.060604970902204514	0.050613295286893845	0.003203127533197403	0.0028409347869455814	0.003236371325328946	0.0028958565089851618	0.0020016245543956757	0.0029192636720836163	0.001921214978210628
850	neutral	../final/models/models_2nd_run/model3_35	../final/models/models_2nd_run/model3_35	neutral	0.5860561728477478	0.09861060231924057	0.05421963706612587	0.5860561728477478	0.022050485014915466	0.17592179775238037	0.00676345732063055	0.02248610183596611	0.005937233101576567	0.008678854443132877	0.005190749652683735	0.00985577143728733	0.004229201469570398
771	surprise	../final/models/models_2nd_run/model3_35	../final/models/models_2nd_run/model3_35	neutral	0.44090792536735535	0.19661733508110046	0.1509067416191101	0.44090792536735535	0.09295104444026947	0.0655980184674263	0.005119032692164183	0.014887526631355286	0.007776184473186731	0.007845448330044746	0.0053759729489684105	0.007033171597868204	0.0049816821701824665
759	excitement	../final/models/models_2nd_run/model3_35	../final/models/models_2nd_run/model3_35	neutral	0.3612581491470337	0.3577216863632202	0.1375550627708435	0.3612581491470337	0.04691876098513603	0.059194665402173996	0.005382277071475983	0.00920175388455391	0.005568518768996	0.00495774345472455	0.003924026619642973	0.0041708266362547874	0.0041466024704277515
1150	neutral	../final/models/models_2nd_run/model3_35	../final/models/models_2nd_run/model3_35	excitement	0.3432902991771698	0.24108384549617767	0.3432902991771698	0.20887769758701324	0.08198931068181992	0.09196334332227707	0.0037458466831594706	0.007681683637201786	0.005923277698457241	0.0039610909298062325	0.00432547414675355	0.0040482715703547	0.00310983182862401
302	nervousness	../final/models/models_2nd_run/model3_35	../final/models/models_2nd_run/model3_35	nervousness	0.549609899520874	0.011420738883316517	0.004488949663937092	0.03617351874709129	0.003636477515101433	0.012288777157664299	0.07082562893629074	0.549609899520874	0.011844884604215622	0.07984386384487152	0.0239318385720253	0.0901675671339035	0.10576785355806351
1042	sadness	../final/models/models_2nd_run/model3_35	../final/models/models_2nd_run/model3_35	nervousness	0.6503912806510925	0.009130110964179039	0.004363090731203556	0.01941634714603424	0.003982881549745798	0.007131352089345455	0.02346600592136383	0.6503912806510925	0.01904386095702648	0.23439449071884155	0.0071234568022191525	0.013830420561134815	0.007726666983217001
388	pride	../final/models/models_2nd_run/model3_35	../final/models/models_2nd_run/model3_35	pride	0.6910847425460815	0.05641116201877594	0.15128259360790253	0.04408053308725357	0.022191448137164116	0.6910847425460815	0.0027205846272408962	0.015800628811120987	0.004835699684917927	0.0031468390952795744	0.004755000583827496	0.0023502609692513943	0.0013405681820586324
235	joy	../final/models/models_2nd_run/model3_35	../final/models/models_2nd_run/model3_35	joy	0.39374902844429016	0.39374902844429016	0.12896153330802917	0.34444883465766907	0.027020130306482315	0.0755767673254013	0.0029828129336237907	0.007247281726449728	0.005561246071010828	0.004279535263776779	0.0024654048029333353	0.004412164445966482	0.00329528097063303
912	nervousness	../final/models/models_2nd_run/model3_35	../final/models/models_2nd_run/model3_35	confusion	0.9010725617408752	0.004411077126860619	0.004106246400624514	0.007263351697474718	0.005203854758292437	0.004069808404892683	0.009714397601783276	0.027372758835554123	0.9010725617408752	0.014457717537879944	0.015516266226768494	0.002467803191393614	0.004344199318438768
798	pride	../final/models/models_2nd_run/model3_35	../final/models/models_2nd_run/model3_35	pride	0.8711084723472595	0.01727309450507164	0.0530630461871624	0.018361223861575127	0.00806521251797676	0.8711084723472595	0.0015162441413849592	0.014179871417582035	0.0027188037056475878	0.0028692232444882393	0.006382591091096401	0.0030207016970962286	0.001441502245143056
305	pride	../final/models/models_2nd_run/model3_35	../final/models/models_2nd_run/model3_35	excitement	0.7156965732574463	0.06469278782606125	0.7156965732574463	0.06927226483821869	0.024277810007333755	0.09216856211423874	0.0023477175273001194	0.015531936660408974	0.00415333267301321	0.004667878150939941	0.0027492421213537455	0.0024985221680253744	0.0019433352863416076
865	neutral	../final/models/models_2nd_run/model3_35	../final/models/models_2nd_run/model3_35	neutral	0.7676530480384827	0.12161293625831604	0.021131377667188644	0.7676530480384827	0.020343810319900513	0.011669140309095383	0.007777541875839233	0.009145591408014297	0.00938896182924509	0.010100046172738075	0.003010452026501298	0.008763192221522331	0.009403998963534832
1032	joy	../final/models/models_2nd_run/model3_35	../final/models/models_2nd_run/model3_35	neutral	0.7375133633613586	0.1101449653506279	0.028991851955652237	0.7375133633613586	0.036392420530319214	0.015192012302577496	0.008705604821443558	0.014875506982207298	0.011582963168621063	0.010958138853311539	0.0049768174067139626	0.00912918709218502	0.01153723243623972
249	joy	../final/models/models_2nd_run/model3_35	../final/models/models_2nd_run/model3_35	joy	0.5363010764122009	0.5363010764122009	0.20472972095012665	0.1756952852010727	0.03853204846382141	0.01915866509079933	0.0039034774526953697	0.003616597969084978	0.005232671275734901	0.0035126355942338705	0.00200326694175601	0.004196663852781057	0.003117905929684639
852	joy	../final/models/models_2nd_run/model3_35	../final/models/models_2nd_run/model3_35	pride	0.3041864335536957	0.16763849556446075	0.1151084303855896	0.3035045266151428	0.03554276376962662	0.3041864335536957	0.007763180881738663	0.030275803059339523	0.010004749521613121	0.008731846697628498	0.007349786348640919	0.00544331781566143	0.004450610838830471
1105	neutral	../final/models/models_2nd_run/model3_35	../final/models/models_2nd_run/model3_35	neutral	0.4604516625404358	0.04118160903453827	0.02257923223078251	0.4604516625404358	0.014442854560911655	0.04565281793475151	0.014189076609909534	0.17159195244312286	0.009757735766470432	0.1409045159816742	0.007470396347343922	0.06243470683693886	0.00934345182031393
71	joy	../final/models/models_2nd_run/model3_35	../final/models/models_2nd_run/model3_35	joy	0.4803009629249573	0.4803009629249573	0.12371262907981873	0.28016427159309387	0.034986842423677444	0.05543336272239685	0.004347985610365868	0.005590622778981924	0.00443848455324769	0.0035761594772338867	0.0020442267414182425	0.0029913350008428097	0.0024132034741342068
94	pride	../final/models/models_2nd_run/model3_35	../final/models/models_2nd_run/model3_35	excitement	0.5047137141227722	0.25605571269989014	0.5047137141227722	0.09865470230579376	0.04725728929042816	0.0749271884560585	0.0026843640953302383	0.0037354992236942053	0.003803628496825695	0.002112205373123288	0.0021335689816623926	0.002341713523492217	0.001580414711497724
610	neutral	../final/models/models_2nd_run/model3_35	../final/models/models_2nd_run/model3_35	neutral	0.7571069598197937	0.10745012760162354	0.01491533126682043	0.7571069598197937	0.022920815274119377	0.010617670603096485	0.012039919383823872	0.021658265963196754	0.013380010612308979	0.01579970121383667	0.004841712769120932	0.008246511220932007	0.011022956110537052
33	pride	../final/models/models_2nd_run/model3_35	../final/models/models_2nd_run/model3_35	excitement	0.2879692018032074	0.15427947044372559	0.2879692018032074	0.22155603766441345	0.0737885907292366	0.11596944183111191	0.004144143778830767	0.038477636873722076	0.06970587372779846	0.01977749541401863	0.0059556011110544205	0.00446982029825449	0.003906639292836189
862	nervousness	../final/models/models_2nd_run/model3_35	../final/models/models_2nd_run/model3_35	confusion	0.6895557641983032	0.06677383184432983	0.020726023241877556	0.0922706201672554	0.01997426524758339	0.0247834213078022	0.011974780820310116	0.044423170387744904	0.6895557641983032	0.015388471074402332	0.007569755427539349	0.002986341016367078	0.0035736504942178726
448	joy	../final/models/models_2nd_run/model3_35	../final/models/models_2nd_run/model3_35	neutral	0.7568042874336243	0.11070523411035538	0.022100728005170822	0.7568042874336243	0.029692791402339935	0.014045043848454952	0.00964714027941227	0.01214204914867878	0.012304075062274933	0.009650016203522682	0.00416009733453393	0.008637461811304092	0.010111061856150627
445	neutral	../final/models/models_2nd_run/model3_35	../final/models/models_2nd_run/model3_35	joy	0.42131397128105164	0.42131397128105164	0.28474175930023193	0.20191319286823273	0.0485200434923172	0.01980876736342907	0.0042322115041315556	0.003601592965424061	0.005154372192919254	0.0029798829928040504	0.0017264029011130333	0.0037402277812361717	0.0022675679065287113
990	disgust	../final/models/models_2nd_run/model3_35	../final/models/models_2nd_run/model3_35	disgust	0.40518084168434143	0.00811684224754572	0.0038739147130399942	0.02097211591899395	0.0033229636028409004	0.006454179063439369	0.07095497846603394	0.19031111896038055	0.015031009912490845	0.05252675712108612	0.03424648940563202	0.18900884687900543	0.40518084168434143
651	pride	../final/models/models_2nd_run/model3_35	../final/models/models_2nd_run/model3_35	neutral	0.3067888617515564	0.23691169917583466	0.11796411126852036	0.3067888617515564	0.07038606703281403	0.12470819056034088	0.013759924098849297	0.06304371356964111	0.013206125237047672	0.011338851414620876	0.014941584318876266	0.013137194328010082	0.01381365954875946
762	joy	../final/models/models_2nd_run/model3_35	../final/models/models_2nd_run/model3_35	excitement	0.5120095610618591	0.21713200211524963	0.5120095610618591	0.13132892549037933	0.046586792916059494	0.07466030865907669	0.002217905828729272	0.004130239132791758	0.003028885694220662	0.002874218625947833	0.001675330102443695	0.0028435990680009127	0.0015123514458537102
77	neutral	../final/models/models_2nd_run/model3_35	../final/models/models_2nd_run/model3_35	neutral	0.8277296423912048	0.05261200666427612	0.015480401925742626	0.8277296423912048	0.008729510009288788	0.030546030029654503	0.005066798534244299	0.020618902519345284	0.01230680476874113	0.014978671446442604	0.0024322650860995054	0.006881884299218655	0.0026170192286372185
84	fear	../final/models/models_2nd_run/model3_35	../final/models/models_2nd_run/model3_35	neutral	0.4923340678215027	0.10775609314441681	0.04545123875141144	0.4923340678215027	0.018901992589235306	0.23366452753543854	0.020078537985682487	0.026313113048672676	0.007312661036849022	0.010175253264605999	0.006408791523426771	0.024737535044550896	0.0068661607801914215
900	joy	../final/models/models_2nd_run/model3_35	../final/models/models_2nd_run/model3_35	joy	0.47453513741493225	0.47453513741493225	0.18544423580169678	0.24281030893325806	0.04221002012491226	0.025095345452427864	0.00523999473080039	0.006422331091016531	0.005220029037445784	0.005242171231657267	0.002204015152528882	0.003002016106620431	0.0025744703598320484
82	neutral	../final/models/models_2nd_run/model3_35	../final/models/models_2nd_run/model3_35	sadness	0.48737096786499023	0.14688538014888763	0.04857797548174858	0.09579760581254959	0.05822833999991417	0.017994342371821404	0.48737096786499023	0.07519891113042831	0.010342796333134174	0.02830376662313938	0.01722283475100994	0.006516578607261181	0.0075604734010994434
457	excitement	../final/models/models_2nd_run/model3_35	../final/models/models_2nd_run/model3_35	pride	0.3516642153263092	0.1375788301229477	0.19546595215797424	0.21391628682613373	0.06235238164663315	0.3516642153263092	0.0035582755226641893	0.011630432680249214	0.008840788155794144	0.004782893694937229	0.004451065324246883	0.003562964964658022	0.00219596060924232
1107	nervousness	../final/models/models_2nd_run/model3_35	../final/models/models_2nd_run/model3_35	fear	0.714350163936615	0.007893325760960579	0.0026632442604750395	0.022161882370710373	0.004167045932263136	0.0018601734191179276	0.019680719822645187	0.08908151835203171	0.01889500394463539	0.714350163936615	0.00630950415506959	0.027386244386434555	0.08555113524198532
1050	neutral	../final/models/models_2nd_run/model3_35	../final/models/models_2nd_run/model3_35	joy	0.2878507971763611	0.2878507971763611	0.19205334782600403	0.22924627363681793	0.032488226890563965	0.23028381168842316	0.0030360331293195486	0.00755561888217926	0.00559453247115016	0.003144982038065791	0.003433105070143938	0.003171698423102498	0.0021415825467556715
436	nervousness	../final/models/models_2nd_run/model3_35	../final/models/models_2nd_run/model3_35	pride	0.4180890619754791	0.16016459465026855	0.15152956545352936	0.18937338888645172	0.033157069236040115	0.4180890619754791	0.004935387521982193	0.018743464723229408	0.005555745679885149	0.00552537152543664	0.0061982604674994946	0.0038589665200561285	0.002868996001780033
654	pride	../final/models/models_2nd_run/model3_35	../final/models/models_2nd_run/model3_35	pride	0.8802388906478882	0.016441339626908302	0.05316386744379997	0.011093909852206707	0.0069653671234846115	0.8802388906478882	0.001903926720842719	0.016638509929180145	0.002696650568395853	0.002683015074580908	0.005348506383597851	0.0019380005542188883	0.0008879588567651808
1008	joy	../final/models/models_2nd_run/model3_35	../final/models/models_2nd_run/model3_35	excitement	0.658141016960144	0.12464400380849838	0.658141016960144	0.06712812930345535	0.10998575389385223	0.023598525673151016	0.002636795397847891	0.002106680069118738	0.0026306931395083666	0.0024868762120604515	0.0022090906277298927	0.0027741678059101105	0.0016582274110987782
404	nervousness	../final/models/models_2nd_run/model3_35	../final/models/models_2nd_run/model3_35	nervousness	0.5754514336585999	0.02326457016170025	0.013017140328884125	0.05305800959467888	0.007679504342377186	0.03366886079311371	0.04925666004419327	0.5754514336585999	0.06132923439145088	0.1355687975883484	0.016598325222730637	0.01899993233382702	0.012107561342418194
1136	neutral	../final/models/models_2nd_run/model3_35	../final/models/models_2nd_run/model3_35	pride	0.5249464511871338	0.0954461470246315	0.25949183106422424	0.06593099981546402	0.029006516560912132	0.5249464511871338	0.002334064804017544	0.00914851762354374	0.003509826259687543	0.0026633318047970533	0.0034952310379594564	0.002560246270149946	0.00146681338082999
764	joy	../final/models/models_2nd_run/model3_35	../final/models/models_2nd_run/model3_35	joy	0.626415491104126	0.626415491104126	0.11193931847810745	0.17465181648731232	0.02834491804242134	0.032212283462285995	0.010546061210334301	0.004286452196538448	0.0033881154377013445	0.002518395660445094	0.0018781720427796245	0.002111538778990507	0.0017074471106752753
722	confusion	../final/models/models_2nd_run/model3_35	../final/models/models_2nd_run/model3_35	joy	0.3126216232776642	0.3126216232776642	0.05690822750329971	0.18714691698551178	0.02044043503701687	0.15178708732128143	0.03918816149234772	0.12221772968769073	0.008618897758424282	0.012311223894357681	0.010765442624688148	0.05792616680264473	0.020068015903234482
104	surprise	../final/models/models_2nd_run/model3_35	../final/models/models_2nd_run/model3_35	excitement	0.3933137357234955	0.3033522367477417	0.3933137357234955	0.1587095856666565	0.07190706580877304	0.052705857902765274	0.00256013753823936	0.003882606513798237	0.0034443975891917944	0.002951796865090728	0.002452176297083497	0.0025476941373199224	0.002172671491280198
1170	joy	../final/models/models_2nd_run/model3_35	../final/models/models_2nd_run/model3_35	joy	0.3203425407409668	0.3203425407409668	0.15487870573997498	0.2671031951904297	0.09158086031675339	0.09834665060043335	0.012546751648187637	0.02038823999464512	0.007996700704097748	0.005826918408274651	0.011006757616996765	0.004844142124056816	0.005138570908457041
673	excitement	../final/models/models_2nd_run/model3_35	../final/models/models_2nd_run/model3_35	joy	0.45755231380462646	0.45755231380462646	0.1330386847257614	0.33842557668685913	0.0242408849298954	0.02295810543000698	0.0044899750500917435	0.003645538818091154	0.003265528241172433	0.003257945878431201	0.0016327149933204055	0.004523000679910183	0.00296976906247437
62	sadness	../final/models/models_2nd_run/model3_35	../final/models/models_2nd_run/model3_35	sadness	0.815657913684845	0.0059250774793326855	0.0018851598724722862	0.009690580889582634	0.003057594411075115	0.0014536570524796844	0.815657913684845	0.06593799591064453	0.007241184823215008	0.0642944797873497	0.0057320743799209595	0.009334051981568336	0.009790182113647461
281	pride	../final/models/models_2nd_run/model3_35	../final/models/models_2nd_run/model3_35	pride	0.8169862627983093	0.023134689778089523	0.10556869953870773	0.017676861956715584	0.010229979641735554	0.8169862627983093	0.0013425200013443828	0.011654692701995373	0.0030285301618278027	0.002498363610357046	0.004671752918511629	0.0020984059665352106	0.0011091872584074736
737	joy	../final/models/models_2nd_run/model3_35	../final/models/models_2nd_run/model3_35	joy	0.5587559938430786	0.5587559938430786	0.12288707494735718	0.24663683772087097	0.030713200569152832	0.012961136177182198	0.004711023531854153	0.0032392058055847883	0.005577235482633114	0.00390748493373394	0.001789391622878611	0.00512086832895875	0.003700492437928915
238	joy	../final/models/models_2nd_run/model3_35	../final/models/models_2nd_run/model3_35	pride	0.33174288272857666	0.2991184592247009	0.13103224337100983	0.16164878010749817	0.03227030485868454	0.33174288272857666	0.009074286557734013	0.014510850422084332	0.004391039721667767	0.0037348459009081125	0.005690152291208506	0.004026453942060471	0.002759596798568964
223	embarrassment	../final/models/models_2nd_run/model3_35	../final/models/models_2nd_run/model3_35	embarrassment	0.39587897062301636	0.0325348898768425	0.020999055355787277	0.04581376537680626	0.027653640136122704	0.02168845757842064	0.06603788584470749	0.19875414669513702	0.017652587965130806	0.04326960816979408	0.39587897062301636	0.018215807154774666	0.11150120943784714
145	neutral	../final/models/models_2nd_run/model3_35	../final/models/models_2nd_run/model3_35	neutral	0.6315743327140808	0.18556557595729828	0.043672606348991394	0.6315743327140808	0.0252810288220644	0.06152442470192909	0.007712028920650482	0.01911826618015766	0.006355689372867346	0.008229847997426987	0.0033123218454420567	0.004266572650521994	0.003387383883818984
1187	nervousness	../final/models/models_2nd_run/model3_35	../final/models/models_2nd_run/model3_35	nervousness	0.37048640847206116	0.05735582485795021	0.03544173389673233	0.20220226049423218	0.028299467638134956	0.07313480973243713	0.02200387790799141	0.37048640847206116	0.0881931483745575	0.07527230679988861	0.02365867979824543	0.012338133528828621	0.011613402515649796
373	fear	../final/models/models_2nd_run/model3_35	../final/models/models_2nd_run/model3_35	fear	0.6156854629516602	0.009100948460400105	0.004207977559417486	0.018303215503692627	0.004541234113276005	0.004075189121067524	0.014262180775403976	0.2160015106201172	0.08590541779994965	0.6156854629516602	0.005534737836569548	0.012396018952131271	0.009986118413507938
118	neutral	../final/models/models_2nd_run/model3_35	../final/models/models_2nd_run/model3_35	joy	0.41044315695762634	0.41044315695762634	0.21473057568073273	0.1360008269548416	0.056183479726314545	0.15329745411872864	0.008431700058281422	0.00501182721927762	0.0038322710897773504	0.0026318926829844713	0.004164459649473429	0.002894666511565447	0.0023776432499289513
905	neutral	../final/models/models_2nd_run/model3_35	../final/models/models_2nd_run/model3_35	neutral	0.5630618929862976	0.26140379905700684	0.044883549213409424	0.5630618929862976	0.015356885269284248	0.0799216628074646	0.005022090394049883	0.00814738217741251	0.005148366093635559	0.005402827635407448	0.002330278279259801	0.0063867224380373955	0.00293449847958982
250	neutral	../final/models/models_2nd_run/model3_35	../final/models/models_2nd_run/model3_35	joy	0.3486579656600952	0.3486579656600952	0.21953067183494568	0.26235508918762207	0.05160815641283989	0.08090408146381378	0.004134915303438902	0.009030134417116642	0.006309582386165857	0.0047632246278226376	0.0034174122847616673	0.00481013348326087	0.004478591028600931
1226	excitement	../final/models/models_2nd_run/model3_35	../final/models/models_2nd_run/model3_35	excitement	0.42045316100120544	0.3504740595817566	0.42045316100120544	0.12753577530384064	0.055428702384233475	0.025261666625738144	0.003503665793687105	0.0029456017073243856	0.0048696547746658325	0.0024607223458588123	0.001821891637519002	0.0032868271227926016	0.0019582342356443405
9	joy	../final/models/models_2nd_run/model3_35	../final/models/models_2nd_run/model3_35	pride	0.3765823543071747	0.1573657989501953	0.19396217167377472	0.16702450811862946	0.062220364809036255	0.3765823543071747	0.0052288300357759	0.013980637304484844	0.005357256159186363	0.004983013030141592	0.006447993218898773	0.0041816323064267635	0.002665454987436533
449	joy	../final/models/models_2nd_run/model3_35	../final/models/models_2nd_run/model3_35	joy	0.37818023562431335	0.37818023562431335	0.21769997477531433	0.22997181117534637	0.04613356292247772	0.10187705606222153	0.004396912641823292	0.005857341457158327	0.0050600385293364525	0.0027489536441862583	0.002960958518087864	0.0028695829678326845	0.0022436094004660845
987	joy	../final/models/models_2nd_run/model3_35	../final/models/models_2nd_run/model3_35	joy	0.4673672914505005	0.4673672914505005	0.14851714670658112	0.2776125967502594	0.056297048926353455	0.022932184860110283	0.005689875688403845	0.004961503203958273	0.005440554115921259	0.0035357384476810694	0.002463805489242077	0.0028373009990900755	0.0023450152948498726
593	joy	../final/models/models_2nd_run/model3_35	../final/models/models_2nd_run/model3_35	neutral	0.40769144892692566	0.12783338129520416	0.06307188421487808	0.40769144892692566	0.07261303812265396	0.14785300195217133	0.011716475710272789	0.07803945988416672	0.04096030443906784	0.016817282885313034	0.01687137968838215	0.0078111509792506695	0.008721152320504189
389	excitement	../final/models/models_2nd_run/model3_35	../final/models/models_2nd_run/model3_35	pride	0.5662638545036316	0.05838864669203758	0.281109094619751	0.04246298596262932	0.022415872663259506	0.5662638545036316	0.0017830352298915386	0.013277140446007252	0.004020980093628168	0.002885335823521018	0.003936526831239462	0.002230412093922496	0.0012260361108928919
848	joy	../final/models/models_2nd_run/model3_35	../final/models/models_2nd_run/model3_35	neutral	0.34117013216018677	0.11934341490268707	0.029789399355649948	0.34117013216018677	0.028167450800538063	0.08584318310022354	0.07136141508817673	0.20829501748085022	0.015754083171486855	0.025454003363847733	0.02493969351053238	0.0240548774600029	0.02582736685872078
1024	neutral	../final/models/models_2nd_run/model3_35	../final/models/models_2nd_run/model3_35	neutral	0.4053919017314911	0.3216753900051117	0.14212894439697266	0.4053919017314911	0.0541074275970459	0.03303572162985802	0.003662966890260577	0.00987777579575777	0.007577335461974144	0.00643634470179677	0.0033788017462939024	0.007287607993930578	0.005439760163426399
557	joy	../final/models/models_2nd_run/model3_35	../final/models/models_2nd_run/model3_35	confusion	0.968433678150177	0.0017620488069951534	0.0011866032145917416	0.009781633503735065	0.00284129218198359	0.0008751258137635887	0.002641586586833	0.0021619924809783697	0.968433678150177	0.003619296243414283	0.0016945780953392386	0.0031986830290406942	0.0018036513356491923
460	excitement	../final/models/models_2nd_run/model3_35	../final/models/models_2nd_run/model3_35	neutral	0.3173048794269562	0.29432740807533264	0.14671066403388977	0.3173048794269562	0.03120836615562439	0.17211928963661194	0.003554761642590165	0.013163184747099876	0.00737607991322875	0.004779104609042406	0.0030321397352963686	0.0036455977242439985	0.002778510097414255
1171	excitement	../final/models/models_2nd_run/model3_35	../final/models/models_2nd_run/model3_35	pride	0.4874853193759918	0.12341611832380295	0.20042932033538818	0.11965089291334152	0.03784280642867088	0.4874853193759918	0.002937200479209423	0.011293007992208004	0.004197598434984684	0.003088327357545495	0.00427221180871129	0.0034074136056005955	0.0019798497669398785
144	excitement	../final/models/models_2nd_run/model3_35	../final/models/models_2nd_run/model3_35	joy	0.31555914878845215	0.31555914878845215	0.2824859023094177	0.1586311310529709	0.04434090852737427	0.16796749830245972	0.004935497883707285	0.00963439792394638	0.0047105541452765465	0.0029395234305411577	0.0039931717328727245	0.002638371428474784	0.0021638975013047457
501	joy	../final/models/models_2nd_run/model3_35	../final/models/models_2nd_run/model3_35	pride	0.6451252102851868	0.08335226774215698	0.13141141831874847	0.07994713634252548	0.020182857289910316	0.6451252102851868	0.0026835857424885035	0.018915845081210136	0.004552970640361309	0.003738133003935218	0.004986176732927561	0.003260640660300851	0.001843794947490096
1174	joy	../final/models/models_2nd_run/model3_35	../final/models/models_2nd_run/model3_35	neutral	0.7179070115089417	0.14740470051765442	0.030990181490778923	0.7179070115089417	0.03159702196717262	0.012131914496421814	0.0075354487635195255	0.008751199580729008	0.010097985155880451	0.010559722781181335	0.00348663330078125	0.00880041066557169	0.010737850330770016
539	excitement	../final/models/models_2nd_run/model3_35	../final/models/models_2nd_run/model3_35	excitement	0.34439370036125183	0.27059170603752136	0.34439370036125183	0.13588614761829376	0.052482519298791885	0.16993658244609833	0.004532219842076302	0.005294064525514841	0.0042906650342047215	0.0038901858497411013	0.003649812424555421	0.0028468200471252203	0.0022056151647120714
177	neutral	../final/models/models_2nd_run/model3_35	../final/models/models_2nd_run/model3_35	neutral	0.27764877676963806	0.208001971244812	0.18089404702186584	0.27764877676963806	0.0582885667681694	0.24023686349391937	0.0035152931232005358	0.010379277169704437	0.006562395021319389	0.0036596304271370173	0.003833702066913247	0.004219729918986559	0.002759720664471388
1228	neutral	../final/models/models_2nd_run/model3_35	../final/models/models_2nd_run/model3_35	joy	0.34335601329803467	0.34335601329803467	0.23086285591125488	0.33456623554229736	0.039180073887109756	0.018756160512566566	0.004358584526926279	0.005680750124156475	0.005737751256674528	0.0054403855465352535	0.0024093505926430225	0.004863639362156391	0.004788069520145655
1212	neutral	../final/models/models_2nd_run/model3_35	../final/models/models_2nd_run/model3_35	joy	0.4844543933868408	0.4844543933868408	0.06466023623943329	0.3777558505535126	0.023813042789697647	0.012796483002603054	0.004219365306198597	0.005236498080193996	0.006946947891265154	0.005958510097116232	0.002067330526188016	0.007176006678491831	0.004915407858788967
649	sadness	../final/models/models_2nd_run/model3_35	../final/models/models_2nd_run/model3_35	nervousness	0.38244879245758057	0.03535697981715202	0.014019723981618881	0.06888989359140396	0.019918331876397133	0.014466951601207256	0.05590452626347542	0.38244879245758057	0.022589528933167458	0.06665409356355667	0.05503145232796669	0.028824934735894203	0.23589475452899933
1267	pride	../final/models/models_2nd_run/model3_35	../final/models/models_2nd_run/model3_35	pride	0.5233529806137085	0.028824176639318466	0.032720740884542465	0.02246951311826706	0.010451843030750751	0.5233529806137085	0.014580778777599335	0.2846965491771698	0.008126430213451385	0.016263814643025398	0.02978222444653511	0.020711030811071396	0.00801991019397974
7	pride	../final/models/models_2nd_run/model3_35	../final/models/models_2nd_run/model3_35	pride	0.8848914504051208	0.01805240660905838	0.0446942076086998	0.013170179910957813	0.007329774089157581	0.8848914504051208	0.0015936929266899824	0.01639479771256447	0.0028738745022565126	0.002743988996371627	0.00525915389880538	0.0019858593586832285	0.0010105777764692903
621	neutral	../final/models/models_2nd_run/model3_35	../final/models/models_2nd_run/model3_35	joy	0.4283086359500885	0.4283086359500885	0.12754158675670624	0.31072455644607544	0.04868101701140404	0.03723422810435295	0.006236638408154249	0.009818016551434994	0.009024068713188171	0.007578079588711262	0.0035663119051605463	0.005321997217833996	0.0059648919850587845
950	neutral	../final/models/models_2nd_run/model3_35	../final/models/models_2nd_run/model3_35	neutral	0.5179799795150757	0.3604089021682739	0.05048166960477829	0.5179799795150757	0.024550052359700203	0.012085936032235622	0.005719948559999466	0.004386523738503456	0.005904607009142637	0.005194614641368389	0.0020323749631643295	0.006196649745106697	0.005058721173554659
357	sadness	../final/models/models_2nd_run/model3_35	../final/models/models_2nd_run/model3_35	sadness	0.8136446475982666	0.0077378759160637856	0.0018046251498162746	0.011052850633859634	0.002443205565214157	0.002141128061339259	0.8136446475982666	0.0353933647274971	0.0034928065724670887	0.02184656448662281	0.006566398311406374	0.0641532838344574	0.029723092913627625
329	nervousness	../final/models/models_2nd_run/model3_35	../final/models/models_2nd_run/model3_35	nervousness	0.5288001894950867	0.013776356354355812	0.004742865450680256	0.05191659927368164	0.0043270401656627655	0.009357884526252747	0.08441099524497986	0.5288001894950867	0.01086735725402832	0.09671957790851593	0.02299850806593895	0.06948249787092209	0.10260015726089478
901	neutral	../final/models/models_2nd_run/model3_35	../final/models/models_2nd_run/model3_35	joy	0.5209715962409973	0.5209715962409973	0.19676868617534637	0.1954973191022873	0.042204856872558594	0.023426532745361328	0.0033435162622481585	0.0028614625334739685	0.004805461503565311	0.00274865236133337	0.0018564517376944423	0.0028957254253327847	0.0026197924744337797
935	excitement	../final/models/models_2nd_run/model3_35	../final/models/models_2nd_run/model3_35	joy	0.4867110550403595	0.4867110550403595	0.20823714137077332	0.2114184945821762	0.035424668341875076	0.03330560773611069	0.003580539720132947	0.0038778940215706825	0.005449322052299976	0.003213147632777691	0.002127228071913123	0.0037910891696810722	0.0028637859504669905
258	pride	../final/models/models_2nd_run/model3_35	../final/models/models_2nd_run/model3_35	joy	0.4792979061603546	0.4792979061603546	0.10148307681083679	0.30565086007118225	0.036624569445848465	0.04566775634884834	0.008473880589008331	0.0067800479009747505	0.003938999492675066	0.004234724678099155	0.002582815708592534	0.0028462104965001345	0.0024192051496356726
1096	neutral	../final/models/models_2nd_run/model3_35	../final/models/models_2nd_run/model3_35	joy	0.39484068751335144	0.39484068751335144	0.15863199532032013	0.33115196228027344	0.037647031247615814	0.05157151073217392	0.0034993283916264772	0.005738520063459873	0.004206323996186256	0.004093531519174576	0.0022486376110464334	0.0035437492188066244	0.0028266627341508865
1009	joy	../final/models/models_2nd_run/model3_35	../final/models/models_2nd_run/model3_35	nervousness	0.4532299339771271	0.03769589960575104	0.008516526781022549	0.12576092779636383	0.005893428809940815	0.042821016162633896	0.10723191499710083	0.4532299339771271	0.009539864026010036	0.034225933253765106	0.016581285744905472	0.13388243317604065	0.02462080307304859
1153	joy	../final/models/models_2nd_run/model3_35	../final/models/models_2nd_run/model3_35	joy	0.4585190415382385	0.4585190415382385	0.2791852653026581	0.1644195169210434	0.04853431135416031	0.027087973430752754	0.00324462098069489	0.002836447674781084	0.0048986938782036304	0.0024402691051363945	0.0020618834532797337	0.0034246111754328012	0.0033473288640379906
668	joy	../final/models/models_2nd_run/model3_35	../final/models/models_2nd_run/model3_35	joy	0.4370396137237549	0.4370396137237549	0.12499022483825684	0.3433690071105957	0.04347388446331024	0.016264785081148148	0.005491155665367842	0.003564185230061412	0.007795274257659912	0.004140723962336779	0.0021644209045916796	0.007077032700181007	0.004629570059478283
934	sadness	../final/models/models_2nd_run/model3_35	../final/models/models_2nd_run/model3_35	sadness	0.9082335829734802	0.023638157173991203	0.003596377559006214	0.019515441730618477	0.0053781624883413315	0.0021260587964206934	0.9082335829734802	0.013048125430941582	0.003860750002786517	0.006627452094107866	0.0046553947031497955	0.003156249178573489	0.00616421177983284
525	nervousness	../final/models/models_2nd_run/model3_35	../final/models/models_2nd_run/model3_35	nervousness	0.6639202237129211	0.026184488087892532	0.009307215921580791	0.0440794862806797	0.007375468034297228	0.01814209297299385	0.07641381025314331	0.6639202237129211	0.0135236456990242	0.09514660388231277	0.018149610608816147	0.011743715964257717	0.01601368375122547
917	surprise	../final/models/models_2nd_run/model3_35	../final/models/models_2nd_run/model3_35	surprise	0.5436190366744995	0.05208258703351021	0.32496145367622375	0.046454738825559616	0.5436190366744995	0.013777072541415691	0.0025097031611949205	0.0015336833894252777	0.005051477812230587	0.002124886494129896	0.0033079038839787245	0.002838282147422433	0.0017392007866874337
1236	nervousness	../final/models/models_2nd_run/model3_35	../final/models/models_2nd_run/model3_35	pride	0.36960509419441223	0.12997719645500183	0.14960673451423645	0.2714764177799225	0.033757757395505905	0.36960509419441223	0.004402568563818932	0.01556133758276701	0.005161297973245382	0.005475180223584175	0.005163030698895454	0.006524193100631237	0.00328921340405941
844	pride	../final/models/models_2nd_run/model3_35	../final/models/models_2nd_run/model3_35	neutral	0.5074642896652222	0.10548693686723709	0.05290781334042549	0.5074642896652222	0.020493561401963234	0.22415684163570404	0.006263711955398321	0.04310130327939987	0.007409558165818453	0.014944490976631641	0.006710587069392204	0.0073265451937913895	0.0037343238946050406
1210	excitement	../final/models/models_2nd_run/model3_35	../final/models/models_2nd_run/model3_35	pride	0.3018034100532532	0.21603456139564514	0.23123228549957275	0.1674715131521225	0.04693751409649849	0.3018034100532532	0.003268417902290821	0.011695148423314095	0.006411765702068806	0.003514188574627042	0.005913990084081888	0.003374813124537468	0.0023423556704074144
440	disgust	../final/models/models_2nd_run/model3_35	../final/models/models_2nd_run/model3_35	sadness	0.42509299516677856	0.007105653174221516	0.002115970477461815	0.020247971639037132	0.0030371653847396374	0.0028590525034815073	0.42509299516677856	0.2115284651517868	0.007285370957106352	0.18606029450893402	0.015528183430433273	0.057671189308166504	0.06146771460771561
531	joy	../final/models/models_2nd_run/model3_35	../final/models/models_2nd_run/model3_35	joy	0.5726244449615479	0.5726244449615479	0.09384510666131973	0.27181288599967957	0.020309101790189743	0.019464360550045967	0.003991398960351944	0.003170906100422144	0.003938483074307442	0.0034225101117044687	0.0015130048850551248	0.0035548158921301365	0.0023530039470642805
226	excitement	../final/models/models_2nd_run/model3_35	../final/models/models_2nd_run/model3_35	joy	0.4899194538593292	0.4899194538593292	0.22467012703418732	0.17250357568264008	0.05566439405083656	0.033195216208696365	0.003663157345727086	0.004022717475891113	0.00514821894466877	0.0032513379119336605	0.0024863567668944597	0.002786109456792474	0.0026893899776041508
228	pride	../final/models/models_2nd_run/model3_35	../final/models/models_2nd_run/model3_35	pride	0.7030112147331238	0.08682742714881897	0.10993584990501404	0.05007576569914818	0.016646286472678185	0.7030112147331238	0.0035359831526875496	0.015244492329657078	0.003975206520408392	0.003264953615143895	0.004189963452517986	0.002093288116157055	0.0011995427776128054
1116	neutral	../final/models/models_2nd_run/model3_35	../final/models/models_2nd_run/model3_35	joy	0.5437129735946655	0.5437129735946655	0.13027553260326385	0.2524036765098572	0.02599729225039482	0.02167326584458351	0.0033376736100763083	0.0037129088304936886	0.005327639169991016	0.00390969542786479	0.001931654871441424	0.004330575931817293	0.003387154545634985
212	pride	../final/models/models_2nd_run/model3_35	../final/models/models_2nd_run/model3_35	pride	0.8691103458404541	0.017523836344480515	0.0477353036403656	0.014839891344308853	0.009466951712965965	0.8691103458404541	0.0016796975396573544	0.019382769241929054	0.002716034883633256	0.002706412458792329	0.010247442871332169	0.002983381971716881	0.0016079081688076258
79	nervousness	../final/models/models_2nd_run/model3_35	../final/models/models_2nd_run/model3_35	joy	0.3624036908149719	0.3624036908149719	0.17863371968269348	0.2665861248970032	0.0507611408829689	0.10958079248666763	0.004629656206816435	0.008100022561848164	0.004823269322514534	0.003423788119107485	0.004161863122135401	0.003985187970101833	0.002910677809268236
148	pride	../final/models/models_2nd_run/model3_35	../final/models/models_2nd_run/model3_35	joy	0.34841254353523254	0.34841254353523254	0.09163118153810501	0.216849222779274	0.04284128174185753	0.1475367397069931	0.07434657961130142	0.04280633479356766	0.009320571087300777	0.009934136644005775	0.009169700555503368	0.003640709212049842	0.003510944312438369
1090	excitement	../final/models/models_2nd_run/model3_35	../final/models/models_2nd_run/model3_35	joy	0.3210456371307373	0.3210456371307373	0.17322610318660736	0.3148123621940613	0.042452674359083176	0.1101180762052536	0.005669685080647469	0.009373779408633709	0.0035522200632840395	0.004256116226315498	0.0043633379973471165	0.006850779987871647	0.004279225133359432
793	excitement	../final/models/models_2nd_run/model3_35	../final/models/models_2nd_run/model3_35	excitement	0.3972969949245453	0.33265411853790283	0.3972969949245453	0.18435712158679962	0.04114091768860817	0.022468211129307747	0.003181618405506015	0.002764302771538496	0.003926989622414112	0.0027167252264916897	0.0019162012031301856	0.004310106858611107	0.0032666665501892567
851	joy	../final/models/models_2nd_run/model3_35	../final/models/models_2nd_run/model3_35	excitement	0.3087623417377472	0.2768648564815521	0.3087623417377472	0.12935303151607513	0.049089476466178894	0.2004774808883667	0.003660531248897314	0.01056889072060585	0.006160656455904245	0.0034204658586531878	0.005130650009959936	0.0035427522379904985	0.002968819113448262
133	joy	../final/models/models_2nd_run/model3_35	../final/models/models_2nd_run/model3_35	joy	0.5396385192871094	0.5396385192871094	0.08463656157255173	0.2922598123550415	0.019467493519186974	0.03872459754347801	0.005097349174320698	0.0056005967780947685	0.003326732199639082	0.0036567854695022106	0.0017671242821961641	0.0035216198302805424	0.0023028641007840633
1027	surprise	../final/models/models_2nd_run/model3_35	../final/models/models_2nd_run/model3_35	excitement	0.5094772577285767	0.1995863914489746	0.5094772577285767	0.080741286277771	0.1544167846441269	0.036920931190252304	0.00323771545663476	0.0024401736445724964	0.003883147146552801	0.00223657232709229	0.0026843089144676924	0.0026363441720604897	0.0017391386209055781
408	nervousness	../final/models/models_2nd_run/model3_35	../final/models/models_2nd_run/model3_35	pride	0.37925198674201965	0.09477873146533966	0.16905730962753296	0.1887296587228775	0.06982705742120743	0.37925198674201965	0.007704453077167273	0.048498425632715225	0.008430521935224533	0.009292135015130043	0.01346740871667862	0.0062072137370705605	0.004755023401230574
869	neutral	../final/models/models_2nd_run/model3_35	../final/models/models_2nd_run/model3_35	joy	0.44288334250450134	0.44288334250450134	0.23408366739749908	0.19308795034885406	0.05781044065952301	0.04467038810253143	0.0044640288688242435	0.00535139674320817	0.00720263971015811	0.0026122566778212786	0.002685314044356346	0.002991732908412814	0.0021569037344306707
507	fear	../final/models/models_2nd_run/model3_35	../final/models/models_2nd_run/model3_35	sadness	0.7264233827590942	0.01081223227083683	0.0038018622435629368	0.013985851779580116	0.004719866905361414	0.006713880226016045	0.7264233827590942	0.05940037965774536	0.011155040003359318	0.010896237567067146	0.10478363186120987	0.008056918159127235	0.03925074264407158
993	pride	../final/models/models_2nd_run/model3_35	../final/models/models_2nd_run/model3_35	neutral	0.76377272605896	0.11857079714536667	0.019282136112451553	0.76377272605896	0.02014313079416752	0.01493094302713871	0.008645699359476566	0.014239240437746048	0.008440895937383175	0.010005690157413483	0.003445598529651761	0.008879813365638256	0.00964333675801754
504	pride	../final/models/models_2nd_run/model3_35	../final/models/models_2nd_run/model3_35	pride	0.530670166015625	0.0906691625714302	0.14849834144115448	0.07452871650457382	0.04040679335594177	0.530670166015625	0.006263159215450287	0.060723789036273956	0.015694839879870415	0.009166281670331955	0.015810441225767136	0.004351443145424128	0.003216888289898634
785	pride	../final/models/models_2nd_run/model3_35	../final/models/models_2nd_run/model3_35	pride	0.33168599009513855	0.09588977694511414	0.07886090874671936	0.1815107762813568	0.04770951345562935	0.33168599009513855	0.032500311732292175	0.1445528268814087	0.006938406731933355	0.021984102204442024	0.029665930196642876	0.019223028793931007	0.009478342719376087
347	excitement	../final/models/models_2nd_run/model3_35	../final/models/models_2nd_run/model3_35	pride	0.4123196303844452	0.15473690629005432	0.17037628591060638	0.1830964833498001	0.04171418771147728	0.4123196303844452	0.0042892866767942905	0.013745248317718506	0.004369824193418026	0.004171803593635559	0.004878984298557043	0.003938252106308937	0.0023630266077816486
386	pride	../final/models/models_2nd_run/model3_35	../final/models/models_2nd_run/model3_35	pride	0.6272088885307312	0.07761826366186142	0.15269149839878082	0.06716929376125336	0.023590154945850372	0.6272088885307312	0.0031030606478452682	0.023076390847563744	0.005884353071451187	0.004461466800421476	0.007638910319656134	0.0047384328208863735	0.0028193870093673468
0	joy	../final/models/models_2nd_run/model3_35	../final/models/models_2nd_run/model3_35	nervousness	0.5455197691917419	0.03905921429395676	0.038263313472270966	0.05342186614871025	0.010244653560221195	0.02557060681283474	0.017507048323750496	0.5455197691917419	0.01615038886666298	0.23576627671718597	0.0063458653166890144	0.007965072058141232	0.004185996949672699
360	excitement	../final/models/models_2nd_run/model3_35	../final/models/models_2nd_run/model3_35	excitement	0.28273123502731323	0.22506946325302124	0.28273123502731323	0.1535833775997162	0.050254035741090775	0.25632455945014954	0.002729762578383088	0.010833488777279854	0.005753315519541502	0.0037302537821233273	0.004375950433313847	0.0026888169813901186	0.0019257201347500086
1203	joy	../final/models/models_2nd_run/model3_35	../final/models/models_2nd_run/model3_35	pride	0.43543338775634766	0.1789238601922989	0.14890138804912567	0.17012648284435272	0.0282998438924551	0.43543338775634766	0.00302450661547482	0.013271468691527843	0.007276542019098997	0.0038887320552021265	0.004857754800468683	0.0034423386678099632	0.0025537293404340744
475	joy	../final/models/models_2nd_run/model3_35	../final/models/models_2nd_run/model3_35	joy	0.39310967922210693	0.39310967922210693	0.21422767639160156	0.26941967010498047	0.06636703014373779	0.031065868213772774	0.003304998157545924	0.003583846613764763	0.006837725639343262	0.0031733957584947348	0.002609898569062352	0.0036347126588225365	0.0026654840912669897
872	pride	../final/models/models_2nd_run/model3_35	../final/models/models_2nd_run/model3_35	pride	0.8364521265029907	0.02008233591914177	0.09136877954006195	0.016432372853159904	0.010017662309110165	0.8364521265029907	0.0013037353055551648	0.011102388612926006	0.003076831577345729	0.002386408392339945	0.004451065324246883	0.002275274135172367	0.0010508496779948473
1223	neutral	../final/models/models_2nd_run/model3_35	../final/models/models_2nd_run/model3_35	neutral	0.7413829565048218	0.1353209912776947	0.022426504641771317	0.7413829565048218	0.028276395052671432	0.011644559912383556	0.010517234914004803	0.009830758906900883	0.008894480764865875	0.009760303422808647	0.003756159683689475	0.008301042020320892	0.009888512082397938
846	excitement	../final/models/models_2nd_run/model3_35	../final/models/models_2nd_run/model3_35	excitement	0.4703420102596283	0.2892160713672638	0.4703420102596283	0.09719789028167725	0.03792291134595871	0.08840518444776535	0.002624283544719219	0.0033265925012528896	0.003294781083241105	0.001977702137082815	0.0018360679969191551	0.0023367966059595346	0.0015197417233139277
711	pride	../final/models/models_2nd_run/model3_35	../final/models/models_2nd_run/model3_35	excitement	0.6375409960746765	0.07624669373035431	0.6375409960746765	0.10237198323011398	0.021541472524404526	0.13574433326721191	0.002190954750403762	0.010346697643399239	0.0034786255564540625	0.0037951951380819082	0.00219904026016593	0.0029486583080142736	0.0015953624388203025
172	pride	../final/models/models_2nd_run/model3_35	../final/models/models_2nd_run/model3_35	pride	0.5416759252548218	0.09015170484781265	0.1511422097682953	0.13235919177532196	0.024668820202350616	0.5416759252548218	0.004537149332463741	0.02641504630446434	0.008827434852719307	0.007276160176843405	0.006384471897035837	0.004289672710001469	0.0022722631692886353
450	joy	../final/models/models_2nd_run/model3_35	../final/models/models_2nd_run/model3_35	joy	0.36457589268684387	0.36457589268684387	0.10535892099142075	0.30663740634918213	0.036684609949588776	0.14469192922115326	0.007272251415997744	0.01372711081057787	0.005003336351364851	0.004958404693752527	0.0045904614962637424	0.00369424931704998	0.0028054106514900923
125	pride	../final/models/models_2nd_run/model3_35	../final/models/models_2nd_run/model3_35	pride	0.8699610829353333	0.021341044455766678	0.059356920421123505	0.013999615795910358	0.008739793673157692	0.8699610829353333	0.0015871247742325068	0.01147751696407795	0.0026519494131207466	0.0022819421719759703	0.005571074318140745	0.0019936782773584127	0.0010382445761933923
713	nervousness	../final/models/models_2nd_run/model3_35	../final/models/models_2nd_run/model3_35	nervousness	0.37996482849121094	0.016478000208735466	0.005287649109959602	0.046268872916698456	0.0048032235354185104	0.012041566893458366	0.12283903360366821	0.37996482849121094	0.011504228226840496	0.048055097460746765	0.02478761225938797	0.16511566936969757	0.1628541201353073
530	neutral	../final/models/models_2nd_run/model3_35	../final/models/models_2nd_run/model3_35	joy	0.2922494113445282	0.2922494113445282	0.12211975455284119	0.26884227991104126	0.019684426486492157	0.26340121030807495	0.004775264300405979	0.011128799989819527	0.004767442122101784	0.004243284929543734	0.002834505867213011	0.003949763253331184	0.002003692090511322
90	neutral	../final/models/models_2nd_run/model3_35	../final/models/models_2nd_run/model3_35	excitement	0.4084729254245758	0.23352058231830597	0.4084729254245758	0.25550416111946106	0.04411912336945534	0.025794850662350655	0.003902318188920617	0.007640141528099775	0.004587216302752495	0.005483259446918964	0.002317793434485793	0.0050472067669034	0.0036103897728025913
1231	pride	../final/models/models_2nd_run/model3_35	../final/models/models_2nd_run/model3_35	neutral	0.7725431323051453	0.09478458017110825	0.022726302966475487	0.7725431323051453	0.022874442860484123	0.017857180908322334	0.007250980474054813	0.014849993400275707	0.013618895784020424	0.01085482444614172	0.003761386265978217	0.009154802188277245	0.00972343422472477
181	neutral	../final/models/models_2nd_run/model3_35	../final/models/models_2nd_run/model3_35	joy	0.5287507176399231	0.5287507176399231	0.12374667078256607	0.25315290689468384	0.0429973229765892	0.017590995877981186	0.005427670665085316	0.004907583352178335	0.007064898032695055	0.0048617287538945675	0.002445148304104805	0.004794024862349033	0.004260276444256306
989	neutral	../final/models/models_2nd_run/model3_35	../final/models/models_2nd_run/model3_35	neutral	0.5661928653717041	0.12919214367866516	0.0656261146068573	0.5661928653717041	0.02644229121506214	0.14147453010082245	0.012538659386336803	0.02503964491188526	0.005408323369920254	0.009344633668661118	0.0062637594528496265	0.008439137600362301	0.00403789384290576
414	neutral	../final/models/models_2nd_run/model3_35	../final/models/models_2nd_run/model3_35	neutral	0.4485940933227539	0.09776537120342255	0.05503197759389877	0.4485940933227539	0.01984323002398014	0.25477078557014465	0.017611978575587273	0.04592287540435791	0.0057974630035459995	0.014137121848762035	0.011129356920719147	0.02217816188931465	0.007217636797577143
251	disgust	../final/models/models_2nd_run/model3_35	../final/models/models_2nd_run/model3_35	nervousness	0.49434709548950195	0.013242434710264206	0.004055857192724943	0.04625525325536728	0.003413554048165679	0.008852992206811905	0.11305836588144302	0.49434709548950195	0.010524925775825977	0.10546664148569107	0.015530153177678585	0.10299599915742874	0.08225680887699127
69	excitement	../final/models/models_2nd_run/model3_35	../final/models/models_2nd_run/model3_35	joy	0.38067612051963806	0.38067612051963806	0.12238090485334396	0.30996084213256836	0.04000226780772209	0.11250841617584229	0.0073470463976264	0.009544978849589825	0.004679792560636997	0.004237613175064325	0.0031043393537402153	0.0032947403378784657	0.0022629189770668745
131	anger	../final/models/models_2nd_run/model3_35	../final/models/models_2nd_run/model3_35	fear	0.41471290588378906	0.04361061379313469	0.022206421941518784	0.1728069931268692	0.015703989192843437	0.00992883276194334	0.013034923002123833	0.16232840716838837	0.01618853025138378	0.41471290588378906	0.005949331447482109	0.10026262700557709	0.02326653152704239
300	joy	../final/models/models_2nd_run/model3_35	../final/models/models_2nd_run/model3_35	sadness	0.7932263612747192	0.028407422825694084	0.006659228354692459	0.042812101542949677	0.009094003587961197	0.0072079310193657875	0.7932263612747192	0.07017622888088226	0.005428812466561794	0.018905535340309143	0.008562467060983181	0.004897180944681168	0.004622711334377527
746	embarrassment	../final/models/models_2nd_run/model3_35	../final/models/models_2nd_run/model3_35	embarrassment	0.7171664834022522	0.008128787390887737	0.010561177507042885	0.012589379213750362	0.010143517516553402	0.06275974959135056	0.029926734045147896	0.06375682353973389	0.006793630309402943	0.007660131901502609	0.7171664834022522	0.04541897028684616	0.0250945333391428
326	nervousness	../final/models/models_2nd_run/model3_35	../final/models/models_2nd_run/model3_35	joy	0.399100124835968	0.399100124835968	0.3426882326602936	0.14728590846061707	0.042488038539886475	0.04709947854280472	0.002994977403432131	0.003724601585417986	0.005078956019133329	0.002342880703508854	0.0022898970637470484	0.002712724031880498	0.0021942544262856245
1244	excitement	../final/models/models_2nd_run/model3_35	../final/models/models_2nd_run/model3_35	joy	0.4257974624633789	0.4257974624633789	0.23781055212020874	0.15128634870052338	0.08625452220439911	0.06486359238624573	0.0044813998974859715	0.007072738371789455	0.007517518475651741	0.004456242546439171	0.004536228254437447	0.00303049199283123	0.002892879769206047
887	joy	../final/models/models_2nd_run/model3_35	../final/models/models_2nd_run/model3_35	pride	0.3871139883995056	0.17355865240097046	0.0935731828212738	0.19080743193626404	0.04079118371009827	0.3871139883995056	0.031094158068299294	0.04471065476536751	0.0058262040838599205	0.01012563705444336	0.010875334963202477	0.007102601230144501	0.004420958925038576
499	joy	../final/models/models_2nd_run/model3_35	../final/models/models_2nd_run/model3_35	excitement	0.47708675265312195	0.23021219670772552	0.47708675265312195	0.11628103256225586	0.08141697198152542	0.07294552028179169	0.0028121890500187874	0.0035598573740571737	0.004635763820260763	0.0023477731738239527	0.0028805353213101625	0.0031059980392456055	0.002715466311201453
741	neutral	../final/models/models_2nd_run/model3_35	../final/models/models_2nd_run/model3_35	nervousness	0.3277300298213959	0.042976099997758865	0.023008160293102264	0.08370543271303177	0.03336474299430847	0.0570807084441185	0.12120641022920609	0.3277300298213959	0.026470230892300606	0.03992076963186264	0.2062470018863678	0.014842092990875244	0.023448338732123375
364	neutral	../final/models/models_2nd_run/model3_35	../final/models/models_2nd_run/model3_35	neutral	0.8275065422058105	0.06835251301527023	0.016810093075037003	0.8275065422058105	0.01656855270266533	0.018101755529642105	0.0045771608129143715	0.016492629423737526	0.007283224258571863	0.01140771433711052	0.0024733836762607098	0.0058134025894105434	0.004613060038536787
495	joy	../final/models/models_2nd_run/model3_35	../final/models/models_2nd_run/model3_35	joy	0.49666693806648254	0.49666693806648254	0.2835850119590759	0.13903464376926422	0.043859127908945084	0.015234936960041523	0.0038370194379240274	0.0022925047669559717	0.0050441245548427105	0.002240099711343646	0.0018810346955433488	0.00353767117485404	0.002786888275295496
1252	joy	../final/models/models_2nd_run/model3_35	../final/models/models_2nd_run/model3_35	anger	0.710253894329071	0.008422160521149635	0.004179184325039387	0.031709589064121246	0.003609183244407177	0.00963115505874157	0.02122563309967518	0.025638559833168983	0.0031289691105484962	0.007884286344051361	0.019823575392365456	0.710253894329071	0.15449386835098267
338	neutral	../final/models/models_2nd_run/model3_35	../final/models/models_2nd_run/model3_35	pride	0.6337313652038574	0.056437935680150986	0.06524563580751419	0.10783476382493973	0.01730530336499214	0.6337313652038574	0.004096276592463255	0.07878927141427994	0.007243080995976925	0.011015478521585464	0.010598216205835342	0.005031087901443243	0.002671634079888463
421	nervousness	../final/models/models_2nd_run/model3_35	../final/models/models_2nd_run/model3_35	neutral	0.4009077250957489	0.3706173598766327	0.13004589080810547	0.4009077250957489	0.030100928619503975	0.04329516738653183	0.003839754033833742	0.0051446459256112576	0.004253221210092306	0.003783048130571842	0.0019339413847774267	0.00354033918119967	0.0025379261933267117
164	excitement	../final/models/models_2nd_run/model3_35	../final/models/models_2nd_run/model3_35	pride	0.6386941075325012	0.08241131901741028	0.13933777809143066	0.07182586938142776	0.024564387276768684	0.6386941075325012	0.003486023051664233	0.0191463865339756	0.0060052121989429	0.004165643360465765	0.005682080518454313	0.002888929098844528	0.0017922634724527597
28	confusion	../final/models/models_2nd_run/model3_35	../final/models/models_2nd_run/model3_35	surprise	0.7049943208694458	0.0066746557131409645	0.03193874657154083	0.010854564607143402	0.7049943208694458	0.003325442783534527	0.012495381757616997	0.008865728974342346	0.1818459928035736	0.0072678690776228905	0.024242006242275238	0.003202709136530757	0.004292531404644251
516	excitement	../final/models/models_2nd_run/model3_35	../final/models/models_2nd_run/model3_35	neutral	0.35282963514328003	0.112305648624897	0.06413820385932922	0.35282963514328003	0.03094056062400341	0.3423154056072235	0.013125122524797916	0.03749525174498558	0.005604911129921675	0.011799847707152367	0.012885376811027527	0.010957934893667698	0.005602065473794937
193	pride	../final/models/models_2nd_run/model3_35	../final/models/models_2nd_run/model3_35	pride	0.42777159810066223	0.13778987526893616	0.11488807201385498	0.11221376806497574	0.05857989937067032	0.42777159810066223	0.007010139524936676	0.0461108461022377	0.0608149915933609	0.010361439548432827	0.015469871461391449	0.005351095460355282	0.0036383161786943674
706	excitement	../final/models/models_2nd_run/model3_35	../final/models/models_2nd_run/model3_35	pride	0.30526283383369446	0.25872138142585754	0.08844894915819168	0.2715703547000885	0.019190588966012	0.30526283383369446	0.013510252349078655	0.018630119040608406	0.004127307794988155	0.005678578279912472	0.004941693507134914	0.006922748871147633	0.0029951429460197687
874	joy	../final/models/models_2nd_run/model3_35	../final/models/models_2nd_run/model3_35	joy	0.4740377962589264	0.4740377962589264	0.13388453423976898	0.3014810383319855	0.04532591253519058	0.01706281676888466	0.005729983560740948	0.003890551393851638	0.0045385584235191345	0.004011446610093117	0.0022369124926626682	0.004061293788254261	0.0037391651421785355
169	neutral	../final/models/models_2nd_run/model3_35	../final/models/models_2nd_run/model3_35	neutral	0.3189670443534851	0.18432193994522095	0.02031015232205391	0.3189670443534851	0.01089797355234623	0.04625372961163521	0.03704768419265747	0.0563499890267849	0.007215255405753851	0.010626109316945076	0.0075596049427986145	0.27193838357925415	0.028512082993984222
1270	pride	../final/models/models_2nd_run/model3_35	../final/models/models_2nd_run/model3_35	excitement	0.5075973868370056	0.09648270159959793	0.5075973868370056	0.058225519955158234	0.300360769033432	0.018922846764326096	0.0026447877753525972	0.00169049680698663	0.0037087646778672934	0.0023821915965527296	0.0028917239978909492	0.003206717548891902	0.0018860436975955963
652	pride	../final/models/models_2nd_run/model3_35	../final/models/models_2nd_run/model3_35	pride	0.3206409215927124	0.028953777626156807	0.31099921464920044	0.027488136664032936	0.2650226652622223	0.3206409215927124	0.001999649917706847	0.010938561521470547	0.007714551407843828	0.0030000056140124798	0.018888697028160095	0.002583527471870184	0.0017702202312648296
173	excitement	../final/models/models_2nd_run/model3_35	../final/models/models_2nd_run/model3_35	pride	0.5688250064849854	0.11121738702058792	0.17610542476177216	0.07768706232309341	0.022376764565706253	0.5688250064849854	0.0031686737202107906	0.019333181902766228	0.005939951632171869	0.003943846561014652	0.00630461098626256	0.0030248023103922606	0.0020732448901981115
518	pride	../final/models/models_2nd_run/model3_35	../final/models/models_2nd_run/model3_35	pride	0.6229894757270813	0.0604974627494812	0.05948173999786377	0.16251443326473236	0.01641530729830265	0.6229894757270813	0.006258729379624128	0.040481291711330414	0.004548539407551289	0.008064139634370804	0.0075946589931845665	0.007910552434623241	0.0032437096815556288
1034	joy	../final/models/models_2nd_run/model3_35	../final/models/models_2nd_run/model3_35	joy	0.4898267984390259	0.4898267984390259	0.2590496242046356	0.16699481010437012	0.04054282605648041	0.020583702251315117	0.00347734522074461	0.0026730496902018785	0.004667157307267189	0.0034610938746482134	0.001714414218440652	0.0037251594476401806	0.0032840901985764503
787	excitement	../final/models/models_2nd_run/model3_35	../final/models/models_2nd_run/model3_35	pride	0.692704975605011	0.05870410427451134	0.12350857257843018	0.06472709774971008	0.021105850115418434	0.692704975605011	0.002299499697983265	0.017066942527890205	0.005536952521651983	0.004432638641446829	0.0050702523440122604	0.0030269217677414417	0.0018160984618589282
491	pride	../final/models/models_2nd_run/model3_35	../final/models/models_2nd_run/model3_35	joy	0.2849177122116089	0.2849177122116089	0.0739310160279274	0.19201964139938354	0.023226577788591385	0.25193583965301514	0.1050843745470047	0.034886885434389114	0.004290069919079542	0.009905449114739895	0.007347851991653442	0.00823720172047615	0.0042174207046628
73	excitement	../final/models/models_2nd_run/model3_35	../final/models/models_2nd_run/model3_35	excitement	0.27847737073898315	0.2596767842769623	0.27847737073898315	0.20959343016147614	0.05802234262228012	0.16435299813747406	0.0041631534695625305	0.007275979965925217	0.00550075015053153	0.0036362470127642155	0.003121898975223303	0.00382733135484159	0.0023517499212175608
1190	surprise	../final/models/models_2nd_run/model3_35	../final/models/models_2nd_run/model3_35	surprise	0.7703792452812195	0.031153544783592224	0.1344432234764099	0.03806208819150925	0.7703792452812195	0.0049285367131233215	0.0023861820809543133	0.0014148754999041557	0.006727070081979036	0.002174949739128351	0.0033705770038068295	0.00242216931656003	0.002537548542022705
587	pride	../final/models/models_2nd_run/model3_35	../final/models/models_2nd_run/model3_35	pride	0.6297265887260437	0.08647645264863968	0.08734967559576035	0.08723200857639313	0.0243820920586586	0.6297265887260437	0.006792241241782904	0.046372074633836746	0.007483555935323238	0.008278215304017067	0.009385010227560997	0.004074946045875549	0.0024471699725836515
657	joy	../final/models/models_2nd_run/model3_35	../final/models/models_2nd_run/model3_35	pride	0.47255048155784607	0.170588418841362	0.2254442572593689	0.09021441638469696	0.016188006848096848	0.47255048155784607	0.0031626627314835787	0.00827549584209919	0.00363730126991868	0.0026875953190028667	0.0028474675491452217	0.002906025154516101	0.0014977464452385902
234	pride	../final/models/models_2nd_run/model3_35	../final/models/models_2nd_run/model3_35	pride	0.7446643710136414	0.03583349660038948	0.1516486406326294	0.027868470177054405	0.013074096292257309	0.7446643710136414	0.001537909614853561	0.011781087145209312	0.0029032286256551743	0.0024758558720350266	0.004854732658714056	0.0021004059817641973	0.001257746247574687
214	pride	../final/models/models_2nd_run/model3_35	../final/models/models_2nd_run/model3_35	pride	0.4478903114795685	0.15450045466423035	0.15697810053825378	0.14860548079013824	0.033865246921777725	0.4478903114795685	0.006377702113240957	0.023746442049741745	0.007829524576663971	0.006036548409610987	0.006989145185798407	0.0041783894412219524	0.0030027420725673437
162	surprise	../final/models/models_2nd_run/model3_35	../final/models/models_2nd_run/model3_35	excitement	0.4119040071964264	0.17748603224754333	0.4119040071964264	0.17170517146587372	0.11213361471891403	0.09589620679616928	0.00281318137422204	0.008736936375498772	0.006298971362411976	0.00409930944442749	0.003943683113902807	0.0029937406070530415	0.001989182084798813
132	joy	../final/models/models_2nd_run/model3_35	../final/models/models_2nd_run/model3_35	excitement	0.32988572120666504	0.22134904563426971	0.32988572120666504	0.09756495803594589	0.01882483810186386	0.3111245930194855	0.0026662989985197783	0.006083269603550434	0.0035615824162960052	0.002396957715973258	0.0023784697987139225	0.002771547297015786	0.0013926635729148984
978	anger	../final/models/models_2nd_run/model3_35	../final/models/models_2nd_run/model3_35	anger	0.7066082954406738	0.012969273142516613	0.006352538242936134	0.026381436735391617	0.004227987490594387	0.01582035794854164	0.0368049219250679	0.06726552546024323	0.006156885530799627	0.021502409130334854	0.013300775550305843	0.7066082954406738	0.08260951936244965
1069	neutral	../final/models/models_2nd_run/model3_35	../final/models/models_2nd_run/model3_35	neutral	0.7522660493850708	0.12444660067558289	0.018424605950713158	0.7522660493850708	0.024429243057966232	0.009353410452604294	0.011572434566915035	0.011089541018009186	0.009536716155707836	0.01176887471228838	0.003409469500184059	0.01130343321710825	0.0123995840549469
1268	joy	../final/models/models_2nd_run/model3_35	../final/models/models_2nd_run/model3_35	joy	0.3384439945220947	0.3384439945220947	0.1667994111776352	0.2660697102546692	0.04575375095009804	0.10650432854890823	0.004112136550247669	0.007899032905697823	0.04968542233109474	0.004069755785167217	0.003212280571460724	0.0046814060769975185	0.0027687125839293003
185	embarrassment	../final/models/models_2nd_run/model3_35	../final/models/models_2nd_run/model3_35	nervousness	0.37925493717193604	0.02392917312681675	0.015000657178461552	0.019478579983115196	0.02207908034324646	0.025784065946936607	0.07900691032409668	0.37925493717193604	0.017883842810988426	0.049317412078380585	0.3153679668903351	0.013618064112961292	0.03927931562066078
41	neutral	../final/models/models_2nd_run/model3_35	../final/models/models_2nd_run/model3_35	pride	0.4270738661289215	0.1512656956911087	0.08193739503622055	0.25242412090301514	0.01949322782456875	0.4270738661289215	0.011532178148627281	0.02604895643889904	0.004579335451126099	0.006791774649173021	0.00647790776565671	0.00911045353859663	0.003265031613409519
692	joy	../final/models/models_2nd_run/model3_35	../final/models/models_2nd_run/model3_35	joy	0.4313639998435974	0.4313639998435974	0.07491397857666016	0.3965093791484833	0.027683060616254807	0.03833165019750595	0.005810528993606567	0.007507277652621269	0.005731372162699699	0.003706551156938076	0.002121106255799532	0.0035414397716522217	0.002779612550511956
108	pride	../final/models/models_2nd_run/model3_35	../final/models/models_2nd_run/model3_35	pride	0.3196139335632324	0.21726566553115845	0.24380718171596527	0.11784784495830536	0.06457635015249252	0.3196139335632324	0.0063945939764380455	0.011236581020057201	0.004179737996309996	0.004582233726978302	0.005685311276465654	0.002813630737364292	0.001996935112401843
958	pride	../final/models/models_2nd_run/model3_35	../final/models/models_2nd_run/model3_35	neutral	0.3022654354572296	0.14916115999221802	0.0342739000916481	0.3022654354572296	0.021361278370022774	0.09610942006111145	0.03715227171778679	0.2592821419239044	0.012323422357439995	0.06283413618803024	0.00968955922871828	0.008953070268034935	0.006594180129468441
568	fear	../final/models/models_2nd_run/model3_35	../final/models/models_2nd_run/model3_35	anger	0.6894113421440125	0.011477446183562279	0.004285349044948816	0.03308359906077385	0.003890724154189229	0.007161249872297049	0.02424609288573265	0.05066075548529625	0.004957378841936588	0.02797723188996315	0.010950528085231781	0.6894113421440125	0.13189838826656342
724	pride	../final/models/models_2nd_run/model3_35	../final/models/models_2nd_run/model3_35	joy	0.41019439697265625	0.41019439697265625	0.27193400263786316	0.16242976486682892	0.056842368096113205	0.07220146805047989	0.003615489462390542	0.004978518933057785	0.005386624019593	0.0027638543397188187	0.003916084300726652	0.0023995500523597	0.003337845439091325
1077	excitement	../final/models/models_2nd_run/model3_35	../final/models/models_2nd_run/model3_35	joy	0.34320980310440063	0.34320980310440063	0.2358054369688034	0.2043614536523819	0.09936542063951492	0.0735645592212677	0.006010331213474274	0.008117402903735638	0.010183397680521011	0.004344553221017122	0.007612932473421097	0.003519748104736209	0.00390489399433136
1224	neutral	../final/models/models_2nd_run/model3_35	../final/models/models_2nd_run/model3_35	joy	0.30422452092170715	0.30422452092170715	0.23579242825508118	0.229800745844841	0.05032157152891159	0.14831741154193878	0.0036973932292312384	0.00814624410122633	0.0059090908616781235	0.00389351905323565	0.0032666681800037622	0.0037855617702007294	0.0028448428492993116
483	neutral	../final/models/models_2nd_run/model3_35	../final/models/models_2nd_run/model3_35	neutral	0.5868626236915588	0.2633756697177887	0.055677030235528946	0.5868626236915588	0.032702039927244186	0.022762872278690338	0.005048718303442001	0.008299613371491432	0.0073793441988527775	0.006243976764380932	0.0023972135968506336	0.005086229182779789	0.00416462030261755
468	joy	../final/models/models_2nd_run/model3_35	../final/models/models_2nd_run/model3_35	joy	0.49359753727912903	0.49359753727912903	0.1425587385892868	0.2823079824447632	0.03501041606068611	0.021256813779473305	0.0035948380827903748	0.003481467952951789	0.0057520149275660515	0.003612873377278447	0.002085559768602252	0.0035960879176855087	0.0031457003206014633
24	joy	../final/models/models_2nd_run/model3_35	../final/models/models_2nd_run/model3_35	pride	0.5382453799247742	0.12900876998901367	0.1599178910255432	0.08947496861219406	0.030233843252062798	0.5382453799247742	0.0037404117174446583	0.02272183634340763	0.0070582241751253605	0.004654699936509132	0.007216407917439938	0.004714531358331442	0.0030131074599921703
752	neutral	../final/models/models_2nd_run/model3_35	../final/models/models_2nd_run/model3_35	pride	0.31811267137527466	0.20608854293823242	0.19938866794109344	0.1763136386871338	0.03903103619813919	0.31811267137527466	0.004849629011005163	0.022005708888173103	0.008424317464232445	0.0061659906059503555	0.0076839434914290905	0.006914201192557812	0.0050215586088597775
811	neutral	../final/models/models_2nd_run/model3_35	../final/models/models_2nd_run/model3_35	joy	0.4995008111000061	0.4995008111000061	0.08948896080255508	0.33401817083358765	0.028596295043826103	0.023624466732144356	0.004672757349908352	0.003845982486382127	0.004272187128663063	0.003439178690314293	0.0017289393581449986	0.003989372402429581	0.0028227781876921654
845	neutral	../final/models/models_2nd_run/model3_35	../final/models/models_2nd_run/model3_35	pride	0.3611764907836914	0.15728065371513367	0.23661242425441742	0.1709650456905365	0.033175546675920486	0.3611764907836914	0.003417195752263069	0.016432788223028183	0.006297448184341192	0.00441635912284255	0.004138112999498844	0.0034630896989256144	0.002624781569465995
1075	neutral	../final/models/models_2nd_run/model3_35	../final/models/models_2nd_run/model3_35	joy	0.4185318946838379	0.4185318946838379	0.14381830394268036	0.27142465114593506	0.07817333191633224	0.03999834880232811	0.006392410956323147	0.008030422031879425	0.007962246425449848	0.0065590981394052505	0.005351452622562647	0.004176074638962746	0.009581765159964561
366	excitement	../final/models/models_2nd_run/model3_35	../final/models/models_2nd_run/model3_35	neutral	0.6298054456710815	0.20925907790660858	0.04977785795927048	0.6298054456710815	0.020053962245583534	0.05768664553761482	0.0041456217877566814	0.00899698305875063	0.004870817996561527	0.005419669207185507	0.002235900377854705	0.00481307040899992	0.0029349757824093103
947	neutral	../final/models/models_2nd_run/model3_35	../final/models/models_2nd_run/model3_35	neutral	0.5885145664215088	0.14227204024791718	0.04355340451002121	0.5885145664215088	0.02232508920133114	0.09655074030160904	0.03111705183982849	0.03100680187344551	0.004144588019698858	0.013880990445613861	0.006805510725826025	0.013577599078416824	0.006251627113670111
1118	pride	../final/models/models_2nd_run/model3_35	../final/models/models_2nd_run/model3_35	pride	0.24176336824893951	0.16773366928100586	0.12943139672279358	0.2276088446378708	0.033042605966329575	0.24176336824893951	0.008297848515212536	0.127656951546669	0.01430305652320385	0.031153826043009758	0.008909906260669231	0.005867455154657364	0.00423097237944603
383	neutral	../final/models/models_2nd_run/model3_35	../final/models/models_2nd_run/model3_35	joy	0.612421452999115	0.612421452999115	0.1350361853837967	0.18882866203784943	0.027065450325608253	0.012335527688264847	0.0039310213178396225	0.002818513195961714	0.0045753344893455505	0.003622397081926465	0.0015756238717585802	0.004553943406790495	0.0032359529286623
717	nervousness	../final/models/models_2nd_run/model3_35	../final/models/models_2nd_run/model3_35	nervousness	0.5257868766784668	0.018195398151874542	0.006481182761490345	0.0484715960919857	0.006886299699544907	0.009867367334663868	0.030426273122429848	0.5257868766784668	0.0276679378002882	0.2994171679019928	0.00742445420473814	0.011135944165289402	0.00823947973549366
454	anger	../final/models/models_2nd_run/model3_35	../final/models/models_2nd_run/model3_35	fear	0.5509033203125	0.009357292205095291	0.0039410716854035854	0.024662233889102936	0.004996470175683498	0.003700818633660674	0.03587786480784416	0.30019089579582214	0.028423162177205086	0.5509033203125	0.0068072048015892506	0.01735537499189377	0.01378435268998146
264	excitement	../final/models/models_2nd_run/model3_35	../final/models/models_2nd_run/model3_35	pride	0.6390731930732727	0.06192627176642418	0.16509735584259033	0.06019638478755951	0.029723957180976868	0.6390731930732727	0.0028399431612342596	0.019909007474780083	0.00580288702622056	0.004371207673102617	0.005391537677496672	0.0037146424874663353	0.001953624188899994
963	neutral	../final/models/models_2nd_run/model3_35	../final/models/models_2nd_run/model3_35	joy	0.5566424131393433	0.5566424131393433	0.18342573940753937	0.17501981556415558	0.028985312208533287	0.03588578477501869	0.003412846243008971	0.0034908470697700977	0.0035219790879637003	0.002587697235867381	0.0019406545907258987	0.0029168175533413887	0.002170068444684148
232	excitement	../final/models/models_2nd_run/model3_35	../final/models/models_2nd_run/model3_35	joy	0.5336781144142151	0.5336781144142151	0.15846523642539978	0.2311694324016571	0.03473970293998718	0.01958938129246235	0.0034674254711717367	0.0030319085344672203	0.005178517196327448	0.003016500035300851	0.0017035134369507432	0.0035132805351167917	0.0024470542557537556
444	excitement	../final/models/models_2nd_run/model3_35	../final/models/models_2nd_run/model3_35	pride	0.8740503787994385	0.01751287654042244	0.05897592380642891	0.01129059586673975	0.009391970932483673	0.8740503787994385	0.0015635568415746093	0.013361947610974312	0.0029610092751681805	0.00229790061712265	0.005781211424618959	0.0018351385369896889	0.000977545976638794
395	joy	../final/models/models_2nd_run/model3_35	../final/models/models_2nd_run/model3_35	pride	0.40287643671035767	0.12215172499418259	0.1264636367559433	0.14854595065116882	0.03241882845759392	0.40287643671035767	0.016879571601748466	0.09276571869850159	0.013399982824921608	0.012395990081131458	0.014905122108757496	0.009820479899644852	0.007376540452241898
834	excitement	../final/models/models_2nd_run/model3_35	../final/models/models_2nd_run/model3_35	excitement	0.47265899181365967	0.19558389484882355	0.47265899181365967	0.10396242886781693	0.04580448567867279	0.16060523688793182	0.0022534928284585476	0.004841629881411791	0.0053292857483029366	0.0022945869714021683	0.00270652212202549	0.002217284170910716	0.0017421290976926684
176	confusion	../final/models/models_2nd_run/model3_35	../final/models/models_2nd_run/model3_35	nervousness	0.5521183013916016	0.010292177088558674	0.004272077232599258	0.0314362458884716	0.003951813094317913	0.00664364593103528	0.018857432529330254	0.5521183013916016	0.01794670894742012	0.3124299645423889	0.006733289919793606	0.022592442110180855	0.012725891545414925
18	nervousness	../final/models/models_2nd_run/model3_35	../final/models/models_2nd_run/model3_35	neutral	0.3216972053050995	0.06964664906263351	0.041201457381248474	0.3216972053050995	0.03780883178114891	0.08332405239343643	0.03315841034054756	0.27850839495658875	0.01977481320500374	0.05390716344118118	0.02601059153676033	0.018938783556222916	0.01602364517748356
1115	neutral	../final/models/models_2nd_run/model3_35	../final/models/models_2nd_run/model3_35	neutral	0.7921856641769409	0.10031704604625702	0.017825990915298462	0.7921856641769409	0.018579214811325073	0.010360526852309704	0.008363032713532448	0.009780029766261578	0.009802686981856823	0.01108874287456274	0.002962312661111355	0.008863294497132301	0.009871476329863071
813	excitement	../final/models/models_2nd_run/model3_35	../final/models/models_2nd_run/model3_35	joy	0.39251235127449036	0.39251235127449036	0.3776639997959137	0.13845573365688324	0.03849998116493225	0.02871658094227314	0.003585049882531166	0.003397134365513921	0.0053515140898525715	0.003199836239218712	0.0020916436333209276	0.0033934172242879868	0.003132773097604513
918	pride	../final/models/models_2nd_run/model3_35	../final/models/models_2nd_run/model3_35	pride	0.6615988612174988	0.07428620010614395	0.13991473615169525	0.05887092277407646	0.02150646410882473	0.6615988612174988	0.0036943990271538496	0.020117107778787613	0.004629786126315594	0.004799033980816603	0.005350929684937	0.0036379953380674124	0.0015936206327751279
767	excitement	../final/models/models_2nd_run/model3_35	../final/models/models_2nd_run/model3_35	pride	0.47319090366363525	0.1566406786441803	0.156995490193367	0.15162597596645355	0.024328311905264854	0.47319090366363525	0.0028100484050810337	0.014169535599648952	0.007014593109488487	0.0035085962153971195	0.004507268778979778	0.003240644233301282	0.0019679893739521503
595	joy	../final/models/models_2nd_run/model3_35	../final/models/models_2nd_run/model3_35	neutral	0.4954943060874939	0.2259214073419571	0.10135844349861145	0.4954943060874939	0.0692472979426384	0.06465696543455124	0.004891833756119013	0.010921893641352654	0.010170120745897293	0.005962895695120096	0.004226224031299353	0.0037282637786120176	0.003420245833694935
61	neutral	../final/models/models_2nd_run/model3_35	../final/models/models_2nd_run/model3_35	neutral	0.663997232913971	0.1862475574016571	0.03756163641810417	0.663997232913971	0.02479683794081211	0.048036105930805206	0.003724779235199094	0.009861285798251629	0.00872110202908516	0.005299347918480635	0.002860077889636159	0.0048118471167981625	0.004082206171005964
272	pride	../final/models/models_2nd_run/model3_35	../final/models/models_2nd_run/model3_35	excitement	0.7399241328239441	0.1113784909248352	0.7399241328239441	0.0858953669667244	0.02704259566962719	0.01736612804234028	0.002292362740263343	0.003255428746342659	0.0029890649020671844	0.0030892640352249146	0.001408688840456307	0.0033200415782630444	0.002038425300270319
1195	neutral	../final/models/models_2nd_run/model3_35	../final/models/models_2nd_run/model3_35	joy	0.4791724383831024	0.4791724383831024	0.11750739812850952	0.31951361894607544	0.040064290165901184	0.013266065157949924	0.004680754616856575	0.0035111685283482075	0.007393816486001015	0.003604630706831813	0.0021599470637738705	0.004612996708601713	0.00451286043971777
278	joy	../final/models/models_2nd_run/model3_35	../final/models/models_2nd_run/model3_35	joy	0.39912810921669006	0.39912810921669006	0.3239680230617523	0.18683357536792755	0.03818688169121742	0.02958321012556553	0.002665133448317647	0.0037362314760684967	0.004817035514861345	0.003508233232423663	0.0019395804265514016	0.0027924792375415564	0.0028415077831596136
949	pride	../final/models/models_2nd_run/model3_35	../final/models/models_2nd_run/model3_35	pride	0.4356690049171448	0.14134378731250763	0.1246022880077362	0.19549816846847534	0.03216218575835228	0.4356690049171448	0.0059990352019667625	0.03180047124624252	0.007819253019988537	0.007861720398068428	0.008408801630139351	0.005185393616557121	0.003649806836619973
694	pride	../final/models/models_2nd_run/model3_35	../final/models/models_2nd_run/model3_35	neutral	0.3752043545246124	0.2563880383968353	0.1638258397579193	0.3752043545246124	0.03800702467560768	0.12109241634607315	0.0034711179323494434	0.011912509799003601	0.011431848630309105	0.005760523956269026	0.004609601106494665	0.0042067114263772964	0.004089999943971634
368	neutral	../final/models/models_2nd_run/model3_35	../final/models/models_2nd_run/model3_35	joy	0.6335501074790955	0.6335501074790955	0.11822737008333206	0.18966688215732574	0.02104864828288555	0.01797270029783249	0.0034262854605913162	0.002847372554242611	0.0036422808188945055	0.0027319621294736862	0.0014822182711213827	0.0031193410977721214	0.0022848709486424923
1004	joy	../final/models/models_2nd_run/model3_35	../final/models/models_2nd_run/model3_35	neutral	0.6131286025047302	0.2352004051208496	0.04519316554069519	0.6131286025047302	0.030689401552081108	0.024958860129117966	0.008620706386864185	0.010454190894961357	0.007947968319058418	0.007292252499610186	0.003290842054411769	0.0060742381028831005	0.007149267941713333
735	neutral	../final/models/models_2nd_run/model3_35	../final/models/models_2nd_run/model3_35	excitement	0.356138676404953	0.3201378881931305	0.356138676404953	0.1925966441631317	0.033393148332834244	0.0721273124217987	0.0022465339861810207	0.005792188458144665	0.006213174667209387	0.00299498881213367	0.002259487984701991	0.003771616145968437	0.002328432397916913
923	surprise	../final/models/models_2nd_run/model3_35	../final/models/models_2nd_run/model3_35	neutral	0.3619208037853241	0.06753280758857727	0.0170370414853096	0.3619208037853241	0.01897934265434742	0.016545167192816734	0.02769320085644722	0.05028358846902847	0.006774563807994127	0.0205281600356102	0.015038744546473026	0.30383601784706116	0.09383057057857513
971	surprise	../final/models/models_2nd_run/model3_35	../final/models/models_2nd_run/model3_35	excitement	0.37739700078964233	0.270070344209671	0.37739700078964233	0.14600689709186554	0.11299574375152588	0.06494586169719696	0.0023740981705486774	0.004407109692692757	0.009360620751976967	0.003021470969542861	0.004160747863352299	0.0025539351627230644	0.0027062706649303436
806	joy	../final/models/models_2nd_run/model3_35	../final/models/models_2nd_run/model3_35	joy	0.4758228361606598	0.4758228361606598	0.072422094643116	0.37208792567253113	0.02984003722667694	0.013573947362601757	0.005957078188657761	0.005292681511491537	0.006754342932254076	0.005498641636222601	0.0021890427451580763	0.005644358228892088	0.004916957579553127
867	neutral	../final/models/models_2nd_run/model3_35	../final/models/models_2nd_run/model3_35	neutral	0.7593488693237305	0.10519763082265854	0.027500221505761147	0.7593488693237305	0.035429053008556366	0.01485469564795494	0.0076321749947965145	0.010425019077956676	0.008692538365721703	0.009457806125283241	0.003904827171936631	0.008211134001612663	0.009346085600554943
547	pride	../final/models/models_2nd_run/model3_35	../final/models/models_2nd_run/model3_35	pride	0.8813046813011169	0.016457246616482735	0.04686383530497551	0.012821715325117111	0.006548894103616476	0.8813046813011169	0.001800887635909021	0.018320225179195404	0.0029073806945234537	0.0028952655848115683	0.006531660445034504	0.002376279793679714	0.0011718738824129105
997	neutral	../final/models/models_2nd_run/model3_35	../final/models/models_2nd_run/model3_35	neutral	0.6918933987617493	0.18293167650699615	0.025611450895667076	0.6918933987617493	0.025868898257613182	0.013880560174584389	0.016220668330788612	0.010594366118311882	0.005453340709209442	0.008649582974612713	0.0037075483705848455	0.00760263716802001	0.007585917599499226
688	excitement	../final/models/models_2nd_run/model3_35	../final/models/models_2nd_run/model3_35	excitement	0.839764416217804	0.03679020702838898	0.839764416217804	0.04685797169804573	0.023701287806034088	0.03718075528740883	0.0014211238594725728	0.004627804271876812	0.0019907935056835413	0.002781734336167574	0.0013595536584034562	0.0023162104189395905	0.0012082132743671536
738	neutral	../final/models/models_2nd_run/model3_35	../final/models/models_2nd_run/model3_35	neutral	0.7838900089263916	0.09169403463602066	0.018474603071808815	0.7838900089263916	0.022892531007528305	0.010755160823464394	0.009825276210904121	0.013458041474223137	0.011285778135061264	0.012978101149201393	0.0036973298992961645	0.00920102559030056	0.011848116293549538
1018	pride	../final/models/models_2nd_run/model3_35	../final/models/models_2nd_run/model3_35	neutral	0.6288778185844421	0.11125626415014267	0.054926302284002304	0.6288778185844421	0.028944892808794975	0.10278704762458801	0.005283618811517954	0.02973422035574913	0.010563131421804428	0.01195440161973238	0.004618648439645767	0.00623463187366724	0.004819077905267477
456	surprise	../final/models/models_2nd_run/model3_35	../final/models/models_2nd_run/model3_35	excitement	0.4692537784576416	0.18486468493938446	0.4692537784576416	0.16809268295764923	0.05234817788004875	0.10354357957839966	0.0021392125636339188	0.005384567193686962	0.003938252106308937	0.002751436084508896	0.0023487273138016462	0.003159443149343133	0.002175384433940053
393	excitement	../final/models/models_2nd_run/model3_35	../final/models/models_2nd_run/model3_35	joy	0.5176835060119629	0.5176835060119629	0.2517726421356201	0.1450878530740738	0.04145541787147522	0.021086223423480988	0.0032357091549783945	0.0025291217025369406	0.005792348179966211	0.0024924937169998884	0.002146529732272029	0.0036006623413413763	0.003117522457614541
675	excitement	../final/models/models_2nd_run/model3_35	../final/models/models_2nd_run/model3_35	joy	0.40828120708465576	0.40828120708465576	0.3590799868106842	0.13692080974578857	0.041307542473077774	0.02835160307586193	0.004055513069033623	0.0031742313876748085	0.005310508888214827	0.002783213509246707	0.002518443623557687	0.004635704215615988	0.003581212367862463
760	pride	../final/models/models_2nd_run/model3_35	../final/models/models_2nd_run/model3_35	pride	0.5723415017127991	0.1039743423461914	0.13312441110610962	0.13026979565620422	0.02463134191930294	0.5723415017127991	0.0022936847526580095	0.015487481839954853	0.004237599205225706	0.0037238486111164093	0.004279404412955046	0.00362319010309875	0.0020133766811341047
1253	pride	../final/models/models_2nd_run/model3_35	../final/models/models_2nd_run/model3_35	sadness	0.4424661695957184	0.034306708723306656	0.015174672938883305	0.04444902017712593	0.013784188777208328	0.09274724870920181	0.4424661695957184	0.15985503792762756	0.008324491791427135	0.02754879742860794	0.10537876933813095	0.030717112123966217	0.025247808545827866
728	joy	../final/models/models_2nd_run/model3_35	../final/models/models_2nd_run/model3_35	joy	0.4447803795337677	0.4447803795337677	0.07973037660121918	0.3151422142982483	0.029277916997671127	0.09659651666879654	0.005868048407137394	0.009924118407070637	0.005608475301414728	0.0040876795537769794	0.0027297339402139187	0.0037735048681497574	0.0024810745380818844
419	pride	../final/models/models_2nd_run/model3_35	../final/models/models_2nd_run/model3_35	excitement	0.37739163637161255	0.10762838274240494	0.37739163637161255	0.15373367071151733	0.0853586196899414	0.22873124480247498	0.003112558275461197	0.013853112235665321	0.004791348706930876	0.004868987947702408	0.010739785619080067	0.005140082444995642	0.004650489427149296
375	neutral	../final/models/models_2nd_run/model3_35	../final/models/models_2nd_run/model3_35	neutral	0.5389953255653381	0.14412279427051544	0.05665506795048714	0.5389953255653381	0.02952338196337223	0.1605297476053238	0.005092548672109842	0.029987262561917305	0.008607550524175167	0.009299874305725098	0.007468491327017546	0.0052321371622383595	0.004485902842134237
412	joy	../final/models/models_2nd_run/model3_35	../final/models/models_2nd_run/model3_35	neutral	0.2778683602809906	0.2714058756828308	0.18541298806667328	0.2778683602809906	0.04673746973276138	0.18831166625022888	0.005376364570111036	0.006493216380476952	0.004769695922732353	0.00355942128226161	0.0037249126471579075	0.0040423269383609295	0.002297777682542801
74	sadness	../final/models/models_2nd_run/model3_35	../final/models/models_2nd_run/model3_35	nervousness	0.3003593981266022	0.0347147136926651	0.014988109469413757	0.19896838068962097	0.019637152552604675	0.02176716737449169	0.05747152864933014	0.3003593981266022	0.019887279719114304	0.11157584935426712	0.06720887124538422	0.030045481398701668	0.12337598204612732
1191	neutral	../final/models/models_2nd_run/model3_35	../final/models/models_2nd_run/model3_35	neutral	0.5124531984329224	0.35631030797958374	0.054016854614019394	0.5124531984329224	0.024258946999907494	0.01463194191455841	0.005037493072450161	0.005008788779377937	0.007562712766230106	0.006412713322788477	0.0023956825025379658	0.00612641079351306	0.005784987006336451
1242	neutral	../final/models/models_2nd_run/model3_35	../final/models/models_2nd_run/model3_35	joy	0.45354902744293213	0.45354902744293213	0.09993014484643936	0.33229073882102966	0.02244577743113041	0.0672193393111229	0.005851395428180695	0.004934272263199091	0.0029017741326242685	0.0028612264432013035	0.001945671858265996	0.003782034618780017	0.0022885706275701523
500	pride	../final/models/models_2nd_run/model3_35	../final/models/models_2nd_run/model3_35	pride	0.39661070704460144	0.169972226023674	0.2897128164768219	0.07634228467941284	0.041089631617069244	0.39661070704460144	0.0037702189292758703	0.007233720272779465	0.004302862100303173	0.0026092352345585823	0.004354164004325867	0.002341081388294697	0.0016609859885647893
903	joy	../final/models/models_2nd_run/model3_35	../final/models/models_2nd_run/model3_35	joy	0.5897712707519531	0.5897712707519531	0.1560039073228836	0.18685373663902283	0.030839717015624046	0.011014176532626152	0.004026822745800018	0.002903879387304187	0.005491590593010187	0.0032200096175074577	0.001679879380390048	0.004724545869976282	0.0034704692661762238
616	pride	../final/models/models_2nd_run/model3_35	../final/models/models_2nd_run/model3_35	excitement	0.3878006935119629	0.36104607582092285	0.3878006935119629	0.13779203593730927	0.05814852565526962	0.030127692967653275	0.003536844626069069	0.0026263452600687742	0.006602763198316097	0.0027100504375994205	0.002666596556082368	0.003810668596997857	0.0031317034736275673
114	joy	../final/models/models_2nd_run/model3_35	../final/models/models_2nd_run/model3_35	joy	0.6028475165367126	0.6028475165367126	0.09422682970762253	0.24400529265403748	0.02268500253558159	0.01424300204962492	0.0038954985793679953	0.0026877440977841616	0.004250416997820139	0.003423056798055768	0.0013954394962638617	0.003597158007323742	0.002742969896644354
417	pride	../final/models/models_2nd_run/model3_35	../final/models/models_2nd_run/model3_35	pride	0.3401731550693512	0.17219631373882294	0.08940340578556061	0.30774161219596863	0.02463083155453205	0.3401731550693512	0.013206962496042252	0.020444875583052635	0.004907330498099327	0.00591951422393322	0.007156689651310444	0.010265856981277466	0.003953458741307259
601	neutral	../final/models/models_2nd_run/model3_35	../final/models/models_2nd_run/model3_35	neutral	0.7895318865776062	0.07594865560531616	0.014127236790955067	0.7895318865776062	0.025837624445557594	0.009486853145062923	0.011799324303865433	0.014079214073717594	0.0170822162181139	0.014237250201404095	0.004506602883338928	0.009253379888832569	0.01410981360822916
604	joy	../final/models/models_2nd_run/model3_35	../final/models/models_2nd_run/model3_35	joy	0.5515990257263184	0.5515990257263184	0.13178704679012299	0.228019580245018	0.04152599722146988	0.009461445733904839	0.009095383808016777	0.0033797540236264467	0.007117881905287504	0.004321075044572353	0.0025141385849565268	0.0050497897900640965	0.00612886855378747
940	excitement	../final/models/models_2nd_run/model3_35	../final/models/models_2nd_run/model3_35	excitement	0.2617482542991638	0.12313642352819443	0.2617482542991638	0.1620846390724182	0.029311254620552063	0.218853160738945	0.009094463661313057	0.07895008474588394	0.005313345696777105	0.030484819784760475	0.014854546636343002	0.05044687166810036	0.0157221220433712
89	pride	../final/models/models_2nd_run/model3_35	../final/models/models_2nd_run/model3_35	joy	0.4925098717212677	0.4925098717212677	0.08617594093084335	0.324145644903183	0.017993856221437454	0.05516597256064415	0.003926143050193787	0.004979257471859455	0.004412902984768152	0.003381533781066537	0.0018881962168961763	0.003226520260795951	0.0021941172890365124
1169	nervousness	../final/models/models_2nd_run/model3_35	../final/models/models_2nd_run/model3_35	fear	0.7957422733306885	0.009591959416866302	0.003900236450135708	0.026173396036028862	0.0048162867315113544	0.002664177678525448	0.01076173223555088	0.09691938757896423	0.024299444630742073	0.7957422733306885	0.003068390768021345	0.012987596914172173	0.009075186215341091
1218	joy	../final/models/models_2nd_run/model3_35	../final/models/models_2nd_run/model3_35	joy	0.4930518865585327	0.4930518865585327	0.1100631132721901	0.3024902641773224	0.033747632056474686	0.03231416642665863	0.0035267348866909742	0.004450403153896332	0.007485982961952686	0.004011949989944696	0.0020979326218366623	0.003654721425846219	0.003105226205661893
753	sadness	../final/models/models_2nd_run/model3_35	../final/models/models_2nd_run/model3_35	sadness	0.796954333782196	0.01280154287815094	0.0030887234024703503	0.0251324400305748	0.004429348278790712	0.00407852279022336	0.796954333782196	0.09552924335002899	0.006454136222600937	0.031726036220788956	0.007675762753933668	0.0073472741059958935	0.004782740958034992
498	disgust	../final/models/models_2nd_run/model3_35	../final/models/models_2nd_run/model3_35	sadness	0.438765287399292	0.020361503586173058	0.004645936656743288	0.0790514200925827	0.007148388307541609	0.006709713488817215	0.438765287399292	0.24567703902721405	0.018839530646800995	0.08848531544208527	0.02050582319498062	0.01985025219619274	0.04995977133512497
1206	joy	../final/models/models_2nd_run/model3_35	../final/models/models_2nd_run/model3_35	excitement	0.4157114326953888	0.36903226375579834	0.4157114326953888	0.1139996349811554	0.03726702556014061	0.04499977454543114	0.0027843804564327	0.0026995916850864887	0.004558801185339689	0.002367927459999919	0.0019498782930895686	0.002469309838488698	0.0021599740721285343
1000	neutral	../final/models/models_2nd_run/model3_35	../final/models/models_2nd_run/model3_35	excitement	0.4456721246242523	0.24181915819644928	0.4456721246242523	0.21404929459095	0.04086315631866455	0.035312484949827194	0.0026618107222020626	0.003459813306108117	0.00433609914034605	0.002820375142619014	0.002005157293751836	0.004298783373087645	0.002701730700209737
998	joy	../final/models/models_2nd_run/model3_35	../final/models/models_2nd_run/model3_35	joy	0.5713351964950562	0.5713351964950562	0.09240713715553284	0.2735600471496582	0.023935090750455856	0.011772657744586468	0.0037728501483798027	0.0036898180842399597	0.0050146812573075294	0.004118997137993574	0.0016589335864409804	0.004891857039183378	0.0038427580147981644
11	joy	../final/models/models_2nd_run/model3_35	../final/models/models_2nd_run/model3_35	excitement	0.4232114255428314	0.3604416847229004	0.4232114255428314	0.1068478375673294	0.03854944556951523	0.053220126777887344	0.0031507336534559727	0.002849215641617775	0.0034481165930628777	0.0025455618742853403	0.00181778974365443	0.0023642561864107847	0.0015539026353508234
396	nervousness	../final/models/models_2nd_run/model3_35	../final/models/models_2nd_run/model3_35	pride	0.27875468134880066	0.2002200335264206	0.19661831855773926	0.17091839015483856	0.04835135117173195	0.27875468134880066	0.010556858032941818	0.04349617287516594	0.014844287186861038	0.010528725571930408	0.01446098554879427	0.005639470182359219	0.005610727705061436
847	excitement	../final/models/models_2nd_run/model3_35	../final/models/models_2nd_run/model3_35	joy	0.41674092411994934	0.41674092411994934	0.27939194440841675	0.1858067512512207	0.05715382099151611	0.035728633403778076	0.004410662688314915	0.0037592111621052027	0.0037909899838268757	0.0026071970351040363	0.0031550379935652018	0.004193779081106186	0.003261132165789604
555	excitement	../final/models/models_2nd_run/model3_35	../final/models/models_2nd_run/model3_35	excitement	0.38057222962379456	0.22787553071975708	0.38057222962379456	0.13478991389274597	0.025465410202741623	0.20986977219581604	0.0028391797095537186	0.0060828146524727345	0.0035545737482607365	0.002713476773351431	0.0021050202194601297	0.0026528446469455957	0.0014793402515351772
42	surprise	../final/models/models_2nd_run/model3_35	../final/models/models_2nd_run/model3_35	neutral	0.2152842879295349	0.12034823000431061	0.06976555287837982	0.2152842879295349	0.11751735210418701	0.05118803307414055	0.11662525683641434	0.18497499823570251	0.019674314185976982	0.058531057089567184	0.028103692457079887	0.007560160011053085	0.010426993481814861
167	anger	../final/models/models_2nd_run/model3_35	../final/models/models_2nd_run/model3_35	disgust	0.30436235666275024	0.039269305765628815	0.018084535375237465	0.07690736651420593	0.053156547248363495	0.006855780258774757	0.10093002766370773	0.14020851254463196	0.08837593346834183	0.05917784571647644	0.0918489471077919	0.02082282491028309	0.30436235666275024
416	joy	../final/models/models_2nd_run/model3_35	../final/models/models_2nd_run/model3_35	joy	0.3784244656562805	0.3784244656562805	0.1639321893453598	0.26608434319496155	0.029123710468411446	0.13788606226444244	0.003631568280979991	0.006140575278550386	0.0039787511341273785	0.0032576711382716894	0.0026190043427050114	0.0030311092268675566	0.0018904923927038908
576	neutral	../final/models/models_2nd_run/model3_35	../final/models/models_2nd_run/model3_35	joy	0.37109068036079407	0.37109068036079407	0.09816453605890274	0.3453052341938019	0.02236541546881199	0.13423331081867218	0.004148839041590691	0.007584474980831146	0.004972533322870731	0.0031393093522638083	0.0025560243520885706	0.003969783894717693	0.002469876315444708
267	joy	../final/models/models_2nd_run/model3_35	../final/models/models_2nd_run/model3_35	excitement	0.4993925094604492	0.2284855991601944	0.4993925094604492	0.16770823299884796	0.045306868851184845	0.03510983660817146	0.003063192358240485	0.003996546845883131	0.0027136593125760555	0.004030370619148016	0.0023972708731889725	0.0047791325487196445	0.0030167805962264538
910	joy	../final/models/models_2nd_run/model3_35	../final/models/models_2nd_run/model3_35	joy	0.24117529392242432	0.24117529392242432	0.21398448944091797	0.180177241563797	0.05643303692340851	0.2406022846698761	0.011159109883010387	0.021495278924703598	0.004750971216708422	0.003479504957795143	0.012340052053332329	0.008609253913164139	0.005793475545942783
426	excitement	../final/models/models_2nd_run/model3_35	../final/models/models_2nd_run/model3_35	pride	0.8431386351585388	0.01827264204621315	0.08530578762292862	0.016334012150764465	0.00865961890667677	0.8431386351585388	0.00130936736240983	0.01230181660503149	0.0029972016345709562	0.002761934883892536	0.004927453584969044	0.002747112652286887	0.0012444505700841546
690	neutral	../final/models/models_2nd_run/model3_35	../final/models/models_2nd_run/model3_35	joy	0.44994670152664185	0.44994670152664185	0.08322259783744812	0.39919790625572205	0.023773949593305588	0.01503619272261858	0.003822791390120983	0.003911942709237337	0.005097771994769573	0.0041834269650280476	0.0018123873742297292	0.0059916251339018345	0.004002653528004885
544	pride	../final/models/models_2nd_run/model3_35	../final/models/models_2nd_run/model3_35	joy	0.4124358594417572	0.4124358594417572	0.14784906804561615	0.29794132709503174	0.02917775884270668	0.08625832945108414	0.004293696489185095	0.006297520361840725	0.004327112343162298	0.0028675626963377	0.00270821456797421	0.0033862467389553785	0.002457251539453864
1192	neutral	../final/models/models_2nd_run/model3_35	../final/models/models_2nd_run/model3_35	neutral	0.784661591053009	0.10176616907119751	0.019935976713895798	0.784661591053009	0.022321950644254684	0.013168641366064548	0.007730334065854549	0.009919250383973122	0.009771987795829773	0.009120111353695393	0.003330114297568798	0.00886501930654049	0.009408928453922272
674	excitement	../final/models/models_2nd_run/model3_35	../final/models/models_2nd_run/model3_35	neutral	0.46629536151885986	0.1734907329082489	0.10797339677810669	0.46629536151885986	0.04521702975034714	0.14235778152942657	0.006183512508869171	0.020641449838876724	0.011983874253928661	0.007379256188869476	0.006421145983040333	0.005770308431237936	0.0062861195765435696
689	joy	../final/models/models_2nd_run/model3_35	../final/models/models_2nd_run/model3_35	joy	0.39737051725387573	0.39737051725387573	0.36064937710762024	0.1369469165802002	0.056299563497304916	0.024538351222872734	0.0030688531696796417	0.002858944935724139	0.005940725095570087	0.0028980488423258066	0.0023266898933798075	0.0033658407628536224	0.0037360212299972773
1120	surprise	../final/models/models_2nd_run/model3_35	../final/models/models_2nd_run/model3_35	surprise	0.44428250193595886	0.08006799966096878	0.38984259963035583	0.05109794810414314	0.44428250193595886	0.012639237567782402	0.0029722440522164106	0.0015721265226602554	0.006397588644176722	0.002159964758902788	0.003797142766416073	0.00288963271304965	0.002280940068885684
1246	excitement	../final/models/models_2nd_run/model3_35	../final/models/models_2nd_run/model3_35	pride	0.45097649097442627	0.15086619555950165	0.10090894997119904	0.10966596752405167	0.049302034080028534	0.45097649097442627	0.03612165525555611	0.0505281500518322	0.008940216153860092	0.006085176020860672	0.027621734887361526	0.004731724504381418	0.0042516207322478294
159	joy	../final/models/models_2nd_run/model3_35	../final/models/models_2nd_run/model3_35	neutral	0.6437360048294067	0.1638178676366806	0.06701628863811493	0.6437360048294067	0.030569303780794144	0.060572266578674316	0.0031027973163872957	0.007562853395938873	0.010116491466760635	0.00412389263510704	0.002610687864944339	0.0037465235218405724	0.003025015816092491
1001	joy	../final/models/models_2nd_run/model3_35	../final/models/models_2nd_run/model3_35	surprise	0.3473456799983978	0.08715178072452545	0.26620808243751526	0.20415066182613373	0.3473456799983978	0.01601128652691841	0.005511527881026268	0.010926280170679092	0.00644651148468256	0.00823229644447565	0.009784805588424206	0.02715606987476349	0.011074967682361603
257	excitement	../final/models/models_2nd_run/model3_35	../final/models/models_2nd_run/model3_35	joy	0.5495049953460693	0.5495049953460693	0.14586585760116577	0.22393549978733063	0.023892197757959366	0.03711274638772011	0.003904434386640787	0.003331487998366356	0.0031076823361217976	0.0027036769315600395	0.0016416764119639993	0.0029150836635380983	0.0020847024861723185
1221	pride	../final/models/models_2nd_run/model3_35	../final/models/models_2nd_run/model3_35	joy	0.4372590482234955	0.4372590482234955	0.07375819981098175	0.3694142997264862	0.029336359351873398	0.05801395699381828	0.004470536485314369	0.006752868182957172	0.007160167675465345	0.00426285108551383	0.0027349756564944983	0.00383365829475224	0.003003128571435809
335	neutral	../final/models/models_2nd_run/model3_35	../final/models/models_2nd_run/model3_35	neutral	0.5177280306816101	0.3573859632015228	0.051431939005851746	0.5177280306816101	0.02278495579957962	0.017691686749458313	0.0055837142281234264	0.006008937954902649	0.005276861134916544	0.004946630448102951	0.0018652379512786865	0.005420100875198841	0.003875823225826025
976	joy	../final/models/models_2nd_run/model3_35	../final/models/models_2nd_run/model3_35	joy	0.4095049500465393	0.4095049500465393	0.13044656813144684	0.2507098913192749	0.052256785333156586	0.07812093943357468	0.02445676550269127	0.019786706194281578	0.008913149125874043	0.012193127535283566	0.005886082071810961	0.003543707076460123	0.004181279335170984
15	pride	../final/models/models_2nd_run/model3_35	../final/models/models_2nd_run/model3_35	joy	0.4851935803890228	0.4851935803890228	0.12858861684799194	0.27707862854003906	0.032010842114686966	0.05306771770119667	0.003892216132953763	0.004732816480100155	0.004448220133781433	0.0035568776074796915	0.0019617783837020397	0.0030830951873213053	0.0023856167681515217
1144	joy	../final/models/models_2nd_run/model3_35	../final/models/models_2nd_run/model3_35	joy	0.54549241065979	0.54549241065979	0.15626172721385956	0.21684381365776062	0.038133736699819565	0.015405548736453056	0.0040067401714622974	0.00406408729031682	0.005618075840175152	0.0039076004177331924	0.0021210031118243933	0.004577063024044037	0.003568233922123909
324	excitement	../final/models/models_2nd_run/model3_35	../final/models/models_2nd_run/model3_35	excitement	0.607663094997406	0.12826745212078094	0.607663094997406	0.09085147082805634	0.040329162031412125	0.0714794173836708	0.007398799993097782	0.031813159584999084	0.005919618997722864	0.009049009531736374	0.0032122007105499506	0.002410728484392166	0.0016058783512562513
768	surprise	../final/models/models_2nd_run/model3_35	../final/models/models_2nd_run/model3_35	pride	0.40430670976638794	0.18326514959335327	0.18698365986347198	0.1455903798341751	0.04803356155753136	0.40430670976638794	0.004088783171027899	0.010456867516040802	0.004639147315174341	0.0032954206690192223	0.0040839058347046375	0.0031611595768481493	0.002095236210152507
607	pride	../final/models/models_2nd_run/model3_35	../final/models/models_2nd_run/model3_35	pride	0.3341175317764282	0.1930522322654724	0.2555830776691437	0.1328216791152954	0.04320073127746582	0.3341175317764282	0.004021275322884321	0.014187892898917198	0.0061809709295630455	0.004343563225120306	0.005562985315918922	0.0040918258018791676	0.002836159197613597
1119	excitement	../final/models/models_2nd_run/model3_35	../final/models/models_2nd_run/model3_35	pride	0.3909228444099426	0.1528957039117813	0.21596603095531464	0.16064420342445374	0.044473063200712204	0.3909228444099426	0.004371443297713995	0.01012604683637619	0.00470332708209753	0.0037944531068205833	0.00517309969291091	0.004650218412280083	0.002279693027958274
888	excitement	../final/models/models_2nd_run/model3_35	../final/models/models_2nd_run/model3_35	pride	0.4504624903202057	0.11194166541099548	0.2915894091129303	0.07305917143821716	0.04058869555592537	0.4504624903202057	0.003794049611315131	0.011575563810765743	0.004454262554645538	0.003387630917131901	0.004789140075445175	0.00262103951536119	0.001736867823638022
1023	neutral	../final/models/models_2nd_run/model3_35	../final/models/models_2nd_run/model3_35	neutral	0.6926173567771912	0.14147087931632996	0.05419021099805832	0.6926173567771912	0.03542068228125572	0.02462221309542656	0.00447735283523798	0.00881126057356596	0.019128018990159035	0.006446148734539747	0.003214358352124691	0.004979860503226519	0.00462163845077157
222	fear	../final/models/models_2nd_run/model3_35	../final/models/models_2nd_run/model3_35	fear	0.7185753583908081	0.008000732399523258	0.003910858649760485	0.018717750906944275	0.0043209511786699295	0.002622393425554037	0.01721438765525818	0.15069103240966797	0.04633753001689911	0.7185753583908081	0.004088416695594788	0.015516577288508415	0.010004115290939808
179	joy	../final/models/models_2nd_run/model3_35	../final/models/models_2nd_run/model3_35	joy	0.4571646451950073	0.4571646451950073	0.07312969863414764	0.4017210900783539	0.020589960739016533	0.016907451674342155	0.004011353012174368	0.004247698001563549	0.005708860699087381	0.004890038166195154	0.0017733614658936858	0.0059089697897434235	0.003947057761251926
868	excitement	../final/models/models_2nd_run/model3_35	../final/models/models_2nd_run/model3_35	excitement	0.5577904582023621	0.2511349320411682	0.5577904582023621	0.10129747539758682	0.04262780398130417	0.02448732778429985	0.003121611662209034	0.003511558985337615	0.0052616046741604805	0.0028074285946786404	0.0021327603608369827	0.0033118242863565683	0.002515161409974098
99	disgust	../final/models/models_2nd_run/model3_35	../final/models/models_2nd_run/model3_35	nervousness	0.3905034065246582	0.058199431747198105	0.024637822061777115	0.2439715564250946	0.01998486928641796	0.0733429342508316	0.045701660215854645	0.3905034065246582	0.015673398971557617	0.054022110998630524	0.021350082010030746	0.02500016801059246	0.027612581849098206
757	joy	../final/models/models_2nd_run/model3_35	../final/models/models_2nd_run/model3_35	joy	0.5485362410545349	0.5485362410545349	0.17349587380886078	0.18523070216178894	0.03467394411563873	0.03688012436032295	0.004020694177597761	0.0034317858517169952	0.003815437899902463	0.0031473941635340452	0.0019052126444876194	0.00273535237647593	0.002127186395227909
521	neutral	../final/models/models_2nd_run/model3_35	../final/models/models_2nd_run/model3_35	neutral	0.7180299162864685	0.1829056292772293	0.02590389922261238	0.7180299162864685	0.015564254485070705	0.018737146630883217	0.008744209073483944	0.007448823191225529	0.0037878097500652075	0.006349858362227678	0.001963475253432989	0.006113004870712757	0.004452092573046684
761	confusion	../final/models/models_2nd_run/model3_35	../final/models/models_2nd_run/model3_35	nervousness	0.30148783326148987	0.09967011958360672	0.05783870071172714	0.22498898208141327	0.031230075284838676	0.1284310668706894	0.027278639376163483	0.30148783326148987	0.028506044298410416	0.05662263184785843	0.01831953413784504	0.015903329476714134	0.009723063558340073
22	surprise	../final/models/models_2nd_run/model3_35	../final/models/models_2nd_run/model3_35	disgust	0.3708968758583069	0.009017113596200943	0.004374756943434477	0.02640300802886486	0.0038534188643097878	0.006981035228818655	0.07149063050746918	0.2392566204071045	0.007539459969848394	0.052714213728904724	0.0323839969933033	0.17508885264396667	0.3708968758583069
356	neutral	../final/models/models_2nd_run/model3_35	../final/models/models_2nd_run/model3_35	pride	0.3960167169570923	0.16706174612045288	0.1417137235403061	0.19325190782546997	0.03748015686869621	0.3960167169570923	0.004499180242419243	0.02720317430794239	0.009836310520768166	0.006057878024876118	0.0074085937812924385	0.005361615680158138	0.004108957480639219
733	confusion	../final/models/models_2nd_run/model3_35	../final/models/models_2nd_run/model3_35	confusion	0.8675112724304199	0.005226255394518375	0.0029722172766923904	0.017124241217970848	0.005021451041102409	0.0018191310809925199	0.015138797461986542	0.032108601182699203	0.8675112724304199	0.04095297306776047	0.004647352732717991	0.0035926324781030416	0.003884995589032769
1055	excitement	../final/models/models_2nd_run/model3_35	../final/models/models_2nd_run/model3_35	pride	0.8470624685287476	0.027820898219943047	0.07527048885822296	0.017243485897779465	0.00863854493945837	0.8470624685287476	0.0015142038464546204	0.010197498835623264	0.0030564863700419664	0.002077469602227211	0.00414141733199358	0.0020031752064824104	0.000973740010522306
1178	neutral	../final/models/models_2nd_run/model3_35	../final/models/models_2nd_run/model3_35	neutral	0.7037030458450317	0.17393328249454498	0.03609872981905937	0.7037030458450317	0.02341356873512268	0.020130734890699387	0.005212164483964443	0.008214224129915237	0.007456765975803137	0.007740281987935305	0.0028725648298859596	0.005187387112528086	0.0060372017323970795
611	joy	../final/models/models_2nd_run/model3_35	../final/models/models_2nd_run/model3_35	joy	0.3705843687057495	0.3705843687057495	0.32475194334983826	0.1773381382226944	0.049265503883361816	0.04827490076422691	0.0033488585613667965	0.005418937653303146	0.006114433519542217	0.003850592067465186	0.003456233534961939	0.003064223797991872	0.004531817510724068
1245	joy	../final/models/models_2nd_run/model3_35	../final/models/models_2nd_run/model3_35	joy	0.5170984864234924	0.5170984864234924	0.1958567500114441	0.21291160583496094	0.033889658749103546	0.01825745962560177	0.0037583757657557726	0.0032917035277932882	0.0047669303603470325	0.0025347573682665825	0.001434070523828268	0.003933608997613192	0.002266610274091363
340	excitement	../final/models/models_2nd_run/model3_35	../final/models/models_2nd_run/model3_35	pride	0.5158417820930481	0.10375027358531952	0.2722567021846771	0.057010799646377563	0.023033639416098595	0.5158417820930481	0.002183645498007536	0.011001705192029476	0.0044248648919165134	0.00272522890008986	0.0036564734764397144	0.002514793071895838	0.0016001303447410464
431	neutral	../final/models/models_2nd_run/model3_35	../final/models/models_2nd_run/model3_35	pride	0.8314136266708374	0.02319434843957424	0.08962234854698181	0.02046944946050644	0.008158108219504356	0.8314136266708374	0.0013815965503454208	0.011451794765889645	0.002928609261289239	0.002592249307781458	0.004725345876067877	0.0027274894528090954	0.0013350031804293394
879	excitement	../final/models/models_2nd_run/model3_35	../final/models/models_2nd_run/model3_35	joy	0.4798232913017273	0.4798232913017273	0.2758120894432068	0.15135745704174042	0.04040025919675827	0.03124268352985382	0.003023795783519745	0.002848598873242736	0.005873439833521843	0.0027759410440921783	0.0019683833234012127	0.0025707227177917957	0.00230327807366848
217	pride	../final/models/models_2nd_run/model3_35	../final/models/models_2nd_run/model3_35	joy	0.5326448082923889	0.5326448082923889	0.18258079886436462	0.19195032119750977	0.03241229057312012	0.039385922253131866	0.0034375754185020924	0.0029452505987137556	0.0041960193775594234	0.0028671633917838335	0.0019166471902281046	0.003403550246730447	0.002259594853967428
203	joy	../final/models/models_2nd_run/model3_35	../final/models/models_2nd_run/model3_35	joy	0.501075029373169	0.501075029373169	0.058011967688798904	0.3792242407798767	0.01977195404469967	0.016582906246185303	0.005595983471721411	0.0036652053240686655	0.003787518944591284	0.0034630040172487497	0.0015999304596334696	0.004356874153017998	0.002865418093279004
1255	nervousness	../final/models/models_2nd_run/model3_35	../final/models/models_2nd_run/model3_35	neutral	0.6557687520980835	0.20472191274166107	0.06401067227125168	0.6557687520980835	0.02291979268193245	0.01816740445792675	0.005001502111554146	0.0057686688378453255	0.00483711576089263	0.006165002938359976	0.0022766110487282276	0.0052209822461009026	0.005141585599631071
1036	neutral	../final/models/models_2nd_run/model3_35	../final/models/models_2nd_run/model3_35	neutral	0.8172503113746643	0.057714805006980896	0.012692760676145554	0.8172503113746643	0.018923085182905197	0.011909970082342625	0.009024525061249733	0.01963268592953682	0.006173663306981325	0.014163496904075146	0.004290769342333078	0.014102756977081299	0.0141211012378335
93	joy	../final/models/models_2nd_run/model3_35	../final/models/models_2nd_run/model3_35	joy	0.42059800028800964	0.42059800028800964	0.08650752902030945	0.3671278655529022	0.01778128556907177	0.08317015320062637	0.004218778107315302	0.005407987628132105	0.00422352459281683	0.0031149014830589294	0.0020223818719387054	0.0036553472746163607	0.002172251930460334
898	neutral	../final/models/models_2nd_run/model3_35	../final/models/models_2nd_run/model3_35	neutral	0.6936447024345398	0.156448632478714	0.03737998381257057	0.6936447024345398	0.0351765900850296	0.026086408644914627	0.006146917585283518	0.009443975053727627	0.013446861878037453	0.006931904703378677	0.0038177308160811663	0.004785638302564621	0.006690627429634333
68	surprise	../final/models/models_2nd_run/model3_35	../final/models/models_2nd_run/model3_35	neutral	0.25716572999954224	0.16694791615009308	0.08698824048042297	0.25716572999954224	0.051938869059085846	0.14198045432567596	0.02859085239470005	0.17043162882328033	0.019100209698081017	0.034858785569667816	0.028370197862386703	0.006688244640827179	0.0069388700649142265
1013	fear	../final/models/models_2nd_run/model3_35	../final/models/models_2nd_run/model3_35	fear	0.6593033075332642	0.007691557519137859	0.003696187399327755	0.020909806713461876	0.0045096552930772305	0.003105668816715479	0.021378403529524803	0.17751038074493408	0.06960085034370422	0.6593033075332642	0.005700393114238977	0.015169898048043251	0.01142385508865118
284	joy	../final/models/models_2nd_run/model3_35	../final/models/models_2nd_run/model3_35	joy	0.4639815390110016	0.4639815390110016	0.11351759731769562	0.2988044023513794	0.01736580580472946	0.08436285704374313	0.003652444574981928	0.0046654813922941685	0.003441500011831522	0.00280140433460474	0.0019001925829797983	0.003562730737030506	0.0019440007163211703
696	excitement	../final/models/models_2nd_run/model3_35	../final/models/models_2nd_run/model3_35	excitement	0.5993649959564209	0.08736415207386017	0.5993649959564209	0.07072323560714722	0.034504637122154236	0.17972788214683533	0.0021757984068244696	0.010411784052848816	0.003914476837962866	0.003760256338864565	0.0030288537964224815	0.0030515585094690323	0.00197243201546371
85	joy	../final/models/models_2nd_run/model3_35	../final/models/models_2nd_run/model3_35	joy	0.5101656913757324	0.5101656913757324	0.07809777557849884	0.31262528896331787	0.016094254329800606	0.05808502808213234	0.00493445061147213	0.005704752169549465	0.0034381358418613672	0.003403006587177515	0.0018854897934943438	0.003396398853510618	0.0021697685588151217
434	joy	../final/models/models_2nd_run/model3_35	../final/models/models_2nd_run/model3_35	joy	0.454439640045166	0.454439640045166	0.1459234207868576	0.26051443815231323	0.02613036148250103	0.0869487076997757	0.005040448158979416	0.005711788311600685	0.003496504621580243	0.0031480907928198576	0.0027180416509509087	0.0033573899418115616	0.0025711702182888985
894	neutral	../final/models/models_2nd_run/model3_35	../final/models/models_2nd_run/model3_35	pride	0.311152845621109	0.16260051727294922	0.11030364036560059	0.2716173231601715	0.057136356830596924	0.311152845621109	0.0086866095662117	0.03486059606075287	0.010701915249228477	0.008938821963965893	0.011526987887918949	0.00682594021782279	0.005648510064929724
153	joy	../final/models/models_2nd_run/model3_35	../final/models/models_2nd_run/model3_35	joy	0.425845205783844	0.425845205783844	0.1645156741142273	0.2683101296424866	0.03230498358607292	0.08202656358480453	0.005272155161947012	0.006523583550006151	0.0038229827769100666	0.0034027600195258856	0.00252727372571826	0.00329337059520185	0.0021553770639002323
75	nervousness	../final/models/models_2nd_run/model3_35	../final/models/models_2nd_run/model3_35	nervousness	0.518008828163147	0.010195637121796608	0.0037154359742999077	0.0406469888985157	0.0034382229205220938	0.008151412010192871	0.047420550137758255	0.518008828163147	0.014423315413296223	0.12488353252410889	0.018918685615062714	0.07896889001131058	0.13122844696044922
1106	sadness	../final/models/models_2nd_run/model3_35	../final/models/models_2nd_run/model3_35	sadness	0.8012920618057251	0.017329037189483643	0.004681531339883804	0.029485296458005905	0.006162636447697878	0.004984557628631592	0.8012920618057251	0.07497487962245941	0.0061136637814342976	0.035077743232250214	0.007758902385830879	0.006594893988221884	0.005544786807149649
789	neutral	../final/models/models_2nd_run/model3_35	../final/models/models_2nd_run/model3_35	neutral	0.3868981897830963	0.33041343092918396	0.1163599044084549	0.3868981897830963	0.028209568932652473	0.09843689948320389	0.0037688566371798515	0.010035697370767593	0.007908458821475506	0.005608942825347185	0.0035133324563503265	0.004618298262357712	0.004228368867188692
580	neutral	../final/models/models_2nd_run/model3_35	../final/models/models_2nd_run/model3_35	joy	0.4365740120410919	0.4365740120410919	0.06680747866630554	0.40401145815849304	0.01633324846625328	0.05133131891489029	0.00400882912799716	0.004655925557017326	0.004492971580475569	0.0035423417575657368	0.001818338525481522	0.004042257089167833	0.002381890546530485
446	excitement	../final/models/models_2nd_run/model3_35	../final/models/models_2nd_run/model3_35	joy	0.4650392532348633	0.4650392532348633	0.15700794756412506	0.2879658341407776	0.037159502506256104	0.02228756994009018	0.0055437288247048855	0.005132597871124744	0.004263532347977161	0.003993381280452013	0.0024339102674275637	0.005081868264824152	0.0040908209048211575
703	pride	../final/models/models_2nd_run/model3_35	../final/models/models_2nd_run/model3_35	neutral	0.36585208773612976	0.1101374551653862	0.15828192234039307	0.36585208773612976	0.02692440338432789	0.2855006158351898	0.004484495613723993	0.0207761712372303	0.004448837134987116	0.008747770451009274	0.004328763112425804	0.007476258557289839	0.003041201503947377
188	nervousness	../final/models/models_2nd_run/model3_35	../final/models/models_2nd_run/model3_35	nervousness	0.4344066381454468	0.020015405490994453	0.007139007095247507	0.03879594802856445	0.006112999282777309	0.007890473119914532	0.021903250366449356	0.4344066381454468	0.03504108265042305	0.4038388431072235	0.004811679944396019	0.011742562055587769	0.008302079513669014
271	neutral	../final/models/models_2nd_run/model3_35	../final/models/models_2nd_run/model3_35	pride	0.36500096321105957	0.19112734496593475	0.10232994705438614	0.23520974814891815	0.03853080794215202	0.36500096321105957	0.006106418091803789	0.032394297420978546	0.008245528675615788	0.007753491401672363	0.005756591912358999	0.004808984696865082	0.0027358767110854387
236	joy	../final/models/models_2nd_run/model3_35	../final/models/models_2nd_run/model3_35	joy	0.4471961557865143	0.4471961557865143	0.3004438579082489	0.1464134007692337	0.05752112343907356	0.026304587721824646	0.004455395042896271	0.0030725898686796427	0.004735094495117664	0.0027513273525983095	0.0019123055972158909	0.003067292273044586	0.0021268161945044994
487	pride	../final/models/models_2nd_run/model3_35	../final/models/models_2nd_run/model3_35	pride	0.5820902585983276	0.09829679131507874	0.10030298680067062	0.08874595165252686	0.020507164299488068	0.5820902585983276	0.007945005781948566	0.06374729424715042	0.011541057378053665	0.007538406644016504	0.011735022068023682	0.004040062427520752	0.0035100604873150587
1229	nervousness	../final/models/models_2nd_run/model3_35	../final/models/models_2nd_run/model3_35	neutral	0.4463091194629669	0.05457352101802826	0.024425799027085304	0.4463091194629669	0.04976198449730873	0.022489778697490692	0.03528185188770294	0.1974446177482605	0.04846101254224777	0.05210750177502632	0.026932569220662117	0.016209349036216736	0.026002902537584305
559	fear	../final/models/models_2nd_run/model3_35	../final/models/models_2nd_run/model3_35	nervousness	0.3235177993774414	0.04646266996860504	0.015975061804056168	0.20850525796413422	0.015306003391742706	0.042965810745954514	0.16759532690048218	0.3235177993774414	0.022424926981329918	0.08773913234472275	0.02910478040575981	0.020458631217479706	0.01994466595351696
117	excitement	../final/models/models_2nd_run/model3_35	../final/models/models_2nd_run/model3_35	pride	0.42863935232162476	0.17584702372550964	0.21668840944766998	0.127749964594841	0.021933192387223244	0.42863935232162476	0.003178337123245001	0.01013000775128603	0.00487974938005209	0.0032037997152656317	0.003441242501139641	0.00268955179490149	0.0016195009229704738
637	joy	../final/models/models_2nd_run/model3_35	../final/models/models_2nd_run/model3_35	excitement	0.6535359621047974	0.1553756594657898	0.6535359621047974	0.05947326123714447	0.05755985528230667	0.059075698256492615	0.0022870858665555716	0.0035184877924621105	0.002421507379040122	0.0022108452394604683	0.0017478837398812175	0.0016100178472697735	0.0011837469646707177
1143	joy	../final/models/models_2nd_run/model3_35	../final/models/models_2nd_run/model3_35	pride	0.3198387324810028	0.20680508017539978	0.20687949657440186	0.16583946347236633	0.0447862446308136	0.3198387324810028	0.004969070665538311	0.022683266550302505	0.008733028545975685	0.0059885489754378796	0.00646278727799654	0.0038484588731080294	0.0031657256186008453
801	embarrassment	../final/models/models_2nd_run/model3_35	../final/models/models_2nd_run/model3_35	joy	0.39859890937805176	0.39859890937805176	0.04977325350046158	0.314801424741745	0.030148424208164215	0.009527085348963737	0.049215853214263916	0.032492589205503464	0.007628052961081266	0.024132288992404938	0.009238442406058311	0.018918119370937347	0.05552546679973602
750	neutral	../final/models/models_2nd_run/model3_35	../final/models/models_2nd_run/model3_35	neutral	0.2714209258556366	0.14702151715755463	0.04509842395782471	0.2714209258556366	0.03826320543885231	0.12358253449201584	0.06438438594341278	0.19492073357105255	0.01374040450900793	0.025531794875860214	0.04792194440960884	0.014060147106647491	0.014053953811526299
512	anger	../final/models/models_2nd_run/model3_35	../final/models/models_2nd_run/model3_35	anger	0.6956998109817505	0.012654011137783527	0.005369980353862047	0.03157233074307442	0.0038161873817443848	0.014731353148818016	0.0310831218957901	0.06996612995862961	0.0047652218490839005	0.02098585106432438	0.016570251435041428	0.6956998109817505	0.09278570860624313
633	excitement	../final/models/models_2nd_run/model3_35	../final/models/models_2nd_run/model3_35	neutral	0.3498099446296692	0.11427278816699982	0.03684592992067337	0.3498099446296692	0.01942550577223301	0.09517670422792435	0.11614299565553665	0.16315697133541107	0.007744977716356516	0.033676814287900925	0.021075619384646416	0.02202450856566429	0.020647142082452774
936	joy	../final/models/models_2nd_run/model3_35	../final/models/models_2nd_run/model3_35	joy	0.5330660939216614	0.5330660939216614	0.2151639461517334	0.16255849599838257	0.04348321631550789	0.023356648162007332	0.004710560664534569	0.003515728982165456	0.003936697728931904	0.003168015042319894	0.0016480702906847	0.0031903614290058613	0.0022021671757102013
1079	neutral	../final/models/models_2nd_run/model3_35	../final/models/models_2nd_run/model3_35	joy	0.33859455585479736	0.33859455585479736	0.15590697526931763	0.32339513301849365	0.03540388122200966	0.11760252714157104	0.0029517249204218388	0.00695811677724123	0.007468188181519508	0.003376155626028776	0.002661156002432108	0.0032639573328197002	0.002417675917968154
962	surprise	../final/models/models_2nd_run/model3_35	../final/models/models_2nd_run/model3_35	joy	0.5186711549758911	0.5186711549758911	0.15597420930862427	0.22575798630714417	0.04950375482439995	0.023575227707624435	0.004847115837037563	0.004175471141934395	0.004928266163915396	0.003980248235166073	0.002048739930614829	0.0034256221260875463	0.0031121945939958096
126	neutral	../final/models/models_2nd_run/model3_35	../final/models/models_2nd_run/model3_35	neutral	0.408052533864975	0.21364296972751617	0.08619067072868347	0.408052533864975	0.017901990562677383	0.22158382833003998	0.007017891854047775	0.020600270479917526	0.005526053719222546	0.007846525870263577	0.0038182788994163275	0.005439892876893282	0.002379058627411723
790	neutral	../final/models/models_2nd_run/model3_35	../final/models/models_2nd_run/model3_35	pride	0.24812795221805573	0.22005724906921387	0.19879049062728882	0.23835042119026184	0.05039232224225998	0.24812795221805573	0.003305330639705062	0.013009371235966682	0.012242811731994152	0.004673577845096588	0.004083058796823025	0.004105876199901104	0.002861542860046029
829	joy	../final/models/models_2nd_run/model3_35	../final/models/models_2nd_run/model3_35	neutral	0.4138047695159912	0.2528407871723175	0.13606064021587372	0.4138047695159912	0.04830392450094223	0.10401324927806854	0.0057188766077160835	0.01229329127818346	0.00795972254127264	0.005710755940526724	0.004289513453841209	0.004651289898902178	0.004353198688477278
116	excitement	../final/models/models_2nd_run/model3_35	../final/models/models_2nd_run/model3_35	excitement	0.7811660170555115	0.04800277575850487	0.7811660170555115	0.06883681565523148	0.018689338117837906	0.06142360344529152	0.0016888773534446955	0.007824676111340523	0.0029386894311755896	0.0036252241116017103	0.0016369058284908533	0.0027625039219856262	0.0014046482974663377
473	embarrassment	../final/models/models_2nd_run/model3_35	../final/models/models_2nd_run/model3_35	fear	0.5746999979019165	0.01586952991783619	0.003964846022427082	0.07042479515075684	0.008319314569234848	0.002605653367936611	0.023324618116021156	0.09111922234296799	0.024759165942668915	0.5746999979019165	0.009606084786355495	0.02508963830769062	0.15021710097789764
740	excitement	../final/models/models_2nd_run/model3_35	../final/models/models_2nd_run/model3_35	neutral	0.5017622113227844	0.3157578706741333	0.061376623809337616	0.5017622113227844	0.02716713771224022	0.04440639540553093	0.010522225871682167	0.011296994052827358	0.004597306717187166	0.006879683118313551	0.003729158081114292	0.007088096346706152	0.005416246131062508
1074	neutral	../final/models/models_2nd_run/model3_35	../final/models/models_2nd_run/model3_35	neutral	0.7504376769065857	0.12204404175281525	0.021825073286890984	0.7504376769065857	0.02782035432755947	0.009620528668165207	0.009629652835428715	0.009172411635518074	0.010906717739999294	0.011408694088459015	0.0036448505707085133	0.01031267736107111	0.013177372515201569
57	joy	../final/models/models_2nd_run/model3_35	../final/models/models_2nd_run/model3_35	joy	0.3833901882171631	0.3833901882171631	0.2330848127603531	0.23127451539039612	0.030932337045669556	0.1017138734459877	0.0028785155154764652	0.0035864724777638912	0.0035932150203734636	0.002565561095252633	0.001988607458770275	0.0030723174568265676	0.0019195969216525555
603	excitement	../final/models/models_2nd_run/model3_35	../final/models/models_2nd_run/model3_35	excitement	0.3551795184612274	0.261621356010437	0.3551795184612274	0.14437955617904663	0.05921987444162369	0.15066201984882355	0.004010750446468592	0.006493859924376011	0.004932338371872902	0.0032042060047388077	0.0036797714419662952	0.004213219508528709	0.0024036176037043333
786	neutral	../final/models/models_2nd_run/model3_35	../final/models/models_2nd_run/model3_35	neutral	0.2998782694339752	0.13306403160095215	0.05895686149597168	0.2998782694339752	0.03583763167262077	0.02392427809536457	0.2021740823984146	0.1243550106883049	0.014032578095793724	0.0554707795381546	0.013180910609662533	0.013483080081641674	0.025642476975917816
830	joy	../final/models/models_2nd_run/model3_35	../final/models/models_2nd_run/model3_35	joy	0.5946776270866394	0.5946776270866394	0.13032329082489014	0.20821431279182434	0.023879459127783775	0.021882981061935425	0.0039367349818348885	0.003477094927802682	0.0038689118809998035	0.003659510053694248	0.0014363755472004414	0.002610862022265792	0.002032819902524352
119	neutral	../final/models/models_2nd_run/model3_35	../final/models/models_2nd_run/model3_35	joy	0.3657802939414978	0.3657802939414978	0.14619480073451996	0.2273412048816681	0.04386308044195175	0.049940645694732666	0.019192583858966827	0.060921236872673035	0.007725418545305729	0.019212599843740463	0.011549348011612892	0.013531934469938278	0.034746766090393066
656	pride	../final/models/models_2nd_run/model3_35	../final/models/models_2nd_run/model3_35	pride	0.55398029088974	0.09782018512487411	0.15553390979766846	0.11913776397705078	0.03054886870086193	0.55398029088974	0.0038282438181340694	0.01671556569635868	0.004806701559573412	0.0044021280482411385	0.006380987353622913	0.004257185850292444	0.00258818082511425
1214	excitement	../final/models/models_2nd_run/model3_35	../final/models/models_2nd_run/model3_35	excitement	0.8358638286590576	0.03856535628437996	0.8358638286590576	0.06890369951725006	0.021253027021884918	0.01712411642074585	0.0015328236622735858	0.00429201778024435	0.0024459529668092728	0.003222158644348383	0.0012304092524573207	0.0037302589043974876	0.0018363937269896269
669	neutral	../final/models/models_2nd_run/model3_35	../final/models/models_2nd_run/model3_35	neutral	0.3451499342918396	0.30561700463294983	0.11403635889291763	0.3451499342918396	0.08559389412403107	0.0829189196228981	0.009779992513358593	0.010635186918079853	0.01136144157499075	0.0043617673218250275	0.012875507585704327	0.006905710324645042	0.010764261707663536
105	sadness	../final/models/models_2nd_run/model3_35	../final/models/models_2nd_run/model3_35	sadness	0.9096469879150391	0.0037299939431250095	0.0010648223105818033	0.005223846063017845	0.0022529533598572016	0.0009723620023578405	0.9096469879150391	0.02208200842142105	0.02501899190247059	0.013352769427001476	0.007097617257386446	0.003953737672418356	0.005603903438895941
635	neutral	../final/models/models_2nd_run/model3_35	../final/models/models_2nd_run/model3_35	neutral	0.7532966732978821	0.13253790140151978	0.018707016482949257	0.7532966732978821	0.02360016293823719	0.008971497416496277	0.009104564785957336	0.008881689049303532	0.011239754036068916	0.009778094477951527	0.0030601718463003635	0.009671363048255444	0.011151163838803768
369	neutral	../final/models/models_2nd_run/model3_35	../final/models/models_2nd_run/model3_35	neutral	0.4538586735725403	0.27342891693115234	0.11745121330022812	0.4538586735725403	0.049004558473825455	0.06974051147699356	0.0034837182611227036	0.009767785668373108	0.008024010807275772	0.004843488801270723	0.0031949086114764214	0.00383585412055254	0.0033662901259958744
268	neutral	../final/models/models_2nd_run/model3_35	../final/models/models_2nd_run/model3_35	joy	0.5753176808357239	0.5753176808357239	0.10989352315664291	0.24224895238876343	0.026947006583213806	0.014380937442183495	0.003824631217867136	0.004730174317955971	0.0064411708153784275	0.0046448493376374245	0.001986610470339656	0.005437786690890789	0.004146754741668701
655	neutral	../final/models/models_2nd_run/model3_35	../final/models/models_2nd_run/model3_35	neutral	0.7575957179069519	0.085257388651371	0.023470772430300713	0.7575957179069519	0.05002596974372864	0.013518210500478745	0.006808726582676172	0.011945084668695927	0.015283890999853611	0.011362254619598389	0.0059359935112297535	0.006573259364813566	0.012222658842802048
819	joy	../final/models/models_2nd_run/model3_35	../final/models/models_2nd_run/model3_35	pride	0.5141140222549438	0.143915593624115	0.13332286477088928	0.14881743490695953	0.023881331086158752	0.5141140222549438	0.0029361038468778133	0.013064554892480373	0.007039270829409361	0.003646190743893385	0.004171871114522219	0.0030960787553340197	0.0019946806132793427
822	excitement	../final/models/models_2nd_run/model3_35	../final/models/models_2nd_run/model3_35	pride	0.31603527069091797	0.14811034500598907	0.15077242255210876	0.2258334904909134	0.07451286911964417	0.31603527069091797	0.0066887387074530125	0.0324723981320858	0.016623353585600853	0.007569929119199514	0.012980316765606403	0.004466402810066938	0.00393445510417223
953	pride	../final/models/models_2nd_run/model3_35	../final/models/models_2nd_run/model3_35	pride	0.8766913414001465	0.014697638340294361	0.061567727476358414	0.012490437366068363	0.007318350486457348	0.8766913414001465	0.0012958862353116274	0.011647803708910942	0.002968517364934087	0.0023749363608658314	0.005169186741113663	0.0026363693177700043	0.001141760149039328
46	nervousness	../final/models/models_2nd_run/model3_35	../final/models/models_2nd_run/model3_35	pride	0.889703631401062	0.013509479351341724	0.047770578414201736	0.010860959067940712	0.0070478422567248344	0.889703631401062	0.0013182086404412985	0.014290009625256062	0.0028340017888695	0.002477695932611823	0.006735360715538263	0.0023008149582892656	0.0011513413628563285
349	surprise	../final/models/models_2nd_run/model3_35	../final/models/models_2nd_run/model3_35	excitement	0.37810131907463074	0.36028826236724854	0.37810131907463074	0.09951770305633545	0.0456058531999588	0.09517727792263031	0.0036229307297617197	0.00536391232162714	0.00350239803083241	0.0032047072891145945	0.002125331200659275	0.0019422746263444424	0.001548113184981048
1098	neutral	../final/models/models_2nd_run/model3_35	../final/models/models_2nd_run/model3_35	joy	0.44524699449539185	0.44524699449539185	0.09452053159475327	0.3890130817890167	0.027459222823381424	0.01670212484896183	0.0032760994508862495	0.003749256022274494	0.005930660292506218	0.003965354524552822	0.0018419574480503798	0.004121020901948214	0.0041737910360097885
876	disgust	../final/models/models_2nd_run/model3_35	../final/models/models_2nd_run/model3_35	neutral	0.2607181668281555	0.09281772375106812	0.02516309544444084	0.2607181668281555	0.05498872324824333	0.038098376244306564	0.21445509791374207	0.12654364109039307	0.02859959937632084	0.020768078044056892	0.06995787471532822	0.017369581386446953	0.05052002891898155
773	pride	../final/models/models_2nd_run/model3_35	../final/models/models_2nd_run/model3_35	excitement	0.28415435552597046	0.24926476180553436	0.28415435552597046	0.19802868366241455	0.07562427967786789	0.15330731868743896	0.006046968977898359	0.009298575110733509	0.005078994669020176	0.0038626024033874273	0.006158089265227318	0.0049380711279809475	0.0042372653260827065
195	neutral	../final/models/models_2nd_run/model3_35	../final/models/models_2nd_run/model3_35	anger	0.6170278191566467	0.03434285521507263	0.012630652636289597	0.04499134421348572	0.006609151139855385	0.018615785986185074	0.024950655177235603	0.0502483993768692	0.006273316219449043	0.011143242940306664	0.018036995083093643	0.6170278191566467	0.1551297903060913
102	pride	../final/models/models_2nd_run/model3_35	../final/models/models_2nd_run/model3_35	joy	0.46649599075317383	0.46649599075317383	0.201847642660141	0.1804039627313614	0.041112229228019714	0.08619038015604019	0.004046308808028698	0.00509013794362545	0.004783213138580322	0.003078768728300929	0.002558281412348151	0.0023811401333659887	0.00201198598369956
4	joy	../final/models/models_2nd_run/model3_35	../final/models/models_2nd_run/model3_35	joy	0.49177712202072144	0.49177712202072144	0.09243558347225189	0.25570979714393616	0.03656860440969467	0.06893659383058548	0.02111177332699299	0.012398028746247292	0.005410314537584782	0.006664787419140339	0.002792886458337307	0.003720313310623169	0.0024741622619330883
619	surprise	../final/models/models_2nd_run/model3_35	../final/models/models_2nd_run/model3_35	nervousness	0.28568753600120544	0.09560306370258331	0.03800205886363983	0.20287057757377625	0.044040974229574203	0.06688805669546127	0.08970704674720764	0.28568753600120544	0.02119748294353485	0.05780118703842163	0.05828956887125969	0.016589684411883354	0.023322694003582
571	excitement	../final/models/models_2nd_run/model3_35	../final/models/models_2nd_run/model3_35	joy	0.23839524388313293	0.23839524388313293	0.211577370762825	0.2339843511581421	0.04591516777873039	0.23063747584819794	0.003971928730607033	0.014533688314259052	0.005556869320571423	0.004279800690710545	0.003895985195413232	0.0044766077771782875	0.002775525441393256
52	excitement	../final/models/models_2nd_run/model3_35	../final/models/models_2nd_run/model3_35	pride	0.4785444438457489	0.10956224054098129	0.2660323977470398	0.07130563259124756	0.040549300611019135	0.4785444438457489	0.002845694776624441	0.013294555246829987	0.004579997155815363	0.003227674402296543	0.004736857954412699	0.003225026885047555	0.002096167765557766
263	neutral	../final/models/models_2nd_run/model3_35	../final/models/models_2nd_run/model3_35	pride	0.3542659282684326	0.185450941324234	0.06587608903646469	0.20722337067127228	0.024870576336979866	0.3542659282684326	0.06912408024072647	0.04583558440208435	0.005568301305174828	0.012258186005055904	0.012618985027074814	0.011522334069013596	0.005385717377066612
1159	excitement	../final/models/models_2nd_run/model3_35	../final/models/models_2nd_run/model3_35	joy	0.44900232553482056	0.44900232553482056	0.15658405423164368	0.2526991069316864	0.03191029652953148	0.08167126774787903	0.0036558404099196196	0.006321188528090715	0.005699064116925001	0.003833490191027522	0.0025658265221863985	0.003374562133103609	0.0026830534916371107
443	joy	../final/models/models_2nd_run/model3_35	../final/models/models_2nd_run/model3_35	excitement	0.3346451222896576	0.22743605077266693	0.3346451222896576	0.14448799192905426	0.03007957711815834	0.23828625679016113	0.002362876897677779	0.0072426386177539825	0.004334139637649059	0.002828078344464302	0.002997193019837141	0.0030561424791812897	0.0022439281456172466
1138	joy	../final/models/models_2nd_run/model3_35	../final/models/models_2nd_run/model3_35	joy	0.4847438931465149	0.4847438931465149	0.13308389484882355	0.28708237409591675	0.022340254858136177	0.048098526895046234	0.0032302180770784616	0.004354919772595167	0.005523809231817722	0.0038822139613330364	0.001779603655450046	0.0034426390193402767	0.0024377244990319014
782	nervousness	../final/models/models_2nd_run/model3_35	../final/models/models_2nd_run/model3_35	fear	0.5476840138435364	0.012500215321779251	0.005928850267082453	0.023867368698120117	0.00526289502158761	0.0047914814203977585	0.017193827778100967	0.3337707221508026	0.023102231323719025	0.5476840138435364	0.004993855021893978	0.011876742355525494	0.009027821943163872
837	neutral	../final/models/models_2nd_run/model3_35	../final/models/models_2nd_run/model3_35	joy	0.44497305154800415	0.44497305154800415	0.10424254089593887	0.273286372423172	0.04394965618848801	0.04957152530550957	0.05309538170695305	0.01059386134147644	0.003745078342035413	0.004552898928523064	0.004408341366797686	0.0039034460205584764	0.00367780146189034
1047	excitement	../final/models/models_2nd_run/model3_35	../final/models/models_2nd_run/model3_35	pride	0.5119501948356628	0.10346086323261261	0.19083404541015625	0.09756702929735184	0.05264686793088913	0.5119501948356628	0.0038271432276815176	0.015986980870366096	0.0061624073423445225	0.005069217644631863	0.005955283064395189	0.0040863798931241035	0.002453635912388563
691	joy	../final/models/models_2nd_run/model3_35	../final/models/models_2nd_run/model3_35	joy	0.5750064253807068	0.5750064253807068	0.1569603532552719	0.19186663627624512	0.03247183933854103	0.02114425227046013	0.0034405419137328863	0.0035613207146525383	0.004152861423790455	0.0031054026912897825	0.0016903298674151301	0.0037021494936197996	0.0028979438357055187
304	nervousness	../final/models/models_2nd_run/model3_35	../final/models/models_2nd_run/model3_35	nervousness	0.43748965859413147	0.0742335245013237	0.05244287848472595	0.09614897519350052	0.03387396037578583	0.11825264990329742	0.04789496213197708	0.43748965859413147	0.016150983050465584	0.03841431811451912	0.056445684283971786	0.015269532799720764	0.013382965698838234
341	excitement	../final/models/models_2nd_run/model3_35	../final/models/models_2nd_run/model3_35	joy	0.5166484117507935	0.5166484117507935	0.24592173099517822	0.1649187058210373	0.02846463769674301	0.023883234709501266	0.00266320095397532	0.002600634703412652	0.004762021359056234	0.0029474282637238503	0.0015531780663877726	0.0033460489939898252	0.0022906821686774492
991	joy	../final/models/models_2nd_run/model3_35	../final/models/models_2nd_run/model3_35	neutral	0.29106104373931885	0.1471131294965744	0.03472517058253288	0.29106104373931885	0.03387684375047684	0.0760955810546875	0.27812570333480835	0.07759609818458557	0.00912117213010788	0.017253322526812553	0.016245484352111816	0.010594143532216549	0.008192241191864014
313	neutral	../final/models/models_2nd_run/model3_35	../final/models/models_2nd_run/model3_35	joy	0.400348037481308	0.400348037481308	0.17230577766895294	0.3258483111858368	0.04918190836906433	0.022771021351218224	0.004118773620575666	0.0041924091055989265	0.004918751306831837	0.0034104418009519577	0.0024112423416227102	0.006164744030684233	0.004328705370426178
149	joy	../final/models/models_2nd_run/model3_35	../final/models/models_2nd_run/model3_35	pride	0.5058023929595947	0.13282212615013123	0.09971261769533157	0.1936335265636444	0.0226974505931139	0.5058023929595947	0.003859949065372348	0.018183395266532898	0.006594154518097639	0.004615031648427248	0.005295195616781712	0.004341968800872564	0.002442258642986417
124	pride	../final/models/models_2nd_run/model3_35	../final/models/models_2nd_run/model3_35	pride	0.8729846477508545	0.018049651756882668	0.058937426656484604	0.013631279580295086	0.007569535635411739	0.8729846477508545	0.0015086873900145292	0.013543405570089817	0.002665132051333785	0.0022001266479492188	0.005410690791904926	0.0023564856965094805	0.0011428446741774678
1128	pride	../final/models/models_2nd_run/model3_35	../final/models/models_2nd_run/model3_35	joy	0.4817843735218048	0.4817843735218048	0.0447210930287838	0.4153277277946472	0.015967538580298424	0.013378837145864964	0.004845221061259508	0.003846378531306982	0.005058197770267725	0.00447888346388936	0.0014994313241913915	0.005451302044093609	0.0036411189939826727
574	joy	../final/models/models_2nd_run/model3_35	../final/models/models_2nd_run/model3_35	nervousness	0.47217419743537903	0.046580929309129715	0.018888868391513824	0.09232761710882187	0.020896360278129578	0.022152932360768318	0.12095076590776443	0.47217419743537903	0.01987103931605816	0.10414600372314453	0.030795704573392868	0.01598380319774151	0.035231735557317734
697	nervousness	../final/models/models_2nd_run/model3_35	../final/models/models_2nd_run/model3_35	nervousness	0.4832882285118103	0.012840230017900467	0.005933047272264957	0.03384804725646973	0.005723004229366779	0.006954186595976353	0.022332793101668358	0.4832882285118103	0.027043841779232025	0.3734496235847473	0.006028519943356514	0.013475000858306885	0.009083576500415802
664	pride	../final/models/models_2nd_run/model3_35	../final/models/models_2nd_run/model3_35	pride	0.5761850476264954	0.09301768243312836	0.15199808776378632	0.09412392973899841	0.034476250410079956	0.5761850476264954	0.00445385929197073	0.02227815054357052	0.006433401722460985	0.004577518906444311	0.006293026264756918	0.003847510553896427	0.0023155014496296644
50	excitement	../final/models/models_2nd_run/model3_35	../final/models/models_2nd_run/model3_35	pride	0.5484276413917542	0.040259815752506256	0.2824862599372864	0.029794247820973396	0.04114886745810509	0.5484276413917542	0.0018927620258182287	0.02048622816801071	0.019812267273664474	0.004054053220897913	0.00816789735108614	0.002219643210992217	0.0012503653997555375
1125	pride	../final/models/models_2nd_run/model3_35	../final/models/models_2nd_run/model3_35	neutral	0.31726065278053284	0.1990271657705307	0.10655542463064194	0.31726065278053284	0.032086264342069626	0.2780834138393402	0.007736573461443186	0.030980518087744713	0.007281265687197447	0.006943487096577883	0.0059211659245193005	0.0045726061798632145	0.0035514291375875473
726	surprise	../final/models/models_2nd_run/model3_35	../final/models/models_2nd_run/model3_35	surprise	0.5964673757553101	0.03883349150419235	0.30230048298835754	0.03143100440502167	0.5964673757553101	0.012661224231123924	0.0021096374839544296	0.001827199594117701	0.005685422103852034	0.001880223280750215	0.0032487218268215656	0.002081492217257619	0.0014737407909706235
799	joy	../final/models/models_2nd_run/model3_35	../final/models/models_2nd_run/model3_35	joy	0.6139482855796814	0.6139482855796814	0.08510783314704895	0.24082383513450623	0.015681173652410507	0.023148253560066223	0.0031885697972029448	0.003285803832113743	0.004310949705541134	0.0033062149304896593	0.001453596749342978	0.0033831915352493525	0.0023623055312782526
833	pride	../final/models/models_2nd_run/model3_35	../final/models/models_2nd_run/model3_35	neutral	0.3545445501804352	0.18740707635879517	0.14369648694992065	0.3545445501804352	0.030517594888806343	0.24982745945453644	0.002915407530963421	0.01058980543166399	0.006385312415659428	0.0038926242850720882	0.0033472778741270304	0.004218703601509333	0.00265768775716424
353	joy	../final/models/models_2nd_run/model3_35	../final/models/models_2nd_run/model3_35	joy	0.38620251417160034	0.38620251417160034	0.18182501196861267	0.24728165566921234	0.028090134263038635	0.12894707918167114	0.0036446591839194298	0.007167837116867304	0.005083756055682898	0.0035091752652078867	0.00250993762165308	0.0035141282714903355	0.0022239764221012592
1222	joy	../final/models/models_2nd_run/model3_35	../final/models/models_2nd_run/model3_35	excitement	0.41636720299720764	0.3116456866264343	0.41636720299720764	0.1305774748325348	0.0684865266084671	0.047666262835264206	0.003327506361529231	0.003902758937329054	0.0068507869727909565	0.0028151310980319977	0.003225737251341343	0.002228176686912775	0.0029067303985357285
142	fear	../final/models/models_2nd_run/model3_35	../final/models/models_2nd_run/model3_35	fear	0.6807803511619568	0.016485411673784256	0.005410386715084314	0.047331180423498154	0.007611948996782303	0.0034676522482186556	0.036963075399398804	0.14119985699653625	0.024860339239239693	0.6807803511619568	0.005059828516095877	0.017306270077824593	0.013523716479539871
470	surprise	../final/models/models_2nd_run/model3_35	../final/models/models_2nd_run/model3_35	joy	0.26913198828697205	0.26913198828697205	0.11850454658269882	0.16761235892772675	0.15708836913108826	0.14255176484584808	0.01710645668208599	0.031639214605093	0.0372028574347496	0.0066846380941569805	0.04044035077095032	0.005887229926884174	0.006150198634713888
882	joy	../final/models/models_2nd_run/model3_35	../final/models/models_2nd_run/model3_35	pride	0.3234435021877289	0.08100679516792297	0.08073657006025314	0.12222618609666824	0.026779474690556526	0.3234435021877289	0.007541649974882603	0.26600462198257446	0.01983984373509884	0.051784075796604156	0.011267303489148617	0.00559043325483799	0.0037795535754412413
653	pride	../final/models/models_2nd_run/model3_35	../final/models/models_2nd_run/model3_35	joy	0.5128982663154602	0.5128982663154602	0.24758246541023254	0.1420789211988449	0.04700398072600365	0.020590156316757202	0.003816859098151326	0.003256433177739382	0.006952906493097544	0.00335184414871037	0.0026718326844274998	0.0044026924297213554	0.005393666680902243
399	nervousness	../final/models/models_2nd_run/model3_35	../final/models/models_2nd_run/model3_35	nervousness	0.6418815851211548	0.017442503944039345	0.012684416957199574	0.04408484324812889	0.00771174905821681	0.03226902708411217	0.06347213685512543	0.6418815851211548	0.016667451709508896	0.12129123508930206	0.0244577769190073	0.009651626460254192	0.008385734632611275
1072	neutral	../final/models/models_2nd_run/model3_35	../final/models/models_2nd_run/model3_35	joy	0.34365034103393555	0.34365034103393555	0.26454511284828186	0.17150084674358368	0.04323397949337959	0.14794424176216125	0.0034935397561639547	0.007990982383489609	0.005398890003561974	0.0033961497247219086	0.003530423389747739	0.0027273555751889944	0.002588201779872179
1219	anger	../final/models/models_2nd_run/model3_35	../final/models/models_2nd_run/model3_35	neutral	0.7452977895736694	0.06503091752529144	0.02756153605878353	0.7452977895736694	0.023820720613002777	0.03337213769555092	0.03563354164361954	0.023301994428038597	0.006321728229522705	0.010678828693926334	0.007387117482721806	0.01278245635330677	0.00881119817495346
320	joy	../final/models/models_2nd_run/model3_35	../final/models/models_2nd_run/model3_35	pride	0.29070937633514404	0.15428057312965393	0.11398376524448395	0.18148741126060486	0.0499923937022686	0.29070937633514404	0.03655458241701126	0.10780622810125351	0.010482437908649445	0.023041948676109314	0.020304841920733452	0.0072263628244400024	0.0041300090961158276
19	joy	../final/models/models_2nd_run/model3_35	../final/models/models_2nd_run/model3_35	pride	0.3209405541419983	0.21136128902435303	0.2769988477230072	0.06271683424711227	0.08075842261314392	0.3209405541419983	0.007818100973963737	0.01729285717010498	0.0055810874328017235	0.00518923019990325	0.007115920074284077	0.0023255583364516497	0.0019011967815458775
684	pride	../final/models/models_2nd_run/model3_35	../final/models/models_2nd_run/model3_35	pride	0.6466505527496338	0.082395538687706	0.1492161750793457	0.07434547692537308	0.016522305086255074	0.6466505527496338	0.0021115527488291264	0.012915661558508873	0.004770985338836908	0.0028410241939127445	0.003916477784514427	0.002756155328825116	0.0015581385232508183
35	anger	../final/models/models_2nd_run/model3_35	../final/models/models_2nd_run/model3_35	anger	0.7690818905830383	0.007680123206228018	0.003718954510986805	0.01536453329026699	0.003888980485498905	0.004899628926068544	0.022355061024427414	0.026599129661917686	0.015933692455291748	0.013138490729033947	0.010087527334690094	0.7690818905830383	0.10725188255310059
824	excitement	../final/models/models_2nd_run/model3_35	../final/models/models_2nd_run/model3_35	excitement	0.4115322530269623	0.15313713252544403	0.4115322530269623	0.11806146055459976	0.04885517433285713	0.24539847671985626	0.0018618489848449826	0.006215127184987068	0.004617128986865282	0.0027848875615745783	0.002995741320773959	0.0028745708987116814	0.0016662126872688532
902	neutral	../final/models/models_2nd_run/model3_35	../final/models/models_2nd_run/model3_35	joy	0.41180798411369324	0.41180798411369324	0.1397494226694107	0.30038851499557495	0.036680568009614944	0.06588545441627502	0.007009563967585564	0.010868771001696587	0.009064405225217342	0.005514158867299557	0.0042595756240189075	0.003448693547397852	0.005322969518601894
505	pride	../final/models/models_2nd_run/model3_35	../final/models/models_2nd_run/model3_35	pride	0.8124039173126221	0.021382387727499008	0.05967838317155838	0.02358652837574482	0.007956990040838718	0.8124039173126221	0.00204852526076138	0.04567945748567581	0.005456339567899704	0.009748550131917	0.007032420020550489	0.0034030668903142214	0.001623545540496707
827	joy	../final/models/models_2nd_run/model3_35	../final/models/models_2nd_run/model3_35	joy	0.4466659426689148	0.4466659426689148	0.1372360736131668	0.3055102825164795	0.04794736206531525	0.023723693564534187	0.006511180195957422	0.006473674904555082	0.007100616581737995	0.005034356843680143	0.002860510256141424	0.0054097543470561504	0.005526438821107149
1137	joy	../final/models/models_2nd_run/model3_35	../final/models/models_2nd_run/model3_35	joy	0.6162433624267578	0.6162433624267578	0.10926751792430878	0.20993849635124207	0.024911660701036453	0.0196984875947237	0.0036137141287326813	0.00287555786781013	0.0034626454580575228	0.0026817782782018185	0.001721160369925201	0.0031166619155555964	0.0024689165875315666
407	excitement	../final/models/models_2nd_run/model3_35	../final/models/models_2nd_run/model3_35	pride	0.492394357919693	0.13616600632667542	0.12627436220645905	0.17819277942180634	0.026581376791000366	0.492394357919693	0.0030827894806861877	0.018023714423179626	0.005710135214030743	0.004221152514219284	0.004145694896578789	0.003112159203737974	0.0020955330692231655
920	joy	../final/models/models_2nd_run/model3_35	../final/models/models_2nd_run/model3_35	neutral	0.3877580463886261	0.28955596685409546	0.14575310051441193	0.3877580463886261	0.04102328419685364	0.09659864008426666	0.003907190635800362	0.009587880223989487	0.007680097594857216	0.004895112011581659	0.0036091317888349295	0.005072624888271093	0.004558820743113756
817	neutral	../final/models/models_2nd_run/model3_35	../final/models/models_2nd_run/model3_35	joy	0.6271300315856934	0.6271300315856934	0.1303887963294983	0.18002060055732727	0.022797703742980957	0.01988157443702221	0.003998857457190752	0.002786502707749605	0.00344754452817142	0.002939659170806408	0.001502511091530323	0.002935157623142004	0.002171067288145423
866	surprise	../final/models/models_2nd_run/model3_35	../final/models/models_2nd_run/model3_35	excitement	0.32507026195526123	0.15837661921977997	0.32507026195526123	0.25705599784851074	0.08701276034116745	0.13010403513908386	0.004163151606917381	0.01420536544173956	0.006992045324295759	0.005146299488842487	0.003991355653852224	0.004805110860615969	0.0030769871082156897
537	neutral	../final/models/models_2nd_run/model3_35	../final/models/models_2nd_run/model3_35	neutral	0.3800850510597229	0.24421371519565582	0.08174488693475723	0.3800850510597229	0.04575727507472038	0.12043316662311554	0.024944288656115532	0.05764695256948471	0.00623296108096838	0.012020994909107685	0.011507509276270866	0.00910118781030178	0.006311957258731127
758	pride	../final/models/models_2nd_run/model3_35	../final/models/models_2nd_run/model3_35	pride	0.4918735921382904	0.11548108607530594	0.13296125829219818	0.1487051099538803	0.03275081142783165	0.4918735921382904	0.005734520964324474	0.036441318690776825	0.008110740222036839	0.006686031352728605	0.010960819199681282	0.005964923650026321	0.0043297684751451015
1134	surprise	../final/models/models_2nd_run/model3_35	../final/models/models_2nd_run/model3_35	joy	0.38981756567955017	0.38981756567955017	0.22175529599189758	0.23552538454532623	0.04180820658802986	0.08487989753484726	0.0028060071635991335	0.005450008437037468	0.007579782046377659	0.003362895455211401	0.0026577257085591555	0.002523457631468773	0.001833758200518787
1011	pride	../final/models/models_2nd_run/model3_35	../final/models/models_2nd_run/model3_35	joy	0.4307083487510681	0.4307083487510681	0.25505778193473816	0.17918023467063904	0.08150586485862732	0.021198919042944908	0.005285864230245352	0.004409074783325195	0.00876519363373518	0.0033893354702740908	0.0026252134703099728	0.004513994790613651	0.003360191360116005
38	nervousness	../final/models/models_2nd_run/model3_35	../final/models/models_2nd_run/model3_35	nervousness	0.34098020195961	0.04005102440714836	0.0127984918653965	0.08107975870370865	0.009605786763131618	0.03931301459670067	0.05975582078099251	0.34098020195961	0.015882421284914017	0.02723669447004795	0.024446755647659302	0.27280429005622864	0.0760456845164299
175	pride	../final/models/models_2nd_run/model3_35	../final/models/models_2nd_run/model3_35	joy	0.5048070549964905	0.5048070549964905	0.16240279376506805	0.22492678463459015	0.048352908343076706	0.02629319578409195	0.0050269560888409615	0.006417641416192055	0.006068312097340822	0.00445548864081502	0.0031732050701975822	0.004272066988050938	0.0038036429323256016
245	joy	../final/models/models_2nd_run/model3_35	../final/models/models_2nd_run/model3_35	joy	0.46358510851860046	0.46358510851860046	0.09504935145378113	0.25486141443252563	0.06086789444088936	0.02725750207901001	0.013295645825564861	0.025577416643500328	0.011371669359505177	0.0108456090092659	0.010004115290939808	0.008435046300292015	0.01884923316538334
810	pride	../final/models/models_2nd_run/model3_35	../final/models/models_2nd_run/model3_35	pride	0.36340540647506714	0.20185507833957672	0.23980075120925903	0.11937631666660309	0.03872225433588028	0.36340540647506714	0.002971202600747347	0.014445222914218903	0.005532310344278812	0.0036948290653526783	0.00516616553068161	0.0027534468099474907	0.0022770194336771965
1151	joy	../final/models/models_2nd_run/model3_35	../final/models/models_2nd_run/model3_35	joy	0.29056012630462646	0.29056012630462646	0.17196764051914215	0.15189829468727112	0.12151163816452026	0.1620296686887741	0.011449665762484074	0.023920228704810143	0.014897988177835941	0.005503869615495205	0.02944048121571541	0.00798706989735365	0.008833320811390877
1083	pride	../final/models/models_2nd_run/model3_35	../final/models/models_2nd_run/model3_35	pride	0.6663557291030884	0.06806279718875885	0.11812032759189606	0.07506489753723145	0.021969860419631004	0.6663557291030884	0.002861242974177003	0.02505352348089218	0.005651963874697685	0.004894409794360399	0.005942464340478182	0.003841272322461009	0.002181459916755557
1168	joy	../final/models/models_2nd_run/model3_35	../final/models/models_2nd_run/model3_35	pride	0.4514962136745453	0.12431108206510544	0.11514891684055328	0.20549875497817993	0.04265531152486801	0.4514962136745453	0.003658269764855504	0.025293316692113876	0.008538863621652126	0.005664191674441099	0.01037658005952835	0.0037632251624017954	0.0035952769685536623
784	embarrassment	../final/models/models_2nd_run/model3_35	../final/models/models_2nd_run/model3_35	nervousness	0.3558897078037262	0.04708685725927353	0.010664382018148899	0.1435973197221756	0.008454503491520882	0.029949873685836792	0.060494836419820786	0.3558897078037262	0.014666534028947353	0.03534475341439247	0.018218431621789932	0.1972891241312027	0.0783437043428421
1256	neutral	../final/models/models_2nd_run/model3_35	../final/models/models_2nd_run/model3_35	pride	0.8660866022109985	0.019968708977103233	0.05888525769114494	0.01913273334503174	0.008038528263568878	0.8660866022109985	0.0015049232169985771	0.01215758640319109	0.002900739200413227	0.002383988117799163	0.00507021602243185	0.002661951817572117	0.0012087393552064896
489	neutral	../final/models/models_2nd_run/model3_35	../final/models/models_2nd_run/model3_35	neutral	0.7939736843109131	0.07623814791440964	0.01846267841756344	0.7939736843109131	0.03189658001065254	0.009065588936209679	0.008534373715519905	0.010685955174267292	0.013241903856396675	0.012193209491670132	0.004230469930917025	0.008817750960588455	0.01265952829271555
154	excitement	../final/models/models_2nd_run/model3_35	../final/models/models_2nd_run/model3_35	excitement	0.5161628723144531	0.2485177218914032	0.5161628723144531	0.13295328617095947	0.04081011191010475	0.04452020674943924	0.0018430916825309396	0.0031901621259748936	0.0035892764572054148	0.0022982533555477858	0.0016100347274914384	0.002660479862242937	0.0018444719025865197
638	anger	../final/models/models_2nd_run/model3_35	../final/models/models_2nd_run/model3_35	anger	0.7874775528907776	0.008091333322227001	0.003943522926419973	0.014982793480157852	0.0030695777386426926	0.008165440522134304	0.027374234050512314	0.028789376839995384	0.00429542688652873	0.013816248625516891	0.010594259947538376	0.7874775528907776	0.08940035104751587
961	neutral	../final/models/models_2nd_run/model3_35	../final/models/models_2nd_run/model3_35	neutral	0.4012517035007477	0.261441171169281	0.046073075383901596	0.4012517035007477	0.06206626072525978	0.0411711260676384	0.05088247358798981	0.05423291400074959	0.01232085470110178	0.014854914508759975	0.023139573633670807	0.006349270697683096	0.026216670870780945
662	pride	../final/models/models_2nd_run/model3_35	../final/models/models_2nd_run/model3_35	joy	0.4589683413505554	0.4589683413505554	0.05091887339949608	0.4240244925022125	0.018120063468813896	0.019229449331760406	0.00612401869148016	0.005144577007740736	0.0042809718288481236	0.004437919240444899	0.0015543604968115687	0.004000389017164707	0.0031966064125299454
853	excitement	../final/models/models_2nd_run/model3_35	../final/models/models_2nd_run/model3_35	pride	0.6416404843330383	0.05363091453909874	0.08123772591352463	0.07278520613908768	0.02035321295261383	0.6416404843330383	0.006017827428877354	0.08124109357595444	0.008807841688394547	0.010141152888536453	0.01574552245438099	0.005288942251354456	0.0031101282220333815
942	surprise	../final/models/models_2nd_run/model3_35	../final/models/models_2nd_run/model3_35	joy	0.4346058964729309	0.4346058964729309	0.1818268895149231	0.2648840844631195	0.03774654120206833	0.058179158717393875	0.003254590556025505	0.004537458997219801	0.00460857292637229	0.002539860550314188	0.0022570383735001087	0.0032557982485741377	0.0023043337278068066
287	excitement	../final/models/models_2nd_run/model3_35	../final/models/models_2nd_run/model3_35	excitement	0.418032169342041	0.2906405031681061	0.418032169342041	0.19319994747638702	0.033636339008808136	0.041489094495773315	0.0029635531827807426	0.004500712268054485	0.0040980312041938305	0.003638557158410549	0.0017111393390223384	0.0037563710939139128	0.002333611948415637
625	excitement	../final/models/models_2nd_run/model3_35	../final/models/models_2nd_run/model3_35	joy	0.575843870639801	0.575843870639801	0.16076506674289703	0.19174139201641083	0.030608519911766052	0.015585138462483883	0.004073969088494778	0.0028878876473754644	0.0056729624047875404	0.0035533823538571596	0.001851848908700049	0.003983206581324339	0.0034329101908951998
1196	joy	../final/models/models_2nd_run/model3_35	../final/models/models_2nd_run/model3_35	excitement	0.3760758638381958	0.27334678173065186	0.3760758638381958	0.18289858102798462	0.0418001264333725	0.10552725940942764	0.0026493242476135492	0.004397793207317591	0.0038347935769706964	0.002708382671698928	0.0022882891353219748	0.002719165524467826	0.0017535705119371414
685	joy	../final/models/models_2nd_run/model3_35	../final/models/models_2nd_run/model3_35	joy	0.5781495571136475	0.5781495571136475	0.14026041328907013	0.2040935903787613	0.0326436385512352	0.02078721858561039	0.004439836833626032	0.004137688782066107	0.004664469510316849	0.0033585571218281984	0.001877272268757224	0.0031197932548820972	0.002468037186190486
1080	neutral	../final/models/models_2nd_run/model3_35	../final/models/models_2nd_run/model3_35	neutral	0.31031498312950134	0.14748969674110413	0.15249554812908173	0.31031498312950134	0.03934227302670479	0.28239113092422485	0.005311757326126099	0.02584477700293064	0.011172318831086159	0.008507748134434223	0.006565710064023733	0.005966797936707735	0.004597313702106476
986	neutral	../final/models/models_2nd_run/model3_35	../final/models/models_2nd_run/model3_35	neutral	0.552648663520813	0.1288987547159195	0.032884467393159866	0.552648663520813	0.0213682372123003	0.06664048880338669	0.014725783839821815	0.11245220899581909	0.01225159503519535	0.04128003865480423	0.0046533639542758465	0.008078938350081444	0.004117375239729881
569	joy	../final/models/models_2nd_run/model3_35	../final/models/models_2nd_run/model3_35	joy	0.33474770188331604	0.33474770188331604	0.22703413665294647	0.25399380922317505	0.07975299656391144	0.06800100207328796	0.004942249972373247	0.007537971716374159	0.008234943263232708	0.0038843750953674316	0.004998447839170694	0.0029529440216720104	0.003919437527656555
1213	excitement	../final/models/models_2nd_run/model3_35	../final/models/models_2nd_run/model3_35	neutral	0.4140371084213257	0.3182107210159302	0.14399343729019165	0.4140371084213257	0.049171462655067444	0.04368343949317932	0.004012621473520994	0.004715801682323217	0.007774071302264929	0.0039607021026313305	0.0025582630187273026	0.0044848378747701645	0.003397586289793253
734	excitement	../final/models/models_2nd_run/model3_35	../final/models/models_2nd_run/model3_35	nervousness	0.31573835015296936	0.07756165415048599	0.08343173563480377	0.10071666538715363	0.04165542125701904	0.2562575340270996	0.021371737122535706	0.31573835015296936	0.02443818561732769	0.03184980899095535	0.027738623321056366	0.012229095213115215	0.00701114209368825
792	pride	../final/models/models_2nd_run/model3_35	../final/models/models_2nd_run/model3_35	pride	0.565650463104248	0.10784000158309937	0.09368560463190079	0.11901724338531494	0.026438824832439423	0.565650463104248	0.005258870776742697	0.047333650290966034	0.00920755136758089	0.010723922401666641	0.008018448948860168	0.004113152157515287	0.0027123012114316225
17	sadness	../final/models/models_2nd_run/model3_35	../final/models/models_2nd_run/model3_35	sadness	0.3879678547382355	0.036821261048316956	0.0072052679024636745	0.06279827654361725	0.008999940007925034	0.01289780717343092	0.3879678547382355	0.3362201452255249	0.02037222869694233	0.07687429338693619	0.016649477183818817	0.012199915014207363	0.02099355310201645
127	neutral	../final/models/models_2nd_run/model3_35	../final/models/models_2nd_run/model3_35	neutral	0.6616206765174866	0.1601894646883011	0.03396426513791084	0.6616206765174866	0.012033783830702305	0.07333701848983765	0.011476756073534489	0.0202060267329216	0.0034864472690969706	0.00910752173513174	0.0028072919230908155	0.008487277664244175	0.003283401485532522
322	confusion	../final/models/models_2nd_run/model3_35	../final/models/models_2nd_run/model3_35	pride	0.3586272597312927	0.11574595421552658	0.09839388728141785	0.11873126775026321	0.05251694098114967	0.3586272597312927	0.03345552831888199	0.13291358947753906	0.02249167673289776	0.023499686270952225	0.031033506616950035	0.007056965492665768	0.005533668678253889
255	nervousness	../final/models/models_2nd_run/model3_35	../final/models/models_2nd_run/model3_35	nervousness	0.5680682063102722	0.009416405111551285	0.003941795323044062	0.02683497779071331	0.003431378398090601	0.006335425656288862	0.028212683275341988	0.5680682063102722	0.019501302391290665	0.29106250405311584	0.005303645972162485	0.02668198011815548	0.011209705844521523
1046	joy	../final/models/models_2nd_run/model3_35	../final/models/models_2nd_run/model3_35	pride	0.3793012201786041	0.14322412014007568	0.22887589037418365	0.1764184534549713	0.03311731293797493	0.3793012201786041	0.002933414187282324	0.014292932115495205	0.006008514203131199	0.004433255642652512	0.0038608768954873085	0.0047296988777816296	0.0028042083140462637
982	nervousness	../final/models/models_2nd_run/model3_35	../final/models/models_2nd_run/model3_35	fear	0.4868716299533844	0.010988030582666397	0.004979779943823814	0.025871237739920616	0.0049203746020793915	0.005367758218199015	0.024425113573670387	0.3761609196662903	0.031141677871346474	0.4868716299533844	0.00548524409532547	0.014484766870737076	0.009303529746830463
927	neutral	../final/models/models_2nd_run/model3_35	../final/models/models_2nd_run/model3_35	nervousness	0.46818891167640686	0.0827261209487915	0.04804015904664993	0.06965760141611099	0.02783193066716194	0.038564879447221756	0.020969266071915627	0.46818891167640686	0.03159929811954498	0.19657418131828308	0.0077432612888514996	0.005055617541074753	0.0030487659387290478
980	neutral	../final/models/models_2nd_run/model3_35	../final/models/models_2nd_run/model3_35	joy	0.42134732007980347	0.42134732007980347	0.08617102354764938	0.4132058322429657	0.02930475026369095	0.016359983012080193	0.0037543762009590864	0.0054712239652872086	0.0069765495136380196	0.005724502261728048	0.002052370458841324	0.005072844680398703	0.00455926638096571
1249	joy	../final/models/models_2nd_run/model3_35	../final/models/models_2nd_run/model3_35	neutral	0.4197653532028198	0.4086364209651947	0.08121103793382645	0.4197653532028198	0.037099722772836685	0.014726303517818451	0.005434204824268818	0.005990066099911928	0.007065736688673496	0.005571621470153332	0.0023530442267656326	0.006661086343228817	0.005485455971211195
190	joy	../final/models/models_2nd_run/model3_35	../final/models/models_2nd_run/model3_35	joy	0.477556437253952	0.477556437253952	0.1603223979473114	0.24773551523685455	0.045601941645145416	0.03829175978899002	0.005872874520719051	0.007508891634643078	0.004969963803887367	0.003534676507115364	0.0024319146759808064	0.003293453948572278	0.0028802372980862856
115	neutral	../final/models/models_2nd_run/model3_35	../final/models/models_2nd_run/model3_35	neutral	0.5026631355285645	0.21468858420848846	0.12320563942193985	0.5026631355285645	0.03244749456644058	0.09239795058965683	0.004359189420938492	0.009479920379817486	0.0038900915533304214	0.004456797614693642	0.0027908924967050552	0.006414478179067373	0.003205843036994338
992	pride	../final/models/models_2nd_run/model3_35	../final/models/models_2nd_run/model3_35	pride	0.30614811182022095	0.1515868902206421	0.11071453243494034	0.2586945593357086	0.04786603897809982	0.30614811182022095	0.011211838573217392	0.059875957667827606	0.0162237249314785	0.012244458310306072	0.011728701181709766	0.0069795772433280945	0.006725595332682133
1243	neutral	../final/models/models_2nd_run/model3_35	../final/models/models_2nd_run/model3_35	neutral	0.7287373542785645	0.05915549769997597	0.012562268413603306	0.7287373542785645	0.015345919877290726	0.012801152653992176	0.015637103468179703	0.06639453023672104	0.011667592450976372	0.04958182945847511	0.004796176217496395	0.011979994364082813	0.011340538039803505
1007	excitement	../final/models/models_2nd_run/model3_35	../final/models/models_2nd_run/model3_35	neutral	0.42422738671302795	0.3999990224838257	0.08843818306922913	0.42422738671302795	0.0334724597632885	0.014759589917957783	0.003910874016582966	0.006207281723618507	0.007114586420357227	0.006013599224388599	0.0024151618126779795	0.007989797741174698	0.005452014971524477
606	pride	../final/models/models_2nd_run/model3_35	../final/models/models_2nd_run/model3_35	pride	0.8708798885345459	0.016580598428845406	0.050926145166158676	0.016960494220256805	0.0074246847070753574	0.8708798885345459	0.0014564496232196689	0.018800552934408188	0.00328608276322484	0.0032490550074726343	0.0065704951994121075	0.0024892345536500216	0.0013763019815087318
180	excitement	../final/models/models_2nd_run/model3_35	../final/models/models_2nd_run/model3_35	pride	0.7994890809059143	0.025747662410140038	0.11387641727924347	0.02092600055038929	0.009992973878979683	0.7994890809059143	0.0012321218382567167	0.014091169461607933	0.0035034101456403732	0.00259083928540349	0.004969825968146324	0.0023102043196558952	0.0012704483233392239
301	neutral	../final/models/models_2nd_run/model3_35	../final/models/models_2nd_run/model3_35	neutral	0.7721124887466431	0.05702342838048935	0.011085269972682	0.7721124887466431	0.007604725658893585	0.015571573749184608	0.01254830788820982	0.05162937194108963	0.007847514003515244	0.04527830705046654	0.003215090837329626	0.010884108021855354	0.005199705250561237
496	joy	../final/models/models_2nd_run/model3_35	../final/models/models_2nd_run/model3_35	joy	0.5784055590629578	0.5784055590629578	0.14511428773403168	0.20881661772727966	0.02437986060976982	0.024515261873602867	0.0036920798011124134	0.0027010119520127773	0.0032378374598920345	0.002839187625795603	0.001444441033527255	0.0028093636501580477	0.002044492866843939
348	joy	../final/models/models_2nd_run/model3_35	../final/models/models_2nd_run/model3_35	pride	0.3496554493904114	0.2417331486940384	0.14263682067394257	0.2007165253162384	0.02865130454301834	0.3496554493904114	0.005032323766499758	0.013067801482975483	0.004972794093191624	0.0036686514504253864	0.003941010218113661	0.003777825739234686	0.0021462617442011833
1099	sadness	../final/models/models_2nd_run/model3_35	../final/models/models_2nd_run/model3_35	nervousness	0.4512900412082672	0.018927760422229767	0.006724722683429718	0.09431111067533493	0.008950009942054749	0.007709689904004335	0.04199080914258957	0.4512900412082672	0.04089187830686569	0.28397151827812195	0.009031674824655056	0.01912364549934864	0.017077157273888588
36	pride	../final/models/models_2nd_run/model3_35	../final/models/models_2nd_run/model3_35	pride	0.6258776187896729	0.0718192309141159	0.1297295242547989	0.11462361365556717	0.018290206789970398	0.6258776187896729	0.0031862687319517136	0.01770545355975628	0.004164066631346941	0.00417446019127965	0.00475236214697361	0.003816591575741768	0.0018606249941512942
744	pride	../final/models/models_2nd_run/model3_35	../final/models/models_2nd_run/model3_35	pride	0.8843618035316467	0.01596836932003498	0.05015261843800545	0.010946852155029774	0.007336176000535488	0.8843618035316467	0.00145263085141778	0.013784334063529968	0.002842238172888756	0.0023524328134953976	0.007380772847682238	0.0022078321781009436	0.0012139140162616968
1148	neutral	../final/models/models_2nd_run/model3_35	../final/models/models_2nd_run/model3_35	joy	0.5558872222900391	0.5558872222900391	0.09824509918689728	0.26875951886177063	0.033732011914253235	0.0160935390740633	0.004551136400550604	0.003389028599485755	0.006577159743756056	0.0038260596338659525	0.0019451607950031757	0.003503839485347271	0.0034901730250567198
1053	excitement	../final/models/models_2nd_run/model3_35	../final/models/models_2nd_run/model3_35	excitement	0.7726557850837708	0.06495504826307297	0.7726557850837708	0.08413293212652206	0.021890930831432343	0.03636302426457405	0.0018496806733310223	0.005376869812607765	0.003198678372427821	0.003220132552087307	0.0014504512073472142	0.003181853797286749	0.00172456877771765
517	joy	../final/models/models_2nd_run/model3_35	../final/models/models_2nd_run/model3_35	neutral	0.5277619361877441	0.05159762501716614	0.01597657799720764	0.5277619361877441	0.009989004582166672	0.024327129125595093	0.03138989210128784	0.09604376554489136	0.012804479338228703	0.13798783719539642	0.01131907943636179	0.0373755544424057	0.04342712089419365
372	pride	../final/models/models_2nd_run/model3_35	../final/models/models_2nd_run/model3_35	neutral	0.482652872800827	0.19149139523506165	0.11896467208862305	0.482652872800827	0.042819611728191376	0.12221278250217438	0.004019361920654774	0.01158906240016222	0.009885136038064957	0.00569462263956666	0.003343143267557025	0.003990186844021082	0.0033371341414749622
45	neutral	../final/models/models_2nd_run/model3_35	../final/models/models_2nd_run/model3_35	excitement	0.7191162109375	0.10038896650075912	0.7191162109375	0.06889143586158752	0.07776922732591629	0.018857689574360847	0.002016762737184763	0.0022448699455708265	0.002613011747598648	0.002319988328963518	0.0016489775152876973	0.002703046426177025	0.0014298167079687119
476	joy	../final/models/models_2nd_run/model3_35	../final/models/models_2nd_run/model3_35	joy	0.559573233127594	0.559573233127594	0.19111520051956177	0.1760408729314804	0.03619617596268654	0.013624963350594044	0.0038734381087124348	0.002984030870720744	0.004336969461292028	0.002566248644143343	0.001732705277390778	0.004833281971514225	0.003122902475297451
157	nervousness	../final/models/models_2nd_run/model3_35	../final/models/models_2nd_run/model3_35	confusion	0.9288420677185059	0.0059180608950555325	0.0034844924230128527	0.008690644055604935	0.005608849227428436	0.002904793480411172	0.010660543106496334	0.014094354584813118	0.9288420677185059	0.009059175848960876	0.006850727833807468	0.0013725408352911472	0.0025137453339993954
1111	excitement	../final/models/models_2nd_run/model3_35	../final/models/models_2nd_run/model3_35	neutral	0.4468889534473419	0.2811042070388794	0.08701006323099136	0.4468889534473419	0.019643161445856094	0.12419264018535614	0.008558071218430996	0.012072647921741009	0.003149329451844096	0.00538215134292841	0.002784835873171687	0.006608325522392988	0.0026054808404296637
171	pride	../final/models/models_2nd_run/model3_35	../final/models/models_2nd_run/model3_35	pride	0.5225178599357605	0.13018152117729187	0.14349162578582764	0.132354274392128	0.029743637889623642	0.5225178599357605	0.004258862696588039	0.01678445376455784	0.00488010561093688	0.004592538811266422	0.005741656757891178	0.0033864632714539766	0.002067040652036667
16	neutral	../final/models/models_2nd_run/model3_35	../final/models/models_2nd_run/model3_35	pride	0.43003860116004944	0.08936917781829834	0.32907983660697937	0.08846455812454224	0.0374615378677845	0.43003860116004944	0.0024753506295382977	0.007902830839157104	0.003554948139935732	0.0027883662842214108	0.003538804827257991	0.0034631656017154455	0.0018629127880558372
511	nervousness	../final/models/models_2nd_run/model3_35	../final/models/models_2nd_run/model3_35	nervousness	0.5264771580696106	0.032290227711200714	0.011071022599935532	0.12223847210407257	0.009279763326048851	0.020554566755890846	0.04499201849102974	0.5264771580696106	0.020163321867585182	0.056736525148153305	0.020672328770160675	0.06513329595327377	0.07039130479097366
48	nervousness	../final/models/models_2nd_run/model3_35	../final/models/models_2nd_run/model3_35	excitement	0.8228070735931396	0.05753801017999649	0.8228070735931396	0.06555183231830597	0.021388864144682884	0.015131940133869648	0.0017267981311306357	0.003945101052522659	0.0027914992533624172	0.0029098340310156345	0.0012584722135215998	0.0031017428264021873	0.0018489109352231026
191	pride	../final/models/models_2nd_run/model3_35	../final/models/models_2nd_run/model3_35	neutral	0.3793216049671173	0.3054969906806946	0.15470288693904877	0.3793216049671173	0.06208929419517517	0.049792174249887466	0.010056520812213421	0.011449502781033516	0.00797809474170208	0.0060168602503836155	0.004304754082113504	0.004462005104869604	0.004329287447035313
546	surprise	../final/models/models_2nd_run/model3_35	../final/models/models_2nd_run/model3_35	neutral	0.3634355366230011	0.2578434944152832	0.13557268679141998	0.3634355366230011	0.04540947079658508	0.15920571982860565	0.005614045541733503	0.011356171220541	0.0054107531905174255	0.0040443046018481255	0.004566415678709745	0.00439479760825634	0.003146540140733123
515	pride	../final/models/models_2nd_run/model3_35	../final/models/models_2nd_run/model3_35	joy	0.6115823984146118	0.6115823984146118	0.07576525211334229	0.2565769851207733	0.019001727923750877	0.013500160537660122	0.0038626629393547773	0.002905997447669506	0.004742849618196487	0.003669487778097391	0.001462631276808679	0.0041288649663329124	0.0028009728994220495
658	pride	../final/models/models_2nd_run/model3_35	../final/models/models_2nd_run/model3_35	pride	0.5752856135368347	0.09774938225746155	0.1682427078485489	0.07917507737874985	0.02589762955904007	0.5752856135368347	0.0035993559285998344	0.024866627529263496	0.0075987232849001884	0.0047118752263486385	0.006873842794448137	0.0035513800103217363	0.002447800012305379
1043	excitement	../final/models/models_2nd_run/model3_35	../final/models/models_2nd_run/model3_35	excitement	0.7871061563491821	0.07011881470680237	0.7871061563491821	0.08278386294841766	0.021472930908203125	0.02011873945593834	0.00172152160666883	0.004101610742509365	0.0033039692789316177	0.0030991332605481148	0.001293204608373344	0.0030880181584507227	0.001792124123312533
828	nervousness	../final/models/models_2nd_run/model3_35	../final/models/models_2nd_run/model3_35	nervousness	0.760376513004303	0.007352534681558609	0.0049325572326779366	0.013483736664056778	0.0024073810782283545	0.013072948902845383	0.015562636777758598	0.760376513004303	0.010021074675023556	0.14311793446540833	0.0077937692403793335	0.0156252458691597	0.006253690458834171
1019	excitement	../final/models/models_2nd_run/model3_35	../final/models/models_2nd_run/model3_35	excitement	0.6960016489028931	0.11153529584407806	0.6960016489028931	0.09594624489545822	0.05328552797436714	0.02511798031628132	0.00186788325663656	0.003916078247129917	0.0038642308209091425	0.0026382142677903175	0.001754359225742519	0.002441068645566702	0.0016314465319737792
1067	neutral	../final/models/models_2nd_run/model3_35	../final/models/models_2nd_run/model3_35	neutral	0.6432236433029175	0.23237107694149017	0.041853513568639755	0.6432236433029175	0.01753721944987774	0.0346314013004303	0.0037780599668622017	0.007362744305282831	0.0051650600507855415	0.005032774992287159	0.0018349399324506521	0.004430666565895081	0.002778918482363224
959	neutral	../final/models/models_2nd_run/model3_35	../final/models/models_2nd_run/model3_35	neutral	0.5380366444587708	0.2871502935886383	0.06907465308904648	0.5380366444587708	0.018763961270451546	0.04718735069036484	0.005464387591928244	0.010946075432002544	0.0061343032866716385	0.005342534277588129	0.0018609995022416115	0.007199000101536512	0.0028397508431226015
1198	sadness	../final/models/models_2nd_run/model3_35	../final/models/models_2nd_run/model3_35	embarrassment	0.7718628644943237	0.003809247864410281	0.0041825794614851475	0.0035447226837277412	0.0031350997742265463	0.014776384457945824	0.020264947786927223	0.0910043939948082	0.007250565569847822	0.031756434589624405	0.7718628644943237	0.013062337413430214	0.035350456833839417
283	pride	../final/models/models_2nd_run/model3_35	../final/models/models_2nd_run/model3_35	joy	0.2970772087574005	0.2970772087574005	0.23209147155284882	0.15424995124340057	0.019895844161510468	0.270381361246109	0.004843645729124546	0.00747225945815444	0.0034381162840873003	0.0031335260719060898	0.0025957808829844	0.0030506534967571497	0.0017701771575957537
797	joy	../final/models/models_2nd_run/model3_35	../final/models/models_2nd_run/model3_35	pride	0.6226041913032532	0.10877817869186401	0.15516097843647003	0.07000415772199631	0.01605432853102684	0.6226041913032532	0.0021256289910525084	0.010268505662679672	0.0049290889874100685	0.0029750375542789698	0.0031645242124795914	0.0025040549226105213	0.001431307173334062
225	embarrassment	../final/models/models_2nd_run/model3_35	../final/models/models_2nd_run/model3_35	nervousness	0.4585816562175751	0.01490222942084074	0.01277469377964735	0.03488653525710106	0.024428922683000565	0.016065800562500954	0.050822753459215164	0.4585816562175751	0.04095892235636711	0.12318287789821625	0.15830077230930328	0.01625772938132286	0.04883713647723198
26	disgust	../final/models/models_2nd_run/model3_35	../final/models/models_2nd_run/model3_35	disgust	0.37477731704711914	0.031231192871928215	0.0069521209225058556	0.0734337791800499	0.008864515461027622	0.00285961851477623	0.130826935172081	0.11006893962621689	0.013408547267317772	0.19021283090114594	0.011292885057628155	0.046071361750364304	0.37477731704711914
437	neutral	../final/models/models_2nd_run/model3_35	../final/models/models_2nd_run/model3_35	neutral	0.8183714151382446	0.07840142399072647	0.017435843124985695	0.8183714151382446	0.017957529053092003	0.01283944584429264	0.00560816191136837	0.012160195969045162	0.007670914754271507	0.011735101230442524	0.0025778484996408224	0.008327282965183258	0.006914817728102207
1237	neutral	../final/models/models_2nd_run/model3_35	../final/models/models_2nd_run/model3_35	nervousness	0.3875604271888733	0.05560837686061859	0.03876064345240593	0.11462612450122833	0.030597355216741562	0.18184882402420044	0.04138002544641495	0.3875604271888733	0.030191004276275635	0.051565416157245636	0.04743415489792824	0.010337421670556068	0.010090230964124203
229	excitement	../final/models/models_2nd_run/model3_35	../final/models/models_2nd_run/model3_35	joy	0.36044207215309143	0.36044207215309143	0.2178897112607956	0.17645558714866638	0.03186696395277977	0.19081297516822815	0.0027074581012129784	0.005117012187838554	0.0048007299192249775	0.0026464529801160097	0.0025588073767721653	0.0028493364807218313	0.0018530962988734245
37	neutral	../final/models/models_2nd_run/model3_35	../final/models/models_2nd_run/model3_35	joy	0.31854110956192017	0.31854110956192017	0.3095019459724426	0.15843215584754944	0.05277535319328308	0.12012222409248352	0.003929889295250177	0.015289387665688992	0.004744179546833038	0.00443247752264142	0.004707080312073231	0.00407882034778595	0.0034453144762665033
749	joy	../final/models/models_2nd_run/model3_35	../final/models/models_2nd_run/model3_35	fear	0.4349633753299713	0.012121644802391529	0.004961179569363594	0.025862490758299828	0.005178539548069239	0.0057984609156847	0.032868385314941406	0.4235743284225464	0.024233777076005936	0.4349633753299713	0.006486417260020971	0.013868346810340881	0.01008306909352541
469	joy	../final/models/models_2nd_run/model3_35	../final/models/models_2nd_run/model3_35	joy	0.5126650929450989	0.5126650929450989	0.2568833529949188	0.153118297457695	0.038816191256046295	0.016862990334630013	0.0037272328045219183	0.0027065169997513294	0.0049576954916119576	0.0026667171623557806	0.001708680996671319	0.003447330556809902	0.002439874690026045
1088	pride	../final/models/models_2nd_run/model3_35	../final/models/models_2nd_run/model3_35	pride	0.8803752660751343	0.01707659661769867	0.052321624010801315	0.013625307939946651	0.007752792444080114	0.8803752660751343	0.0014975492376834154	0.013822758570313454	0.0029696431010961533	0.0026215845718979836	0.0046860696747899055	0.0021947158966213465	0.001056074514053762
1251	sadness	../final/models/models_2nd_run/model3_35	../final/models/models_2nd_run/model3_35	sadness	0.31209078431129456	0.014830023981630802	0.008263110183179379	0.044282104820013046	0.015314091928303242	0.012689771130681038	0.31209078431129456	0.279185026884079	0.15798112750053406	0.07145607471466064	0.05725783109664917	0.007805257569998503	0.018844785168766975
687	pride	../final/models/models_2nd_run/model3_35	../final/models/models_2nd_run/model3_35	excitement	0.3839271366596222	0.10643218457698822	0.3839271366596222	0.1337074637413025	0.032947439700365067	0.3016429543495178	0.0023208006750792265	0.018896715715527534	0.00592063507065177	0.004254375118762255	0.003839682787656784	0.0034999072086066008	0.002610603114590049
639	joy	../final/models/models_2nd_run/model3_35	../final/models/models_2nd_run/model3_35	joy	0.5521051287651062	0.5521051287651062	0.12191476672887802	0.25773361325263977	0.026092300191521645	0.016425268724560738	0.003457338083535433	0.003095247782766819	0.00560818612575531	0.003937341272830963	0.0017437307396903634	0.004383585881441832	0.0035035405308008194
1102	joy	../final/models/models_2nd_run/model3_35	../final/models/models_2nd_run/model3_35	joy	0.510585367679596	0.510585367679596	0.15753817558288574	0.23316837847232819	0.04963025078177452	0.022408006712794304	0.004071147181093693	0.0029482999816536903	0.007308993488550186	0.0029449486173689365	0.002272607758641243	0.003687966149300337	0.003435916965827346
1063	pride	../final/models/models_2nd_run/model3_35	../final/models/models_2nd_run/model3_35	pride	0.43426960706710815	0.07443699985742569	0.05073178932070732	0.15538781881332397	0.029427988454699516	0.43426960706710815	0.04447588324546814	0.12006933242082596	0.007473425008356571	0.022098129615187645	0.02835959941148758	0.023191960528492928	0.010077430866658688
1235	joy	../final/models/models_2nd_run/model3_35	../final/models/models_2nd_run/model3_35	joy	0.584522545337677	0.584522545337677	0.10016674548387527	0.24840104579925537	0.02534017525613308	0.016708001494407654	0.004277707077562809	0.0036036577075719833	0.004454517737030983	0.003701235167682171	0.0019237883388996124	0.0037271601613610983	0.0031733247451484203
800	joy	../final/models/models_2nd_run/model3_35	../final/models/models_2nd_run/model3_35	joy	0.5267089605331421	0.5267089605331421	0.1735782027244568	0.20087963342666626	0.03761853650212288	0.03795621544122696	0.004253573715686798	0.0045072841458022594	0.004954784642904997	0.002748690312728286	0.0021078819409012794	0.00260036694817245	0.002085882704705
160	disgust	../final/models/models_2nd_run/model3_35	../final/models/models_2nd_run/model3_35	nervousness	0.6165158748626709	0.012149009853601456	0.004104308784008026	0.030752364546060562	0.0035373454447835684	0.009777371771633625	0.08140730112791061	0.6165158748626709	0.011408807709813118	0.08782148361206055	0.016585318371653557	0.05577748641371727	0.07016322761774063
956	pride	../final/models/models_2nd_run/model3_35	../final/models/models_2nd_run/model3_35	excitement	0.44437092542648315	0.10437265038490295	0.44437092542648315	0.09610479325056076	0.023159658536314964	0.3036819398403168	0.0017605547327548265	0.011084032244980335	0.004420902114361525	0.00339518953114748	0.0027695668395608664	0.003125974675640464	0.0017537762178108096
821	pride	../final/models/models_2nd_run/model3_35	../final/models/models_2nd_run/model3_35	pride	0.8180503845214844	0.012199211865663528	0.03563931956887245	0.00917526800185442	0.0058074211701750755	0.8180503845214844	0.004557883832603693	0.06844668090343475	0.003695257008075714	0.0060263327322900295	0.022766264155507088	0.010115175507962704	0.0035207532346248627
1081	joy	../final/models/models_2nd_run/model3_35	../final/models/models_2nd_run/model3_35	joy	0.5520601868629456	0.5520601868629456	0.20951224863529205	0.16275529563426971	0.037989433854818344	0.012253914959728718	0.004160240292549133	0.002555639250203967	0.005885315593332052	0.0028592420276254416	0.001876912428997457	0.004345887806266546	0.0037456448189914227
877	nervousness	../final/models/models_2nd_run/model3_35	../final/models/models_2nd_run/model3_35	neutral	0.3107071816921234	0.10657873004674911	0.07885529100894928	0.3107071816921234	0.041166070848703384	0.20597009360790253	0.015016545541584492	0.15512317419052124	0.016474127769470215	0.03672752529382706	0.014926088973879814	0.011178011074662209	0.007277194410562515
913	pride	../final/models/models_2nd_run/model3_35	../final/models/models_2nd_run/model3_35	pride	0.6024184823036194	0.10541385412216187	0.0746079534292221	0.11502080410718918	0.030749497935175896	0.6024184823036194	0.009118584915995598	0.028080804273486137	0.00727807218208909	0.00769109558314085	0.01101803220808506	0.005387477111071348	0.0032152917701750994
152	excitement	../final/models/models_2nd_run/model3_35	../final/models/models_2nd_run/model3_35	joy	0.3865615725517273	0.3865615725517273	0.35048797726631165	0.13411910831928253	0.04429665580391884	0.06359747052192688	0.0028580615762621164	0.004076722543686628	0.005235676188021898	0.002713364316150546	0.0020918261725455523	0.0021750463638454676	0.0017865024274215102
1163	pride	../final/models/models_2nd_run/model3_35	../final/models/models_2nd_run/model3_35	excitement	0.4491424262523651	0.057779666036367416	0.4491424262523651	0.08696839958429337	0.025552941486239433	0.3324391841888428	0.0023780479095876217	0.024001000449061394	0.005159963853657246	0.006609488744288683	0.0038293921388685703	0.003862593090161681	0.002276877174153924
509	pride	../final/models/models_2nd_run/model3_35	../final/models/models_2nd_run/model3_35	joy	0.27279725670814514	0.27279725670814514	0.22271929681301117	0.1915338933467865	0.05375618860125542	0.21294160187244415	0.004451222252100706	0.015892958268523216	0.007173184305429459	0.0064567094668745995	0.005121788941323757	0.0036849756725132465	0.0034709391184151173
1068	pride	../final/models/models_2nd_run/model3_35	../final/models/models_2nd_run/model3_35	pride	0.5594366788864136	0.09641847014427185	0.1276209056377411	0.10238780826330185	0.03408253192901611	0.5594366788864136	0.0047888546250760555	0.04230883717536926	0.008030532859265804	0.006443377118557692	0.008282613940536976	0.006586744450032711	0.0036126060876995325
103	joy	../final/models/models_2nd_run/model3_35	../final/models/models_2nd_run/model3_35	joy	0.46612197160720825	0.46612197160720825	0.26266011595726013	0.18718717992305756	0.03765299916267395	0.021019071340560913	0.0034373656380921602	0.00286560389213264	0.005384187214076519	0.00306318630464375	0.001933565246872604	0.004425792954862118	0.004248947836458683
586	neutral	../final/models/models_2nd_run/model3_35	../final/models/models_2nd_run/model3_35	neutral	0.7859373092651367	0.11148141324520111	0.022643346339464188	0.7859373092651367	0.015412235632538795	0.021125352010130882	0.0038801191840320826	0.01179525163024664	0.006520252209156752	0.007729656063020229	0.0022324698511511087	0.00655394559726119	0.004688785411417484
1272	neutral	../final/models/models_2nd_run/model3_35	../final/models/models_2nd_run/model3_35	joy	0.3910468816757202	0.3910468816757202	0.08305846899747849	0.261331170797348	0.041297294199466705	0.022443899884819984	0.005853312090039253	0.01097290962934494	0.15795476734638214	0.009074701927602291	0.004397608805447817	0.005772476550191641	0.00679649505764246
53	neutral	../final/models/models_2nd_run/model3_35	../final/models/models_2nd_run/model3_35	joy	0.5373062491416931	0.5373062491416931	0.24713130295276642	0.1466817706823349	0.03302699699997902	0.0163513645529747	0.003443244844675064	0.0020915428176522255	0.003931068349629641	0.002480312716215849	0.001630835235118866	0.0031918403692543507	0.002733497181907296
151	joy	../final/models/models_2nd_run/model3_35	../final/models/models_2nd_run/model3_35	neutral	0.3526964783668518	0.08200445026159286	0.02426220290362835	0.3526964783668518	0.028231384232640266	0.08478417247533798	0.11740415543317795	0.18372100591659546	0.01478301640599966	0.05821598693728447	0.02136259339749813	0.01990988478064537	0.012624702416360378
403	anger	../final/models/models_2nd_run/model3_35	../final/models/models_2nd_run/model3_35	fear	0.5700875520706177	0.009237905032932758	0.004230387508869171	0.020614903420209885	0.004138560965657234	0.004488014616072178	0.014751343987882137	0.3119417130947113	0.026325171813368797	0.5700875520706177	0.004941036459058523	0.018430933356285095	0.010812459513545036
207	joy	../final/models/models_2nd_run/model3_35	../final/models/models_2nd_run/model3_35	pride	0.5607243180274963	0.11895052343606949	0.14637510478496552	0.11054282635450363	0.02568909339606762	0.5607243180274963	0.00303364684805274	0.016117246821522713	0.00544006610289216	0.003914481960237026	0.004339923616498709	0.0030977874994277954	0.0017749906983226538
1204	neutral	../final/models/models_2nd_run/model3_35	../final/models/models_2nd_run/model3_35	neutral	0.512533962726593	0.37584394216537476	0.04974696412682533	0.512533962726593	0.015650039538741112	0.021254295483231544	0.004695016425102949	0.003833758644759655	0.0035004380624741316	0.003795054042711854	0.0014145247405394912	0.00491548515856266	0.002816556952893734
8	pride	../final/models/models_2nd_run/model3_35	../final/models/models_2nd_run/model3_35	neutral	0.3380027115345001	0.12006020545959473	0.046399205923080444	0.3380027115345001	0.0685303807258606	0.05030239000916481	0.03565266355872154	0.17833805084228516	0.020876213908195496	0.03341725096106529	0.0361051931977272	0.021734900772571564	0.05058091878890991
1014	confusion	../final/models/models_2nd_run/model3_35	../final/models/models_2nd_run/model3_35	disgust	0.30174708366394043	0.013222476467490196	0.004686391446739435	0.04606679454445839	0.00413159467279911	0.008891257457435131	0.06888091564178467	0.24984894692897797	0.010580765083432198	0.0643775686621666	0.02092364989221096	0.2066425383090973	0.30174708366394043
1060	joy	../final/models/models_2nd_run/model3_35	../final/models/models_2nd_run/model3_35	excitement	0.6062071919441223	0.16860444843769073	0.6062071919441223	0.07682160288095474	0.07864543795585632	0.051590315997600555	0.0020581732969731092	0.003245373023673892	0.0055046966299414635	0.0018787230364978313	0.0023702241014689207	0.0016903807409107685	0.0013833757257089019
452	joy	../final/models/models_2nd_run/model3_35	../final/models/models_2nd_run/model3_35	neutral	0.2930324673652649	0.19541291892528534	0.21124711632728577	0.2930324673652649	0.0366046242415905	0.2282688319683075	0.0029905319679528475	0.01066058874130249	0.005539265926927328	0.003555868985131383	0.0037120271008461714	0.00573396310210228	0.003241786267608404
253	joy	../final/models/models_2nd_run/model3_35	../final/models/models_2nd_run/model3_35	joy	0.4712660014629364	0.4712660014629364	0.09331648796796799	0.30283692479133606	0.02955377660691738	0.06409705430269241	0.008190388791263103	0.012300245463848114	0.004745501093566418	0.004165764432400465	0.0032627342734485865	0.0034235711209475994	0.0028415753040462732
896	excitement	../final/models/models_2nd_run/model3_35	../final/models/models_2nd_run/model3_35	joy	0.29638102650642395	0.29638102650642395	0.17957685887813568	0.20902332663536072	0.024304496124386787	0.26014018058776855	0.005933992564678192	0.008033471181988716	0.004077179357409477	0.0034621483646333218	0.003402183996513486	0.0035614739172160625	0.002103678649291396
1113	joy	../final/models/models_2nd_run/model3_35	../final/models/models_2nd_run/model3_35	neutral	0.5345988869667053	0.2829274535179138	0.06457851827144623	0.5345988869667053	0.017360465601086617	0.0630074068903923	0.005086272954940796	0.01093083992600441	0.004667395260185003	0.006843806244432926	0.002683030441403389	0.0046218871138989925	0.002693973481655121
880	pride	../final/models/models_2nd_run/model3_35	../final/models/models_2nd_run/model3_35	joy	0.2808171212673187	0.2808171212673187	0.1205095648765564	0.2553233206272125	0.07928237318992615	0.1297626793384552	0.016014188528060913	0.02524615451693535	0.02928650565445423	0.010703896172344685	0.027853194624185562	0.0059591494500637054	0.01924191601574421
1202	pride	../final/models/models_2nd_run/model3_35	../final/models/models_2nd_run/model3_35	pride	0.5653731822967529	0.10906559973955154	0.13668818771839142	0.09085311740636826	0.02411716803908348	0.5653731822967529	0.0049340371042490005	0.036655135452747345	0.007652768399566412	0.0062342360615730286	0.009564305655658245	0.005450330208986998	0.0034120262134820223
623	disgust	../final/models/models_2nd_run/model3_35	../final/models/models_2nd_run/model3_35	disgust	0.8726317882537842	0.011499747633934021	0.0040746452286839485	0.029927168041467667	0.005757424049079418	0.0018058414570987225	0.009229632094502449	0.008018911816179752	0.005938906688243151	0.018667932599782944	0.009536489844322205	0.02291163057088852	0.8726317882537842
345	joy	../final/models/models_2nd_run/model3_35	../final/models/models_2nd_run/model3_35	joy	0.5432954430580139	0.5432954430580139	0.18430276215076447	0.18403153121471405	0.033140093088150024	0.02205103635787964	0.004553886596113443	0.004431108012795448	0.0068428306840360165	0.0042578717693686485	0.0025049184914678335	0.006458350922912359	0.004130195826292038
1094	neutral	../final/models/models_2nd_run/model3_35	../final/models/models_2nd_run/model3_35	neutral	0.7791042327880859	0.10352758318185806	0.015761807560920715	0.7791042327880859	0.01827981323003769	0.011579351499676704	0.011164980009198189	0.01503283716738224	0.009614543989300728	0.011885479092597961	0.0034425684716552496	0.009151166304945946	0.011455678381025791
262	excitement	../final/models/models_2nd_run/model3_35	../final/models/models_2nd_run/model3_35	joy	0.5173467993736267	0.5173467993736267	0.24353480339050293	0.15415097773075104	0.033613163977861404	0.03137386590242386	0.0033687951508909464	0.0028023794293403625	0.004045066423714161	0.00261365226469934	0.0016351365484297276	0.003334886161610484	0.0021804303396493196
150	neutral	../final/models/models_2nd_run/model3_35	../final/models/models_2nd_run/model3_35	joy	0.43594056367874146	0.43594056367874146	0.11412831395864487	0.37620383501052856	0.028635352849960327	0.014159020036458969	0.004416384268552065	0.003440830623731017	0.006692094728350639	0.004311272408813238	0.0018406378803774714	0.005576809402555227	0.004654930904507637
472	joy	../final/models/models_2nd_run/model3_35	../final/models/models_2nd_run/model3_35	neutral	0.7858577370643616	0.11119108647108078	0.022939490154385567	0.7858577370643616	0.021036436781287193	0.010805444791913033	0.006244962103664875	0.0075324783101677895	0.007922465912997723	0.008712049573659897	0.002840490313246846	0.0069457292556762695	0.007971645332872868
640	pride	../final/models/models_2nd_run/model3_35	../final/models/models_2nd_run/model3_35	pride	0.7487308979034424	0.04179621860384941	0.11301735043525696	0.0381498858332634	0.023004896938800812	0.7487308979034424	0.0024061037693172693	0.015455406159162521	0.004730077460408211	0.003790631890296936	0.004854040686041117	0.002712669549509883	0.0013518222840502858
1261	neutral	../final/models/models_2nd_run/model3_35	../final/models/models_2nd_run/model3_35	pride	0.3020559549331665	0.22089505195617676	0.14287488162517548	0.2691675126552582	0.026088450103998184	0.3020559549331665	0.0067903888411819935	0.012247570790350437	0.00360120995901525	0.004802989773452282	0.003844994120299816	0.005245504900813103	0.0023854607716202736
1199	excitement	../final/models/models_2nd_run/model3_35	../final/models/models_2nd_run/model3_35	joy	0.4964628219604492	0.4964628219604492	0.2634976804256439	0.1435241997241974	0.04570300132036209	0.029094262048602104	0.0038925164844840765	0.0034143845550715923	0.004733681213110685	0.0027423917781561613	0.0020788954570889473	0.0028554133605211973	0.002000757958739996
550	sadness	../final/models/models_2nd_run/model3_35	../final/models/models_2nd_run/model3_35	sadness	0.6298377513885498	0.015099635347723961	0.005649951286613941	0.028367910534143448	0.006590445525944233	0.009214947931468487	0.6298377513885498	0.1920693814754486	0.011940546333789825	0.04669826477766037	0.025304367765784264	0.015818826854228973	0.013407978229224682
928	joy	../final/models/models_2nd_run/model3_35	../final/models/models_2nd_run/model3_35	joy	0.5086984038352966	0.5086984038352966	0.11799252033233643	0.3081747591495514	0.020930875092744827	0.020345071330666542	0.004299805965274572	0.0033499395940452814	0.004256824497133493	0.003168403171002865	0.0015674489550292492	0.004299922846257687	0.0029160762205719948
488	nervousness	../final/models/models_2nd_run/model3_35	../final/models/models_2nd_run/model3_35	neutral	0.32886436581611633	0.12180070579051971	0.2963166832923889	0.32886436581611633	0.039607204496860504	0.1660984456539154	0.002872790675610304	0.018415842205286026	0.004753853660076857	0.00625629723072052	0.00421992689371109	0.007498636841773987	0.0032951505854725838
1147	anger	../final/models/models_2nd_run/model3_35	../final/models/models_2nd_run/model3_35	neutral	0.3800346553325653	0.056690752506256104	0.018401585519313812	0.3800346553325653	0.05087080970406532	0.010725097730755806	0.06624678522348404	0.15647834539413452	0.027855152264237404	0.1407482773065567	0.030207574367523193	0.01789933629333973	0.04384163022041321
146	neutral	../final/models/models_2nd_run/model3_35	../final/models/models_2nd_run/model3_35	pride	0.5314974188804626	0.11623640358448029	0.17043812572956085	0.10400614887475967	0.032112300395965576	0.5314974188804626	0.004348064307123423	0.019720643758773804	0.0051363385282456875	0.00544754508882761	0.005579160992056131	0.0033008246682584286	0.002177072688937187
402	joy	../final/models/models_2nd_run/model3_35	../final/models/models_2nd_run/model3_35	excitement	0.28647568821907043	0.1407850831747055	0.28647568821907043	0.07720517367124557	0.17498235404491425	0.13988280296325684	0.021810034289956093	0.054032862186431885	0.07009998708963394	0.011383876204490662	0.016499079763889313	0.0042658220045268536	0.002577269682660699
954	pride	../final/models/models_2nd_run/model3_35	../final/models/models_2nd_run/model3_35	pride	0.8653984069824219	0.01984451711177826	0.06579198688268661	0.014428399503231049	0.008465614169836044	0.8653984069824219	0.0014704359928146005	0.011738334782421589	0.0026992943603545427	0.0023006184492260218	0.004579247906804085	0.002188895596191287	0.001094267820008099
1194	confusion	../final/models/models_2nd_run/model3_35	../final/models/models_2nd_run/model3_35	neutral	0.2673245370388031	0.05644693598151207	0.022606590762734413	0.2673245370388031	0.05383545532822609	0.009277342818677425	0.02945500612258911	0.21402524411678314	0.055315982550382614	0.24430635571479797	0.01127654779702425	0.015995673835277557	0.020134368911385536
659	joy	../final/models/models_2nd_run/model3_35	../final/models/models_2nd_run/model3_35	sadness	0.2648724615573883	0.22291895747184753	0.04737392067909241	0.1892353594303131	0.052790191024541855	0.03053530864417553	0.2648724615573883	0.0837206244468689	0.008655969984829426	0.056749649345874786	0.02275797165930271	0.008686642162501812	0.011702930554747581
463	joy	../final/models/models_2nd_run/model3_35	../final/models/models_2nd_run/model3_35	joy	0.5352039337158203	0.5352039337158203	0.17192871868610382	0.21046265959739685	0.037890221923589706	0.02091294713318348	0.003979434259235859	0.0029902211390435696	0.0053551108576357365	0.003000074066221714	0.0019079572521150112	0.0035405890084803104	0.002828075783327222
186	surprise	../final/models/models_2nd_run/model3_35	../final/models/models_2nd_run/model3_35	pride	0.36779457330703735	0.2108309119939804	0.20751018822193146	0.113911472260952	0.05299068242311478	0.36779457330703735	0.00414607860147953	0.02022717148065567	0.006169814150780439	0.005365838762372732	0.005318892188370228	0.0031772160436958075	0.0025572655722498894
608	joy	../final/models/models_2nd_run/model3_35	../final/models/models_2nd_run/model3_35	joy	0.4702569246292114	0.4702569246292114	0.1670282930135727	0.25891438126564026	0.04487079754471779	0.03200044855475426	0.0032349301036447287	0.0035953044425696135	0.006812951993197203	0.0030994361732155085	0.002525666495785117	0.0036668553948402405	0.00399401132017374
143	joy	../final/models/models_2nd_run/model3_35	../final/models/models_2nd_run/model3_35	joy	0.32458630204200745	0.32458630204200745	0.15545062720775604	0.12823016941547394	0.05201411619782448	0.27175310254096985	0.021623412147164345	0.021478967741131783	0.0070021445862948895	0.005781622137874365	0.007612921763211489	0.002490610582754016	0.0019759931601583958
751	joy	../final/models/models_2nd_run/model3_35	../final/models/models_2nd_run/model3_35	neutral	0.43237975239753723	0.4254830479621887	0.06456398963928223	0.43237975239753723	0.019642766565084457	0.03076017275452614	0.003982492256909609	0.004842290189117193	0.004494627937674522	0.00417148694396019	0.0017823186935856938	0.004730768036097288	0.003166343318298459
981	joy	../final/models/models_2nd_run/model3_35	../final/models/models_2nd_run/model3_35	neutral	0.5270203351974487	0.33634325861930847	0.037280719727277756	0.5270203351974487	0.015748359262943268	0.04033016040921211	0.009463020600378513	0.011172537691891193	0.004397979937493801	0.005860663019120693	0.0024890294298529625	0.005628179293125868	0.004265736322849989
197	joy	../final/models/models_2nd_run/model3_35	../final/models/models_2nd_run/model3_35	excitement	0.28461283445358276	0.21793556213378906	0.28461283445358276	0.12388154119253159	0.14034181833267212	0.19868157804012299	0.006292852573096752	0.008101389743387699	0.00517390388995409	0.00381169724278152	0.005986785050481558	0.002912988420575857	0.002266988391056657
883	pride	../final/models/models_2nd_run/model3_35	../final/models/models_2nd_run/model3_35	joy	0.5377184152603149	0.5377184152603149	0.07977083325386047	0.27634111046791077	0.03714785352349281	0.035540007054805756	0.009405326098203659	0.007485697045922279	0.005145993083715439	0.0039032523054629564	0.0025179574731737375	0.0026444699615240097	0.002379089128226042
279	excitement	../final/models/models_2nd_run/model3_35	../final/models/models_2nd_run/model3_35	excitement	0.4826117157936096	0.21471872925758362	0.4826117157936096	0.13773991167545319	0.11182787269353867	0.026642750948667526	0.002817521570250392	0.0027665430679917336	0.00502906134352088	0.0031190584413707256	0.00263311923481524	0.006111172027885914	0.00398258725181222
293	excitement	../final/models/models_2nd_run/model3_35	../final/models/models_2nd_run/model3_35	neutral	0.6701416373252869	0.20518672466278076	0.03686334565281868	0.6701416373252869	0.026180585846304893	0.02108672633767128	0.006118674296885729	0.009851623326539993	0.006272816564887762	0.006901565473526716	0.002389282453805208	0.00496474327519536	0.004042297601699829
1155	pride	../final/models/models_2nd_run/model3_35	../final/models/models_2nd_run/model3_35	pride	0.5108180642127991	0.08406112343072891	0.2596665620803833	0.07280507683753967	0.03291615471243858	0.5108180642127991	0.0023426192346960306	0.017713500186800957	0.005949870217591524	0.003866401966661215	0.004732293076813221	0.003063909476622939	0.0020644934847950935
400	joy	../final/models/models_2nd_run/model3_35	../final/models/models_2nd_run/model3_35	pride	0.3025866746902466	0.27976933121681213	0.15868215262889862	0.19138923287391663	0.0361599326133728	0.3025866746902466	0.003970071207731962	0.009477466344833374	0.004978177137672901	0.0036642702762037516	0.0036207186058163643	0.0032499071676284075	0.002452095504850149
122	excitement	../final/models/models_2nd_run/model3_35	../final/models/models_2nd_run/model3_35	joy	0.4862641990184784	0.4862641990184784	0.08614978939294815	0.33339908719062805	0.016981404274702072	0.0543762631714344	0.004173950757831335	0.004584347363561392	0.0035754621494561434	0.0032182151917368174	0.0017724906792864203	0.0034173799213021994	0.0020873763132840395
202	excitement	../final/models/models_2nd_run/model3_35	../final/models/models_2nd_run/model3_35	joy	0.5074357390403748	0.5074357390403748	0.12918272614479065	0.27188318967819214	0.029289571568369865	0.038599468767642975	0.003185153705999255	0.004147345665842295	0.005070259794592857	0.0035155965015292168	0.0018910146318376064	0.003265375504270196	0.0025344977620989084
835	excitement	../final/models/models_2nd_run/model3_35	../final/models/models_2nd_run/model3_35	excitement	0.5100287795066833	0.13782265782356262	0.5100287795066833	0.05980992689728737	0.2602352797985077	0.012375395745038986	0.002696286654099822	0.0017651711823418736	0.005415275227278471	0.002403006888926029	0.0023587814066559076	0.0031326431781053543	0.001956816529855132
246	excitement	../final/models/models_2nd_run/model3_35	../final/models/models_2nd_run/model3_35	joy	0.4620523154735565	0.4620523154735565	0.27446186542510986	0.17083068192005157	0.0523175448179245	0.019822757691144943	0.0034071633126586676	0.002204276854172349	0.004545996431261301	0.002126321429386735	0.0019208816811442375	0.003486761124804616	0.002823424292728305
1209	excitement	../final/models/models_2nd_run/model3_35	../final/models/models_2nd_run/model3_35	excitement	0.6920469403266907	0.12301652133464813	0.6920469403266907	0.10495505481958389	0.022750476375222206	0.03718140721321106	0.0019543501548469067	0.005454360041767359	0.003503442043438554	0.003416980616748333	0.001477760379202664	0.0026426322292536497	0.0016000920441001654
1197	neutral	../final/models/models_2nd_run/model3_35	../final/models/models_2nd_run/model3_35	sadness	0.3679297864437103	0.02132885530591011	0.006069660652428865	0.07715718448162079	0.009610217064619064	0.008688041940331459	0.3679297864437103	0.286332905292511	0.03336317837238312	0.10602467507123947	0.037519048899412155	0.015528146177530289	0.030448434874415398
384	excitement	../final/models/models_2nd_run/model3_35	../final/models/models_2nd_run/model3_35	joy	0.4581175744533539	0.4581175744533539	0.10327430814504623	0.3494336009025574	0.028065431863069534	0.029780058190226555	0.003761282190680504	0.005799976643174887	0.006548812612891197	0.00487819779664278	0.002186591038480401	0.004433219321072102	0.0037209056317806244
854	joy	../final/models/models_2nd_run/model3_35	../final/models/models_2nd_run/model3_35	joy	0.30942612886428833	0.30942612886428833	0.157022625207901	0.29790663719177246	0.04000335559248924	0.16258732974529266	0.007133943494409323	0.007670190185308456	0.004395937547087669	0.003487549489364028	0.004204974509775639	0.003723113564774394	0.002438159193843603
219	neutral	../final/models/models_2nd_run/model3_35	../final/models/models_2nd_run/model3_35	neutral	0.5300543904304504	0.3601005971431732	0.040340837091207504	0.5300543904304504	0.01928049884736538	0.014642655849456787	0.005019947420805693	0.005683508701622486	0.006180270109325647	0.00589759461581707	0.001877096830867231	0.006259283982217312	0.004663375206291676
641	fear	../final/models/models_2nd_run/model3_35	../final/models/models_2nd_run/model3_35	nervousness	0.5085338950157166	0.022098440676927567	0.006521972361952066	0.06979530304670334	0.004683652892708778	0.018514156341552734	0.1043296679854393	0.5085338950157166	0.010173792950809002	0.05403224751353264	0.022667506709694862	0.09101854264736176	0.08763083815574646
1	neutral	../final/models/models_2nd_run/model3_35	../final/models/models_2nd_run/model3_35	neutral	0.3979718089103699	0.09149400144815445	0.06910166889429092	0.3979718089103699	0.029411619529128075	0.28974929451942444	0.007770046591758728	0.06761004030704498	0.01083687786012888	0.013179151341319084	0.009558911435306072	0.008292133919894695	0.005024415906518698
112	joy	../final/models/models_2nd_run/model3_35	../final/models/models_2nd_run/model3_35	pride	0.3366362750530243	0.22240610420703888	0.15725362300872803	0.15932898223400116	0.05491233244538307	0.3366362750530243	0.011329982429742813	0.028769994154572487	0.007336984388530254	0.007526152301579714	0.008169596083462238	0.0036262336652725935	0.0027037360705435276
698	pride	../final/models/models_2nd_run/model3_35	../final/models/models_2nd_run/model3_35	joy	0.618462860584259	0.618462860584259	0.17766961455345154	0.1345178186893463	0.026995738968253136	0.02388666197657585	0.003241761587560177	0.0027163769118487835	0.0037457088474184275	0.0026943653356283903	0.0014058511005714536	0.0028148051351308823	0.001848441082984209
1216	excitement	../final/models/models_2nd_run/model3_35	../final/models/models_2nd_run/model3_35	joy	0.3691413998603821	0.3691413998603821	0.27832886576652527	0.20452716946601868	0.05346015468239784	0.07056918740272522	0.0036029431503266096	0.004276711959391832	0.0048436690121889114	0.0025804999750107527	0.003087656106799841	0.003080091904848814	0.002501571550965309
951	pride	../final/models/models_2nd_run/model3_35	../final/models/models_2nd_run/model3_35	neutral	0.3123554289340973	0.178678497672081	0.12472231686115265	0.3123554289340973	0.05501276254653931	0.26759248971939087	0.004209355916827917	0.021078070625662804	0.008800368756055832	0.006427554879337549	0.008216504007577896	0.006689006462693214	0.006217786576598883
1145	excitement	../final/models/models_2nd_run/model3_35	../final/models/models_2nd_run/model3_35	pride	0.5828277468681335	0.06963494420051575	0.1197475716471672	0.11707894504070282	0.04499530419707298	0.5828277468681335	0.004515282344073057	0.026438303291797638	0.009915084578096867	0.005878898315131664	0.008978438563644886	0.006441183388233185	0.003548302920535207
441	pride	../final/models/models_2nd_run/model3_35	../final/models/models_2nd_run/model3_35	nervousness	0.3967655897140503	0.08915021270513535	0.038979671895504	0.1540820151567459	0.026003913953900337	0.06937094032764435	0.09790655970573425	0.3967655897140503	0.023062437772750854	0.05855591595172882	0.024435440078377724	0.009262057952582836	0.012425223365426064
663	surprise	../final/models/models_2nd_run/model3_35	../final/models/models_2nd_run/model3_35	pride	0.36549222469329834	0.1112276241183281	0.13440483808517456	0.27721086144447327	0.038888119161129	0.36549222469329834	0.005001511424779892	0.03571575507521629	0.00887454766780138	0.00820181705057621	0.005918402224779129	0.005980607587844133	0.003083731746301055
1182	confusion	../final/models/models_2nd_run/model3_35	../final/models/models_2nd_run/model3_35	confusion	0.3269917964935303	0.05753856152296066	0.023966118693351746	0.27473604679107666	0.04275977239012718	0.03652605041861534	0.05112914741039276	0.07376684248447418	0.3269917964935303	0.030279837548732758	0.047192368656396866	0.0075315553694963455	0.02758187986910343
317	confusion	../final/models/models_2nd_run/model3_35	../final/models/models_2nd_run/model3_35	fear	0.522816002368927	0.011836223304271698	0.004779736045747995	0.02636462263762951	0.005579155404120684	0.004149972926825285	0.02399030700325966	0.3189617097377777	0.048941705375909805	0.522816002368927	0.005908978171646595	0.014247152023017406	0.012424424290657043
648	joy	../final/models/models_2nd_run/model3_35	../final/models/models_2nd_run/model3_35	joy	0.37609562277793884	0.37609562277793884	0.25792771577835083	0.201912060379982	0.10213495045900345	0.031211579218506813	0.003578071715310216	0.003903319127857685	0.007117874920368195	0.002774350345134735	0.004333730321377516	0.0045088231563568115	0.0045018307864665985
709	anger	../final/models/models_2nd_run/model3_35	../final/models/models_2nd_run/model3_35	fear	0.6495229005813599	0.014188501983880997	0.004234639462083578	0.03724280372262001	0.005431103520095348	0.0030796907376497984	0.021424591541290283	0.061028510332107544	0.016246413812041283	0.6495229005813599	0.007903316989541054	0.0308409221470356	0.14885669946670532
972	pride	../final/models/models_2nd_run/model3_35	../final/models/models_2nd_run/model3_35	pride	0.6411021947860718	0.049256883561611176	0.13853755593299866	0.04602958634495735	0.050319697707891464	0.6411021947860718	0.007486333139240742	0.030465340241789818	0.007144673261791468	0.0055795335210859776	0.01681596040725708	0.0046028937213122845	0.0026593711227178574
627	pride	../final/models/models_2nd_run/model3_35	../final/models/models_2nd_run/model3_35	pride	0.45292502641677856	0.07425154000520706	0.1340969204902649	0.0783185064792633	0.04615916684269905	0.45292502641677856	0.008649644441902637	0.14091373980045319	0.009006435051560402	0.01589909940958023	0.02626824378967285	0.00797239039093256	0.005539323668926954
632	excitement	../final/models/models_2nd_run/model3_35	../final/models/models_2nd_run/model3_35	joy	0.4537524878978729	0.4537524878978729	0.34633469581604004	0.12223842740058899	0.030535222962498665	0.02646753564476967	0.0030802504625171423	0.00279019377194345	0.005095456261187792	0.0025364041794091463	0.0016849808162078261	0.0031141038052737713	0.0023703170008957386
1241	anger	../final/models/models_2nd_run/model3_35	../final/models/models_2nd_run/model3_35	anger	0.3215949833393097	0.0294438935816288	0.010694625787436962	0.06883469969034195	0.00830819457769394	0.029118584468960762	0.0641128271818161	0.3161627948284149	0.012298338115215302	0.03555719926953316	0.023024791851639748	0.3215949833393097	0.08084914088249207
1173	joy	../final/models/models_2nd_run/model3_35	../final/models/models_2nd_run/model3_35	joy	0.5988104939460754	0.5988104939460754	0.09159837663173676	0.2500986158847809	0.019672898575663567	0.019362999126315117	0.003340768860653043	0.002799115376546979	0.004141754936426878	0.0031456088181585073	0.001400677370838821	0.003324585035443306	0.0023041304666548967
795	neutral	../final/models/models_2nd_run/model3_35	../final/models/models_2nd_run/model3_35	joy	0.5276548862457275	0.5276548862457275	0.17534075677394867	0.21200411021709442	0.03009023517370224	0.029118632897734642	0.0033634856808930635	0.0038957325741648674	0.0059451456181705	0.0035235481336712837	0.002058951649814844	0.0035972781479358673	0.0034072089474648237
645	surprise	../final/models/models_2nd_run/model3_35	../final/models/models_2nd_run/model3_35	excitement	0.5457401871681213	0.13502411544322968	0.5457401871681213	0.062444593757390976	0.21139182150363922	0.027619680389761925	0.0028156398329883814	0.0019172613974660635	0.0037757204845547676	0.0022274383809417486	0.0025573240127414465	0.002788156270980835	0.0016980570508167148
1012	nervousness	../final/models/models_2nd_run/model3_35	../final/models/models_2nd_run/model3_35	nervousness	0.535534679889679	0.053893592208623886	0.015871837735176086	0.10124734789133072	0.010237415321171284	0.06441532075405121	0.06651374697685242	0.535534679889679	0.012320596724748611	0.028744570910930634	0.015890441834926605	0.07191380858421326	0.023416705429553986
556	joy	../final/models/models_2nd_run/model3_35	../final/models/models_2nd_run/model3_35	neutral	0.32790040969848633	0.23925872147083282	0.09569569677114487	0.32790040969848633	0.024075107648968697	0.27204927802085876	0.005637319292873144	0.01481002476066351	0.004550544079393148	0.00500657269731164	0.003626674646511674	0.004936272278428078	0.002453308319672942
681	joy	../final/models/models_2nd_run/model3_35	../final/models/models_2nd_run/model3_35	joy	0.3758193254470825	0.3758193254470825	0.3562279939651489	0.11559931933879852	0.04454365000128746	0.08910179138183594	0.0030459833797067404	0.003445227397605777	0.0036674863658845425	0.0023409330751746893	0.0021243819501250982	0.00243907212279737	0.0016448154347017407
577	pride	../final/models/models_2nd_run/model3_35	../final/models/models_2nd_run/model3_35	joy	0.4910624027252197	0.4910624027252197	0.07118435204029083	0.3664224147796631	0.020780976861715317	0.02577117271721363	0.004375265911221504	0.0040883892215788364	0.004105238243937492	0.003533057402819395	0.001729379640892148	0.00410581985488534	0.002841549925506115
1109	joy	../final/models/models_2nd_run/model3_35	../final/models/models_2nd_run/model3_35	joy	0.4403131604194641	0.4403131604194641	0.2375233769416809	0.23346254229545593	0.034848637878894806	0.02594568207859993	0.0031088145915418863	0.004243886098265648	0.006365709938108921	0.0037421740125864744	0.0022876805160194635	0.004723221529275179	0.003435092978179455
524	nervousness	../final/models/models_2nd_run/model3_35	../final/models/models_2nd_run/model3_35	nervousness	0.46632400155067444	0.014015919528901577	0.005335209891200066	0.03125511109828949	0.005225609987974167	0.005377762485295534	0.020613476634025574	0.46632400155067444	0.024365689605474472	0.40031948685646057	0.0057485876604914665	0.012225059792399406	0.009194070473313332
1059	neutral	../final/models/models_2nd_run/model3_35	../final/models/models_2nd_run/model3_35	neutral	0.6751497387886047	0.21138593554496765	0.03556389361619949	0.6751497387886047	0.01995614916086197	0.020852698013186455	0.005354319233447313	0.007154058665037155	0.005187201779335737	0.006149480119347572	0.002173216314986348	0.006473736371845007	0.004599574021995068
540	nervousness	../final/models/models_2nd_run/model3_35	../final/models/models_2nd_run/model3_35	fear	0.7070762515068054	0.009224079549312592	0.0034363428130745888	0.031197458505630493	0.005896653048694134	0.0025460959877818823	0.037867750972509384	0.12749679386615753	0.02283717505633831	0.7070762515068054	0.0047896858304739	0.0292764101177454	0.018355365842580795
748	neutral	../final/models/models_2nd_run/model3_35	../final/models/models_2nd_run/model3_35	neutral	0.7345027923583984	0.1308385580778122	0.026850784197449684	0.7345027923583984	0.029773231595754623	0.01342929806560278	0.010523139499127865	0.012396634556353092	0.00931368488818407	0.010031085461378098	0.0036455995868891478	0.007865087129175663	0.010830141603946686
1176	embarrassment	../final/models/models_2nd_run/model3_35	../final/models/models_2nd_run/model3_35	nervousness	0.6546807885169983	0.029188377782702446	0.012241620570421219	0.05121215432882309	0.008995254524052143	0.02434726431965828	0.053599368780851364	0.6546807885169983	0.03323313966393471	0.09459828585386276	0.016116555780172348	0.010515631176531315	0.01127152144908905
484	pride	../final/models/models_2nd_run/model3_35	../final/models/models_2nd_run/model3_35	pride	0.46162503957748413	0.237138569355011	0.09527794271707535	0.1406954526901245	0.02516908384859562	0.46162503957748413	0.007004973478615284	0.013800353743135929	0.0045018368400633335	0.003779906779527664	0.005043927114456892	0.00361001119017601	0.002352964598685503
95	pride	../final/models/models_2nd_run/model3_35	../final/models/models_2nd_run/model3_35	excitement	0.5108888149261475	0.10560643672943115	0.5108888149261475	0.06781413406133652	0.27717480063438416	0.020358705893158913	0.0025591759476810694	0.00185646943282336	0.0037817819975316525	0.0021990768145769835	0.002754810033366084	0.003168303519487381	0.0018375017680227757
1020	neutral	../final/models/models_2nd_run/model3_35	../final/models/models_2nd_run/model3_35	joy	0.5597485899925232	0.5597485899925232	0.09936539083719254	0.2665967047214508	0.025612402707338333	0.023027731105685234	0.003661245107650757	0.003960839938372374	0.005120131187140942	0.0035991258919239044	0.0020523108541965485	0.004349978175014257	0.0029055068735033274
563	neutral	../final/models/models_2nd_run/model3_35	../final/models/models_2nd_run/model3_35	joy	0.479014128446579	0.479014128446579	0.1982146054506302	0.20387150347232819	0.031656861305236816	0.066207155585289	0.003826115746051073	0.003759682411327958	0.004135035444051027	0.002635189099237323	0.00203003385104239	0.0025921084452420473	0.0020576610695570707
742	surprise	../final/models/models_2nd_run/model3_35	../final/models/models_2nd_run/model3_35	neutral	0.5317990779876709	0.27521494030952454	0.04098986089229584	0.5317990779876709	0.029933512210845947	0.05327606201171875	0.01144466083496809	0.02693001553416252	0.009402195923030376	0.00868904497474432	0.0037600123323500156	0.005077224690467119	0.003483324544504285
863	joy	../final/models/models_2nd_run/model3_35	../final/models/models_2nd_run/model3_35	joy	0.3427560031414032	0.3427560031414032	0.20895180106163025	0.22811809182167053	0.05513231083750725	0.13316582143306732	0.004599990788847208	0.008144205436110497	0.005661660805344582	0.004086958710104227	0.003524255705997348	0.0032418665941804647	0.0026170143391937017
891	joy	../final/models/models_2nd_run/model3_35	../final/models/models_2nd_run/model3_35	neutral	0.6741864085197449	0.1770608127117157	0.03126082941889763	0.6741864085197449	0.036170993000268936	0.011081770993769169	0.013805389404296875	0.013882982544600964	0.00993542093783617	0.010101443156599998	0.00379757909104228	0.007734884042292833	0.01098147314041853
1038	neutral	../final/models/models_2nd_run/model3_35	../final/models/models_2nd_run/model3_35	joy	0.45083412528038025	0.45083412528038025	0.13926191627979279	0.3160055875778198	0.034171681851148605	0.03271391615271568	0.004321721848100424	0.005041022785007954	0.005309217609465122	0.0036011755000799894	0.002037889091297984	0.003628719365224242	0.003073006169870496
206	neutral	../final/models/models_2nd_run/model3_35	../final/models/models_2nd_run/model3_35	joy	0.5666326880455017	0.5666326880455017	0.08941047638654709	0.2771032154560089	0.021389562636613846	0.024963434785604477	0.00349825550802052	0.0029143095016479492	0.004135272465646267	0.0028250361792743206	0.0015489979414269328	0.0033792592585086823	0.002199576236307621
392	embarrassment	../final/models/models_2nd_run/model3_35	../final/models/models_2nd_run/model3_35	disgust	0.2752155065536499	0.08942843228578568	0.02650812827050686	0.07883113622665405	0.04856850206851959	0.0173858143389225	0.15586084127426147	0.09511969983577728	0.020361416041851044	0.03554863855242729	0.11505264788866043	0.04211929067969322	0.2752155065536499
794	joy	../final/models/models_2nd_run/model3_35	../final/models/models_2nd_run/model3_35	joy	0.6088698506355286	0.6088698506355286	0.08923618495464325	0.24214673042297363	0.018840832635760307	0.02035042829811573	0.0036325971595942974	0.0030457291286438704	0.0037876362912356853	0.0031161014921963215	0.0013614966301247478	0.0035361263435333967	0.0020762563217431307
870	pride	../final/models/models_2nd_run/model3_35	../final/models/models_2nd_run/model3_35	joy	0.5608523488044739	0.5608523488044739	0.1796456128358841	0.17654965817928314	0.018703650683164597	0.045747872442007065	0.003186337184160948	0.0029872010927647352	0.003607521066442132	0.002472476800903678	0.0015983969205990434	0.002791865263134241	0.0018570016836747527
397	sadness	../final/models/models_2nd_run/model3_35	../final/models/models_2nd_run/model3_35	nervousness	0.2949574589729309	0.008961044251918793	0.003275808645412326	0.022984759882092476	0.0030466618482023478	0.006628141272813082	0.20730887353420258	0.2949574589729309	0.009319647215306759	0.07105281949043274	0.03547126054763794	0.19571547210216522	0.14127802848815918
766	excitement	../final/models/models_2nd_run/model3_35	../final/models/models_2nd_run/model3_35	pride	0.4776328504085541	0.11937693506479263	0.18420101702213287	0.1088993102312088	0.04006865248084068	0.4776328504085541	0.004927235189825296	0.03154761344194412	0.007880941033363342	0.005884392652660608	0.00911864172667265	0.006726877763867378	0.0037354815285652876
1166	pride	../final/models/models_2nd_run/model3_35	../final/models/models_2nd_run/model3_35	pride	0.8129521012306213	0.03861108049750328	0.09199843555688858	0.0214118342846632	0.010607670061290264	0.8129521012306213	0.001486983266659081	0.010432802140712738	0.0035726348869502544	0.0022381574381142855	0.0037297930102795362	0.0019039093749597669	0.0010545712430030107
1028	joy	../final/models/models_2nd_run/model3_35	../final/models/models_2nd_run/model3_35	joy	0.584135890007019	0.584135890007019	0.17915596067905426	0.17209076881408691	0.026320897042751312	0.01677241362631321	0.0037231012247502804	0.0025514739099889994	0.004570136312395334	0.002902124309912324	0.001553665497340262	0.003530399641022086	0.0026931501924991608
642	neutral	../final/models/models_2nd_run/model3_35	../final/models/models_2nd_run/model3_35	pride	0.49558284878730774	0.10004325956106186	0.08854436129331589	0.13531354069709778	0.029839055612683296	0.49558284878730774	0.00940608885139227	0.08859913796186447	0.011534927412867546	0.010280645452439785	0.017497533932328224	0.0074105579406023026	0.0059480322524905205
612	joy	../final/models/models_2nd_run/model3_35	../final/models/models_2nd_run/model3_35	joy	0.5894653797149658	0.5894653797149658	0.11152336001396179	0.21819934248924255	0.03310651332139969	0.024796104058623314	0.0045713395811617374	0.003964528441429138	0.004412629175931215	0.00311843678355217	0.0016383372712880373	0.002825705800205469	0.0023783156648278236
960	neutral	../final/models/models_2nd_run/model3_35	../final/models/models_2nd_run/model3_35	neutral	0.3131653964519501	0.24995681643486023	0.11262258887290955	0.3131653964519501	0.09260417520999908	0.0470782145857811	0.025584541261196136	0.051553357392549515	0.034928131848573685	0.016993645578622818	0.020842887461185455	0.010756832547485828	0.023913390934467316
725	pride	../final/models/models_2nd_run/model3_35	../final/models/models_2nd_run/model3_35	pride	0.8522857427597046	0.02048894390463829	0.07087454944849014	0.01564548723399639	0.010223560966551304	0.8522857427597046	0.001493351417593658	0.014568185433745384	0.003147805342450738	0.0025391788221895695	0.005547028966248035	0.0021179269533604383	0.001068202662281692
683	neutral	../final/models/models_2nd_run/model3_35	../final/models/models_2nd_run/model3_35	nervousness	0.5863813757896423	0.026220358908176422	0.0075468262657523155	0.08041875809431076	0.00723951356485486	0.021265896037220955	0.0859067365527153	0.5863813757896423	0.014404043555259705	0.04296242073178291	0.025113219395279884	0.05368883162736893	0.04885196313261986
98	pride	../final/models/models_2nd_run/model3_35	../final/models/models_2nd_run/model3_35	pride	0.8806662559509277	0.01767715811729431	0.0504298210144043	0.015212955884635448	0.0070664407685399055	0.8806662559509277	0.0014440189115703106	0.013511900790035725	0.0028811341617256403	0.0026038959622383118	0.00476733548566699	0.002553713507950306	0.0011853076284751296
804	neutral	../final/models/models_2nd_run/model3_35	../final/models/models_2nd_run/model3_35	joy	0.434124618768692	0.434124618768692	0.191168412566185	0.21211233735084534	0.08384253829717636	0.038517970591783524	0.012146304361522198	0.007193252444267273	0.008176615461707115	0.00278788642026484	0.00445595383644104	0.0030096096452325583	0.0024645633529871702
406	pride	../final/models/models_2nd_run/model3_35	../final/models/models_2nd_run/model3_35	pride	0.8544369339942932	0.024741876870393753	0.07053028792142868	0.017200108617544174	0.00856231153011322	0.8544369339942932	0.0015345773426815867	0.010495888069272041	0.0032100663520395756	0.002271221252158284	0.0036477469839155674	0.002287286566570401	0.0010817950824275613
502	pride	../final/models/models_2nd_run/model3_35	../final/models/models_2nd_run/model3_35	pride	0.7496169209480286	0.04450877755880356	0.10993875563144684	0.038036197423934937	0.018545283004641533	0.7496169209480286	0.0025750375352799892	0.018946832045912743	0.004351625684648752	0.0037962447386235	0.005721410736441612	0.002665143460035324	0.001297774608246982
1071	joy	../final/models/models_2nd_run/model3_35	../final/models/models_2nd_run/model3_35	joy	0.5898352861404419	0.5898352861404419	0.10738556832075119	0.24580010771751404	0.020346930250525475	0.015234733000397682	0.0038401405327022076	0.002885493915528059	0.004105281550437212	0.003393867053091526	0.0013254537479951978	0.0033932277001440525	0.0024539039004594088
1056	excitement	../final/models/models_2nd_run/model3_35	../final/models/models_2nd_run/model3_35	joy	0.2880447804927826	0.2880447804927826	0.27231934666633606	0.15683521330356598	0.04162425920367241	0.2118222713470459	0.0037433379329741	0.007476929109543562	0.0053076609037816525	0.00332062435336411	0.0031230722088366747	0.004055590834468603	0.0023269238881766796
929	neutral	../final/models/models_2nd_run/model3_35	../final/models/models_2nd_run/model3_35	neutral	0.6368046402931213	0.2224435955286026	0.041016723960638046	0.6368046402931213	0.026492301374673843	0.013463293202221394	0.011245034635066986	0.009925912134349346	0.006648263428360224	0.00989519152790308	0.003071731422096491	0.009510663338005543	0.009482660330832005
779	excitement	../final/models/models_2nd_run/model3_35	../final/models/models_2nd_run/model3_35	pride	0.37321388721466064	0.13025596737861633	0.12923288345336914	0.25787976384162903	0.03175279498100281	0.37321388721466064	0.004169045481830835	0.039171721786260605	0.011588194407522678	0.007877307943999767	0.0064805615693330765	0.004633109550923109	0.0037447642534971237
200	excitement	../final/models/models_2nd_run/model3_35	../final/models/models_2nd_run/model3_35	joy	0.5325231552124023	0.5325231552124023	0.12855379283428192	0.24442748725414276	0.0431828536093235	0.02358962595462799	0.005876333452761173	0.004227652680128813	0.005589684471487999	0.0030721181537956	0.002238460583612323	0.003561546793207526	0.003157304599881172
134	joy	../final/models/models_2nd_run/model3_35	../final/models/models_2nd_run/model3_35	joy	0.3472813367843628	0.3472813367843628	0.2279527485370636	0.22508960962295532	0.03072076477110386	0.1412297636270523	0.004336161073297262	0.006946457549929619	0.003008892061188817	0.0029760929755866528	0.0024024154990911484	0.005767433438450098	0.0022884004283696413
1051	pride	../final/models/models_2nd_run/model3_35	../final/models/models_2nd_run/model3_35	neutral	0.3386506140232086	0.1381414383649826	0.08003497868776321	0.3386506140232086	0.04527965188026428	0.22633886337280273	0.016127964481711388	0.09127216041088104	0.0201190747320652	0.014984700828790665	0.014074166305363178	0.008165608160197735	0.0068107107654213905
40	neutral	../final/models/models_2nd_run/model3_35	../final/models/models_2nd_run/model3_35	pride	0.4411689341068268	0.1200113594532013	0.12670664489269257	0.230111226439476	0.02619214914739132	0.4411689341068268	0.0036043778527528048	0.025962725281715393	0.006560445763170719	0.005596397444605827	0.005533555522561073	0.005428103264421225	0.0031240880489349365
1017	neutral	../final/models/models_2nd_run/model3_35	../final/models/models_2nd_run/model3_35	neutral	0.5114812850952148	0.37587639689445496	0.042189814150333405	0.5114812850952148	0.01477733626961708	0.027931971475481987	0.0049861096777021885	0.00492363004013896	0.004294287879019976	0.004027406219393015	0.0016559927025809884	0.00489931320771575	0.002956491895020008
230	neutral	../final/models/models_2nd_run/model3_35	../final/models/models_2nd_run/model3_35	neutral	0.41947439312934875	0.30714571475982666	0.11739718168973923	0.41947439312934875	0.031217554584145546	0.09718405455350876	0.004571910481899977	0.006115923635661602	0.00411766953766346	0.0033581298775970936	0.0026571264024823904	0.004313427489250898	0.002446797676384449
378	nervousness	../final/models/models_2nd_run/model3_35	../final/models/models_2nd_run/model3_35	pride	0.8499598503112793	0.018533650785684586	0.053724274039268494	0.015740476548671722	0.007839701138436794	0.8499598503112793	0.0021622399799525738	0.028255119919776917	0.003467351198196411	0.003908373881131411	0.01105902437120676	0.0034136080648750067	0.0019363164901733398
288	joy	../final/models/models_2nd_run/model3_35	../final/models/models_2nd_run/model3_35	joy	0.42218872904777527	0.42218872904777527	0.1577523648738861	0.33257821202278137	0.024813877418637276	0.03585836663842201	0.003614206798374653	0.004748373292386532	0.00454317219555378	0.00339065445587039	0.0019046077504754066	0.0053453603759408	0.0032620560377836227
418	surprise	../final/models/models_2nd_run/model3_35	../final/models/models_2nd_run/model3_35	neutral	0.5366543531417847	0.17956528067588806	0.10378614068031311	0.5366543531417847	0.03920364752411842	0.0844816118478775	0.008374521508812904	0.017985980957746506	0.006402370985597372	0.009622364304959774	0.0038820861373096704	0.006537191104143858	0.0035044546239078045
391	surprise	../final/models/models_2nd_run/model3_35	../final/models/models_2nd_run/model3_35	excitement	0.4251266419887543	0.23954536020755768	0.4251266419887543	0.13051000237464905	0.03577079251408577	0.14787599444389343	0.0020504347048699856	0.00534161226823926	0.004701613914221525	0.002527650911360979	0.002360470360144973	0.0024256075266748667	0.0017639024881646037
592	surprise	../final/models/models_2nd_run/model3_35	../final/models/models_2nd_run/model3_35	surprise	0.4294840693473816	0.06739428639411926	0.15793734788894653	0.08394315838813782	0.4294840693473816	0.0035961477551609278	0.010220227763056755	0.005843615625053644	0.010367277078330517	0.037455037236213684	0.014364652335643768	0.01982898637652397	0.15956522524356842
1162	joy	../final/models/models_2nd_run/model3_35	../final/models/models_2nd_run/model3_35	pride	0.6335387229919434	0.08928190171718597	0.10662882030010223	0.08002574741840363	0.028373945504426956	0.6335387229919434	0.006537278648465872	0.02943499945104122	0.005282142665237188	0.004808051511645317	0.008774775080382824	0.004450823180377483	0.0028627291321754456
1086	joy	../final/models/models_2nd_run/model3_35	../final/models/models_2nd_run/model3_35	neutral	0.48604193329811096	0.1888236254453659	0.0836513489484787	0.48604193329811096	0.04095061868429184	0.13610757887363434	0.004555726423859596	0.02426699362695217	0.013658156618475914	0.007909216918051243	0.0046045794151723385	0.004998526535928249	0.00443166634067893
647	excitement	../final/models/models_2nd_run/model3_35	../final/models/models_2nd_run/model3_35	excitement	0.5539132952690125	0.038055047392845154	0.5539132952690125	0.04634271189570427	0.015410303138196468	0.3160591423511505	0.0016898125177249312	0.013339748606085777	0.0037792744114995003	0.0036780680529773235	0.002881114836782217	0.0031633111648261547	0.0016882017953321338
1152	excitement	../final/models/models_2nd_run/model3_35	../final/models/models_2nd_run/model3_35	joy	0.3170025646686554	0.3170025646686554	0.07601305097341537	0.1817147582769394	0.04222483187913895	0.06668341904878616	0.007504224311560392	0.014859258197247982	0.2751145660877228	0.007820882834494114	0.005366363096982241	0.0029710126109421253	0.002724958350881934
520	neutral	../final/models/models_2nd_run/model3_35	../final/models/models_2nd_run/model3_35	neutral	0.3516618609428406	0.07092681527137756	0.049085814505815506	0.3516618609428406	0.021158801391720772	0.31460830569267273	0.017698151990771294	0.1033894270658493	0.009379261173307896	0.026729069650173187	0.01590300351381302	0.012696301564574242	0.00676322216168046
64	neutral	../final/models/models_2nd_run/model3_35	../final/models/models_2nd_run/model3_35	neutral	0.4483370780944824	0.33978989720344543	0.11166754364967346	0.4483370780944824	0.03091973066329956	0.04416902735829353	0.004624951630830765	0.005286484491080046	0.0039551761001348495	0.0034382902085781097	0.0020887821447104216	0.003477637190371752	0.0022453987039625645
14	excitement	../final/models/models_2nd_run/model3_35	../final/models/models_2nd_run/model3_35	pride	0.6519626379013062	0.07572584599256516	0.14852100610733032	0.06259618699550629	0.026554754003882408	0.6519626379013062	0.0024909134954214096	0.015758372843265533	0.0037539966870099306	0.0037428985815495253	0.004295565653592348	0.0030282502993941307	0.0015695956535637379
1180	excitement	../final/models/models_2nd_run/model3_35	../final/models/models_2nd_run/model3_35	excitement	0.3569013774394989	0.18549904227256775	0.3569013774394989	0.12659871578216553	0.04109664633870125	0.2570222020149231	0.0028242282569408417	0.01063212938606739	0.0056699770502746105	0.0034601993393152952	0.0042975530959665775	0.0033269478008151054	0.0026709919329732656
1064	surprise	../final/models/models_2nd_run/model3_35	../final/models/models_2nd_run/model3_35	pride	0.31921297311782837	0.1687631607055664	0.11540845036506653	0.25003188848495483	0.052305933088064194	0.31921297311782837	0.014787388034164906	0.03966445103287697	0.006229294929653406	0.007443496957421303	0.01390123926103115	0.008261652663350105	0.003990074619650841
492	joy	../final/models/models_2nd_run/model3_35	../final/models/models_2nd_run/model3_35	joy	0.5921369791030884	0.5921369791030884	0.14875414967536926	0.1918838918209076	0.026895025745034218	0.015514416620135307	0.0035866759717464447	0.003089772304520011	0.00492072431370616	0.0035891260486096144	0.0018634466687217355	0.004145272076129913	0.003620557952672243
379	pride	../final/models/models_2nd_run/model3_35	../final/models/models_2nd_run/model3_35	pride	0.5599810481071472	0.08586794883012772	0.09072910994291306	0.09752865135669708	0.025445690378546715	0.5599810481071472	0.00644492544233799	0.08822979032993317	0.012155598029494286	0.011088271625339985	0.012526863254606724	0.005840690806508064	0.004161398857831955
187	excitement	../final/models/models_2nd_run/model3_35	../final/models/models_2nd_run/model3_35	joy	0.4761493504047394	0.4761493504047394	0.2786668539047241	0.16040688753128052	0.04180796816945076	0.022098682820796967	0.00282691465690732	0.003139993641525507	0.00456360774114728	0.002691876608878374	0.0017975408118218184	0.003272030968219042	0.002578379586338997
763	neutral	../final/models/models_2nd_run/model3_35	../final/models/models_2nd_run/model3_35	joy	0.5033138990402222	0.5033138990402222	0.12689748406410217	0.2897104024887085	0.031684041023254395	0.019539102911949158	0.00403258902952075	0.003752638353034854	0.0065477886237204075	0.004032127559185028	0.0020573881920427084	0.004567454569041729	0.003865063888952136
216	joy	../final/models/models_2nd_run/model3_35	../final/models/models_2nd_run/model3_35	neutral	0.5827304720878601	0.18247675895690918	0.052513256669044495	0.5827304720878601	0.022545095533132553	0.11440426111221313	0.004832749720662832	0.01549950148910284	0.006228029262274504	0.005948194302618504	0.003449516138061881	0.005826670676469803	0.003545456100255251
791	neutral	../final/models/models_2nd_run/model3_35	../final/models/models_2nd_run/model3_35	neutral	0.6440858840942383	0.13786114752292633	0.061771102249622345	0.6440858840942383	0.024752400815486908	0.08441132307052612	0.00333900423720479	0.016907282173633575	0.008005128242075443	0.008164042606949806	0.003081571077927947	0.004588489420711994	0.003032667562365532
1076	joy	../final/models/models_2nd_run/model3_35	../final/models/models_2nd_run/model3_35	joy	0.5186412930488586	0.5186412930488586	0.14067037403583527	0.24301894009113312	0.04357673227787018	0.02909655123949051	0.006707192864269018	0.004037497099488974	0.004309042356908321	0.003110030433163047	0.002136783441528678	0.0027662592474371195	0.0019293056102469563
878	anger	../final/models/models_2nd_run/model3_35	../final/models/models_2nd_run/model3_35	neutral	0.7038525938987732	0.08286318928003311	0.02107642963528633	0.7038525938987732	0.03973802551627159	0.009248500689864159	0.01595967635512352	0.02985634282231331	0.01965314708650112	0.034698180854320526	0.006816803477704525	0.015697797760367393	0.02053929679095745
337	pride	../final/models/models_2nd_run/model3_35	../final/models/models_2nd_run/model3_35	surprise	0.33548036217689514	0.08964754641056061	0.2498147040605545	0.10196386277675629	0.33548036217689514	0.04516182094812393	0.005277213640511036	0.061204228550195694	0.043831970542669296	0.04851420223712921	0.011946571059525013	0.003789834911003709	0.003367731813341379
719	excitement	../final/models/models_2nd_run/model3_35	../final/models/models_2nd_run/model3_35	excitement	0.6505039930343628	0.10693542659282684	0.6505039930343628	0.08464881032705307	0.09590030461549759	0.044803738594055176	0.0016391732497140765	0.0024238410405814648	0.003119824454188347	0.0023091821931302547	0.0026807107497006655	0.0028454859275370836	0.0021895114332437515
295	pride	../final/models/models_2nd_run/model3_35	../final/models/models_2nd_run/model3_35	pride	0.8426814675331116	0.024496911093592644	0.08445288985967636	0.01625852659344673	0.009221291169524193	0.8426814675331116	0.0013229773612692952	0.009330789558589458	0.0029203675221651793	0.0020699750166386366	0.004152245353907347	0.0020424574613571167	0.0010501734213903546
1016	neutral	../final/models/models_2nd_run/model3_35	../final/models/models_2nd_run/model3_35	joy	0.5163619518280029	0.5163619518280029	0.22240667045116425	0.18271374702453613	0.036187078803777695	0.01843823492527008	0.0032948660664260387	0.003470695810392499	0.005532795563340187	0.0032443562522530556	0.0017813907470554113	0.003842034377157688	0.0027261332143098116
455	disgust	../final/models/models_2nd_run/model3_35	../final/models/models_2nd_run/model3_35	disgust	0.6479389071464539	0.01498874556273222	0.005107560660690069	0.08149868994951248	0.004852490033954382	0.006143360398709774	0.02937215007841587	0.03278663381934166	0.004521443974226713	0.023333488032221794	0.016795197501778603	0.1326613575220108	0.6479389071464539
815	joy	../final/models/models_2nd_run/model3_35	../final/models/models_2nd_run/model3_35	joy	0.40009650588035583	0.40009650588035583	0.12758873403072357	0.23614424467086792	0.1006002202630043	0.08981471508741379	0.007498136255890131	0.010909120552241802	0.009655267931520939	0.005113857798278332	0.006553404964506626	0.0026946505531668663	0.003331235609948635
269	joy	../final/models/models_2nd_run/model3_35	../final/models/models_2nd_run/model3_35	excitement	0.47899362444877625	0.21506957709789276	0.47899362444877625	0.14038555324077606	0.06043701618909836	0.054352037608623505	0.006264088209718466	0.013840052299201488	0.007034526206552982	0.005668714642524719	0.007515468634665012	0.004971215035766363	0.0054681855253875256
995	neutral	../final/models/models_2nd_run/model3_35	../final/models/models_2nd_run/model3_35	neutral	0.738873302936554	0.14889098703861237	0.03556665778160095	0.738873302936554	0.02124672569334507	0.01662091352045536	0.0049876985140144825	0.0064745107665658	0.005919556599110365	0.0065009705722332	0.0024193711578845978	0.006522519513964653	0.005976804532110691
201	neutral	../final/models/models_2nd_run/model3_35	../final/models/models_2nd_run/model3_35	nervousness	0.5295387506484985	0.009617969393730164	0.00415710499510169	0.027404140681028366	0.00419324915856123	0.005890354979783297	0.01754528284072876	0.5295387506484985	0.0231886375695467	0.34179922938346863	0.00627930136397481	0.018076051026582718	0.012309920974075794
161	neutral	../final/models/models_2nd_run/model3_35	../final/models/models_2nd_run/model3_35	joy	0.29547643661499023	0.29547643661499023	0.274808794260025	0.21855893731117249	0.06700210273265839	0.11251501739025116	0.004135617520660162	0.007282179314643145	0.007578708231449127	0.003761057974770665	0.00337273464538157	0.003176738740876317	0.002331697614863515
729	anger	../final/models/models_2nd_run/model3_35	../final/models/models_2nd_run/model3_35	joy	0.3125867545604706	0.3125867545604706	0.2437499612569809	0.21596519649028778	0.09833413362503052	0.04849076271057129	0.009790947660803795	0.016471708193421364	0.01600276120007038	0.009131825529038906	0.010215564630925655	0.008594004437327385	0.010666294023394585
401	pride	../final/models/models_2nd_run/model3_35	../final/models/models_2nd_run/model3_35	joy	0.3688749074935913	0.3688749074935913	0.12938018143177032	0.3250947594642639	0.030495477840304375	0.11654342710971832	0.004570417571812868	0.008295937441289425	0.004016651306301355	0.0038516551721841097	0.0024139597080647945	0.004071539267897606	0.002391104819253087
702	neutral	../final/models/models_2nd_run/model3_35	../final/models/models_2nd_run/model3_35	neutral	0.5512507557868958	0.24413901567459106	0.06133129447698593	0.5512507557868958	0.025698158890008926	0.07085729390382767	0.00818216148763895	0.016469430178403854	0.005172263830900192	0.007113348692655563	0.003139554988592863	0.004072459880262613	0.002574346261098981
1129	joy	../final/models/models_2nd_run/model3_35	../final/models/models_2nd_run/model3_35	joy	0.5014880895614624	0.5014880895614624	0.17380556464195251	0.23442813754081726	0.026121921837329865	0.04312462732195854	0.0029479863587766886	0.0034225003328174353	0.004457579459995031	0.00278647243976593	0.0017521012341603637	0.003181545529514551	0.0024834335781633854
565	neutral	../final/models/models_2nd_run/model3_35	../final/models/models_2nd_run/model3_35	neutral	0.3676445186138153	0.14774709939956665	0.04946352168917656	0.3676445186138153	0.03959301486611366	0.09647554904222488	0.028221886605024338	0.10937467217445374	0.019015459343791008	0.03074653446674347	0.029734164476394653	0.021085204556584358	0.06089838221669197
1021	joy	../final/models/models_2nd_run/model3_35	../final/models/models_2nd_run/model3_35	joy	0.3198627829551697	0.3198627829551697	0.3005096912384033	0.14458230137825012	0.05981500819325447	0.1238555833697319	0.006855584215372801	0.016038719564676285	0.005364833399653435	0.008025475777685642	0.007014813832938671	0.0036121809389442205	0.004462954122573137
1025	joy	../final/models/models_2nd_run/model3_35	../final/models/models_2nd_run/model3_35	joy	0.38351839780807495	0.38351839780807495	0.1360395848751068	0.32032787799835205	0.07502945512533188	0.049341004341840744	0.006713544484227896	0.007677801884710789	0.008633739314973354	0.0035231835208833218	0.003810305381193757	0.0027326277922838926	0.0026525133289396763
1104	joy	../final/models/models_2nd_run/model3_35	../final/models/models_2nd_run/model3_35	joy	0.36463645100593567	0.36463645100593567	0.3520244359970093	0.14892339706420898	0.08780525624752045	0.02385072037577629	0.0031135156750679016	0.002332288073375821	0.005556323099881411	0.0021507232449948788	0.002546840114519	0.003761956701055169	0.003298196941614151
205	excitement	../final/models/models_2nd_run/model3_35	../final/models/models_2nd_run/model3_35	excitement	0.8241963982582092	0.052149947732686996	0.8241963982582092	0.06771000474691391	0.02204430289566517	0.016255797818303108	0.0016659132670611143	0.004090998321771622	0.0026823077350854874	0.003102735383436084	0.0012677304912358522	0.0030995826236903667	0.0017342220526188612
34	pride	../final/models/models_2nd_run/model3_35	../final/models/models_2nd_run/model3_35	nervousness	0.2884024381637573	0.040021833032369614	0.023116281256079674	0.28758805990219116	0.0326712541282177	0.07544383406639099	0.09291131794452667	0.2884024381637573	0.029360277578234673	0.06390616297721863	0.027509409934282303	0.020642494782805443	0.0184266846626997
775	neutral	../final/models/models_2nd_run/model3_35	../final/models/models_2nd_run/model3_35	excitement	0.42264416813850403	0.363679438829422	0.42264416813850403	0.12566106021404266	0.035640228539705276	0.03300396725535393	0.002387726679444313	0.002697873627766967	0.004926243796944618	0.002244530478492379	0.0017244142945855856	0.0031578976195305586	0.0022324721794575453
508	sadness	../final/models/models_2nd_run/model3_35	../final/models/models_2nd_run/model3_35	disgust	0.4371871054172516	0.055165182799100876	0.016713356599211693	0.1300859898328781	0.019708329811692238	0.0065391273237764835	0.11782418191432953	0.09303342550992966	0.011279763653874397	0.05881110578775406	0.02979287877678871	0.023859592154622078	0.4371871054172516
1254	excitement	../final/models/models_2nd_run/model3_35	../final/models/models_2nd_run/model3_35	neutral	0.44604039192199707	0.24548637866973877	0.09827382862567902	0.44604039192199707	0.021323304623365402	0.15659897029399872	0.005029596388339996	0.008954479359090328	0.0052688331343233585	0.0040319873951375484	0.0028495932929217815	0.0039733536541461945	0.002169314306229353
91	pride	../final/models/models_2nd_run/model3_35	../final/models/models_2nd_run/model3_35	pride	0.37408706545829773	0.20172026753425598	0.11518609523773193	0.22742128372192383	0.03849393501877785	0.37408706545829773	0.00451183645054698	0.015458265319466591	0.005629797466099262	0.004563266411423683	0.00570216029882431	0.0042638471350073814	0.002962109399959445
897	neutral	../final/models/models_2nd_run/model3_35	../final/models/models_2nd_run/model3_35	neutral	0.46213385462760925	0.4120672047138214	0.0537024661898613	0.46213385462760925	0.024545246735215187	0.012831011787056923	0.0049777100794017315	0.004255572333931923	0.007235673256218433	0.0054006692953407764	0.002121330937370658	0.005644912365823984	0.005084330681711435
564	joy	../final/models/models_2nd_run/model3_35	../final/models/models_2nd_run/model3_35	joy	0.538383424282074	0.538383424282074	0.05287713184952736	0.3469158113002777	0.019266078248620033	0.014948176220059395	0.005993848666548729	0.0039741587825119495	0.004515938926488161	0.003917055204510689	0.001644251518882811	0.00446619838476181	0.0030979143921285868
776	excitement	../final/models/models_2nd_run/model3_35	../final/models/models_2nd_run/model3_35	joy	0.5084795951843262	0.5084795951843262	0.2511598467826843	0.16981348395347595	0.0324905589222908	0.016697179526090622	0.003310390515252948	0.0024356073699891567	0.0045006005093455315	0.0028940122574567795	0.001632187981158495	0.003946514334529638	0.0026400149799883366
241	neutral	../final/models/models_2nd_run/model3_35	../final/models/models_2nd_run/model3_35	joy	0.5149422883987427	0.5149422883987427	0.13078036904335022	0.26809000968933105	0.031471364200115204	0.03119027242064476	0.004688984248787165	0.0041200993582606316	0.004587126430124044	0.003091417020186782	0.0019274657825008035	0.002939381869509816	0.0021711988374590874
13	excitement	../final/models/models_2nd_run/model3_35	../final/models/models_2nd_run/model3_35	pride	0.6846970319747925	0.05134913697838783	0.17741838097572327	0.032316748052835464	0.022547965869307518	0.6846970319747925	0.0020055456552654505	0.013902498409152031	0.00407756632193923	0.00255440641194582	0.005229034461081028	0.0025550969876348972	0.0013465796364471316
315	excitement	../final/models/models_2nd_run/model3_35	../final/models/models_2nd_run/model3_35	joy	0.4826563894748688	0.4826563894748688	0.23429064452648163	0.19267426431179047	0.04436051473021507	0.02395591139793396	0.003473982447758317	0.003044483484700322	0.005674104206264019	0.0030974270775914192	0.0018612656276673079	0.002449365798383951	0.0024616727605462074
600	pride	../final/models/models_2nd_run/model3_35	../final/models/models_2nd_run/model3_35	pride	0.8336429595947266	0.025964969769120216	0.08399087190628052	0.019385458901524544	0.00916569959372282	0.8336429595947266	0.0014503116253763437	0.012794994749128819	0.002976180985569954	0.0023833289742469788	0.004450108390301466	0.002529718680307269	0.00126549880951643
387	neutral	../final/models/models_2nd_run/model3_35	../final/models/models_2nd_run/model3_35	neutral	0.5292013883590698	0.11383642256259918	0.019611472263932228	0.5292013883590698	0.021007336676120758	0.021982382982969284	0.11884119361639023	0.08501036465167999	0.00832260400056839	0.039406828582286835	0.015187246724963188	0.013804125599563122	0.013788711279630661
166	confusion	../final/models/models_2nd_run/model3_35	../final/models/models_2nd_run/model3_35	anger	0.2923213243484497	0.00512500386685133	0.00434705289080739	0.013922056183218956	0.005272306501865387	0.003525006817653775	0.04020468145608902	0.18615826964378357	0.0996551439166069	0.10761377960443497	0.04031500965356827	0.2923213243484497	0.20154039561748505
840	anger	../final/models/models_2nd_run/model3_35	../final/models/models_2nd_run/model3_35	anger	0.5557460188865662	0.02433248795568943	0.009275835007429123	0.06170991063117981	0.007220882922410965	0.016644826158881187	0.045966845005750656	0.08656833320856094	0.0090267239138484	0.018114568665623665	0.02136859856545925	0.5557460188865662	0.14402499794960022
20	excitement	../final/models/models_2nd_run/model3_35	../final/models/models_2nd_run/model3_35	pride	0.6406295299530029	0.065870501101017	0.1952379196882248	0.04236118122935295	0.026559989899396896	0.6406295299530029	0.002622348489239812	0.011148185469210148	0.0045226020738482475	0.0027251222636550665	0.004770687315613031	0.002191977808251977	0.0013600128004327416
646	joy	../final/models/models_2nd_run/model3_35	../final/models/models_2nd_run/model3_35	joy	0.4847224950790405	0.4847224950790405	0.0798424482345581	0.3549315333366394	0.021343233063817024	0.032084885984659195	0.0036459038965404034	0.004574071615934372	0.005781238898634911	0.003970961086452007	0.001885216566734016	0.004171485546976328	0.0030463971197605133
1154	excitement	../final/models/models_2nd_run/model3_35	../final/models/models_2nd_run/model3_35	excitement	0.39356139302253723	0.2567662000656128	0.39356139302253723	0.15465258061885834	0.03910112380981445	0.13335072994232178	0.0022298316471278667	0.005363226868212223	0.004475233145058155	0.0027667831163853407	0.002714433241635561	0.00304700736887753	0.0019714203663170338
831	neutral	../final/models/models_2nd_run/model3_35	../final/models/models_2nd_run/model3_35	neutral	0.774959921836853	0.085703544318676	0.015465889126062393	0.774959921836853	0.02814602293074131	0.010916207917034626	0.012344430200755596	0.013181928545236588	0.014620588161051273	0.012836029753088951	0.004934992175549269	0.01061289757490158	0.01627751626074314
562	neutral	../final/models/models_2nd_run/model3_35	../final/models/models_2nd_run/model3_35	pride	0.27831485867500305	0.17688076198101044	0.18866834044456482	0.25278112292289734	0.05462652072310448	0.27831485867500305	0.003537751967087388	0.01924738474190235	0.007302639540284872	0.005033082328736782	0.0060819098725914955	0.003902374068275094	0.003623255528509617
1240	neutral	../final/models/models_2nd_run/model3_35	../final/models/models_2nd_run/model3_35	pride	0.5138525366783142	0.11271892488002777	0.18964479863643646	0.09292370080947876	0.0462714321911335	0.5138525366783142	0.0035921460948884487	0.01791362091898918	0.006812607403844595	0.004301175940781832	0.006541251204907894	0.003381303045898676	0.0020464484114199877
686	neutral	../final/models/models_2nd_run/model3_35	../final/models/models_2nd_run/model3_35	pride	0.5118530988693237	0.140387162566185	0.11125761270523071	0.17890526354312897	0.01882435753941536	0.5118530988693237	0.005179065279662609	0.013060761615633965	0.0036092745140194893	0.0044023566879332066	0.004544882103800774	0.005410120822489262	0.0025660747196525335
957	excitement	../final/models/models_2nd_run/model3_35	../final/models/models_2nd_run/model3_35	neutral	0.4494830369949341	0.3501366674900055	0.07448983192443848	0.4494830369949341	0.02133513242006302	0.0723477452993393	0.004115312360227108	0.008711854927241802	0.005774216260761023	0.005015210248529911	0.002264417242258787	0.0036774559412151575	0.0026491510216146708
189	nervousness	../final/models/models_2nd_run/model3_35	../final/models/models_2nd_run/model3_35	nervousness	0.634250283241272	0.02800549380481243	0.013783728703856468	0.030476294457912445	0.014490196481347084	0.03241147845983505	0.08028446137905121	0.634250283241272	0.01659397967159748	0.09859135001897812	0.032674144953489304	0.008108268491923809	0.01033027283847332
975	neutral	../final/models/models_2nd_run/model3_35	../final/models/models_2nd_run/model3_35	neutral	0.7622472643852234	0.11347199976444244	0.018946755677461624	0.7622472643852234	0.02377188205718994	0.010667463764548302	0.009054667316377163	0.00996989943087101	0.013502427376806736	0.012042439542710781	0.0036487404722720385	0.01024864986538887	0.012427831068634987
699	excitement	../final/models/models_2nd_run/model3_35	../final/models/models_2nd_run/model3_35	excitement	0.5300960540771484	0.2720101475715637	0.5300960540771484	0.08989888429641724	0.057731956243515015	0.03297479450702667	0.002334043849259615	0.0028902599588036537	0.00301209744066	0.003005250124260783	0.0018162146443501115	0.0022747882176190615	0.001955502200871706
510	surprise	../final/models/models_2nd_run/model3_35	../final/models/models_2nd_run/model3_35	joy	0.44003528356552124	0.44003528356552124	0.2576489746570587	0.20885007083415985	0.046756912022829056	0.022290440276265144	0.0038254079408943653	0.0032418682239949703	0.005482113920152187	0.003011399647220969	0.001861748518422246	0.004131517373025417	0.0028643114492297173
1082	joy	../final/models/models_2nd_run/model3_35	../final/models/models_2nd_run/model3_35	joy	0.5263349413871765	0.5263349413871765	0.16058823466300964	0.2303144335746765	0.0318174734711647	0.028292302042245865	0.003507249755784869	0.003369487589225173	0.005088478326797485	0.0030869655311107635	0.0017980714328587055	0.0030862679705023766	0.002716122893616557
474	joy	../final/models/models_2nd_run/model3_35	../final/models/models_2nd_run/model3_35	joy	0.5777770280838013	0.5777770280838013	0.07674116641283035	0.27537068724632263	0.015376655384898186	0.03174963593482971	0.004890084732323885	0.004178506787866354	0.003287844592705369	0.0032430137507617474	0.0015911278314888477	0.0034222344402223825	0.0023720592726022005
856	nervousness	../final/models/models_2nd_run/model3_35	../final/models/models_2nd_run/model3_35	fear	0.4618987441062927	0.011514979414641857	0.00555794220417738	0.03293662890791893	0.005414789542555809	0.005709753837436438	0.015389058738946915	0.4075532853603363	0.025227610021829605	0.4618987441062927	0.004913727752864361	0.014580409973859787	0.009303080849349499
747	pride	../final/models/models_2nd_run/model3_35	../final/models/models_2nd_run/model3_35	pride	0.6210917830467224	0.08286184817552567	0.1601363867521286	0.06806149333715439	0.025207746773958206	0.6210917830467224	0.003197490470483899	0.019716544076800346	0.005020210985094309	0.004205311182886362	0.0062757632695138454	0.0027152616530656815	0.0015101305907592177
252	pride	../final/models/models_2nd_run/model3_35	../final/models/models_2nd_run/model3_35	joy	0.4274720251560211	0.4274720251560211	0.08009795844554901	0.3060186505317688	0.030582113191485405	0.042659927159547806	0.006827993784099817	0.016887212172150612	0.06695864349603653	0.00989315751940012	0.0051127951592206955	0.003556441981345415	0.0039330520667135715
21	joy	../final/models/models_2nd_run/model3_35	../final/models/models_2nd_run/model3_35	excitement	0.3863949477672577	0.332852303981781	0.3863949477672577	0.11588918417692184	0.05704845115542412	0.0863960012793541	0.0031306494493037462	0.004304522182792425	0.004429652355611324	0.0026359546463936567	0.002597293583676219	0.002443925477564335	0.0018771514296531677
459	joy	../final/models/models_2nd_run/model3_35	../final/models/models_2nd_run/model3_35	joy	0.37959620356559753	0.37959620356559753	0.18187583982944489	0.19538281857967377	0.035096678882837296	0.17667712271213531	0.007552593946456909	0.009111948311328888	0.0037925285287201405	0.003368788631632924	0.0030836304649710655	0.0025487684179097414	0.0019130617147311568
1184	excitement	../final/models/models_2nd_run/model3_35	../final/models/models_2nd_run/model3_35	pride	0.5152112245559692	0.07185500115156174	0.23598003387451172	0.08482693880796432	0.029207952320575714	0.5152112245559692	0.004723138175904751	0.031568221747875214	0.006037443410605192	0.00761419627815485	0.006007228046655655	0.004644293338060379	0.002324327826499939
276	neutral	../final/models/models_2nd_run/model3_35	../final/models/models_2nd_run/model3_35	joy	0.5313980579376221	0.5313980579376221	0.20258693397045135	0.1898048371076584	0.0320376455783844	0.02259134314954281	0.004437328781932592	0.003119281493127346	0.004016327206045389	0.0034135347232222557	0.0016565029509365559	0.002632659627124667	0.0023055768106132746
955	excitement	../final/models/models_2nd_run/model3_35	../final/models/models_2nd_run/model3_35	excitement	0.8549705743789673	0.042906928807497025	0.8549705743789673	0.052699096500873566	0.017554789781570435	0.016463227570056915	0.0013639561366289854	0.0036252359859645367	0.0022903403732925653	0.0025478519964963198	0.0011172989616170526	0.0028811481315642595	0.0015795377548784018
1215	excitement	../final/models/models_2nd_run/model3_35	../final/models/models_2nd_run/model3_35	joy	0.6009536385536194	0.6009536385536194	0.06431813538074493	0.2782963514328003	0.016323111951351166	0.016423890367150307	0.003927238751202822	0.0031589942518621683	0.00493206549435854	0.0034500244073569775	0.0014122191350907087	0.00399304972961545	0.0028112006839364767
385	pride	../final/models/models_2nd_run/model3_35	../final/models/models_2nd_run/model3_35	joy	0.6030383706092834	0.6030383706092834	0.08068621158599854	0.2566435635089874	0.019449390470981598	0.0157482847571373	0.003905637189745903	0.002961242338642478	0.004934498108923435	0.0036558127030730247	0.0015785973519086838	0.0043074688874185085	0.003090814221650362
805	sadness	../final/models/models_2nd_run/model3_35	../final/models/models_2nd_run/model3_35	sadness	0.9567838311195374	0.005602394230663776	0.0011509379837661982	0.0061214086599648	0.00215765368193388	0.0007357592112384737	0.9567838311195374	0.009020962752401829	0.0023416809272021055	0.006403912790119648	0.00232416158542037	0.003015768015757203	0.004341538064181805
343	excitement	../final/models/models_2nd_run/model3_35	../final/models/models_2nd_run/model3_35	excitement	0.5461099743843079	0.1784040927886963	0.5461099743843079	0.08247262984514236	0.04253903776407242	0.13288366794586182	0.001968611730262637	0.004677189514040947	0.0031830023508518934	0.0021982109174132347	0.0020296787843108177	0.002190392930060625	0.001343430601991713
769	joy	../final/models/models_2nd_run/model3_35	../final/models/models_2nd_run/model3_35	neutral	0.7737264037132263	0.09908727556467056	0.031178096309304237	0.7737264037132263	0.02134525217115879	0.02506963163614273	0.005049447529017925	0.010539943352341652	0.007673077285289764	0.008267244324088097	0.00335536221973598	0.007728089112788439	0.00698013324290514
130	neutral	../final/models/models_2nd_run/model3_35	../final/models/models_2nd_run/model3_35	neutral	0.635926365852356	0.25616031885147095	0.035530563443899155	0.635926365852356	0.01672074757516384	0.019930392503738403	0.004512354731559753	0.007874179631471634	0.0050583709962666035	0.006440725643187761	0.0019140260992571712	0.0057823252864181995	0.004149684216827154
871	joy	../final/models/models_2nd_run/model3_35	../final/models/models_2nd_run/model3_35	joy	0.450766384601593	0.450766384601593	0.2740464508533478	0.1685767024755478	0.05925481766462326	0.023231469094753265	0.003751870710402727	0.002220130292698741	0.005732087884098291	0.0027005651500076056	0.002471653977409005	0.0036792466416954994	0.0035687326453626156
1123	neutral	../final/models/models_2nd_run/model3_35	../final/models/models_2nd_run/model3_35	neutral	0.5697354674339294	0.280026912689209	0.05517071858048439	0.5697354674339294	0.03429862856864929	0.014329557307064533	0.00737515464425087	0.0078098890371620655	0.00803405698388815	0.007216807454824448	0.0024829718749970198	0.007517246529459953	0.006002572365105152
87	joy	../final/models/models_2nd_run/model3_35	../final/models/models_2nd_run/model3_35	joy	0.44356569647789	0.44356569647789	0.06668424606323242	0.3421696126461029	0.017251675948500633	0.09555113315582275	0.007269113324582577	0.010214683599770069	0.0037297094240784645	0.004342937842011452	0.002636655932292342	0.004087348002940416	0.0024970618542283773
330	excitement	../final/models/models_2nd_run/model3_35	../final/models/models_2nd_run/model3_35	excitement	0.43966302275657654	0.3533967435359955	0.43966302275657654	0.12097020447254181	0.03886514902114868	0.02904333733022213	0.002475596033036709	0.002743741497397423	0.0042043328285217285	0.00230776215903461	0.001629981561563909	0.002771195722743869	0.0019290122436359525
1238	confusion	../final/models/models_2nd_run/model3_35	../final/models/models_2nd_run/model3_35	joy	0.5442618727684021	0.5442618727684021	0.1420021802186966	0.2367294430732727	0.030701154842972755	0.02547510154545307	0.0031799243297427893	0.0031108874827623367	0.004767733160406351	0.0028227916918694973	0.001723672728985548	0.0026728278025984764	0.0025524364318698645
466	surprise	../final/models/models_2nd_run/model3_35	../final/models/models_2nd_run/model3_35	neutral	0.7311960458755493	0.09522607922554016	0.015670446678996086	0.7311960458755493	0.042330410331487656	0.009359661489725113	0.012408905662596226	0.012926172465085983	0.04082844778895378	0.012365409173071384	0.005715136416256428	0.0078107379376888275	0.014162558130919933
121	sadness	../final/models/models_2nd_run/model3_35	../final/models/models_2nd_run/model3_35	nervousness	0.4197889268398285	0.020655736327171326	0.008853182196617126	0.06677145510911942	0.012033984996378422	0.010880672372877598	0.1604662537574768	0.4197889268398285	0.030781667679548264	0.1283239871263504	0.053255196660757065	0.031028803437948227	0.05716025456786156
1044	neutral	../final/models/models_2nd_run/model3_35	../final/models/models_2nd_run/model3_35	neutral	0.785841166973114	0.07740149646997452	0.024732345715165138	0.785841166973114	0.019422153010964394	0.02453616075217724	0.007529580499976873	0.020763231441378593	0.00921058189123869	0.012936974875628948	0.003938980866223574	0.006911514792591333	0.0067757912911474705
1095	pride	../final/models/models_2nd_run/model3_35	../final/models/models_2nd_run/model3_35	pride	0.7427784204483032	0.051656607538461685	0.0851363092660904	0.060128625482320786	0.01567675545811653	0.7427784204483032	0.0024765452835708857	0.022475000470876694	0.005177551880478859	0.004374104086309671	0.005783464293926954	0.002891488140448928	0.0014451470924541354
1130	neutral	../final/models/models_2nd_run/model3_35	../final/models/models_2nd_run/model3_35	joy	0.41209059953689575	0.41209059953689575	0.3615081012248993	0.14242397248744965	0.03614925220608711	0.028332829475402832	0.0028894220013171434	0.0026472178287804127	0.004244555719196796	0.0026099546812474728	0.001721339300274849	0.003042152849957347	0.0023406685795634985
860	excitement	../final/models/models_2nd_run/model3_35	../final/models/models_2nd_run/model3_35	pride	0.8823014497756958	0.016740530729293823	0.04639161750674248	0.012078238651156425	0.006225051358342171	0.8823014497756958	0.0017079828539863229	0.017665134742856026	0.002828258788213134	0.00294447410851717	0.007344156503677368	0.0024944317992776632	0.0012787168379873037
1126	neutral	../final/models/models_2nd_run/model3_35	../final/models/models_2nd_run/model3_35	neutral	0.49643442034721375	0.24941317737102509	0.06183904409408569	0.49643442034721375	0.03410807624459267	0.10629567503929138	0.01505495235323906	0.013435914181172848	0.00450400123372674	0.006029494572430849	0.003383253002539277	0.006180452648550272	0.003321496769785881
